model,rmse,mae,r2
xgboost,21.223231453638455,4.447433523757727,0.20170783911872658
random_forest,21.572023671625477,4.519192520992481,0.17525323601010834
power_law_3_4,21.72025916055978,4.540617242242128,0.16387954249859304
