model,rmse,mae,r2
random_forest,2.4012167379241816,0.5854991918967676,0.9721945670839516
xgboost,2.5024228719970902,0.6038903526353926,0.9698012936642506
