model,rmse,mae,r2
xgboost,1.9982332296716396,0.5393452899679618,0.9807443008981198
random_forest,2.4816216086162757,0.6348273485254008,0.9703012574636739
