model,rmse,mae,r2
random_forest,2.4012167379241807,0.5854991918967674,0.9721945670839516
xgboost,2.5024228719970902,0.6038903526353926,0.9698012936642506
power_law_3_4,12.694570660978494,2.9458155769418712,0.2228533632162626
