model,rmse,mae,r2
random_forest,2.4006304817430593,0.5852078927499021,0.9722081427988829
xgboost,2.9995694933520554,0.6965204094761994,0.9566104852408964
