taxon_name,PC1,PC2,PC3,PC4,PC5
Squalus acanthias,-2756.0476507788853,216.10347744287762,-1994.1446024056104,-588.5221026917169,179.22835837141517
Chiloscyllium plagiosum,-2756.0476507787007,216.10347744283436,-1994.1446024057614,-588.5221026920112,179.22835837143222
Scyliorhinus canicula,-2756.047650778883,216.10347744260994,-1994.144602405614,-588.5221026916923,179.22835837153033
Lepidogalaxias salamandroides,-2756.0476507788835,216.1034774430857,-1994.1446024055758,-588.5221026916943,179.22835837145826
Pseudobathylagus milleri,-2756.047650778883,216.10347744340885,-1994.144602405467,-588.5221026922189,179.2283583715086
Bathylagus antarcticus,-2756.0476507788835,216.1034774428846,-1994.1446024056038,-588.5221026917488,179.22835837132322
Leuroglossus stilbius,-2756.0476507788835,216.10347744287677,-1994.1446024056086,-588.5221026917211,179.22835837153607
Bathylagoides wesethi,-2756.0476507788835,216.10347744287702,-1994.144602405609,-588.5221026917229,179.22835837142162
Lipolagus ochotensis,-2756.0476507788835,216.10347744287705,-1994.1446024056086,-588.522102691723,179.2283583714182
Esox lucius,-2756.0476507788835,216.10347744287705,-1994.1446024056086,-588.522102691723,179.22835837141838
Esox masquinongy,-2756.047650778884,216.10347744287705,-1994.1446024056086,-588.522102691723,179.22835837141835
Oncorhynchus mykiss,-2756.047650778884,216.10347744287705,-1994.1446024056083,-588.522102691723,179.2283583714183
Oncorhynchus tshawytscha,-2756.047650778884,216.10347744287705,-1994.1446024056083,-588.5221026917229,179.2283583714183
Oncorhynchus nerka,-2756.047650778884,216.10347744287705,-1994.1446024056083,-588.522102691723,179.2283583714183
Salvelinus namaycush,-2756.047650778884,216.10347744287705,-1994.1446024056083,-588.522102691723,179.2283583714183
Salvelinus alpinus,-2756.047650778884,216.10347744287705,-1994.1446024056083,-588.522102691723,179.2283583714183
Salvelinus fontinalis,-2756.047650778884,216.10347744287705,-1994.1446024056083,-588.522102691723,179.2283583714183
Salmo salar,-2756.047650778884,216.10347744287705,-1994.1446024056083,-588.522102691723,179.2283583714183
Thymallus arcticus,-2756.047650778884,216.10347744287705,-1994.1446024056083,-588.522102691723,179.2283583714183
Coregonus sardinella,-2756.047650778884,216.10347744287705,-1994.1446024056083,-588.522102691723,179.2283583714183
Coregonus autumnalis,-2756.047650778884,216.10347744287705,-1994.1446024056083,-588.522102691723,179.2283583714183
Carapus homei,-2756.047650778884,216.10347744287705,-1994.1446024056083,-588.522102691723,179.2283583714183
Lutjanus campechanus,-2756.047650778884,216.10347744287705,-1994.1446024056083,-588.522102691723,179.2283583714183
Pomadasys commersonnii,-2756.047650778884,216.10347744287705,-1994.1446024056083,-588.522102691723,179.2283583714183
Sparus aurata,-2756.047650778884,216.10347744287705,-1994.1446024056083,-588.522102691723,179.2283583714183
Diplodus sargus,-2756.047650778884,216.10347744287705,-1994.1446024056083,-588.522102691723,179.2283583714183
Acanthopagrus schlegelii,-2756.047650778884,216.10347744287705,-1994.1446024056083,-588.522102691723,179.2283583714183
Lagodon rhomboides,-2756.047650778884,216.10347744287705,-1994.1446024056083,-588.522102691723,179.2283583714183
Balistes capriscus,-2756.047650778884,216.10347744287705,-1994.1446024056083,-588.522102691723,179.2283583714183
Melanocetus johnsonii,-2756.047650778884,216.10347744287705,-1994.1446024056083,-588.522102691723,179.2283583714183
Oneirodes acanthias,-2756.047650778884,216.10347744287705,-1994.1446024056083,-588.522102691723,179.2283583714183
Leiostomus xanthurus,-2756.047650778884,216.10347744287705,-1994.1446024056083,-588.522102691723,179.2283583714183
Tautogolabrus adspersus,-2756.047650778884,216.10347744287705,-1994.1446024056083,-588.522102691723,179.2283583714183
Labrus bergylta,-2756.047650778884,216.10347744287705,-1994.1446024056083,-588.522102691723,179.2283583714183
Kuhlia sandvicensis,-2756.047650778884,216.10347744287705,-1994.1446024056083,-588.522102691723,179.2283583714183
Girella nigricans,-2756.047650778884,216.10347744287705,-1994.1446024056083,-588.522102691723,179.2283583714183
Micropterus salmoides,-2756.047650778884,216.10347744287705,-1994.1446024056083,-588.522102691723,179.2283583714183
Lepomis gibbosus,-2756.047650778884,216.10347744287705,-1994.1446024056083,-588.522102691723,179.2283583714183
Lepomis macrochirus,-2756.047650778884,216.10347744287705,-1994.1446024056083,-588.522102691723,179.2283583714183
Lepomis cyanellus,-2756.047650778884,216.10347744287705,-1994.1446024056083,-588.522102691723,179.2283583714183
Pomoxis annularis,-2756.047650778884,216.10347744287705,-1994.1446024056083,-588.522102691723,179.2283583714183
Etheostoma blennioides,-2756.047650778884,216.10347744287705,-1994.1446024056083,-588.522102691723,179.2283583714183
Sander vitreus,-2756.047650778884,216.10347744287705,-1994.1446024056083,-588.522102691723,179.2283583714183
Sander lucioperca,-2756.047650778884,216.10347744287705,-1994.1446024056083,-588.522102691723,179.2283583714183
Perca fluviatilis,-2756.047650778884,216.10347744287705,-1994.1446024056083,-588.522102691723,179.2283583714183
Sebastolobus altivelis,-2756.047650778884,216.10347744287705,-1994.1446024056083,-588.522102691723,179.2283583714183
Sebastes diploproa,-2756.047650778884,216.10347744287705,-1994.1446024056083,-588.522102691723,179.2283583714183
Scorpaena porcus,-2756.047650778884,216.10347744287705,-1994.1446024056083,-588.522102691723,179.2283583714183
Ophiodon elongatus,-2756.047650778884,216.10347744287705,-1994.1446024056083,-588.522102691723,179.2283583714183
Cottus gobio,-2756.047650778884,216.10347744287705,-1994.1446024056083,-588.522102691723,179.2283583714183
Clinocottus analis,-2756.047650778884,216.10347744287705,-1994.1446024056083,-588.522102691723,179.2283583714183
Myoxocephalus octodecemspinosus,-2756.047650778884,216.10347744287705,-1994.1446024056083,-588.522102691723,179.2283583714183
Myoxocephalus scorpius,-2756.047650778884,216.10347744287705,-1994.1446024056083,-588.522102691723,179.2283583714183
Gasterosteus aculeatus,-2756.047650778884,216.10347744287705,-1994.1446024056083,-588.522102691723,179.2283583714183
Spinachia spinachia,-2756.047650778884,216.10347744287705,-1994.1446024056083,-588.522102691723,179.2283583714183
Melanostigma pammelas,-2756.047650778884,216.10347744287705,-1994.1446024056083,-588.522102691723,179.2283583714183
Melanostigma gelatinosum,-2756.047650778884,216.10347744287705,-1994.1446024056083,-588.522102691723,179.2283583714183
Lycodichthys dearborni,-2756.047650778884,216.10347744287705,-1994.1446024056083,-588.522102691723,179.2283583714183
Zoarces viviparus,-2756.047650778884,216.10347744287705,-1994.1446024056083,-588.522102691723,179.2283583714183
Anarhichas minor,-2756.047650778884,216.10347744287705,-1994.1446024056083,-588.522102691723,179.2283583714183
Pagothenia borchgrevinki,-2756.047650778884,216.10347744287705,-1994.1446024056083,-588.522102691723,179.2283583714183
Trematomus bernacchii,-2756.047650778884,216.10347744287705,-1994.1446024056083,-588.522102691723,179.2283583714183
Trematomus hansoni,-2756.047650778884,216.10347744287705,-1994.1446024056083,-588.522102691723,179.2283583714183
Trematomus pennellii,-2756.047650778884,216.10347744287705,-1994.1446024056083,-588.522102691723,179.2283583714183
Gobionotothen gibberifrons,-2756.047650778884,216.10347744287705,-1994.1446024056083,-588.522102691723,179.2283583714183
Pseudochaenichthys georgianus,-2756.047650778884,216.10347744287705,-1994.1446024056083,-588.522102691723,179.2283583714183
Pagetopsis macropterus,-2756.047650778884,216.10347744287705,-1994.1446024056083,-588.522102691723,179.2283583714183
Channichthys rhinoceratus,-2756.047650778884,216.10347744287705,-1994.1446024056083,-588.522102691723,179.2283583714183
Chaenocephalus aceratus,-2756.047650778884,216.10347744287705,-1994.1446024056083,-588.522102691723,179.2283583714183
Gymnodraco acuticeps,-2756.047650778884,216.10347744287705,-1994.1446024056083,-588.522102691723,179.2283583714183
Harpagifer georgianus,-2756.047650778884,216.10347744287705,-1994.1446024056083,-588.522102691723,179.2283583714183
Paranotothenia magellanica,-2756.047650778884,216.10347744287705,-1994.1446024056083,-588.522102691723,179.2283583714183
Notothenia coriiceps,-2756.047650778884,216.10347744287705,-1994.1446024056083,-588.522102691723,179.2283583714183
Notothenia rossii,-2756.047650778884,216.10347744287705,-1994.1446024056083,-588.522102691723,179.2283583714183
Serranus scriba,-2756.047650778884,216.10347744287705,-1994.1446024056083,-588.522102691723,179.2283583714183
Centropristis striata,-2756.047650778884,216.10347744287705,-1994.1446024056083,-588.522102691723,179.2283583714183
Epinephelus akaara,-2756.047650778884,216.10347744287705,-1994.1446024056083,-588.522102691723,179.2283583714183
Echiichthys vipera,-2756.047650778884,216.10347744287705,-1994.1446024056083,-588.522102691723,179.2283583714183
Channa marulius,-2756.047650778884,216.10347744287705,-1994.1446024056083,-588.522102691723,179.2283583714183
Channa striata,-2756.047650778884,216.10347744287705,-1994.1446024056083,-588.522102691723,179.2283583714183
Channa punctata,-2756.047650778884,216.10347744287705,-1994.1446024056083,-588.522102691723,179.2283583714183
Channa orientalis,-2756.047650778884,216.10347744287705,-1994.1446024056083,-588.522102691723,179.2283583714183
Osphronemus goramy,-2756.047650778884,216.10347744287705,-1994.1446024056083,-588.522102691723,179.2283583714183
Trichopodus leerii,-2756.047650778884,216.10347744287705,-1994.1446024056083,-588.522102691723,179.2283583714183
Anabas testudineus,-2756.047650778884,216.10347744287705,-1994.1446024056083,-588.522102691723,179.2283583714183
Macrognathus aculeatus,-2756.047650778884,216.10347744287705,-1994.1446024056083,-588.522102691723,179.2283583714183
Synbranchus marmoratus,-2756.047650778884,216.10347744287705,-1994.1446024056083,-588.522102691723,179.2283583714183
Hippoglossoides platessoides,-2756.047650778884,216.10347744287705,-1994.1446024056083,-588.522102691723,179.2283583714183
Limanda limanda,-2756.047650778884,216.10347744287705,-1994.1446024056083,-588.522102691723,179.2283583714183
Parophrys vetulus,-2756.047650778884,216.10347744287705,-1994.1446024056083,-588.522102691723,179.2283583714183
Platichthys flesus,-2756.047650778884,216.10347744287705,-1994.1446024056083,-588.522102691723,179.2283583714183
Platichthys stellatus,-2756.047650778884,216.10347744287705,-1994.1446024056083,-588.522102691723,179.2283583714183
Pleuronectes platessa,-2756.047650778884,216.10347744287705,-1994.1446024056083,-588.522102691723,179.2283583714183
Pseudopleuronectes americanus,-2756.047650778884,216.10347744287705,-1994.1446024056083,-588.522102691723,179.2283583714183
Microstomus kitt,-2756.047650778884,216.10347744287705,-1994.1446024056083,-588.522102691723,179.2283583714183
Citharichthys stigmaeus,-2756.047650778884,216.10347744287705,-1994.1446024056083,-588.522102691723,179.2283583714183
Scophthalmus maximus,-2756.047650778884,216.10347744287705,-1994.1446024056083,-588.522102691723,179.2283583714183
Scophthalmus rhombus,-2756.047650778884,216.10347744287705,-1994.1446024056083,-588.522102691723,179.2283583714183
Solea solea,-2756.047650778884,216.10347744287705,-1994.1446024056083,-588.522102691723,179.2283583714183
Caranx hippos,-2756.047650778884,216.10347744287705,-1994.1446024056083,-588.522102691723,179.2283583714183
Seriola quinqueradiata,-3649.0699176841617,8221.372203174908,5841.226629477732,478.66236174405964,1934.1702622999535
Naucrates ductor,-3649.0699176841676,8221.372203174906,5841.2266294777255,478.66236174405805,1934.1702622999542
Coryphaena equiselis,-3649.0699176841845,8221.372203174904,5841.226629477759,478.66236174407,1934.1702622999508
Coryphaena hippurus,-3649.0699176841617,8221.372203174908,5841.226629477732,478.66236174405964,1934.1702622999535
Cichlasoma bimaculatum,-3649.0699176841617,8221.372203174871,5841.226629477728,478.6623617440456,1934.1702622999453
Thorichthys meeki,-3649.0699176841617,8221.372203174924,5841.2266294777355,478.6623617440443,1934.170262299951
Pterophyllum scalare,-3649.0699176841617,8221.372203174908,5841.226629477732,478.66236174405964,1934.1702622999535
Coptodon zillii,-3649.0699176841617,8221.372203174908,5841.226629477732,478.66236174405964,1934.1702622999535
Oreochromis mossambicus,-3649.0699176841617,8221.372203174908,5841.226629477732,478.66236174405964,1934.1702622999535
Oreochromis aureus,-3649.0699176841617,8221.372203174908,5841.226629477732,478.66236174405964,1934.1702622999535
Sarotherodon galilaeus,-3649.0699176841617,8221.372203174908,5841.226629477732,478.66236174405964,1934.1702622999535
Oreochromis niloticus,-3649.0699176841617,8221.372203174908,5841.226629477732,478.66236174405964,1934.1702622999535
Hemichromis bimaculatus,-3649.0699176841617,8221.372203174908,5841.226629477732,478.66236174405964,1934.1702622999535
Rhadinocentrus ornatus,-3649.0699176841617,8221.372203174908,5841.226629477732,478.66236174405964,1934.1702622999535
Oryzias latipes,-3649.0699176841617,8221.372203174908,5841.226629477732,478.66236174405964,1934.1702622999535
Cyprinodon variegatus,-3649.0699176841617,8221.372203174908,5841.226629477732,478.66236174405964,1934.1702622999535
Fundulus similis,-3649.0699176841617,8221.372203174908,5841.226629477732,478.66236174405964,1934.1702622999535
Fundulus heteroclitus,-3649.0699176841617,8221.372203174908,5841.226629477732,478.66236174405964,1934.1702622999535
Fundulus grandis,-3649.0699176841617,8221.372203174908,5841.226629477732,478.66236174405964,1934.1702622999535
Fundulus parvipinnis,-3649.0699176841617,8221.372203174908,5841.226629477732,478.66236174405964,1934.1702622999535
Xiphophorus hellerii,-3649.0699176841617,8221.372203174908,5841.226629477732,478.66236174405964,1934.1702622999535
Gambusia affinis,-3649.0699176841617,8221.372203174908,5841.226629477732,478.66236174405964,1934.1702622999535
Gambusia holbrooki,-3649.0699176841617,8221.372203174908,5841.226629477732,478.66236174405964,1934.1702622999535
Poecilia latipinna,-3649.0699176841617,8221.372203174908,5841.226629477732,478.66236174405964,1934.1702622999535
Aphanius dispar,-3649.0699176841617,8221.372203174908,5841.226629477732,478.66236174405964,1934.1702622999535
Lipophrys pholis,-3649.0699176841617,8221.372203174908,5841.226629477732,478.66236174405964,1934.1702622999535
Chromis chromis,-3649.0699176841617,8221.372203174908,5841.226629477732,478.66236174405964,1934.1702622999535
Mugil curema,-3649.0699176841617,8221.372203174908,5841.226629477732,478.66236174405964,1934.1702622999535
Mugil cephalus,-3649.0699176841617,8221.372203174908,5841.226629477732,478.66236174405964,1934.1702622999535
Embiotoca lateralis,-3649.0699176841617,8221.372203174908,5841.226629477732,478.66236174405964,1934.1702622999535
Ambassis interrupta,-3649.0699176841617,8221.372203174908,5841.226629477732,478.66236174405964,1934.1702622999535
Gobius paganellus,-3649.0699176841617,8221.372203174908,5841.226629477732,478.66236174405964,1934.1702622999535
Rhinogobiops nicholsii,-3649.0699176841617,8221.372203174908,5841.226629477732,478.66236174405964,1934.1702622999535
Oligolepis acutipennis,-3649.0699176841617,8221.372203174908,5841.226629477732,478.66236174405964,1934.1702622999535
Glossogobius giuris,-3649.0699176841617,8221.372203174908,5841.226629477732,478.66236174405964,1934.1702622999535
Gillichthys mirabilis,-3649.0699176841617,8221.372203174908,5841.226629477732,478.66236174405964,1934.1702622999535
Typhlogobius californiensis,-3649.0699176841617,8221.372203174908,5841.226629477732,478.66236174405964,1934.1702622999535
Sarda chiliensis,-3649.0699176841617,8221.372203174908,5841.226629477732,478.66236174405964,1934.1702622999535
Katsuwonus pelamis,-3649.0699176841617,8221.372203174908,5841.226629477732,478.66236174405964,1934.1702622999535
Euthynnus affinis,-3649.0699176841617,8221.372203174908,5841.226629477732,478.66236174405964,1934.1702622999535
Chiasmodon niger,-3649.0699176841617,8221.372203174908,5841.226629477732,478.66236174405964,1934.1702622999535
Cubiceps whiteleggii,-3649.0699176841617,8221.372203174908,5841.226629477732,478.66236174405964,1934.1702622999535
Callionymus lyra,-3649.0699176841617,8221.372203174908,5841.226629477732,478.66236174405964,1934.1702622999535
Dactylopterus volitans,-3649.0699176841617,8221.372203174908,5841.226629477732,478.66236174405964,1934.1702622999535
Syngnathus acus,-3649.0699176841617,8221.372203174908,5841.226629477732,478.66236174405964,1934.1702622999535
Hippocampus hippocampus,-3649.0699176841617,8221.372203174908,5841.226629477732,478.66236174405964,1934.1702622999535
Opsanus tau,-3649.0699176841617,8221.372203174908,5841.226629477732,478.66236174405964,1934.1702622999535
Poromitra crassiceps,-3649.0699176841617,8221.372203174908,5841.226629477732,478.66236174405964,1934.1702622999535
Melamphaes acanthomus,-3649.0699176841617,8221.372203174908,5841.226629477732,478.66236174405964,1934.1702622999535
Scopelogadus mizolepis,-3649.0699176841617,8221.372203174908,5841.226629477732,478.66236174405964,1934.1702622999535
Anoplogaster cornuta,-3649.0699176841617,8221.372203174908,5841.226629477732,478.66236174405964,1934.1702622999535
Coryphaenoides armatus,-3649.0699176841617,8221.372203174908,5841.226629477732,478.66236174405964,1934.1702622999535
Melanogrammus aeglefinus,-3649.0699176841617,8221.372203174908,5841.226629477732,478.66236174405964,1934.1702622999535
Boreogadus saida,-3649.0699176841617,8221.372203174908,5841.226629477732,478.66236174405964,1934.1702622999535
Gadus morhua,-3649.0699176841617,8221.372203174908,5841.226629477732,478.66236174405964,1934.1702622999535
Gadus chalcogrammus,-3649.0699176841617,8221.372203174908,5841.226629477732,478.66236174405964,1934.1702622999535
Gadus ogac,-3649.0699176841617,8221.372203174908,5841.226629477732,478.66236174405964,1934.1702622999535
Pollachius pollachius,-3649.0699176841617,8221.372203174908,5841.226629477732,478.66236174405964,1934.1702622999535
Lota lota,-3649.0699176841617,8221.372203174908,5841.226629477732,478.66236174405964,1934.1702622999535
Melanonus zugmayeri,-3649.0699176841617,8221.372203174908,5841.226629477732,478.66236174405964,1934.1702622999535
Nannobrachium regale,-3649.0699176841617,8221.372203174908,5841.226629477732,478.66236174405964,1934.1702622999535
Nannobrachium ritteri,-3649.0699176841617,8221.372203174908,5841.226629477732,478.66236174405964,1934.1702622999535
Parvilux ingens,-3649.0699176841617,8221.372203174908,5841.226629477732,478.66236174405964,1934.1702622999535
Stenobrachius leucopsarus,-3649.0699176841617,8221.372203174908,5841.226629477732,478.66236174405964,1934.1702622999535
Triphoturus mexicanus,-3649.0699176841617,8221.372203174908,5841.226629477732,478.66236174405964,1934.1702622999535
Tarletonbeania crenularis,-3649.0699176841617,8221.372203174908,5841.226629477732,478.66236174405964,1934.1702622999535
Symbolophorus californiensis,-3649.0699176841617,8221.372203174908,5841.226629477732,478.66236174405964,1934.1702622999535
Electrona antarctica,-3649.0699176841617,8221.372203174908,5841.226629477732,478.66236174405964,1934.1702622999535
Gymnoscopelus braueri,-3649.0699176841617,8221.372203174908,5841.226629477732,478.66236174405964,1934.1702622999535
Gymnoscopelus opisthopterus,-3649.0699176841617,8221.372203174908,5841.226629477732,478.66236174405964,1934.1702622999535
Diaphus theta,-3649.0699176841617,8221.372203174908,5841.226629477732,478.66236174405964,1934.1702622999535
Scopelengys tristis,-3649.0699176841617,8221.372203174908,5841.226629477732,478.66236174405964,1934.1702622999535
Benthalbella elongata,-3649.0699176841617,8221.372203174908,5841.226629477732,478.66236174405964,1934.1702622999535
Plecoglossus altivelis,-3649.0699176841617,8221.372203174908,5841.226629477732,478.66236174405964,1934.1702622999535
Borostomias panamensis,-3649.0699176841617,8221.372203174908,5841.226629477732,478.66236174405964,1934.1702622999535
Stomias atriventer,-3649.0699176841617,8221.372203174908,5841.226629477732,478.66236174405964,1934.1702622999535
Cyclothone microdon,-3649.0699176841617,8221.372203174908,5841.226629477732,478.66236174405964,1934.1702622999535
Cyclothone acclinidens,-3649.0699176841617,8221.372203174908,5841.226629477732,478.66236174405964,1934.1702622999535
Ictalurus punctatus,-3643.0518952291172,8160.7371531740955,5777.252841030514,466.7322415737173,1795.1630414385625
Ameiurus melas,-3643.0518952291172,8160.7371531740955,5777.252841030514,466.7322415737173,1795.1630414385625
Ameiurus nebulosus,-3643.0518952291172,8160.7371531740955,5777.252841030514,466.7322415737173,1795.1630414385625
Ameiurus natalis,-3643.0518952291172,8160.7371531740955,5777.252841030514,466.7322415737173,1795.1630414385625
Heteropneustes fossilis,-3643.0518952291172,8160.7371531740955,5777.252841030514,466.7322415737173,1795.1630414385625
Clarias batrachus,-3643.0518952291172,8160.7371531740955,5777.252841030514,466.7322415737173,1795.1630414385625
Mystus vittatus,-3643.0518952291172,8160.7371531740955,5777.252841030514,466.7322415737173,1795.1630414385625
Mystus cavasius,-3643.0518952291172,8160.7371531740955,5777.252841030514,466.7322415737173,1795.1630414385625
Exodon paradoxus,-3643.0518952291172,8160.7371531740955,5777.252841030514,466.7322415737173,1795.1630414385625
Colossoma macropomum,-3643.0518952291172,8160.7371531740955,5777.252841030514,466.7322415737173,1795.1630414385625
Leporinus fasciatus,-3643.0518952291172,8160.7371531740955,5777.252841030514,466.7322415737173,1795.1630414385625
Hoplerythrinus unitaeniatus,-3643.0518952291172,8160.7371531740955,5777.252841030514,466.7322415737173,1795.1630414385625
Misgurnus fossilis,-3640.0693472450803,8130.684182658058,5745.543696853202,460.8179755894458,1726.2116509240366
Lepidocephalichthys guntea,-3640.0693472450803,8130.684182658058,5745.543696853202,460.8179755894458,1726.2116509240366
Erimyzon oblongus,-3640.0693472450803,8130.684182658058,5745.543696853202,460.8179755894458,1726.2116509240366
Catostomus tahoensis,-3640.0693472450803,8130.684182658058,5745.543696853202,460.8179755894458,1726.2116509240366
Catostomus commersonii,-3640.0693472450803,8130.684182658058,5745.543696853202,460.8179755894458,1726.2116509240366
Carassius auratus,-3637.01583887237,8099.9161555794,5713.08006386565,454.76296588698006,1655.6186343081702
Carassius carassius,-3637.01583887237,8099.9161555794,5713.08006386565,454.76296588698006,1655.6186343081702
Cyprinus carpio,-3637.01583887237,8099.9161555794,5713.08006386565,454.76296588698006,1655.6186343081702
Rhodeus amarus,-3636.6041052414403,8095.767383942019,5708.702639393179,453.9464908930054,1646.0991846535785
Rhodeus sericeus,-3636.6041052414403,8095.767383942019,5708.702639393179,453.9464908930054,1646.0991846535785
Tinca tinca,-3373.757546678929,5449.495628100146,2918.0786935949145,-65.46878555213755,-4366.756910074552
Pimephales promelas,-3373.757546678929,5449.495628100146,2918.0786935949145,-65.46878555213755,-4366.756910074552
Campostoma anomalum,-3373.757546678927,5449.495628100146,2918.078693594916,-65.468785552137,-4366.756910074552
Orthodon microlepidotus,-3373.757546678914,5449.495628100148,2918.078693594897,-65.46878555214364,-4366.75691007455
Rutilus rutilus,-3373.757546678929,5449.495628100144,2918.0786935949163,-65.46878555214181,-4366.7569100745495
Leucaspius delineatus,-3373.757546678929,5449.495628100138,2918.078693594914,-65.4687855521415,-4366.756910074555
Alburnus alburnus,-3373.757546678929,5449.495628100146,2918.0786935949145,-65.46878555213755,-4366.756910074552
Scardinius erythrophthalmus,-3373.757546678929,5449.495628100146,2918.0786935949145,-65.46878555213755,-4366.756910074552
Abramis brama,-3373.757546678929,5449.495628100146,2918.0786935949145,-65.46878555213755,-4366.756910074552
Leuciscus idus,-3373.757546678929,5449.495628100146,2918.0786935949145,-65.46878555213755,-4366.756910074552
Leuciscus leuciscus,-3373.757546678929,5449.495628100146,2918.0786935949145,-65.46878555213755,-4366.756910074552
Gobio gobio,-3373.757546678929,5449.495628100146,2918.0786935949145,-65.46878555213755,-4366.756910074552
Ctenopharyngodon idella,-3373.757546678929,5449.495628100146,2918.0786935949145,-65.46878555213755,-4366.756910074552
Labeo rohita,-3373.757546678929,5449.495628100146,2918.0786935949145,-65.46878555213755,-4366.756910074552
Labeo calbasu,-3373.757546678929,5449.495628100146,2918.0786935949145,-65.46878555213755,-4366.756910074552
Cirrhinus cirrhosus,-3373.757546678929,5449.495628100146,2918.0786935949145,-65.46878555213755,-4366.756910074552
Labeobarbus aeneus,-3373.757546678929,5449.495628100146,2918.0786935949145,-65.46878555213755,-4366.756910074552
Chanos chanos,-3373.757546678929,5449.495628100146,2918.0786935949145,-65.46878555213755,-4366.756910074552
Sagamichthys abei,-3373.757546678929,5449.495628100146,2918.0786935949145,-65.46878555213755,-4366.756910074552
Bajacalifornia burragei,-3373.757546678929,5449.495628100146,2918.0786935949145,-65.46878555213755,-4366.756910074552
Brevoortia tyrannus,-3373.757546678929,5449.495628100146,2918.0786935949145,-65.46878555213755,-4366.756910074552
Dorosoma cepedianum,-3373.757546678929,5449.495628100146,2918.0786935949145,-65.46878555213755,-4366.756910074552
Engraulis japonicus,-3373.757546678929,5449.495628100146,2918.0786935949145,-65.46878555213755,-4366.756910074552
Gilchristella aestuaria,-3373.757546678929,5449.495628100146,2918.0786935949145,-65.46878555213755,-4366.756910074552
Anguilla australis,-3373.7662003770024,5449.568944386453,2918.1475105226755,-65.46145792874299,-4366.820596255119
Anguilla rostrata,-3373.757546678929,5449.495628100146,2918.0786935949145,-65.46878555213755,-4366.756910074552
Anguilla anguilla,-3373.757546678929,5449.495628100146,2918.0786935949145,-65.46878555213755,-4366.756910074552
Anguilla japonica,-3373.757546678929,5449.495628100146,2918.0786935949145,-65.46878555213755,-4366.756910074552
Conger conger,-3373.757546678929,5449.495628100146,2918.0786935949145,-65.46878555213755,-4366.756910074552
Petrocephalus catostoma,-3373.757546678929,5449.495628100146,2918.0786935949145,-65.46878555213755,-4366.756910074552
Gnathonemus petersii,-3373.757546678929,5449.495628100146,2918.0786935949145,-65.46878555213755,-4366.756910074552
Arapaima gigas,-3373.757546678929,5449.495628100146,2918.0786935949145,-65.46878555213755,-4366.756910074552
Boulengerula taitana,-3237.347321284678,4291.440283590975,1829.4664312601678,-182.44111769332528,-3387.27595535953
Geotrypetes seraphini,-3237.347321284678,4291.440283590975,1829.4664312601678,-182.44111769332528,-3387.27595535953
Typhlonectes compressicauda,-3237.347321284678,4291.440283590975,1829.4664312601678,-182.44111769332528,-3387.27595535953
Cryptobranchus alleganiensis,-3215.203911008189,4101.758139027008,1649.9899368595748,-202.48466426127536,-3245.8662980361382
Siren intermedia,-3215.2039110081887,4101.758139027008,1649.9899368595743,-202.4846642612764,-3245.8662980361382
Siren lacertina,-3215.2039110081887,4101.758139027008,1649.9899368595743,-202.4846642612764,-3245.8662980361382
Pseudobranchus striatus,-3215.2039110081887,4101.758139027008,1649.9899368595743,-202.4846642612764,-3245.8662980361382
Dicamptodon ensatus,-3215.2039110081887,4101.758139027008,1649.9899368595743,-202.4846642612764,-3245.8662980361382
Ambystoma talpoideum,-3215.2039110081887,4101.758139027008,1649.9899368595743,-202.4846642612764,-3245.8662980361382
Ambystoma mexicanum,-3215.2039110081887,4101.758139027008,1649.9899368595743,-202.4846642612764,-3245.8662980361382
Ambystoma tigrinum,-3215.2039110081887,4101.758139027008,1649.9899368595743,-202.4846642612764,-3245.8662980361382
Ambystoma maculatum,-3215.2039110081887,4101.758139027008,1649.9899368595743,-202.4846642612764,-3245.8662980361382
Ambystoma jeffersonianum,-3215.2039110081887,4101.758139027008,1649.9899368595743,-202.4846642612764,-3245.8662980361382
Ambystoma macrodactylum,-3215.2039110081887,4101.758139027008,1649.9899368595743,-202.4846642612764,-3245.8662980361382
Ambystoma opacum,-3215.2039110081887,4101.758139027008,1649.9899368595743,-202.4846642612764,-3245.8662980361382
Ambystoma gracile,-3215.2039110081887,4101.758139027008,1649.9899368595743,-202.4846642612764,-3245.8662980361382
Salamandra salamandra,-3215.2039110081887,4101.758139027008,1649.9899368595743,-202.4846642612764,-3245.8662980361382
Lissotriton vulgaris,-3215.2039110081887,4101.758139027008,1649.9899368595743,-202.4846642612764,-3245.8662980361382
Triturus cristatus,-3215.2039110081887,4101.758139027008,1649.9899368595743,-202.4846642612764,-3245.8662980361382
Taricha rivularis,-3215.2039110081887,4101.758139027008,1649.9899368595743,-202.4846642612764,-3245.8662980361382
Taricha torosa,-3215.2039110081887,4101.758139027008,1649.9899368595743,-202.4846642612764,-3245.8662980361382
Taricha granulosa,-3215.2039110081887,4101.758139027008,1649.9899368595743,-202.4846642612764,-3245.8662980361382
Notophthalmus viridescens,-3215.2039110081887,4101.758139027008,1649.9899368595743,-202.4846642612764,-3245.8662980361382
Amphiuma tridactylum,-3215.2039110081887,4101.758139027008,1649.9899368595743,-202.4846642612764,-3245.8662980361382
Amphiuma means,-3215.2039110081887,4101.758139027008,1649.9899368595743,-202.4846642612764,-3245.8662980361382
Plethodon glutinosus,-3215.2039110081887,4101.758139027008,1649.9899368595743,-202.4846642612764,-3245.8662980361382
Plethodon jordani,-3215.2039110081887,4101.758139027008,1649.9899368595743,-202.4846642612764,-3245.8662980361382
Plethodon dorsalis,-3215.2039110081887,4101.758139027008,1649.9899368595743,-202.4846642612764,-3245.8662980361382
Plethodon cinereus,-3215.2039110081887,4101.758139027008,1649.9899368595743,-202.4846642612764,-3245.8662980361382
Plethodon neomexicanus,-3215.2039110081887,4101.758139027008,1649.9899368595743,-202.4846642612764,-3245.8662980361382
Desmognathus fuscus,-3215.2039110081887,4101.758139027008,1649.9899368595743,-202.4846642612764,-3245.8662980361382
Desmognathus monticola,-3215.2039110081887,4101.758139027008,1649.9899368595743,-202.4846642612764,-3245.8662980361382
Desmognathus quadramaculatus,-3215.2039110081887,4101.758139027008,1649.9899368595743,-202.4846642612764,-3245.8662980361382
Aneides ferreus,-3215.2039110081887,4101.758139027008,1649.9899368595743,-202.4846642612764,-3245.8662980361382
Aneides flavipunctatus,-3215.2039110081887,4101.758139027008,1649.9899368595743,-202.4846642612764,-3245.8662980361382
Aneides lugubris,-3215.2039110081887,4101.758139027008,1649.9899368595743,-202.4846642612764,-3245.8662980361382
Aneides hardii,-3215.2039110081887,4101.758139027008,1649.9899368595743,-202.4846642612764,-3245.8662980361382
Dendrotriton bromeliacius,-3215.2039110081887,4101.758139027008,1649.9899368595743,-202.4846642612764,-3245.8662980361382
Pseudoeurycea leprosa,-3215.2039110081887,4101.758139027008,1649.9899368595743,-202.4846642612764,-3245.8662980361382
Pseudoeurycea cochranae,-3215.2039110081887,4101.758139027008,1649.9899368595743,-202.4846642612764,-3245.8662980361382
Pseudoeurycea gadovii,-3215.2039110081887,4101.758139027008,1649.9899368595743,-202.4846642612764,-3245.8662980361382
Pseudoeurycea rex,-3215.2039110081887,4101.758139027008,1649.9899368595743,-202.4846642612764,-3245.8662980361382
Pseudoeurycea goebeli,-3215.2039110081887,4101.758139027008,1649.9899368595743,-202.4846642612764,-3245.8662980361382
Pseudoeurycea brunnata,-3215.2039110081887,4101.758139027008,1649.9899368595743,-202.4846642612764,-3245.8662980361382
Aquiloeurycea cephalica,-3215.2039110081887,4101.758139027008,1649.9899368595743,-202.4846642612764,-3245.8662980361382
Bolitoglossa subpalmata,-3215.2039110081887,4101.758139027008,1649.9899368595743,-202.4846642612764,-3245.8662980361382
Bolitoglossa occidentalis,-3215.2039110081887,4101.758139027008,1649.9899368595743,-202.4846642612764,-3245.8662980361382
Bolitoglossa morio,-3215.2039110081887,4101.758139027008,1649.9899368595743,-202.4846642612764,-3245.8662980361382
Bolitoglossa franklini,-3215.2039110081887,4101.758139027008,1649.9899368595743,-202.4846642612764,-3245.8662980361382
Batrachoseps attenuatus,-3215.2039110081887,4101.758139027008,1649.9899368595743,-202.4846642612764,-3245.8662980361382
Pseudotriton ruber,-3215.2039110081887,4101.758139027008,1649.9899368595743,-202.4846642612764,-3245.8662980361382
Gyrinophilus porphyriticus,-3215.2039110081887,4101.758139027008,1649.9899368595743,-202.4846642612764,-3245.8662980361382
Eurycea multiplicata,-3215.2039110081887,4101.758139027008,1649.9899368595743,-202.4846642612764,-3245.8662980361382
Eurycea neotenes,-3215.2039110081887,4101.758139027008,1649.9899368595743,-202.4846642612764,-3245.8662980361382
Eurycea nana,-3215.2039110081887,4101.758139027008,1649.9899368595743,-202.4846642612764,-3245.8662980361382
Eurycea bislineata,-3215.2039110081887,4101.758139027008,1649.9899368595743,-202.4846642612764,-3245.8662980361382
Eurycea longicauda,-3214.6934580123957,4097.433454058876,1645.9306541540614,-202.91689650243848,-3242.10966111885
Rhyacotriton olympicus,-3215.2039110081887,4101.758139027008,1649.9899368595743,-202.4846642612764,-3245.8662980361382
Necturus maculosus,-3215.2039110081887,4101.758139027008,1649.9899368595743,-202.4846642612764,-3245.8662980361382
Scaphiopus couchii,-3137.734153799692,3438.1237863181254,1022.0468077769523,-272.62103930492873,-2751.277833773389
Spea bombifrons,-3137.734153799692,3438.1237863181254,1022.0468077769523,-272.62103930492873,-2751.277833773389
Spea hammondii,-3137.734153799692,3438.1237863181254,1022.0468077769523,-272.62103930492873,-2751.277833773389
Odontophrynus americanus,-3068.2186727054964,2842.1971543172713,457.8837687931853,-335.8067128233876,-2310.1021671445
Telmatobius culeus,-3068.2186727054964,2842.1971543172713,457.8837687931853,-335.8067128233876,-2310.1021671445
Telmatobius marmoratus,-3068.2186727054964,2842.1971543172713,457.8837687931853,-335.8067128233876,-2310.1021671445
Lepidobatrachus llanensis,-3068.2186727054964,2842.1971543172713,457.8837687931853,-335.8067128233876,-2310.1021671445
Ceratophrys calcarata,-3068.2186727054964,2842.1971543172713,457.8837687931853,-335.8067128233876,-2310.1021671445
Mannophryne trinitatis,-3066.86942440488,2830.6218856028345,446.9196866378456,-337.0381740999613,-2301.5920925553037
Dendrobates auratus,-2756.047650778884,216.10347744287705,-1994.1446024056083,-588.522102691723,179.2283583714183
Colostethus inguinalis,-2756.047650778884,216.10347744287705,-1994.1446024056083,-588.522102691723,179.2283583714183
Silverstoneia nubicola,-2756.047650778884,216.10347744287705,-1994.1446024056083,-588.522102691723,179.2283583714183
Rhinella marina,-2756.0476507788844,216.10347744287705,-1994.1446024056083,-588.522102691723,179.2283583714183
Incilius alvarius,-2756.047650778881,216.10347744287736,-1994.144602405612,-588.5221026917241,179.2283583714187
Anaxyrus americanus,-2756.047650778884,216.10347744287682,-1994.1446024056079,-588.5221026917234,179.22835837141855
Anaxyrus woodhousii,-2756.047650778884,216.10347744287705,-1994.1446024056083,-588.522102691723,179.2283583714183
Anaxyrus terrestris,-2756.047650778884,216.10347744287705,-1994.1446024056083,-588.522102691723,179.2283583714183
Anaxyrus debilis,-2756.047650778884,216.10347744287705,-1994.1446024056083,-588.522102691723,179.2283583714183
Anaxyrus cognatus,-2756.047650778884,216.10347744287705,-1994.1446024056083,-588.522102691723,179.2283583714183
Anaxyrus boreas,-2756.047650778884,216.10347744287705,-1994.1446024056083,-588.522102691723,179.2283583714183
Bufo bufo,-2756.047650778884,216.10347744287705,-1994.1446024056083,-588.522102691723,179.2283583714183
Epidalea calamita,-2756.047650778884,216.10347744287705,-1994.1446024056083,-588.522102691723,179.2283583714183
Bufotes viridis,-2756.047650778884,216.10347744287705,-1994.1446024056083,-588.522102691723,179.2283583714183
Leptodactylus fuscus,-2756.047650778884,216.10347744287705,-1994.1446024056083,-588.522102691723,179.2283583714183
Engystomops pustulosus,-2756.047650778884,216.10347744287705,-1994.1446024056083,-588.522102691723,179.2283583714183
Osteopilus septentrionalis,-2756.047650778884,216.10347744287705,-1994.1446024056083,-588.522102691723,179.2283583714183
Pseudacris triseriata,-2756.047650778884,216.10347744287705,-1994.1446024056083,-588.522102691723,179.2283583714183
Pseudacris nigrita,-2756.047650778884,216.10347744287705,-1994.1446024056083,-588.522102691723,179.2283583714183
Pseudacris crucifer,-2756.047650778884,216.10347744287705,-1994.1446024056083,-588.522102691723,179.2283583714183
Pseudacris regilla,-2756.047650778884,216.10347744287705,-1994.1446024056083,-588.522102691723,179.2283583714183
Acris crepitans,-2756.047650778884,216.10347744287705,-1994.1446024056083,-588.522102691723,179.2283583714183
Smilisca baudinii,-2756.047650778884,216.10347744287705,-1994.1446024056083,-588.522102691723,179.2283583714183
Smilisca fodiens,-2756.047650778884,216.10347744287705,-1994.1446024056083,-588.522102691723,179.2283583714183
Hyla arborea,-2756.047650778884,216.10347744287705,-1994.1446024056083,-588.522102691723,179.2283583714183
Dryophytes cinereus,-2756.047650778884,216.10347744287705,-1994.1446024056083,-588.522102691723,179.2283583714183
Dryophytes gratiosus,-2756.047650778884,216.10347744287705,-1994.1446024056083,-588.522102691723,179.2283583714183
Dryophytes squirellus,-2756.047650778884,216.10347744287705,-1994.1446024056083,-588.522102691723,179.2283583714183
Dryophytes arenicolor,-2756.047650778884,216.10347744287705,-1994.1446024056083,-588.522102691723,179.2283583714183
Dryophytes chrysoscelis,-2756.047650778884,216.10347744287705,-1994.1446024056083,-588.522102691723,179.2283583714183
Dryophytes versicolor,-2756.047650778884,216.10347744287705,-1994.1446024056083,-588.522102691723,179.2283583714183
Agalychnis callidryas,-2756.047650778884,216.10347744287705,-1994.1446024056083,-588.522102691723,179.2283583714183
Eleutherodactylus portoricensis,-2756.047650778884,216.10347744287705,-1994.1446024056083,-588.522102691723,179.2283583714183
Eleutherodactylus coqui,-2756.047650778884,216.10347744287705,-1994.1446024056083,-588.522102691723,179.2283583714183
Crinia parinsignifera,-2756.047650778884,216.10347744287705,-1994.1446024056083,-588.522102691723,179.2283583714183
Crinia signifera,-2756.047650778884,216.10347744287705,-1994.1446024056083,-588.522102691723,179.2283583714183
Pyxicephalus adspersus,-2756.047650778884,216.10347744287705,-1994.1446024056083,-588.522102691723,179.2283583714183
Conraua goliath,-2756.047650778884,216.10347744287705,-1994.1446024056083,-588.522102691723,179.2283583714183
Lithobates catesbeianus,-2756.047650778884,216.10347744287705,-1994.1446024056083,-588.522102691723,179.2283583714183
Rana temporaria,-2756.047650778884,216.10347744287705,-1994.1446024056083,-588.522102691723,179.2283583714183
Rana arvalis,-2756.047650778884,216.10347744287705,-1994.1446024056083,-588.522102691723,179.2283583714183
Rana muscosa,-2756.047650778884,216.10347744287705,-1994.1446024056083,-588.522102691723,179.2283583714183
Hylarana chalconota,-2756.047650778884,216.10347744287705,-1994.1446024056083,-588.522102691723,179.2283583714183
Hylarana erythraea,-2756.047650778884,216.10347744287705,-1994.1446024056083,-588.522102691723,179.2283583714183
Occidozyga martensii,-2756.047650778884,216.10347744287705,-1994.1446024056083,-588.522102691723,179.2283583714183
Fejervarya cancrivora,-2756.047650778884,216.10347744287705,-1994.1446024056083,-588.522102691723,179.2283583714183
Euphlyctis cyanophlyctis,-2756.047650778884,216.10347744287705,-1994.1446024056083,-588.522102691723,179.2283583714183
Limnonectes magnus,-2756.047650778884,216.10347744287705,-1994.1446024056083,-588.522102691723,179.2283583714183
Gastrophryne carolinensis,-2756.047650778884,216.10347744287705,-1994.1446024056083,-588.522102691723,179.2283583714183
Kaloula pulchra,-2756.047650778884,216.10347744287705,-1994.1446024056083,-588.522102691723,179.2283583714183
Hyperolius viridiflavus,-2756.047650778884,216.10347744287705,-1994.1446024056083,-588.522102691723,179.2283583714183
Hyperolius tuberilinguis,-2756.047650778884,216.10347744287705,-1994.1446024056083,-588.522102691723,179.2283583714183
Kassina senegalensis,-2756.047650778884,216.10347744287705,-1994.1446024056083,-588.522102691723,179.2283583714183
Xenopus laevis,-2756.047650778884,216.10347744287705,-1994.1446024056083,-588.522102691723,179.2283583714183
Bombina orientalis,-2756.047650778884,216.10347744287705,-1994.1446024056083,-588.522102691723,179.2283583714183
Discoglossus pictus,-2756.047650778884,216.10347744287705,-1994.1446024056083,-588.522102691723,179.2283583714183
Isoodon macrourus,-2756.047650778884,216.10347744287705,-1994.1446024056083,-588.522102691723,179.2283583714183
Isoodon auratus,-2756.047650778884,216.10347744287705,-1994.1446024056083,-588.522102691723,179.2283583714183
Perameles nasuta,-2756.047650778884,216.10347744287705,-1994.1446024056083,-588.522102691723,179.2283583714183
Perameles gunnii,-2756.047650778884,216.10347744287705,-1994.1446024056083,-588.522102691723,179.2283583714183
Echymipera rufescens,-2756.047650778884,216.10347744287705,-1994.1446024056083,-588.522102691723,179.2283583714183
Echymipera kalubu,-2756.047650778884,216.10347744287705,-1994.1446024056083,-588.522102691723,179.2283583714183
Macrotis lagotis,-2756.047650778884,216.10347744287705,-1994.1446024056083,-588.522102691723,179.2283583714183
Myrmecobius fasciatus,-2756.047650778884,216.10347744287705,-1994.1446024056083,-588.522102691723,179.2283583714183
Sminthopsis murina,-2756.047650778884,216.10347744287705,-1994.1446024056083,-588.522102691723,179.2283583714183
Antechinomys laniger,-2756.047650778884,216.10347744287705,-1994.1446024056083,-588.522102691723,179.2283583714183
Sminthopsis macroura,-2756.047650778884,216.10347744287705,-1994.1446024056083,-588.522102691723,179.2283583714183
Sminthopsis crassicaudata,-2756.047650778884,216.10347744287705,-1994.1446024056083,-588.522102691723,179.2283583714183
Ningaui yvonnae,-2756.047650778884,216.10347744287705,-1994.1446024056083,-588.522102691723,179.2283583714183
Planigale ingrami,-2756.047650778884,216.10347744287705,-1994.1446024056083,-588.522102691723,179.2283583714183
Planigale gilesi,-2756.047650778884,216.10347744287705,-1994.1446024056083,-588.522102691723,179.2283583714183
Planigale tenuirostris,-2756.047650778884,216.10347744287705,-1994.1446024056083,-588.522102691723,179.2283583714183
Planigale maculata,-2756.047650778884,216.10347744287705,-1994.1446024056083,-588.522102691723,179.2283583714183
Antechinus swainsonii,-2756.047650778884,216.10347744287705,-1994.1446024056083,-588.522102691723,179.2283583714183
Antechinus flavipes,-2756.047650778884,216.10347744287705,-1994.1446024056083,-588.522102691723,179.2283583714183
Antechinus stuartii,-2756.047650778884,216.10347744287705,-1994.1446024056083,-588.522102691723,179.2283583714183
Phascogale tapoatafa,-2756.047650778884,216.10347744287705,-1994.1446024056083,-588.522102691723,179.2283583714183
Dasyuroides byrnei,-2756.047650778884,216.10347744287705,-1994.1446024056083,-588.522102691723,179.2283583714183
Dasycercus cristicauda,-2756.047650778884,216.10347744287705,-1994.1446024056083,-588.522102691723,179.2283583714183
Pseudantechinus macdonnellensis,-2756.047650778884,216.10347744287705,-1994.1446024056083,-588.522102691723,179.2283583714183
Sarcophilus harrisii,-2756.047650778884,216.10347744287705,-1994.1446024056083,-588.522102691723,179.2283583714183
Dasyurus hallucatus,-2756.047650778884,216.10347744287705,-1994.1446024056083,-588.522102691723,179.2283583714183
Dasyurus geoffroii,-2756.047650778884,216.10347744287705,-1994.1446024056083,-588.522102691723,179.2283583714183
Dasyurus viverrinus,-2756.047650778884,216.10347744287705,-1994.1446024056083,-588.522102691723,179.2283583714183
Dasyurus maculatus,-2756.047650778884,216.10347744287705,-1994.1446024056083,-588.522102691723,179.2283583714183
Notoryctes caurinus,-2756.047650778884,216.10347744287705,-1994.1446024056083,-588.522102691723,179.2283583714183
Cercartetus nanus,-2756.047650778884,216.10347744287705,-1994.1446024056083,-588.522102691723,179.2283583714183
Cercartetus lepidus,-2756.047650778884,216.10347744287705,-1994.1446024056083,-588.522102691723,179.2283583714183
Cercartetus concinnus,-2756.047650778884,216.10347744287705,-1994.1446024056083,-588.522102691723,179.2283583714183
Burramys parvus,-2756.047650778884,216.10347744287705,-1994.1446024056083,-588.522102691723,179.2283583714183
Spilocuscus maculatus,-2756.047650778884,216.10347744287705,-1994.1446024056083,-588.522102691723,179.2283583714183
Trichosurus vulpecula,-2756.047650778884,216.10347744287705,-1994.1446024056083,-588.522102691723,179.2283583714183
Bettongia penicillata,-2756.047650778884,216.10347744287705,-1994.1446024056083,-588.522102691723,179.2283583714183
Bettongia gaimardi,-2756.047650778884,216.10347744287705,-1994.1446024056083,-588.522102691723,179.2283583714183
Aepyprymnus rufescens,-2756.047650778884,216.10347744287705,-1994.1446024056083,-588.522102691723,179.2283583714183
Potorous tridactylus,-2756.047650778884,216.10347744287705,-1994.1446024056083,-588.522102691723,179.2283583714183
Dendrolagus matschiei,-2756.047650778884,216.10347744287705,-1994.1446024056083,-588.522102691723,179.2283583714183
Lagorchestes conspicillatus,-2756.047650778884,216.10347744287705,-1994.1446024056083,-588.522102691723,179.2283583714183
Setonix brachyurus,-2756.047650778884,216.10347744287705,-1994.1446024056083,-588.522102691723,179.2283583714183
Pseudocheirus peregrinus,-2756.047650778884,216.10347744287705,-1994.1446024056083,-588.522102691723,179.2283583714183
Petauroides volans,-2756.047650778884,216.10347744287705,-1994.1446024056083,-588.522102691723,179.2283583714183
Petaurus breviceps,-2756.047650778884,216.10347744287705,-1994.1446024056083,-588.522102691723,179.2283583714183
Gymnobelideus leadbeateri,-2756.047650778884,216.10347744287705,-1994.1446024056083,-588.522102691723,179.2283583714183
Tarsipes rostratus,-2756.047650778884,216.10347744287705,-1994.1446024056083,-588.522102691723,179.2283583714183
Acrobates pygmaeus,-2756.0476507788844,216.10347744287705,-1994.1446024056083,-588.522102691723,179.2283583714183
Phascolarctos cinereus,-2756.047650778881,216.10347744287736,-1994.144602405612,-588.5221026917241,179.2283583714187
Lasiorhinus latifrons,-2756.047650778884,216.10347744287705,-1994.1446024056083,-588.522102691723,179.2283583714183
Dromiciops gliroides,-2756.047650778884,216.10347744287705,-1994.1446024056083,-588.522102691723,179.2283583714183
Caluromys derbianus,-2756.047650778884,216.10347744287705,-1994.1446024056083,-588.522102691723,179.2283583714183
Marmosa robinsoni,-2756.047650778884,216.10347744287705,-1994.1446024056083,-588.522102691723,179.2283583714183
Monodelphis brevicaudata,-2756.047650778884,216.10347744287705,-1994.1446024056083,-588.522102691723,179.2283583714183
Monodelphis domestica,-2756.047650778884,216.10347744287705,-1994.1446024056083,-588.522102691723,179.2283583714183
Philander opossum,-2756.047650778884,216.10347744287705,-1994.1446024056083,-588.522102691723,179.2283583714183
Didelphis marsupialis,-2756.047650778884,216.10347744287705,-1994.1446024056083,-588.522102691723,179.2283583714183
Didelphis virginiana,-2756.047650778884,216.10347744287705,-1994.1446024056083,-588.522102691723,179.2283583714183
Lutreolina crassicaudata,-2756.047650778884,216.10347744287705,-1994.1446024056083,-588.522102691723,179.2283583714183
Chironectes minimus,-2756.047650778884,216.10347744287705,-1994.1446024056083,-588.522102691723,179.2283583714183
Metachirus nudicaudatus,-2756.047650778884,216.10347744287705,-1994.1446024056083,-588.522102691723,179.2283583714183
Gracilinanus microtarsus,-2756.047650778884,216.10347744287705,-1994.1446024056083,-588.522102691723,179.2283583714183
Crocidura russula,-2756.047650778884,216.10347744287705,-1994.1446024056083,-588.522102691723,179.2283583714183
Crocidura suaveolens,-2756.047650778884,216.10347744287705,-1994.1446024056083,-588.522102691723,179.2283583714183
Crocidura luna,-2756.047650778884,216.10347744287705,-1994.1446024056083,-588.522102691723,179.2283583714183
Crocidura leucodon,-2756.047650778884,216.10347744287705,-1994.1446024056083,-588.522102691723,179.2283583714183
Crocidura jouvenetae,-2756.047650778884,216.10347744287705,-1994.1446024056083,-588.522102691723,179.2283583714183
Crocidura crossei,-2756.047650778884,216.10347744287705,-1994.1446024056083,-588.522102691723,179.2283583714183
Crocidura hildegardeae,-2756.047650778884,216.10347744287705,-1994.1446024056083,-588.522102691723,179.2283583714183
Crocidura flavescens,-2756.047650778884,216.10347744287705,-1994.1446024056083,-588.522102691723,179.2283583714183
Crocidura viaria,-2756.047650778884,216.10347744287705,-1994.1446024056083,-588.522102691723,179.2283583714183
Crocidura olivieri,-2756.047650778884,216.10347744287705,-1994.1446024056083,-588.522102691723,179.2283583714183
Suncus etruscus,-2756.047650778884,216.10347744287705,-1994.1446024056083,-588.522102691723,179.2283583714183
Suncus murinus,-2756.047650778884,216.10347744287705,-1994.1446024056083,-588.522102691723,179.2283583714183
Crocidura poensis,-2756.047650778884,216.10347744287705,-1994.1446024056083,-588.522102691723,179.2283583714183
Myosorex varius,-2756.047650778884,216.10347744287705,-1994.1446024056083,-588.522102691723,179.2283583714183
Neomys fodiens,-2756.047650778884,216.10347744287705,-1994.1446024056083,-588.522102691723,179.2283583714183
Neomys anomalus,-2756.047650778884,216.10347744287705,-1994.1446024056083,-588.522102691723,179.2283583714183
Notiosorex crawfordi,-2756.047650778884,216.10347744287705,-1994.1446024056083,-588.522102691723,179.2283583714183
Blarina carolinensis,-2756.047650778884,216.10347744287705,-1994.1446024056083,-588.522102691723,179.2283583714183
Blarina brevicauda,-2756.047650778884,216.10347744287705,-1994.1446024056083,-588.522102691723,179.2283583714183
Sorex cinereus,-2756.047650778884,216.10347744287705,-1994.1446024056083,-588.522102691723,179.2283583714183
Sorex vagrans,-2756.047650778884,216.10347744287705,-1994.1446024056083,-588.522102691723,179.2283583714183
Sorex ornatus,-2756.047650778884,216.10347744287705,-1994.1446024056083,-588.522102691723,179.2283583714183
Sorex araneus,-2756.047650778884,216.10347744287705,-1994.1446024056083,-588.522102691723,179.2283583714183
Sorex coronatus,-2756.047650778884,216.10347744287705,-1994.1446024056083,-588.522102691723,179.2283583714183
Sorex palustris,-2756.047650778884,216.10347744287705,-1994.1446024056083,-588.522102691723,179.2283583714183
Sorex minutus,-2756.047650778884,216.10347744287705,-1994.1446024056083,-588.522102691723,179.2283583714183
Sorex alpinus,-2756.047650778884,216.10347744287705,-1994.1446024056083,-588.522102691723,179.2283583714183
Hemiechinus auritus,-2756.047650778884,216.10347744287705,-1994.1446024056083,-588.522102691723,179.2283583714183
Paraechinus aethiopicus,-2756.047650778884,216.10347744287705,-1994.1446024056083,-588.522102691723,179.2283583714183
Atelerix albiventris,-2756.047650778884,216.10347744287705,-1994.1446024056083,-588.522102691723,179.2283583714183
Erinaceus europaeus,-2756.047650778884,216.10347744287705,-1994.1446024056083,-588.522102691723,179.2283583714183
Erinaceus concolor,-2756.047650778884,216.10347744287705,-1994.1446024056083,-588.522102691723,179.2283583714183
Hylomys suillus,-2756.047650778884,216.10347744287705,-1994.1446024056083,-588.522102691723,179.2283583714183
Echinosorex gymnura,-2756.047650778884,216.10347744287705,-1994.1446024056083,-588.522102691723,179.2283583714183
Neurotrichus gibbsii,-2756.047650778884,216.10347744287705,-1994.1446024056083,-588.522102691723,179.2283583714183
Condylura cristata,-2756.047650778884,216.10347744287705,-1994.1446024056083,-588.522102691723,179.2283583714183
Scalopus aquaticus,-2756.047650778884,216.10347744287705,-1994.1446024056083,-588.522102691723,179.2283583714183
Scapanus latimanus,-2756.047650778884,216.10347744287705,-1994.1446024056083,-588.522102691723,179.2283583714183
Scapanus townsendii,-2756.047650778884,216.10347744287705,-1994.1446024056083,-588.522102691723,179.2283583714183
Scapanus orarius,-2756.047650778884,216.10347744287705,-1994.1446024056083,-588.522102691723,179.2283583714183
Manis javanica,-2756.047650778884,216.10347744287705,-1994.1446024056083,-588.522102691723,179.2283583714183
Manis pentadactyla,-2756.047650778884,216.10347744287705,-1994.1446024056083,-588.522102691723,179.2283583714183
Paradoxurus hermaphroditus,-2756.047650778884,216.10347744287705,-1994.1446024056083,-588.522102691723,179.2283583714183
Arctictis binturong,-2756.047650778884,216.10347744287705,-1994.1446024056083,-588.522102691723,179.2283583714183
Arctogalidia trivirgata,-2756.047650778884,216.10347744287705,-1994.1446024056083,-588.522102691723,179.2283583714183
Genetta tigrina,-2756.047650778884,216.10347744287705,-1994.1446024056083,-588.522102691723,179.2283583714183
Fossa fossana,-2756.047650778884,216.10347744287705,-1994.1446024056083,-588.522102691723,179.2283583714183
Suricata suricatta,-2756.047650778884,216.10347744287705,-1994.1446024056083,-588.522102691723,179.2283583714183
Galerella sanguinea,-2756.047650778884,216.10347744287705,-1994.1446024056083,-588.522102691723,179.2283583714183
Proteles cristata,-2756.047650778884,216.10347744287705,-1994.1446024056083,-588.522102691723,179.2283583714183
Hyaena hyaena,-2756.047650778884,216.10347744287705,-1994.1446024056083,-588.522102691723,179.2283583714183
Acinonyx jubatus,-2756.047650778884,216.10347744287705,-1994.1446024056083,-588.522102691723,179.2283583714183
Puma concolor,-2756.047650778884,216.10347744287705,-1994.1446024056083,-588.522102691723,179.2283583714183
Puma yagouaroundi,-2756.047650778884,216.10347744287705,-1994.1446024056083,-588.522102691723,179.2283583714183
Lynx rufus,-2756.047650778884,216.10347744287705,-1994.1446024056083,-588.522102691723,179.2283583714183
Leopardus wiedii,-2756.047650778884,216.10347744287705,-1994.1446024056083,-588.522102691723,179.2283583714183
Leopardus pardalis,-2756.047650778884,216.10347744287705,-1994.1446024056083,-588.522102691723,179.2283583714183
Leptailurus serval,-2756.047650778884,216.10347744287705,-1994.1446024056083,-588.522102691723,179.2283583714183
Panthera tigris,-2756.047650778884,216.10347744287705,-1994.1446024056083,-588.522102691723,179.2283583714183
Panthera leo,-2756.047650778884,216.10347744287705,-1994.1446024056083,-588.522102691723,179.2283583714183
Panthera onca,-2756.047650778884,216.10347744287705,-1994.1446024056083,-588.522102691723,179.2283583714183
Nandinia binotata,-2756.047650778884,216.10347744287705,-1994.1446024056083,-588.522102691723,179.2283583714183
Vulpes vulpes,-2756.047650778884,216.10347744287705,-1994.1446024056083,-588.522102691723,179.2283583714183
Vulpes lagopus,-2756.047650778884,216.10347744287705,-1994.1446024056083,-588.522102691723,179.2283583714183
Vulpes macrotis,-2756.047650778884,216.10347744287705,-1994.1446024056083,-588.522102691723,179.2283583714183
Vulpes velox,-2756.047650778884,216.10347744287705,-1994.1446024056083,-588.522102691723,179.2283583714183
Vulpes cana,-2756.047650778884,216.10347744287705,-1994.1446024056083,-588.522102691723,179.2283583714183
Vulpes zerda,-2756.047650778884,216.10347744287705,-1994.1446024056083,-588.522102691723,179.2283583714183
Canis latrans,-2756.047650778884,216.10347744287705,-1994.1446024056083,-588.522102691723,179.2283583714183
Lycaon pictus,-2756.047650778884,216.10347744287705,-1994.1446024056083,-588.522102691723,179.2283583714183
Canis mesomelas,-2756.047650778884,216.10347744287705,-1994.1446024056083,-588.522102691723,179.2283583714183
Cerdocyon thous,-2756.047650778884,216.10347744287705,-1994.1446024056083,-588.522102691723,179.2283583714183
Taxidea taxus,-2756.047650778884,216.10347744287705,-1994.1446024056083,-588.522102691723,179.2283583714183
Eira barbara,-2756.047650778884,216.10347744287705,-1994.1446024056083,-588.522102691723,179.2283583714183
Gulo gulo,-2756.047650778884,216.10347744287705,-1994.1446024056083,-588.522102691723,179.2283583714183
Martes martes,-2756.047650778884,216.10347744287705,-1994.1446024056083,-588.522102691723,179.2283583714183
Martes americana,-2756.047650778884,216.10347744287705,-1994.1446024056083,-588.522102691723,179.2283583714183
Lutra lutra,-2756.047650778884,216.10347744287705,-1994.1446024056083,-588.522102691723,179.2283583714183
Enhydra lutris,-2756.047650778884,216.10347744287705,-1994.1446024056083,-588.522102691723,179.2283583714183
Mustela erminea,-2756.047650778884,216.10347744287705,-1994.1446024056083,-588.522102691723,179.2283583714183
Mustela frenata,-2756.047650778884,216.10347744287705,-1994.1446024056083,-588.522102691723,179.2283583714183
Meles meles,-2756.047650778884,216.10347744287705,-1994.1446024056083,-588.522102691723,179.2283583714183
Potos flavus,-2756.047650778884,216.10347744287705,-1994.1446024056083,-588.522102691723,179.2283583714183
Nasua nasua,-2756.047650778884,216.10347744287705,-1994.1446024056083,-588.522102691723,179.2283583714183
Nasua narica,-2756.047650778884,216.10347744287705,-1994.1446024056083,-588.522102691723,179.2283583714183
Bassariscus sumichrasti,-2756.047650778884,216.10347744287705,-1994.1446024056083,-588.522102691723,179.2283583714183
Procyon lotor,-2756.0476507788844,216.10347744287705,-1994.1446024056083,-588.522102691723,179.2283583714183
Procyon cancrivorus,-2756.047650778884,216.10347744287705,-1994.1446024056083,-588.522102691723,179.2283583714183
Ailurus fulgens,-2756.047650778884,216.10347744287705,-1994.1446024056083,-588.522102691723,179.2283583714183
Spilogale putorius,-2756.047650778884,216.10347744287705,-1994.1446024056083,-588.522102691723,179.2283583714183
Mephitis mephitis,-2756.047650778884,216.10347744287705,-1994.1446024056083,-588.522102691723,179.2283583714183
Phoca vitulina,-2756.047650778884,216.10347744287705,-1994.1446024056083,-588.522102691723,179.2283583714183
Melursus ursinus,-2756.047650778884,216.10347744287705,-1994.1446024056083,-588.522102691723,179.2283583714183
Equus asinus,-2756.047650778884,216.10347744287705,-1994.1446024056083,-588.522102691723,179.2283583714183
Lama glama,-2756.047650778884,216.10347744287705,-1994.1446024056083,-588.522102691723,179.2283583714183
Camelus dromedarius,-2756.047650778884,216.10347744287705,-1994.1446024056083,-588.522102691723,179.2283583714183
Orcinus orca,-2756.047650778884,216.10347744287705,-1994.1446024056083,-588.522102691723,179.2283583714183
Balaenoptera physalus,-2756.047650778884,216.10347744287705,-1994.1446024056083,-588.522102691723,179.2283583714183
Balaenoptera musculus,-2756.047650778884,216.10347744287705,-1994.1446024056083,-588.522102691723,179.2283583714183
Antilocapra americana,-2756.047650778884,216.10347744287705,-1994.1446024056083,-588.522102691723,179.2283583714183
Bos taurus,-2756.047650778884,216.10347744287705,-1994.1446024056083,-588.522102691723,179.2283583714183
Kobus ellipsiprymnus,-2756.047650778884,216.10347744287705,-1994.1446024056083,-588.522102691723,179.2283583714183
Madoqua kirkii,-2756.047650778884,216.10347744287705,-1994.1446024056083,-588.522102691723,179.2283583714183
Raphicerus campestris,-2756.047650778884,216.10347744287705,-1994.1446024056083,-588.522102691723,179.2283583714183
Philantomba monticola,-2756.047650778884,216.10347744287705,-1994.1446024056083,-588.522102691723,179.2283583714183
Oryx leucoryx,-2756.047650778884,216.10347744287705,-1994.1446024056083,-588.522102691723,179.2283583714183
Connochaetes taurinus,-2756.047650778884,216.10347744287705,-1994.1446024056083,-588.522102691723,179.2283583714183
Ovis canadensis,-2756.047650778884,216.10347744287705,-1994.1446024056083,-588.522102691723,179.2283583714183
Oreamnos americanus,-2756.047650778884,216.10347744287705,-1994.1446024056083,-588.522102691723,179.2283583714183
Cervus elaphus,-2756.047650778884,216.10347744287705,-1994.1446024056083,-588.522102691723,179.2283583714183
Capreolus capreolus,-2756.047650778884,216.10347744287705,-1994.1446024056083,-588.522102691723,179.2283583714183
Alces alces,-2756.047650778884,216.10347744287705,-1994.1446024056083,-588.522102691723,179.2283583714183
Alces americanus,-2756.047650778884,216.10347744287705,-1994.1446024056083,-588.522102691723,179.2283583714183
Odocoileus virginianus,-2756.047650778884,216.10347744287705,-1994.1446024056083,-588.522102691723,179.2283583714183
Rangifer tarandus,-2756.047650778884,216.10347744287705,-1994.1446024056083,-588.522102691723,179.2283583714183
Tragulus javanicus,-2756.047650778884,216.10347744287705,-1994.1446024056083,-588.522102691723,179.2283583714183
Sus scrofa,-2756.047650778884,216.10347744287705,-1994.1446024056083,-588.522102691723,179.2283583714183
Pecari tajacu,-2756.047650778884,216.10347744287705,-1994.1446024056083,-588.522102691723,179.2283583714183
Hipposideros cervinus,-2756.047650778884,216.10347744287705,-1994.1446024056083,-588.522102691723,179.2283583714183
Hipposideros galeritus,-2756.047650778884,216.10347744287705,-1994.1446024056083,-588.522102691723,179.2283583714183
Hipposideros diadema,-2756.047650778884,216.10347744287705,-1994.1446024056083,-588.522102691723,179.2283583714183
Aselliscus tricuspidatus,-2756.047650778884,216.10347744287705,-1994.1446024056083,-588.522102691723,179.2283583714183
Rhinonicteris aurantia,-2756.047650778884,216.10347744287705,-1994.1446024056083,-588.522102691723,179.2283583714183
Macroderma gigas,-2756.047650778884,216.10347744287705,-1994.1446024056083,-588.522102691723,179.2283583714183
Pteropus hypomelanus,-2756.047650778884,216.10347744287705,-1994.1446024056083,-588.522102691723,179.2283583714183
Pteropus rodricensis,-2756.047650778884,216.10347744287705,-1994.1446024056083,-588.522102691723,179.2283583714183
Pteropus giganteus,-2756.047650778884,216.10347744287705,-1994.1446024056083,-588.522102691723,179.2283583714183
Pteropus vampyrus,-2756.047650778884,216.10347744287705,-1994.1446024056083,-588.522102691723,179.2283583714183
Pteropus pumilus,-2756.047650778884,216.10347744287705,-1994.1446024056083,-588.522102691723,179.2283583714183
Pteropus poliocephalus,-2756.047650778884,216.10347744287705,-1994.1446024056083,-588.522102691723,179.2283583714183
Pteropus scapulatus,-2756.047650778884,216.10347744287705,-1994.1446024056083,-588.522102691723,179.2283583714183
Eonycteris spelaea,-2756.047650778884,216.10347744287705,-1994.1446024056083,-588.522102691723,179.2283583714183
Rousettus aegyptiacus,-2756.047650778884,216.10347744287705,-1994.1446024056083,-588.522102691723,179.2283583714183
Rousettus amplexicaudatus,-2756.047650778884,216.10347744287705,-1994.1446024056083,-588.522102691723,179.2283583714183
Megaloglossus woermanni,-2756.047650778884,216.10347744287705,-1994.1446024056083,-588.522102691723,179.2283583714183
Dobsonia moluccensis,-2756.047650778884,216.10347744287705,-1994.1446024056083,-588.522102691723,179.2283583714183
Dobsonia praedatrix,-2756.047650778884,216.10347744287705,-1994.1446024056083,-588.522102691723,179.2283583714183
Dobsonia minor,-2756.047650778884,216.10347744287705,-1994.1446024056083,-588.522102691723,179.2283583714183
Macroglossus minimus,-2756.047650778884,216.10347744287705,-1994.1446024056083,-588.522102691723,179.2283583714183
Syconycteris australis,-2756.047650778884,216.10347744287705,-1994.1446024056083,-588.522102691723,179.2283583714183
Melonycteris melanops,-2756.047650778884,216.10347744287705,-1994.1446024056083,-588.522102691723,179.2283583714183
Nyctimene major,-2756.047650778884,216.10347744287705,-1994.1446024056083,-588.522102691723,179.2283583714183
Nyctimene albiventer,-2756.047650778884,216.10347744287705,-1994.1446024056083,-588.522102691723,179.2283583714183
Paranyctimene raptor,-2756.047650778884,216.10347744287705,-1994.1446024056083,-588.522102691723,179.2283583714183
Cynopterus brachyotis,-2756.047650778884,216.10347744287705,-1994.1446024056083,-588.522102691723,179.2283583714183
Peropteryx macrotis,-2756.047650778884,216.10347744287705,-1994.1446024056083,-588.522102691723,179.2283583714183
Saccopteryx bilineata,-2756.047650778884,216.10347744287705,-1994.1446024056083,-588.522102691723,179.2283583714183
Noctilio albiventris,-2756.047650778884,216.10347744287705,-1994.1446024056083,-588.522102691723,179.2283583714183
Noctilio leporinus,-2756.047650778884,216.10347744287705,-1994.1446024056083,-588.522102691723,179.2283583714183
Mormoops megalophylla,-2756.047650778884,216.10347744287705,-1994.1446024056083,-588.522102691723,179.2283583714183
Pteronotus quadridens,-2756.047650778884,216.10347744287705,-1994.1446024056083,-588.522102691723,179.2283583714183
Pteronotus davyi,-2756.047650778884,216.10347744287705,-1994.1446024056083,-588.522102691723,179.2283583714183
Pteronotus personatus,-2756.047650778884,216.10347744287705,-1994.1446024056083,-588.522102691723,179.2283583714183
Carollia perspicillata,-2756.047650778884,216.10347744287705,-1994.1446024056083,-588.522102691723,179.2283583714183
Rhinophylla pumilio,-2756.047650778884,216.10347744287705,-1994.1446024056083,-588.522102691723,179.2283583714183
Rhinophylla fischerae,-2756.047650778884,216.10347744287705,-1994.1446024056083,-588.522102691723,179.2283583714183
Sturnira lilium,-2756.047650778884,216.10347744287705,-1994.1446024056083,-588.522102691723,179.2283583714183
Sturnira tildae,-2756.047650778884,216.10347744287705,-1994.1446024056083,-588.522102691723,179.2283583714183
Artibeus lituratus,-2756.047650778884,216.10347744287705,-1994.1446024056083,-588.522102691723,179.2283583714183
Artibeus jamaicensis,-2756.047650778884,216.10347744287705,-1994.1446024056083,-588.522102691723,179.2283583714183
Artibeus fimbriatus,-2756.047650778884,216.10347744287705,-1994.1446024056083,-588.522102691723,179.2283583714183
Artibeus concolor,-2756.047650778884,216.10347744287705,-1994.1446024056083,-588.522102691723,179.2283583714183
Platyrrhinus lineatus,-2756.047650778884,216.10347744287705,-1994.1446024056083,-588.522102691723,179.2283583714183
Vampyressa pusilla,-2756.047650778884,216.10347744287705,-1994.1446024056083,-588.522102691723,179.2283583714183
Uroderma bilobatum,-2756.047650778884,216.10347744287705,-1994.1446024056083,-588.522102691723,179.2283583714183
Chiroderma doriae,-2756.047650778884,216.10347744287705,-1994.1446024056083,-588.522102691723,179.2283583714183
Erophylla sezekorni,-2756.047650778884,216.10347744287705,-1994.1446024056083,-588.522102691723,179.2283583714183
Glossophaga soricina,-2756.047650778884,216.10347744287705,-1994.1446024056083,-588.522102691723,179.2283583714183
Glossophaga longirostris,-2756.047650778884,216.10347744287705,-1994.1446024056083,-588.522102691723,179.2283583714183
Leptonycteris curasoae,-2756.047650778884,216.10347744287705,-1994.1446024056083,-588.522102691723,179.2283583714183
Monophyllus redmani,-2756.047650778884,216.10347744287705,-1994.1446024056083,-588.522102691723,179.2283583714183
Choeroniscus godmani,-2756.047650778884,216.10347744287705,-1994.1446024056083,-588.522102691723,179.2283583714183
Anoura caudifer,-2756.047650778884,216.10347744287705,-1994.1446024056083,-588.522102691723,179.2283583714183
Phyllostomus elongatus,-2756.047650778884,216.10347744287705,-1994.1446024056083,-588.522102691723,179.2283583714183
Phyllostomus hastatus,-2756.047650778884,216.10347744287705,-1994.1446024056083,-588.522102691723,179.2283583714183
Phyllostomus discolor,-2756.047650778884,216.10347744287705,-1994.1446024056083,-588.522102691723,179.2283583714183
Tonatia bidens,-2756.047650778884,216.10347744287705,-1994.1446024056083,-588.522102691723,179.2283583714183
Chrotopterus auritus,-2756.047650778884,216.10347744287705,-1994.1446024056083,-588.522102691723,179.2283583714183
Diphylla ecaudata,-2756.047650778884,216.10347744287705,-1994.1446024056083,-588.522102691723,179.2283583714183
Diaemus youngi,-2756.047650778884,216.10347744287705,-1994.1446024056083,-588.522102691723,179.2283583714183
Desmodus rotundus,-2756.047650778884,216.10347744287705,-1994.1446024056083,-588.522102691723,179.2283583714183
Macrotus californicus,-2764.627306005197,219.14067844833644,-2036.0124944536992,-617.3152347165119,206.72728029932372
Nyctinomops laticaudatus,-2764.627306005197,219.14067844833644,-2036.0124944536992,-617.3152347165119,206.72728029932372
Eumops perotis,-2764.627306005197,219.14067844833644,-2036.0124944536992,-617.3152347165119,206.72728029932372
Molossus molossus,-2764.627306005197,219.14067844833644,-2036.0124944536992,-617.3152347165119,206.72728029932372
Tadarida brasiliensis,-2764.627306005197,219.14067844833644,-2036.0124944536992,-617.3152347165119,206.72728029932372
Myotis yumanensis,-2764.627306005197,219.14067844833644,-2036.0124944536992,-617.3152347165119,206.72728029932372
Myotis velifer,-2764.627306005197,219.14067844833644,-2036.0124944536992,-617.3152347165119,206.72728029932372
Myotis nigricans,-2764.627306005197,219.14067844833644,-2036.0124944536992,-617.3152347165119,206.72728029932372
Myotis vivesi,-2764.627306005197,219.14067844833644,-2036.0124944536992,-617.3152347165119,206.72728029932372
Myotis lucifugus,-2764.627306005197,219.14067844833644,-2036.0124944536992,-617.3152347165119,206.72728029932372
Antrozous pallidus,-2764.627306005197,219.14067844833644,-2036.0124944536992,-617.3152347165119,206.72728029932372
Plecotus auritus,-2764.627306005197,219.14067844833644,-2036.0124944536992,-617.3152347165119,206.72728029932372
Lasiurus seminolus,-2764.627306005197,219.14067844833644,-2036.0124944536992,-617.3152347165119,206.72728029932372
Lasiurus borealis,-2764.627306005197,219.14067844833644,-2036.0124944536992,-617.3152347165119,206.72728029932372
Nyctophilus geoffroyi,-2764.627306005197,219.14067844833644,-2036.0124944536992,-617.3152347165119,206.72728029932372
Chalinolobus gouldii,-2764.627306005197,219.14067844833644,-2036.0124944536992,-617.3152347165119,206.72728029932372
Histiotus velatus,-2764.627306005197,219.14067844833644,-2036.0124944536992,-617.3152347165119,206.72728029932372
Eptesicus fuscus,-2764.627306005197,219.14067844833644,-2036.0124944536992,-617.3152347165119,206.72728029932372
Nycticeius humeralis,-2764.627306005197,219.14067844833644,-2036.0124944536992,-617.3152347165119,206.72728029932372
Miniopterus schreibersii,-2764.627306005197,219.14067844833644,-2036.0124944536992,-617.3152347165119,206.72728029932372
Natalus tumidirostris,-2764.627306005197,219.14067844833644,-2036.0124944536992,-617.3152347165119,206.72728029932372
Brachylagus idahoensis,-2763.2555295747516,218.65506910344627,-2029.3183574529692,-612.7115835407454,202.3305566585363
Sylvilagus audubonii,-2763.2555295747516,218.65506910344627,-2029.3183574529692,-612.7115835407454,202.3305566585363
Oryctolagus cuniculus,-2763.2555295747516,218.65506910344627,-2029.3183574529692,-612.7115835407454,202.3305566585363
Lepus timidus,-2763.2555295747516,218.65506910344627,-2029.3183574529692,-612.7115835407454,202.3305566585363
Lepus arcticus,-2763.2555295747516,218.65506910344627,-2029.3183574529692,-612.7115835407454,202.3305566585363
Lepus townsendii,-2763.2555295747516,218.65506910344627,-2029.3183574529692,-612.7115835407454,202.3305566585363
Lepus californicus,-2763.2555295747516,218.65506910344627,-2029.3183574529692,-612.7115835407454,202.3305566585363
Lepus alleni,-2763.2555295747516,218.65506910344627,-2029.3183574529692,-612.7115835407454,202.3305566585363
Lepus americanus,-2763.2555295747516,218.65506910344627,-2029.3183574529692,-612.7115835407454,202.3305566585363
Ochotona princeps,-2763.2555295747516,218.65506910344635,-2029.3183574529692,-612.7115835407451,202.3305566585364
Ochotona dauurica,-2763.2555295747516,218.65506910344635,-2029.3183574529692,-612.7115835407451,202.3305566585364
Muscardinus avellanarius,-2762.4552385025554,218.3717657788936,-2025.413014017376,-610.0258245105548,199.76551865486434
Graphiurus ocularis,-2762.4552385025554,218.3717657788936,-2025.413014017376,-610.0258245105548,199.76551865486434
Graphiurus murinus,-2762.4552385025554,218.3717657788936,-2025.413014017376,-610.0258245105548,199.76551865486434
Glis glis,-2762.4552385025554,218.3717657788936,-2025.413014017376,-610.0258245105548,199.76551865486434
Aplodontia rufa,-2762.4552385025554,218.3717657788936,-2025.413014017376,-610.0258245105548,199.76551865486434
Marmota flaviventris,-2762.4552385025554,218.3717657788936,-2025.413014017376,-610.0258245105548,199.76551865486434
Marmota monax,-2762.4552385025554,218.3717657788936,-2025.413014017376,-610.0258245105548,199.76551865486434
Otospermophilus beecheyi,-2762.4552385025554,218.3717657788936,-2025.413014017376,-610.0258245105548,199.76551865486434
Callospermophilus saturatus,-2762.4552385025554,218.3717657788936,-2025.413014017376,-610.0258245105548,199.76551865486434
Callospermophilus lateralis,-2762.4552385025554,218.3717657788936,-2025.413014017376,-610.0258245105548,199.76551865486434
Ictidomys tridecemlineatus,-2762.4552385025554,218.3717657788936,-2025.413014017376,-610.0258245105548,199.76551865486434
Poliocitellus franklinii,-2762.4552385025554,218.3717657788936,-2025.413014017376,-610.0258245105548,199.76551865486434
Cynomys ludovicianus,-2762.4552385025554,218.3717657788936,-2025.413014017376,-610.0258245105548,199.76551865486434
Xerospermophilus tereticaudus,-2762.4552385025554,218.3717657788936,-2025.413014017376,-610.0258245105548,199.76551865486434
Xerospermophilus mohavensis,-2762.4552385025554,218.3717657788936,-2025.413014017376,-610.0258245105548,199.76551865486434
Xerospermophilus spilosoma,-2762.4552385025554,218.3717657788936,-2025.413014017376,-610.0258245105548,199.76551865486434
Urocitellus townsendii,-2762.4552385025554,218.3717657788936,-2025.413014017376,-610.0258245105548,199.76551865486434
Urocitellus richardsonii,-2762.4552385025554,218.3717657788936,-2025.413014017376,-610.0258245105548,199.76551865486434
Urocitellus parryii,-2762.4552385025554,218.3717657788936,-2025.413014017376,-610.0258245105548,199.76551865486434
Urocitellus beldingi,-2762.4552385025554,218.3717657788936,-2025.413014017376,-610.0258245105548,199.76551865486434
Urocitellus armatus,-2762.4552385025554,218.3717657788936,-2025.413014017376,-610.0258245105548,199.76551865486434
Urocitellus undulatus,-2762.4552385025554,218.3717657788936,-2025.413014017376,-610.0258245105548,199.76551865486434
Spermophilus citellus,-2762.4552385025554,218.3717657788936,-2025.413014017376,-610.0258245105548,199.76551865486434
Ammospermophilus leucurus,-2762.4552385025554,218.3717657788936,-2025.413014017376,-610.0258245105548,199.76551865486434
Tamias striatus,-2762.4552385025554,218.3717657788936,-2025.413014017376,-610.0258245105548,199.76551865486434
Tamias amoenus,-2762.4552385025554,218.3717657788936,-2025.413014017376,-610.0258245105548,199.76551865486434
Tamias alpinus,-2762.4552385025554,218.3717657788936,-2025.413014017376,-610.0258245105548,199.76551865486434
Tamias minimus,-2762.4552385025554,218.3717657788936,-2025.413014017376,-610.0258245105548,199.76551865486434
Tamias palmeri,-2762.4552385025554,218.3717657788936,-2025.413014017376,-610.0258245105548,199.76551865486434
Tamias merriami,-2762.4552385025554,218.3717657788936,-2025.413014017376,-610.0258245105548,199.76551865486434
Paraxerus cepapi,-2762.4552385025554,218.3717657788936,-2025.413014017376,-610.0258245105548,199.76551865486434
Funisciurus anerythrus,-2762.4552385025554,218.3717657788936,-2025.413014017376,-610.0258245105548,199.76551865486434
Heliosciurus rufobrachium,-2762.4552385025554,218.3717657788936,-2025.413014017376,-610.0258245105548,199.76551865486434
Xerus princeps,-2762.4552385025554,218.3717657788936,-2025.413014017376,-610.0258245105548,199.76551865486434
Xerus inauris,-2762.4552385025554,218.3717657788936,-2025.413014017376,-610.0258245105548,199.76551865486434
Glaucomys volans,-2762.4552385025554,218.3717657788936,-2025.413014017376,-610.0258245105548,199.76551865486434
Tamiasciurus hudsonicus,-2762.4552385025554,218.3717657788936,-2025.413014017376,-610.0258245105548,199.76551865486434
Sciurus carolinensis,-2762.4552385025554,218.3717657788936,-2025.413014017376,-610.0258245105548,199.76551865486434
Sciurus aberti,-2762.4552385025554,218.3717657788936,-2025.413014017376,-610.0258245105548,199.76551865486434
Neotoma cinerea,-2758.0116502138903,216.79871975347586,-2003.728412737407,-595.1126928034295,185.52164266823866
Neotoma albigula,-2758.0116502138903,216.79871975347586,-2003.728412737407,-595.1126928034295,185.52164266823866
Neotoma lepida,-2758.0116502138903,216.79871975347586,-2003.728412737407,-595.1126928034295,185.52164266823866
Neotoma fuscipes,-2758.0116502138903,216.79871975347586,-2003.728412737407,-595.1126928034295,185.52164266823866
Isthmomys pirrensis,-2758.0116502138903,216.79871975347586,-2003.728412737407,-595.1126928034295,185.52164266823866
Reithrodontomys megalotis,-2758.0116502138903,216.79871975347586,-2003.728412737407,-595.1126928034295,185.52164266823866
Podomys floridanus,-2758.0116502138903,216.79871975347586,-2003.728412737407,-595.1126928034295,185.52164266823866
Megadontomys thomasi,-2758.0116502138903,216.79871975347586,-2003.728412737407,-595.1126928034295,185.52164266823866
Peromyscus boylii,-2758.0116502138903,216.79871975347586,-2003.728412737407,-595.1126928034295,185.52164266823866
Peromyscus californicus,-2758.0116502138903,216.79871975347586,-2003.728412737407,-595.1126928034295,185.52164266823866
Peromyscus crinitus,-2758.0116502138903,216.79871975347586,-2003.728412737407,-595.1126928034295,185.52164266823866
Peromyscus eremicus,-2758.0116502138903,216.79871975347586,-2003.728412737407,-595.1126928034295,185.52164266823866
Peromyscus gossypinus,-2758.0116502138903,216.79871975347586,-2003.728412737407,-595.1126928034295,185.52164266823866
Peromyscus leucopus,-2758.0116502138903,216.79871975347586,-2003.728412737407,-595.1126928034295,185.52164266823866
Peromyscus maniculatus,-2758.0116502138903,216.79871975347586,-2003.728412737407,-595.1126928034295,185.52164266823866
Peromyscus megalops,-2758.0116502138903,216.79871975347586,-2003.728412737407,-595.1126928034295,185.52164266823866
Peromyscus keeni,-2758.0116502138903,216.79871975347586,-2003.728412737407,-595.1126928034295,185.52164266823866
Peromyscus polionotus,-2758.0116502138903,216.79871975347586,-2003.728412737407,-595.1126928034295,185.52164266823866
Peromyscus truei,-2758.0116502138903,216.79871975347586,-2003.728412737407,-595.1126928034295,185.52164266823866
Onychomys torridus,-2758.0116502138903,216.79871975347586,-2003.728412737407,-595.1126928034295,185.52164266823866
Scotinomys teguina,-2758.0116502138903,216.79871975347586,-2003.728412737407,-595.1126928034295,185.52164266823866
Scotinomys xerampelinus,-2758.0116502138903,216.79871975347586,-2003.728412737407,-595.1126928034295,185.52164266823866
Baiomys taylori,-2758.0116502138903,216.79871975347586,-2003.728412737407,-595.1126928034295,185.52164266823866
Ochrotomys nuttalli,-2758.0116502138903,216.79871975347586,-2003.728412737407,-595.1126928034295,185.52164266823866
Microtus agrestis,-2757.7344390476355,216.70057589572818,-2002.3754022824314,-594.1819529922352,184.6319096616944
Microtus pinetorum,-2757.7327456316884,216.6999763481903,-2002.3671368346093,-594.1762669238751,184.6264733249324
Microtus xanthognathus,-2757.7302407786406,216.69908951355617,-2002.3549107986278,-594.1678562194163,184.61843195414852
Microtus richardsoni,-2757.7302407786406,216.69908951355617,-2002.3549107986278,-594.1678562194163,184.61843195414852
Microtus townsendii,-2757.726303232316,216.69769543737326,-2002.3356918420423,-594.1546348152257,184.6057910268257
Microtus pennsylvanicus,-2756.047650778884,216.10347744287705,-1994.1446024056083,-588.522102691723,179.2283583714183
Microtus montanus,-2756.047650778884,216.10347744287705,-1994.1446024056083,-588.522102691723,179.2283583714183
Microtus longicaudus,-2756.047650778884,216.10347744287705,-1994.1446024056083,-588.522102691723,179.2283583714183
Microtus mexicanus,-2756.047650778884,216.10347744287705,-1994.1446024056083,-588.522102691723,179.2283583714183
Microtus californicus,-2756.047650778884,216.10347744287705,-1994.1446024056083,-588.522102691723,179.2283583714183
Microtus ochrogaster,-2756.047650778884,216.10347744287705,-1994.1446024056083,-588.522102691723,179.2283583714183
Microtus cabrerae,-2756.047650778884,216.10347744287705,-1994.1446024056083,-588.522102691723,179.2283583714183
Microtus subterraneus,-2756.047650778884,216.10347744287705,-1994.1446024056083,-588.522102691723,179.2283583714183
Microtus arvalis,-2756.047650778884,216.10347744287705,-1994.1446024056083,-588.522102691723,179.2283583714183
Microtus oeconomus,-2756.047650778884,216.10347744287705,-1994.1446024056083,-588.522102691723,179.2283583714183
Lasiopodomys brandtii,-2756.047650778884,216.10347744287705,-1994.1446024056083,-588.522102691723,179.2283583714183
Chionomys nivalis,-2756.047650778884,216.10347744287705,-1994.1446024056083,-588.522102691723,179.2283583714183
Lemmiscus curtatus,-2756.047650778884,216.10347744287705,-1994.1446024056083,-588.522102691723,179.2283583714183
Arvicola amphibius,-2756.047650778884,216.10347744287705,-1994.1446024056083,-588.522102691723,179.2283583714183
Microtus breweri,-2756.047650778884,216.10347744287705,-1994.1446024056083,-588.522102691723,179.2283583714183
Myodes gapperi,-2756.047650778884,216.10347744287705,-1994.1446024056083,-588.522102691723,179.2283583714183
Myodes rutilus,-2756.047650778884,216.10347744287705,-1994.1446024056083,-588.522102691723,179.2283583714183
Myodes glareolus,-2756.047650778884,216.10347744287705,-1994.1446024056083,-588.522102691723,179.2283583714183
Myodes rufocanus,-2756.047650778884,216.10347744287705,-1994.1446024056083,-588.522102691723,179.2283583714183
Myopus schisticolor,-2756.047650778884,216.10347744287705,-1994.1446024056083,-588.522102691723,179.2283583714183
Lemmus trimucronatus,-2756.047650778884,216.10347744287705,-1994.1446024056083,-588.522102691723,179.2283583714183
Lemmus sibiricus,-2756.047650778884,216.10347744287705,-1994.1446024056083,-588.522102691723,179.2283583714183
Lemmus lemmus,-2756.047650778884,216.10347744287705,-1994.1446024056083,-588.522102691723,179.2283583714183
Arborimus pomo,-2756.047650778884,216.10347744287705,-1994.1446024056083,-588.522102691723,179.2283583714183
Arborimus longicaudus,-2756.047650778884,216.10347744287705,-1994.1446024056083,-588.522102691723,179.2283583714183
Phenacomys intermedius,-2756.047650778884,216.10347744287705,-1994.1446024056083,-588.522102691723,179.2283583714183
Dicrostonyx groenlandicus,-2756.047650778884,216.10347744287705,-1994.1446024056083,-588.522102691723,179.2283583714183
Myodes californicus,-2756.047650778884,216.10347744287705,-1994.1446024056083,-588.522102691723,179.2283583714183
Alticola argentatus,-2756.047650778884,216.10347744287705,-1994.1446024056083,-588.522102691723,179.2283583714183
Microtus guentheri,-2756.047650778884,216.10347744287705,-1994.1446024056083,-588.522102691723,179.2283583714183
Neofiber alleni,-2756.047650778884,216.10347744287705,-1994.1446024056083,-588.522102691723,179.2283583714183
Ondatra zibethicus,-2756.047650778884,216.10347744287705,-1994.1446024056083,-588.522102691723,179.2283583714183
Mesocricetus auratus,-2756.047650778884,216.10347744287705,-1994.1446024056083,-588.522102691723,179.2283583714183
Cricetus cricetus,-2756.047650778884,216.10347744287705,-1994.1446024056083,-588.522102691723,179.2283583714183
Cricetulus migratorius,-2756.047650778884,216.10347744287705,-1994.1446024056083,-588.522102691723,179.2283583714183
Phodopus campbelli,-2756.047650778884,216.10347744287705,-1994.1446024056083,-588.522102691723,179.2283583714183
Phodopus sungorus,-2756.047650778884,216.10347744287705,-1994.1446024056083,-588.522102691723,179.2283583714183
Oligoryzomys longicaudatus,-2756.047650778884,216.10347744287705,-1994.1446024056083,-588.522102691723,179.2283583714183
Phyllotis xanthopygus,-2756.047650778884,216.10347744287705,-1994.1446024056083,-588.522102691723,179.2283583714183
Phyllotis darwini,-2756.047650778884,216.10347744287705,-1994.1446024056083,-588.522102691723,179.2283583714183
Phyllotis magister,-2756.047650778884,216.10347744287705,-1994.1446024056083,-588.522102691723,179.2283583714183
Auliscomys boliviensis,-2756.047650778884,216.10347744287705,-1994.1446024056083,-588.522102691723,179.2283583714183
Loxodontomys micropus,-2756.047650778884,216.10347744287705,-1994.1446024056083,-588.522102691723,179.2283583714183
Graomys griseoflavus,-2756.047650778884,216.10347744287705,-1994.1446024056083,-588.522102691723,179.2283583714183
Eligmodontia typus,-2756.047650778884,216.10347744287705,-1994.1446024056083,-588.522102691723,179.2283583714183
Calomys venustus,-2756.047650778884,216.10347744287705,-1994.1446024056083,-588.522102691723,179.2283583714183
Calomys callosus,-2756.047650778884,216.10347744287705,-1994.1446024056083,-588.522102691723,179.2283583714183
Calomys musculinus,-2756.047650778884,216.10347744287705,-1994.1446024056083,-588.522102691723,179.2283583714183
Calomys lepidus,-2756.047650778884,216.10347744287705,-1994.1446024056083,-588.522102691723,179.2283583714183
Abrothrix lanosus,-2756.047650778884,216.10347744287705,-1994.1446024056083,-588.522102691723,179.2283583714183
Abrothrix longipilis,-2756.047650778884,216.10347744287705,-1994.1446024056083,-588.522102691723,179.2283583714183
Abrothrix olivaceus,-2756.047650778884,216.10347744287705,-1994.1446024056083,-588.522102691723,179.2283583714183
Abrothrix andinus,-2756.047650778884,216.10347744287705,-1994.1446024056083,-588.522102691723,179.2283583714183
Euneomys chinchilloides,-2756.047650778884,216.10347744287705,-1994.1446024056083,-588.522102691723,179.2283583714183
Akodon azarae,-2756.047650778884,216.10347744287705,-1994.1446024056083,-588.522102691723,179.2283583714183
Reithrodon auritus,-2756.047650778884,216.10347744287705,-1994.1446024056083,-588.522102691723,179.2283583714183
Akodon albiventer,-2756.047650778884,216.10347744287705,-1994.1446024056083,-588.522102691723,179.2283583714183
Sigmodon alleni,-2756.047650778884,216.10347744287705,-1994.1446024056083,-588.522102691723,179.2283583714183
Sigmodon ochrognathus,-2756.047650778884,216.10347744287705,-1994.1446024056083,-588.522102691723,179.2283583714183
Sigmodon hispidus,-2756.047650778884,216.10347744287705,-1994.1446024056083,-588.522102691723,179.2283583714183
Sigmodon leucotis,-2756.047650778884,216.10347744287705,-1994.1446024056083,-588.522102691723,179.2283583714183
Sigmodon fulviventer,-2756.047650778884,216.10347744287705,-1994.1446024056083,-588.522102691723,179.2283583714183
Pseudomys hermannsburgensis,-2756.047650778884,216.10347744287705,-1994.1446024056083,-588.522102691723,179.2283583714183
Rattus norvegicus,-2756.047650778884,216.10347744287705,-1994.1446024056083,-588.522102691723,179.2283583714183
Rattus sordidus,-2756.047650778884,216.10347744287705,-1994.1446024056083,-588.522102691723,179.2283583714183
Rattus colletti,-2756.047650778884,216.10347744287705,-1994.1446024056083,-588.522102691723,179.2283583714183
Rattus villosissimus,-2756.047650778884,216.10347744287705,-1994.1446024056083,-588.522102691723,179.2283583714183
Mus musculus,-2756.047650778884,216.10347744287705,-1994.1446024056083,-588.522102691723,179.2283583714183
Mus spretus,-2756.047650778884,216.10347744287705,-1994.1446024056083,-588.522102691723,179.2283583714183
Mus minutoides,-2756.047650778884,216.10347744287705,-1994.1446024056083,-588.522102691723,179.2283583714183
Mastomys natalensis,-2756.047650778884,216.10347744287705,-1994.1446024056083,-588.522102691723,179.2283583714183
Apodemus flavicollis,-2756.047650778884,216.10347744287705,-1994.1446024056083,-588.522102691723,179.2283583714183
Apodemus sylvaticus,-2756.047650778884,216.10347744287705,-1994.1446024056083,-588.522102691723,179.2283583714183
Apodemus witherbyi,-2756.047650778884,216.10347744287705,-1994.1446024056083,-588.522102691723,179.2283583714183
Apodemus hermonensis,-2756.047650778884,216.10347744287705,-1994.1446024056083,-588.522102691723,179.2283583714183
Apodemus mystacinus,-2756.047650778884,216.10347744287705,-1994.1446024056083,-588.522102691723,179.2283583714183
Apodemus agrarius,-2756.047650778884,216.10347744287705,-1994.1446024056083,-588.522102691723,179.2283583714183
Micaelamys namaquensis,-2756.047650778884,216.10347744287705,-1994.1446024056083,-588.522102691723,179.2283583714183
Lemniscomys rosalia,-2756.047650778884,216.10347744287705,-1994.1446024056083,-588.522102691723,179.2283583714183
Lemniscomys griselda,-2756.047650778884,216.10347744287705,-1994.1446024056083,-588.522102691723,179.2283583714183
Rhabdomys pumilio,-2756.047650778884,216.10347744287705,-1994.1446024056083,-588.522102691723,179.2283583714183
Stochomys longicaudatus,-2756.047650778884,216.10347744287705,-1994.1446024056083,-588.522102691723,179.2283583714183
Golunda ellioti,-2756.047650778884,216.10347744287705,-1994.1446024056083,-588.522102691723,179.2283583714183
Otomys irroratus,-2756.047650778884,216.10347744287705,-1994.1446024056083,-588.522102691723,179.2283583714183
Parotomys brantsii,-2756.047650778884,216.10347744287705,-1994.1446024056083,-588.522102691723,179.2283583714183
Myotomys sloggetti,-2756.047650778884,216.10347744287705,-1994.1446024056083,-588.522102691723,179.2283583714183
Myotomys unisulcatus,-2756.047650778884,216.10347744287705,-1994.1446024056083,-588.522102691723,179.2283583714183
Millardia meltada,-2756.047650778884,216.10347744287705,-1994.1446024056083,-588.522102691723,179.2283583714183
Pseudomys gracilicaudatus,-2756.047650778884,216.10347744287705,-1994.1446024056083,-588.522102691723,179.2283583714183
Notomys alexis,-2756.047650778884,216.10347744287705,-1994.1446024056083,-588.522102691723,179.2283583714183
Notomys cervinus,-2756.047650778884,216.10347744287705,-1994.1446024056083,-588.522102691723,179.2283583714183
Uromys caudimaculatus,-2756.047650778884,216.10347744287705,-1994.1446024056083,-588.522102691723,179.2283583714183
Conilurus penicillatus,-2756.047650778884,216.10347744287705,-1994.1446024056083,-588.522102691723,179.2283583714183
Hydromys chrysogaster,-2756.047650778884,216.10347744287705,-1994.1446024056083,-588.522102691723,179.2283583714183
Acomys subspinosus,-2756.047650778884,216.10347744287705,-1994.1446024056083,-588.522102691723,179.2283583714183
Acomys cahirinus,-2756.047650778884,216.10347744287705,-1994.1446024056083,-588.522102691723,179.2283583714183
Acomys russatus,-2756.047650778884,216.10347744287705,-1994.1446024056083,-588.522102691723,179.2283583714183
Acomys spinosissimus,-2756.047650778884,216.10347744287705,-1994.1446024056083,-588.522102691723,179.2283583714183
Gerbillurus tytonis,-2756.047650778884,216.10347744287705,-1994.1446024056083,-588.522102691723,179.2283583714183
Gerbillurus setzeri,-2756.047650778884,216.10347744287705,-1994.1446024056083,-588.522102691723,179.2283583714183
Gerbillurus vallinus,-3727.9843078893523,-6512.39244757889,4734.26894534594,428.6245147082449,-225.76243791941906
Gerbillurus paeba,-3727.9843078893523,-6512.39244757889,4734.26894534594,428.6245147082449,-225.76243791941906
Gerbilliscus afra,-3727.9843078893523,-6512.39244757889,4734.26894534594,428.6245147082449,-225.76243791941906
Gerbilliscus leucogaster,-3727.9843078893523,-6512.39244757889,4734.26894534594,428.6245147082449,-225.76243791941906
Desmodillus auricularis,-3727.9843078893523,-6512.39244757889,4734.26894534594,428.6245147082449,-225.76243791941906
Tatera indica,-3727.9843078893523,-6512.39244757889,4734.26894534594,428.6245147082449,-225.76243791941906
Gerbillus perpallidus,-3727.9843078893523,-6512.39244757889,4734.26894534594,428.6245147082449,-225.76243791941906
Gerbillus pyramidum,-3727.9843078893523,-6512.39244757889,4734.26894534594,428.6245147082449,-225.76243791941906
Gerbillus andersoni,-3727.9843078893523,-6512.39244757889,4734.26894534594,428.6245147082449,-225.76243791941906
Gerbillus gerbillus,-3727.9843078893523,-6512.39244757889,4734.26894534594,428.6245147082449,-225.76243791941906
Dipodillus dasyurus,-3727.9843078893523,-6512.39244757889,4734.26894534594,428.6245147082449,-225.76243791941906
Gerbillus nanus,-3727.9843078893523,-6512.39244757889,4734.26894534594,428.6245147082449,-225.76243791941906
Sekeetamys calurus,-3727.9843078893523,-6512.39244757889,4734.26894534594,428.6245147082449,-225.76243791941906
Meriones unguiculatus,-3727.9843078893523,-6512.39244757889,4734.26894534594,428.6245147082449,-225.76243791941906
Meriones tristrami,-3727.9843078893523,-6512.39244757889,4734.26894534594,428.6245147082449,-225.76243791941906
Rattus lutreolus,-3727.9843078893523,-6512.39244757889,4734.26894534594,428.6245147082449,-225.76243791941906
Rattus fuscipes,-3727.9843078893523,-6512.39244757889,4734.26894534594,428.6245147082449,-225.76243791941906
Micromys minutus,-3727.9843078893523,-6512.39244757889,4734.26894534594,428.6245147082449,-225.76243791941906
Thallomys nigricauda,-3727.9843078893523,-6512.39244757889,4734.26894534594,428.6245147082449,-225.76243791941906
Thallomys paedulcus,-3727.9843078893523,-6512.39244757889,4734.26894534594,428.6245147082449,-225.76243791941906
Steatomys pratensis,-3727.9843078893523,-6512.39244757889,4734.26894534594,428.6245147082449,-225.76243791941906
Malacothrix typica,-3727.9843078893523,-6512.39244757889,4734.26894534594,428.6245147082449,-225.76243791941906
Saccostomus campestris,-3727.9843078893523,-6512.39244757889,4734.26894534594,428.6245147082449,-225.76243791941906
Cricetomys gambianus,-3727.9843078893523,-6512.39244757889,4734.26894534594,428.6245147082449,-225.76243791941906
Petromyscus collinus,-3727.9843078893523,-6512.39244757889,4734.26894534594,428.6245147082449,-225.76243791941906
Mystromys albicaudatus,-3727.9843078893523,-6512.39244757889,4734.26894534594,428.6245147082449,-225.76243791941906
Tachyoryctes splendens,-3727.9843078893523,-6512.39244757889,4734.26894534594,428.6245147082449,-225.76243791941906
Cannomys badius,-3727.9843078893523,-6512.39244757889,4734.26894534594,428.6245147082449,-225.76243791941906
Sicista betulina,-3727.9843078893523,-6512.39244757889,4734.26894534594,428.6245147082449,-225.76243791941906
Jaculus orientalis,-3727.9843078893523,-6512.39244757889,4734.26894534594,428.6245147082449,-225.76243791941906
Jaculus jaculus,-3727.9843078893523,-6512.39244757889,4734.26894534594,428.6245147082449,-225.76243791941906
Napaeozapus insignis,-3727.9843078893523,-6512.39244757889,4734.26894534594,428.6245147082449,-225.76243791941906
Zapus hudsonius,-3727.9843078893523,-6512.39244757889,4734.26894534594,428.6245147082449,-225.76243791941906
Pedetes capensis,-3727.9843078893523,-6512.39244757889,4734.26894534594,428.6245147082449,-225.76243791941906
Castor canadensis,-3727.9843078893523,-6512.39244757889,4734.26894534594,428.6245147082449,-225.76243791941906
Heteromys anomalus,-3727.9843078893523,-6512.39244757889,4734.26894534594,428.6245147082449,-225.76243791941906
Heteromys desmarestianus,-3727.9843078893523,-6512.39244757889,4734.26894534594,428.6245147082449,-225.76243791941906
Perognathus parvus,-3727.9843078893523,-6512.39244757889,4734.26894534594,428.6245147082449,-225.76243791941906
Perognathus longimembris,-3727.9843078893523,-6512.39244757889,4734.26894534594,428.6245147082449,-225.76243791941906
Perognathus flavus,-3727.9843078893523,-6512.39244757889,4734.26894534594,428.6245147082449,-225.76243791941906
Chaetodipus formosus,-3727.9843078893523,-6512.39244757889,4734.26894534594,428.6245147082449,-225.76243791941906
Chaetodipus intermedius,-3727.9843078893523,-6512.39244757889,4734.26894534594,428.6245147082449,-225.76243791941906
Chaetodipus penicillatus,-3727.9843078893523,-6512.39244757889,4734.26894534594,428.6245147082449,-225.76243791941906
Chaetodipus fallax,-3727.9843078893523,-6512.39244757889,4734.26894534594,428.6245147082449,-225.76243791941906
Chaetodipus californicus,-3727.9843078893523,-6512.39244757889,4734.26894534594,428.6245147082449,-225.76243791941906
Chaetodipus baileyi,-3727.9843078893523,-6512.39244757889,4734.26894534594,428.6245147082449,-225.76243791941906
Chaetodipus hispidus,-3727.9843078893523,-6512.39244757889,4734.26894534594,428.6245147082449,-225.76243791941906
Dipodomys agilis,-3727.9843078893523,-6512.39244757889,4734.26894534594,428.6245147082449,-225.76243791941906
Dipodomys microps,-3727.9843078893523,-6512.39244757889,4734.26894534594,428.6245147082449,-225.76243791941906
Dipodomys panamintinus,-3727.9843078893523,-6512.39244757889,4734.26894534594,428.6245147082449,-225.76243791941906
Dipodomys heermanni,-3727.9843078893523,-6512.39244757889,4734.26894534594,428.6245147082449,-225.76243791941906
Dipodomys nitratoides,-3727.9843078893523,-6512.39244757889,4734.26894534594,428.6245147082449,-225.76243791941906
Dipodomys merriami,-3727.9843078893523,-6512.39244757889,4734.26894534594,428.6245147082449,-225.76243791941906
Dipodomys ordii,-3727.9843078893523,-6512.39244757889,4734.26894534594,428.6245147082449,-225.76243791941906
Dipodomys deserti,-3727.9843078893523,-6512.39244757889,4734.26894534594,428.6245147082449,-225.76243791941906
Microdipodops megacephalus,-3727.9843078893523,-6512.39244757889,4734.26894534594,428.6245147082449,-225.76243791941906
Microdipodops pallidus,-3727.9843078893523,-6512.39244757889,4734.26894534594,428.6245147082449,-225.76243791941906
Geomys pinetis,-3727.9843078893523,-6512.39244757889,4734.26894534594,428.6245147082449,-225.76243791941906
Geomys bursarius,-3727.9843078893523,-6512.39244757889,4734.26894534594,428.6245147082449,-225.76243791941906
Thomomys talpoides,-3727.9843078893523,-6512.39244757889,4734.26894534594,428.6245147082449,-225.76243791941906
Thomomys bottae,-3727.9843078893523,-6512.39244757889,4734.26894534594,428.6245147082449,-225.76243791941906
Thomomys umbrinus,-3727.9843078893523,-6512.39244757889,4734.26894534594,428.6245147082449,-225.76243791941906
Heterocephalus glaber,-3727.9843078893523,-6512.39244757889,4734.26894534594,428.6245147082449,-225.76243791941906
Georychus capensis,-3727.9843078893523,-6512.39244757889,4734.26894534594,428.6245147082449,-225.76243791941906
Bathyergus janetta,-3727.9843078893523,-6512.39244757889,4734.26894534594,428.6245147082449,-225.76243791941906
Bathyergus suillus,-3727.9843078893523,-6512.39244757889,4734.26894534594,428.6245147082449,-225.76243791941906
Fukomys damarensis,-3727.9843078893523,-6512.39244757889,4734.26894534594,428.6245147082449,-225.76243791941906
Cryptomys hottentotus,-3727.9843078893523,-6512.39244757889,4734.26894534594,428.6245147082449,-225.76243791941906
Heliophobius argenteocinereus,-3727.9843078893523,-6512.39244757889,4734.26894534594,428.6245147082449,-225.76243791941906
Aconaemys fuscus,-3727.9843078893523,-6512.39244757889,4734.26894534594,428.6245147082449,-225.76243791941906
Spalacopus cyanus,-3727.9843078893523,-6512.39244757889,4734.26894534594,428.6245147082449,-225.76243791941906
Octodon degus,-3727.9843078893523,-6512.39244757889,4734.26894534594,428.6245147082449,-225.76243791941906
Octodon lunatus,-3727.9843078893523,-6512.39244757889,4734.26894534594,428.6245147082449,-225.76243791941906
Octodontomys gliroides,-3727.9843078893523,-6512.39244757889,4734.26894534594,428.6245147082449,-225.76243791941906
Tympanoctomys barrerae,-3727.9843078893523,-6512.39244757889,4734.26894534594,428.6245147082449,-225.76243791941906
Octomys mimax,-3727.9843078893523,-6512.39244757889,4734.26894534594,428.6245147082449,-225.76243791941906
Ctenomys australis,-3727.9843078893523,-6512.39244757889,4734.26894534594,428.6245147082449,-225.76243791941906
Ctenomys talarum,-3727.9843078893523,-6512.39244757889,4734.26894534594,428.6245147082449,-225.76243791941906
Ctenomys maulinus,-3727.9843078893523,-6512.39244757889,4734.26894534594,428.6245147082449,-225.76243791941906
Ctenomys fulvus,-3727.9843078893523,-6512.39244757889,4734.26894534594,428.6245147082449,-225.76243791941906
Ctenomys opimus,-3727.9843078893523,-6512.39244757889,4734.26894534594,428.6245147082449,-225.76243791941906
Capromys pilorides,-3727.9843078893523,-6512.39244757889,4734.26894534594,428.6245147082449,-225.76243791941906
Geocapromys brownii,-3727.9843078893523,-6512.39244757889,4734.26894534594,428.6245147082449,-225.76243791941906
Geocapromys ingrahami,-3727.9843078893523,-6512.39244757889,4734.26894534594,428.6245147082449,-225.76243791941906
Proechimys semispinosus,-3727.9843078893523,-6512.39244757889,4734.26894534594,428.6245147082449,-225.76243791941906
Myocastor coypus,-3727.9843078893523,-6512.39244757889,4734.26894534594,428.6245147082449,-225.76243791941906
Thrichomys apereoides,-3727.9843078893523,-6512.39244757889,4734.26894534594,428.6245147082449,-225.76243791941906
Lagostomus maximus,-3727.9843078893523,-6512.39244757889,4734.26894534594,428.6245147082449,-225.76243791941906
Chinchilla lanigera,-3727.9843078893523,-6512.39244757889,4734.26894534594,428.6245147082449,-225.76243791941906
Dasyprocta leporina,-3727.9843078893523,-6512.39244757889,4734.26894534594,428.6245147082449,-225.76243791941906
Myoprocta acouchy,-3727.9843078893523,-6512.39244757889,4734.26894534594,428.6245147082449,-225.76243791941906
Cavia porcellus,-3727.9843078893523,-6512.39244757889,4734.26894534594,428.6245147082449,-225.76243791941906
Microcavia niata,-3727.9843078893523,-6512.39244757889,4734.26894534594,428.6245147082449,-225.76243791941906
Galea musteloides,-3727.9843078893523,-6512.39244757889,4734.26894534594,428.6245147082449,-225.76243791941906
Hydrochoerus hydrochaeris,-3727.9843078893523,-6512.39244757889,4734.26894534594,428.6245147082449,-225.76243791941906
Kerodon rupestris,-3727.9843078893523,-6512.39244757889,4734.26894534594,428.6245147082449,-225.76243791941906
Dolichotis salinicola,-3727.9843078893523,-6512.39244757889,4734.26894534594,428.6245147082449,-225.76243791941906
Cuniculus paca,-3727.9843078893523,-6512.39244757889,4734.26894534594,428.6245147082449,-225.76243791941906
Coendou prehensilis,-3727.9843078893523,-6512.39244757889,4734.26894534594,428.6245147082449,-225.76243791941906
Hystrix africaeaustralis,-3727.9843078893523,-6512.39244757889,4734.26894534594,428.6245147082449,-225.76243791941906
Perodicticus potto,-3655.3370378655973,-5944.340167150048,4120.696289745943,301.925623364948,-31.881999904146046
Arctocebus calabarensis,-3655.3370378655973,-5944.340167150048,4120.696289745943,301.925623364948,-31.881999904146046
Nycticebus coucang,-3655.3370378655973,-5944.340167150048,4120.696289745943,301.925623364948,-31.881999904146046
Loris tardigradus,-3655.3370378655973,-5944.340167150048,4120.696289745943,301.925623364948,-31.881999904146046
Euoticus elegantulus,-3655.3370378655973,-5944.340167150048,4120.696289745943,301.925623364948,-31.881999904146046
Galagoides demidoff,-3655.3370378655973,-5944.340167150048,4120.696289745943,301.925623364948,-31.881999904146046
Galago senegalensis,-3656.283145563617,-5950.821332433509,4127.1294781314755,302.86242909222767,-32.104100974128414
Galago moholi,-3655.3370378655973,-5944.340167150048,4120.696289745943,301.925623364948,-31.881999904146046
Otolemur garnettii,-3655.3370378655973,-5944.340167150048,4120.696289745943,301.925623364948,-31.881999904146046
Otolemur crassicaudatus,-3655.3370378655973,-5944.340167150048,4120.696289745943,301.925623364948,-31.881999904146046
Propithecus verreauxi,-3655.3370378655973,-5944.340167150048,4120.696289745943,301.925623364948,-31.881999904146046
Cheirogaleus medius,-3655.3370378655973,-5944.340167150048,4120.696289745943,301.925623364948,-31.881999904146046
Eulemur fulvus,-3655.3370378655973,-5944.340167150048,4120.696289745943,301.925623364948,-31.881999904146046
Aotus trivirgatus,-3655.3370378655973,-5944.340167150048,4120.696289745943,301.925623364948,-31.881999904146046
Cebuella pygmaea,-3655.3370378655973,-5944.340167150048,4120.696289745943,301.925623364948,-31.881999904146046
Callithrix jacchus,-3655.3370378655973,-5944.340167150048,4120.696289745943,301.925623364948,-31.881999904146046
Callimico goeldii,-3655.3370378655973,-5944.340167150048,4120.696289745943,301.925623364948,-31.881999904146046
Saguinus geoffroyi,-3655.3370378655973,-5944.340167150048,4120.696289745943,301.925623364948,-31.881999904146046
Saimiri sciureus,-3655.1913668005905,-5943.342269921956,4119.705779463161,301.7813845131862,-31.84780326937325
Alouatta palliata,-3655.3370378655973,-5944.340167150048,4120.696289745943,301.925623364948,-31.881999904146046
Homo sapiens,-3655.3370378655973,-5944.340167150048,4120.696289745943,301.925623364948,-31.881999904146046
Erythrocebus patas,-3655.3370378655973,-5944.340167150048,4120.696289745943,301.925623364948,-31.881999904146046
Cercopithecus mitis,-3655.3370378655973,-5944.340167150048,4120.696289745943,301.925623364948,-31.881999904146046
Papio hamadryas,-3655.3370378655973,-5944.340167150048,4120.696289745943,301.925623364948,-31.881999904146046
Colobus guereza,-3655.3370378655973,-5944.340167150048,4120.696289745943,301.925623364948,-31.881999904146046
Tarsius tarsier,-3655.3370378655973,-5944.340167150048,4120.696289745943,301.925623364948,-31.881999904146046
Carlito syrichta,-3655.3370378655973,-5944.340167150048,4120.696289745943,301.925623364948,-31.881999904146046
Ptilocercus lowii,-3655.3370378655973,-5944.340167150048,4120.696289745943,301.925623364948,-31.881999904146046
Tupaia glis,-3655.3370378655973,-5944.340167150048,4120.696289745943,301.925623364948,-31.881999904146046
Urogale everetti,-3655.3370378655973,-5944.340167150048,4120.696289745943,301.925623364948,-31.881999904146046
Heterohyrax brucei,-3655.3370378655973,-5944.340167150048,4120.696289745943,301.925623364948,-31.881999904146046
Procavia capensis,-3655.3370378655973,-5944.340167150048,4120.696289745943,301.925623364948,-31.881999904146046
Dendrohyrax dorsalis,-3655.3370378655973,-5944.340167150048,4120.696289745943,301.925623364948,-31.881999904146046
Trichechus inunguis,-3655.3370378655973,-5944.340167150048,4120.696289745943,301.925623364948,-31.881999904146046
Elephas maximus,-3655.3370378655973,-5944.340167150048,4120.696289745943,301.925623364948,-31.881999904146046
Amblysomus hottentotus,-3655.3370378655973,-5944.340167150048,4120.696289745943,301.925623364948,-31.881999904146046
Eremitalpa granti,-3655.3370378655973,-5944.340167150048,4120.696289745943,301.925623364948,-31.881999904146046
Chrysochloris asiatica,-3655.3370378655973,-5944.340167150048,4120.696289745943,301.925623364948,-31.881999904146046
Geogale aurita,-3655.3370378655973,-5944.340167150048,4120.696289745943,301.925623364948,-31.881999904146046
Limnogale mergulus,-3655.3370378655973,-5944.340167150048,4120.696289745943,301.925623364948,-31.881999904146046
Microgale cowani,-3655.3370378655973,-5944.340167150048,4120.696289745943,301.925623364948,-31.881999904146046
Microgale talazaci,-3655.3370378655973,-5944.340167150048,4120.696289745943,301.925623364948,-31.881999904146046
Microgale dobsoni,-3655.3370378655973,-5944.340167150048,4120.696289745943,301.925623364948,-31.881999904146046
Setifer setosus,-3655.3370378655973,-5944.340167150048,4120.696289745943,301.925623364948,-31.881999904146046
Echinops telfairi,-3655.3370378655973,-5944.340167150048,4120.696289745943,301.925623364948,-31.881999904146046
Tenrec ecaudatus,-3655.3370378655973,-5944.340167150048,4120.696289745943,301.925623364948,-31.881999904146046
Hemicentetes semispinosus,-3655.3370378655973,-5944.340167150048,4120.696289745943,301.925623364948,-31.881999904146046
Elephantulus intufi,-3655.3370378655973,-5944.340167150048,4120.696289745943,301.925623364948,-31.881999904146046
Elephantulus brachyrhynchus,-3655.3370378655973,-5944.340167150048,4120.696289745943,301.925623364948,-31.881999904146046
Elephantulus edwardii,-3655.3370378655973,-5944.340167150048,4120.696289745943,301.925623364948,-31.881999904146046
Elephantulus myurus,-3655.3370378655973,-5944.340167150048,4120.696289745943,301.925623364948,-31.881999904146046
Petrodromus tetradactylus,-3655.3370378655973,-5944.340167150048,4120.696289745943,301.925623364948,-31.881999904146046
Macroscelides proboscideus,-3655.3370378655973,-5944.340167150048,4120.696289745943,301.925623364948,-31.881999904146046
Orycteropus afer,-3655.3370378655973,-5944.340167150048,4120.696289745943,301.925623364948,-31.881999904146046
Zaedyus pichiy,-3655.3370378655973,-5944.340167150048,4120.696289745943,301.925623364948,-31.881999904146046
Chaetophractus vellerosus,-3655.3370378655973,-5944.340167150048,4120.696289745943,301.925623364948,-31.881999904146046
Chaetophractus villosus,-3655.3370378655973,-5944.340167150048,4120.696289745943,301.925623364948,-31.881999904146046
Euphractus sexcinctus,-3655.3370378655973,-5944.340167150048,4120.696289745943,301.925623364948,-31.881999904146046
Tolypeutes matacus,-3655.3370378655973,-5944.340167150048,4120.696289745943,301.925623364948,-31.881999904146046
Cabassous centralis,-3655.3370378655973,-5944.340167150048,4120.696289745943,301.925623364948,-31.881999904146046
Priodontes maximus,-3655.3370378655973,-5944.340167150048,4120.696289745943,301.925623364948,-31.881999904146046
Dasypus novemcinctus,-3655.3370378655973,-5944.340167150048,4120.696289745943,301.925623364948,-31.881999904146046
Tamandua mexicana,-3655.3370378655973,-5944.340167150048,4120.696289745943,301.925623364948,-31.881999904146046
Tamandua tetradactyla,-3655.3370378655973,-5944.340167150048,4120.696289745943,301.925623364948,-31.881999904146046
Myrmecophaga tridactyla,-3655.3370378655973,-5944.340167150048,4120.696289745943,301.925623364948,-31.881999904146046
Cyclopes didactylus,-3655.3370378655973,-5944.340167150048,4120.696289745943,301.925623364948,-31.881999904146046
Bradypus variegatus,-3655.3370378655973,-5944.340167150048,4120.696289745943,301.925623364948,-31.881999904146046
Choloepus hoffmanni,-3655.3370378655973,-5944.340167150048,4120.696289745943,301.925623364948,-31.881999904146046
Tachyglossus aculeatus,-3655.3370378655977,-5944.340167150049,4120.696289745943,301.9256233649478,-31.881999904145648
Zaglossus bruijni,-3655.3370378655977,-5944.340167150049,4120.696289745943,301.9256233649478,-31.881999904145648
Ornithorhynchus anatinus,-3655.3370378655977,-5944.340167150049,4120.696289745943,301.9256233649478,-31.881999904145648
Bunopus tuberculatus,-3458.453169789852,-4543.216551484275,2693.7486266216506,68.11914435925384,120.08842338086038
Hemidactylus frenatus,-3458.453169789852,-4543.216551484275,2693.7486266216506,68.11914435925384,120.08842338086038
Hemidactylus platyurus,-3458.453169789852,-4543.216551484275,2693.7486266216506,68.11914435925384,120.08842338086038
Gekko gecko,-3458.453169789852,-4543.216551484275,2693.7486266216506,68.11914435925384,120.08842338086038
Tarentola mauritanica,-3458.453169789852,-4543.216551484275,2693.7486266216506,68.11914435925384,120.08842338086038
Ptyodactylus hasselquistii,-3458.453169789852,-4543.216551484275,2693.7486266216506,68.11914435925384,120.08842338086038
Sphaerodactylus macrolepis,-3458.453169789852,-4543.216551484275,2693.7486266216506,68.11914435925384,120.08842338086038
Sphaerodactylus cinereus,-3458.453169789852,-4543.216551484275,2693.7486266216506,68.11914435925384,120.08842338086038
Coleonyx variegatus,-3458.453169789852,-4543.216551484275,2693.7486266216506,68.11914435925384,120.08842338086038
Scincella lateralis,-3443.3944441547956,-4430.9458971392905,2576.0141485784216,46.450530723513715,142.01497402390365
Ctenotus labillardieri,-3443.3944441547956,-4430.9458971392905,2576.0141485784216,46.450530723513715,142.01497402390365
Egernia cunninghami,-3443.3944441547956,-4430.9458971392905,2576.0141485784216,46.450530723513715,142.01497402390365
Tiliqua scincoides,-3443.3944441547956,-4430.9458971392905,2576.0141485784216,46.450530723513715,142.01497402390365
Tiliqua rugosa,-3443.3944441547956,-4430.9458971392905,2576.0141485784216,46.450530723513715,142.01497402390365
Scelotes gronovii,-3443.3944441547956,-4430.9458971392905,2576.0141485784216,46.450530723513715,142.01497402390365
Chalcides sepsoides,-3443.3944441547956,-4430.9458971392905,2576.0141485784216,46.450530723513715,142.01497402390365
Chalcides ocellatus,-3443.3944441547956,-4430.9458971392905,2576.0141485784216,46.450530723513715,142.01497402390365
Scincus mitranus,-3443.3944441547956,-4430.9458971392905,2576.0141485784216,46.450530723513715,142.01497402390365
Acontias meleagris,-3443.3944441547956,-4430.9458971392905,2576.0141485784216,46.450530723513715,142.01497402390365
Lepidophyma gaigeae,-3443.3944441547956,-4430.9458971392905,2576.0141485784216,46.450530723513715,142.01497402390365
Xantusia henshawi,-3443.3944441547956,-4430.9458971392905,2576.0141485784216,46.450530723513715,142.01497402390365
Xantusia vigilis,-3443.3944441547956,-4430.9458971392905,2576.0141485784216,46.450530723513715,142.01497402390365
Xantusia riversiana,-3443.3944441547956,-4430.9458971392905,2576.0141485784216,46.450530723513715,142.01497402390365
Python sebae,-3393.8520363586545,-4061.2128600917345,2188.054123467326,-25.110396352990882,214.89778119568652
Python molurus,-3393.8520363586545,-4061.2128600917345,2188.054123467326,-25.110396352990882,214.89778119568652
Python regius,-3393.8520363586545,-4061.2128600917345,2188.054123467326,-25.110396352990882,214.89778119568652
Antaresia stimsoni,-3393.5781634844466,-4059.165583142262,2185.903785885323,-25.508482284633622,215.30750803615823
Antaresia childreni,-3393.5781634844466,-4059.165583142262,2185.903785885323,-25.508482284633622,215.30750803615823
Morelia spilota,-3393.5781634844466,-4059.165583142262,2185.903785885323,-25.508482284633622,215.30750803615823
Liasis olivaceus,-3215.680658853516,-2738.574111311244,804.6491775530316,-277.3042495725669,463.12031979847495
Liasis fuscus,-3215.680658853516,-2738.574111311244,804.6491775530316,-277.3042495725669,463.12031979847495
Aspidites melanocephalus,-3215.680658853516,-2738.574111311244,804.6491775530316,-277.3042495725669,463.12031979847495
Malayopython reticulatus,-3215.680658853516,-2738.574111311244,804.6491775530316,-277.3042495725669,463.12031979847495
Epicrates cenchria,-3215.680658853516,-2738.574111311244,804.6491775530316,-277.3042495725669,463.12031979847495
Eunectes murinus,-3215.680658853516,-2738.574111311244,804.6491775530316,-277.3042495725669,463.12031979847495
Eunectes notaeus,-3215.680658853516,-2738.574111311244,804.6491775530316,-277.3042495725669,463.12031979847495
Corallus caninus,-3215.680658853516,-2738.574111311244,804.6491775530316,-277.3042495725669,463.12031979847495
Boa constrictor,-3215.680658853516,-2738.574111311244,804.6491775530316,-277.3042495725669,463.12031979847495
Eryx colubrinus,-3215.680658853516,-2738.574111311244,804.6491775530316,-277.3042495725669,463.12031979847495
Lichanura trivirgata,-3215.680658853516,-2738.574111311244,804.6491775530316,-277.3042495725669,463.12031979847495
Acrantophis dumerili,-3215.680658853516,-2738.574111311244,804.6491775530316,-277.3042495725669,463.12031979847495
Pseudonaja nuchalis,-3215.680658853516,-2738.574111311244,804.6491775530316,-277.3042495725669,463.12031979847495
Hydrophis platurus,-3215.680658853516,-2738.574111311244,804.6491775530316,-277.3042495725669,463.12031979847495
Acanthophis praelongus,-3215.680658853516,-2738.574111311244,804.6491775530316,-277.3042495725669,463.12031979847495
Salvadora hexalepis,-3215.680658853516,-2738.574111311244,804.6491775530316,-277.3042495725669,463.12031979847495
Chironius quadricarinatus,-3215.680658853516,-2738.574111311244,804.6491775530316,-277.3042495725669,463.12031979847495
Coluber constrictor,-3215.680658853516,-2738.574111311244,804.6491775530316,-277.3042495725669,463.12031979847495
Masticophis flagellum,-3215.680658853516,-2738.574111311244,804.6491775530316,-277.3042495725669,463.12031979847495
Lampropeltis getula,-3215.680658853516,-2738.574111311244,804.6491775530316,-277.3042495725669,463.12031979847495
Pantherophis guttatus,-3215.680658853516,-2738.574111311244,804.6491775530316,-277.3042495725669,463.12031979847495
Pituophis catenifer,-3215.680658853516,-2738.574111311244,804.6491775530316,-277.3042495725669,463.12031979847495
Dipsas albifrons,-3215.680658853516,-2738.574111311244,804.6491775530316,-277.3042495725669,463.12031979847495
Xenodon merremii,-3215.680658853516,-2738.574111311244,804.6491775530316,-277.3042495725669,463.12031979847495
Xenodon guentheri,-3215.680658853516,-2738.574111311244,804.6491775530316,-277.3042495725669,463.12031979847495
Xenodon neuwiedii,-3215.680658853516,-2738.574111311244,804.6491775530316,-277.3042495725669,463.12031979847495
Helicops modestus,-3215.680658853516,-2738.574111311244,804.6491775530316,-277.3042495725669,463.12031979847495
Oxyrhopus trigeminus,-3215.680658853516,-2738.574111311244,804.6491775530316,-277.3042495725669,463.12031979847495
Philodryas patagoniensis,-3215.680658853516,-2738.574111311244,804.6491775530316,-277.3042495725669,463.12031979847495
Philodryas olfersii,-3215.680658853516,-2738.574111311244,804.6491775530316,-277.3042495725669,463.12031979847495
Diadophis punctatus,-3215.680658853516,-2738.574111311244,804.6491775530316,-277.3042495725669,463.12031979847495
Storeria dekayi,-3215.680658853516,-2738.574111311244,804.6491775530316,-277.3042495725669,463.12031979847495
Nerodia rhombifer,-3215.680658853516,-2738.574111311244,804.6491775530316,-277.3042495725669,463.12031979847495
Thamnophis butleri,-3215.680658853516,-2738.574111311244,804.6491775530316,-277.3042495725669,463.12031979847495
Thamnophis proximus,-3215.680658853516,-2738.574111311244,804.6491775530316,-277.3042495725669,463.12031979847495
Thamnophis sirtalis,-3215.680658853516,-2738.574111311244,804.6491775530316,-277.3042495725669,463.12031979847495
Natrix maura,-3215.680658853516,-2738.574111311244,804.6491775530316,-277.3042495725669,463.12031979847495
Natrix natrix,-3215.680658853516,-2738.574111311244,804.6491775530316,-277.3042495725669,463.12031979847495
Vipera berus,-3215.680658853516,-2738.574111311244,804.6491775530316,-277.3042495725669,463.12031979847495
Crotalus viridis,-3215.680658853516,-2738.574111311244,804.6491775530316,-277.3042495725669,463.12031979847495
Varanus albigularis,-3215.680658853516,-2738.574111311244,804.6491775530316,-277.3042495725669,463.12031979847495
Varanus exanthematicus,-3215.680658853516,-2738.574111311244,804.6491775530316,-277.3042495725669,463.12031979847495
Varanus gilleni,-3215.680658853516,-2738.574111311244,804.6491775530316,-277.3042495725669,463.12031979847495
Varanus varius,-3215.680658853516,-2738.574111311244,804.6491775530316,-277.3042495725669,463.12031979847495
Varanus panoptes,-3215.680658853516,-2738.574111311244,804.6491775530316,-277.3042495725669,463.12031979847495
Varanus giganteus,-3215.680658853516,-2738.574111311244,804.6491775530316,-277.3042495725669,463.12031979847495
Varanus mertensi,-3215.680658853516,-2738.574111311244,804.6491775530316,-277.3042495725669,463.12031979847495
Varanus bengalensis,-3215.680658853516,-2738.574111311244,804.6491775530316,-277.3042495725669,463.12031979847495
Anguis fragilis,-3215.680658853516,-2738.574111311244,804.6491775530316,-277.3042495725669,463.12031979847495
Ophisaurus ventralis,-3215.680658853516,-2738.574111311244,804.6491775530316,-277.3042495725669,463.12031979847495
Elgaria multicarinata,-3215.680658853516,-2738.574111311244,804.6491775530316,-277.3042495725669,463.12031979847495
Anniella pulchra,-3215.680658853516,-2738.574111311244,804.6491775530316,-277.3042495725669,463.12031979847495
Crotaphytus collaris,-3215.680658853516,-2738.574111311244,804.6491775530316,-277.3042495725669,463.12031979847495
Anolis limifrons,-3215.680658853516,-2738.574111311244,804.6491775530316,-277.3042495725669,463.12031979847495
Anolis acutus,-3215.680658853516,-2738.574111311244,804.6491775530316,-277.3042495725669,463.12031979847495
Anolis carolinensis,-3215.680658853516,-2738.574111311244,804.6491775530316,-277.3042495725669,463.12031979847495
Phrynosoma cornutum,-3215.680658853516,-2738.574111311244,804.6491775530316,-277.3042495725669,463.12031979847495
Petrosaurus mearnsi,-3215.680658853516,-2738.574111311244,804.6491775530316,-277.3042495725669,463.12031979847495
Sceloporus undulatus,-3215.680658853516,-2738.574111311244,804.6491775530316,-277.3042495725669,463.12031979847495
Sceloporus occidentalis,-3215.680658853516,-2738.574111311244,804.6491775530316,-277.3042495725669,463.12031979847495
Sceloporus olivaceus,-3215.680658853516,-2738.574111311244,804.6491775530316,-277.3042495725669,463.12031979847495
Sceloporus graciosus,-3215.680658853516,-2738.574111311244,804.6491775530316,-277.3042495725669,463.12031979847495
Sceloporus variabilis,-3215.680658853516,-2738.574111311244,804.6491775530316,-277.3042495725669,463.12031979847495
Uta stansburiana,-3215.680658853516,-2738.574111311244,804.6491775530316,-277.3042495725669,463.12031979847495
Amblyrhynchus cristatus,-3215.680658853516,-2738.574111311244,804.6491775530316,-277.3042495725669,463.12031979847495
Sauromalus hispidus,-3215.680658853516,-2738.574111311244,804.6491775530316,-277.3042495725669,463.12031979847495
Sauromalus ater,-3215.680658853516,-2738.574111311244,804.6491775530316,-277.3042495725669,463.12031979847495
Iguana iguana,-3215.680658853516,-2738.574111311244,804.6491775530316,-277.3042495725669,463.12031979847495
Dipsosaurus dorsalis,-3215.680658853516,-2738.574111311244,804.6491775530316,-277.3042495725669,463.12031979847495
Cnemidophorus murinus,-3215.680658853516,-2738.574111311244,804.6491775530316,-277.3042495725669,463.12031979847495
Podarcis lilfordi,-3215.680658853516,-2738.574111311244,804.6491775530316,-277.3042495725669,463.12031979847495
Podarcis muralis,-3215.680658853516,-2738.574111311244,804.6491775530316,-277.3042495725669,463.12031979847495
Lacerta agilis,-3215.680658853516,-2738.574111311244,804.6491775530316,-277.3042495725669,463.12031979847495
Lacerta viridis,-3215.680658853516,-2738.574111311244,804.6491775530316,-277.3042495725669,463.12031979847495
Acanthodactylus scutellatus,-3215.680658853516,-2738.574111311244,804.6491775530316,-277.3042495725669,463.12031979847495
Acanthodactylus schmidti,-3215.680658853516,-2738.574111311244,804.6491775530316,-277.3042495725669,463.12031979847495
Acanthodactylus schreiberi,-3215.680658853516,-2738.574111311244,804.6491775530316,-277.3042495725669,463.12031979847495
Acanthodactylus opheodurus,-3215.680658853516,-2738.574111311244,804.6491775530316,-277.3042495725669,463.12031979847495
Acanthodactylus pardalis,-3215.680658853516,-2738.574111311244,804.6491775530316,-277.3042495725669,463.12031979847495
Psammodromus algirus,-3215.680658853516,-2738.574111311244,804.6491775530316,-277.3042495725669,463.12031979847495
Diplometopon zarudnyi,-3215.680658853516,-2738.574111311244,804.6491775530316,-277.3042495725669,463.12031979847495
Blanus cinereus,-3215.680658853516,-2738.574111311244,804.6491775530316,-277.3042495725669,463.12031979847495
Struthio camelus,-2932.75454596668,-919.8286549703039,-918.142334424235,-468.87373195772165,288.371231470741
Apteryx owenii,-2932.75454596668,-919.8286549703039,-918.142334424235,-468.87373195772165,288.371231470741
Apteryx haastii,-2932.75454596668,-919.8286549703039,-918.142334424235,-468.87373195772165,288.371231470741
Apteryx australis,-2932.75454596668,-919.8286549703039,-918.142334424235,-468.87373195772165,288.371231470741
Apus apus,-2879.5312594123575,-577.6299026143473,-1242.3284962976684,-504.9482359552694,255.5341049408957
Florisuga mellivora,-2877.5303377805235,-564.6891665735897,-1254.6390350409665,-506.3501663261929,254.34434447513178
Trochilus scitulus,-2877.291976538224,-563.1474167031554,-1256.1058208165814,-506.51727798009637,254.20271679642042
Chrysuronia oenone,-2877.291976538224,-563.1474167031554,-1256.1058208165814,-506.51727798009637,254.20271679642042
Orthorhyncus cristatus,-2877.291976538224,-563.1474167031554,-1256.1058208165814,-506.51727798009637,254.20271679642042
Chlorostilbon mellisugus,-2877.291976538224,-563.1474167031554,-1256.1058208165814,-506.51727798009637,254.20271679642042
Eugenes fulgens,-2877.291976538224,-563.1474167031554,-1256.1058208165814,-506.51727798009637,254.20271679642042
Lampornis clemenciae,-2877.291976538224,-563.1474167031554,-1256.1058208165814,-506.51727798009637,254.20271679642042
Archilochus alexandri,-2877.291976538224,-563.1474167031554,-1256.1058208165814,-506.51727798009637,254.20271679642042
Chaetocercus mulsant,-2877.291976538224,-563.1474167031554,-1256.1058208165814,-506.51727798009637,254.20271679642042
Patagona gigas,-2877.291976538224,-563.1474167031554,-1256.1058208165814,-506.51727798009637,254.20271679642042
Oreotrochilus estella,-2877.264144422261,-562.9673753856206,-1256.277121240038,-506.53680259327575,254.18619137858863
Ocreatus underwoodii,-2877.1386980181624,-562.1558753534646,-1257.0492289025133,-506.62480989539813,254.1117119416634
Urosticte benjamini,-2877.1386980181624,-562.1558753534646,-1257.0492289025133,-506.62480989539813,254.1117119416634
Boissonneaua matthewsii,-2756.047650778884,216.10347744287705,-1994.1446024056083,-588.522102691723,179.2283583714183
Aglaeactis cupripennis,-2756.047650778884,216.10347744287705,-1994.1446024056083,-588.522102691723,179.2283583714183
Eulampis jugularis,-2756.047650778884,216.10347744287705,-1994.1446024056083,-588.522102691723,179.2283583714183
Anthracothorax nigricollis,-2756.047650778884,216.10347744287705,-1994.1446024056083,-588.522102691723,179.2283583714183
Podargus strigoides,-2756.047650778884,216.10347744287705,-1994.1446024056083,-588.522102691723,179.2283583714183
Chordeiles minor,-2756.047650778884,216.10347744287705,-1994.1446024056083,-588.522102691723,179.2283583714183
Eurostopodus argus,-2756.047650778884,216.10347744287705,-1994.1446024056083,-588.522102691723,179.2283583714183
Eudocimus albus,-2756.047650778884,216.10347744287705,-1994.1446024056083,-588.522102691723,179.2283583714183
Ardea herodias,-2756.047650778884,216.10347744287705,-1994.1446024056083,-588.522102691723,179.2283583714183
Pelecanus occidentalis,-2756.047650778884,216.10347744287705,-1994.1446024056083,-588.522102691723,179.2283583714183
Leptoptilos javanicus,-2756.047650778884,216.10347744287705,-1994.1446024056083,-588.522102691723,179.2283583714183
Jabiru mycteria,-2756.047650778884,216.10347744287705,-1994.1446024056083,-588.522102691723,179.2283583714183
Anhinga rufa,-2756.047650778884,216.10347744287705,-1994.1446024056083,-588.522102691723,179.2283583714183
Sula dactylatra,-2756.047650778884,216.10347744287705,-1994.1446024056083,-588.522102691723,179.2283583714183
Fregata magnificens,-2756.047650778884,216.10347744287705,-1994.1446024056083,-588.522102691723,179.2283583714183
Pygoscelis adeliae,-2756.047650778884,216.10347744287705,-1994.1446024056083,-588.522102691723,179.2283583714183
Pygoscelis papua,-2756.047650778884,216.10347744287705,-1994.1446024056083,-588.522102691723,179.2283583714183
Eudyptula minor,-2756.047650778884,216.10347744287705,-1994.1446024056083,-588.522102691723,179.2283583714183
Spheniscus humboldti,-2756.047650778884,216.10347744287705,-1994.1446024056083,-588.522102691723,179.2283583714183
Megadyptes antipodes,-2756.047650778884,216.10347744287705,-1994.1446024056083,-588.522102691723,179.2283583714183
Eudyptes pachyrhynchus,-2756.047650778884,216.10347744287705,-1994.1446024056083,-588.522102691723,179.2283583714183
Eudyptes chrysolophus,-2756.047650778884,216.10347744287705,-1994.1446024056083,-588.522102691723,179.2283583714183
Pelecanoides georgicus,-2756.047650778884,216.10347744287705,-1994.1446024056083,-588.522102691723,179.2283583714183
Procellaria aequinoctialis,-2756.047650778884,216.10347744287705,-1994.1446024056083,-588.522102691723,179.2283583714183
Procellaria cinerea,-2756.047650778884,216.10347744287705,-1994.1446024056083,-588.522102691723,179.2283583714183
Puffinus griseus,-2756.047650778884,216.10347744287705,-1994.1446024056083,-588.522102691723,179.2283583714183
Pterodroma phaeopygia,-2756.047650778884,216.10347744287705,-1994.1446024056083,-588.522102691723,179.2283583714183
Macronectes giganteus,-2756.047650778884,216.10347744287705,-1994.1446024056083,-588.522102691723,179.2283583714183
Puffinus nativitatis,-2756.047650778884,216.10347744287705,-1994.1446024056083,-588.522102691723,179.2283583714183
Oceanodroma furcata,-2756.047650778884,216.10347744287705,-1994.1446024056083,-588.522102691723,179.2283583714183
Diomedea exulans,-2756.047650778884,216.10347744287705,-1994.1446024056083,-588.522102691723,179.2283583714183
Phoebetria fusca,-2756.047650778884,216.10347744287705,-1994.1446024056083,-588.522102691723,179.2283583714183
Phoebastria immutabilis,-2756.047650778884,216.10347744287705,-1994.1446024056083,-588.522102691723,179.2283583714183
Thalassarche chrysostoma,-2756.047650778884,216.10347744287705,-1994.1446024056083,-588.522102691723,179.2283583714183
Phaethon rubricauda,-2756.047650778884,216.10347744287705,-1994.1446024056083,-588.522102691723,179.2283583714183
Crex crex,-2756.047650778884,216.10347744287705,-1994.1446024056083,-588.522102691723,179.2283583714183
Fulica atra,-2756.047650778884,216.10347744287705,-1994.1446024056083,-588.522102691723,179.2283583714183
Grus paradisea,-2756.047650778884,216.10347744287705,-1994.1446024056083,-588.522102691723,179.2283583714183
Gygis alba,-2756.047650778884,216.10347744287705,-1994.1446024056083,-588.522102691723,179.2283583714183
Thalasseus maximus,-2756.047650778884,216.10347744287705,-1994.1446024056083,-588.522102691723,179.2283583714183
Onychoprion lunatus,-2756.047650778884,216.10347744287705,-1994.1446024056083,-588.522102691723,179.2283583714183
Larus argentatus,-2756.047650778884,216.10347744287705,-1994.1446024056083,-588.522102691723,179.2283583714183
Larus canus,-2756.047650778884,216.10347744287705,-1994.1446024056083,-588.522102691723,179.2283583714183
Leucophaeus atricilla,-2756.047650778884,216.10347744287705,-1994.1446024056083,-588.522102691723,179.2283583714183
Chroicocephalus ridibundus,-2756.047650778884,216.10347744287705,-1994.1446024056083,-588.522102691723,179.2283583714183
Anous minutus,-2756.047650778884,216.10347744287705,-1994.1446024056083,-588.522102691723,179.2283583714183
Uria aalge,-2756.047650778884,216.10347744287705,-1994.1446024056083,-588.522102691723,179.2283583714183
Uria lomvia,-2756.047650778884,216.10347744287705,-1994.1446024056083,-588.522102691723,179.2283583714183
Stercorarius skua,-2756.047650778884,216.10347744287705,-1994.1446024056083,-588.522102691723,179.2283583714183
Turnix suscitator,-2756.047650778884,216.10347744287705,-1994.1446024056083,-588.522102691723,179.2283583714183
Thinocorus rumicivorus,-2756.047650778884,216.10347744287705,-1994.1446024056083,-588.522102691723,179.2283583714183
Scolopax minor,-2756.047650778884,216.10347744287705,-1994.1446024056083,-588.522102691723,179.2283583714183
Calidris canutus,-2756.047650778884,216.10347744287705,-1994.1446024056083,-588.522102691723,179.2283583714183
Arenaria interpres,-2756.047650778884,216.10347744287705,-1994.1446024056083,-588.522102691723,179.2283583714183
Tringa ochropus,-2756.047650778884,216.10347744287705,-1994.1446024056083,-588.522102691723,179.2283583714183
Pluvialis dominica,-2756.047650778884,216.10347744287705,-1994.1446024056083,-588.522102691723,179.2283583714183
Pluvialis squatarola,-2756.047650778884,216.10347744287705,-1994.1446024056083,-588.522102691723,179.2283583714183
Haematopus ostralegus,-2756.047650778884,216.10347744287705,-1994.1446024056083,-588.522102691723,179.2283583714183
Pterocles orientalis,-2756.047650778884,216.10347744287705,-1994.1446024056083,-588.522102691723,179.2283583714183
Ptilinopus superbus,-2756.047650778884,216.10347744287705,-1994.1446024056083,-588.522102691723,179.2283583714183
Ptilinopus melanospilus,-2756.047650778884,216.10347744287705,-1994.1446024056083,-588.522102691723,179.2283583714183
Streptopelia turtur,-2756.047650778884,216.10347744287705,-1994.1446024056083,-588.522102691723,179.2283583714183
Spilopelia senegalensis,-2756.047650778884,216.10347744287705,-1994.1446024056083,-588.522102691723,179.2283583714183
Columba livia,-2756.047650778884,216.10347744287705,-1994.1446024056083,-588.522102691723,179.2283583714183
Columba palumbus,-2756.047650778884,216.10347744287705,-1994.1446024056083,-588.522102691723,179.2283583714183
Leptotila verreauxi,-2756.047650778884,216.10347744287705,-1994.1446024056083,-588.522102691723,179.2283583714183
Zenaida macroura,-2756.047650778884,216.10347744287705,-1994.1446024056083,-588.522102691723,179.2283583714183
Leucosarcia melanoleuca,-2756.047650778884,216.10347744287705,-1994.1446024056083,-588.522102691723,179.2283583714183
Phaps histrionica,-2756.047650778884,216.10347744287705,-1994.1446024056083,-588.522102691723,179.2283583714183
Ocyphaps lophotes,-2756.047650778884,216.10347744287705,-1994.1446024056083,-588.522102691723,179.2283583714183
Phoenicopterus ruber,-2756.047650778884,216.10347744287705,-1994.1446024056083,-588.522102691723,179.2283583714183
Merops viridis,-2756.047650778884,216.10347744287705,-1994.1446024056083,-588.522102691723,179.2283583714183
Alcedo atthis,-2756.047650778884,216.10347744287705,-1994.1446024056083,-588.522102691723,179.2283583714183
Melanerpes formicivorus,-2756.047650778884,216.10347744287705,-1994.1446024056083,-588.522102691723,179.2283583714183
Upupa epops,-2756.047650778884,216.10347744287705,-1994.1446024056083,-588.522102691723,179.2283583714183
Phoeniculus purpureus,-2756.047650778884,216.10347744287705,-1994.1446024056083,-588.522102691723,179.2283583714183
Trogon rufus,-2756.047650778884,216.10347744287705,-1994.1446024056083,-588.522102691723,179.2283583714183
Colius striatus,-2756.047650778884,216.10347744287705,-1994.1446024056083,-588.522102691723,179.2283583714183
Otus scops,-2756.047650778884,216.10347744287705,-1994.1446024056083,-588.522102691723,179.2283583714183
Megascops asio,-2756.047650778884,216.10347744287705,-1994.1446024056083,-588.522102691723,179.2283583714183
Megascops trichopsis,-2756.047650778884,216.10347744287705,-1994.1446024056083,-588.522102691723,179.2283583714183
Bubo virginianus,-2756.047650778884,216.10347744287705,-1994.1446024056083,-588.522102691723,179.2283583714183
Bubo scandiacus,-2756.047650778884,216.10347744287705,-1994.1446024056083,-588.522102691723,179.2283583714183
Strix aluco,-2756.047650778884,216.10347744287705,-1994.1446024056083,-588.522102691723,179.2283583714183
Asio flammeus,-2756.047650778884,216.10347744287705,-1994.1446024056083,-588.522102691723,179.2283583714183
Asio otus,-2756.047650778884,216.10347744287705,-1994.1446024056083,-588.522102691723,179.2283583714183
Glaucidium gnoma,-2756.047650778884,216.10347744287705,-1994.1446024056083,-588.522102691723,179.2283583714183
Glaucidium cuculoides,-2756.047650778884,216.10347744287705,-1994.1446024056083,-588.522102691723,179.2283583714183
Aegolius acadicus,-2756.047650778884,216.10347744287705,-1994.1446024056083,-588.522102691723,179.2283583714183
Pernis apivorus,-2756.047650778884,216.10347744287705,-1994.1446024056083,-588.522102691723,179.2283583714183
Gypaetus barbatus,-2756.047650778884,216.10347744287705,-1994.1446024056083,-588.522102691723,179.2283583714183
Buteo buteo,-2756.047650778884,216.10347744287705,-1994.1446024056083,-588.522102691723,179.2283583714183
Buteo lineatus,-2756.047650778884,216.10347744287705,-1994.1446024056083,-588.522102691723,179.2283583714183
Accipiter nisus,-2756.047650778884,216.10347744287705,-1994.1446024056083,-588.522102691723,179.2283583714183
Vultur gryphus,-2756.047650778884,216.10347744287705,-1994.1446024056083,-588.522102691723,179.2283583714183
Melopsittacus undulatus,-2756.047650778884,216.10347744287705,-1994.1446024056083,-588.522102691723,179.2283583714183
Barnardius zonarius,-2756.047650778884,216.10347744287705,-1994.1446024056083,-588.522102691723,179.2283583714183
Neophema petrophila,-2756.047650778884,216.10347744287705,-1994.1446024056083,-588.522102691723,179.2283583714183
Neophema pulchella,-2756.047650778884,216.10347744287705,-1994.1446024056083,-588.522102691723,179.2283583714183
Agapornis roseicollis,-2756.047650778884,216.10347744287705,-1994.1446024056083,-588.522102691723,179.2283583714183
Loriculus galgulus,17402.744037338332,-91.30670612506356,739.8461378660462,-1252.435582540319,6.186465032152417
Amazona viridigenalis,17402.744037338332,-91.30670612506356,739.8461378660462,-1252.435582540319,6.186465032152417
Eolophus roseicapilla,17402.744037338332,-91.30670612506356,739.8461378660462,-1252.435582540319,6.186465032152417
Cacatua galerita,17402.744037338332,-91.30670612506356,739.8461378660462,-1252.435582540319,6.186465032152417
Nymphicus hollandicus,17402.744037338332,-91.30670612506356,739.8461378660462,-1252.435582540319,6.186465032152417
Tarsiger cyanurus,17398.723770929297,-91.21239617757655,738.7114966351737,-1248.0666998415402,6.124342749285907
Eopsaltria australis,17397.705225184207,-91.188501961348,738.4240217951485,-1246.9597316507009,6.108599592620157
Vermivora cyanoptera,17396.720775762784,-91.16540755805953,738.1461691876443,-1245.8898088562653,6.093382974219195
Lanius excubitor,17396.552672394675,-91.16146398403959,738.0987233759255,-1245.7071097413263,6.0907845851235
Lanius collurio,17396.552672394675,-91.16146398403959,738.0987233759255,-1245.7071097413263,6.0907845851235
Lanius cristatus,17396.552672394675,-91.16146398403959,738.0987233759255,-1245.7071097413263,6.0907845851235
Pycnonotus jocosus,17396.543686261997,-91.16125317575259,738.0961871008251,-1245.6973432620323,6.09064568061695
Pycnonotus goiavier,17396.543686261997,-91.16125317575259,738.0961871008251,-1245.6973432620323,6.09064568061695
Pycnonotus finlaysoni,17396.543686261997,-91.16125317575259,738.0961871008251,-1245.6973432620323,6.09064568061695
Alophoixus bres,17396.543686261997,-91.16125317575259,738.0961871008251,-1245.6973432620323,6.09064568061695
Zosterops lateralis,17396.543686261997,-91.16125317575259,738.0961871008251,-1245.6973432620323,6.09064568061695
Malacopteron cinereum,17396.543686261997,-91.16125317575259,738.0961871008251,-1245.6973432620323,6.09064568061695
Sylvia nisoria,17396.543686261997,-91.16125317575259,738.0961871008251,-1245.6973432620323,6.09064568061695
Sylvia curruca,17396.543686261997,-91.16125317575259,738.0961871008251,-1245.6973432620323,6.09064568061695
Sylvia borin,17396.543686261997,-91.16125317575259,738.0961871008251,-1245.6973432620323,6.09064568061695
Sylvia atricapilla,17396.543686261997,-91.16125317575259,738.0961871008251,-1245.6973432620323,6.09064568061695
Phylloscopus collybita,17396.543686261997,-91.16125317575259,738.0961871008251,-1245.6973432620323,6.09064568061695
Phylloscopus trochilus,17396.543686261997,-91.16125317575259,738.0961871008251,-1245.6973432620323,6.09064568061695
Phylloscopus sibilatrix,17396.543686261997,-91.16125317575259,738.0961871008251,-1245.6973432620323,6.09064568061695
Aegithalos caudatus,17396.543686261997,-91.16125317575259,738.0961871008251,-1245.6973432620323,6.09064568061695
Psaltriparus minimus,17396.543686261997,-91.16125317575259,738.0961871008251,-1245.6973432620323,6.09064568061695
Acrocephalus palustris,17396.543686261997,-91.16125317575259,738.0961871008251,-1245.6973432620323,6.09064568061695
Acrocephalus arundinaceus,17396.543686261997,-91.16125317575259,738.0961871008251,-1245.6973432620323,6.09064568061695
Acrocephalus bistrigiceps,17396.543686261997,-91.16125317575259,738.0961871008251,-1245.6973432620323,6.09064568061695
Acrocephalus schoenobaenus,17396.543686261997,-91.16125317575259,738.0961871008251,-1245.6973432620323,6.09064568061695
Hippolais icterina,17396.543686261997,-91.16125317575259,738.0961871008251,-1245.6973432620323,6.09064568061695
Hirundo rustica,17396.543686261997,-91.16125317575259,738.0961871008251,-1245.6973432620323,6.09064568061695
Riparia riparia,17396.543686261997,-91.16125317575259,738.0961871008251,-1245.6973432620323,6.09064568061695
Alauda arvensis,17396.543686261997,-91.16125317575259,738.0961871008251,-1245.6973432620323,6.09064568061695
Lullula arborea,17396.543686261997,-91.16125317575259,738.0961871008251,-1245.6973432620323,6.09064568061695
Eremophila alpestris,17396.543686261997,-91.16125317575259,738.0961871008251,-1245.6973432620323,6.09064568061695
Parus major,17396.543686261997,-91.16125317575259,738.0961871008251,-1245.6973432620323,6.09064568061695
Poecile atricapillus,17396.543686261997,-91.16125317575259,738.0961871008251,-1245.6973432620323,6.09064568061695
Troglodytes troglodytes,17396.522118591154,-91.16074721352102,738.0900997717689,-1245.6739026765908,6.0903122950782445
Regulus regulus,17396.522118591154,-91.16074721352102,738.0900997717689,-1245.6739026765908,6.0903122950782445
Bombycilla garrulus,17396.522118591154,-91.16074721352102,738.0900997717689,-1245.6739026765908,6.0903122950782445
Acridotheres cristatellus,17396.522118591154,-91.16074721352102,738.0900997717689,-1245.6739026765908,6.0903122950782445
Acridotheres tristis,17396.522118591154,-91.16074721352102,738.0900997717689,-1245.6739026765908,6.0903122950782445
Sturnus vulgaris,17396.522118591154,-91.16074721352102,738.0900997717689,-1245.6739026765908,6.0903122950782445
Turdus philomelos,17396.522118591154,-91.16074721352102,738.0900997717689,-1245.6739026765908,6.0903122950782445
Turdus merula,17396.522118591154,-91.16074721352102,738.0900997717689,-1245.6739026765908,6.0903122950782445
Turdus iliacus,17396.522118591154,-91.16074721352102,738.0900997717689,-1245.6739026765908,6.0903122950782445
Turdus viscivorus,17396.522118591154,-91.16074721352102,738.0900997717689,-1245.6739026765908,6.0903122950782445
Zoothera lunulata,17396.522118591154,-91.16074721352102,738.0900997717689,-1245.6739026765908,6.0903122950782445
Sialia mexicana,17396.522118591154,-91.16074721352102,738.0900997717689,-1245.6739026765908,6.0903122950782445
Luscinia svecica,17396.522118591154,-91.16074721352102,738.0900997717689,-1245.6739026765908,6.0903122950782445
Ficedula hypoleuca,17396.522118591154,-91.16074721352102,738.0900997717689,-1245.6739026765908,6.0903122950782445
Saxicola rubetra,17396.522118591154,-91.16074721352102,738.0900997717689,-1245.6739026765908,6.0903122950782445
Phoenicurus ochruros,17396.522118591154,-91.16074721352102,738.0900997717689,-1245.6739026765908,6.0903122950782445
Phoenicurus phoenicurus,17396.522118591154,-91.16074721352102,738.0900997717689,-1245.6739026765908,6.0903122950782445
Erithacus rubecula,17396.522118591154,-91.16074721352102,738.0900997717689,-1245.6739026765908,6.0903122950782445
Larvivora cyane,17396.522118591154,-91.16074721352102,738.0900997717689,-1245.6739026765908,6.0903122950782445
Copsychus saularis,17396.522118591154,-91.16074721352102,738.0900997717689,-1245.6739026765908,6.0903122950782445
Muscicapa striata,17396.522118591154,-91.16074721352102,738.0900997717689,-1245.6739026765908,6.0903122950782445
Cinclus mexicanus,17396.522118591154,-91.16074721352102,738.0900997717689,-1245.6739026765908,6.0903122950782445
Chloropsis sonnerati,17396.476657002477,-91.15968071633363,738.0772685340105,-1245.6244931320925,6.0896095605971645
Hypothymis azurea,17396.448680298723,-91.15902440205916,738.0693722854267,-1245.5940868305913,6.089177100873985
Corvus corax,17396.448680298723,-91.15902440205916,738.0693722854267,-1245.5940868305913,6.089177100873985
Corvus ruficollis,17396.448680298723,-91.15902440205916,738.0693722854267,-1245.5940868305913,6.089177100873985
Corvus corone,17396.448680298723,-91.15902440205916,738.0693722854267,-1245.5940868305913,6.089177100873985
Corvus brachyrhynchos,17396.448680298723,-91.15902440205916,738.0693722854267,-1245.5940868305913,6.089177100873985
Taeniopygia guttata,17396.448680298723,-91.15902440205916,738.0693722854267,-1245.5940868305913,6.089177100873985
Lonchura maja,17396.448680298723,-91.15902440205916,738.0693722854267,-1245.5940868305913,6.089177100873985
Lonchura malacca,17396.448680298723,-91.15902440205916,738.0693722854267,-1245.5940868305913,6.089177100873985
Lonchura striata,17396.448680298723,-91.15902440205916,738.0693722854267,-1245.5940868305913,6.089177100873985
Estrilda melpoda,17396.448680298723,-91.15902440205916,738.0693722854267,-1245.5940868305913,6.089177100873985
Estrilda troglodytes,17396.448680298723,-91.15902440205916,738.0693722854267,-1245.5940868305913,6.089177100873985
Amadina fasciata,17396.448680298723,-91.15902440205916,738.0693722854267,-1245.5940868305913,6.089177100873985
Amadina erythrocephala,17396.448680298723,-91.15902440205916,738.0693722854267,-1245.5940868305913,6.089177100873985
Vidua paradisaea,17396.448680298723,-91.15902440205916,738.0693722854267,-1245.5940868305913,6.089177100873985
Prunella modularis,17396.448680298723,-91.15902440205916,738.0693722854267,-1245.5940868305913,6.089177100873985
Corvus frugilegus,17396.448680298723,-91.15902440205916,738.0693722854267,-1245.5940868305913,6.089177100873985
Coereba flaveola,17396.448680298723,-91.15902440205916,738.0693722854267,-1245.5940868305913,6.089177100873985
Nucifraga caryocatactes,17396.448680298723,-91.15902440205916,738.0693722854267,-1245.5940868305913,6.089177100873985
Pica pica,17396.448680298723,-91.15902440205916,738.0693722854267,-1245.5940868305913,6.089177100873985
Pica nuttalli,17396.448680298723,-91.15902440205916,738.0693722854267,-1245.5940868305913,6.089177100873985
Garrulus glandarius,17396.448680298723,-91.15902440205916,738.0693722854267,-1245.5940868305913,6.089177100873985
Cyanocitta cristata,17396.448680298723,-91.15902440205916,738.0693722854267,-1245.5940868305913,6.089177100873985
Perisoreus canadensis,17396.448680298723,-91.15902440205916,738.0693722854267,-1245.5940868305913,6.089177100873985
Rhipidura fuliginosa,17396.448680298723,-91.15902440205916,738.0693722854267,-1245.5940868305913,6.089177100873985
Motacilla alba,17396.309139636054,-91.15575087323997,738.0299877993559,-1245.442427836878,6.087020097013031
Motacilla flava,17396.309139636054,-91.15575087323997,738.0299877993559,-1245.442427836878,6.087020097013031
Anthus pratensis,17396.309139636054,-91.15575087323997,738.0299877993559,-1245.442427836878,6.087020097013031
Anthus trivialis,17396.309139636054,-91.15575087323997,738.0299877993559,-1245.442427836878,6.087020097013031
Anthus campestris,17396.309139636054,-91.15575087323997,738.0299877993559,-1245.442427836878,6.087020097013031
Amphispiza bilineata,17396.053215113097,-91.14974704416672,737.9577544126648,-1245.164275004244,6.083063928371812
Spizella passerina,17396.053215113097,-91.14974704416672,737.9577544126648,-1245.164275004244,6.083063928371812
Junco hyemalis,17396.053215113097,-91.14974704416672,737.9577544126648,-1245.164275004244,6.083063928371812
Zonotrichia albicollis,17396.053215113097,-91.14974704416672,737.9577544126648,-1245.164275004244,6.083063928371812
Zonotrichia leucophrys,17396.053215113097,-91.14974704416672,737.9577544126648,-1245.164275004244,6.083063928371812
Passerculus sandwichensis,17396.053215113097,-91.14974704416672,737.9577544126648,-1245.164275004244,6.083063928371812
Melospiza melodia,17396.053215113097,-91.14974704416672,737.9577544126648,-1245.164275004244,6.083063928371812
Melospiza georgiana,17396.053215113097,-91.14974704416672,737.9577544126648,-1245.164275004244,6.083063928371812
Ammodramus savannarum,17396.053215113097,-91.14974704416672,737.9577544126648,-1245.164275004244,6.083063928371812
Emberiza hortulana,17396.042457231688,-91.14949466957513,737.9547180277508,-1245.152582477809,6.08289761770288
Emberiza citrinella,17346.672262900553,-89.99141154137355,724.0223987638774,-1191.515249608993,5.3206200277729545
Protonotaria citrea,17346.672262900553,-89.99141154137355,724.0223987638774,-1191.515249608993,5.3206200277729545
Setophaga pinus,17346.672262900553,-89.99141154137355,724.0223987638774,-1191.515249608993,5.3206200277729545
Setophaga dominica,17346.672262900553,-89.99141154137355,724.0223987638774,-1191.515249608993,5.3206200277729545
Setophaga coronata,17346.672262900553,-89.99141154137355,724.0223987638774,-1191.515249608993,5.3206200277729545
Setophaga palmarum,17346.672262900553,-89.99141154137355,724.0223987638774,-1191.515249608993,5.3206200277729545
Agelaius phoeniceus,17346.672262900553,-89.99141154137355,724.0223987638774,-1191.515249608993,5.3206200277729545
Icterus galbula,17346.672262900553,-89.99141154137355,724.0223987638774,-1191.515249608993,5.3206200277729545
Cardinalis cardinalis,17346.672262900553,-89.99141154137355,724.0223987638774,-1191.515249608993,5.3206200277729545
Spinus tristis,17346.672262900553,-89.99141154137355,724.0223987638774,-1191.515249608993,5.3206200277729545
Spinus pinus,17346.672262900553,-89.99141154137355,724.0223987638774,-1191.515249608993,5.3206200277729545
Spinus spinus,17346.672262900553,-89.99141154137355,724.0223987638774,-1191.515249608993,5.3206200277729545
Linaria cannabina,17346.672262900553,-89.99141154137355,724.0223987638774,-1191.515249608993,5.3206200277729545
Serinus canaria,17346.672262900553,-89.99141154137355,724.0223987638774,-1191.515249608993,5.3206200277729545
Acanthis flammea,17346.672262900553,-89.99141154137355,724.0223987638774,-1191.515249608993,5.3206200277729545
Loxia curvirostra,17346.672262900553,-89.99141154137355,724.0223987638774,-1191.515249608993,5.3206200277729545
Carduelis carduelis,17346.672262900553,-89.99141154137355,724.0223987638774,-1191.515249608993,5.3206200277729545
Chloris chloris,17346.672262900553,-89.99141154137355,724.0223987638774,-1191.515249608993,5.3206200277729545
Haemorhous mexicanus,17346.672262900553,-89.99141154137355,724.0223987638774,-1191.515249608993,5.3206200277729545
Carpodacus erythrinus,17346.672262900553,-89.99141154137355,724.0223987638774,-1191.515249608993,5.3206200277729545
Pyrrhula pyrrhula,17346.672262900553,-89.99141154137355,724.0223987638774,-1191.515249608993,5.3206200277729545
Pinicola enucleator,17346.672262900553,-89.99141154137355,724.0223987638774,-1191.515249608993,5.3206200277729545
Coccothraustes coccothraustes,17346.672262900553,-89.99141154137355,724.0223987638774,-1191.515249608993,5.3206200277729545
Spizelloides arborea,17346.672262900553,-89.99141154137355,724.0223987638774,-1191.515249608993,5.3206200277729545
Fringilla montifringilla,17346.672262900553,-89.99141154137355,724.0223987638774,-1191.515249608993,5.3206200277729545
Fringilla coelebs,17346.672262900553,-89.99141154137355,724.0223987638774,-1191.515249608993,5.3206200277729545
Passer domesticus,17346.672262900553,-89.99141154137355,724.0223987638774,-1191.515249608993,5.3206200277729545
Passer montanus,17346.672262900553,-89.99141154137355,724.0223987638774,-1191.515249608993,5.3206200277729545
Aethopyga siparaja,17346.672262900553,-89.99141154137355,724.0223987638774,-1191.515249608993,5.3206200277729545
Arachnothera longirostra,17346.672262900553,-89.99141154137355,724.0223987638774,-1191.515249608993,5.3206200277729545
Cinnyris venustus,17346.672262900553,-89.99141154137355,724.0223987638774,-1191.515249608993,5.3206200277729545
Nectarinia tacazze,17346.672262900553,-89.99141154137355,724.0223987638774,-1191.515249608993,5.3206200277729545
Pachycephala pectoralis,17346.672262900553,-89.99141154137355,724.0223987638774,-1191.515249608993,5.3206200277729545
Oriolus oriolus,17346.672262900553,-89.99141154137355,724.0223987638774,-1191.515249608993,5.3206200277729545
Himatione sanguinea,17346.672262900553,-89.99141154137355,724.0223987638774,-1191.515249608993,5.3206200277729545
Cracticus torquatus,17346.672262900553,-89.99141154137355,724.0223987638774,-1191.515249608993,5.3206200277729545
Strepera graculina,17346.672262900553,-89.99141154137355,724.0223987638774,-1191.515249608993,5.3206200277729545
Tyrannus tyrannus,17346.672262900553,-89.99141154137355,724.0223987638774,-1191.515249608993,5.3206200277729545
Myiarchus crinitus,17346.672262900553,-89.99141154137355,724.0223987638774,-1191.515249608993,5.3206200277729545
Sayornis phoebe,17346.672262900553,-89.99141154137355,724.0223987638774,-1191.515249608993,5.3206200277729545
Empidonax virescens,17346.672262900553,-89.99141154137355,724.0223987638774,-1191.515249608993,5.3206200277729545
Contopus virens,17346.672262900553,-89.99141154137355,724.0223987638774,-1191.515249608993,5.3206200277729545
Pipra mentalis,17346.672262900553,-89.99141154137355,724.0223987638774,-1191.515249608993,5.3206200277729545
Manacus vitellinus,17346.672262900553,-89.99141154137355,724.0223987638774,-1191.515249608993,5.3206200277729545
Thamnophilus punctatus,17346.672262900553,-89.99141154137355,724.0223987638774,-1191.515249608993,5.3206200277729545
Xiphorhynchus guttatus,17346.672262900553,-89.99141154137355,724.0223987638774,-1191.515249608993,5.3206200277729545
Emberiza schoeniclus,17346.672262900553,-89.99141154137355,724.0223987638774,-1191.515249608993,5.3206200277729545
Neochmia temporalis,17346.672262900553,-89.99141154137355,724.0223987638774,-1191.515249608993,5.3206200277729545
Psophodes olivaceus,17346.672262900553,-89.99141154137355,724.0223987638774,-1191.515249608993,5.3206200277729545
Pardalotus punctatus,17346.672262900553,-89.99141154137355,724.0223987638774,-1191.515249608993,5.3206200277729545
Acanthiza pusilla,17346.672262900553,-89.99141154137355,724.0223987638774,-1191.515249608993,5.3206200277729545
Acanthiza uropygialis,17346.672262900553,-89.99141154137355,724.0223987638774,-1191.515249608993,5.3206200277729545
Acanthiza chrysorrhoa,17346.672262900553,-89.99141154137355,724.0223987638774,-1191.515249608993,5.3206200277729545
Acanthiza lineata,17346.672262900553,-89.99141154137355,724.0223987638774,-1191.515249608993,5.3206200277729545
Sericornis frontalis,17346.672262900553,-89.99141154137355,724.0223987638774,-1191.515249608993,5.3206200277729545
Smicrornis brevirostris,17346.672262900553,-89.99141154137355,724.0223987638774,-1191.515249608993,5.3206200277729545
Lichmera indistincta,17346.672262900553,-89.99141154137355,724.0223987638774,-1191.515249608993,5.3206200277729545
Acanthorhynchus tenuirostris,17346.672262900553,-89.99141154137355,724.0223987638774,-1191.515249608993,5.3206200277729545
Manorina flavigula,17346.672262900553,-89.99141154137355,724.0223987638774,-1191.515249608993,5.3206200277729545
Acanthagenys rufogularis,17346.672262900553,-89.99141154137355,724.0223987638774,-1191.515249608993,5.3206200277729545
Meliphaga lewinii,17346.672262900553,-89.99141154137355,724.0223987638774,-1191.515249608993,5.3206200277729545
Malurus lamberti,17346.672262900553,-89.99141154137355,724.0223987638774,-1191.515249608993,5.3206200277729545
Malurus cyaneus,17346.672262900553,-89.99141154137355,724.0223987638774,-1191.515249608993,5.3206200277729545
Falco sparverius,17346.672262900553,-89.99141154137355,724.0223987638774,-1191.515249608993,5.3206200277729545
Falco tinnunculus,17346.672262900553,-89.99141154137355,724.0223987638774,-1191.515249608993,5.3206200277729545
Falco subbuteo,17346.672262900553,-89.99141154137355,724.0223987638774,-1191.515249608993,5.3206200277729545
Centropus senegalensis,17346.672262900553,-89.99141154137355,724.0223987638774,-1191.515249608993,5.3206200277729545
Cuculus canorus,17346.672262900553,-89.99141154137355,724.0223987638774,-1191.515249608993,5.3206200277729545
Cacomantis variolosus,17346.672262900553,-89.99141154137355,724.0223987638774,-1191.515249608993,5.3206200277729545
Eudynamys scolopaceus,17346.672262900553,-89.99141154137355,724.0223987638774,-1191.515249608993,5.3206200277729545
Chauna chavaria,17346.672262900553,-89.99141154137355,724.0223987638774,-1191.515249608993,5.3206200277729545
Anas platyrhynchos,17346.672262900553,-89.99141154137355,724.0223987638774,-1191.515249608993,5.3206200277729545
Anas acuta,17346.672262900553,-89.99141154137355,724.0223987638774,-1191.515249608993,5.3206200277729545
Anas crecca,17346.672262900553,-89.99141154137355,724.0223987638774,-1191.515249608993,5.3206200277729545
Aythya nyroca,17346.672262900553,-89.99141154137355,724.0223987638774,-1191.515249608993,5.3206200277729545
Aythya ferina,17346.672262900553,-89.99141154137355,724.0223987638774,-1191.515249608993,5.3206200277729545
Aythya fuligula,17346.672262900553,-89.99141154137355,724.0223987638774,-1191.515249608993,5.3206200277729545
Netta rufina,17346.672262900553,-89.99141154137355,724.0223987638774,-1191.515249608993,5.3206200277729545
Anser anser,17346.672262900553,-89.99141154137355,724.0223987638774,-1191.515249608993,5.3206200277729545
Cygnus buccinator,17346.672262900553,-89.99141154137355,724.0223987638774,-1191.515249608993,5.3206200277729545
Aix sponsa,17346.672262900553,-89.99141154137355,724.0223987638774,-1191.515249608993,5.3206200277729545
Coturnix pectoralis,17346.672262900553,-89.99141154137355,724.0223987638774,-1191.515249608993,5.3206200277729545
Coturnix coturnix,17346.672262900553,-89.99141154137355,724.0223987638774,-1191.515249608993,5.3206200277729545
Coturnix japonica,17346.672262900553,-89.99141154137355,724.0223987638774,-1191.515249608993,5.3206200277729545
Excalfactoria chinensis,17346.672262900553,-89.99141154137355,724.0223987638774,-1191.515249608993,5.3206200277729545
Alectoris graeca,17346.672262900553,-89.99141154137355,724.0223987638774,-1191.515249608993,5.3206200277729545
Perdix perdix,17346.672262900553,-89.99141154137355,724.0223987638774,-1191.515249608993,5.3206200277729545
Bonasa umbellus,17346.672262900553,-89.99141154137355,724.0223987638774,-1191.515249608993,5.3206200277729545
Tetrao urogallus,17346.672262900553,-89.99141154137355,724.0223987638774,-1191.515249608993,5.3206200277729545
Lagopus leucura,17346.672262900553,-89.99141154137355,724.0223987638774,-1191.515249608993,5.3206200277729545
Lagopus lagopus,17346.672262900553,-89.99141154137355,724.0223987638774,-1191.515249608993,5.3206200277729545
Dendragapus obscurus,17346.672262900553,-89.99141154137355,724.0223987638774,-1191.515249608993,5.3206200277729545
Gallus gallus,17346.672262900553,-89.99141154137355,724.0223987638774,-1191.515249608993,5.3206200277729545
Callipepla gambelii,17346.672262900553,-89.99141154137355,724.0223987638774,-1191.515249608993,5.3206200277729545
Colinus virginianus,17346.672262900553,-89.99141154137355,724.0223987638774,-1191.515249608993,5.3206200277729545
Crax daubentoni,17346.672262900553,-89.99141154137355,724.0223987638774,-1191.515249608993,5.3206200277729545
Crax alberti,17346.672262900553,-89.99141154137355,724.0223987638774,-1191.515249608993,5.3206200277729545
Pseudemys scripta,17346.672262900553,-89.99141154137355,724.0223987638774,-1191.515249608993,5.3206200277729545
Terrapene ornata,17346.672262900553,-89.99141154137355,724.0223987638774,-1191.515249608993,5.3206200277729545
Chelydra serpentina,17346.672262900553,-89.99141154137355,724.0223987638774,-1191.515249608993,5.3206200277729545
Karoophasma biedouwense,4953.790741580214,156.82320553298945,-1988.0543478201164,6587.882963883427,-53.111999215901186
Rhyparobia maderae,4953.790741580214,156.82320553298945,-1988.0543478201164,6587.882963883427,-53.111999215901186
Nauphoeta cinerea,4953.790741580214,156.82320553298945,-1988.0543478201164,6587.882963883427,-53.111999215901186
Eublaberus posticus,4953.790741580214,156.82320553298945,-1988.0543478201164,6587.882963883427,-53.111999215901186
Blaberus discoidalis,4953.790741580214,156.82320553298945,-1988.0543478201164,6587.882963883427,-53.111999215901186
Blaberus giganteus,4953.790741580214,156.82320553298945,-1988.0543478201164,6587.882963883427,-53.11199921590121
Coptotermes formosanus,4953.790741580214,156.82320553298945,-1988.0543478201164,6587.882963883427,-53.11199921590121
Heterotermes tenuior,4953.790741580214,156.82320553298945,-1988.0543478201164,6587.882963883427,-53.11199921590121
Reticulitermes flavipes,4953.790741580214,156.82320553298945,-1988.0543478201164,6587.882963883427,-53.111999215901186
Nasutitermes longinasus,4953.790741580214,156.82320553298945,-1988.0543478201164,6587.882963883427,-53.111999215901186
Hospitalitermes hospitalis,4953.790741580214,156.82320553298945,-1988.0543478201164,6587.882963883427,-53.111999215901186
Havilanditermes atripennis,4953.790741580214,156.82320553298945,-1988.0543478201164,6587.882963883427,-53.111999215901186
Microcerotermes serrula,4953.790741580214,156.82320553298945,-1988.0543478201164,6587.882963883427,-53.111999215901186
Microcerotermes dubius,4953.790741580214,156.82320553298945,-1988.0543478201164,6587.882963883427,-53.111999215901186
Termes borneensis,4953.790741580214,156.82320553298945,-1988.0543478201164,6587.882963883427,-53.111999215901186
Globitermes globosus,4953.790741580214,156.82320553298945,-1988.0543478201164,6587.882963883427,-53.111999215901186
Prohamitermes mirabilis,4953.790741580214,156.82320553298945,-1988.0543478201164,6587.882963883427,-53.111999215901186
Dicuspiditermes santschii,4953.790741580214,156.82320553298945,-1988.0543478201164,6587.882963883427,-53.111999215901186
Dicuspiditermes nemorosus,4953.790741580214,156.82320553298945,-1988.0543478201164,6587.882963883427,-53.111999215901186
Pericapritermes nitobei,4953.790741580214,156.82320553298945,-1988.0543478201164,6587.882963883427,-53.111999215901186
Homallotermes eleanorae,4953.790741580214,156.82320553298945,-1988.0543478201164,6587.882963883427,-53.111999215901186
Macrotermes gilvus,4953.790741580214,156.82320553298945,-1988.0543478201164,6587.882963883427,-53.111999215901186
Macrotermes malaccensis,4953.790741580214,156.82320553298945,-1988.0543478201164,6587.882963883427,-53.111999215901186
Macrotermes carbonarius,4953.790741580214,156.82320553298945,-1988.0543478201164,6587.882963883427,-53.111999215901186
Schedorhinotermes sarawakensis,4953.790741580214,156.82320553298945,-1988.0543478201164,6587.882963883427,-53.111999215901186
Periplaneta americana,4953.790741580214,156.82320553298945,-1988.0543478201164,6587.882963883427,-53.111999215901186
Blatta orientalis,4953.790741580214,156.82320553298945,-1988.0543478201164,6587.882963883427,-53.111999215901186
Melanoplus bivittatus,4953.790741580214,156.82320553298928,-1988.0543478201162,6587.882963883427,-53.11199921590091
Locusta migratoria,4953.790741580214,156.82320553298928,-1988.0543478201162,6587.882963883427,-53.11199921590091
Trimerotropis pallidipennis,4953.790741580214,156.82320553298928,-1988.0543478201162,6587.882963883427,-53.11199921590091
Trimerotropis saxatilis,4953.790741580214,156.82320553298928,-1988.0543478201162,6587.882963883427,-53.11199921590091
Tanaocerus koebeli,4953.790741580214,156.82320553298928,-1988.0543478201162,6587.882963883427,-53.11199921590091
Oecanthus quadripunctatus,4953.790741580214,156.82320553298928,-1988.0543478201162,6587.882963883427,-53.11199921590091
Acheta domesticus,4953.790741580214,156.82320553298928,-1988.0543478201162,6587.882963883427,-53.11199921590091
Teleogryllus commodus,4953.790741580214,156.82320553298928,-1988.0543478201162,6587.882963883427,-53.11199921590091
Requena verticalis,4953.790741580214,156.82320553298928,-1988.0543478201162,6587.882963883427,-53.11199921590091
Conocephalus fasciatus,4953.790741580214,156.82320553298928,-1988.0543478201162,6587.882963883427,-53.11199921590091
Dasymutilla gloriosa,4842.737673656587,158.20248310712526,-1997.5082039901597,6551.354750694507,-51.25206241670473
Solenopsis invicta,4842.737673656587,158.20248310712526,-1997.5082039901597,6551.354750694507,-51.25206241670473
Atta laevigata,4842.737673656587,158.20248310712526,-1997.5082039901597,6551.354750694507,-51.25206241670473
Tetramorium caespitum,4842.737673656587,158.20248310712526,-1997.5082039901597,6551.354750694507,-51.25206241670473
Aphaenogaster cockerelli,4842.737673656587,158.20248310712526,-1997.5082039901597,6551.354750694507,-51.25206241670473
Myrmica alaskensis,4842.737673656587,158.20248310712526,-1997.5082039901597,6551.354750694507,-51.25206241670473
Myrmica rubra,4842.737673656587,158.20248310712526,-1997.5082039901597,6551.354750694507,-51.25206241670473
Pogonomyrmex rugosus,4842.737673656587,158.20248310712526,-1997.5082039901597,6551.354750694507,-51.25206241670473
Pogonomyrmex maricopa,4842.737673656587,158.20248310712526,-1997.5082039901597,6551.354750694507,-51.25206241670473
Camponotus vafer,4842.737673656587,158.20248310712526,-1997.5082039901597,6551.354750694507,-51.25206241670473
Camponotus laevigatus,4842.737673656587,158.20248310712526,-1997.5082039901597,6551.354750694507,-51.25206241670473
Camponotus vicinus,4842.737673656587,158.20248310712526,-1997.5082039901597,6551.354750694507,-51.25206241670473
Cataglyphis bicolor,4842.737673656587,158.20248310712526,-1997.508203990159,6551.354750694507,-51.25206241670473
Lasius niger,4842.737673656587,158.20248310712526,-1997.5082039901597,6551.354750694507,-51.25206241670473
Eciton hamatum,4842.737673656587,158.20248310712526,-1997.5082039901597,6551.354750694507,-51.25206241670473
Paraponera clavata,4842.737673656587,158.20248310712526,-1997.5082039901597,6551.354750694507,-51.25206241670473
Leptogenys attenuata,4842.737673656587,158.20248310712526,-1997.5082039901597,6551.354750694507,-51.25206241670473
Apis mellifera,4835.504641556352,158.2622157122026,-1997.5873516311465,6545.146664418357,-51.04579077192399
Bombus terrestris,4842.737673656587,158.20248310712526,-1997.5082039901597,6551.354750694507,-51.25206241670473
Sphaeroderus stenostomus,4814.117809247616,158.55997440038652,-1999.9807412001064,6542.196430541573,-50.77822314945662
Cicindela repanda,4814.117809247616,158.55997440038652,-1999.9807412001064,6542.196430541573,-50.77822314945662
Cicindela longilabris,4814.117809247616,158.55997440038652,-1999.9807412001064,6542.196430541573,-50.77822314945662
Amara quenseli,4814.117809247616,158.55997440038652,-1999.9807412001064,6542.196430541573,-50.77822314945662
Sphaeridium lunatum,4814.117809247616,158.55997440038652,-1999.9807412001064,6542.196430541573,-50.77822314945662
Hylobius abietis,4814.117809247616,158.55997440038652,-1999.9807412001064,6542.196430541573,-50.77822314945662
Ips acuminatus,4814.117809247616,158.55997440038652,-1999.9807412001064,6542.196430541573,-50.77822314945662
Hypera postica,4814.117809247616,158.55997440038652,-1999.9807412001064,6542.196430541573,-50.77822314945662
Sitophilus granarius,4814.117809247616,158.55997440038652,-1999.9807412001064,6542.196430541573,-50.77822314945662
Tribolium castaneum,4814.117809247616,158.55997440038652,-1999.9807412001064,6542.196430541573,-50.77822314945662
Tribolium confusum,4814.117809247616,158.55997440038652,-1999.9807412001064,6542.196430541573,-50.77822314945662
Onymacris plana,4814.117809247616,158.55997440038652,-1999.9807412001064,6542.196430541573,-50.77822314945662
Onymacris unguicularis,4814.117809247616,158.55997440038652,-1999.9807412001064,6542.196430541573,-50.77822314945662
Onymacris laeviceps,4814.117809247616,158.55997440038652,-1999.9807412001064,6542.196430541573,-50.77822314945662
Onymacris rugatipennis,4814.117809247616,158.55997440038652,-1999.9807412001064,6542.196430541573,-50.77822314945662
Physadesmia globosa,4814.117809247616,158.55997440038652,-1999.9807412001064,6542.196430541573,-50.77822314945662
Physosterna cribripes,4814.117809247616,158.55997440038652,-1999.9807412001064,6542.196430541573,-50.77822314945662
Stenocara gracilipes,4814.117809247616,158.55997440038652,-1999.9807412001064,6542.196430541573,-50.77822314945662
Zophosis orbicularis,4814.117809247616,158.55997440038652,-1999.9807412001064,6542.196430541573,-50.77822314945662
Pimelia grandis,4814.117809247616,158.55997440038652,-1999.9807412001064,6542.196430541573,-50.77822314945662
Blaps gigas,4814.117809247616,158.55997440038652,-1999.9807412001064,6542.196430541573,-50.77822314945662
Tenebrio molitor,4814.117809247616,158.55997440038652,-1999.9807412001064,6542.196430541573,-50.77822314945662
Aphodius rufus,4814.117809247616,158.55997440038652,-1999.9807412001064,6542.196430541573,-50.77822314945662
Aphodius contaminatus,4814.117809247616,158.55997440038652,-1999.9807412001064,6542.196430541573,-50.77822314945662
Aphodius fimetarius,4814.117809247616,158.55997440038652,-1999.9807412001064,6542.196430541573,-50.77822314945662
Circellium bacchus,4814.117809247616,158.55997440038652,-1999.9807412001064,6542.196430541573,-50.77822314945662
Anachalcos convexus,4814.117809247616,158.55997440038652,-1999.9807412001064,6542.196430541573,-50.77822314945662
Pleocoma australis,4814.117809247616,158.55997440038652,-1999.9807412001064,6542.196430541573,-50.77822314945662
Odontotaenius disjunctus,4814.117809247616,158.55997440038652,-1999.9807412001064,6542.196430541573,-50.77822314945662
Geotrupes spiniger,4814.117809247616,158.55997440038652,-1999.9807412001064,6542.196430541573,-50.77822314945662
Omorgus radula,4814.117809247616,158.55997440038652,-1999.9807412001064,6542.196430541573,-50.77822314945662
Corydalus cornutus,4814.117809247616,158.55997440038652,-1999.9807412001064,6542.196430541573,-50.77822314945662
Drosophila repleta,4730.076134772243,159.60974062103443,-2007.2412985653427,6515.303201767477,-49.3868033690318
Drosophila americana,4730.076134772243,159.60974062103443,-2007.2412985653427,6515.303201767477,-49.3868033690318
Drosophila virilis,4730.076134772243,159.60974062103443,-2007.2412985653427,6515.303201767477,-49.3868033690318
Drosophila mimica,4730.076134772243,159.60974062103443,-2007.2412985653427,6515.303201767477,-49.3868033690318
Drosophila melanogaster,4730.076134772243,159.60974062103443,-2007.2412985653427,6515.303201767477,-49.3868033690318
Drosophila nikananu,4730.076134772243,159.60974062103443,-2007.2412985653427,6515.303201767477,-49.3868033690318
Phormia regina,4730.076134772243,159.60974062103443,-2007.2412985653427,6515.303201767477,-49.3868033690318
Protophormia terraenovae,4730.076134772243,159.60974062103443,-2007.2412985653427,6515.303201767477,-49.3868033690318
Musca domestica,4730.076134772243,159.60974062103443,-2007.2412985653427,6515.303201767477,-49.3868033690318
Pantophthalmus tabaninus,4730.076134772243,159.60974062103443,-2007.2412985653427,6515.303201767477,-49.3868033690318
Culex tarsalis,4730.076134772243,159.60974062103443,-2007.2412985653427,6515.303201767477,-49.3868033690318
Hapigia simplex,4212.59361946876,166.0736262795026,-2051.947849782562,6349.709612256526,-40.81920671739908
Mimas tiliae,-2756.047650778884,216.10347744287705,-1994.1446024056083,-588.522102691723,179.2283583714183
Protambulyx strigilis,-2756.047650778884,216.10347744287705,-1994.1446024056083,-588.522102691723,179.2283583714183
Manduca rustica,-2756.047650778884,216.10347744287705,-1994.1446024056083,-588.522102691723,179.2283583714183
Sphinx ligustri,-2756.047650778884,216.10347744287705,-1994.1446024056083,-588.522102691723,179.2283583714183
Enyo ocypete,-2756.047650778884,216.10347744287705,-1994.1446024056083,-588.522102691723,179.2283583714183
Oryba achemenides,-2756.047650778884,216.10347744287705,-1994.1446024056083,-588.522102691723,179.2283583714183
Erinnyis ello,-2756.047650778884,216.10347744287705,-1994.1446024056083,-588.522102691723,179.2283583714183
Perigonia lusca,-2756.047650778884,216.10347744287705,-1994.1446024056083,-588.522102691723,179.2283583714183
Pachylia ficus,-2756.047650778884,216.10347744287705,-1994.1446024056083,-588.522102691723,179.2283583714183
Xylophanes chiron,-2756.047650778884,216.10347744287705,-1994.1446024056083,-588.522102691723,179.2283583714183
Deilephila elpenor,-2756.047650778884,216.10347744287705,-1994.1446024056083,-588.522102691723,179.2283583714183
Syssphinx molina,-2756.047650778884,216.10347744287705,-1994.1446024056083,-588.522102691723,179.2283583714183
Eacles imperialis,-2756.047650778884,216.10347744287705,-1994.1446024056083,-588.522102691723,179.2283583714183
Automeris fieldi,-2756.047650778884,216.10347744287705,-1994.1446024056083,-588.522102691723,179.2283583714183
Hylesia praeda,-2756.047650778884,216.10347744287705,-1994.1446024056083,-588.522102691723,179.2283583714183
Bombyx mori,-2756.047650778884,216.10347744287705,-1994.1446024056083,-588.522102691723,179.2283583714183
Ostrinia nubilalis,-2756.047650778884,216.10347744287705,-1994.1446024056083,-588.522102691723,179.2283583714183
Galleria mellonella,-2756.047650778884,216.10347744287705,-1994.1446024056083,-588.522102691723,179.2283583714183
Cystosoma saundersii,-2756.047650778884,216.10347744287705,-1994.1446024056083,-588.522102691723,179.2283583714183
Philaenus spumarius,-2756.047650778884,216.10347744287705,-1994.1446024056083,-588.522102691723,179.2283583714183
Neophilaenus lineatus,-2756.047650778884,216.10347744287705,-1994.1446024056083,-588.522102691723,179.2283583714183
Rhodnius prolixus,-2756.047650778884,216.10347744287705,-1994.1446024056083,-588.522102691723,179.2283583714183
Libellula auripennis,-2756.047650778884,216.10347744287705,-1994.1446024056083,-588.522102691723,179.2283583714183
Libellula needhami,-2756.047650778884,216.10347744287705,-1994.1446024056083,-588.522102691723,179.2283583714183
Erythemis simplicicollis,-2756.047650778884,216.10347744287705,-1994.1446024056083,-588.522102691723,179.2283583714183
Erythrodiplax connata,-2756.047650778884,216.10347744287705,-1994.1446024056083,-588.522102691723,179.2283583714183
Pachydiplax longipennis,-2756.047650778884,216.10347744287705,-1994.1446024056083,-588.522102691723,179.2283583714183
Tramea carolina,-2756.047650778884,216.10347744287705,-1994.1446024056083,-588.522102691723,179.2283583714183
Miathyria marcella,-2756.047650778884,216.10347744287705,-1994.1446024056083,-588.522102691723,179.2283583714183
Pantala flavescens,-2756.047650778884,216.10347744287705,-1994.1446024056083,-588.522102691723,179.2283583714183
Perithemis tenera,-2756.047650778884,216.10347744287705,-1994.1446024056083,-588.522102691723,179.2283583714183
Brachymesia gravida,-2756.047650778884,216.10347744287705,-1994.1446024056083,-588.522102691723,179.2283583714183
Anax junius,-2756.047650778884,216.10347744287705,-1994.1446024056083,-588.522102691723,179.2283583714183
Daphnia pulex,-2756.047650778884,216.10347744287705,-1994.1446024056083,-588.522102691723,179.2283583714183
Triops cancriformis,-2756.047650778884,216.10347744287705,-1994.1446024056083,-588.522102691723,179.2283583714183
Oncaea mediterranea,-2756.047650778884,216.10347744287705,-1994.1446024056083,-588.522102691723,179.2283583714183
Euchaeta marina,-2756.047650778884,216.10347744287705,-1994.1446024056083,-588.522102691723,179.2283583714183
Calanus finmarchicus,-2756.047650778884,216.10347744287705,-1994.1446024056083,-588.522102691723,179.2283583714183
Balanus balanus,-2756.047650778884,216.10347744287705,-1994.1446024056083,-588.522102691723,179.2283583714183
Semibalanus balanoides,-2756.047650778884,216.10347744287705,-1994.1446024056083,-588.522102691723,179.2283583714183
Glyptonotus antarcticus,-2756.047650778884,216.10347744287705,-1994.1446024056083,-588.522102691723,179.2283583714183
Idotea baltica,-2756.047650778884,216.10347744287705,-1994.1446024056083,-588.522102691723,179.2283583714183
Asellus aquaticus,-2756.047650778884,216.10347744287705,-1994.1446024056083,-588.522102691723,179.2283583714183
Stenasellus virei,-2756.047650778884,216.10347744287705,-1994.1446024056083,-588.522102691723,179.2283583714183
Ligia oceanica,-2756.047650778884,216.10347744287705,-1994.1446024056083,-588.522102691723,179.2283583714183
Porcellio scaber,-2756.047650778884,216.10347744287705,-1994.1446024056083,-588.522102691723,179.2283583714183
Cylisticus convexus,-2756.047650778884,216.10347744287705,-1994.1446024056083,-588.522102691723,179.2283583714183
Armadillidium vulgare,-2756.047650778884,216.10347744287705,-1994.1446024056083,-588.522102691723,179.2283583714183
Armadillidium nasatum,-2756.047650778884,216.10347744287705,-1994.1446024056083,-588.522102691723,179.2283583714183
Oniscus asellus,-2756.047650778884,216.10347744287705,-1994.1446024056083,-588.522102691723,179.2283583714183
Niphargus krameri,-2756.047650778884,216.10347744287705,-1994.1446024056083,-588.522102691723,179.2283583714183
Niphargus stygius,-2756.047650778884,216.10347744287705,-1994.1446024056083,-588.522102691723,179.2283583714183
Niphargus rhenorhodanensis,-2756.047650778884,216.10347744287705,-1994.1446024056083,-588.522102691723,179.2283583714183
Niphargus virei,-2756.047650778884,216.10347744287705,-1994.1446024056083,-588.522102691723,179.2283583714183
Gammarus fossarum,-2756.047650778884,216.10347744287705,-1994.1446024056083,-588.522102691723,179.2283583714183
Dikerogammarus haemobaphes,-2756.047650778884,216.10347744287705,-1994.1446024056083,-588.522102691723,179.2283583714183
Gammarus locusta,-2756.047650778884,216.10347744287705,-1994.1446024056083,-588.522102691723,179.2283583714183
Gammarus salinus,-2756.047650778884,216.10347744287705,-1994.1446024056083,-588.522102691723,179.2283583714183
Gammarus oceanicus,-2756.047650778884,216.10347744287705,-1994.1446024056083,-588.522102691723,179.2283583714183
Gammarus duebeni,-2756.047650778884,216.10347744287705,-1994.1446024056083,-588.522102691723,179.2283583714183
Eurythenes gryllus,-2756.047650778884,216.10347744287705,-1994.1446024056083,-588.522102691723,179.2283583714183
Bathyporeia pilosa,-2756.047650778884,216.10347744287705,-1994.1446024056083,-588.522102691723,179.2283583714183
Lucifer typus,-2756.047650778884,216.10347744287705,-1994.1446024056083,-588.522102691723,179.2283583714183
Palaemon adspersus,-2756.047650778884,216.10347744287705,-1994.1446024056083,-588.522102691723,179.2283583714183
Macrobrachium heterochirus,-2756.047650778884,216.10347744287705,-1994.1446024056083,-588.522102691723,179.2283583714183
Macrobrachium olfersii,-2756.047650778884,216.10347744287705,-1994.1446024056083,-588.522102691723,179.2283583714183
Macrobrachium acanthurus,-2756.047650778884,216.10347744287705,-1994.1446024056083,-588.522102691723,179.2283583714183
Oplophorus spinosus,-2756.047650778884,216.10347744287705,-1994.1446024056083,-588.522102691723,179.2283583714183
Pachygrapsus marmoratus,-2756.047650778884,216.10347744287705,-1994.1446024056083,-588.522102691723,179.2283583714183
Gecarcoidea natalis,-2756.047650778884,216.10347744287705,-1994.1446024056083,-588.522102691723,179.2283583714183
Cancer pagurus,-2756.047650778884,216.10347744287705,-1994.1446024056083,-588.522102691723,179.2283583714183
Austrothelphusa transversa,-2756.047650778884,216.10347744287705,-1994.1446024056083,-588.522102691723,179.2283583714183
Menippe mercenaria,-2756.047650778884,216.10347744287705,-1994.1446024056083,-588.522102691723,179.2283583714183
Scylla serrata,-2756.047650778884,216.10347744287705,-1994.1446024056083,-588.522102691723,179.2283583714183
Callinectes sapidus,-2756.047650778884,216.10347744287705,-1994.1446024056083,-588.522102691723,179.2283583714183
Panopeus herbstii,-2756.047650778884,216.10347744287705,-1994.1446024056083,-588.522102691723,179.2283583714183
Xantho hydrophilus,-2756.047650778884,216.10347744287705,-1994.1446024056083,-588.522102691723,179.2283583714183
Maja squinado,-2756.047650778884,216.10347744287705,-1994.1446024056083,-588.522102691723,179.2283583714183
Coenobita compressus,-2756.047650778884,216.10347744287705,-1994.1446024056083,-588.522102691723,179.2283583714183
Paralomis multispina,-2756.047650778884,216.10347744287705,-1994.1446024056083,-588.522102691723,179.2283583714183
Munidopsis verrilli,-2756.047650778884,216.10347744287705,-1994.1446024056083,-588.522102691723,179.2283583714183
Cherax destructor,-2756.047650778884,216.10347744287705,-1994.1446024056083,-588.522102691723,179.2283583714183
Homarus americanus,-2756.047650778884,216.10347744287705,-1994.1446024056083,-588.522102691723,179.2283583714183
Stereomastis sculpta,-2756.047650778884,216.10347744287705,-1994.1446024056083,-588.522102691723,179.2283583714183
Euphausia crystallorophias,-2756.047650778884,216.10347744287705,-1994.1446024056083,-588.522102691723,179.2283583714183
Euphausia superba,-2756.047650778884,216.10347744287705,-1994.1446024056083,-588.522102691723,179.2283583714183
Euphausia pacifica,-2756.047650778884,216.10347744287705,-1994.1446024056083,-588.522102691723,179.2283583714183
Euphausia tricantha,-2756.047650778884,216.10347744287705,-1994.1446024056083,-588.522102691723,179.2283583714183
Thysanoessa macrura,-2756.047650778884,216.10347744287705,-1994.1446024056083,-588.522102691723,179.2283583714183
Thysanoessa inermis,-2756.047650778884,216.10347744287705,-1994.1446024056083,-588.522102691723,179.2283583714183
Flaccisagitta hexaptera,-2756.047650778884,216.10347744287705,-1994.1446024056083,-588.522102691723,179.2283583714183
Dosidicus gigas,-2756.047650778884,216.10347744287705,-1994.1446024056083,-588.522102691723,179.2283583714183
Sthenoteuthis oualaniensis,-2756.047650778884,216.10347744287705,-1994.1446024056083,-588.522102691723,179.2283583714183
Sthenoteuthis pteropus,-2756.047650778884,216.10347744287705,-1994.1446024056083,-588.522102691723,179.2283583714183
Illex illecebrosus,-2756.047650778884,216.10347744287705,-1994.1446024056083,-588.522102691723,179.2283583714183
Lolliguncula brevis,-2756.047650778884,216.10347744287705,-1994.1446024056083,-588.522102691723,179.2283583714183
Sepioteuthis lessoniana,-2756.047650778884,216.10347744287705,-1994.1446024056083,-588.522102691723,179.2283583714183
Octopus maya,-2756.047650778884,216.10347744287705,-1994.1446024056083,-588.522102691723,179.2283583714183
Octopus bimaculoides,-2756.047650778884,216.10347744287705,-1994.1446024056083,-588.522102691723,179.2283583714183
Octopus vulgaris,-2756.047650778884,216.10347744287705,-1994.1446024056083,-588.522102691723,179.2283583714183
Octopus cyanea,-2756.047650778884,216.10347744287705,-1994.1446024056083,-588.522102691723,179.2283583714183
Octopus rubescens,-2756.047650778884,216.10347744287705,-1994.1446024056083,-588.522102691723,179.2283583714183
Japetella diaphana,-2756.047650778884,216.10347744287705,-1994.1446024056083,-588.522102691723,179.2283583714183
Enteroctopus dofleini,-2756.047650778884,216.1034774428771,-1994.1446024056083,-588.5221026917229,179.22835837141866
Vampyroteuthis infernalis,-2756.047650778884,216.1034774428771,-1994.1446024056083,-588.5221026917229,179.22835837141866
Aglantha digitale,-2756.047650778884,216.1034774428771,-1994.1446024056083,-588.5221026917229,179.22835837141866
