"class","order","family","Genus","species","wet_Mass_g","wet_Mass_kg","BMR","BMR_unit","temperature","temperature_unit","Reference","taxon_name","pc1","pc2","pc3","pc4","pc5","log_mass","log_BMR","inv_kT","row_id","Species","temp_K","in_phylogeny","y_fitted_log_BMR","y_fitted_BMR","residual_log_BMR"
"Amphibia","Caudata","Ambystomatidae","Ambystoma","gracile",22,0.022,0.0248011111111111,"W",15,"C","J. F. Gillooly, J. P. Gomez, E. V. Mavrodiev,  A broad-scale comparison of aerobic activity levels in vertebrates: endotherms versus ectotherms. Proc. Biol. Sci. 284, 20162328 (2017).","Ambystoma gracile",-5126.81836119685,-1622.5901421774,27.3461553712044,-1.52597053816768,0.0022057096609492,-3.81671282562382,-3.69686682394744,40.2740479814134,0,"Ambystoma gracile",288.15,TRUE,-4.81188347727804,0.00813252783221735,1.1150166533306
"Amphibia","Caudata","Ambystomatidae","Ambystoma","jeffersonianum",5,0.005,0.0050338888888888,"W",15,"C","J. F. Gillooly, J. P. Gomez, E. V. Mavrodiev,  A broad-scale comparison of aerobic activity levels in vertebrates: endotherms versus ectotherms. Proc. Biol. Sci. 284, 20162328 (2017).","Ambystoma jeffersonianum",-5463.52186819174,2899.74159249874,8.67803683342492,-0.676783266230328,0.001555640830569,-5.29831736654804,-5.29156245464435,40.2740479814134,1,"Ambystoma jeffersonianum",288.15,TRUE,-5.97948059600525,0.00253014011588057,0.687918141360896
"Amphibia","Caudata","Ambystomatidae","Ambystoma","macrodactylum",2,0.002,0.0035605555555555,"W",15,"C","J. F. Gillooly, J. P. Gomez, E. V. Mavrodiev,  A broad-scale comparison of aerobic activity levels in vertebrates: endotherms versus ectotherms. Proc. Biol. Sci. 284, 20162328 (2017).","Ambystoma macrodactylum",-5126.81836119685,-1622.5901421774,27.3461553712044,-1.52597053816768,0.0022057096609492,-6.21460809842219,-5.63783869136218,40.2740479814134,2,"Ambystoma macrodactylum",288.15,TRUE,-6.70157504759578,0.00122897468384697,1.06373635623359
"Amphibia","Caudata","Ambystomatidae","Ambystoma","tigrinum",38,0.038,0.0341322222222222,"W",15,"C","J. F. Gillooly, J. P. Gomez, E. V. Mavrodiev,  A broad-scale comparison of aerobic activity levels in vertebrates: endotherms versus ectotherms. Proc. Biol. Sci. 284, 20162328 (2017).","Ambystoma tigrinum",-5463.60534431407,2900.87504345145,8.67320376250161,-0.676532351367968,0.0015542166585033,-3.27016911925575,-3.377513407658,40.2740479814134,3,"Ambystoma tigrinum",288.15,TRUE,-4.38117282596228,0.0125106771663752,1.00365941830428
"Amphibia","Caudata","Amphiumidae","Amphiuma","means",125,0.125,0.142755913286043,"W",18,"C","J. F. Gillooly, J. P. Gomez, E. V. Mavrodiev,  A broad-scale comparison of aerobic activity levels in vertebrates: endotherms versus ectotherms. Proc. Biol. Sci. 284, 20162328 (2017).","Amphiuma means",-5126.81836119685,-1622.5901421774,27.3461553712044,-1.52597053816768,0.0022057096609492,-2.07944154167984,-1.94661900723362,39.8590655189568,4,"Amphiuma means",291.15,TRUE,-3.38193189953263,0.0339817419683794,1.43531289229901
"Amphibia","Anura","Bufonidae","Anaxyrus","americanus",30,0.03,0.275765575262758,"W",20,"C","J. F. Gillooly, J. P. Gomez, E. V. Mavrodiev,  A broad-scale comparison of aerobic activity levels in vertebrates: endotherms versus ectotherms. Proc. Biol. Sci. 284, 20162328 (2017).","Anaxyrus americanus",-5126.81836119685,-1622.5901421774,27.3461553712044,-1.52597053816768,0.0022057096609492,-3.50655789731998,-1.28820413916982,39.5871292029482,5,"Anaxyrus americanus",293.15,TRUE,-4.466699048102,0.0114851653247682,3.17849490893219
"Amphibia","Anura","Bufonidae","Anaxyrus","woodhousii",71,0.071,0.744707454969839,"W",20,"C","J. F. Gillooly, J. P. Gomez, E. V. Mavrodiev,  A broad-scale comparison of aerobic activity levels in vertebrates: endotherms versus ectotherms. Proc. Biol. Sci. 284, 20162328 (2017).","Anaxyrus woodhousii",-5126.81836119685,-1622.5901421774,27.3461553712044,-1.52597053816768,0.0022057096609492,-2.64507540194082,-0.294763815613564,39.5871292029482,6,"Anaxyrus woodhousii",293.15,TRUE,-3.78779691757048,0.0226454366995276,3.49303310195691
"Amphibia","Caudata","Plethodontidae","Aneides","lugubris",5,0.005,0.0246092143733935,"W",23,"C","J. F. Gillooly, J. P. Gomez, E. V. Mavrodiev,  A broad-scale comparison of aerobic activity levels in vertebrates: endotherms versus ectotherms. Proc. Biol. Sci. 284, 20162328 (2017).","Aneides lugubris",-5126.81836119685,-1622.5901421774,27.3461553712044,-1.52597053816768,0.0022057096609492,-5.29831736654804,-3.70463433815278,39.1861115172861,7,"Aneides lugubris",296.15,TRUE,-5.81989307124702,0.00296792248406444,2.11525873309424
"Amphibia","Caudata","Plethodontidae","Batrachoseps","attenuatus",1,0.001,0.0031900833446991,"W",23,"C","J. F. Gillooly, J. P. Gomez, E. V. Mavrodiev,  A broad-scale comparison of aerobic activity levels in vertebrates: endotherms versus ectotherms. Proc. Biol. Sci. 284, 20162328 (2017).","Batrachoseps attenuatus",-5126.81836119685,-1622.5901421774,27.3461553712044,-1.52597053816768,0.0022057096609492,-6.90775527898214,-5.74770823566176,39.1861115172861,8,"Batrachoseps attenuatus",296.15,TRUE,-7.08823088840583,0.000834873043483288,1.34052265274407
"Amphibia","Caudata","Plethodontidae","Bolitoglossa","rostrata",3,0.003,0.0031922222222222,"W",15,"C","J. F. Gillooly, J. P. Gomez, E. V. Mavrodiev,  A broad-scale comparison of aerobic activity levels in vertebrates: endotherms versus ectotherms. Proc. Biol. Sci. 284, 20162328 (2017).","Bolitoglossa rostrata",-5126.81836119685,-1622.5901421774,27.3461553712044,-1.52597053816768,0.0022057096609492,-5.80914299031403,-5.74703798332717,40.2740479814134,9,"Bolitoglossa rostrata",288.15,TRUE,-6.38204316247062,0.00169166308076306,0.635005179143453
"Amphibia","Anura","Bombinatoridae","Bombina","orientalis",3,0.003,0.0101584803106676,"W",20,"C","J. F. Gillooly, J. P. Gomez, E. V. Mavrodiev,  A broad-scale comparison of aerobic activity levels in vertebrates: endotherms versus ectotherms. Proc. Biol. Sci. 284, 20162328 (2017).","Bombina orientalis",-5126.81836119685,-1622.5901421774,27.3461553712044,-1.52597053816768,0.0022057096609492,-5.80914299031403,-4.58944642374106,39.5871292029482,10,"Bombina orientalis",293.15,TRUE,-6.28128023082908,0.00187100374361487,1.69183380708802
"Amphibia","Anura","Dendrobatidae","Colostethus","inguinalis",2,0.002,0.0093325876024832,"W",20,"C","J. F. Gillooly, J. P. Gomez, E. V. Mavrodiev,  A broad-scale comparison of aerobic activity levels in vertebrates: endotherms versus ectotherms. Proc. Biol. Sci. 284, 20162328 (2017).","Colostethus inguinalis",-5126.81836119685,-1622.5901421774,27.3461553712044,-1.52597053816768,0.0022057096609492,-6.21460809842219,-4.67424296040114,39.5871292029482,11,"Colostethus inguinalis",293.15,TRUE,-6.60081211595424,0.0013592637094429,1.9265691555531
"Amphibia","Anura","Dendrobatidae","Dendrobates","auratus",2,0.002,0.0113333333333333,"W",25,"C","J. F. Gillooly, J. P. Gomez, E. V. Mavrodiev,  A broad-scale comparison of aerobic activity levels in vertebrates: endotherms versus ectotherms. Proc. Biol. Sci. 284, 20162328 (2017).","Dendrobates auratus",-5126.81836119685,-1622.5901421774,27.3461553712044,-1.52597053816768,0.0022057096609492,-6.21460809842219,-4.48000704303409,38.9232497932056,12,"Dendrobates auratus",298.15,TRUE,-6.50342878960002,0.00149829304388144,2.02342174656593
"Amphibia","Caudata","Plethodontidae","Desmognathus","ochrophaeus",2,0.002,0.0035857686202513,"W",21,"C","J. F. Gillooly, J. P. Gomez, E. V. Mavrodiev,  A broad-scale comparison of aerobic activity levels in vertebrates: endotherms versus ectotherms. Proc. Biol. Sci. 284, 20162328 (2017).","Desmognathus ochrophaeus",-5126.81836119685,-1622.5901421774,27.3461553712044,-1.52597053816768,0.0022057096609492,-6.21460809842219,-5.63078242895639,39.4525477676161,13,"Desmognathus ochrophaeus",294.15,TRUE,-6.5810705971696,0.00138636426238666,0.95028816821321
"Amphibia","Caudata","Plethodontidae","Desmognathus","quadramaculatus",28,0.028,0.0164792770632827,"W",21,"C","J. F. Gillooly, J. P. Gomez, E. V. Mavrodiev,  A broad-scale comparison of aerobic activity levels in vertebrates: endotherms versus ectotherms. Proc. Biol. Sci. 284, 20162328 (2017).","Desmognathus quadramaculatus",-5126.81836119685,-1622.5901421774,27.3461553712044,-1.52597053816768,0.0022057096609492,-3.57555076880693,-4.10565162298227,39.4525477676161,14,"Desmognathus quadramaculatus",294.15,TRUE,-4.50132823063192,0.0110942510236403,0.395676607649645
"Amphibia","Anura","Alytidae","Discoglossus","pictus",31,0.031,0.0674754342586623,"W",20,"C","J. F. Gillooly, J. P. Gomez, E. V. Mavrodiev,  A broad-scale comparison of aerobic activity levels in vertebrates: endotherms versus ectotherms. Proc. Biol. Sci. 284, 20162328 (2017).","Discoglossus pictus",-5126.81836119685,-1622.5901421774,27.3461553712044,-1.52597053816768,0.0022057096609492,-3.47376807449699,-2.69599168425347,39.5871292029482,15,"Discoglossus pictus",293.15,TRUE,-4.44085861525086,0.0117858146938979,1.74486693099739
"Amphibia","Anura","Hylidae","Dryophytes","arenicolor",3,0.003,0.0234553529124358,"W",20,"C","J. F. Gillooly, J. P. Gomez, E. V. Mavrodiev,  A broad-scale comparison of aerobic activity levels in vertebrates: endotherms versus ectotherms. Proc. Biol. Sci. 284, 20162328 (2017).","Dryophytes arenicolor",-5126.81836119685,-1622.5901421774,27.3461553712044,-1.52597053816768,0.0022057096609492,-5.80914299031403,-3.75265654095227,39.5871292029482,16,"Dryophytes arenicolor",293.15,TRUE,-6.28128023082908,0.00187100374361487,2.52862368987681
"Amphibia","Anura","Hylidae","Dryophytes","chrysoscelis",5,0.005,0.0444330277003186,"W",20,"C","J. F. Gillooly, J. P. Gomez, E. V. Mavrodiev,  A broad-scale comparison of aerobic activity levels in vertebrates: endotherms versus ectotherms. Proc. Biol. Sci. 284, 20162328 (2017).","Dryophytes chrysoscelis",-5126.81836119685,-1622.5901421774,27.3461553712044,-1.52597053816768,0.0022057096609492,-5.29831736654804,-3.11377221895169,39.5871292029482,17,"Dryophytes chrysoscelis",293.15,TRUE,-5.87871766436371,0.00279837142662438,2.76494544541202
"Amphibia","Anura","Hylidae","Dryophytes","cinereus",10,0.01,0.0572960049746542,"W",21,"C","J. F. Gillooly, J. P. Gomez, E. V. Mavrodiev,  A broad-scale comparison of aerobic activity levels in vertebrates: endotherms versus ectotherms. Proc. Biol. Sci. 284, 20162328 (2017).","Dryophytes cinereus",-5126.81836119685,-1622.5901421774,27.3461553712044,-1.52597053816768,0.0022057096609492,-4.60517018598809,-2.8595243789023,39.4525477676161,18,"Dryophytes cinereus",294.15,TRUE,-5.31273278001079,0.00492843995570107,2.45320840110849
"Amphibia","Anura","Hylidae","Dryophytes","squirellus",2,0.002,0.0172546452441754,"W",28,"C","J. F. Gillooly, J. P. Gomez, E. V. Mavrodiev,  A broad-scale comparison of aerobic activity levels in vertebrates: endotherms versus ectotherms. Proc. Biol. Sci. 284, 20162328 (2017).","Dryophytes squirellus",-5126.81836119685,-1622.5901421774,27.3461553712044,-1.52597053816768,0.0022057096609492,-6.21460809842219,-4.05967388223927,38.5355036554682,19,"Dryophytes squirellus",301.15,TRUE,-6.44655097697361,0.00158598283766311,2.38687709473434
"Amphibia","Anura","Hylidae","Dryophytes","versicolor",9,0.009,0.0814540597121181,"W",19.3,"C","J. F. Gillooly, J. P. Gomez, E. V. Mavrodiev,  A broad-scale comparison of aerobic activity levels in vertebrates: endotherms versus ectotherms. Proc. Biol. Sci. 284, 20162328 (2017).","Dryophytes versicolor",-5126.81836119685,-1622.5901421774,27.3461553712044,-1.52597053816768,0.0022057096609492,-4.71053070164592,-2.50771610217905,39.6818838291819,20,"Dryophytes versicolor",292.45,TRUE,-5.42940437293904,0.00438570727079298,2.92168827075998
"Amphibia","Anura","Eleutherodactylidae","Eleutherodactylus","coqui",5,0.005,0.0113973193729441,"W",20,"C","J. F. Gillooly, J. P. Gomez, E. V. Mavrodiev,  A broad-scale comparison of aerobic activity levels in vertebrates: endotherms versus ectotherms. Proc. Biol. Sci. 284, 20162328 (2017).","Eleutherodactylus coqui",-5126.81836119685,-1622.5901421774,27.3461553712044,-1.52597053816768,0.0022057096609492,-5.29831736654804,-4.47437709395627,39.5871292029482,21,"Eleutherodactylus coqui",293.15,TRUE,-5.87871766436371,0.00279837142662438,1.40434057040743
"Amphibia","Caudata","Plethodontidae","Eurycea","longicauda",1,0.001,0.0034377777777777,"W",15,"C","J. F. Gillooly, J. P. Gomez, E. V. Mavrodiev,  A broad-scale comparison of aerobic activity levels in vertebrates: endotherms versus ectotherms. Proc. Biol. Sci. 284, 20162328 (2017).","Eurycea longicauda",-5126.81836119685,-1622.5901421774,27.3461553712044,-1.52597053816768,0.0022057096609492,-6.90775527898214,-5.67293001117346,40.2740479814134,22,"Eurycea longicauda",288.15,TRUE,-7.24781841316405,0.000711725387144074,1.57488840199059
"Amphibia","Gymnophiona","Dermophiidae","Geotrypetes","seraphini",2,0.002,0.0025602673953715,"W",20,"C","J. F. Gillooly, J. P. Gomez, E. V. Mavrodiev,  A broad-scale comparison of aerobic activity levels in vertebrates: endotherms versus ectotherms. Proc. Biol. Sci. 284, 20162328 (2017).","Geotrypetes seraphini",-5600.94468722638,4753.10106532136,0.931797137007782,-0.305173090550027,0.0005170529689169,-6.21460809842219,-5.96764357462833,39.5871292029482,23,"Geotrypetes seraphini",293.15,TRUE,-6.60081211595424,0.0013592637094429,0.633168541325905
"Amphibia","Caudata","Plethodontidae","Hydromantes","platycephalus",2,0.002,0.0047883333333333,"W",15,"C","J. F. Gillooly, J. P. Gomez, E. V. Mavrodiev,  A broad-scale comparison of aerobic activity levels in vertebrates: endotherms versus ectotherms. Proc. Biol. Sci. 284, 20162328 (2017).","Hydromantes platycephalus",-5126.81836119685,-1622.5901421774,27.3461553712044,-1.52597053816768,0.0022057096609492,-6.21460809842219,-5.341572875219,40.2740479814134,24,"Hydromantes platycephalus",288.15,TRUE,-6.70157504759578,0.00122897468384697,1.36000217237678
"Amphibia","Anura","Hyperoliidae","Hyperolius","viridiflavus",1,0.001,0.0054508918740167,"W",20,"C","J. F. Gillooly, J. P. Gomez, E. V. Mavrodiev,  A broad-scale comparison of aerobic activity levels in vertebrates: endotherms versus ectotherms. Proc. Biol. Sci. 284, 20162328 (2017).","Hyperolius viridiflavus",-5126.81836119685,-1622.5901421774,27.3461553712044,-1.52597053816768,0.0022057096609492,-6.90775527898214,-5.21197603708706,39.5871292029482,25,"Hyperolius viridiflavus",293.15,TRUE,-7.14705548152251,0.000787178533902652,1.93507944443545
"Amphibia","Anura","Bufonidae","Incilius","alvarius",174,0.174,1.18990995810072,"W",26,"C","J. F. Gillooly, J. P. Gomez, E. V. Mavrodiev,  A broad-scale comparison of aerobic activity levels in vertebrates: endotherms versus ectotherms. Proc. Biol. Sci. 284, 20162328 (2017).","Incilius alvarius",-5126.81836119685,-1622.5901421774,27.3461553712044,-1.52597053816768,0.0022057096609492,-1.74869997976761,0.173877638799079,38.7931369742412,26,"Incilius alvarius",299.15,TRUE,-2.96492762510964,0.0515642010634663,3.13880526390872
"Amphibia","Anura","Microhylidae","Kaloula","pulchra",31,0.031,0.176493271738998,"W",20,"C","J. F. Gillooly, J. P. Gomez, E. V. Mavrodiev,  A broad-scale comparison of aerobic activity levels in vertebrates: endotherms versus ectotherms. Proc. Biol. Sci. 284, 20162328 (2017).","Kaloula pulchra",-5126.81836119685,-1622.5901421774,27.3461553712044,-1.52597053816768,0.0022057096609492,-3.47376807449699,-1.73447252379432,39.5871292029482,27,"Kaloula pulchra",293.15,TRUE,-4.44085861525086,0.0117858146938979,2.70638609145654
"Amphibia","Caudata","Proteidae","Necturus","maculosus",102,0.102,0.0387977777777777,"W",15,"C","J. F. Gillooly, J. P. Gomez, E. V. Mavrodiev,  A broad-scale comparison of aerobic activity levels in vertebrates: endotherms versus ectotherms. Proc. Biol. Sci. 284, 20162328 (2017).","Necturus maculosus",-5126.81836119685,-1622.5901421774,27.3461553712044,-1.52597053816768,0.0022057096609492,-2.28278246569787,-3.24939230776173,40.2740479814134,29,"Necturus maculosus",288.15,TRUE,-3.6030503378625,0.0272405028506372,0.35365803010077
"Amphibia","Caudata","Salamandridae","Notophthalmus","viridescens",1,0.001,0.0027011111111111,"W",15,"C","J. F. Gillooly, J. P. Gomez, E. V. Mavrodiev,  A broad-scale comparison of aerobic activity levels in vertebrates: endotherms versus ectotherms. Proc. Biol. Sci. 284, 20162328 (2017).","Notophthalmus viridescens",-5126.81836119685,-1622.5901421774,27.3461553712044,-1.52597053816768,0.0022057096609492,-6.90775527898214,-5.91409206799033,40.2740479814134,30,"Notophthalmus viridescens",288.15,TRUE,-7.24781841316405,0.000711725387144074,1.33372634517372
"Amphibia","Anura","Odontophrynidae","Odontophrynus","americanus",15,0.015,0.0725959690494053,"W",20,"C","J. F. Gillooly, J. P. Gomez, E. V. Mavrodiev,  A broad-scale comparison of aerobic activity levels in vertebrates: endotherms versus ectotherms. Proc. Biol. Sci. 284, 20162328 (2017).","Odontophrynus americanus",-5126.81836119685,-1622.5901421774,27.3461553712044,-1.52597053816768,0.0022057096609492,-4.19970507787993,-2.6228458814283,39.5871292029482,31,"Odontophrynus americanus",293.15,TRUE,-5.01294241367028,0.00665130359853867,2.39009653224198
"Amphibia","Anura","Hylidae","Osteopilus","septentrionalis",16,0.016,0.115660111240447,"W",21,"C","J. F. Gillooly, J. P. Gomez, E. V. Mavrodiev,  A broad-scale comparison of aerobic activity levels in vertebrates: endotherms versus ectotherms. Proc. Biol. Sci. 284, 20162328 (2017).","Osteopilus septentrionalis",-5126.81836119685,-1622.5901421774,27.3461553712044,-1.52597053816768,0.0022057096609492,-4.13516655674236,-2.15709946446412,39.4525477676161,32,"Osteopilus septentrionalis",294.15,TRUE,-4.94234050046478,0.00713787261245849,2.78524103600065
"Amphibia","Caudata","Plethodontidae","Plethodon","glutinosus",4,0.004,0.0045105048172519,"W",22,"C","J. F. Gillooly, J. P. Gomez, E. V. Mavrodiev,  A broad-scale comparison of aerobic activity levels in vertebrates: endotherms versus ectotherms. Proc. Biol. Sci. 284, 20162328 (2017).","Plethodon glutinosus",-5126.81836119685,-1622.5901421774,27.3461553712044,-1.52597053816768,0.0022057096609492,-5.52146091786225,-5.40134619885975,39.3188782850898,33,"Plethodon glutinosus",295.15,TRUE,-6.01521948560194,0.00244131247280538,0.613873286742193
"Amphibia","Caudata","Plethodontidae","Plethodon","jordani",4,0.004,0.0089600584827443,"W",27,"C","J. F. Gillooly, J. P. Gomez, E. V. Mavrodiev,  A broad-scale comparison of aerobic activity levels in vertebrates: endotherms versus ectotherms. Proc. Biol. Sci. 284, 20162328 (2017).","Plethodon jordani",-5126.81836119685,-1622.5901421774,27.3461553712044,-1.52597053816768,0.0022057096609492,-5.52146091786225,-4.7149785249246,38.6638911405773,34,"Plethodon jordani",300.15,TRUE,-5.91914055030762,0.00268750896342066,1.20416202538302
"Amphibia","Caudata","Plethodontidae","Plethodon","yonahlossee",5,0.005,0.0053562244704867,"W",22,"C","J. F. Gillooly, J. P. Gomez, E. V. Mavrodiev,  A broad-scale comparison of aerobic activity levels in vertebrates: endotherms versus ectotherms. Proc. Biol. Sci. 284, 20162328 (2017).","Plethodon yonahlossee",-5126.81836119685,-1622.5901421774,27.3461553712044,-1.52597053816768,0.0022057096609492,-5.29831736654804,-5.22949594193308,39.3188782850898,35,"Plethodon yonahlossee",295.15,TRUE,-5.83936839957969,0.00291068043235627,0.60987245764661
"Amphibia","Anura","Hylidae","Pseudacris","cadaverina",3,0.003,0.025260251790679,"W",23,"C","J. F. Gillooly, J. P. Gomez, E. V. Mavrodiev,  A broad-scale comparison of aerobic activity levels in vertebrates: endotherms versus ectotherms. Proc. Biol. Sci. 284, 20162328 (2017).","Pseudacris cadaverina",-5126.81836119685,-1622.5901421774,27.3461553712044,-1.52597053816768,0.0022057096609492,-5.80914299031403,-3.6785231941491,39.1861115172861,36,"Pseudacris cadaverina",296.15,TRUE,-6.2224556377124,0.0019843663445141,2.5439324435633
"Amphibia","Anura","Hylidae","Pseudacris","regilla",4,0.004,0.0272133640425357,"W",23,"C","J. F. Gillooly, J. P. Gomez, E. V. Mavrodiev,  A broad-scale comparison of aerobic activity levels in vertebrates: endotherms versus ectotherms. Proc. Biol. Sci. 284, 20162328 (2017).","Pseudacris regilla",-5126.81836119685,-1622.5901421774,27.3461553712044,-1.52597053816768,0.0022057096609492,-5.52146091786225,-3.60404710124761,39.1861115172861,37,"Pseudacris regilla",296.15,TRUE,-5.99574415726928,0.00248932383580169,2.39169705602167
"Amphibia","Anura","Hylidae","Pseudacris","regilla",4,0.004,0.0376887169873225,"W",21,"C","J. F. Gillooly, J. P. Gomez, E. V. Mavrodiev,  A broad-scale comparison of aerobic activity levels in vertebrates: endotherms versus ectotherms. Proc. Biol. Sci. 284, 20162328 (2017).","Pseudacris regilla",-5126.81836119685,-1622.5901421774,27.3461553712044,-1.52597053816768,0.0022057096609492,-5.52146091786225,-3.27839451347851,39.4525477676161,38,"Pseudacris regilla",294.15,TRUE,-6.03482723160132,0.00239391008363524,2.75643271812281
"Amphibia","Caudata","Plethodontidae","Pseudoeurycea","unguidentis",3,0.003,0.0041744444444444,"W",15,"C","J. F. Gillooly, J. P. Gomez, E. V. Mavrodiev,  A broad-scale comparison of aerobic activity levels in vertebrates: endotherms versus ectotherms. Proc. Biol. Sci. 284, 20162328 (2017).","Pseudoeurycea unguidentis",-5126.81836119685,-1622.5901421774,27.3461553712044,-1.52597053816768,0.0022057096609492,-5.80914299031403,-5.47877399673249,40.2740479814134,39,"Pseudoeurycea unguidentis",288.15,TRUE,-6.38204316247062,0.00169166308076306,0.903269165738129
"Amphibia","Caudata","Plethodontidae","Pseudotriton","ruber",11,0.011,0.0125233333333333,"W",15,"C","J. F. Gillooly, J. P. Gomez, E. V. Mavrodiev,  A broad-scale comparison of aerobic activity levels in vertebrates: endotherms versus ectotherms. Proc. Biol. Sci. 284, 20162328 (2017).","Pseudotriton ruber",-5126.81836119685,-1622.5901421774,27.3461553712044,-1.52597053816768,0.0022057096609492,-4.50986000618377,-4.38016170806437,40.2740479814134,40,"Pseudotriton ruber",288.15,TRUE,-5.35812684284631,0.00470971989571557,0.97796513478194
"Amphibia","Anura","Bufonidae","Rhinella","marina",266,0.266,2.10944444444444,"W",25,"C","J. F. Gillooly, J. P. Gomez, E. V. Mavrodiev,  A broad-scale comparison of aerobic activity levels in vertebrates: endotherms versus ectotherms. Proc. Biol. Sci. 284, 20162328 (2017).","Rhinella marina",-5126.81836119685,-1622.5901421774,27.3461553712044,-1.52597053816768,0.0022057096609492,-1.32425897020044,0.746424616347546,38.9232497932056,41,"Rhinella marina",298.15,TRUE,-2.64952756699712,0.0706845989108404,3.39595218334467
"Amphibia","Anura","Scaphiopodidae","Scaphiopus","couchii",21,0.021,0.227055555555556,"W",25,"C","J. F. Gillooly, J. P. Gomez, E. V. Mavrodiev,  A broad-scale comparison of aerobic activity levels in vertebrates: endotherms versus ectotherms. Proc. Biol. Sci. 284, 20162328 (2017).","Scaphiopus couchii",-5126.81836119685,-1622.5901421774,27.3461553712044,-1.52597053816768,0.0022057096609492,-3.86323284125871,-1.48256055331402,38.9232497932056,42,"Scaphiopus couchii",298.15,TRUE,-4.65039790350546,0.00955779809244799,3.16783735019143
"Amphibia","Anura","Scaphiopodidae","Spea","hammondii",11,0.011,0.05304,"W",15,"C","J. F. Gillooly, J. P. Gomez, E. V. Mavrodiev,  A broad-scale comparison of aerobic activity levels in vertebrates: endotherms versus ectotherms. Proc. Biol. Sci. 284, 20162328 (2017).","Spea hammondii",-5126.81836119685,-1622.5901421774,27.3461553712044,-1.52597053816768,0.0022057096609492,-4.50986000618377,-2.93670893310453,40.2740479814134,43,"Spea hammondii",288.15,TRUE,-5.35812684284631,0.00470971989571557,2.42141790974178
"Amphibia","Anura","Pipidae","Xenopus","laevis",36,0.036,0.268944444444444,"W",25,"C","J. F. Gillooly, J. P. Gomez, E. V. Mavrodiev,  A broad-scale comparison of aerobic activity levels in vertebrates: endotherms versus ectotherms. Proc. Biol. Sci. 284, 20162328 (2017).","Xenopus laevis",-5126.81836119685,-1622.5901421774,27.3461553712044,-1.52597053816768,0.0022057096609492,-3.32423634052603,-1.31325044693861,38.9232497932056,44,"Xenopus laevis",298.15,TRUE,-4.22563492264488,0.0146160517007062,2.91238447570628
"Amphibia","Anura","Hylidae","Acris","crepitans",1.59,0.00159,0.00058671,"W",15,"C","A. M. Makarieva et al., Mean mass-specific metabolic rates are strikingly similar across life's major domains: Evidence for life's metabolic optimum. Proc. Natl. Acad. Sci. U.S.A. 105, 16994-16999 (2008).","Acris crepitans",-5126.81836119685,-1622.5901421774,27.3461553712044,-1.52597053816768,0.0022057096609492,-6.44402126275,-7.44097989769161,40.2740479814134,45,"Acris crepitans",288.15,TRUE,-6.88236698111681,0.00102571332550308,-0.558612916574793
"Amphibia","Caudata","Ambystomatidae","Ambystoma","gracile",30.39,0.03039,0.00777984,"W",15,"C","A. M. Makarieva et al., Mean mass-specific metabolic rates are strikingly similar across life's major domains: Evidence for life's metabolic optimum. Proc. Natl. Acad. Sci. U.S.A. 105, 16994-16999 (2008).","Ambystoma gracile",-5126.81836119685,-1622.5901421774,27.3461553712044,-1.52597053816768,0.0022057096609492,-3.49364167205344,-4.85621950655601,40.2740479814134,46,"Ambystoma gracile",288.15,TRUE,-4.55728318574724,0.0104905210599126,-0.298936320808769
"Amphibia","Caudata","Ambystomatidae","Ambystoma","jeffersonianum",8.92,0.0089199999999999,0.0038801999999999,"W",15,"C","A. M. Makarieva et al., Mean mass-specific metabolic rates are strikingly similar across life's major domains: Evidence for life's metabolic optimum. Proc. Natl. Acad. Sci. U.S.A. 105, 16994-16999 (2008).","Ambystoma jeffersonianum",-5463.52186819174,2899.74159249874,8.67803683342492,-0.676783266230328,0.001555640830569,-4.71945933239023,-5.5518685802837,40.2740479814134,47,"Ambystoma jeffersonianum",288.15,TRUE,-5.52330423168799,0.0039926335361352,-0.0285643485957099
"Amphibia","Caudata","Ambystomatidae","Ambystoma","macrodactylum",3.414,0.003414,0.001351944,"W",15,"C","A. M. Makarieva et al., Mean mass-specific metabolic rates are strikingly similar across life's major domains: Evidence for life's metabolic optimum. Proc. Natl. Acad. Sci. U.S.A. 105, 16994-16999 (2008).","Ambystoma macrodactylum",-5126.81836119685,-1622.5901421774,27.3461553712044,-1.52597053816768,0.0022057096609492,-5.67987065460989,-6.60621172233754,40.2740479814134,48,"Ambystoma macrodactylum",288.15,TRUE,-6.28016847018253,0.00187308500866649,-0.326043252155015
"Amphibia","Caudata","Ambystomatidae","Ambystoma","maculatum",15.83,0.01583,0.00444823,"W",15,"C","A. M. Makarieva et al., Mean mass-specific metabolic rates are strikingly similar across life's major domains: Evidence for life's metabolic optimum. Proc. Natl. Acad. Sci. U.S.A. 105, 16994-16999 (2008).","Ambystoma maculatum",-5463.52186819174,2899.74159249874,8.67803683342492,-0.676783266230328,0.001555640830569,-4.14584840508922,-5.41524901473761,40.2740479814134,49,"Ambystoma maculatum",288.15,TRUE,-5.07126291601456,0.00627449097978121,-0.343986098723048
"Amphibia","Caudata","Ambystomatidae","Ambystoma","mexicanum",21.3,0.0213,0.0022364999999999,"W",22,"C","A. M. Makarieva et al., Mean mass-specific metabolic rates are strikingly similar across life's major domains: Evidence for life's metabolic optimum. Proc. Natl. Acad. Sci. U.S.A. 105, 16994-16999 (2008).","Ambystoma mexicanum",-5463.60534431407,2900.87504345145,8.67320376250161,-0.676532351367968,0.0015542166585033,-3.84904820626676,-6.10284313509142,39.3188782850898,50,"Ambystoma mexicanum",295.15,TRUE,-4.6972535848201,0.00912029084212873,-1.40558955027132
"Amphibia","Caudata","Ambystomatidae","Ambystoma","opacum",4.65,0.00465,0.0011439,"W",14,"C","A. M. Makarieva et al., Mean mass-specific metabolic rates are strikingly similar across life's major domains: Evidence for life's metabolic optimum. Proc. Natl. Acad. Sci. U.S.A. 105, 16994-16999 (2008).","Ambystoma opacum",-5126.81836119685,-1622.5901421774,27.3461553712044,-1.52597053816768,0.0022057096609492,-5.37088805938287,-6.77331180243265,40.4143023710404,51,"Ambystoma opacum",287.15,TRUE,-6.05724451916659,0.00234084215475086,-0.716067283266055
"Amphibia","Caudata","Ambystomatidae","Ambystoma","talpoideum",7,0.007,0.006867,"W",15,"C","A. M. Makarieva et al., Mean mass-specific metabolic rates are strikingly similar across life's major domains: Evidence for life's metabolic optimum. Proc. Natl. Acad. Sci. U.S.A. 105, 16994-16999 (2008).","Ambystoma talpoideum",-5464.58065517508,2914.11616748927,8.61676543906449,-0.673606629642694,0.0015377640567973,-4.96184512992682,-4.9810279493436,40.2740479814134,52,"Ambystoma talpoideum",288.15,TRUE,-5.71431941219465,0.00329839460506531,0.733291462851048
"Amphibia","Caudata","Ambystomatidae","Ambystoma","tigrinum",10.78,0.01078,0.00169246,"W",15,"C","A. M. Makarieva et al., Mean mass-specific metabolic rates are strikingly similar across life's major domains: Evidence for life's metabolic optimum. Proc. Natl. Acad. Sci. U.S.A. 105, 16994-16999 (2008).","Ambystoma tigrinum",-5463.60534431407,2900.87504345145,8.67320376250161,-0.676532351367968,0.0015542166585033,-4.53006271350129,-6.38157218713511,40.2740479814134,53,"Ambystoma tigrinum",288.15,TRUE,-5.37404784079338,0.00463533020531893,-1.00752434634173
"Amphibia","Caudata","Amphiumidae","Amphiuma","means",352,0.352,0.023936,"W",5,"C","A. M. Makarieva et al., Mean mass-specific metabolic rates are strikingly similar across life's major domains: Evidence for life's metabolic optimum. Proc. Natl. Acad. Sci. U.S.A. 105, 16994-16999 (2008).","Amphiuma means",-5126.81836119685,-1622.5901421774,27.3461553712044,-1.52597053816768,0.0022057096609492,-1.04412410338404,-3.73237167719007,41.7219734885647,54,"Amphiuma means",278.15,TRUE,-2.83930371200812,0.0584663612202942,-0.893067965181948
"Amphibia","Anura","Bufonidae","Anaxyrus","americanus",50,0.05,0.01145,"W",20,"C","A. M. Makarieva et al., Mean mass-specific metabolic rates are strikingly similar across life's major domains: Evidence for life's metabolic optimum. Proc. Natl. Acad. Sci. U.S.A. 105, 16994-16999 (2008).","Anaxyrus americanus",-5126.81836119685,-1622.5901421774,27.3461553712044,-1.52597053816768,0.0022057096609492,-2.99573227355399,-4.46976554898189,39.5871292029482,55,"Anaxyrus americanus",293.15,TRUE,-4.06413648163663,0.0171778162307643,-0.405629067345257
"Amphibia","Anura","Bufonidae","Anaxyrus","terrestris",19.8,0.0198,0.0124542,"W",25,"C","A. M. Makarieva et al., Mean mass-specific metabolic rates are strikingly similar across life's major domains: Evidence for life's metabolic optimum. Proc. Natl. Acad. Sci. U.S.A. 105, 16994-16999 (2008).","Anaxyrus terrestris",-5126.81836119685,-1622.5901421774,27.3461553712044,-1.52597053816768,0.0022057096609492,-3.92207334128165,-4.38569736356334,38.9232497932056,56,"Anaxyrus terrestris",298.15,TRUE,-4.6967679006225,0.00912472149913126,0.311070537059152
"Amphibia","Anura","Bufonidae","Anaxyrus","woodhousii",56.3,0.0562999999999999,0.0124423,"W",25,"C","A. M. Makarieva et al., Mean mass-specific metabolic rates are strikingly similar across life's major domains: Evidence for life's metabolic optimum. Proc. Natl. Acad. Sci. U.S.A. 105, 16994-16999 (2008).","Anaxyrus woodhousii",-5126.81836119685,-1622.5901421774,27.3461553712044,-1.52597053816768,0.0022057096609492,-2.87706074383649,-4.38665332130088,38.9232497932056,57,"Anaxyrus woodhousii",298.15,TRUE,-3.87323256166526,0.0207910523217738,-0.513420759635613
"Amphibia","Caudata","Plethodontidae","Aneides","ferreus",2.73,0.00273,0.00091182,"W",15,"C","A. M. Makarieva et al., Mean mass-specific metabolic rates are strikingly similar across life's major domains: Evidence for life's metabolic optimum. Proc. Natl. Acad. Sci. U.S.A. 105, 16994-16999 (2008).","Aneides ferreus",-5126.81836119685,-1622.5901421774,27.3461553712044,-1.52597053816768,0.0022057096609492,-5.90345366978527,-7.0000679557907,40.2740479814134,58,"Aneides ferreus",288.15,TRUE,-6.45636588123546,0.00157049270936347,-0.543702074555242
"Amphibia","Caudata","Plethodontidae","Aneides","hardii",0.97,0.0009699999999999,0.0004238899999999,"W",20,"C","A. M. Makarieva et al., Mean mass-specific metabolic rates are strikingly similar across life's major domains: Evidence for life's metabolic optimum. Proc. Natl. Acad. Sci. U.S.A. 105, 16994-16999 (2008).","Aneides hardii",-5126.81836119685,-1622.5901421774,27.3461553712044,-1.52597053816768,0.0022057096609492,-6.93821448646695,-7.76603657035363,39.5871292029482,59,"Aneides hardii",293.15,TRUE,-7.17105924360318,0.000768508262481825,-0.594977326750449
"Amphibia","Caudata","Plethodontidae","Aneides","lugubris",5.58,0.00558,0.00183582,"W",15,"C","A. M. Makarieva et al., Mean mass-specific metabolic rates are strikingly similar across life's major domains: Evidence for life's metabolic optimum. Proc. Natl. Acad. Sci. U.S.A. 105, 16994-16999 (2008).","Aneides lugubris",-5126.81836119685,-1622.5901421774,27.3461553712044,-1.52597053816768,0.0022057096609492,-5.18856650258892,-6.30026403080568,40.2740479814134,60,"Aneides lugubris",288.15,TRUE,-5.89299004539142,0.00275871566757516,-0.407273985414268
"Amphibia","Caudata","Plethodontidae","Aquiloeurycea","cephalica",1.45,0.00145,0.0004364499999999,"W",15,"C","A. M. Makarieva et al., Mean mass-specific metabolic rates are strikingly similar across life's major domains: Evidence for life's metabolic optimum. Proc. Natl. Acad. Sci. U.S.A. 105, 16994-16999 (2008).","Aquiloeurycea cephalica",-5126.81836119685,-1622.5901421774,27.3461553712044,-1.52597053816768,0.0022057096609492,-6.53619172254965,-7.73683673678314,40.2740479814134,61,"Aquiloeurycea cephalica",288.15,TRUE,-6.9550030728142,0.000953851009906909,-0.781833663968939
"Amphibia","Caudata","Plethodontidae","Batrachoseps","attenuatus",0.93,0.00093,0.00044547,"W",25,"C","A. M. Makarieva et al., Mean mass-specific metabolic rates are strikingly similar across life's major domains: Evidence for life's metabolic optimum. Proc. Natl. Acad. Sci. U.S.A. 105, 16994-16999 (2008).","Batrachoseps attenuatus",-5126.81836119685,-1622.5901421774,27.3461553712044,-1.52597053816768,0.0022057096609492,-6.98032597181697,-7.71638065338819,38.9232497932056,62,"Batrachoseps attenuatus",298.15,TRUE,-7.10686240365737,0.000819462104019053,-0.609518249730828
"Amphibia","Caudata","Plethodontidae","Bolitoglossa","franklini",3.18,0.00318,0.00067416,"W",15,"C","A. M. Makarieva et al., Mean mass-specific metabolic rates are strikingly similar across life's major domains: Evidence for life's metabolic optimum. Proc. Natl. Acad. Sci. U.S.A. 105, 16994-16999 (2008).","Bolitoglossa franklini",-5126.81836119685,-1622.5901421774,27.3461553712044,-1.52597053816768,0.0022057096609492,-5.75087408219005,-7.30204308650018,40.2740479814134,63,"Bolitoglossa franklini",288.15,TRUE,-6.33612361554854,0.00177115462325443,-0.965919470951636
"Amphibia","Anura","Bombinatoridae","Bombina","orientalis",2.6,0.0026,0.0012012,"W",20,"C","A. M. Makarieva et al., Mean mass-specific metabolic rates are strikingly similar across life's major domains: Evidence for life's metabolic optimum. Proc. Natl. Acad. Sci. U.S.A. 105, 16994-16999 (2008).","Bombina orientalis",-5126.81836119685,-1622.5901421774,27.3461553712044,-1.52597053816768,0.0022057096609492,-5.9522438339547,-6.7244342218551,39.5871292029482,64,"Bombina orientalis",293.15,TRUE,-6.39405265296141,0.00167146857466245,-0.330381568893689
"Amphibia","Gymnophiona","Herpelidae","Boulengerula","taitana",5,0.005,0.002165,"W",35,"C","A. M. Makarieva et al., Mean mass-specific metabolic rates are strikingly similar across life's major domains: Evidence for life's metabolic optimum. Proc. Natl. Acad. Sci. U.S.A. 105, 16994-16999 (2008).","Boulengerula taitana",-5600.94468722638,4753.10106532136,0.931797137007782,-0.305173090550027,0.0005170529689169,-5.29831736654804,-6.13533491752768,37.6601230759184,65,"Boulengerula taitana",308.15,TRUE,-5.59604845697273,0.0037125048926349,-0.539286460554951
"Amphibia","Anura","Bufonidae","Bufo","bufo",76.13,0.0761299999999999,0.0350198,"W",15,"C","A. M. Makarieva et al., Mean mass-specific metabolic rates are strikingly similar across life's major domains: Evidence for life's metabolic optimum. Proc. Natl. Acad. Sci. U.S.A. 105, 16994-16999 (2008).","Bufo bufo",-5126.81836119685,-1622.5901421774,27.3461553712044,-1.52597053816768,0.0022057096609492,-2.57531287366402,-3.35184166316301,40.2740479814134,66,"Bufo bufo",288.15,TRUE,-3.83358261017068,0.0216319776963575,0.481740947007665
"Amphibia","Anura","Bufonidae","Bufotes","viridis",35,0.035,0.007245,"W",20,"C","A. M. Makarieva et al., Mean mass-specific metabolic rates are strikingly similar across life's major domains: Evidence for life's metabolic optimum. Proc. Natl. Acad. Sci. U.S.A. 105, 16994-16999 (2008).","Bufotes viridis",-5126.81836119685,-1622.5901421774,27.3461553712044,-1.52597053816768,0.0022057096609492,-3.35240721749272,-4.92744370320949,39.5871292029482,67,"Bufotes viridis",293.15,TRUE,-4.3452186633943,0.0129686721638304,-0.582225039815188
"Amphibia","Anura","Dendrobatidae","Colostethus","inguinalis",1.57,0.00157,0.00112726,"W",20,"C","A. M. Makarieva et al., Mean mass-specific metabolic rates are strikingly similar across life's major domains: Evidence for life's metabolic optimum. Proc. Natl. Acad. Sci. U.S.A. 105, 16994-16999 (2008).","Colostethus inguinalis",-5126.81836119685,-1622.5901421774,27.3461553712044,-1.52597053816768,0.0022057096609492,-6.45667965962192,-6.78796536955583,39.5871292029482,68,"Colostethus inguinalis",293.15,TRUE,-6.79157965855794,0.00112319311046372,0.00361428900210825
"Amphibia","Anura","Myobatrachidae","Crinia","parinsignifera",251,0.251,0.104667,"W",30,"C","A. M. Makarieva et al., Mean mass-specific metabolic rates are strikingly similar across life's major domains: Evidence for life's metabolic optimum. Proc. Natl. Acad. Sci. U.S.A. 105, 16994-16999 (2008).","Crinia parinsignifera",-5126.81836119685,-1622.5901421774,27.3461553712044,-1.52597053816768,0.0022057096609492,-1.38230233985035,-2.25697139703369,38.2812697537333,69,"Crinia parinsignifera",303.15,TRUE,-2.60109843000917,0.07419203867807,0.344127032975482
"Amphibia","Anura","Myobatrachidae","Crinia","signifera",0.452,0.000452,0.000638676,"W",25,"C","A. M. Makarieva et al., Mean mass-specific metabolic rates are strikingly similar across life's major domains: Evidence for life's metabolic optimum. Proc. Natl. Acad. Sci. U.S.A. 105, 16994-16999 (2008).","Crinia signifera",-5126.81836119685,-1622.5901421774,27.3461553712044,-1.52597053816768,0.0022057096609492,-7.70182837813204,-7.35611327442965,38.9232497932056,70,"Crinia signifera",298.15,TRUE,-7.67545146200537,0.00046408099536036,0.319338187575716
"Amphibia","Caudata","Cryptobranchidae","Cryptobranchus","alleganiensis",0.621,0.000621,0.000827793,"W",25,"C","A. M. Makarieva et al., Mean mass-specific metabolic rates are strikingly similar across life's major domains: Evidence for life's metabolic optimum. Proc. Natl. Acad. Sci. U.S.A. 105, 16994-16999 (2008).","Cryptobranchus alleganiensis",-5496.78637722393,3349.29085023844,6.78752517793817,-0.583784052190972,0.0012092163015186,-7.3841794760308,-7.09674743483422,38.9232497932056,71,"Cryptobranchus alleganiensis",298.15,TRUE,-7.42512424403604,0.00059608681185206,0.328376809201821
"Amphibia","Anura","Dendrobatidae","Dendrobates","auratus",11,0.011,0.007249,"W",25,"C","A. M. Makarieva et al., Mean mass-specific metabolic rates are strikingly similar across life's major domains: Evidence for life's metabolic optimum. Proc. Natl. Acad. Sci. U.S.A. 105, 16994-16999 (2008).","Dendrobates auratus",-5126.81836119685,-1622.5901421774,27.3461553712044,-1.52597053816768,0.0022057096609492,-4.50986000618377,-4.9268917506634,38.9232497932056,72,"Dendrobates auratus",298.15,TRUE,-5.15998058485056,0.00574181116269383,0.23308883418716
"Amphibia","Caudata","Plethodontidae","Dendrotriton","bromeliacius",0.59,0.0005899999999999,0.0001775899999999,"W",15,"C","A. M. Makarieva et al., Mean mass-specific metabolic rates are strikingly similar across life's major domains: Evidence for life's metabolic optimum. Proc. Natl. Acad. Sci. U.S.A. 105, 16994-16999 (2008).","Dendrotriton bromeliacius",-5126.81836119685,-1622.5901421774,27.3461553712044,-1.52597053816768,0.0022057096609492,-7.43538802106468,-8.63603303529833,40.2740479814134,73,"Dendrotriton bromeliacius",288.15,TRUE,-7.66362604089811,0.000469601525522626,-0.972406994400219
"Amphibia","Caudata","Plethodontidae","Desmognathus","quadramaculatus",1.6,0.0016,0.0004288,"W",5,"C","A. M. Makarieva et al., Mean mass-specific metabolic rates are strikingly similar across life's major domains: Evidence for life's metabolic optimum. Proc. Natl. Acad. Sci. U.S.A. 105, 16994-16999 (2008).","Desmognathus quadramaculatus",-5126.81836119685,-1622.5901421774,27.3461553712044,-1.52597053816768,0.0022057096609492,-6.4377516497364,-7.75451994820768,41.7219734885647,74,"Desmognathus quadramaculatus",278.15,TRUE,-7.08981983062121,0.000833547531819611,-0.664700117586469
"Amphibia","Caudata","Ambystomatidae","Dicamptodon","ensatus",23.41,0.02341,0.0044479,"W",15,"C","A. M. Makarieva et al., Mean mass-specific metabolic rates are strikingly similar across life's major domains: Evidence for life's metabolic optimum. Proc. Natl. Acad. Sci. U.S.A. 105, 16994-16999 (2008).","Dicamptodon ensatus",-5466.92093264869,2945.88809041927,8.48134747674539,-0.666587664090881,0.0014983288886165,-3.75459199747932,-5.41532320430097,40.2740479814134,75,"Dicamptodon ensatus",288.15,TRUE,-4.7629283762703,0.00854056276108435,-0.65239482803067
"Amphibia","Anura","Alytidae","Discoglossus","pictus",101.25,0.10125,0.01609875,"W",20,"C","A. M. Makarieva et al., Mean mass-specific metabolic rates are strikingly similar across life's major domains: Evidence for life's metabolic optimum. Proc. Natl. Acad. Sci. U.S.A. 105, 16994-16999 (2008).","Discoglossus pictus",-5126.81836119685,-1622.5901421774,27.3461553712044,-1.52597053816768,0.0022057096609492,-2.29016257299549,-4.12901364975739,39.5871292029482,76,"Discoglossus pictus",293.15,TRUE,-3.50810339272653,0.029953670947694,-0.620910257030866
"Amphibia","Anura","Hylidae","Dryophytes","arenicolor",7.78,0.00778,0.02273316,"W",20,"C","A. M. Makarieva et al., Mean mass-specific metabolic rates are strikingly similar across life's major domains: Evidence for life's metabolic optimum. Proc. Natl. Acad. Sci. U.S.A. 105, 16994-16999 (2008).","Dryophytes arenicolor",-5126.81836119685,-1622.5901421774,27.3461553712044,-1.52597053816768,0.0022057096609492,-4.85619894079184,-3.78393062746333,39.5871292029482,77,"Dryophytes arenicolor",293.15,TRUE,-5.53030067063127,0.0039647968118984,1.74637004316794
"Amphibia","Anura","Hylidae","Dryophytes","chrysoscelis",3.37,0.00337,0.00248032,"W",10,"C","A. M. Makarieva et al., Mean mass-specific metabolic rates are strikingly similar across life's major domains: Evidence for life's metabolic optimum. Proc. Natl. Acad. Sci. U.S.A. 105, 16994-16999 (2008).","Dryophytes chrysoscelis",-5126.81836119685,-1622.5901421774,27.3461553712044,-1.52597053816768,0.0022057096609492,-5.69284253461787,-5.99936769487113,40.9852266496354,78,"Dryophytes chrysoscelis",283.15,TRUE,-6.39471269665445,0.0016703656963856,0.395345001783324
"Amphibia","Anura","Hylidae","Dryophytes","cinereus",3.9,0.0039,0.0027026999999999,"W",25,"C","A. M. Makarieva et al., Mean mass-specific metabolic rates are strikingly similar across life's major domains: Evidence for life's metabolic optimum. Proc. Natl. Acad. Sci. U.S.A. 105, 16994-16999 (2008).","Dryophytes cinereus",-5126.81836119685,-1622.5901421774,27.3461553712044,-1.52597053816768,0.0022057096609492,-5.54677872584654,-5.91350400563881,38.9232497932056,79,"Dryophytes cinereus",298.15,TRUE,-5.97713744148204,0.00253607557627222,0.0636334358432284
"Amphibia","Anura","Hylidae","Dryophytes","squirellus",2.27,0.00227,0.0006787299999999,"W",27,"C","A. M. Makarieva et al., Mean mass-specific metabolic rates are strikingly similar across life's major domains: Evidence for life's metabolic optimum. Proc. Natl. Acad. Sci. U.S.A. 105, 16994-16999 (2008).","Dryophytes squirellus",-5126.81836119685,-1622.5901421774,27.3461553712044,-1.52597053816768,0.0022057096609492,-6.08797544748883,-7.29528715308042,38.6638911405773,80,"Dryophytes squirellus",300.15,TRUE,-6.36558946041725,0.00171972744930841,-0.929697692663169
"Amphibia","Anura","Hylidae","Dryophytes","versicolor",2.2,0.0022,0.0017226,"W",19,"C","A. M. Makarieva et al., Mean mass-specific metabolic rates are strikingly similar across life's major domains: Evidence for life's metabolic optimum. Proc. Natl. Acad. Sci. U.S.A. 105, 16994-16999 (2008).","Dryophytes versicolor",-5126.81836119685,-1622.5901421774,27.3461553712044,-1.52597053816768,0.0022057096609492,-6.11929791861787,-6.3639205016092,39.7226319556538,81,"Dryophytes versicolor",292.15,TRUE,-6.54557839360575,0.0014364530070203,0.181657891996551
"Amphibia","Anura","Eleutherodactylidae","Eleutherodactylus","coqui",30.7,0.0306999999999999,0.0093941999999999,"W",20,"C","A. M. Makarieva et al., Mean mass-specific metabolic rates are strikingly similar across life's major domains: Evidence for life's metabolic optimum. Proc. Natl. Acad. Sci. U.S.A. 105, 16994-16999 (2008).","Eleutherodactylus coqui",-5126.81836119685,-1622.5901421774,27.3461553712044,-1.52597053816768,0.0022057096609492,-3.48349262438899,-4.66766280141875,39.5871292029482,82,"Eleutherodactylus coqui",293.15,TRUE,-4.4485221692703,0.0116958386747275,-0.219140632148455
"Amphibia","Anura","Eleutherodactylidae","Eleutherodactylus","portoricensis",4.06,0.0040599999999999,0.0013804,"W",15,"C","A. M. Makarieva et al., Mean mass-specific metabolic rates are strikingly similar across life's major domains: Evidence for life's metabolic optimum. Proc. Natl. Acad. Sci. U.S.A. 105, 16994-16999 (2008).","Eleutherodactylus portoricensis",-5126.81836119685,-1622.5901421774,27.3461553712044,-1.52597053816768,0.0022057096609492,-5.50657230536852,-6.58538196674043,40.2740479814134,83,"Eleutherodactylus portoricensis",288.15,TRUE,-6.14359852343535,0.00214718301088737,-0.441783443305077
"Amphibia","Caudata","Plethodontidae","Eurycea","longicauda",1.14,0.00114,0.00042864,"W",15,"C","A. M. Makarieva et al., Mean mass-specific metabolic rates are strikingly similar across life's major domains: Evidence for life's metabolic optimum. Proc. Natl. Acad. Sci. U.S.A. 105, 16994-16999 (2008).","Eurycea longicauda",-5126.81836119685,-1622.5901421774,27.3461553712044,-1.52597053816768,0.0022057096609492,-6.77672701657573,-7.75489315216798,40.2740479814134,84,"Eurycea longicauda",288.15,TRUE,-7.14455994072301,0.000789145423256046,-0.61033321144497
"Amphibia","Anura","Dicroglossidae","Fejervarya","cancrivora",20.45,0.02045,0.00844585,"W",30,"C","A. M. Makarieva et al., Mean mass-specific metabolic rates are strikingly similar across life's major domains: Evidence for life's metabolic optimum. Proc. Natl. Acad. Sci. U.S.A. 105, 16994-16999 (2008).","Fejervarya cancrivora",-5126.81836119685,-1622.5901421774,27.3461553712044,-1.52597053816768,0.0022057096609492,-3.88977239649333,-4.77408008251443,38.2812697537333,85,"Fejervarya cancrivora",303.15,TRUE,-4.57714178878883,0.0102842488839324,-0.196938293725596
"Amphibia","Gymnophiona","Dermophiidae","Geotrypetes","seraphini",1.9,0.0019,0.000817,"W",20,"C","A. M. Makarieva et al., Mean mass-specific metabolic rates are strikingly similar across life's major domains: Evidence for life's metabolic optimum. Proc. Natl. Acad. Sci. U.S.A. 105, 16994-16999 (2008).","Geotrypetes seraphini",-5600.94468722638,4753.10106532136,0.931797137007782,-0.305173090550027,0.0005170529689169,-6.26590139280974,-7.10987146310427,39.5871292029482,86,"Geotrypetes seraphini",293.15,TRUE,-6.6412344426161,0.00130541478915235,-0.468637020488176
"Amphibia","Anura","Hylidae","Hyla","arborea",3.23,0.00323,0.0015213299999999,"W",18.5,"C","A. M. Makarieva et al., Mean mass-specific metabolic rates are strikingly similar across life's major domains: Evidence for life's metabolic optimum. Proc. Natl. Acad. Sci. U.S.A. 105, 16994-16999 (2008).","Hyla arborea",-5126.81836119685,-1622.5901421774,27.3461553712044,-1.52597053816768,0.0022057096609492,-5.73527314174757,-6.48817032671336,39.7907317875682,87,"Hyla arborea",291.65,TRUE,-6.25293227851232,0.00192480179820971,-0.235238048201036
"Amphibia","Anura","Hyperoliidae","Hyperolius","viridiflavus",1,0.001,0.00056,"W",20,"C","A. M. Makarieva et al., Mean mass-specific metabolic rates are strikingly similar across life's major domains: Evidence for life's metabolic optimum. Proc. Natl. Acad. Sci. U.S.A. 105, 16994-16999 (2008).","Hyperolius viridiflavus",-5126.81836119685,-1622.5901421774,27.3461553712044,-1.52597053816768,0.0022057096609492,-6.90775527898214,-7.48757377423508,39.5871292029482,89,"Hyperolius viridiflavus",293.15,TRUE,-7.14705548152251,0.000787178533902652,-0.340518292712567
"Amphibia","Anura","Bufonidae","Incilius","alvarius",150.8,0.1508,0.1456728,"W",15,"C","A. M. Makarieva et al., Mean mass-specific metabolic rates are strikingly similar across life's major domains: Evidence for life's metabolic optimum. Proc. Natl. Acad. Sci. U.S.A. 105, 16994-16999 (2008).","Incilius alvarius",-5126.81836119685,-1622.5901421774,27.3461553712044,-1.52597053816768,0.0022057096609492,-1.89180082340828,-1.9263922681779,40.2740479814134,90,"Incilius alvarius",288.15,TRUE,-3.29493233038948,0.0370705535122431,1.36854006221158
"Amphibia","Anura","Microhylidae","Kaloula","pulchra",0.9,9e-04,0.0006984,"W",20,"C","A. M. Makarieva et al., Mean mass-specific metabolic rates are strikingly similar across life's major domains: Evidence for life's metabolic optimum. Proc. Natl. Acad. Sci. U.S.A. 105, 16994-16999 (2008).","Kaloula pulchra",-5126.81836119685,-1622.5901421774,27.3461553712044,-1.52597053816768,0.0022057096609492,-7.01311579463996,-7.26671855343888,39.5871292029482,91,"Kaloula pulchra",293.15,TRUE,-7.23008616286273,0.000724458439047536,-0.0366323905761563
"Amphibia","Anura","Ceratophryidae","Lepidobatrachus","llanensis",6.25,0.00625,0.00263125,"W",25,"C","A. M. Makarieva et al., Mean mass-specific metabolic rates are strikingly similar across life's major domains: Evidence for life's metabolic optimum. Proc. Natl. Acad. Sci. U.S.A. 105, 16994-16999 (2008).","Lepidobatrachus llanensis",-5126.81836119685,-1622.5901421774,27.3461553712044,-1.52597053816768,0.0022057096609492,-5.07517381523383,-5.94029626053358,38.9232497932056,92,"Lepidobatrachus llanensis",298.15,TRUE,-5.60548325198724,0.00367764288652737,-0.334813008546345
"Amphibia","Anura","Dicroglossidae","Limnonectes","magnus",34.2,0.0342,0.0106362,"W",30,"C","A. M. Makarieva et al., Mean mass-specific metabolic rates are strikingly similar across life's major domains: Evidence for life's metabolic optimum. Proc. Natl. Acad. Sci. U.S.A. 105, 16994-16999 (2008).","Limnonectes magnus",-5126.81836119685,-1622.5901421774,27.3461553712044,-1.52597053816768,0.0022057096609492,-3.37552963491358,-4.54349200171648,38.2812697537333,93,"Limnonectes magnus",303.15,TRUE,-4.17188630383177,0.0154231399398202,-0.371605697884715
"Amphibia","Caudata","Salamandridae","Lissotriton","vulgaris",8.75,0.00875,0.00903875,"W",25,"C","A. M. Makarieva et al., Mean mass-specific metabolic rates are strikingly similar across life's major domains: Evidence for life's metabolic optimum. Proc. Natl. Acad. Sci. U.S.A. 105, 16994-16999 (2008).","Lissotriton vulgaris",-5126.81836119685,-1622.5901421774,27.3461553712044,-1.52597053816768,0.0022057096609492,-4.73870157861261,-4.70623438847511,38.9232497932056,94,"Lissotriton vulgaris",298.15,TRUE,-5.34032206817663,0.0047943263616675,0.634087679701522
"Amphibia","Anura","Aromobatidae","Mannophryne","trinitatis",5.1,0.0050999999999999,0.0032589,"W",25,"C","A. M. Makarieva et al., Mean mass-specific metabolic rates are strikingly similar across life's major domains: Evidence for life's metabolic optimum. Proc. Natl. Acad. Sci. U.S.A. 105, 16994-16999 (2008).","Mannophryne trinitatis",-5126.81836119685,-1622.5901421774,27.3461553712044,-1.52597053816768,0.0022057096609492,-5.27851473925188,-5.72636556385646,38.9232497932056,96,"Mannophryne trinitatis",298.15,TRUE,-5.76572862816211,0.00313311165850664,0.0393630643056522
"Amphibia","Caudata","Proteidae","Necturus","maculosus",125,0.125,0.01375,"W",25,"C","A. M. Makarieva et al., Mean mass-specific metabolic rates are strikingly similar across life's major domains: Evidence for life's metabolic optimum. Proc. Natl. Acad. Sci. U.S.A. 105, 16994-16999 (2008).","Necturus maculosus",-5126.81836119685,-1622.5901421774,27.3461553712044,-1.52597053816768,0.0022057096609492,-2.07944154167984,-4.28671645486956,38.9232497932056,97,"Necturus maculosus",298.15,TRUE,-3.24465870369189,0.0389818664542821,-1.04205775117767
"Amphibia","Caudata","Salamandridae","Notophthalmus","viridescens",3,0.003,0.001116,"W",20,"C","A. M. Makarieva et al., Mean mass-specific metabolic rates are strikingly similar across life's major domains: Evidence for life's metabolic optimum. Proc. Natl. Acad. Sci. U.S.A. 105, 16994-16999 (2008).","Notophthalmus viridescens",-5126.81836119685,-1622.5901421774,27.3461553712044,-1.52597053816768,0.0022057096609492,-5.80914299031403,-6.79800441502302,39.5871292029482,98,"Notophthalmus viridescens",293.15,TRUE,-6.28128023082908,0.00187100374361487,-0.516724184193937
"Amphibia","Anura","Dicroglossidae","Occidozyga","martensii",9.3,0.0093,0.0027063,"W",35,"C","A. M. Makarieva et al., Mean mass-specific metabolic rates are strikingly similar across life's major domains: Evidence for life's metabolic optimum. Proc. Natl. Acad. Sci. U.S.A. 105, 16994-16999 (2008).","Occidozyga martensii",-5126.81836119685,-1622.5901421774,27.3461553712044,-1.52597053816768,0.0022057096609492,-4.67774087882293,-5.91217289063357,37.6601230759184,99,"Occidozyga martensii",308.15,TRUE,-5.10699533989353,0.00605424657529418,-0.805177550740042
"Amphibia","Anura","Odontophrynidae","Odontophrynus","americanus",15.24,0.01524,0.00452628,"W",20,"C","A. M. Makarieva et al., Mean mass-specific metabolic rates are strikingly similar across life's major domains: Evidence for life's metabolic optimum. Proc. Natl. Acad. Sci. U.S.A. 105, 16994-16999 (2008).","Odontophrynus americanus",-5126.81836119685,-1622.5901421774,27.3461553712044,-1.52597053816768,0.0022057096609492,-4.18383172872364,-5.39785486890307,39.5871292029482,100,"Odontophrynus americanus",293.15,TRUE,-5.0004332209488,0.00673502861149252,-0.397421647954275
"Amphibia","Anura","Hylidae","Osteopilus","septentrionalis",5,0.005,0.00273,"W",20,"C","A. M. Makarieva et al., Mean mass-specific metabolic rates are strikingly similar across life's major domains: Evidence for life's metabolic optimum. Proc. Natl. Acad. Sci. U.S.A. 105, 16994-16999 (2008).","Osteopilus septentrionalis",-5126.81836119685,-1622.5901421774,27.3461553712044,-1.52597053816768,0.0022057096609492,-5.29831736654804,-5.90345366978527,39.5871292029482,101,"Osteopilus septentrionalis",293.15,TRUE,-5.87871766436371,0.00279837142662438,-0.0247360054215608
"Amphibia","Caudata","Plethodontidae","Plethodon","dorsalis",0.69,0.00069,0.00013248,"W",25,"C","A. M. Makarieva et al., Mean mass-specific metabolic rates are strikingly similar across life's major domains: Evidence for life's metabolic optimum. Proc. Natl. Acad. Sci. U.S.A. 105, 16994-16999 (2008).","Plethodon dorsalis",-5126.81836119685,-1622.5901421774,27.3461553712044,-1.52597053816768,0.0022057096609492,-7.27881896037297,-8.92907886732733,38.9232497932056,102,"Plethodon dorsalis",298.15,TRUE,-7.34209356269583,0.000647693114389439,-1.58698530463149
"Amphibia","Caudata","Plethodontidae","Plethodon","glutinosus",5.01,0.00501,0.00137775,"W",20,"C","A. M. Makarieva et al., Mean mass-specific metabolic rates are strikingly similar across life's major domains: Evidence for life's metabolic optimum. Proc. Natl. Acad. Sci. U.S.A. 105, 16994-16999 (2008).","Plethodon glutinosus",-5126.81836119685,-1622.5901421774,27.3461553712044,-1.52597053816768,0.0022057096609492,-5.29631936388536,-6.58730354520093,39.5871292029482,103,"Plethodon glutinosus",293.15,TRUE,-5.8771431132013,0.0028027810763055,-0.710160431999632
"Amphibia","Caudata","Plethodontidae","Plethodon","jordani",3.1,0.0031,0.0007254,"W",5,"C","A. M. Makarieva et al., Mean mass-specific metabolic rates are strikingly similar across life's major domains: Evidence for life's metabolic optimum. Proc. Natl. Acad. Sci. U.S.A. 105, 16994-16999 (2008).","Plethodon jordani",-5126.81836119685,-1622.5901421774,27.3461553712044,-1.52597053816768,0.0022057096609492,-5.77635316749104,-7.22878733111547,41.7219734885647,104,"Plethodon jordani",278.15,TRUE,-6.56859642662266,0.00140376631909424,-0.660190904492817
"Amphibia","Anura","Hylidae","Pseudacris","nigrita",1,0.001,9e-04,"W",25,"C","A. M. Makarieva et al., Mean mass-specific metabolic rates are strikingly similar across life's major domains: Evidence for life's metabolic optimum. Proc. Natl. Acad. Sci. U.S.A. 105, 16994-16999 (2008).","Pseudacris nigrita",-5126.81836119685,-1622.5901421774,27.3461553712044,-1.52597053816768,0.0022057096609492,-6.90775527898214,-7.01311579463996,38.9232497932056,105,"Pseudacris nigrita",298.15,TRUE,-7.0496721551683,0.000867693379471251,0.0365563605283317
"Amphibia","Anura","Hylidae","Pseudacris","regilla",41.4,0.0414,0.0218592,"W",21,"C","A. M. Makarieva et al., Mean mass-specific metabolic rates are strikingly similar across life's major domains: Evidence for life's metabolic optimum. Proc. Natl. Acad. Sci. U.S.A. 105, 16994-16999 (2008).","Pseudacris regilla",-5126.81836119685,-1622.5901421774,27.3461553712044,-1.52597053816768,0.0022057096609492,-3.18447439815087,-3.82313339342674,39.4525477676161,106,"Pseudacris regilla",294.15,TRUE,-4.19313557127662,0.0150988669971666,0.370002177849879
"Amphibia","Caudata","Sirenidae","Pseudobranchus","striatus",2.19,0.00219,0.00061977,"W",25,"C","A. M. Makarieva et al., Mean mass-specific metabolic rates are strikingly similar across life's major domains: Evidence for life's metabolic optimum. Proc. Natl. Acad. Sci. U.S.A. 105, 16994-16999 (2008).","Pseudobranchus striatus",-5486.46746321214,3210.00472928317,7.37117743118576,-0.612080916568389,0.0012992110606323,-6.12385373515373,-7.38616211649263,38.9232497932056,107,"Pseudobranchus striatus",298.15,TRUE,-6.43190867060924,0.00160937613220043,-0.954253445883386
"Amphibia","Caudata","Plethodontidae","Pseudoeurycea","brunnata",3.33,0.00333,0.0080585999999999,"W",15,"C","A. M. Makarieva et al., Mean mass-specific metabolic rates are strikingly similar across life's major domains: Evidence for life's metabolic optimum. Proc. Natl. Acad. Sci. U.S.A. 105, 16994-16999 (2008).","Pseudoeurycea brunnata",-5126.81836119685,-1622.5901421774,27.3461553712044,-1.52597053816768,0.0022057096609492,-5.70478297498978,-4.8210154348212,40.2740479814134,108,"Pseudoeurycea brunnata",288.15,TRUE,-6.29980093801921,0.00183667035187997,1.47878550319801
"Amphibia","Caudata","Plethodontidae","Pseudoeurycea","cochranae",2.23,0.0022299999999999,0.0005619599999999,"W",15,"C","A. M. Makarieva et al., Mean mass-specific metabolic rates are strikingly similar across life's major domains: Evidence for life's metabolic optimum. Proc. Natl. Acad. Sci. U.S.A. 105, 16994-16999 (2008).","Pseudoeurycea cochranae",-5126.81836119685,-1622.5901421774,27.3461553712044,-1.52597053816768,0.0022057096609492,-6.10575369351015,-7.484079884981,40.2740479814134,109,"Pseudoeurycea cochranae",288.15,TRUE,-6.61579096282456,0.00133905523415078,-0.86828892215644
"Amphibia","Caudata","Plethodontidae","Pseudoeurycea","goebeli",3.78,0.00378,0.00097902,"W",5,"C","A. M. Makarieva et al., Mean mass-specific metabolic rates are strikingly similar across life's major domains: Evidence for life's metabolic optimum. Proc. Natl. Acad. Sci. U.S.A. 105, 16994-16999 (2008).","Pseudoeurycea goebeli",-5126.81836119685,-1622.5901421774,27.3461553712044,-1.52597053816768,0.0022057096609492,-5.57803126935064,-6.92895848663324,41.7219734885647,110,"Pseudoeurycea goebeli",278.15,TRUE,-6.41230635700341,0.00164123486010294,-0.51665212962983
"Amphibia","Caudata","Plethodontidae","Pseudoeurycea","leprosa",2.46,0.00246,0.00068388,"W",15,"C","A. M. Makarieva et al., Mean mass-specific metabolic rates are strikingly similar across life's major domains: Evidence for life's metabolic optimum. Proc. Natl. Acad. Sci. U.S.A. 105, 16994-16999 (2008).","Pseudoeurycea leprosa",-5126.81836119685,-1622.5901421774,27.3461553712044,-1.52597053816768,0.0022057096609492,-6.00759392903787,-7.28772809432937,40.2740479814134,111,"Pseudoeurycea leprosa",288.15,TRUE,-6.53843492414686,0.00144675100312394,-0.749293170182501
"Amphibia","Caudata","Plethodontidae","Pseudoeurycea","rex",1.86,0.00186,0.00048174,"W",15,"C","A. M. Makarieva et al., Mean mass-specific metabolic rates are strikingly similar across life's major domains: Evidence for life's metabolic optimum. Proc. Natl. Acad. Sci. U.S.A. 105, 16994-16999 (2008).","Pseudoeurycea rex",-5126.81836119685,-1622.5901421774,27.3461553712044,-1.52597053816768,0.0022057096609492,-6.28717879125703,-7.63810600853963,40.2740479814134,112,"Pseudoeurycea rex",288.15,TRUE,-6.75876529608485,0.00116066136268677,-0.87934071245478
"Amphibia","Caudata","Plethodontidae","Pseudotriton","ruber",10.81,0.01081,0.00184851,"W",5,"C","A. M. Makarieva et al., Mean mass-specific metabolic rates are strikingly similar across life's major domains: Evidence for life's metabolic optimum. Proc. Natl. Acad. Sci. U.S.A. 105, 16994-16999 (2008).","Pseudotriton ruber",-5126.81836119685,-1622.5901421774,27.3461553712044,-1.52597053816768,0.0022057096609492,-4.52728364733102,-6.2933753698105,41.7219734885647,113,"Pseudotriton ruber",278.15,TRUE,-5.58425145969979,0.00375656065464889,-0.709123910110706
"Amphibia","Anura","Bufonidae","Rhinella","marina",145,0.145,0.01885,"W",15,"C","A. M. Makarieva et al., Mean mass-specific metabolic rates are strikingly similar across life's major domains: Evidence for life's metabolic optimum. Proc. Natl. Acad. Sci. U.S.A. 105, 16994-16999 (2008).","Rhinella marina",-5126.81836119685,-1622.5901421774,27.3461553712044,-1.52597053816768,0.0022057096609492,-1.93102153656156,-3.97124236508812,40.2740479814134,117,"Rhinella marina",288.15,TRUE,-3.32584070736005,0.0359422891010802,-0.645401657728068
"Amphibia","Anura","Scaphiopodidae","Scaphiopus","couchii",24.6,0.0246,0.0138743999999999,"W",21,"C","A. M. Makarieva et al., Mean mass-specific metabolic rates are strikingly similar across life's major domains: Evidence for life's metabolic optimum. Proc. Natl. Acad. Sci. U.S.A. 105, 16994-16999 (2008).","Scaphiopus couchii",-5126.81836119685,-1622.5901421774,27.3461553712044,-1.52597053816768,0.0022057096609492,-3.70500883604382,-4.2777098635279,39.4525477676161,118,"Scaphiopus couchii",294.15,TRUE,-4.60334929099361,0.0100182255383048,0.325639427465703
"Amphibia","Anura","Dendrobatidae","Silverstoneia","nubicola",0.27,0.00027,0.00024165,"W",25,"C","A. M. Makarieva et al., Mean mass-specific metabolic rates are strikingly similar across life's major domains: Evidence for life's metabolic optimum. Proc. Natl. Acad. Sci. U.S.A. 105, 16994-16999 (2008).","Silverstoneia nubicola",-5126.81836119685,-1622.5901421774,27.3461553712044,-1.52597053816768,0.0022057096609492,-8.2170885989659,-8.32802015967318,38.9232497932056,119,"Silverstoneia nubicola",298.15,TRUE,-8.08150876854215,0.00030920416578964,-0.246511391131028
"Amphibia","Caudata","Sirenidae","Siren","intermedia",13.7,0.0136999999999999,0.0025070999999999,"W",25,"C","A. M. Makarieva et al., Mean mass-specific metabolic rates are strikingly similar across life's major domains: Evidence for life's metabolic optimum. Proc. Natl. Acad. Sci. U.S.A. 105, 16994-16999 (2008).","Siren intermedia",-5486.46746321214,3210.00472928317,7.37117743118576,-0.612080916568389,0.0012992110606323,-4.29035944614806,-5.98862857228881,38.9232497932056,120,"Siren intermedia",298.15,TRUE,-4.98700040398743,0.00682610938418295,-1.00162816830138
"Amphibia","Caudata","Sirenidae","Siren","lacertina",269,0.269,0.016947,"W",25,"C","A. M. Makarieva et al., Mean mass-specific metabolic rates are strikingly similar across life's major domains: Evidence for life's metabolic optimum. Proc. Natl. Acad. Sci. U.S.A. 105, 16994-16999 (2008).","Siren lacertina",-5486.46746321214,3210.00472928317,7.37117743118576,-0.612080916568389,0.0012992110606323,-1.3130438993803,-4.0776644519709,38.9232497932056,121,"Siren lacertina",298.15,TRUE,-2.64068938918771,0.0713120908223239,-1.43697506278319
"Amphibia","Anura","Hylidae","Smilisca","baudinii",23.7,0.0237,0.0194339999999999,"W",15,"C","A. M. Makarieva et al., Mean mass-specific metabolic rates are strikingly similar across life's major domains: Evidence for life's metabolic optimum. Proc. Natl. Acad. Sci. U.S.A. 105, 16994-16999 (2008).","Smilisca baudinii",-5126.81836119685,-1622.5901421774,27.3461553712044,-1.52597053816768,0.0022057096609492,-3.74228023084105,-3.94073116956489,40.2740479814134,122,"Smilisca baudinii",288.15,TRUE,-4.75322593350894,0.00862383037885582,0.812494763944049
"Amphibia","Anura","Scaphiopodidae","Spea","hammondii",12.74,0.01274,0.00875238,"W",21,"C","A. M. Makarieva et al., Mean mass-specific metabolic rates are strikingly similar across life's major domains: Evidence for life's metabolic optimum. Proc. Natl. Acad. Sci. U.S.A. 105, 16994-16999 (2008).","Spea hammondii",-5126.81836119685,-1622.5901421774,27.3461553712044,-1.52597053816768,0.0022057096609492,-4.36300862883812,-4.73842961559791,39.4525477676161,123,"Spea hammondii",294.15,TRUE,-5.12189431496504,0.00596471314090478,0.383464699367129
"Amphibia","Caudata","Salamandridae","Taricha","granulosa",6.56,0.00656,0.0019745599999999,"W",15,"C","A. M. Makarieva et al., Mean mass-specific metabolic rates are strikingly similar across life's major domains: Evidence for life's metabolic optimum. Proc. Natl. Acad. Sci. U.S.A. 105, 16994-16999 (2008).","Taricha granulosa",-5126.81836119685,-1622.5901421774,27.3461553712044,-1.52597053816768,0.0022057096609492,-5.02676467602614,-6.22740969025945,40.2740479814134,124,"Taricha granulosa",288.15,TRUE,-5.76548007813547,0.00313389049027814,-0.461929612123977
"Amphibia","Caudata","Salamandridae","Taricha","rivularis",10.83,0.01083,0.0036822,"W",15,"C","A. M. Makarieva et al., Mean mass-specific metabolic rates are strikingly similar across life's major domains: Evidence for life's metabolic optimum. Proc. Natl. Acad. Sci. U.S.A. 105, 16994-16999 (2008).","Taricha rivularis",-5126.81836119685,-1622.5901421774,27.3461553712044,-1.52597053816768,0.0022057096609492,-4.52543521796924,-5.60424487934117,40.2740479814134,125,"Taricha rivularis",288.15,TRUE,-5.37040108465779,0.00465226498392185,-0.233843794683382
"Amphibia","Anura","Telmatobiidae","Telmatobius","culeus",122.3,0.1223,0.0313088,"W",10,"C","A. M. Makarieva et al., Mean mass-specific metabolic rates are strikingly similar across life's major domains: Evidence for life's metabolic optimum. Proc. Natl. Acad. Sci. U.S.A. 105, 16994-16999 (2008).","Telmatobius culeus",-5126.81836119685,-1622.5901421774,27.3461553712044,-1.52597053816768,0.0022057096609492,-2.10127823628901,-3.46385607079158,40.9852266496354,126,"Telmatobius culeus",283.15,TRUE,-3.56433521695504,0.0283158030944813,0.100479146163456
"Amphibia","Anura","Telmatobiidae","Telmatobius","marmoratus",18.4,0.0184,0.0167992,"W",10,"C","A. M. Makarieva et al., Mean mass-specific metabolic rates are strikingly similar across life's major domains: Evidence for life's metabolic optimum. Proc. Natl. Acad. Sci. U.S.A. 105, 16994-16999 (2008).","Telmatobius marmoratus",-5126.81836119685,-1622.5901421774,27.3461553712044,-1.52597053816768,0.0022057096609492,-3.9954046143672,-4.08642401275437,40.9852266496354,127,"Telmatobius marmoratus",283.15,TRUE,-5.0570253650088,0.00636446333832607,0.970601352254438
"Amphibia","Caudata","Salamandridae","Triturus","cristatus",7,0.007,0.007035,"W",10,"C","A. M. Makarieva et al., Mean mass-specific metabolic rates are strikingly similar across life's major domains: Evidence for life's metabolic optimum. Proc. Natl. Acad. Sci. U.S.A. 105, 16994-16999 (2008).","Triturus cristatus",-5126.81836119685,-1622.5901421774,27.3461553712044,-1.52597053816768,0.0022057096609492,-4.96184512992682,-4.95685758841578,40.9852266496354,128,"Triturus cristatus",283.15,TRUE,-5.81864098525033,0.00297164090565203,0.861783396834546
"Amphibia","Gymnophiona","Typhlonectidae","Typhlonectes","compressicauda",30.62,0.03062,0.00802244,"W",25,"C","A. M. Makarieva et al., Mean mass-specific metabolic rates are strikingly similar across life's major domains: Evidence for life's metabolic optimum. Proc. Natl. Acad. Sci. U.S.A. 105, 16994-16999 (2008).","Typhlonectes compressicauda",-5600.94468722638,4753.10106532136,0.931797137007782,-0.305173090550027,0.0005170529689169,-3.4861018887526,-4.82551266397364,38.9232497932056,129,"Typhlonectes compressicauda",298.15,TRUE,-4.35319510656053,0.0128656397497461,-0.472317557413112
"Amphibia","Anura","Pipidae","Xenopus","laevis",139,0.139,0.031553,"W",20,"C","A. M. Makarieva et al., Mean mass-specific metabolic rates are strikingly similar across life's major domains: Evidence for life's metabolic optimum. Proc. Natl. Acad. Sci. U.S.A. 105, 16994-16999 (2008).","Xenopus laevis",-5126.81836119685,-1622.5901421774,27.3461553712044,-1.52597053816768,0.0022057096609492,-1.97328134585145,-3.45608660735218,39.5871292029482,130,"Xenopus laevis",293.15,TRUE,-3.2583811506758,0.038450593378616,-0.197705456676375
"Cephalopoda","Teuthida","Ommastrephidae","Illex","illecebrosus",443,0.443,1.3783059,"W",5,"C","A. M. Makarieva et al., Mean mass-specific metabolic rates are strikingly similar across life's major domains: Evidence for life's metabolic optimum. Proc. Natl. Acad. Sci. U.S.A. 105, 16994-16999 (2008).","Illex illecebrosus",-5126.81836119685,-1622.5901421774,27.3461553712044,-1.52597053816768,0.0022057096609492,-0.814185508937001,0.32085513634466,41.7219734885647,132,"Illex illecebrosus",278.15,TRUE,-2.65809770666403,0.0700814104225461,2.97895284300869
"Cephalopoda","Teuthida","Loliginidae","Lolliguncula","brevis",41.1,0.0411,0.12340275,"W",5,"C","A. M. Makarieva et al., Mean mass-specific metabolic rates are strikingly similar across life's major domains: Evidence for life's metabolic optimum. Proc. Natl. Acad. Sci. U.S.A. 105, 16994-16999 (2008).","Lolliguncula brevis",-5126.81836119685,-1622.5901421774,27.3461553712044,-1.52597053816768,0.0022057096609492,-3.19174715747995,-2.09230188250795,41.7219734885647,134,"Lolliguncula brevis",278.15,TRUE,-4.53176510829293,0.0107616637963033,2.43946322578499
"Cephalopoda","Octopoda","Octopodidae","Octopus","bimaculoides",360,0.36,0.159516,"W",5,"C","A. M. Makarieva et al., Mean mass-specific metabolic rates are strikingly similar across life's major domains: Evidence for life's metabolic optimum. Proc. Natl. Acad. Sci. U.S.A. 105, 16994-16999 (2008).","Octopus bimaculoides",-5126.81836119685,-1622.5901421774,27.3461553712044,-1.52597053816768,0.0022057096609492,-1.02165124753198,-1.83561104830867,41.7219734885647,135,"Octopus bimaculoides",278.15,TRUE,-2.82159369491674,0.0595110246763195,0.985982646608066
"Cephalopoda","Octopoda","Octopodidae","Octopus","cyanea",1150,1.15,0.8855,"W",5,"C","A. M. Makarieva et al., Mean mass-specific metabolic rates are strikingly similar across life's major domains: Evidence for life's metabolic optimum. Proc. Natl. Acad. Sci. U.S.A. 105, 16994-16999 (2008).","Octopus cyanea",-5126.81836119685,-1622.5901421774,27.3461553712044,-1.52597053816768,0.0022057096609492,0.139761942375159,-0.121602821759249,41.7219734885647,136,"Octopus cyanea",278.15,TRUE,-1.90632740304816,0.148625226047357,1.78472458128891
"Cephalopoda","Octopoda","Octopodidae","Octopus","rubescens",0.096,9.6e-05,0.0005525376,"W",5,"C","A. M. Makarieva et al., Mean mass-specific metabolic rates are strikingly similar across life's major domains: Evidence for life's metabolic optimum. Proc. Natl. Acad. Sci. U.S.A. 105, 16994-16999 (2008).","Octopus rubescens",-5126.81836119685,-1622.5901421774,27.3461553712044,-1.52597053816768,0.0022057096609492,-9.25116236649644,-7.50098907258931,41.7219734885647,137,"Octopus rubescens",278.15,TRUE,-9.30696357981366,9.07898030555447e-05,1.80597450722435
"Cephalopoda","Octopoda","Octopodidae","Octopus","vulgaris",2160,2.16,0.638496,"W",5,"C","A. M. Makarieva et al., Mean mass-specific metabolic rates are strikingly similar across life's major domains: Evidence for life's metabolic optimum. Proc. Natl. Acad. Sci. U.S.A. 105, 16994-16999 (2008).","Octopus vulgaris",-5126.81836119685,-1622.5901421774,27.3461553712044,-1.52597053816768,0.0022057096609492,0.770108221696074,-0.448639868212017,41.7219734885647,138,"Octopus vulgaris",278.15,TRUE,-1.40957507865503,0.244247046889831,0.960935210443018
"Cephalopoda","Teuthida","Ommastrephidae","Sthenoteuthis","oualaniensis",750,0.75,1.4058,"W",5,"C","A. M. Makarieva et al., Mean mass-specific metabolic rates are strikingly similar across life's major domains: Evidence for life's metabolic optimum. Proc. Natl. Acad. Sci. U.S.A. 105, 16994-16999 (2008).","Sthenoteuthis oualaniensis",-5126.81836119685,-1622.5901421774,27.3461553712044,-1.52597053816768,0.0022057096609492,-0.287682072451781,0.340606535759668,41.7219734885647,139,"Sthenoteuthis oualaniensis",278.15,TRUE,-2.24318004242911,0.106120499538099,2.58378657818878
"Cephalopoda","Teuthida","Ommastrephidae","Sthenoteuthis","pteropus",1300,1.3,2.93228,"W",5,"C","A. M. Makarieva et al., Mean mass-specific metabolic rates are strikingly similar across life's major domains: Evidence for life's metabolic optimum. Proc. Natl. Acad. Sci. U.S.A. 105, 16994-16999 (2008).","Sthenoteuthis pteropus",-5126.81836119685,-1622.5901421774,27.3461553712044,-1.52597053816768,0.0022057096609492,0.262364264467491,1.07578027741838,41.7219734885647,140,"Sthenoteuthis pteropus",278.15,TRUE,-1.80970909899317,0.163701750881028,2.88548937641155
"Maxillopoda","Sessilia","Balanidae","Balanus","balanus",0.00498,4.98e-06,1.5946956e-05,"W",20,"C","A. M. Makarieva et al., Mean mass-specific metabolic rates are strikingly similar across life's major domains: Evidence for life's metabolic optimum. Proc. Natl. Acad. Sci. U.S.A. 105, 16994-16999 (2008).","Balanus balanus",-5126.81836119685,-1622.5901421774,27.3461553712044,-1.52597053816768,0.0022057096609492,-12.2100806669277,-11.0462425933419,39.5871292029482,141,"Balanus balanus",293.15,TRUE,-11.3256197842868,1.20599587835544e-05,0.279377190944897
"Maxillopoda","Sessilia","Balanidae","Balanus","balanus",0.0076,7.6e-06,2.816484e-05,"W",20,"C","A. M. Makarieva et al., Mean mass-specific metabolic rates are strikingly similar across life's major domains: Evidence for life's metabolic optimum. Proc. Natl. Acad. Sci. U.S.A. 105, 16994-16999 (2008).","Balanus balanus",-5126.81836119685,-1622.5901421774,27.3461553712044,-1.52597053816768,0.0022057096609492,-11.787362310672,-10.4774361664432,39.5871292029482,142,"Balanus balanus",293.15,TRUE,-10.9924912596608,1.68275815361789e-05,0.515055093217534
"Maxillopoda","Sessilia","Balanidae","Balanus","balanus",0.092,9.2e-05,8.60016e-05,"W",15,"C","A. M. Makarieva et al., Mean mass-specific metabolic rates are strikingly similar across life's major domains: Evidence for life's metabolic optimum. Proc. Natl. Acad. Sci. U.S.A. 105, 16994-16999 (2008).","Balanus balanus",-5126.81836119685,-1622.5901421774,27.3461553712044,-1.52597053816768,0.0022057096609492,-9.29372198091523,-9.36114465723267,40.2740479814134,143,"Balanus balanus",288.15,TRUE,-9.12810952297555,0.000108570641514336,-0.233035134257122
"Maxillopoda","Sessilia","Balanidae","Balanus","balanus",0.092,9.2e-05,8.9654e-05,"W",20,"C","A. M. Makarieva et al., Mean mass-specific metabolic rates are strikingly similar across life's major domains: Evidence for life's metabolic optimum. Proc. Natl. Acad. Sci. U.S.A. 105, 16994-16999 (2008).","Balanus balanus",-5126.81836119685,-1622.5901421774,27.3461553712044,-1.52597053816768,0.0022057096609492,-9.29372198091523,-9.31955274094975,39.5871292029482,144,"Balanus balanus",293.15,TRUE,-9.02734659133401,0.000120080693980957,-0.292206149615746
"Maxillopoda","Sessilia","Balanidae","Balanus","balanus",0.102,0.000102,9.89808e-05,"W",10,"C","A. M. Makarieva et al., Mean mass-specific metabolic rates are strikingly similar across life's major domains: Evidence for life's metabolic optimum. Proc. Natl. Acad. Sci. U.S.A. 105, 16994-16999 (2008).","Balanus balanus",-5126.81836119685,-1622.5901421774,27.3461553712044,-1.52597053816768,0.0022057096609492,-9.19053774468,-9.2205846660323,40.9852266496354,145,"Balanus balanus",283.15,TRUE,-9.15111545909942,0.000106101384958325,-0.0694692069328831
"Maxillopoda","Sessilia","Balanidae","Balanus","balanus",0.11,0.00011,8.0608e-05,"W",20,"C","A. M. Makarieva et al., Mean mass-specific metabolic rates are strikingly similar across life's major domains: Evidence for life's metabolic optimum. Proc. Natl. Acad. Sci. U.S.A. 105, 16994-16999 (2008).","Balanus balanus",-5126.81836119685,-1622.5901421774,27.3461553712044,-1.52597053816768,0.0022057096609492,-9.11503019217186,-9.42591265779407,39.5871292029482,146,"Balanus balanus",293.15,TRUE,-8.88652627665893,0.000138239029040155,-0.539386381135147
"Maxillopoda","Sessilia","Balanidae","Balanus","balanus",0.1129,0.0001129,8.171702e-05,"W",20,"C","A. M. Makarieva et al., Mean mass-specific metabolic rates are strikingly similar across life's major domains: Evidence for life's metabolic optimum. Proc. Natl. Acad. Sci. U.S.A. 105, 16994-16999 (2008).","Balanus balanus",-5126.81836119685,-1622.5901421774,27.3461553712044,-1.52597053816768,0.0022057096609492,-9.08900808680866,-9.41224825466115,39.5871292029482,147,"Balanus balanus",293.15,TRUE,-8.86601922878883,0.000141103170597305,-0.546229025872323
"Maxillopoda","Sessilia","Balanidae","Balanus","balanus",0.117,0.000117,8.7984e-05,"W",5,"C","A. M. Makarieva et al., Mean mass-specific metabolic rates are strikingly similar across life's major domains: Evidence for life's metabolic optimum. Proc. Natl. Acad. Sci. U.S.A. 105, 16994-16999 (2008).","Balanus balanus",-5126.81836119685,-1622.5901421774,27.3461553712044,-1.52597053816768,0.0022057096609492,-9.05333662316652,-9.33835557819882,41.7219734885647,148,"Balanus balanus",278.15,TRUE,-9.15106451124169,0.000106106790734295,-0.187291066957123
"Maxillopoda","Calanoida","Euchaetidae","Euchaeta","marina",0.00146,1.46e-06,7.98036e-06,"W",24,"C","A. M. Makarieva et al., Mean mass-specific metabolic rates are strikingly similar across life's major domains: Evidence for life's metabolic optimum. Proc. Natl. Acad. Sci. U.S.A. 105, 16994-16999 (2008).","Euchaeta marina",-5126.81836119685,-1622.5901421774,27.3461553712044,-1.52597053816768,0.0022057096609492,-13.437074122244,-11.7385270347382,39.0542383504771,149,"Euchaeta marina",297.15,TRUE,-12.2143985896102,4.95854310298993e-06,0.475871554872068
"Malacostraca","Euphausiacea","Euphausiidae","Euphausia","tricantha",0.32,0.00032,0.000790976,"W",0.1,"C","A. M. Makarieva et al., Mean mass-specific metabolic rates are strikingly similar across life's major domains: Evidence for life's metabolic optimum. Proc. Natl. Acad. Sci. U.S.A. 105, 16994-16999 (2008).","Euphausia tricantha",-5126.81836119685,-1622.5901421774,27.3461553712044,-1.52597053816768,0.0022057096609492,-8.0471895621705,-7.142242931997,42.4701442848829,160,"Euphausia tricantha",273.25,TRUE,-8.4679055323466,0.000210104499920978,1.32566260034959
"Maxillopoda","Sessilia","Archaeobalanidae","Semibalanus","balanoides",0.0046,4.6e-06,1.08008e-05,"W",5,"C","A. M. Makarieva et al., Mean mass-specific metabolic rates are strikingly similar across life's major domains: Evidence for life's metabolic optimum. Proc. Natl. Acad. Sci. U.S.A. 105, 16994-16999 (2008).","Semibalanus balanoides",-5126.81836119685,-1622.5901421774,27.3461553712044,-1.52597053816768,0.0022057096609492,-12.2894542544692,-11.4358903525034,41.7219734885647,161,"Semibalanus balanoides",278.15,TRUE,-11.7013277682741,8.28281419844145e-06,0.265437415770705
"Maxillopoda","Sessilia","Archaeobalanidae","Semibalanus","balanoides",0.005,5e-06,1.55565e-05,"W",20,"C","A. M. Makarieva et al., Mean mass-specific metabolic rates are strikingly similar across life's major domains: Evidence for life's metabolic optimum. Proc. Natl. Acad. Sci. U.S.A. 105, 16994-16999 (2008).","Semibalanus balanoides",-5126.81836119685,-1622.5901421774,27.3461553712044,-1.52597053816768,0.0022057096609492,-12.2060726455302,-11.0710320002485,39.5871292029482,162,"Semibalanus balanoides",293.15,TRUE,-11.3224612125449,1.20981112505088e-05,0.251429212296427
"Maxillopoda","Sessilia","Archaeobalanidae","Semibalanus","balanoides",0.0063,6.3e-06,2.262645e-05,"W",10,"C","A. M. Makarieva et al., Mean mass-specific metabolic rates are strikingly similar across life's major domains: Evidence for life's metabolic optimum. Proc. Natl. Acad. Sci. U.S.A. 105, 16994-16999 (2008).","Semibalanus balanoides",-5126.81836119685,-1622.5901421774,27.3461553712044,-1.52597053816768,0.0022057096609492,-11.9749609245668,-10.6963909820341,40.9852266496354,163,"Semibalanus balanoides",283.15,TRUE,-11.3454152147718,1.1823574095209e-05,0.649024232737709
"Maxillopoda","Sessilia","Archaeobalanidae","Semibalanus","balanoides",0.0076,7.6e-06,2.72004e-05,"W",15,"C","A. M. Makarieva et al., Mean mass-specific metabolic rates are strikingly similar across life's major domains: Evidence for life's metabolic optimum. Proc. Natl. Acad. Sci. U.S.A. 105, 16994-16999 (2008).","Semibalanus balanoides",-5126.81836119685,-1622.5901421774,27.3461553712044,-1.52597053816768,0.0022057096609492,-11.787362310672,-10.5122788788881,40.2740479814134,164,"Semibalanus balanoides",288.15,TRUE,-11.0932541913023,1.52146132900221e-05,0.580975312414218
"Branchiopoda","Notostraca","Triopsidae","Triops","cancriformis",0.16,0.00016,0.00056,"W",20,"C","A. M. Makarieva et al., Mean mass-specific metabolic rates are strikingly similar across life's major domains: Evidence for life's metabolic optimum. Proc. Natl. Acad. Sci. U.S.A. 105, 16994-16999 (2008).","Triops cancriformis",-5126.81836119685,-1622.5901421774,27.3461553712044,-1.52597053816768,0.0022057096609492,-8.74033674273045,-7.48757377423508,39.5871292029482,172,"Triops cancriformis",293.15,TRUE,-8.59124438470357,0.000185724830660263,1.10367061046849
"Branchiopoda","Notostraca","Triopsidae","Triops","cancriformis",0.19,0.00019,0.000589,"W",20,"C","A. M. Makarieva et al., Mean mass-specific metabolic rates are strikingly similar across life's major domains: Evidence for life's metabolic optimum. Proc. Natl. Acad. Sci. U.S.A. 105, 16994-16999 (2008).","Triops cancriformis",-5126.81836119685,-1622.5901421774,27.3461553712044,-1.52597053816768,0.0022057096609492,-8.56848648580379,-7.43708437431269,39.5871292029482,173,"Triops cancriformis",293.15,TRUE,-8.45581562534317,0.000212660060905441,1.01873125103049
"Branchiopoda","Notostraca","Triopsidae","Triops","cancriformis",0.23,0.00023,0.000368,"W",20,"C","A. M. Makarieva et al., Mean mass-specific metabolic rates are strikingly similar across life's major domains: Evidence for life's metabolic optimum. Proc. Natl. Acad. Sci. U.S.A. 105, 16994-16999 (2008).","Triops cancriformis",-5126.81836119685,-1622.5901421774,27.3461553712044,-1.52597053816768,0.0022057096609492,-8.37743124904108,-7.90742761979534,39.5871292029482,174,"Triops cancriformis",293.15,TRUE,-8.30525213974348,0.000247215003675232,0.397824519948137
"Branchiopoda","Notostraca","Triopsidae","Triops","cancriformis",0.34,0.00034,0.000578,"W",20,"C","A. M. Makarieva et al., Mean mass-specific metabolic rates are strikingly similar across life's major domains: Evidence for life's metabolic optimum. Proc. Natl. Acad. Sci. U.S.A. 105, 16994-16999 (2008).","Triops cancriformis",-5126.81836119685,-1622.5901421774,27.3461553712044,-1.52597053816768,0.0022057096609492,-7.98656494035407,-7.4559366892919,39.5871292029482,175,"Triops cancriformis",293.15,TRUE,-7.99722502236855,0.00033639482200182,0.541288333076651
"Branchiopoda","Notostraca","Triopsidae","Triops","cancriformis",0.41,0.00041,0.0007175,"W",20,"C","A. M. Makarieva et al., Mean mass-specific metabolic rates are strikingly similar across life's major domains: Evidence for life's metabolic optimum. Proc. Natl. Acad. Sci. U.S.A. 105, 16994-16999 (2008).","Triops cancriformis",-5126.81836119685,-1622.5901421774,27.3461553712044,-1.52597053816768,0.0022057096609492,-7.79935339826592,-7.2397376103305,39.5871292029482,176,"Triops cancriformis",293.15,TRUE,-7.84969060876703,0.000389872572750789,0.609952998436534
"Malacostraca","Decapoda","Parastacidae","Cherax","destructor",53,0.053,0.0224879,"W",20,"C","A. M. Makarieva et al., Mean mass-specific metabolic rates are strikingly similar across life's major domains: Evidence for life's metabolic optimum. Proc. Natl. Acad. Sci. U.S.A. 105, 16994-16999 (2008).","Cherax destructor",-5126.81836119685,-1622.5901421774,27.3461553712044,-1.52597053816768,0.0022057096609492,-2.93746336543002,-3.79477789220387,39.5871292029482,185,"Cherax destructor",293.15,TRUE,-4.01821693471455,0.0179850048041538,0.22343904251068
"Malacostraca","Decapoda","Luciferidae","Lucifer","typus",0.000466,4.66e-07,5.084759e-06,"W",17,"C","A. M. Makarieva et al., Mean mass-specific metabolic rates are strikingly similar across life's major domains: Evidence for life's metabolic optimum. Proc. Natl. Acad. Sci. U.S.A. 105, 16994-16999 (2008).","Lucifer typus",-5126.81836119685,-1622.5901421774,27.3461553712044,-1.52597053816768,0.0022057096609492,-14.5790802028208,-12.1892629238838,39.9964395169542,189,"Lucifer typus",290.15,TRUE,-13.2525807296807,1.75580919123964e-06,1.0633178057968
"Malacostraca","Decapoda","Palaemonidae","Macrobrachium","acanthurus",1.7,0.0017,0.00221187,"W",20,"C","A. M. Makarieva et al., Mean mass-specific metabolic rates are strikingly similar across life's major domains: Evidence for life's metabolic optimum. Proc. Natl. Acad. Sci. U.S.A. 105, 16994-16999 (2008).","Macrobrachium acanthurus",-5126.81836119685,-1622.5901421774,27.3461553712044,-1.52597053816768,0.0022057096609492,-6.37712702791997,-6.11391696739267,39.5871292029482,190,"Macrobrachium acanthurus",293.15,TRUE,-6.72888720520974,0.0011958629680706,0.614970237817071
"Malacostraca","Decapoda","Palaemonidae","Macrobrachium","olfersii",1.2,0.0012,0.0010182,"W",20,"C","A. M. Makarieva et al., Mean mass-specific metabolic rates are strikingly similar across life's major domains: Evidence for life's metabolic optimum. Proc. Natl. Acad. Sci. U.S.A. 105, 16994-16999 (2008).","Macrobrachium olfersii",-5126.81836119685,-1622.5901421774,27.3461553712044,-1.52597053816768,0.0022057096609492,-6.72543372218818,-6.88971891649604,39.5871292029482,191,"Macrobrachium olfersii",293.15,TRUE,-7.00337468241961,0.000908809840155957,0.113655765923571
"Malacostraca","Decapoda","Oplophoridae","Oplophorus","spinosus",2.92,0.00292,0.005219792,"W",10,"C","A. M. Makarieva et al., Mean mass-specific metabolic rates are strikingly similar across life's major domains: Evidence for life's metabolic optimum. Proc. Natl. Acad. Sci. U.S.A. 105, 16994-16999 (2008).","Oplophorus spinosus",-5126.81836119685,-1622.5901421774,27.3461553712044,-1.52597053816768,0.0022057096609492,-5.83617166270195,-5.25529772462479,40.9852266496354,196,"Oplophorus spinosus",283.15,TRUE,-6.50766502121757,0.00149195935248034,1.25236729659278
"Malacostraca","Decapoda","Oplophoridae","Oplophorus","spinosus",2.92,0.00292,0.012264,"W",5,"C","A. M. Makarieva et al., Mean mass-specific metabolic rates are strikingly similar across life's major domains: Evidence for life's metabolic optimum. Proc. Natl. Acad. Sci. U.S.A. 105, 16994-16999 (2008).","Oplophorus spinosus",-5126.81836119685,-1622.5901421774,27.3461553712044,-1.52597053816768,0.0022057096609492,-5.83617166270195,-4.40108713741262,41.7219734885647,197,"Oplophorus spinosus",278.15,TRUE,-6.61573714516506,0.00133912730090864,2.21465000775244
"Malacostraca","Decapoda","Oplophoridae","Oplophorus","spinosus",2.92,0.00292,0.01205814,"W",20,"C","A. M. Makarieva et al., Mean mass-specific metabolic rates are strikingly similar across life's major domains: Evidence for life's metabolic optimum. Proc. Natl. Acad. Sci. U.S.A. 105, 16994-16999 (2008).","Oplophorus spinosus",-5126.81836119685,-1622.5901421774,27.3461553712044,-1.52597053816768,0.0022057096609492,-5.83617166270195,-4.41801532843331,39.5871292029482,198,"Oplophorus spinosus",293.15,TRUE,-6.30258051652034,0.00183157227099657,1.88456518808703
"Malacostraca","Decapoda","Palaemonidae","Palaemon","adspersus",0.1,1e-04,0.00035702,"W",20,"C","A. M. Makarieva et al., Mean mass-specific metabolic rates are strikingly similar across life's major domains: Evidence for life's metabolic optimum. Proc. Natl. Acad. Sci. U.S.A. 105, 16994-16999 (2008).","Palaemon adspersus",-5126.81836119685,-1622.5901421774,27.3461553712044,-1.52597053816768,0.0022057096609492,-9.21034037197618,-7.93771875534487,39.5871292029482,199,"Palaemon adspersus",293.15,TRUE,-8.96163666424959,0.000128236202281647,1.02391790890472
"Malacostraca","Decapoda","Palaemonidae","Palaemon","adspersus",0.132,0.000132,0.0004490508,"W",20,"C","A. M. Makarieva et al., Mean mass-specific metabolic rates are strikingly similar across life's major domains: Evidence for life's metabolic optimum. Proc. Natl. Acad. Sci. U.S.A. 105, 16994-16999 (2008).","Palaemon adspersus",-5126.81836119685,-1622.5901421774,27.3461553712044,-1.52597053816768,0.0022057096609492,-8.9327086353779,-7.7083745363101,39.5871292029482,200,"Palaemon adspersus",293.15,TRUE,-8.74284547755602,0.000159599105507156,1.03447094124593
"Malacostraca","Decapoda","Palaemonidae","Palaemon","adspersus",3.2,0.0032,0.00490304,"W",20,"C","A. M. Makarieva et al., Mean mass-specific metabolic rates are strikingly similar across life's major domains: Evidence for life's metabolic optimum. Proc. Natl. Acad. Sci. U.S.A. 105, 16994-16999 (2008).","Palaemon adspersus",-5126.81836119685,-1622.5901421774,27.3461553712044,-1.52597053816768,0.0022057096609492,-5.74460446917646,-5.31789985807587,39.5871292029482,201,"Palaemon adspersus",293.15,TRUE,-6.23041983640822,0.00196862522257533,0.912519978332347
"Malacostraca","Decapoda","Palaemonidae","Palaemon","adspersus",3.28,0.00328,0.005506136,"W",20,"C","A. M. Makarieva et al., Mean mass-specific metabolic rates are strikingly similar across life's major domains: Evidence for life's metabolic optimum. Proc. Natl. Acad. Sci. U.S.A. 105, 16994-16999 (2008).","Palaemon adspersus",-5126.81836119685,-1622.5901421774,27.3461553712044,-1.52597053816768,0.0022057096609492,-5.71991185658608,-5.20189217223985,39.5871292029482,202,"Palaemon adspersus",293.15,TRUE,-6.21096051206221,0.00200730849379789,1.00906833982236
"Malacostraca","Decapoda","Crangonidae","Stereomastis","sculpta",16.76,0.01676,0.001992764,"W",2.5,"C","A. M. Makarieva et al., Mean mass-specific metabolic rates are strikingly similar across life's major domains: Evidence for life's metabolic optimum. Proc. Natl. Acad. Sci. U.S.A. 105, 16994-16999 (2008).","Stereomastis sculpta",-5126.81836119685,-1622.5901421774,27.3461553712044,-1.52597053816768,0.0022057096609492,-4.0887601839282,-6.2182326592136,42.1003697654426,212,"Stereomastis sculpta",275.65,TRUE,-5.29417381897947,0.00502076071965421,-0.924058840234134
"Chondrichthyes","Carcharhiniformes","Triakidae","Triakis","semifasciata",1920,1.92,1.3035,"W",16,"C","J. F. Gillooly, J. P. Gomez, E. V. Mavrodiev,  A broad-scale comparison of aerobic activity levels in vertebrates: endotherms versus ectotherms. Proc. Biol. Sci. 284, 20162328 (2017).","Triakis semifasciata",-5126.81836119685,-1622.5901421774,27.3461553712039,-1.5259705381972,0.0022057096844201,0.65232518603969,0.265052954391419,40.1347637068797,234,"Triakis semifasciata",289.15,TRUE,-1.26957041617259,0.280952288417685,1.53462337056401
"Chondrostei","Acipenseriformes","Acipenseridae","Acipenser","transmontanus",950,0.95,0.01805,"W",15,"C","A. M. Makarieva et al., Mean mass-specific metabolic rates are strikingly similar across life's major domains: Evidence for life's metabolic optimum. Proc. Natl. Acad. Sci. U.S.A. 105, 16994-16999 (2008).","Acipenser transmontanus",-5763.09594699511,6933.58829445778,-8.10191784173671,0.112340042955903,-6.04758502159359e-05,-0.0512932943875506,-4.01460959420325,40.2740479814134,235,"Acipenser transmontanus",288.15,TRUE,-1.84449719164468,0.158104797320376,-2.17011240255857
"Teleostei","Anguilliformes","Anguillidae","Anguilla","anguilla",71.1,0.0711,0.0091008,"W",14,"C","A. M. Makarieva et al., Mean mass-specific metabolic rates are strikingly similar across life's major domains: Evidence for life's metabolic optimum. Proc. Natl. Acad. Sci. U.S.A. 105, 16994-16999 (2008).","Anguilla anguilla",-5763.09594699511,6933.58829445778,-8.10191784173671,0.112340042955903,-6.04758502159359e-05,-2.64366794217294,-4.69939295723546,40.4143023710404,237,"Anguilla anguilla",287.15,TRUE,-3.90802435748778,0.020080133063991,-0.791368599747678
"Chondrostei","Acipenseriformes","Acipenseridae","Acipenser","fulvescens",30.5100000251216,0.0305100000251215,0.0599285395997636,"W",17,"C","J. G. Rubalcaba, W. C. E. P. Verberk, A. J. Hendriks. B. Saris, H. A. Woods, Oxygen limitation may affect the temperature and size dependence of metabolism in aquatic ectotherms. Proc. Natl. Acad. Sci. U.S.A. 117, 31963-3196 (2020).","Acipenser fulvescens",-5763.09594699511,6933.58829445778,-8.10191784173671,0.112340042955903,-6.04758502159359e-05,-3.48970077943017,-2.81460243324274,39.9964395169542,327,"Acipenser fulvescens",290.15,TRUE,-4.51345560851517,0.0109605193951669,1.69885317527243
"Chondrostei","Acipenseriformes","Acipenseridae","Acipenser","gueldenstaedtii",0.0200000000154742,2.00000000154742e-05,0.0001284423350502,"W",20,"C","J. G. Rubalcaba, W. C. E. P. Verberk, A. J. Hendriks. B. Saris, H. A. Woods, Oxygen limitation may affect the temperature and size dependence of metabolism in aquatic ectotherms. Proc. Natl. Acad. Sci. U.S.A. 117, 31963-3196 (2020).","Acipenser gueldenstaedtii",-5763.09594699511,6933.58829445778,-8.10191784173671,0.112340042955903,-6.04758502159359e-05,-10.8197782836366,-8.96003050882257,39.5871292029482,328,"Acipenser gueldenstaedtii",293.15,TRUE,-10.2299744807987,3.60726902820859e-05,1.26994397197609
"Chondrostei","Acipenseriformes","Acipenseridae","Acipenser","gueldenstaedtii",0.30000000019365,0.0003000000001936,0.000594497087904,"W",18,"C","J. G. Rubalcaba, W. C. E. P. Verberk, A. J. Hendriks. B. Saris, H. A. Woods, Oxygen limitation may affect the temperature and size dependence of metabolism in aquatic ectotherms. Proc. Natl. Acad. Sci. U.S.A. 117, 31963-3196 (2020).","Acipenser gueldenstaedtii",-5763.09594699511,6933.58829445778,-8.10191784173671,0.112340042955903,-6.04758502159359e-05,-8.11172808266274,-7.42779474024073,39.8590655189568,329,"Acipenser gueldenstaedtii",291.15,TRUE,-8.13575128253413,0.000292878918284326,0.707956542293402
"Chondrostei","Acipenseriformes","Acipenseridae","Acipenser","gueldenstaedtii",0.30000000019365,0.0003000000001936,0.0007056216444444,"W",25,"C","J. G. Rubalcaba, W. C. E. P. Verberk, A. J. Hendriks. B. Saris, H. A. Woods, Oxygen limitation may affect the temperature and size dependence of metabolism in aquatic ectotherms. Proc. Natl. Acad. Sci. U.S.A. 117, 31963-3196 (2020).","Acipenser gueldenstaedtii",-5763.09594699511,6933.58829445778,-8.10191784173671,0.112340042955903,-6.04758502159359e-05,-8.11172808266274,-7.25643137850917,38.9232497932056,330,"Acipenser gueldenstaedtii",298.15,TRUE,-7.99847808669338,0.000335973561639598,0.742046708184204
"Chondrostei","Acipenseriformes","Acipenseridae","Acipenser","gueldenstaedtii",0.470000000069567,0.0004700000000695,0.001382453048858,"W",20,"C","J. G. Rubalcaba, W. C. E. P. Verberk, A. J. Hendriks. B. Saris, H. A. Woods, Oxygen limitation may affect the temperature and size dependence of metabolism in aquatic ectotherms. Proc. Natl. Acad. Sci. U.S.A. 117, 31963-3196 (2020).","Acipenser gueldenstaedtii",-5763.09594699511,6933.58829445778,-8.10191784173671,0.112340042955903,-6.04758502159359e-05,-7.6627778631123,-6.58389578618751,39.5871292029482,331,"Acipenser gueldenstaedtii",293.15,TRUE,-7.74206053817173,0.000434176016474059,1.15816475198422
"Chondrostei","Acipenseriformes","Acipenseridae","Acipenser","gueldenstaedtii",12.4999999997681,0.0124999999997681,0.0187677817357516,"W",18,"C","J. G. Rubalcaba, W. C. E. P. Verberk, A. J. Hendriks. B. Saris, H. A. Woods, Oxygen limitation may affect the temperature and size dependence of metabolism in aquatic ectotherms. Proc. Natl. Acad. Sci. U.S.A. 117, 31963-3196 (2020).","Acipenser gueldenstaedtii",-5763.09594699511,6933.58829445778,-8.10191784173671,0.112340042955903,-6.04758502159359e-05,-4.38202663469243,-3.97561361673414,39.8590655189568,332,"Acipenser gueldenstaedtii",291.15,TRUE,-5.19651308227433,0.0055358338028753,1.22089946554019
"Chondrostei","Acipenseriformes","Acipenseridae","Acipenser","gueldenstaedtii",12.4999999997681,0.0124999999997681,0.0255617759111111,"W",25,"C","J. G. Rubalcaba, W. C. E. P. Verberk, A. J. Hendriks. B. Saris, H. A. Woods, Oxygen limitation may affect the temperature and size dependence of metabolism in aquatic ectotherms. Proc. Natl. Acad. Sci. U.S.A. 117, 31963-3196 (2020).","Acipenser gueldenstaedtii",-5763.09594699511,6933.58829445778,-8.10191784173671,0.112340042955903,-6.04758502159359e-05,-4.38202663469243,-3.66665717179601,38.9232497932056,333,"Acipenser gueldenstaedtii",298.15,TRUE,-5.05923988643358,0.00635038469239126,1.39258271463757
"Chondrostei","Acipenseriformes","Acipenseridae","Acipenser","gueldenstaedtii",54.3000000514067,0.0543000000514066,0.0453943018528141,"W",21,"C","J. G. Rubalcaba, W. C. E. P. Verberk, A. J. Hendriks. B. Saris, H. A. Woods, Oxygen limitation may affect the temperature and size dependence of metabolism in aquatic ectotherms. Proc. Natl. Acad. Sci. U.S.A. 117, 31963-3196 (2020).","Acipenser gueldenstaedtii",-5763.09594699511,6933.58829445778,-8.10191784173671,0.112340042955903,-6.04758502159359e-05,-2.91323105109553,-3.09236869166176,39.4525477676161,334,"Acipenser gueldenstaedtii",294.15,TRUE,-3.97937883542174,0.0186972498006424,0.887010143759974
"Chondrostei","Acipenseriformes","Acipenseridae","Acipenser","gueldenstaedtii",208.000000017835,0.208000000017835,0.0803702653436653,"W",18,"C","J. G. Rubalcaba, W. C. E. P. Verberk, A. J. Hendriks. B. Saris, H. A. Woods, Oxygen limitation may affect the temperature and size dependence of metabolism in aquatic ectotherms. Proc. Natl. Acad. Sci. U.S.A. 117, 31963-3196 (2020).","Acipenser gueldenstaedtii",-5763.09594699511,6933.58829445778,-8.10191784173671,0.112340042955903,-6.04758502159359e-05,-1.57021719919507,-2.5211110052367,39.8590655189568,335,"Acipenser gueldenstaedtii",291.15,TRUE,-2.98063124294847,0.0507607813642103,0.459520237711768
"Chondrostei","Acipenseriformes","Acipenseridae","Acipenser","ruthenus",204.999999973682,0.204999999973683,0.150248730455901,"W",20.7,"C","J. G. Rubalcaba, W. C. E. P. Verberk, A. J. Hendriks. B. Saris, H. A. Woods, Oxygen limitation may affect the temperature and size dependence of metabolism in aquatic ectotherms. Proc. Natl. Acad. Sci. U.S.A. 117, 31963-3196 (2020).","Acipenser ruthenus",-5763.09594699511,6933.58829445778,-8.10191784173671,0.112340042955903,-6.04758502159359e-05,-1.58474529997211,-1.89546315514727,39.4928260195483,336,"Acipenser ruthenus",293.85,TRUE,-2.93835725482304,0.0529526450303752,1.04289409967577
"Chondrostei","Acipenseriformes","Acipenseridae","Acipenser","ruthenus",258.000000021844,0.258000000021844,0.0450946466800781,"W",20,"C","J. G. Rubalcaba, W. C. E. P. Verberk, A. J. Hendriks. B. Saris, H. A. Woods, Oxygen limitation may affect the temperature and size dependence of metabolism in aquatic ectotherms. Proc. Natl. Acad. Sci. U.S.A. 117, 31963-3196 (2020).","Acipenser ruthenus",-5763.09594699511,6933.58829445778,-8.10191784173671,0.112340042955903,-6.04758502159359e-05,-1.35479569397585,-3.0989917384084,39.5871292029482,337,"Acipenser ruthenus",293.15,TRUE,-2.77097574312111,0.0626008925418245,-0.328015995287291
"Chondrostei","Acipenseriformes","Acipenseridae","Acipenser","ruthenus",287.000000175789,0.287000000175789,0.16553930187253,"W",10,"C","J. G. Rubalcaba, W. C. E. P. Verberk, A. J. Hendriks. B. Saris, H. A. Woods, Oxygen limitation may affect the temperature and size dependence of metabolism in aquatic ectotherms. Proc. Natl. Acad. Sci. U.S.A. 117, 31963-3196 (2020).","Acipenser ruthenus",-5763.09594699511,6933.58829445778,-8.10191784173671,0.112340042955903,-6.04758502159359e-05,-1.24827306261001,-1.79854663880737,40.9852266496354,338,"Acipenser ruthenus",283.15,TRUE,-2.892113746558,0.0554588626510987,1.09356710775063
"Chondrostei","Acipenseriformes","Acipenseridae","Acipenser","ruthenus",304.000000273867,0.304000000273867,0.244752985983002,"W",6.5,"C","J. G. Rubalcaba, W. C. E. P. Verberk, A. J. Hendriks. B. Saris, H. A. Woods, Oxygen limitation may affect the temperature and size dependence of metabolism in aquatic ectotherms. Proc. Natl. Acad. Sci. U.S.A. 117, 31963-3196 (2020).","Acipenser ruthenus",-5763.09594699511,6933.58829445778,-8.10191784173671,0.112340042955903,-6.04758502159359e-05,-1.19072757667504,-1.4075057975111,41.4981831784168,339,"Acipenser ruthenus",279.65,TRUE,-2.92200901067953,0.0538254427152542,1.51450321316844
"Chondrostei","Acipenseriformes","Acipenseridae","Acipenser","stellatus",0.0200000000154742,2.00000000154742e-05,0.0001284423350502,"W",20,"C","J. G. Rubalcaba, W. C. E. P. Verberk, A. J. Hendriks. B. Saris, H. A. Woods, Oxygen limitation may affect the temperature and size dependence of metabolism in aquatic ectotherms. Proc. Natl. Acad. Sci. U.S.A. 117, 31963-3196 (2020).","Acipenser stellatus",-5763.09594699511,6933.58829445778,-8.10191784173671,0.112340042955903,-6.04758502159359e-05,-10.8197782836366,-8.96003050882257,39.5871292029482,340,"Acipenser stellatus",293.15,TRUE,-10.2299744807987,3.60726902820859e-05,1.26994397197609
"Chondrostei","Acipenseriformes","Acipenseridae","Acipenser","stellatus",0.030000000019365,3.0000000019365e-05,0.0001424984370014,"W",21,"C","J. G. Rubalcaba, W. C. E. P. Verberk, A. J. Hendriks. B. Saris, H. A. Woods, Oxygen limitation may affect the temperature and size dependence of metabolism in aquatic ectotherms. Proc. Natl. Acad. Sci. U.S.A. 117, 31963-3196 (2020).","Acipenser stellatus",-5763.09594699511,6933.58829445778,-8.10191784173671,0.112340042955903,-6.04758502159359e-05,-10.4143131756566,-8.85617952672695,39.4525477676161,341,"Acipenser stellatus",294.15,TRUE,-9.8907010769899,5.06434286029936e-05,1.03452155026295
"Chondrostei","Acipenseriformes","Acipenseridae","Acipenser","stellatus",0.0499999999613143,4.99999999613144e-05,0.0002450545484669,"W",21.1,"C","J. G. Rubalcaba, W. C. E. P. Verberk, A. J. Hendriks. B. Saris, H. A. Woods, Oxygen limitation may affect the temperature and size dependence of metabolism in aquatic ectotherms. Proc. Natl. Acad. Sci. U.S.A. 117, 31963-3196 (2020).","Acipenser stellatus",-5763.09594699511,6933.58829445778,-8.10191784173671,0.112340042955903,-6.04758502159359e-05,-9.90348755330984,-8.314029725398,39.4391399348998,342,"Acipenser stellatus",294.25,TRUE,-9.48617173977151,7.58940901848407e-05,1.17214201437352
"Chondrostei","Acipenseriformes","Acipenseridae","Acipenser","stellatus",0.0599999999469976,5.99999999469977e-05,0.0002881130315518,"W",21.7,"C","J. G. Rubalcaba, W. C. E. P. Verberk, A. J. Hendriks. B. Saris, H. A. Woods, Oxygen limitation may affect the temperature and size dependence of metabolism in aquatic ectotherms. Proc. Natl. Acad. Sci. U.S.A. 117, 31963-3196 (2020).","Acipenser stellatus",-5763.09594699511,6933.58829445778,-8.10191784173671,0.112340042955903,-6.04758502159359e-05,-9.72116599662555,-8.15215768415882,39.3588839268925,343,"Acipenser stellatus",294.85,TRUE,-9.3307183252695,8.86585285556918e-05,1.17856064111068
"Chondrostei","Acipenseriformes","Acipenseridae","Acipenser","stellatus",0.0899999999089575,8.99999999089575e-05,0.0004187438741183,"W",22.1,"C","J. G. Rubalcaba, W. C. E. P. Verberk, A. J. Hendriks. B. Saris, H. A. Woods, Oxygen limitation may affect the temperature and size dependence of metabolism in aquatic ectotherms. Proc. Natl. Acad. Sci. U.S.A. 117, 31963-3196 (2020).","Acipenser stellatus",-5763.09594699511,6933.58829445778,-8.10191784173671,0.112340042955903,-6.04758502159359e-05,-9.31570088864559,-7.77825110390323,39.3055611374912,344,"Acipenser stellatus",295.25,TRUE,-9.00336461217512,0.000122995275711988,1.2251135082719
"Chondrostei","Acipenseriformes","Acipenseridae","Acipenser","stellatus",0.160000000126762,0.0001600000001267,0.0008104315900359,"W",20.5,"C","J. G. Rubalcaba, W. C. E. P. Verberk, A. J. Hendriks. B. Saris, H. A. Woods, Oxygen limitation may affect the temperature and size dependence of metabolism in aquatic ectotherms. Proc. Natl. Acad. Sci. U.S.A. 117, 31963-3196 (2020).","Acipenser stellatus",-5763.09594699511,6933.58829445778,-8.10191784173671,0.112340042955903,-6.04758502159359e-05,-8.74033674193857,-7.11794362499499,39.5197239088856,345,"Acipenser stellatus",293.65,TRUE,-8.58135681767308,0.000187570305967986,1.4634131926781
"Chondrostei","Acipenseriformes","Acipenseridae","Acipenser","stellatus",0.229999999990683,0.0002299999999906,0.0006627234930456,"W",18,"C","J. G. Rubalcaba, W. C. E. P. Verberk, A. J. Hendriks. B. Saris, H. A. Woods, Oxygen limitation may affect the temperature and size dependence of metabolism in aquatic ectotherms. Proc. Natl. Acad. Sci. U.S.A. 117, 31963-3196 (2020).","Acipenser stellatus",-5763.09594699511,6933.58829445778,-8.10191784173671,0.112340042955903,-6.04758502159359e-05,-8.37743124908195,-7.31915270899958,39.8590655189568,346,"Acipenser stellatus",291.15,TRUE,-8.34514200926222,0.000237547724535869,1.02598930026264
"Chondrostei","Acipenseriformes","Acipenseridae","Acipenser","stellatus",0.229999999990683,0.0002299999999906,0.0007573672333333,"W",25,"C","J. G. Rubalcaba, W. C. E. P. Verberk, A. J. Hendriks. B. Saris, H. A. Woods, Oxygen limitation may affect the temperature and size dependence of metabolism in aquatic ectotherms. Proc. Natl. Acad. Sci. U.S.A. 117, 31963-3196 (2020).","Acipenser stellatus",-5763.09594699511,6933.58829445778,-8.10191784173671,0.112340042955903,-6.04758502159359e-05,-8.37743124908195,-7.18566230546925,38.9232497932056,347,"Acipenser stellatus",298.15,TRUE,-8.20786881342147,0.0002725008530461,1.02220650795222
"Chondrostei","Acipenseriformes","Acipenseridae","Acipenser","stellatus",0.430000000416256,0.0004300000004162,0.0013807551374708,"W",20,"C","J. G. Rubalcaba, W. C. E. P. Verberk, A. J. Hendriks. B. Saris, H. A. Woods, Oxygen limitation may affect the temperature and size dependence of metabolism in aquatic ectotherms. Proc. Natl. Acad. Sci. U.S.A. 117, 31963-3196 (2020).","Acipenser stellatus",-5763.09594699511,6933.58829445778,-8.10191784173671,0.112340042955903,-6.04758502159359e-05,-7.75172534830876,-6.58512472840714,39.5871292029482,348,"Acipenser stellatus",293.15,TRUE,-7.81215672414092,0.00040478409808847,1.22703199573378
"Chondrostei","Acipenseriformes","Acipenseridae","Acipenser","stellatus",0.650000000534531,0.0006500000005345,0.0020671706769777,"W",17,"C","J. G. Rubalcaba, W. C. E. P. Verberk, A. J. Hendriks. B. Saris, H. A. Woods, Oxygen limitation may affect the temperature and size dependence of metabolism in aquatic ectotherms. Proc. Natl. Acad. Sci. U.S.A. 117, 31963-3196 (2020).","Acipenser stellatus",-5763.09594699511,6933.58829445778,-8.10191784173671,0.112340042955903,-6.04758502159359e-05,-7.33853819425228,-6.18157442937516,39.9964395169542,349,"Acipenser stellatus",290.15,TRUE,-7.54658040792522,0.000527912288709816,1.36500597855006
"Chondrostei","Acipenseriformes","Acipenseridae","Acipenser","stellatus",0.80000000001484,0.0008000000000148,0.0020367776487716,"W",21,"C","J. G. Rubalcaba, W. C. E. P. Verberk, A. J. Hendriks. B. Saris, H. A. Woods, Oxygen limitation may affect the temperature and size dependence of metabolism in aquatic ectotherms. Proc. Natl. Acad. Sci. U.S.A. 117, 31963-3196 (2020).","Acipenser stellatus",-5763.09594699511,6933.58829445778,-8.10191784173671,0.112340042955903,-6.04758502159359e-05,-7.13089883027785,-6.1963863039195,39.4525477676161,350,"Acipenser stellatus",294.15,TRUE,-7.30316504874555,0.000673404042090078,1.10677874482605
"Chondrostei","Acipenseriformes","Acipenseridae","Acipenser","stellatus",1.75000000126408,0.001750000001264,0.0032499033698108,"W",17,"C","J. G. Rubalcaba, W. C. E. P. Verberk, A. J. Hendriks. B. Saris, H. A. Woods, Oxygen limitation may affect the temperature and size dependence of metabolism in aquatic ectotherms. Proc. Natl. Acad. Sci. U.S.A. 117, 31963-3196 (2020).","Acipenser stellatus",-5763.09594699511,6933.58829445778,-8.10191784173671,0.112340042955903,-6.04758502159359e-05,-6.34813949032443,-5.72913001544841,39.9964395169542,351,"Acipenser stellatus",290.15,TRUE,-6.76608423559574,0.00115219756318052,1.03695422014732
"Chondrostei","Acipenseriformes","Acipenseridae","Acipenser","stellatus",3.62000000389123,0.0036200000038912,0.009599316915429,"W",20,"C","J. G. Rubalcaba, W. C. E. P. Verberk, A. J. Hendriks. B. Saris, H. A. Woods, Oxygen limitation may affect the temperature and size dependence of metabolism in aquatic ectotherms. Proc. Natl. Acad. Sci. U.S.A. 117, 31963-3196 (2020).","Acipenser stellatus",-5763.09594699511,6933.58829445778,-8.10191784173671,0.112340042955903,-6.04758502159359e-05,-5.62128125206954,-4.64606333768277,39.5871292029482,352,"Acipenser stellatus",293.15,TRUE,-6.13323342195758,0.00216955452188688,1.48717008427481
"Chondrostei","Acipenseriformes","Acipenseridae","Acipenser","stellatus",3.73999999827353,0.0037399999982735,0.0178396625804147,"W",23,"C","J. G. Rubalcaba, W. C. E. P. Verberk, A. J. Hendriks. B. Saris, H. A. Woods, Oxygen limitation may affect the temperature and size dependence of metabolism in aquatic ectotherms. Proc. Natl. Acad. Sci. U.S.A. 117, 31963-3196 (2020).","Acipenser stellatus",-5763.09594699511,6933.58829445778,-8.10191784173671,0.112340042955903,-6.04758502159359e-05,-5.58866966801733,-4.02633106566302,39.1861115172861,353,"Acipenser stellatus",296.15,TRUE,-6.04870885929792,0.00236090830427304,2.0223777936349
"Chondrostei","Acipenseriformes","Acipenseridae","Acipenser","stellatus",6.11999999794878,0.0061199999979487,0.0152694672224919,"W",18,"C","J. G. Rubalcaba, W. C. E. P. Verberk, A. J. Hendriks. B. Saris, H. A. Woods, Oxygen limitation may affect the temperature and size dependence of metabolism in aquatic ectotherms. Proc. Natl. Acad. Sci. U.S.A. 117, 31963-3196 (2020).","Acipenser stellatus",-5763.09594699511,6933.58829445778,-8.10191784173671,0.112340042955903,-6.04758502159359e-05,-5.09619318279308,-4.18190005083233,39.8590655189568,354,"Acipenser stellatus",291.15,TRUE,-5.75932102516408,0.00315325185043135,1.57742097433176
"Chondrostei","Acipenseriformes","Acipenseridae","Acipenser","stellatus",6.11999999794878,0.0061199999979487,0.0172974107777777,"W",25,"C","J. G. Rubalcaba, W. C. E. P. Verberk, A. J. Hendriks. B. Saris, H. A. Woods, Oxygen limitation may affect the temperature and size dependence of metabolism in aquatic ectotherms. Proc. Natl. Acad. Sci. U.S.A. 117, 31963-3196 (2020).","Acipenser stellatus",-5763.09594699511,6933.58829445778,-8.10191784173671,0.112340042955903,-6.04758502159359e-05,-5.09619318279308,-4.05719845470389,38.9232497932056,355,"Acipenser stellatus",298.15,TRUE,-5.62204782932334,0.00361722605758738,1.56484937461945
"Chondrostei","Acipenseriformes","Acipenseridae","Acipenser","stellatus",10.4200000008756,0.0104200000008756,0.0331892382984556,"W",22,"C","J. G. Rubalcaba, W. C. E. P. Verberk, A. J. Hendriks. B. Saris, H. A. Woods, Oxygen limitation may affect the temperature and size dependence of metabolism in aquatic ectotherms. Proc. Natl. Acad. Sci. U.S.A. 117, 31963-3196 (2020).","Acipenser stellatus",-5763.09594699511,6933.58829445778,-8.10191784173671,0.112340042955903,-6.04758502159359e-05,-4.56402824257289,-3.40552960324377,39.3188782850898,356,"Acipenser stellatus",295.15,TRUE,-5.26070260733576,0.00519165574154754,1.85517300409198
"Chondrostei","Acipenseriformes","Acipenseridae","Acipenser","stellatus",3699.99999942924,3.69999999942924,3.63171793859086,"W",24.4,"C","J. G. Rubalcaba, W. C. E. P. Verberk, A. J. Hendriks. B. Saris, H. A. Woods, Oxygen limitation may affect the temperature and size dependence of metabolism in aquatic ectotherms. Proc. Natl. Acad. Sci. U.S.A. 117, 31963-3196 (2020).","Acipenser stellatus",-5763.09594699511,6933.58829445778,-8.10191784173671,0.112340042955903,-6.04758502159359e-05,1.30833281949592,1.28970579764374,39.0017372738843,357,"Acipenser stellatus",297.55,TRUE,-0.586393643883496,0.556329995401715,1.87609944152723
"Chondrostei","Acipenseriformes","Acipenseridae","Acipenser","stellatus",6050.00000484134,6.05000000484134,4.72108275671383,"W",21.8,"C","J. G. Rubalcaba, W. C. E. P. Verberk, A. J. Hendriks. B. Saris, H. A. Woods, Oxygen limitation may affect the temperature and size dependence of metabolism in aquatic ectotherms. Proc. Natl. Acad. Sci. U.S.A. 117, 31963-3196 (2020).","Acipenser stellatus",-5763.09594699511,6933.58829445778,-8.10191784173671,0.112340042955903,-6.04758502159359e-05,1.80005827284297,1.55203817089872,39.3455396706027,358,"Acipenser stellatus",294.95,TRUE,-0.249314988273889,0.779334453504497,1.80135315917261
"Chondrostei","Acipenseriformes","Acipenseridae","Acipenser","stellatus",6500.00000534532,6.50000000534532,2.23975072337614,"W",20,"C","J. G. Rubalcaba, W. C. E. P. Verberk, A. J. Hendriks. B. Saris, H. A. Woods, Oxygen limitation may affect the temperature and size dependence of metabolism in aquatic ectotherms. Proc. Natl. Acad. Sci. U.S.A. 117, 31963-3196 (2020).","Acipenser stellatus",-5763.09594699511,6933.58829445778,-8.10191784173671,0.112340042955903,-6.04758502159359e-05,1.87180217772395,0.806364575467322,39.5871292029482,359,"Acipenser stellatus",293.15,TRUE,-0.22821465254158,0.795953388079351,1.0345792280089
"Chondrostei","Acipenseriformes","Acipenseridae","Acipenser","stellatus",7520.0000070709,7.5200000070709,4.96186793165889,"W",22.4,"C","J. G. Rubalcaba, W. C. E. P. Verberk, A. J. Hendriks. B. Saris, H. A. Woods, Oxygen limitation may affect the temperature and size dependence of metabolism in aquatic ectotherms. Proc. Natl. Acad. Sci. U.S.A. 117, 31963-3196 (2020).","Acipenser stellatus",-5763.09594699511,6933.58829445778,-8.10191784173671,0.112340042955903,-6.04758502159359e-05,2.01756613890203,1.60178226896596,39.2656637653333,360,"Acipenser stellatus",295.55,TRUE,-0.0661883161262447,0.935954592351543,1.66797058509221
"Chondrostei","Acipenseriformes","Acipenseridae","Acipenser","stellatus",10399.9999928451,10.3999999928451,4.81159306812286,"W",22.5,"C","J. G. Rubalcaba, W. C. E. P. Verberk, A. J. Hendriks. B. Saris, H. A. Woods, Oxygen limitation may affect the temperature and size dependence of metabolism in aquatic ectotherms. Proc. Natl. Acad. Sci. U.S.A. 117, 31963-3196 (2020).","Acipenser stellatus",-5763.09594699511,6933.58829445778,-8.10191784173671,0.112340042955903,-6.04758502159359e-05,2.34180580545936,1.57102822847727,39.2523826343456,361,"Acipenser stellatus",295.65,TRUE,0.191281022994168,1.21079966682269,1.3797472054831
"Chondrostei","Acipenseriformes","Acipenseridae","Acipenser","transmontanus",899.999999089576,0.899999999089576,0.326397359823881,"W",10,"C","J. G. Rubalcaba, W. C. E. P. Verberk, A. J. Hendriks. B. Saris, H. A. Woods, Oxygen limitation may affect the temperature and size dependence of metabolism in aquatic ectotherms. Proc. Natl. Acad. Sci. U.S.A. 117, 31963-3196 (2020).","Acipenser transmontanus",-5763.09594699511,6933.58829445778,-8.10191784173671,0.112340042955903,-6.04758502159359e-05,-0.105360516669408,-1.11963974469977,40.9852266496354,362,"Acipenser transmontanus",283.15,TRUE,-1.99142712017591,0.136500483781593,0.871787375476132
"Chondrostei","Acipenseriformes","Acipenseridae","Acipenser","transmontanus",899.999999089576,0.899999999089576,0.42270613155778,"W",10,"C","J. G. Rubalcaba, W. C. E. P. Verberk, A. J. Hendriks. B. Saris, H. A. Woods, Oxygen limitation may affect the temperature and size dependence of metabolism in aquatic ectotherms. Proc. Natl. Acad. Sci. U.S.A. 117, 31963-3196 (2020).","Acipenser transmontanus",-5763.09594699511,6933.58829445778,-8.10191784173671,0.112340042955903,-6.04758502159359e-05,-0.105360516669408,-0.861078065818409,40.9852266496354,363,"Acipenser transmontanus",283.15,TRUE,-1.99142712017591,0.136500483781593,1.1303490543575
"Chondrostei","Acipenseriformes","Acipenseridae","Acipenser","transmontanus",899.999999089576,0.899999999089576,0.5561922783655,"W",10,"C","J. G. Rubalcaba, W. C. E. P. Verberk, A. J. Hendriks. B. Saris, H. A. Woods, Oxygen limitation may affect the temperature and size dependence of metabolism in aquatic ectotherms. Proc. Natl. Acad. Sci. U.S.A. 117, 31963-3196 (2020).","Acipenser transmontanus",-5763.09594699511,6933.58829445778,-8.10191784173671,0.112340042955903,-6.04758502159359e-05,-0.105360516669408,-0.586641220116649,40.9852266496354,364,"Acipenser transmontanus",283.15,TRUE,-1.99142712017591,0.136500483781593,1.40478590005926
"Chondrostei","Acipenseriformes","Acipenseridae","Acipenser","transmontanus",899.999999089576,0.899999999089576,0.45045,"W",15,"C","J. G. Rubalcaba, W. C. E. P. Verberk, A. J. Hendriks. B. Saris, H. A. Woods, Oxygen limitation may affect the temperature and size dependence of metabolism in aquatic ectotherms. Proc. Natl. Acad. Sci. U.S.A. 117, 31963-3196 (2020).","Acipenser transmontanus",-5763.09594699511,6933.58829445778,-8.10191784173671,0.112340042955903,-6.04758502159359e-05,-0.105360516669408,-0.797508195884688,40.2740479814134,365,"Acipenser transmontanus",288.15,TRUE,-1.88710554712022,0.151509712508559,1.08959735123553
"Chondrostei","Acipenseriformes","Acipenseridae","Acipenser","transmontanus",899.999999089576,0.899999999089576,0.800916880846319,"W",10,"C","J. G. Rubalcaba, W. C. E. P. Verberk, A. J. Hendriks. B. Saris, H. A. Woods, Oxygen limitation may affect the temperature and size dependence of metabolism in aquatic ectotherms. Proc. Natl. Acad. Sci. U.S.A. 117, 31963-3196 (2020).","Acipenser transmontanus",-5763.09594699511,6933.58829445778,-8.10191784173671,0.112340042955903,-6.04758502159359e-05,-0.105360516669408,-0.22199810652874,40.9852266496354,366,"Acipenser transmontanus",283.15,TRUE,-1.99142712017591,0.136500483781593,1.76942901364717
"Chondrostei","Acipenseriformes","Acipenseridae","Acipenser","transmontanus",899.999999089576,0.899999999089576,1.12721635089924,"W",10,"C","J. G. Rubalcaba, W. C. E. P. Verberk, A. J. Hendriks. B. Saris, H. A. Woods, Oxygen limitation may affect the temperature and size dependence of metabolism in aquatic ectotherms. Proc. Natl. Acad. Sci. U.S.A. 117, 31963-3196 (2020).","Acipenser transmontanus",-5763.09594699511,6933.58829445778,-8.10191784173671,0.112340042955903,-6.04758502159359e-05,-0.105360516669408,0.119751187262956,40.9852266496354,367,"Acipenser transmontanus",283.15,TRUE,-1.99142712017591,0.136500483781593,2.11117830743886
"Chondrostei","Acipenseriformes","Acipenseridae","Acipenser","transmontanus",949.999999368159,0.949999999368159,0.463283333333333,"W",15,"C","J. G. Rubalcaba, W. C. E. P. Verberk, A. J. Hendriks. B. Saris, H. A. Woods, Oxygen limitation may affect the temperature and size dependence of metabolism in aquatic ectotherms. Proc. Natl. Acad. Sci. U.S.A. 117, 31963-3196 (2020).","Acipenser transmontanus",-5763.09594699511,6933.58829445778,-8.10191784173671,0.112340042955903,-6.04758502159359e-05,-0.0512932950526467,-0.769416461017673,40.2740479814134,368,"Acipenser transmontanus",288.15,TRUE,-1.84449719216881,0.158104797237507,1.07508073115114
"Teleostei","Albuliformes","Albulidae","Albula","vulpes",671.999999916715,0.671999999916715,0.945917273018837,"W",20.6,"C","J. G. Rubalcaba, W. C. E. P. Verberk, A. J. Hendriks. B. Saris, H. A. Woods, Oxygen limitation may affect the temperature and size dependence of metabolism in aquatic ectotherms. Proc. Natl. Acad. Sci. U.S.A. 117, 31963-3196 (2020).","Albula vulpes",-5763.09594699511,6933.58829445778,-8.10191784173671,0.112340042955903,-6.04758502159359e-05,-0.397496938582924,-0.0556001629942968,39.5062703858528,369,"Albula vulpes",293.75,TRUE,-2.00470336160431,0.134700247034842,1.94910319861001
"Teleostei","Anguilliformes","Anguillidae","Anguilla","anguilla",0.229999999990683,0.0002299999999906,0.0003069997979298,"W",17,"C","J. G. Rubalcaba, W. C. E. P. Verberk, A. J. Hendriks. B. Saris, H. A. Woods, Oxygen limitation may affect the temperature and size dependence of metabolism in aquatic ectotherms. Proc. Natl. Acad. Sci. U.S.A. 117, 31963-3196 (2020).","Anguilla anguilla",-5763.09594699511,6933.58829445778,-8.10191784173671,0.112340042955903,-6.04758502159359e-05,-8.37743124908195,-8.08866346858641,39.9964395169542,383,"Anguilla anguilla",290.15,TRUE,-8.36529316425098,0.000232808771570126,0.276629695664562
"Teleostei","Anguilliformes","Anguillidae","Anguilla","anguilla",20.0000000154742,0.0200000000154742,0.0122742418681735,"W",18.5,"C","J. G. Rubalcaba, W. C. E. P. Verberk, A. J. Hendriks. B. Saris, H. A. Woods, Oxygen limitation may affect the temperature and size dependence of metabolism in aquatic ectotherms. Proc. Natl. Acad. Sci. U.S.A. 117, 31963-3196 (2020).","Anguilla anguilla",-5763.09594699511,6933.58829445778,-8.10191784173671,0.112340042955903,-6.04758502159359e-05,-3.91202300465444,-4.40025236947584,39.7907317875682,384,"Anguilla anguilla",291.65,TRUE,-4.81609704482642,0.00809833296863267,0.415844675350576
"Teleostei","Anguilliformes","Anguillidae","Anguilla","anguilla",21.0000000128662,0.0210000000128661,0.0140184762353509,"W",18.5,"C","J. G. Rubalcaba, W. C. E. P. Verberk, A. J. Hendriks. B. Saris, H. A. Woods, Oxygen limitation may affect the temperature and size dependence of metabolism in aquatic ectotherms. Proc. Natl. Acad. Sci. U.S.A. 117, 31963-3196 (2020).","Anguilla anguilla",-5763.09594699511,6933.58829445778,-8.10191784173671,0.112340042955903,-6.04758502159359e-05,-3.86323284064604,-4.26737908835004,39.7907317875682,385,"Anguilla anguilla",291.65,TRUE,-4.77764734158584,0.0084157751392743,0.510268253235805
"Teleostei","Anguilliformes","Anguillidae","Anguilla","anguilla",21.0000000128662,0.0210000000128661,0.0146967896020739,"W",18.5,"C","J. G. Rubalcaba, W. C. E. P. Verberk, A. J. Hendriks. B. Saris, H. A. Woods, Oxygen limitation may affect the temperature and size dependence of metabolism in aquatic ectotherms. Proc. Natl. Acad. Sci. U.S.A. 117, 31963-3196 (2020).","Anguilla anguilla",-5763.09594699511,6933.58829445778,-8.10191784173671,0.112340042955903,-6.04758502159359e-05,-3.86323284064604,-4.22012620346572,39.7907317875682,386,"Anguilla anguilla",291.65,TRUE,-4.77764734158584,0.0084157751392743,0.557521138120123
"Teleostei","Anguilliformes","Anguillidae","Anguilla","anguilla",33.0000000092788,0.0330000000092787,0.0266201906572535,"W",17,"C","J. G. Rubalcaba, W. C. E. P. Verberk, A. J. Hendriks. B. Saris, H. A. Woods, Oxygen limitation may affect the temperature and size dependence of metabolism in aquatic ectotherms. Proc. Natl. Acad. Sci. U.S.A. 117, 31963-3196 (2020).","Anguilla anguilla",-5763.09594699511,6933.58829445778,-8.10191784173671,0.112340042955903,-6.04758502159359e-05,-3.41124771723448,-3.62608530386,39.9964395169542,387,"Anguilla anguilla",290.15,TRUE,-4.45162968476505,0.0116595500876971,0.825544380905053
"Teleostei","Anguilliformes","Anguillidae","Anguilla","anguilla",37.6000000062629,0.0376000000062629,0.0253272157186523,"W",13,"C","J. G. Rubalcaba, W. C. E. P. Verberk, A. J. Hendriks. B. Saris, H. A. Woods, Oxygen limitation may affect the temperature and size dependence of metabolism in aquatic ectotherms. Proc. Natl. Acad. Sci. U.S.A. 117, 31963-3196 (2020).","Anguilla anguilla",-5763.09594699511,6933.58829445778,-8.10191784173671,0.112340042955903,-6.04758502159359e-05,-3.28075122841972,-3.6758757413161,40.5555370464591,388,"Anguilla anguilla",286.15,TRUE,-4.43080333614433,0.0119049221760668,0.754927594828224
"Teleostei","Anguilliformes","Anguillidae","Anguilla","anguilla",39.9999999697936,0.0399999999697935,0.0198533605819626,"W",13,"C","J. G. Rubalcaba, W. C. E. P. Verberk, A. J. Hendriks. B. Saris, H. A. Woods, Oxygen limitation may affect the temperature and size dependence of metabolism in aquatic ectotherms. Proc. Natl. Acad. Sci. U.S.A. 117, 31963-3196 (2020).","Anguilla anguilla",-5763.09594699511,6933.58829445778,-8.10191784173671,0.112340042955903,-6.04758502159359e-05,-3.21887582562336,-3.91938198733894,40.5555370464591,389,"Anguilla anguilla",286.15,TRUE,-4.38204164567323,0.0124998123639164,0.462659658334291
"Teleostei","Anguilliformes","Anguillidae","Anguilla","anguilla",39.9999999697936,0.0399999999697935,0.0292491303448839,"W",17,"C","J. G. Rubalcaba, W. C. E. P. Verberk, A. J. Hendriks. B. Saris, H. A. Woods, Oxygen limitation may affect the temperature and size dependence of metabolism in aquatic ectotherms. Proc. Natl. Acad. Sci. U.S.A. 117, 31963-3196 (2020).","Anguilla anguilla",-5763.09594699511,6933.58829445778,-8.10191784173671,0.112340042955903,-6.04758502159359e-05,-3.21887582562336,-3.53190543754511,39.9964395169542,390,"Anguilla anguilla",290.15,TRUE,-4.30002859272929,0.0135681710556126,0.768123155184181
"Teleostei","Anguilliformes","Anguillidae","Anguilla","anguilla",51.2000000028494,0.0512000000028493,0.020027445532018,"W",14,"C","J. G. Rubalcaba, W. C. E. P. Verberk, A. J. Hendriks. B. Saris, H. A. Woods, Oxygen limitation may affect the temperature and size dependence of metabolism in aquatic ectotherms. Proc. Natl. Acad. Sci. U.S.A. 117, 31963-3196 (2020).","Anguilla anguilla",-5763.09594699511,6933.58829445778,-8.10191784173671,0.112340042955903,-6.04758502159359e-05,-2.97201574688102,-3.91065166953827,40.4143023710404,391,"Anguilla anguilla",287.15,TRUE,-4.16678298040508,0.0155020503927083,0.256131310866811
"Teleostei","Anguilliformes","Anguillidae","Anguilla","anguilla",54.000000022012,0.054000000022012,0.0407398601270816,"W",17,"C","J. G. Rubalcaba, W. C. E. P. Verberk, A. J. Hendriks. B. Saris, H. A. Woods, Oxygen limitation may affect the temperature and size dependence of metabolism in aquatic ectotherms. Proc. Natl. Acad. Sci. U.S.A. 117, 31963-3196 (2020).","Anguilla anguilla",-5763.09594699511,6933.58829445778,-8.10191784173671,0.112340042955903,-6.04758502159359e-05,-2.91877123201023,-3.20054830149616,39.9964395169542,392,"Anguilla anguilla",290.15,TRUE,-4.06352738802799,0.01718828231593,0.862979086531839
"Teleostei","Anguilliformes","Anguillidae","Anguilla","anguilla",67.0000000461545,0.0670000000461544,0.0104513762527507,"W",13,"C","J. G. Rubalcaba, W. C. E. P. Verberk, A. J. Hendriks. B. Saris, H. A. Woods, Oxygen limitation may affect the temperature and size dependence of metabolism in aquatic ectotherms. Proc. Natl. Acad. Sci. U.S.A. 117, 31963-3196 (2020).","Anguilla anguilla",-5763.09594699511,6933.58829445778,-8.10191784173671,0.112340042955903,-6.04758502159359e-05,-2.7030626589023,-4.56102161041503,40.5555370464591,393,"Anguilla anguilla",286.15,TRUE,-3.97554858316589,0.0187690023112549,-0.585473027249138
"Teleostei","Anguilliformes","Anguillidae","Anguilla","anguilla",74.9999999323558,0.0749999999323558,0.0113998748990307,"W",21,"C","J. G. Rubalcaba, W. C. E. P. Verberk, A. J. Hendriks. B. Saris, H. A. Woods, Oxygen limitation may affect the temperature and size dependence of metabolism in aquatic ectotherms. Proc. Natl. Acad. Sci. U.S.A. 117, 31963-3196 (2020).","Anguilla anguilla",-5763.09594699511,6933.58829445778,-8.10191784173671,0.112340042955903,-6.04758502159359e-05,-2.59026716634775,-4.47415289741114,39.4525477676161,394,"Anguilla anguilla",294.15,TRUE,-3.7248630784376,0.0241164022562422,-0.749289818973533
"Teleostei","Anguilliformes","Anguillidae","Anguilla","anguilla",74.9999999323558,0.0749999999323558,0.0162645836402141,"W",22,"C","J. G. Rubalcaba, W. C. E. P. Verberk, A. J. Hendriks. B. Saris, H. A. Woods, Oxygen limitation may affect the temperature and size dependence of metabolism in aquatic ectotherms. Proc. Natl. Acad. Sci. U.S.A. 117, 31963-3196 (2020).","Anguilla anguilla",-5763.09594699511,6933.58829445778,-8.10191784173671,0.112340042955903,-6.04758502159359e-05,-2.59026716634775,-4.11876531789575,39.3188782850898,395,"Anguilla anguilla",295.15,TRUE,-3.70525533243822,0.0245939369359901,-0.413509985457523
"Teleostei","Anguilliformes","Anguillidae","Anguilla","anguilla",74.9999999323558,0.0749999999323558,0.0131895429051271,"W",27,"C","J. G. Rubalcaba, W. C. E. P. Verberk, A. J. Hendriks. B. Saris, H. A. Woods, Oxygen limitation may affect the temperature and size dependence of metabolism in aquatic ectotherms. Proc. Natl. Acad. Sci. U.S.A. 117, 31963-3196 (2020).","Anguilla anguilla",-5763.09594699511,6933.58829445778,-8.10191784173671,0.112340042955903,-6.04758502159359e-05,-2.59026716634775,-4.32833096750639,38.6638911405773,396,"Anguilla anguilla",300.15,TRUE,-3.6091763971439,0.0270741360221384,-0.719154570362483
"Teleostei","Anguilliformes","Anguillidae","Anguilla","anguilla",74.9999999323558,0.0749999999323558,0.0174947515722222,"W",25,"C","J. G. Rubalcaba, W. C. E. P. Verberk, A. J. Hendriks. B. Saris, H. A. Woods, Oxygen limitation may affect the temperature and size dependence of metabolism in aquatic ectotherms. Proc. Natl. Acad. Sci. U.S.A. 117, 31963-3196 (2020).","Anguilla anguilla",-5763.09594699511,6933.58829445778,-8.10191784173671,0.112340042955903,-6.04758502159359e-05,-2.59026716634775,-4.04585435319345,38.9232497932056,397,"Anguilla anguilla",298.15,TRUE,-3.64722127086803,0.0260634515215862,-0.398633082325417
"Teleostei","Anguilliformes","Anguillidae","Anguilla","anguilla",74.9999999323558,0.0749999999323558,0.0181595275060075,"W",30,"C","J. G. Rubalcaba, W. C. E. P. Verberk, A. J. Hendriks. B. Saris, H. A. Woods, Oxygen limitation may affect the temperature and size dependence of metabolism in aquatic ectotherms. Proc. Natl. Acad. Sci. U.S.A. 117, 31963-3196 (2020).","Anguilla anguilla",-5763.09594699511,6933.58829445778,-8.10191784173671,0.112340042955903,-6.04758502159359e-05,-2.59026716634775,-4.00855992453913,38.2812697537333,398,"Anguilla anguilla",303.15,TRUE,-3.55305032539305,0.0286371536547131,-0.455509599146079
"Teleostei","Anguilliformes","Anguillidae","Anguilla","anguilla",80.0000000014841,0.080000000001484,0.0161777777777777,"W",25,"C","J. G. Rubalcaba, W. C. E. P. Verberk, A. J. Hendriks. B. Saris, H. A. Woods, Oxygen limitation may affect the temperature and size dependence of metabolism in aquatic ectotherms. Proc. Natl. Acad. Sci. U.S.A. 117, 31963-3196 (2020).","Anguilla anguilla",-5763.09594699511,6933.58829445778,-8.10191784173671,0.112340042955903,-6.04758502159359e-05,-2.52572864428971,-4.12411672055578,38.9232497932056,399,"Anguilla anguilla",298.15,TRUE,-3.59636087572178,0.0274233380158029,-0.527755844833998
"Teleostei","Anguilliformes","Anguillidae","Anguilla","anguilla",80.0000000014841,0.080000000001484,0.0177333333333333,"W",25,"C","J. G. Rubalcaba, W. C. E. P. Verberk, A. J. Hendriks. B. Saris, H. A. Woods, Oxygen limitation may affect the temperature and size dependence of metabolism in aquatic ectotherms. Proc. Natl. Acad. Sci. U.S.A. 117, 31963-3196 (2020).","Anguilla anguilla",-5763.09594699511,6933.58829445778,-8.10191784173671,0.112340042955903,-6.04758502159359e-05,-2.52572864428971,-4.03230917130265,38.9232497932056,400,"Anguilla anguilla",298.15,TRUE,-3.59636087572178,0.0274233380158029,-0.435948295580872
"Teleostei","Anguilliformes","Anguillidae","Anguilla","anguilla",80.0000000014841,0.080000000001484,0.0180444444444444,"W",25,"C","J. G. Rubalcaba, W. C. E. P. Verberk, A. J. Hendriks. B. Saris, H. A. Woods, Oxygen limitation may affect the temperature and size dependence of metabolism in aquatic ectotherms. Proc. Natl. Acad. Sci. U.S.A. 117, 31963-3196 (2020).","Anguilla anguilla",-5763.09594699511,6933.58829445778,-8.10191784173671,0.112340042955903,-6.04758502159359e-05,-2.52572864428971,-4.01491742859078,38.9232497932056,401,"Anguilla anguilla",298.15,TRUE,-3.59636087572178,0.0274233380158029,-0.418556552869003
"Teleostei","Anguilliformes","Anguillidae","Anguilla","anguilla",80.0000000014841,0.080000000001484,0.0202222222222222,"W",25,"C","J. G. Rubalcaba, W. C. E. P. Verberk, A. J. Hendriks. B. Saris, H. A. Woods, Oxygen limitation may affect the temperature and size dependence of metabolism in aquatic ectotherms. Proc. Natl. Acad. Sci. U.S.A. 117, 31963-3196 (2020).","Anguilla anguilla",-5763.09594699511,6933.58829445778,-8.10191784173671,0.112340042955903,-6.04758502159359e-05,-2.52572864428971,-3.90097316924156,38.9232497932056,402,"Anguilla anguilla",298.15,TRUE,-3.59636087572178,0.0274233380158029,-0.304612293519784
"Teleostei","Anguilliformes","Anguillidae","Anguilla","anguilla",80.0000000014841,0.080000000001484,0.0205333333333333,"W",25,"C","J. G. Rubalcaba, W. C. E. P. Verberk, A. J. Hendriks. B. Saris, H. A. Woods, Oxygen limitation may affect the temperature and size dependence of metabolism in aquatic ectotherms. Proc. Natl. Acad. Sci. U.S.A. 117, 31963-3196 (2020).","Anguilla anguilla",-5763.09594699511,6933.58829445778,-8.10191784173671,0.112340042955903,-6.04758502159359e-05,-2.52572864428971,-3.88570569711077,38.9232497932056,403,"Anguilla anguilla",298.15,TRUE,-3.59636087572178,0.0274233380158029,-0.289344821388996
"Teleostei","Anguilliformes","Anguillidae","Anguilla","anguilla",80.0000000014841,0.080000000001484,0.0214666666666666,"W",25,"C","J. G. Rubalcaba, W. C. E. P. Verberk, A. J. Hendriks. B. Saris, H. A. Woods, Oxygen limitation may affect the temperature and size dependence of metabolism in aquatic ectotherms. Proc. Natl. Acad. Sci. U.S.A. 117, 31963-3196 (2020).","Anguilla anguilla",-5763.09594699511,6933.58829445778,-8.10191784173671,0.112340042955903,-6.04758502159359e-05,-2.52572864428971,-3.84125393453994,38.9232497932056,404,"Anguilla anguilla",298.15,TRUE,-3.59636087572178,0.0274233380158029,-0.244893058818164
"Teleostei","Anguilliformes","Anguillidae","Anguilla","anguilla",80.0000000014841,0.080000000001484,0.0224,"W",25,"C","J. G. Rubalcaba, W. C. E. P. Verberk, A. J. Hendriks. B. Saris, H. A. Woods, Oxygen limitation may affect the temperature and size dependence of metabolism in aquatic ectotherms. Proc. Natl. Acad. Sci. U.S.A. 117, 31963-3196 (2020).","Anguilla anguilla",-5763.09594699511,6933.58829445778,-8.10191784173671,0.112340042955903,-6.04758502159359e-05,-2.52572864428971,-3.79869432012114,38.9232497932056,405,"Anguilla anguilla",298.15,TRUE,-3.59636087572178,0.0274233380158029,-0.202333444399365
"Teleostei","Anguilliformes","Anguillidae","Anguilla","anguilla",80.0000000014841,0.080000000001484,0.0227111111111111,"W",25,"C","J. G. Rubalcaba, W. C. E. P. Verberk, A. J. Hendriks. B. Saris, H. A. Woods, Oxygen limitation may affect the temperature and size dependence of metabolism in aquatic ectotherms. Proc. Natl. Acad. Sci. U.S.A. 117, 31963-3196 (2020).","Anguilla anguilla",-5763.09594699511,6933.58829445778,-8.10191784173671,0.112340042955903,-6.04758502159359e-05,-2.52572864428971,-3.78490099798881,38.9232497932056,406,"Anguilla anguilla",298.15,TRUE,-3.59636087572178,0.0274233380158029,-0.18854012226703
"Teleostei","Anguilliformes","Anguillidae","Anguilla","anguilla",80.0000000014841,0.080000000001484,0.0233333333333333,"W",25,"C","J. G. Rubalcaba, W. C. E. P. Verberk, A. J. Hendriks. B. Saris, H. A. Woods, Oxygen limitation may affect the temperature and size dependence of metabolism in aquatic ectotherms. Proc. Natl. Acad. Sci. U.S.A. 117, 31963-3196 (2020).","Anguilla anguilla",-5763.09594699511,6933.58829445778,-8.10191784173671,0.112340042955903,-6.04758502159359e-05,-2.52572864428971,-3.75787232560089,38.9232497932056,407,"Anguilla anguilla",298.15,TRUE,-3.59636087572178,0.0274233380158029,-0.161511449879111
"Teleostei","Anguilliformes","Anguillidae","Anguilla","anguilla",80.0000000014841,0.080000000001484,0.0236444444444444,"W",25,"C","J. G. Rubalcaba, W. C. E. P. Verberk, A. J. Hendriks. B. Saris, H. A. Woods, Oxygen limitation may affect the temperature and size dependence of metabolism in aquatic ectotherms. Proc. Natl. Acad. Sci. U.S.A. 117, 31963-3196 (2020).","Anguilla anguilla",-5763.09594699511,6933.58829445778,-8.10191784173671,0.112340042955903,-6.04758502159359e-05,-2.52572864428971,-3.74462709885087,38.9232497932056,408,"Anguilla anguilla",298.15,TRUE,-3.59636087572178,0.0274233380158029,-0.148266223129091
"Teleostei","Anguilliformes","Anguillidae","Anguilla","anguilla",80.0000000014841,0.080000000001484,0.0239555555555555,"W",25,"C","J. G. Rubalcaba, W. C. E. P. Verberk, A. J. Hendriks. B. Saris, H. A. Woods, Oxygen limitation may affect the temperature and size dependence of metabolism in aquatic ectotherms. Proc. Natl. Acad. Sci. U.S.A. 117, 31963-3196 (2020).","Anguilla anguilla",-5763.09594699511,6933.58829445778,-8.10191784173671,0.112340042955903,-6.04758502159359e-05,-2.52572864428971,-3.73155501728352,38.9232497932056,409,"Anguilla anguilla",298.15,TRUE,-3.59636087572178,0.0274233380158029,-0.135194141561739
"Teleostei","Anguilliformes","Anguillidae","Anguilla","anguilla",80.0000000014841,0.080000000001484,0.0267555555555555,"W",25,"C","J. G. Rubalcaba, W. C. E. P. Verberk, A. J. Hendriks. B. Saris, H. A. Woods, Oxygen limitation may affect the temperature and size dependence of metabolism in aquatic ectotherms. Proc. Natl. Acad. Sci. U.S.A. 117, 31963-3196 (2020).","Anguilla anguilla",-5763.09594699511,6933.58829445778,-8.10191784173671,0.112340042955903,-6.04758502159359e-05,-2.52572864428971,-3.62101314288369,38.9232497932056,410,"Anguilla anguilla",298.15,TRUE,-3.59636087572178,0.0274233380158029,-0.0246522671619145
"Teleostei","Anguilliformes","Anguillidae","Anguilla","anguilla",80.0000000014841,0.080000000001484,0.0276888888888888,"W",25,"C","J. G. Rubalcaba, W. C. E. P. Verberk, A. J. Hendriks. B. Saris, H. A. Woods, Oxygen limitation may affect the temperature and size dependence of metabolism in aquatic ectotherms. Proc. Natl. Acad. Sci. U.S.A. 117, 31963-3196 (2020).","Anguilla anguilla",-5763.09594699511,6933.58829445778,-8.10191784173671,0.112340042955903,-6.04758502159359e-05,-2.52572864428971,-3.58672406940506,38.9232497932056,411,"Anguilla anguilla",298.15,TRUE,-3.59636087572178,0.0274233380158029,0.00963680631671648
"Teleostei","Anguilliformes","Anguillidae","Anguilla","anguilla",80.0000000014841,0.080000000001484,0.0283111111111111,"W",25,"C","J. G. Rubalcaba, W. C. E. P. Verberk, A. J. Hendriks. B. Saris, H. A. Woods, Oxygen limitation may affect the temperature and size dependence of metabolism in aquatic ectotherms. Proc. Natl. Acad. Sci. U.S.A. 117, 31963-3196 (2020).","Anguilla anguilla",-5763.09594699511,6933.58829445778,-8.10191784173671,0.112340042955903,-6.04758502159359e-05,-2.52572864428971,-3.56450093262035,38.9232497932056,412,"Anguilla anguilla",298.15,TRUE,-3.59636087572178,0.0274233380158029,0.0318599431014293
"Teleostei","Anguilliformes","Anguillidae","Anguilla","anguilla",80.0000000014841,0.080000000001484,0.0314222222222222,"W",25,"C","J. G. Rubalcaba, W. C. E. P. Verberk, A. J. Hendriks. B. Saris, H. A. Woods, Oxygen limitation may affect the temperature and size dependence of metabolism in aquatic ectotherms. Proc. Natl. Acad. Sci. U.S.A. 117, 31963-3196 (2020).","Anguilla anguilla",-5763.09594699511,6933.58829445778,-8.10191784173671,0.112340042955903,-6.04758502159359e-05,-2.52572864428971,-3.46023992229594,38.9232497932056,413,"Anguilla anguilla",298.15,TRUE,-3.59636087572178,0.0274233380158029,0.136120953425838
"Teleostei","Anguilliformes","Anguillidae","Anguilla","anguilla",80.0000000014841,0.080000000001484,0.0472747064777777,"W",25,"C","J. G. Rubalcaba, W. C. E. P. Verberk, A. J. Hendriks. B. Saris, H. A. Woods, Oxygen limitation may affect the temperature and size dependence of metabolism in aquatic ectotherms. Proc. Natl. Acad. Sci. U.S.A. 117, 31963-3196 (2020).","Anguilla anguilla",-5763.09594699511,6933.58829445778,-8.10191784173671,0.112340042955903,-6.04758502159359e-05,-2.52572864428971,-3.05177987328232,38.9232497932056,414,"Anguilla anguilla",298.15,TRUE,-3.59636087572178,0.0274233380158029,0.544581002439455
"Teleostei","Anguilliformes","Anguillidae","Anguilla","anguilla",80.0000000014841,0.080000000001484,0.0475857242833333,"W",25,"C","J. G. Rubalcaba, W. C. E. P. Verberk, A. J. Hendriks. B. Saris, H. A. Woods, Oxygen limitation may affect the temperature and size dependence of metabolism in aquatic ectotherms. Proc. Natl. Acad. Sci. U.S.A. 117, 31963-3196 (2020).","Anguilla anguilla",-5763.09594699511,6933.58829445778,-8.10191784173671,0.112340042955903,-6.04758502159359e-05,-2.52572864428971,-3.04522247274077,38.9232497932056,415,"Anguilla anguilla",298.15,TRUE,-3.59636087572178,0.0274233380158029,0.551138402981007
"Teleostei","Anguilliformes","Anguillidae","Anguilla","anguilla",80.0000000014841,0.080000000001484,0.0553611694277777,"W",25,"C","J. G. Rubalcaba, W. C. E. P. Verberk, A. J. Hendriks. B. Saris, H. A. Woods, Oxygen limitation may affect the temperature and size dependence of metabolism in aquatic ectotherms. Proc. Natl. Acad. Sci. U.S.A. 117, 31963-3196 (2020).","Anguilla anguilla",-5763.09594699511,6933.58829445778,-8.10191784173671,0.112340042955903,-6.04758502159359e-05,-2.52572864428971,-2.89387684383915,38.9232497932056,416,"Anguilla anguilla",298.15,TRUE,-3.59636087572178,0.0274233380158029,0.702484031882623
"Teleostei","Anguilliformes","Anguillidae","Anguilla","anguilla",80.0000000014841,0.080000000001484,0.0559832050555555,"W",25,"C","J. G. Rubalcaba, W. C. E. P. Verberk, A. J. Hendriks. B. Saris, H. A. Woods, Oxygen limitation may affect the temperature and size dependence of metabolism in aquatic ectotherms. Proc. Natl. Acad. Sci. U.S.A. 117, 31963-3196 (2020).","Anguilla anguilla",-5763.09594699511,6933.58829445778,-8.10191784173671,0.112340042955903,-6.04758502159359e-05,-2.52572864428971,-2.88270354295113,38.9232497932056,417,"Anguilla anguilla",298.15,TRUE,-3.59636087572178,0.0274233380158029,0.713657332770652
"Teleostei","Anguilliformes","Anguillidae","Anguilla","anguilla",80.0000000014841,0.080000000001484,0.0597154187222222,"W",25,"C","J. G. Rubalcaba, W. C. E. P. Verberk, A. J. Hendriks. B. Saris, H. A. Woods, Oxygen limitation may affect the temperature and size dependence of metabolism in aquatic ectotherms. Proc. Natl. Acad. Sci. U.S.A. 117, 31963-3196 (2020).","Anguilla anguilla",-5763.09594699511,6933.58829445778,-8.10191784173671,0.112340042955903,-6.04758502159359e-05,-2.52572864428971,-2.81816502187558,38.9232497932056,418,"Anguilla anguilla",298.15,TRUE,-3.59636087572178,0.0274233380158029,0.778195853846201
"Teleostei","Anguilliformes","Anguillidae","Anguilla","anguilla",80.0000000014841,0.080000000001484,0.0609594899444444,"W",25,"C","J. G. Rubalcaba, W. C. E. P. Verberk, A. J. Hendriks. B. Saris, H. A. Woods, Oxygen limitation may affect the temperature and size dependence of metabolism in aquatic ectotherms. Proc. Natl. Acad. Sci. U.S.A. 117, 31963-3196 (2020).","Anguilla anguilla",-5763.09594699511,6933.58829445778,-8.10191784173671,0.112340042955903,-6.04758502159359e-05,-2.52572864428971,-2.79754573469183,38.9232497932056,419,"Anguilla anguilla",298.15,TRUE,-3.59636087572178,0.0274233380158029,0.79881514102995
"Teleostei","Anguilliformes","Anguillidae","Anguilla","anguilla",80.0000000014841,0.080000000001484,0.0650027213888888,"W",25,"C","J. G. Rubalcaba, W. C. E. P. Verberk, A. J. Hendriks. B. Saris, H. A. Woods, Oxygen limitation may affect the temperature and size dependence of metabolism in aquatic ectotherms. Proc. Natl. Acad. Sci. U.S.A. 117, 31963-3196 (2020).","Anguilla anguilla",-5763.09594699511,6933.58829445778,-8.10191784173671,0.112340042955903,-6.04758502159359e-05,-2.52572864428971,-2.73332614244155,38.9232497932056,420,"Anguilla anguilla",298.15,TRUE,-3.59636087572178,0.0274233380158029,0.863034733280224
"Teleostei","Anguilliformes","Anguillidae","Anguilla","anguilla",80.0000000014841,0.080000000001484,0.0706010418888889,"W",25,"C","J. G. Rubalcaba, W. C. E. P. Verberk, A. J. Hendriks. B. Saris, H. A. Woods, Oxygen limitation may affect the temperature and size dependence of metabolism in aquatic ectotherms. Proc. Natl. Acad. Sci. U.S.A. 117, 31963-3196 (2020).","Anguilla anguilla",-5763.09594699511,6933.58829445778,-8.10191784173671,0.112340042955903,-6.04758502159359e-05,-2.52572864428971,-2.65071037695885,38.9232497932056,421,"Anguilla anguilla",298.15,TRUE,-3.59636087572178,0.0274233380158029,0.945650498762932
"Teleostei","Anguilliformes","Anguillidae","Anguilla","anguilla",80.0000000014841,0.080000000001484,0.0721561309444444,"W",25,"C","J. G. Rubalcaba, W. C. E. P. Verberk, A. J. Hendriks. B. Saris, H. A. Woods, Oxygen limitation may affect the temperature and size dependence of metabolism in aquatic ectotherms. Proc. Natl. Acad. Sci. U.S.A. 117, 31963-3196 (2020).","Anguilla anguilla",-5763.09594699511,6933.58829445778,-8.10191784173671,0.112340042955903,-6.04758502159359e-05,-2.52572864428971,-2.62892302239745,38.9232497932056,422,"Anguilla anguilla",298.15,TRUE,-3.59636087572178,0.0274233380158029,0.967437853324327
"Teleostei","Anguilliformes","Anguillidae","Anguilla","anguilla",80.0000000014841,0.080000000001484,0.0737112199444444,"W",25,"C","J. G. Rubalcaba, W. C. E. P. Verberk, A. J. Hendriks. B. Saris, H. A. Woods, Oxygen limitation may affect the temperature and size dependence of metabolism in aquatic ectotherms. Proc. Natl. Acad. Sci. U.S.A. 117, 31963-3196 (2020).","Anguilla anguilla",-5763.09594699511,6933.58829445778,-8.10191784173671,0.112340042955903,-6.04758502159359e-05,-2.52572864428971,-2.60760025332172,38.9232497932056,423,"Anguilla anguilla",298.15,TRUE,-3.59636087572178,0.0274233380158029,0.988760622400059
"Teleostei","Anguilliformes","Anguillidae","Anguilla","anguilla",80.0000000014841,0.080000000001484,0.0746442733888888,"W",25,"C","J. G. Rubalcaba, W. C. E. P. Verberk, A. J. Hendriks. B. Saris, H. A. Woods, Oxygen limitation may affect the temperature and size dependence of metabolism in aquatic ectotherms. Proc. Natl. Acad. Sci. U.S.A. 117, 31963-3196 (2020).","Anguilla anguilla",-5763.09594699511,6933.58829445778,-8.10191784173671,0.112340042955903,-6.04758502159359e-05,-2.52572864428971,-2.59502147074744,38.9232497932056,424,"Anguilla anguilla",298.15,TRUE,-3.59636087572178,0.0274233380158029,1.00133940497434
"Teleostei","Anguilliformes","Anguillidae","Anguilla","anguilla",80.0000000014841,0.080000000001484,0.0799315760555555,"W",25,"C","J. G. Rubalcaba, W. C. E. P. Verberk, A. J. Hendriks. B. Saris, H. A. Woods, Oxygen limitation may affect the temperature and size dependence of metabolism in aquatic ectotherms. Proc. Natl. Acad. Sci. U.S.A. 117, 31963-3196 (2020).","Anguilla anguilla",-5763.09594699511,6933.58829445778,-8.10191784173671,0.112340042955903,-6.04758502159359e-05,-2.52572864428971,-2.52658430959096,38.9232497932056,425,"Anguilla anguilla",298.15,TRUE,-3.59636087572178,0.0274233380158029,1.06977656613082
"Teleostei","Anguilliformes","Anguillidae","Anguilla","anguilla",89.9999999089575,0.0899999999089575,0.0611097901906224,"W",17,"C","J. G. Rubalcaba, W. C. E. P. Verberk, A. J. Hendriks. B. Saris, H. A. Woods, Oxygen limitation may affect the temperature and size dependence of metabolism in aquatic ectotherms. Proc. Natl. Acad. Sci. U.S.A. 117, 31963-3196 (2020).","Anguilla anguilla",-5763.09594699511,6933.58829445778,-8.10191784173671,0.112340042955903,-6.04758502159359e-05,-2.40794560966346,-2.79508319338799,39.9964395169542,426,"Anguilla anguilla",290.15,TRUE,-3.66096482268105,0.025707697387567,0.86588162929306
"Teleostei","Anguilliformes","Anguillidae","Anguilla","anguilla",112.49999988411,0.11249999988411,0.0485631250914364,"W",15.5,"C","J. G. Rubalcaba, W. C. E. P. Verberk, A. J. Hendriks. B. Saris, H. A. Woods, Oxygen limitation may affect the temperature and size dependence of metabolism in aquatic ectotherms. Proc. Natl. Acad. Sci. U.S.A. 117, 31963-3196 (2020).","Anguilla anguilla",-5763.09594699511,6933.58829445778,-8.10191784173671,0.112340042955903,-6.04758502159359e-05,-2.18480205836779,-3.02489077904138,40.204285209923,427,"Anguilla anguilla",288.65,TRUE,-3.51560226313268,0.0297298923430919,0.490711484091293
"Teleostei","Anguilliformes","Anguillidae","Anguilla","anguilla",119.999999986841,0.119999999986841,0.0557315899153661,"W",20,"C","J. G. Rubalcaba, W. C. E. P. Verberk, A. J. Hendriks. B. Saris, H. A. Woods, Oxygen limitation may affect the temperature and size dependence of metabolism in aquatic ectotherms. Proc. Natl. Acad. Sci. U.S.A. 117, 31963-3196 (2020).","Anguilla anguilla",-5763.09594699511,6933.58829445778,-8.10191784173671,0.112340042955903,-6.04758502159359e-05,-2.12026353630975,-2.88720814891178,39.5871292029482,428,"Anguilla anguilla",293.15,TRUE,-3.37421231705187,0.0342450819579852,0.487004168140096
"Teleostei","Anguilliformes","Anguillidae","Anguilla","anguilla",149.999999980769,0.149999999980768,0.0599264407698248,"W",20,"C","J. G. Rubalcaba, W. C. E. P. Verberk, A. J. Hendriks. B. Saris, H. A. Woods, Oxygen limitation may affect the temperature and size dependence of metabolism in aquatic ectotherms. Proc. Natl. Acad. Sci. U.S.A. 117, 31963-3196 (2020).","Anguilla anguilla",-5763.09594699511,6933.58829445778,-8.10191784173671,0.112340042955903,-6.04758502159359e-05,-1.89711998501409,-2.8146374560667,39.5871292029482,429,"Anguilla anguilla",293.15,TRUE,-3.19836123104424,0.0408290585774734,0.38372377497754
"Teleostei","Anguilliformes","Anguillidae","Anguilla","anguilla",181.499999844479,0.181499999844479,0.0428422507211065,"W",14,"C","J. G. Rubalcaba, W. C. E. P. Verberk, A. J. Hendriks. B. Saris, H. A. Woods, Oxygen limitation may affect the temperature and size dependence of metabolism in aquatic ectotherms. Proc. Natl. Acad. Sci. U.S.A. 117, 31963-3196 (2020).","Anguilla anguilla",-5763.09594699511,6933.58829445778,-8.10191784173671,0.112340042955903,-6.04758502159359e-05,-1.7064996261341,-3.1502304969417,40.4143023710404,430,"Anguilla anguilla",287.15,TRUE,-3.16947706275095,0.0420255688936073,0.0192465658092513
"Teleostei","Anguilliformes","Anguillidae","Anguilla","anguilla",195.500000120693,0.195500000120693,0.0524654806690585,"W",12,"C","J. G. Rubalcaba, W. C. E. P. Verberk, A. J. Hendriks. B. Saris, H. A. Woods, Oxygen limitation may affect the temperature and size dependence of metabolism in aquatic ectotherms. Proc. Natl. Acad. Sci. U.S.A. 117, 31963-3196 (2020).","Anguilla anguilla",-5763.09594699511,6933.58829445778,-8.10191784173671,0.112340042955903,-6.04758502159359e-05,-1.63219489893936,-2.94759983670531,40.697762321039,431,"Anguilla anguilla",285.15,TRUE,-3.15250053813946,0.0427451073484094,0.204900701434151
"Teleostei","Anguilliformes","Anguillidae","Anguilla","anguilla",222.999999975271,0.222999999975271,0.100226972156061,"W",20,"C","J. G. Rubalcaba, W. C. E. P. Verberk, A. J. Hendriks. B. Saris, H. A. Woods, Oxygen limitation may affect the temperature and size dependence of metabolism in aquatic ectotherms. Proc. Natl. Acad. Sci. U.S.A. 117, 31963-3196 (2020).","Anguilla anguilla",-5763.09594699511,6933.58829445778,-8.10191784173671,0.112340042955903,-6.04758502159359e-05,-1.50058350763291,-2.30031794336044,39.5871292029482,432,"Anguilla anguilla",293.15,TRUE,-2.88586566581622,0.0558064588766287,0.58554772245578
"Teleostei","Anguilliformes","Anguillidae","Anguilla","anguilla",229.999999990683,0.229999999990683,0.0987787498964738,"W",20,"C","J. G. Rubalcaba, W. C. E. P. Verberk, A. J. Hendriks. B. Saris, H. A. Woods, Oxygen limitation may affect the temperature and size dependence of metabolism in aquatic ectotherms. Proc. Natl. Acad. Sci. U.S.A. 117, 31963-3196 (2020).","Anguilla anguilla",-5763.09594699511,6933.58829445778,-8.10191784173671,0.112340042955903,-6.04758502159359e-05,-1.46967597009945,-2.31487277938127,39.5871292029482,433,"Anguilla anguilla",293.15,TRUE,-2.86150859159417,0.0571824302298781,0.546635812212905
"Teleostei","Anguilliformes","Anguillidae","Anguilla","anguilla",430.000000416257,0.430000000416257,0.247050690255051,"W",17,"C","J. G. Rubalcaba, W. C. E. P. Verberk, A. J. Hendriks. B. Saris, H. A. Woods, Oxygen limitation may affect the temperature and size dependence of metabolism in aquatic ectotherms. Proc. Natl. Acad. Sci. U.S.A. 117, 31963-3196 (2020).","Anguilla anguilla",-5763.09594699511,6933.58829445778,-8.10191784173671,0.112340042955903,-6.04758502159359e-05,-0.84397006932649,-1.398161739705,39.9964395169542,434,"Anguilla anguilla",290.15,TRUE,-2.42845420043487,0.088173025115954,1.03029246072987
"Teleostei","Anguilliformes","Anguillidae","Anguilla","anguilla",485.000000444174,0.485000000444174,0.278650197124996,"W",17,"C","J. G. Rubalcaba, W. C. E. P. Verberk, A. J. Hendriks. B. Saris, H. A. Woods, Oxygen limitation may affect the temperature and size dependence of metabolism in aquatic ectotherms. Proc. Natl. Acad. Sci. U.S.A. 117, 31963-3196 (2020).","Anguilla anguilla",-5763.09594699511,6933.58829445778,-8.10191784173671,0.112340042955903,-6.04758502159359e-05,-0.723606387128832,-1.27779805753818,39.9964395169542,435,"Anguilla anguilla",290.15,TRUE,-2.3336000847437,0.096946103904988,1.05580202720552
"Teleostei","Anguilliformes","Anguillidae","Anguilla","anguilla",1190.99999867604,1.19099999867604,0.435446428097885,"W",17,"C","J. G. Rubalcaba, W. C. E. P. Verberk, A. J. Hendriks. B. Saris, H. A. Woods, Oxygen limitation may affect the temperature and size dependence of metabolism in aquatic ectotherms. Proc. Natl. Acad. Sci. U.S.A. 117, 31963-3196 (2020).","Anguilla anguilla",-5763.09594699511,6933.58829445778,-8.10191784173671,0.112340042955903,-6.04758502159359e-05,0.174793289261528,-0.831383502660623,39.9964395169542,436,"Anguilla anguilla",290.15,TRUE,-1.62560490475829,0.196792598413589,0.794221402097671
"Teleostei","Anguilliformes","Anguillidae","Anguilla","australis",646.499999677844,0.646499999677844,0.109773625560928,"W",17.5,"C","J. G. Rubalcaba, W. C. E. P. Verberk, A. J. Hendriks. B. Saris, H. A. Woods, Oxygen limitation may affect the temperature and size dependence of metabolism in aquatic ectotherms. Proc. Natl. Acad. Sci. U.S.A. 117, 31963-3196 (2020).","Anguilla australis",-5763.10486088712,6933.70816172064,-8.10241444940861,0.112362994779397,-6.05075985370386e-05,-0.436182081268533,-2.20933498312353,39.9276343569388,437,"Anguilla australis",290.65,TRUE,-2.09699883017922,0.122824492825695,-0.112336152944304
"Teleostei","Anguilliformes","Anguillidae","Anguilla","australis",699.999999977021,0.699999999977021,0.0769055989865146,"W",20,"C","J. G. Rubalcaba, W. C. E. P. Verberk, A. J. Hendriks. B. Saris, H. A. Woods, Oxygen limitation may affect the temperature and size dependence of metabolism in aquatic ectotherms. Proc. Natl. Acad. Sci. U.S.A. 117, 31963-3196 (2020).","Anguilla australis",-5763.10486088712,6933.70816172064,-8.10241444940861,0.112362994779397,-6.05075985370386e-05,-0.35667494397156,-2.56517659645367,39.5871292029482,438,"Anguilla australis",293.15,TRUE,-1.98439411512482,0.137463876174254,-0.580782481328848
"Teleostei","Anguilliformes","Anguillidae","Anguilla","australis",699.999999977021,0.699999999977021,0.0769286706655611,"W",20,"C","J. G. Rubalcaba, W. C. E. P. Verberk, A. J. Hendriks. B. Saris, H. A. Woods, Oxygen limitation may affect the temperature and size dependence of metabolism in aquatic ectotherms. Proc. Natl. Acad. Sci. U.S.A. 117, 31963-3196 (2020).","Anguilla australis",-5763.10486088712,6933.70816172064,-8.10241444940861,0.112362994779397,-6.05075985370386e-05,-0.35667494397156,-2.56487664145312,39.5871292029482,439,"Anguilla australis",293.15,TRUE,-1.98439411512482,0.137463876174254,-0.580482526328293
"Teleostei","Anguilliformes","Anguillidae","Anguilla","japonica",100,0.1,0.0346007308944444,"W",25,"C","J. G. Rubalcaba, W. C. E. P. Verberk, A. J. Hendriks. B. Saris, H. A. Woods, Oxygen limitation may affect the temperature and size dependence of metabolism in aquatic ectotherms. Proc. Natl. Acad. Sci. U.S.A. 117, 31963-3196 (2020).","Anguilla japonica",-5763.09594699511,6933.58829445778,-8.10191784173671,0.112340042955903,-6.04758502159359e-05,-2.30258509299405,-3.36388047302468,38.9232497932056,440,"Anguilla japonica",298.15,TRUE,-3.42050978971414,0.0326957627261858,0.0566293166894618
"Teleostei","Anguilliformes","Anguillidae","Anguilla","japonica",325.000000015809,0.325000000015809,0.0427658425784494,"W",14.5,"C","J. G. Rubalcaba, W. C. E. P. Verberk, A. J. Hendriks. B. Saris, H. A. Woods, Oxygen limitation may affect the temperature and size dependence of metabolism in aquatic ectotherms. Proc. Natl. Acad. Sci. U.S.A. 117, 31963-3196 (2020).","Anguilla japonica",-5763.09594699511,6933.58829445778,-8.10191784173671,0.112340042955903,-6.04758502159359e-05,-1.12393009660376,-3.15201556561924,40.3440532794864,441,"Anguilla japonica",287.65,TRUE,-2.70007108960158,0.0672007352964406,-0.451944476017661
"Teleostei","Anguilliformes","Anguillidae","Anguilla","japonica",325.000000015809,0.325000000015809,0.0484070841970345,"W",13,"C","J. G. Rubalcaba, W. C. E. P. Verberk, A. J. Hendriks. B. Saris, H. A. Woods, Oxygen limitation may affect the temperature and size dependence of metabolism in aquatic ectotherms. Proc. Natl. Acad. Sci. U.S.A. 117, 31963-3196 (2020).","Anguilla japonica",-5763.09594699511,6933.58829445778,-8.10191784173671,0.112340042955903,-6.04758502159359e-05,-1.12393009660376,-3.02810910826293,40.5555370464591,442,"Anguilla japonica",286.15,TRUE,-2.7310932788659,0.0651480257598452,-0.297015829397037
"Teleostei","Anguilliformes","Anguillidae","Anguilla","japonica",325.000000015809,0.325000000015809,0.0470424268362943,"W",14.5,"C","J. G. Rubalcaba, W. C. E. P. Verberk, A. J. Hendriks. B. Saris, H. A. Woods, Oxygen limitation may affect the temperature and size dependence of metabolism in aquatic ectotherms. Proc. Natl. Acad. Sci. U.S.A. 117, 31963-3196 (2020).","Anguilla japonica",-5763.09594699511,6933.58829445778,-8.10191784173671,0.112340042955903,-6.04758502159359e-05,-1.12393009660376,-3.05670538581491,40.3440532794864,443,"Anguilla japonica",287.65,TRUE,-2.70007108960158,0.0672007352964406,-0.356634296213338
"Teleostei","Anguilliformes","Anguillidae","Anguilla","japonica",325.000000015809,0.325000000015809,0.0542208333333333,"W",15,"C","J. G. Rubalcaba, W. C. E. P. Verberk, A. J. Hendriks. B. Saris, H. A. Woods, Oxygen limitation may affect the temperature and size dependence of metabolism in aquatic ectotherms. Proc. Natl. Acad. Sci. U.S.A. 117, 31963-3196 (2020).","Anguilla japonica",-5763.09594699511,6933.58829445778,-8.10191784173671,0.112340042955903,-6.04758502159359e-05,-1.12393009660376,-2.91469006554737,40.2740479814134,444,"Anguilla japonica",288.15,TRUE,-2.6898021330882,0.0678943720925064,-0.224887932459168
"Teleostei","Anguilliformes","Anguillidae","Anguilla","japonica",325.000000015809,0.325000000015809,0.0620104717387516,"W",14.5,"C","J. G. Rubalcaba, W. C. E. P. Verberk, A. J. Hendriks. B. Saris, H. A. Woods, Oxygen limitation may affect the temperature and size dependence of metabolism in aquatic ectotherms. Proc. Natl. Acad. Sci. U.S.A. 117, 31963-3196 (2020).","Anguilla japonica",-5763.09594699511,6933.58829445778,-8.10191784173671,0.112340042955903,-6.04758502159359e-05,-1.12393009660376,-2.78045200918676,40.3440532794864,445,"Anguilla japonica",287.65,TRUE,-2.70007108960158,0.0672007352964406,-0.080380919585179
"Teleostei","Anguilliformes","Anguillidae","Anguilla","japonica",325.000000015809,0.325000000015809,0.0646479166666666,"W",15,"C","J. G. Rubalcaba, W. C. E. P. Verberk, A. J. Hendriks. B. Saris, H. A. Woods, Oxygen limitation may affect the temperature and size dependence of metabolism in aquatic ectotherms. Proc. Natl. Acad. Sci. U.S.A. 117, 31963-3196 (2020).","Anguilla japonica",-5763.09594699511,6933.58829445778,-8.10191784173671,0.112340042955903,-6.04758502159359e-05,-1.12393009660376,-2.73879939908371,40.2740479814134,446,"Anguilla japonica",288.15,TRUE,-2.6898021330882,0.0678943720925064,-0.0489972659955042
"Teleostei","Anguilliformes","Anguillidae","Anguilla","japonica",325.000000015809,0.325000000015809,0.0563265565852139,"W",19,"C","J. G. Rubalcaba, W. C. E. P. Verberk, A. J. Hendriks. B. Saris, H. A. Woods, Oxygen limitation may affect the temperature and size dependence of metabolism in aquatic ectotherms. Proc. Natl. Acad. Sci. U.S.A. 117, 31963-3196 (2020).","Anguilla japonica",-5763.09594699511,6933.58829445778,-8.10191784173671,0.112340042955903,-6.04758502159359e-05,-1.12393009660376,-2.87658915726737,39.7226319556538,447,"Anguilla japonica",292.15,TRUE,-2.60891586668884,0.073614308241323,-0.267673290578529
"Teleostei","Anguilliformes","Anguillidae","Anguilla","japonica",325.000000015809,0.325000000015809,0.0714080126528725,"W",16,"C","J. G. Rubalcaba, W. C. E. P. Verberk, A. J. Hendriks. B. Saris, H. A. Woods, Oxygen limitation may affect the temperature and size dependence of metabolism in aquatic ectotherms. Proc. Natl. Acad. Sci. U.S.A. 117, 31963-3196 (2020).","Anguilla japonica",-5763.09594699511,6933.58829445778,-8.10191784173671,0.112340042955903,-6.04758502159359e-05,-1.12393009660376,-2.63934519390399,40.1347637068797,448,"Anguilla japonica",289.15,TRUE,-2.66937076292689,0.0692958150896205,0.0300255690228997
"Teleostei","Anguilliformes","Anguillidae","Anguilla","japonica",325.000000015809,0.325000000015809,0.0663971412229136,"W",18,"C","J. G. Rubalcaba, W. C. E. P. Verberk, A. J. Hendriks. B. Saris, H. A. Woods, Oxygen limitation may affect the temperature and size dependence of metabolism in aquatic ectotherms. Proc. Natl. Acad. Sci. U.S.A. 117, 31963-3196 (2020).","Anguilla japonica",-5763.09594699511,6933.58829445778,-8.10191784173671,0.112340042955903,-6.04758502159359e-05,-1.12393009660376,-2.71210127729838,39.8590655189568,449,"Anguilla japonica",291.15,TRUE,-2.6289290709332,0.0721556945068271,-0.0831722063651803
"Teleostei","Anguilliformes","Anguillidae","Anguilla","japonica",325.000000015809,0.325000000015809,0.0735752105443097,"W",18,"C","J. G. Rubalcaba, W. C. E. P. Verberk, A. J. Hendriks. B. Saris, H. A. Woods, Oxygen limitation may affect the temperature and size dependence of metabolism in aquatic ectotherms. Proc. Natl. Acad. Sci. U.S.A. 117, 31963-3196 (2020).","Anguilla japonica",-5763.09594699511,6933.58829445778,-8.10191784173671,0.112340042955903,-6.04758502159359e-05,-1.12393009660376,-2.60944712323829,39.8590655189568,450,"Anguilla japonica",291.15,TRUE,-2.6289290709332,0.0721556945068271,0.0194819476949037
"Teleostei","Anguilliformes","Anguillidae","Anguilla","japonica",325.000000015809,0.325000000015809,0.0792401596120093,"W",17,"C","J. G. Rubalcaba, W. C. E. P. Verberk, A. J. Hendriks. B. Saris, H. A. Woods, Oxygen limitation may affect the temperature and size dependence of metabolism in aquatic ectotherms. Proc. Natl. Acad. Sci. U.S.A. 117, 31963-3196 (2020).","Anguilla japonica",-5763.09594699511,6933.58829445778,-8.10191784173671,0.112340042955903,-6.04758502159359e-05,-1.12393009660376,-2.53527204286798,39.9964395169542,451,"Anguilla japonica",290.15,TRUE,-2.64908022592196,0.07071622610886,0.113808183053972
"Teleostei","Anguilliformes","Anguillidae","Anguilla","japonica",325.000000015809,0.325000000015809,0.071433765618021,"W",20,"C","J. G. Rubalcaba, W. C. E. P. Verberk, A. J. Hendriks. B. Saris, H. A. Woods, Oxygen limitation may affect the temperature and size dependence of metabolism in aquatic ectotherms. Proc. Natl. Acad. Sci. U.S.A. 117, 31963-3196 (2020).","Anguilla japonica",-5763.09594699511,6933.58829445778,-8.10191784173671,0.112340042955903,-6.04758502159359e-05,-1.12393009660376,-2.63898461360684,39.5871292029482,452,"Anguilla japonica",293.15,TRUE,-2.58903920144667,0.0750921538691741,-0.0499454121601723
"Teleostei","Anguilliformes","Anguillidae","Anguilla","japonica",325.000000015809,0.325000000015809,0.0730572602911579,"W",20,"C","J. G. Rubalcaba, W. C. E. P. Verberk, A. J. Hendriks. B. Saris, H. A. Woods, Oxygen limitation may affect the temperature and size dependence of metabolism in aquatic ectotherms. Proc. Natl. Acad. Sci. U.S.A. 117, 31963-3196 (2020).","Anguilla japonica",-5763.09594699511,6933.58829445778,-8.10191784173671,0.112340042955903,-6.04758502159359e-05,-1.12393009660376,-2.61651175775478,39.5871292029482,453,"Anguilla japonica",293.15,TRUE,-2.58903920144667,0.0750921538691741,-0.0274725563081128
"Teleostei","Anguilliformes","Anguillidae","Anguilla","japonica",325.000000015809,0.325000000015809,0.0887569982554886,"W",19,"C","J. G. Rubalcaba, W. C. E. P. Verberk, A. J. Hendriks. B. Saris, H. A. Woods, Oxygen limitation may affect the temperature and size dependence of metabolism in aquatic ectotherms. Proc. Natl. Acad. Sci. U.S.A. 117, 31963-3196 (2020).","Anguilla japonica",-5763.09594699511,6933.58829445778,-8.10191784173671,0.112340042955903,-6.04758502159359e-05,-1.12393009660376,-2.42185300015242,39.7226319556538,454,"Anguilla japonica",292.15,TRUE,-2.60891586668884,0.073614308241323,0.187062866536418
"Teleostei","Anguilliformes","Anguillidae","Anguilla","japonica",325.000000015809,0.325000000015809,0.0941626910419368,"W",20,"C","J. G. Rubalcaba, W. C. E. P. Verberk, A. J. Hendriks. B. Saris, H. A. Woods, Oxygen limitation may affect the temperature and size dependence of metabolism in aquatic ectotherms. Proc. Natl. Acad. Sci. U.S.A. 117, 31963-3196 (2020).","Anguilla japonica",-5763.09594699511,6933.58829445778,-8.10191784173671,0.112340042955903,-6.04758502159359e-05,-1.12393009660376,-2.36273123697868,39.5871292029482,455,"Anguilla japonica",293.15,TRUE,-2.58903920144667,0.0750921538691741,0.226307964467986
"Teleostei","Anguilliformes","Anguillidae","Anguilla","japonica",325.000000015809,0.325000000015809,0.0974096803882105,"W",20,"C","J. G. Rubalcaba, W. C. E. P. Verberk, A. J. Hendriks. B. Saris, H. A. Woods, Oxygen limitation may affect the temperature and size dependence of metabolism in aquatic ectotherms. Proc. Natl. Acad. Sci. U.S.A. 117, 31963-3196 (2020).","Anguilla japonica",-5763.09594699511,6933.58829445778,-8.10191784173671,0.112340042955903,-6.04758502159359e-05,-1.12393009660376,-2.328829685303,39.5871292029482,456,"Anguilla japonica",293.15,TRUE,-2.58903920144667,0.0750921538691741,0.260209516143667
"Teleostei","Anguilliformes","Anguillidae","Anguilla","japonica",325.000000015809,0.325000000015809,0.0935277777777777,"W",25,"C","J. G. Rubalcaba, W. C. E. P. Verberk, A. J. Hendriks. B. Saris, H. A. Woods, Oxygen limitation may affect the temperature and size dependence of metabolism in aquatic ectotherms. Proc. Natl. Acad. Sci. U.S.A. 117, 31963-3196 (2020).","Anguilla japonica",-5763.09594699511,6933.58829445778,-8.10191784173671,0.112340042955903,-6.04758502159359e-05,-1.12393009660376,-2.36949679827717,38.9232497932056,457,"Anguilla japonica",298.15,TRUE,-2.49165587509245,0.082772791630236,0.122159076815275
"Teleostei","Anguilliformes","Anguillidae","Anguilla","japonica",325.000000015809,0.325000000015809,0.110289808511424,"W",24,"C","J. G. Rubalcaba, W. C. E. P. Verberk, A. J. Hendriks. B. Saris, H. A. Woods, Oxygen limitation may affect the temperature and size dependence of metabolism in aquatic ectotherms. Proc. Natl. Acad. Sci. U.S.A. 117, 31963-3196 (2020).","Anguilla japonica",-5763.09594699511,6933.58829445778,-8.10191784173671,0.112340042955903,-6.04758502159359e-05,-1.12393009660376,-2.2046437548935,39.0542383504771,458,"Anguilla japonica",297.15,TRUE,-2.51087036078704,0.0811975373247756,0.306226605893543
"Teleostei","Anguilliformes","Anguillidae","Anguilla","japonica",325.000000015809,0.325000000015809,0.111722095706209,"W",29,"C","J. G. Rubalcaba, W. C. E. P. Verberk, A. J. Hendriks. B. Saris, H. A. Woods, Oxygen limitation may affect the temperature and size dependence of metabolism in aquatic ectotherms. Proc. Natl. Acad. Sci. U.S.A. 117, 31963-3196 (2020).","Anguilla japonica",-5763.09594699511,6933.58829445778,-8.10191784173671,0.112340042955903,-6.04758502159359e-05,-1.12393009660376,-2.19174077952212,38.4079659965059,459,"Anguilla japonica",302.15,TRUE,-2.41606978309645,0.0892717863725637,0.224329003574331
"Teleostei","Anguilliformes","Anguillidae","Anguilla","japonica",325.000000015809,0.325000000015809,0.138247835944113,"W",26,"C","J. G. Rubalcaba, W. C. E. P. Verberk, A. J. Hendriks. B. Saris, H. A. Woods, Oxygen limitation may affect the temperature and size dependence of metabolism in aquatic ectotherms. Proc. Natl. Acad. Sci. U.S.A. 117, 31963-3196 (2020).","Anguilla japonica",-5763.09594699511,6933.58829445778,-8.10191784173671,0.112340042955903,-6.04758502159359e-05,-1.12393009660376,-1.97870729190934,38.7931369742412,460,"Anguilla japonica",299.15,TRUE,-2.47256984994069,0.0843677676722208,0.493862558031352
"Teleostei","Anguilliformes","Anguillidae","Anguilla","japonica",325.000000015809,0.325000000015809,0.130473938301969,"W",27.5,"C","J. G. Rubalcaba, W. C. E. P. Verberk, A. J. Hendriks. B. Saris, H. A. Woods, Oxygen limitation may affect the temperature and size dependence of metabolism in aquatic ectotherms. Proc. Natl. Acad. Sci. U.S.A. 117, 31963-3196 (2020).","Anguilla japonica",-5763.09594699511,6933.58829445778,-8.10191784173671,0.112340042955903,-6.04758502159359e-05,-1.12393009660376,-2.03658177866171,38.5995906397614,461,"Anguilla japonica",300.65,TRUE,-2.44417887173183,0.0867973774283111,0.407597093070124
"Teleostei","Anguilliformes","Anguillidae","Anguilla","japonica",325.000000015809,0.325000000015809,0.123975956857723,"W",30,"C","J. G. Rubalcaba, W. C. E. P. Verberk, A. J. Hendriks. B. Saris, H. A. Woods, Oxygen limitation may affect the temperature and size dependence of metabolism in aquatic ectotherms. Proc. Natl. Acad. Sci. U.S.A. 117, 31963-3196 (2020).","Anguilla japonica",-5763.09594699511,6933.58829445778,-8.10191784173671,0.112340042955903,-6.04758502159359e-05,-1.12393009660376,-2.08766762848611,38.2812697537333,462,"Anguilla japonica",303.15,TRUE,-2.39748492961747,0.0909464024893798,0.309817301131364
"Teleostei","Anguilliformes","Anguillidae","Anguilla","japonica",325.000000015809,0.325000000015809,0.141721547331025,"W",29,"C","J. G. Rubalcaba, W. C. E. P. Verberk, A. J. Hendriks. B. Saris, H. A. Woods, Oxygen limitation may affect the temperature and size dependence of metabolism in aquatic ectotherms. Proc. Natl. Acad. Sci. U.S.A. 117, 31963-3196 (2020).","Anguilla japonica",-5763.09594699511,6933.58829445778,-8.10191784173671,0.112340042955903,-6.04758502159359e-05,-1.12393009660376,-1.95389108081821,38.4079659965059,463,"Anguilla japonica",302.15,TRUE,-2.41606978309645,0.0892717863725637,0.462178702278237
"Teleostei","Osteoglossiformes","Osteoglossidae","Arapaima","gigas",2299.99999990683,2.29999999990683,0.192419107683111,"W",28,"C","J. G. Rubalcaba, W. C. E. P. Verberk, A. J. Hendriks. B. Saris, H. A. Woods, Oxygen limitation may affect the temperature and size dependence of metabolism in aquatic ectotherms. Proc. Natl. Acad. Sci. U.S.A. 117, 31963-3196 (2020).","Arapaima gigas",-5763.09594699511,6933.58829445778,-8.10191784173671,0.112340042955903,-6.04758502159359e-05,0.832909122894596,-1.64807943339938,38.5355036554682,469,"Arapaima gigas",301.15,TRUE,-0.892666269886467,0.409562292063515,-0.755413163512918
"Teleostei","Osteoglossiformes","Osteoglossidae","Arapaima","gigas",2299.99999990683,2.29999999990683,0.223206164912409,"W",28,"C","J. G. Rubalcaba, W. C. E. P. Verberk, A. J. Hendriks. B. Saris, H. A. Woods, Oxygen limitation may affect the temperature and size dependence of metabolism in aquatic ectotherms. Proc. Natl. Acad. Sci. U.S.A. 117, 31963-3196 (2020).","Arapaima gigas",-5763.09594699511,6933.58829445778,-8.10191784173671,0.112340042955903,-6.04758502159359e-05,0.832909122894596,-1.49965942828111,38.5355036554682,470,"Arapaima gigas",301.15,TRUE,-0.892666269886467,0.409562292063515,-0.606993158394645
"Teleostei","Osteoglossiformes","Osteoglossidae","Arapaima","gigas",2299.99999990683,2.29999999990683,0.230902929219734,"W",28,"C","J. G. Rubalcaba, W. C. E. P. Verberk, A. J. Hendriks. B. Saris, H. A. Woods, Oxygen limitation may affect the temperature and size dependence of metabolism in aquatic ectotherms. Proc. Natl. Acad. Sci. U.S.A. 117, 31963-3196 (2020).","Arapaima gigas",-5763.09594699511,6933.58829445778,-8.10191784173671,0.112340042955903,-6.04758502159359e-05,0.832909122894596,-1.46575787660543,38.5355036554682,471,"Arapaima gigas",301.15,TRUE,-0.892666269886467,0.409562292063515,-0.573091606718963
"Chondrichthyes","Orectolobiformes","Hemiscylliidae","Chiloscyllium","plagiosum",879.999999695718,0.879999999695718,0.177734847116117,"W",23,"C","J. G. Rubalcaba, W. C. E. P. Verberk, A. J. Hendriks. B. Saris, H. A. Woods, Oxygen limitation may affect the temperature and size dependence of metabolism in aquatic ectotherms. Proc. Natl. Acad. Sci. U.S.A. 117, 31963-3196 (2020).","Chiloscyllium plagiosum",-5126.81836119685,-1622.5901421774,27.3461553712115,-1.52597053818329,0.0022057096896871,-0.12783337185566,-1.72746246222452,39.1861115172861,607,"Chiloscyllium plagiosum",296.15,TRUE,-1.74522803892868,0.174605167651205,0.017765576704168
"Chondrichthyes","Orectolobiformes","Hemiscylliidae","Chiloscyllium","plagiosum",879.999999695718,0.879999999695718,0.21555077207625,"W",23,"C","J. G. Rubalcaba, W. C. E. P. Verberk, A. J. Hendriks. B. Saris, H. A. Woods, Oxygen limitation may affect the temperature and size dependence of metabolism in aquatic ectotherms. Proc. Natl. Acad. Sci. U.S.A. 117, 31963-3196 (2020).","Chiloscyllium plagiosum",-5126.81836119685,-1622.5901421774,27.3461553712115,-1.52597053818329,0.0022057096896871,-0.12783337185566,-1.53455879590606,39.1861115172861,608,"Chiloscyllium plagiosum",296.15,TRUE,-1.74522803892868,0.174605167651205,0.210669243022626
"Chondrichthyes","Orectolobiformes","Hemiscylliidae","Chiloscyllium","plagiosum",879.999999695718,0.879999999695718,0.242021919536061,"W",23,"C","J. G. Rubalcaba, W. C. E. P. Verberk, A. J. Hendriks. B. Saris, H. A. Woods, Oxygen limitation may affect the temperature and size dependence of metabolism in aquatic ectotherms. Proc. Natl. Acad. Sci. U.S.A. 117, 31963-3196 (2020).","Chiloscyllium plagiosum",-5126.81836119685,-1622.5901421774,27.3461553712115,-1.52597053818329,0.0022057096896871,-0.12783337185566,-1.41872698033197,39.1861115172861,609,"Chiloscyllium plagiosum",296.15,TRUE,-1.74522803892868,0.174605167651205,0.326501058596714
"Teleostei","Anguilliformes","Congridae","Conger","conger",80.0000000014841,0.080000000001484,0.0602945214394744,"W",18.5,"C","J. G. Rubalcaba, W. C. E. P. Verberk, A. J. Hendriks. B. Saris, H. A. Woods, Oxygen limitation may affect the temperature and size dependence of metabolism in aquatic ectotherms. Proc. Natl. Acad. Sci. U.S.A. 117, 31963-3196 (2020).","Conger conger",-5763.09594699511,6933.58829445778,-8.10191784173671,0.112340042955903,-6.04758502159359e-05,-2.52572864428971,-2.80851403444333,39.7907317875682,780,"Conger conger",291.65,TRUE,-3.72361031428499,0.0241466333527421,0.915096279841658
"Teleostei","Anguilliformes","Congridae","Conger","conger",107.999999878906,0.107999999878906,0.0697693748101832,"W",18.5,"C","J. G. Rubalcaba, W. C. E. P. Verberk, A. J. Hendriks. B. Saris, H. A. Woods, Oxygen limitation may affect the temperature and size dependence of metabolism in aquatic ectotherms. Proc. Natl. Acad. Sci. U.S.A. 117, 31963-3196 (2020).","Conger conger",-5763.09594699511,6933.58829445778,-8.10191784173671,0.112340042955903,-6.04758502159359e-05,-2.22562405297916,-2.66256012179662,39.7907317875682,781,"Conger conger",291.65,TRUE,-3.48710911139827,0.0305891743693322,0.82454898960165
"Teleostei","Anguilliformes","Congridae","Conger","conger",148.299999990308,0.148299999990308,0.0977227595286157,"W",16,"C","J. G. Rubalcaba, W. C. E. P. Verberk, A. J. Hendriks. B. Saris, H. A. Woods, Oxygen limitation may affect the temperature and size dependence of metabolism in aquatic ectotherms. Proc. Natl. Acad. Sci. U.S.A. 117, 31963-3196 (2020).","Conger conger",-5763.09594699511,6933.58829445778,-8.10191784173671,0.112340042955903,-6.04758502159359e-05,-1.9085180299036,-2.3256207938528,40.1347637068797,782,"Conger conger",289.15,TRUE,-3.28767516535373,0.0373405591899108,0.962054371500932
"Teleostei","Anguilliformes","Congridae","Conger","conger",160.000000126762,0.160000000126762,0.0895804318727153,"W",18.5,"C","J. G. Rubalcaba, W. C. E. P. Verberk, A. J. Hendriks. B. Saris, H. A. Woods, Oxygen limitation may affect the temperature and size dependence of metabolism in aquatic ectotherms. Proc. Natl. Acad. Sci. U.S.A. 117, 31963-3196 (2020).","Conger conger",-5763.09594699511,6933.58829445778,-8.10191784173671,0.112340042955903,-6.04758502159359e-05,-1.83258146295605,-2.41261837713049,39.7907317875682,783,"Conger conger",291.65,TRUE,-3.17736694810698,0.0416952965916081,0.764748570976493
"Teleostei","Anguilliformes","Congridae","Conger","conger",544.999999652839,0.544999999652839,0.332331075209582,"W",13,"C","J. G. Rubalcaba, W. C. E. P. Verberk, A. J. Hendriks. B. Saris, H. A. Woods, Oxygen limitation may affect the temperature and size dependence of metabolism in aquatic ectotherms. Proc. Natl. Acad. Sci. U.S.A. 117, 31963-3196 (2020).","Conger conger",-5763.09594699511,6933.58829445778,-8.10191784173671,0.112340042955903,-6.04758502159359e-05,-0.606969484955886,-1.10162359246701,40.5555370464591,784,"Conger conger",286.15,TRUE,-2.32369595793235,0.0979110409536954,1.22207236546533
"Teleostei","Clupeiformes","Engraulidae","Engraulis","japonicus",243.620000079322,0.243620000079321,4.28239836818674,"W",16.2,"C","J. G. Rubalcaba, W. C. E. P. Verberk, A. J. Hendriks. B. Saris, H. A. Woods, Oxygen limitation may affect the temperature and size dependence of metabolism in aquatic ectotherms. Proc. Natl. Acad. Sci. U.S.A. 117, 31963-3196 (2020).","Engraulis japonicus",-5763.09594699511,6933.58829445778,-8.10191784173671,0.112340042955903,-6.04758502159359e-05,-1.41214564438473,1.45451321904586,40.107022380661,830,"Engraulis japonicus",289.35,TRUE,-2.89243332799396,0.0554411418599048,4.34694654703982
"Teleostei","Clupeiformes","Engraulidae","Engraulis","japonicus",262.359999861057,0.262359999861057,0.554685487752051,"W",16.2,"C","J. G. Rubalcaba, W. C. E. P. Verberk, A. J. Hendriks. B. Saris, H. A. Woods, Oxygen limitation may affect the temperature and size dependence of metabolism in aquatic ectotherms. Proc. Natl. Acad. Sci. U.S.A. 117, 31963-3196 (2020).","Engraulis japonicus",-5763.09594699511,6933.58829445778,-8.10191784173671,0.112340042955903,-6.04758502159359e-05,-1.33803767308619,-0.589354014599495,40.107022380661,831,"Engraulis japonicus",289.35,TRUE,-2.83403160785013,0.0587754159348597,2.24467759325063
"Teleostei","Clupeiformes","Engraulidae","Engraulis","japonicus",262.359999861057,0.262359999861057,3.97788735506624,"W",16.2,"C","J. G. Rubalcaba, W. C. E. P. Verberk, A. J. Hendriks. B. Saris, H. A. Woods, Oxygen limitation may affect the temperature and size dependence of metabolism in aquatic ectotherms. Proc. Natl. Acad. Sci. U.S.A. 117, 31963-3196 (2020).","Engraulis japonicus",-5763.09594699511,6933.58829445778,-8.10191784173671,0.112340042955903,-6.04758502159359e-05,-1.33803767308619,1.38075086305404,40.107022380661,832,"Engraulis japonicus",289.35,TRUE,-2.83403160785013,0.0587754159348597,4.21478247090416
"Teleostei","Clupeiformes","Engraulidae","Engraulis","japonicus",300.64999987434,0.30064999987434,4.93982142260759,"W",16.2,"C","J. G. Rubalcaba, W. C. E. P. Verberk, A. J. Hendriks. B. Saris, H. A. Woods, Oxygen limitation may affect the temperature and size dependence of metabolism in aquatic ectotherms. Proc. Natl. Acad. Sci. U.S.A. 117, 31963-3196 (2020).","Engraulis japonicus",-5763.09594699511,6933.58829445778,-8.10191784173671,0.112340042955903,-6.04758502159359e-05,-1.20180848191452,1.59732918127671,40.107022380661,833,"Engraulis japonicus",289.35,TRUE,-2.72667447799187,0.0654365388845838,4.32400365926858
"Teleostei","Clupeiformes","Engraulidae","Engraulis","japonicus",300.64999987434,0.30064999987434,21.4119465356799,"W",16.2,"C","J. G. Rubalcaba, W. C. E. P. Verberk, A. J. Hendriks. B. Saris, H. A. Woods, Oxygen limitation may affect the temperature and size dependence of metabolism in aquatic ectotherms. Proc. Natl. Acad. Sci. U.S.A. 117, 31963-3196 (2020).","Engraulis japonicus",-5763.09594699511,6933.58829445778,-8.10191784173671,0.112340042955903,-6.04758502159359e-05,-1.20180848191452,3.06394901559545,40.107022380661,834,"Engraulis japonicus",289.35,TRUE,-2.72667447799187,0.0654365388845838,5.79062349358732
"Teleostei","Clupeiformes","Engraulidae","Engraulis","japonicus",394.600000076166,0.394600000076166,0.500561579849093,"W",16.2,"C","J. G. Rubalcaba, W. C. E. P. Verberk, A. J. Hendriks. B. Saris, H. A. Woods, Oxygen limitation may affect the temperature and size dependence of metabolism in aquatic ectotherms. Proc. Natl. Acad. Sci. U.S.A. 117, 31963-3196 (2020).","Engraulis japonicus",-5763.09594699511,6933.58829445778,-8.10191784173671,0.112340042955903,-6.04758502159359e-05,-0.929882685200601,-0.692024651133726,40.107022380661,835,"Engraulis japonicus",289.35,TRUE,-2.51237992908834,0.0810750565660806,1.82035527795462
"Teleostei","Clupeiformes","Engraulidae","Engraulis","japonicus",394.600000076166,0.394600000076166,9.4629974886288,"W",16.2,"C","J. G. Rubalcaba, W. C. E. P. Verberk, A. J. Hendriks. B. Saris, H. A. Woods, Oxygen limitation may affect the temperature and size dependence of metabolism in aquatic ectotherms. Proc. Natl. Acad. Sci. U.S.A. 117, 31963-3196 (2020).","Engraulis japonicus",-5763.09594699511,6933.58829445778,-8.10191784173671,0.112340042955903,-6.04758502159359e-05,-0.929882685200601,2.24738919213758,40.107022380661,836,"Engraulis japonicus",289.35,TRUE,-2.51237992908834,0.0810750565660806,4.75976912122592
"Teleostei","Clupeiformes","Engraulidae","Engraulis","japonicus",628.789999627078,0.628789999627078,0.793840129812178,"W",16.2,"C","J. G. Rubalcaba, W. C. E. P. Verberk, A. J. Hendriks. B. Saris, H. A. Woods, Oxygen limitation may affect the temperature and size dependence of metabolism in aquatic ectotherms. Proc. Natl. Acad. Sci. U.S.A. 117, 31963-3196 (2020).","Engraulis japonicus",-5763.09594699511,6933.58829445778,-8.10191784173671,0.112340042955903,-6.04758502159359e-05,-0.463957941894567,-0.230873185851804,40.107022380661,837,"Engraulis japonicus",289.35,TRUE,-2.14520206697914,0.117044383849372,1.91432888112734
"Teleostei","Clupeiformes","Engraulidae","Engraulis","japonicus",628.789999627078,0.628789999627078,1.03313165235022,"W",16.2,"C","J. G. Rubalcaba, W. C. E. P. Verberk, A. J. Hendriks. B. Saris, H. A. Woods, Oxygen limitation may affect the temperature and size dependence of metabolism in aquatic ectotherms. Proc. Natl. Acad. Sci. U.S.A. 117, 31963-3196 (2020).","Engraulis japonicus",-5763.09594699511,6933.58829445778,-8.10191784173671,0.112340042955903,-6.04758502159359e-05,-0.463957941894567,0.0325946286288968,40.107022380661,838,"Engraulis japonicus",289.35,TRUE,-2.14520206697914,0.117044383849372,2.17779669560804
"Teleostei","Clupeiformes","Engraulidae","Engraulis","japonicus",628.789999627078,0.628789999627078,1.22304555914015,"W",16.2,"C","J. G. Rubalcaba, W. C. E. P. Verberk, A. J. Hendriks. B. Saris, H. A. Woods, Oxygen limitation may affect the temperature and size dependence of metabolism in aquatic ectotherms. Proc. Natl. Acad. Sci. U.S.A. 117, 31963-3196 (2020).","Engraulis japonicus",-5763.09594699511,6933.58829445778,-8.10191784173671,0.112340042955903,-6.04758502159359e-05,-0.463957941894567,0.201344107965531,40.107022380661,839,"Engraulis japonicus",289.35,TRUE,-2.14520206697914,0.117044383849372,2.34654617494467
"Teleostei","Clupeiformes","Engraulidae","Engraulis","japonicus",634.3499997041,0.6343499997041,1.53274558060504,"W",16.2,"C","J. G. Rubalcaba, W. C. E. P. Verberk, A. J. Hendriks. B. Saris, H. A. Woods, Oxygen limitation may affect the temperature and size dependence of metabolism in aquatic ectotherms. Proc. Natl. Acad. Sci. U.S.A. 117, 31963-3196 (2020).","Engraulis japonicus",-5763.09594699511,6933.58829445778,-8.10191784173671,0.112340042955903,-6.04758502159359e-05,-0.455154426861991,0.427060624345486,40.107022380661,840,"Engraulis japonicus",289.35,TRUE,-2.13826434608076,0.117859228431047,2.56532497042625
"Teleostei","Clupeiformes","Engraulidae","Engraulis","japonicus",634.3499997041,0.6343499997041,1.83929469655341,"W",16.2,"C","J. G. Rubalcaba, W. C. E. P. Verberk, A. J. Hendriks. B. Saris, H. A. Woods, Oxygen limitation may affect the temperature and size dependence of metabolism in aquatic ectotherms. Proc. Natl. Acad. Sci. U.S.A. 117, 31963-3196 (2020).","Engraulis japonicus",-5763.09594699511,6933.58829445778,-8.10191784173671,0.112340042955903,-6.04758502159359e-05,-0.455154426861991,0.609382181045579,40.107022380661,841,"Engraulis japonicus",289.35,TRUE,-2.13826434608076,0.117859228431047,2.74764652712634
"Teleostei","Clupeiformes","Engraulidae","Engraulis","japonicus",634.3499997041,0.6343499997041,2.80109254793852,"W",16.2,"C","J. G. Rubalcaba, W. C. E. P. Verberk, A. J. Hendriks. B. Saris, H. A. Woods, Oxygen limitation may affect the temperature and size dependence of metabolism in aquatic ectotherms. Proc. Natl. Acad. Sci. U.S.A. 117, 31963-3196 (2020).","Engraulis japonicus",-5763.09594699511,6933.58829445778,-8.10191784173671,0.112340042955903,-6.04758502159359e-05,-0.455154426861991,1.03000953676694,40.107022380661,842,"Engraulis japonicus",289.35,TRUE,-2.13826434608076,0.117859228431047,3.1682738828477
"Teleostei","Clupeiformes","Engraulidae","Engraulis","japonicus",634.3499997041,0.6343499997041,2.87389796298705,"W",16.2,"C","J. G. Rubalcaba, W. C. E. P. Verberk, A. J. Hendriks. B. Saris, H. A. Woods, Oxygen limitation may affect the temperature and size dependence of metabolism in aquatic ectotherms. Proc. Natl. Acad. Sci. U.S.A. 117, 31963-3196 (2020).","Engraulis japonicus",-5763.09594699511,6933.58829445778,-8.10191784173671,0.112340042955903,-6.04758502159359e-05,-0.455154426861991,1.05566928354259,40.107022380661,843,"Engraulis japonicus",289.35,TRUE,-2.13826434608076,0.117859228431047,3.19393362962335
"Teleostei","Clupeiformes","Engraulidae","Engraulis","japonicus",634.3499997041,0.6343499997041,10.1927581067938,"W",16.2,"C","J. G. Rubalcaba, W. C. E. P. Verberk, A. J. Hendriks. B. Saris, H. A. Woods, Oxygen limitation may affect the temperature and size dependence of metabolism in aquatic ectotherms. Proc. Natl. Acad. Sci. U.S.A. 117, 31963-3196 (2020).","Engraulis japonicus",-5763.09594699511,6933.58829445778,-8.10191784173671,0.112340042955903,-6.04758502159359e-05,-0.455154426861991,2.32167747859828,40.107022380661,844,"Engraulis japonicus",289.35,TRUE,-2.13826434608076,0.117859228431047,4.45994182467904
"Teleostei","Clupeiformes","Clupeidae","Gilchristella","aestuaria",0.0499999999613143,4.99999999613144e-05,8.85234441666667e-05,"W",15,"C","J. G. Rubalcaba, W. C. E. P. Verberk, A. J. Hendriks. B. Saris, H. A. Woods, Oxygen limitation may affect the temperature and size dependence of metabolism in aquatic ectotherms. Proc. Natl. Acad. Sci. U.S.A. 117, 31963-3196 (2020).","Gilchristella aestuaria",-5763.09594699511,6933.58829445778,-8.10191784173671,0.112340042955903,-6.04758502159359e-05,-9.90348755330984,-9.33224313519371,40.2740479814134,1111,"Gilchristella aestuaria",288.15,TRUE,-9.60864296206914,6.71458820132469e-05,0.276399826875432
"Teleostei","Clupeiformes","Clupeidae","Gilchristella","aestuaria",0.0499999999613143,4.99999999613144e-05,0.0001273326358333,"W",15,"C","J. G. Rubalcaba, W. C. E. P. Verberk, A. J. Hendriks. B. Saris, H. A. Woods, Oxygen limitation may affect the temperature and size dependence of metabolism in aquatic ectotherms. Proc. Natl. Acad. Sci. U.S.A. 117, 31963-3196 (2020).","Gilchristella aestuaria",-5763.09594699511,6933.58829445778,-8.10191784173671,0.112340042955903,-6.04758502159359e-05,-9.90348755330984,-8.96870771578976,40.2740479814134,1112,"Gilchristella aestuaria",288.15,TRUE,-9.60864296206914,6.71458820132469e-05,0.639935246279373
"Teleostei","Clupeiformes","Clupeidae","Gilchristella","aestuaria",0.0499999999613143,4.99999999613144e-05,0.0001420756012388,"W",20,"C","J. G. Rubalcaba, W. C. E. P. Verberk, A. J. Hendriks. B. Saris, H. A. Woods, Oxygen limitation may affect the temperature and size dependence of metabolism in aquatic ectotherms. Proc. Natl. Acad. Sci. U.S.A. 117, 31963-3196 (2020).","Gilchristella aestuaria",-5763.09594699511,6933.58829445778,-8.10191784173671,0.112340042955903,-6.04758502159359e-05,-9.90348755330984,-8.85915123894911,39.5871292029482,1113,"Gilchristella aestuaria",293.15,TRUE,-9.5078800304276,7.42643130560252e-05,0.648728791478483
"Teleostei","Clupeiformes","Clupeidae","Gilchristella","aestuaria",0.0499999999613143,4.99999999613144e-05,0.0001485676317377,"W",20,"C","J. G. Rubalcaba, W. C. E. P. Verberk, A. J. Hendriks. B. Saris, H. A. Woods, Oxygen limitation may affect the temperature and size dependence of metabolism in aquatic ectotherms. Proc. Natl. Acad. Sci. U.S.A. 117, 31963-3196 (2020).","Gilchristella aestuaria",-5763.09594699511,6933.58829445778,-8.10191784173671,0.112340042955903,-6.04758502159359e-05,-9.90348755330984,-8.81447027082235,39.5871292029482,1114,"Gilchristella aestuaria",293.15,TRUE,-9.5078800304276,7.42643130560252e-05,0.693409759605242
"Teleostei","Clupeiformes","Clupeidae","Gilchristella","aestuaria",0.0499999999613143,4.99999999613144e-05,0.00019827385,"W",25,"C","J. G. Rubalcaba, W. C. E. P. Verberk, A. J. Hendriks. B. Saris, H. A. Woods, Oxygen limitation may affect the temperature and size dependence of metabolism in aquatic ectotherms. Proc. Natl. Acad. Sci. U.S.A. 117, 31963-3196 (2020).","Gilchristella aestuaria",-5763.09594699511,6933.58829445778,-8.10191784173671,0.112340042955903,-6.04758502159359e-05,-9.90348755330984,-8.52586140203693,38.9232497932056,1115,"Gilchristella aestuaria",298.15,TRUE,-9.41049670407338,8.18602769186568e-05,0.884635302036452
"Teleostei","Clupeiformes","Clupeidae","Gilchristella","aestuaria",0.0899999999089575,8.99999999089575e-05,0.0002323647767154,"W",20,"C","J. G. Rubalcaba, W. C. E. P. Verberk, A. J. Hendriks. B. Saris, H. A. Woods, Oxygen limitation may affect the temperature and size dependence of metabolism in aquatic ectotherms. Proc. Natl. Acad. Sci. U.S.A. 117, 31963-3196 (2020).","Gilchristella aestuaria",-5763.09594699511,6933.58829445778,-8.10191784173671,0.112340042955903,-6.04758502159359e-05,-9.31570088864559,-8.36720210766013,39.5871292029482,1116,"Gilchristella aestuaria",293.15,TRUE,-9.04466734638699,0.000118018714763091,0.677465238726869
"Teleostei","Clupeiformes","Clupeidae","Gilchristella","aestuaria",0.119999999986841,0.0001199999999868,0.0002894331733333,"W",15,"C","J. G. Rubalcaba, W. C. E. P. Verberk, A. J. Hendriks. B. Saris, H. A. Woods, Oxygen limitation may affect the temperature and size dependence of metabolism in aquatic ectotherms. Proc. Natl. Acad. Sci. U.S.A. 117, 31963-3196 (2020).","Gilchristella aestuaria",-5763.09594699511,6933.58829445778,-8.10191784173671,0.112340042955903,-6.04758502159359e-05,-9.02801881529223,-8.14758612237038,40.2740479814134,1117,"Gilchristella aestuaria",288.15,TRUE,-8.91871879687491,0.000133859636358676,0.77113267450453
"Teleostei","Clupeiformes","Clupeidae","Gilchristella","aestuaria",0.119999999986841,0.0001199999999868,0.0003385843884127,"W",20,"C","J. G. Rubalcaba, W. C. E. P. Verberk, A. J. Hendriks. B. Saris, H. A. Woods, Oxygen limitation may affect the temperature and size dependence of metabolism in aquatic ectotherms. Proc. Natl. Acad. Sci. U.S.A. 117, 31963-3196 (2020).","Gilchristella aestuaria",-5763.09594699511,6933.58829445778,-8.10191784173671,0.112340042955903,-6.04758502159359e-05,-9.02801881529223,-7.9907371956108,39.5871292029482,1118,"Gilchristella aestuaria",293.15,TRUE,-8.81795586523337,0.00014805068668463,0.827218669622572
"Teleostei","Clupeiformes","Clupeidae","Gilchristella","aestuaria",0.119999999986841,0.0001199999999868,0.0004334033111111,"W",25,"C","J. G. Rubalcaba, W. C. E. P. Verberk, A. J. Hendriks. B. Saris, H. A. Woods, Oxygen limitation may affect the temperature and size dependence of metabolism in aquatic ectotherms. Proc. Natl. Acad. Sci. U.S.A. 117, 31963-3196 (2020).","Gilchristella aestuaria",-5763.09594699511,6933.58829445778,-8.10191784173671,0.112340042955903,-6.04758502159359e-05,-9.02801881529223,-7.74384182904094,38.9232497932056,1119,"Gilchristella aestuaria",298.15,TRUE,-8.72057253887916,0.000163193729414264,0.976730709838212
"Teleostei","Clupeiformes","Clupeidae","Gilchristella","aestuaria",0.149999999980768,0.0001499999999807,0.000275192445,"W",15,"C","J. G. Rubalcaba, W. C. E. P. Verberk, A. J. Hendriks. B. Saris, H. A. Woods, Oxygen limitation may affect the temperature and size dependence of metabolism in aquatic ectotherms. Proc. Natl. Acad. Sci. U.S.A. 117, 31963-3196 (2020).","Gilchristella aestuaria",-5763.09594699511,6933.58829445778,-8.10191784173671,0.112340042955903,-6.04758502159359e-05,-8.80487526399668,-8.19803990504355,40.2740479814134,1120,"Gilchristella aestuaria",288.15,TRUE,-8.74286771086737,0.00015959555713,0.54482780582382
"Teleostei","Clupeiformes","Clupeidae","Gilchristella","aestuaria",0.149999999980768,0.0001499999999807,0.0003685476132363,"W",20,"C","J. G. Rubalcaba, W. C. E. P. Verberk, A. J. Hendriks. B. Saris, H. A. Woods, Oxygen limitation may affect the temperature and size dependence of metabolism in aquatic ectotherms. Proc. Natl. Acad. Sci. U.S.A. 117, 31963-3196 (2020).","Gilchristella aestuaria",-5763.09594699511,6933.58829445778,-8.10191784173671,0.112340042955903,-6.04758502159359e-05,-8.80487526399668,-7.90594064644193,39.5871292029482,1121,"Gilchristella aestuaria",293.15,TRUE,-8.64210477922583,0.000176514985903599,0.7361641327839
"Teleostei","Clupeiformes","Clupeidae","Gilchristella","aestuaria",0.759999999508625,0.0007599999995086,0.0010969209258333,"W",15,"C","J. G. Rubalcaba, W. C. E. P. Verberk, A. J. Hendriks. B. Saris, H. A. Woods, Oxygen limitation may affect the temperature and size dependence of metabolism in aquatic ectotherms. Proc. Natl. Acad. Sci. U.S.A. 117, 31963-3196 (2020).","Gilchristella aestuaria",-5763.09594699511,6933.58829445778,-8.10191784173671,0.112340042955903,-6.04758502159359e-05,-7.18219212533048,-6.81524818248098,40.2740479814134,1122,"Gilchristella aestuaria",288.15,TRUE,-7.46409182635771,0.000573305498943527,0.648843643876726
"Teleostei","Clupeiformes","Clupeidae","Gilchristella","aestuaria",0.789999999471675,0.0007899999994716,0.0009932586858333,"W",15,"C","J. G. Rubalcaba, W. C. E. P. Verberk, A. J. Hendriks. B. Saris, H. A. Woods, Oxygen limitation may affect the temperature and size dependence of metabolism in aquatic ectotherms. Proc. Natl. Acad. Sci. U.S.A. 117, 31963-3196 (2020).","Gilchristella aestuaria",-5763.09594699511,6933.58829445778,-8.10191784173671,0.112340042955903,-6.04758502159359e-05,-7.14347761317207,-6.91451941844669,40.2740479814134,1123,"Gilchristella aestuaria",288.15,TRUE,-7.43358236745656,0.000591066298021415,0.519062949009867
"Teleostei","Clupeiformes","Clupeidae","Gilchristella","aestuaria",0.829999999281268,0.0008299999992812,0.0015617759111111,"W",25,"C","J. G. Rubalcaba, W. C. E. P. Verberk, A. J. Hendriks. B. Saris, H. A. Woods, Oxygen limitation may affect the temperature and size dependence of metabolism in aquatic ectotherms. Proc. Natl. Acad. Sci. U.S.A. 117, 31963-3196 (2020).","Gilchristella aestuaria",-5763.09594699511,6933.58829445778,-8.10191784173671,0.112340042955903,-6.04758502159359e-05,-7.09408485803965,-6.46193170065341,38.9232497932056,1124,"Gilchristella aestuaria",298.15,TRUE,-7.19651152669553,0.000749194801093585,0.734579826042127
"Teleostei","Clupeiformes","Clupeidae","Gilchristella","aestuaria",0.870000000764002,0.000870000000764,0.0014641527671704,"W",20,"C","J. G. Rubalcaba, W. C. E. P. Verberk, A. J. Hendriks. B. Saris, H. A. Woods, Oxygen limitation may affect the temperature and size dependence of metabolism in aquatic ectotherms. Proc. Natl. Acad. Sci. U.S.A. 117, 31963-3196 (2020).","Gilchristella aestuaria",-5763.09594699511,6933.58829445778,-8.10191784173671,0.112340042955903,-6.04758502159359e-05,-7.04701734543748,-6.5264785197269,39.5871292029482,1125,"Gilchristella aestuaria",293.15,TRUE,-7.25680270694599,0.000705359675703416,0.730324187219088
"Teleostei","Clupeiformes","Clupeidae","Gilchristella","aestuaria",1.31999999937434,0.0013199999993743,0.0018523262829966,"W",20,"C","J. G. Rubalcaba, W. C. E. P. Verberk, A. J. Hendriks. B. Saris, H. A. Woods, Oxygen limitation may affect the temperature and size dependence of metabolism in aquatic ectotherms. Proc. Natl. Acad. Sci. U.S.A. 117, 31963-3196 (2020).","Gilchristella aestuaria",-5763.09594699511,6933.58829445778,-8.10191784173671,0.112340042955903,-6.04758502159359e-05,-6.63012354285787,-6.29131297955193,39.5871292029482,1126,"Gilchristella aestuaria",293.15,TRUE,-6.9282642952025,0.000979699863244839,0.636951315650569
"Teleostei","Clupeiformes","Clupeidae","Gilchristella","aestuaria",1.37999999872504,0.001379999998725,0.0018058782408333,"W",15,"C","J. G. Rubalcaba, W. C. E. P. Verberk, A. J. Hendriks. B. Saris, H. A. Woods, Oxygen limitation may affect the temperature and size dependence of metabolism in aquatic ectotherms. Proc. Natl. Acad. Sci. U.S.A. 117, 31963-3196 (2020).","Gilchristella aestuaria",-5763.09594699511,6933.58829445778,-8.10191784173671,0.112340042955903,-6.04758502159359e-05,-6.58567178073694,-6.31670824551079,40.2740479814134,1127,"Gilchristella aestuaria",288.15,TRUE,-6.99399645585141,0.000917372955400576,0.677288210340626
"Teleostei","Clupeiformes","Clupeidae","Gilchristella","aestuaria",1.37999999872504,0.001379999998725,0.0023606251444444,"W",25,"C","J. G. Rubalcaba, W. C. E. P. Verberk, A. J. Hendriks. B. Saris, H. A. Woods, Oxygen limitation may affect the temperature and size dependence of metabolism in aquatic ectotherms. Proc. Natl. Acad. Sci. U.S.A. 117, 31963-3196 (2020).","Gilchristella aestuaria",-5763.09594699511,6933.58829445778,-8.10191784173671,0.112340042955903,-6.04758502159359e-05,-6.58567178073694,-6.04882880330851,38.9232497932056,1128,"Gilchristella aestuaria",298.15,TRUE,-6.79585019785566,0.00111840669770281,0.747021394547153
"Teleostei","Clupeiformes","Clupeidae","Gilchristella","aestuaria",1.43999999968418,0.0014399999996841,0.0015056683033333,"W",15,"C","J. G. Rubalcaba, W. C. E. P. Verberk, A. J. Hendriks. B. Saris, H. A. Woods, Oxygen limitation may affect the temperature and size dependence of metabolism in aquatic ectotherms. Proc. Natl. Acad. Sci. U.S.A. 117, 31963-3196 (2020).","Gilchristella aestuaria",-5763.09594699511,6933.58829445778,-8.10191784173671,0.112340042955903,-6.04758502159359e-05,-6.5431121656136,-6.49851842397374,40.2740479814134,1129,"Gilchristella aestuaria",288.15,TRUE,-6.96045681513113,0.000948663111878412,0.461938391157383
"Teleostei","Clupeiformes","Clupeidae","Gilchristella","aestuaria",1.43999999968418,0.0014399999996841,0.0021070136547484,"W",20,"C","J. G. Rubalcaba, W. C. E. P. Verberk, A. J. Hendriks. B. Saris, H. A. Woods, Oxygen limitation may affect the temperature and size dependence of metabolism in aquatic ectotherms. Proc. Natl. Acad. Sci. U.S.A. 117, 31963-3196 (2020).","Gilchristella aestuaria",-5763.09594699511,6933.58829445778,-8.10191784173671,0.112340042955903,-6.04758502159359e-05,-6.5431121656136,-6.16248366352214,39.5871292029482,1130,"Gilchristella aestuaria",293.15,TRUE,-6.85969388348959,0.00104923507165104,0.69721021996745
"Teleostei","Osteoglossiformes","Mormyridae","Gnathonemus","petersii",5.84999999889302,0.005849999998893,0.0022071567547251,"W",26,"C","J. G. Rubalcaba, W. C. E. P. Verberk, A. J. Hendriks. B. Saris, H. A. Woods, Oxygen limitation may affect the temperature and size dependence of metabolism in aquatic ectotherms. Proc. Natl. Acad. Sci. U.S.A. 117, 31963-3196 (2020).","Gnathonemus petersii",-5763.09594699511,6933.58829445778,-8.10191784173671,0.112340042955903,-6.04758502159359e-05,-5.1413136179276,-6.11605012807432,38.7931369742412,1211,"Gnathonemus petersii",299.15,TRUE,-5.63851953135425,0.00355813221198753,-0.477530596720069
"Cephalaspidomorphi","Petromyzontiformes","Petromyzontidae","Ichthyomyzon","fossor",3.78000000141675,0.0037800000014167,0.0031923996732403,"W",18,"C","J. G. Rubalcaba, W. C. E. P. Verberk, A. J. Hendriks. B. Saris, H. A. Woods, Oxygen limitation may affect the temperature and size dependence of metabolism in aquatic ectotherms. Proc. Natl. Acad. Sci. U.S.A. 117, 31963-3196 (2020).","Ichthyomyzon fossor",-5126.81836119685,-1622.5901421774,27.3461553712044,-1.52597053816768,0.0022057096609492,-5.57803126897585,-5.74698239631793,39.8590655189568,1244,"Ichthyomyzon fossor",291.15,TRUE,-6.13903959754987,0.00215699420636025,0.39205720123194
"Cephalaspidomorphi","Petromyzontiformes","Petromyzontidae","Lampetra","fluviatilis",1.42999999846869,0.0014299999984686,0.0002651533625606,"W",4.4,"C","J. G. Rubalcaba, W. C. E. P. Verberk, A. J. Hendriks. B. Saris, H. A. Woods, Oxygen limitation may affect the temperature and size dependence of metabolism in aquatic ectotherms. Proc. Natl. Acad. Sci. U.S.A. 117, 31963-3196 (2020).","Lampetra fluviatilis",-5126.81836119685,-1622.5901421774,27.3461553712044,-1.52597053816768,0.0022057096609492,-6.55008083578123,-8.23520217273196,41.8121669099055,1356,"Lampetra fluviatilis",277.55,TRUE,-7.19157257794701,0.000752904188515711,-1.04362959478495
"Cephalaspidomorphi","Petromyzontiformes","Petromyzontidae","Lampetra","fluviatilis",1.42999999846869,0.0014299999984686,0.0005350777836985,"W",4.8,"C","J. G. Rubalcaba, W. C. E. P. Verberk, A. J. Hendriks. B. Saris, H. A. Woods, Oxygen limitation may affect the temperature and size dependence of metabolism in aquatic ectotherms. Proc. Natl. Acad. Sci. U.S.A. 117, 31963-3196 (2020).","Lampetra fluviatilis",-5126.81836119685,-1622.5901421774,27.3461553712044,-1.52597053816768,0.0022057096609492,-6.55008083578123,-7.53309843154573,41.7519946963276,1357,"Lampetra fluviatilis",277.95,TRUE,-7.18274601964995,0.000759579156388137,-0.350352411895776
"Cephalaspidomorphi","Petromyzontiformes","Petromyzontidae","Lampetra","fluviatilis",1.42999999846869,0.0014299999984686,0.0004978403681201,"W",9.4,"C","J. G. Rubalcaba, W. C. E. P. Verberk, A. J. Hendriks. B. Saris, H. A. Woods, Oxygen limitation may affect the temperature and size dependence of metabolism in aquatic ectotherms. Proc. Natl. Acad. Sci. U.S.A. 117, 31963-3196 (2020).","Lampetra fluviatilis",-5126.81836119685,-1622.5901421774,27.3461553712044,-1.52597053816768,0.0022057096609492,-6.55008083578123,-7.60523107826903,41.0722595145789,1358,"Lampetra fluviatilis",282.55,TRUE,-7.08303683742912,0.000839220697825055,-0.522194240839911
"Cephalaspidomorphi","Petromyzontiformes","Petromyzontidae","Lampetra","fluviatilis",1.42999999846869,0.0014299999984686,0.0005184536050994,"W",10,"C","J. G. Rubalcaba, W. C. E. P. Verberk, A. J. Hendriks. B. Saris, H. A. Woods, Oxygen limitation may affect the temperature and size dependence of metabolism in aquatic ectotherms. Proc. Natl. Acad. Sci. U.S.A. 117, 31963-3196 (2020).","Lampetra fluviatilis",-5126.81836119685,-1622.5901421774,27.3461553712044,-1.52597053816768,0.0022057096609492,-6.55008083578123,-7.56466001337359,40.9852266496354,1359,"Lampetra fluviatilis",283.15,TRUE,-7.07027013648019,0.000850003461206811,-0.494389876893403
"Cephalaspidomorphi","Petromyzontiformes","Petromyzontidae","Lampetra","fluviatilis",1.42999999846869,0.0014299999984686,0.0005773687877647,"W",10,"C","J. G. Rubalcaba, W. C. E. P. Verberk, A. J. Hendriks. B. Saris, H. A. Woods, Oxygen limitation may affect the temperature and size dependence of metabolism in aquatic ectotherms. Proc. Natl. Acad. Sci. U.S.A. 117, 31963-3196 (2020).","Lampetra fluviatilis",-5126.81836119685,-1622.5901421774,27.3461553712044,-1.52597053816768,0.0022057096609492,-6.55008083578123,-7.45702934871767,40.9852266496354,1360,"Lampetra fluviatilis",283.15,TRUE,-7.07027013648019,0.000850003461206811,-0.386759212237485
"Cephalaspidomorphi","Petromyzontiformes","Petromyzontidae","Lampetra","fluviatilis",1.42999999846869,0.0014299999984686,0.0009997379608967,"W",9.8,"C","J. G. Rubalcaba, W. C. E. P. Verberk, A. J. Hendriks. B. Saris, H. A. Woods, Oxygen limitation may affect the temperature and size dependence of metabolism in aquatic ectotherms. Proc. Natl. Acad. Sci. U.S.A. 117, 31963-3196 (2020).","Lampetra fluviatilis",-5126.81836119685,-1622.5901421774,27.3461553712044,-1.52597053816768,0.0022057096609492,-6.55008083578123,-6.90801735242368,41.0141965924872,1361,"Lampetra fluviatilis",282.95,TRUE,-7.0745196874646,0.000846398992273067,0.166502335040921
"Cephalaspidomorphi","Petromyzontiformes","Petromyzontidae","Lampetra","fluviatilis",1.42999999846869,0.0014299999984686,0.00130367039422,"W",14.7,"C","J. G. Rubalcaba, W. C. E. P. Verberk, A. J. Hendriks. B. Saris, H. A. Woods, Oxygen limitation may affect the temperature and size dependence of metabolism in aquatic ectotherms. Proc. Natl. Acad. Sci. U.S.A. 117, 31963-3196 (2020).","Lampetra fluviatilis",-5126.81836119685,-1622.5901421774,27.3461553712044,-1.52597053816768,0.0022057096609492,-6.55008083578123,-6.64257161259689,40.316021976183,1362,"Lampetra fluviatilis",287.85,TRUE,-6.97210565637098,0.000937676401358319,0.329534043774093
"Cephalaspidomorphi","Petromyzontiformes","Petromyzontidae","Lampetra","fluviatilis",23.2999999986041,0.023299999998604,0.0159222617644331,"W",16,"C","J. G. Rubalcaba, W. C. E. P. Verberk, A. J. Hendriks. B. Saris, H. A. Woods, Oxygen limitation may affect the temperature and size dependence of metabolism in aquatic ectotherms. Proc. Natl. Acad. Sci. U.S.A. 117, 31963-3196 (2020).","Lampetra fluviatilis",-5126.81836119685,-1622.5901421774,27.3461553712044,-1.52597053816768,0.0022057096609492,-3.7593019184704,-4.14003703802676,40.1347637068797,1363,"Lampetra fluviatilis",289.15,TRUE,-4.74620871866569,0.00868455847123767,0.606171680638933
"Cephalaspidomorphi","Petromyzontiformes","Petromyzontidae","Lampetra","fluviatilis",28.599999991502,0.028599999991502,0.0151815495618418,"W",16,"C","J. G. Rubalcaba, W. C. E. P. Verberk, A. J. Hendriks. B. Saris, H. A. Woods, Oxygen limitation may affect the temperature and size dependence of metabolism in aquatic ectotherms. Proc. Natl. Acad. Sci. U.S.A. 117, 31963-3196 (2020).","Lampetra fluviatilis",-5126.81836119685,-1622.5901421774,27.3461553712044,-1.52597053816768,0.0022057096609492,-3.55434856145346,-4.18767443305166,40.1347637068797,1364,"Lampetra fluviatilis",289.15,TRUE,-4.58469264435806,0.0102068864498258,0.397018211306394
"Cephalaspidomorphi","Petromyzontiformes","Petromyzontidae","Lampetra","fluviatilis",29.2999999761097,0.0292999999761097,0.0113873018190653,"W",9.5,"C","J. G. Rubalcaba, W. C. E. P. Verberk, A. J. Hendriks. B. Saris, H. A. Woods, Oxygen limitation may affect the temperature and size dependence of metabolism in aquatic ectotherms. Proc. Natl. Acad. Sci. U.S.A. 117, 31963-3196 (2020).","Lampetra fluviatilis",-5126.81836119685,-1622.5901421774,27.3461553712044,-1.52597053816768,0.0022057096609492,-3.53016776377448,-4.47525641992267,41.0577283773015,1365,"Lampetra fluviatilis",282.65,TRUE,-4.70102475888362,0.00908596140967115,0.225768338960956
"Cephalaspidomorphi","Petromyzontiformes","Petromyzontidae","Lampetra","fluviatilis",30.3000000347234,0.0303000000347233,0.0104959526963832,"W",9.5,"C","J. G. Rubalcaba, W. C. E. P. Verberk, A. J. Hendriks. B. Saris, H. A. Woods, Oxygen limitation may affect the temperature and size dependence of metabolism in aquatic ectotherms. Proc. Natl. Acad. Sci. U.S.A. 117, 31963-3196 (2020).","Lampetra fluviatilis",-5126.81836119685,-1622.5901421774,27.3461553712044,-1.52597053816768,0.0022057096609492,-3.49660756532083,-4.55676555361381,41.0577283773015,1366,"Lampetra fluviatilis",282.65,TRUE,-4.67457722181414,0.00932946859987435,0.117811668200337
"Cephalaspidomorphi","Petromyzontiformes","Petromyzontidae","Lampetra","fluviatilis",32.8000000217754,0.0328000000217753,0.0099763510760769,"W",9.5,"C","J. G. Rubalcaba, W. C. E. P. Verberk, A. J. Hendriks. B. Saris, H. A. Woods, Oxygen limitation may affect the temperature and size dependence of metabolism in aquatic ectotherms. Proc. Natl. Acad. Sci. U.S.A. 117, 31963-3196 (2020).","Lampetra fluviatilis",-5126.81836119685,-1622.5901421774,27.3461553712044,-1.52597053816768,0.0022057096609492,-3.41732676292816,-4.60753787915497,41.0577283773015,1367,"Lampetra fluviatilis",282.65,TRUE,-4.61209898697672,0.00993095147808873,0.00456110782174157
"Cephalaspidomorphi","Petromyzontiformes","Petromyzontidae","Lampetra","fluviatilis",32.8000000217754,0.0328000000217753,0.0146874057515617,"W",9.5,"C","J. G. Rubalcaba, W. C. E. P. Verberk, A. J. Hendriks. B. Saris, H. A. Woods, Oxygen limitation may affect the temperature and size dependence of metabolism in aquatic ectotherms. Proc. Natl. Acad. Sci. U.S.A. 117, 31963-3196 (2020).","Lampetra fluviatilis",-5126.81836119685,-1622.5901421774,27.3461553712044,-1.52597053816768,0.0022057096609492,-3.41732676292816,-4.2207649040133,41.0577283773015,1368,"Lampetra fluviatilis",282.65,TRUE,-4.61209898697672,0.00993095147808873,0.391334082963419
"Cephalaspidomorphi","Petromyzontiformes","Petromyzontidae","Lampetra","fluviatilis",33.2000000226252,0.0332000000226251,0.0153950992082299,"W",16,"C","J. G. Rubalcaba, W. C. E. P. Verberk, A. J. Hendriks. B. Saris, H. A. Woods, Oxygen limitation may affect the temperature and size dependence of metabolism in aquatic ectotherms. Proc. Natl. Acad. Sci. U.S.A. 117, 31963-3196 (2020).","Lampetra fluviatilis",-5126.81836119685,-1622.5901421774,27.3461553712044,-1.52597053816768,0.0022057096609492,-3.40520540237822,-4.17370605344132,40.1347637068797,1369,"Lampetra fluviatilis",289.15,TRUE,-4.46715849944682,0.0114798896621622,0.293452446005503
"Cephalaspidomorphi","Petromyzontiformes","Petromyzontidae","Lampetra","fluviatilis",36.9999999942923,0.0369999999942923,0.0308238142166228,"W",16.5,"C","J. G. Rubalcaba, W. C. E. P. Verberk, A. J. Hendriks. B. Saris, H. A. Woods, Oxygen limitation may affect the temperature and size dependence of metabolism in aquatic ectotherms. Proc. Natl. Acad. Sci. U.S.A. 117, 31963-3196 (2020).","Lampetra fluviatilis",-5126.81836119685,-1622.5901421774,27.3461553712044,-1.52597053816768,0.0022057096609492,-3.29683736649217,-3.47946769890773,40.0654822228354,1370,"Lampetra fluviatilis",289.65,TRUE,-4.37159492243111,0.0126310789030618,0.892127223523378
"Cephalaspidomorphi","Petromyzontiformes","Petromyzontidae","Lampetra","fluviatilis",39.4000000158242,0.0394000000158242,0.0146468514825265,"W",9.5,"C","J. G. Rubalcaba, W. C. E. P. Verberk, A. J. Hendriks. B. Saris, H. A. Woods, Oxygen limitation may affect the temperature and size dependence of metabolism in aquatic ectotherms. Proc. Natl. Acad. Sci. U.S.A. 117, 31963-3196 (2020).","Lampetra fluviatilis",-5126.81836119685,-1622.5901421774,27.3461553712044,-1.52597053816768,0.0022057096609492,-3.23398946227662,-4.22352988248528,41.0577283773015,1371,"Lampetra fluviatilis",282.65,TRUE,-4.46761771813393,0.011474619092568,0.244087835648648
"Cephalaspidomorphi","Petromyzontiformes","Petromyzontidae","Lampetra","fluviatilis",41.1999999968566,0.0411999999968566,0.0125312702546855,"W",9.5,"C","J. G. Rubalcaba, W. C. E. P. Verberk, A. J. Hendriks. B. Saris, H. A. Woods, Oxygen limitation may affect the temperature and size dependence of metabolism in aquatic ectotherms. Proc. Natl. Acad. Sci. U.S.A. 117, 31963-3196 (2020).","Lampetra fluviatilis",-5126.81836119685,-1622.5901421774,27.3461553712044,-1.52597053816768,0.0022057096609492,-3.18931702270295,-4.3795281381426,41.0577283773015,1372,"Lampetra fluviatilis",282.65,TRUE,-4.43241303949533,0.0118857741983631,0.0528849013527344
"Cephalaspidomorphi","Petromyzontiformes","Petromyzontidae","Lampetra","fluviatilis",42.2000000037241,0.0422000000037241,0.0205983889238735,"W",16,"C","J. G. Rubalcaba, W. C. E. P. Verberk, A. J. Hendriks. B. Saris, H. A. Woods, Oxygen limitation may affect the temperature and size dependence of metabolism in aquatic ectotherms. Proc. Natl. Acad. Sci. U.S.A. 117, 31963-3196 (2020).","Lampetra fluviatilis",-5126.81836119685,-1622.5901421774,27.3461553712044,-1.52597053816768,0.0022057096609492,-3.16533505785192,-3.88254241382393,40.1347637068797,1373,"Lampetra fluviatilis",289.15,TRUE,-4.27812565336611,0.0138686323646138,0.395583239542184
"Cephalaspidomorphi","Petromyzontiformes","Petromyzontidae","Lampetra","fluviatilis",42.6999999975397,0.0426999999975396,0.0133482698841364,"W",9.5,"C","J. G. Rubalcaba, W. C. E. P. Verberk, A. J. Hendriks. B. Saris, H. A. Woods, Oxygen limitation may affect the temperature and size dependence of metabolism in aquatic ectotherms. Proc. Natl. Acad. Sci. U.S.A. 117, 31963-3196 (2020).","Lampetra fluviatilis",-5126.81836119685,-1622.5901421774,27.3461553712044,-1.52597053816768,0.0022057096609492,-3.15355635880518,-4.31636849922816,41.0577283773015,1374,"Lampetra fluviatilis",282.65,TRUE,-4.40423139791858,0.0122254993489126,0.0878628986904211
"Cephalaspidomorphi","Petromyzontiformes","Petromyzontidae","Lampetra","fluviatilis",43.7000000029763,0.0437000000029762,0.0136608757320958,"W",9.5,"C","J. G. Rubalcaba, W. C. E. P. Verberk, A. J. Hendriks. B. Saris, H. A. Woods, Oxygen limitation may affect the temperature and size dependence of metabolism in aquatic ectotherms. Proc. Natl. Acad. Sci. U.S.A. 117, 31963-3196 (2020).","Lampetra fluviatilis",-5126.81836119685,-1622.5901421774,27.3461553712044,-1.52597053816768,0.0022057096609492,-3.13040717681249,-4.29321931766338,41.0577283773015,1375,"Lampetra fluviatilis",282.65,TRUE,-4.385988393494,0.012450575982412,0.0927690758306223
"Cephalaspidomorphi","Petromyzontiformes","Petromyzontidae","Lampetra","fluviatilis",44.1999999644714,0.0441999999644714,0.0126968668773924,"W",9.5,"C","J. G. Rubalcaba, W. C. E. P. Verberk, A. J. Hendriks. B. Saris, H. A. Woods, Oxygen limitation may affect the temperature and size dependence of metabolism in aquatic ectotherms. Proc. Natl. Acad. Sci. U.S.A. 117, 31963-3196 (2020).","Lampetra fluviatilis",-5126.81836119685,-1622.5901421774,27.3461553712044,-1.52597053816768,0.0022057096609492,-3.1190304907023,-4.3664000185212,41.0577283773015,1376,"Lampetra fluviatilis",282.65,TRUE,-4.37702285271978,0.0125627040222226,0.0106228341985792
"Cephalaspidomorphi","Petromyzontiformes","Petromyzontidae","Lampetra","fluviatilis",45.2000000196308,0.0452000000196307,0.0273026275909227,"W",16,"C","J. G. Rubalcaba, W. C. E. P. Verberk, A. J. Hendriks. B. Saris, H. A. Woods, Oxygen limitation may affect the temperature and size dependence of metabolism in aquatic ectotherms. Proc. Natl. Acad. Sci. U.S.A. 117, 31963-3196 (2020).","Lampetra fluviatilis",-5126.81836119685,-1622.5901421774,27.3461553712044,-1.52597053816768,0.0022057096609492,-3.09665819170964,-3.60077233267109,40.1347637068797,1377,"Lampetra fluviatilis",289.15,TRUE,-4.2240039840434,0.0146399090332602,0.623231651372306
"Cephalaspidomorphi","Petromyzontiformes","Petromyzontidae","Lampetra","fluviatilis",45.6999999926498,0.0456999999926498,0.0181471921425308,"W",9.5,"C","J. G. Rubalcaba, W. C. E. P. Verberk, A. J. Hendriks. B. Saris, H. A. Woods, Oxygen limitation may affect the temperature and size dependence of metabolism in aquatic ectotherms. Proc. Natl. Acad. Sci. U.S.A. 117, 31963-3196 (2020).","Lampetra fluviatilis",-5126.81836119685,-1622.5901421774,27.3461553712044,-1.52597053816768,0.0022057096609492,-3.08565698124281,-4.00923943312987,41.0577283773015,1378,"Lampetra fluviatilis",282.65,TRUE,-4.35072243826344,0.0128974915725445,0.341483005133568
"Cephalaspidomorphi","Petromyzontiformes","Petromyzontidae","Lampetra","fluviatilis",46.7999999920123,0.0467999999920123,0.0150253580297414,"W",9.5,"C","J. G. Rubalcaba, W. C. E. P. Verberk, A. J. Hendriks. B. Saris, H. A. Woods, Oxygen limitation may affect the temperature and size dependence of metabolism in aquatic ectotherms. Proc. Natl. Acad. Sci. U.S.A. 117, 31963-3196 (2020).","Lampetra fluviatilis",-5126.81836119685,-1622.5901421774,27.3461553712044,-1.52597053816768,0.0022057096609492,-3.06187207622921,-4.19801596991023,41.0577283773015,1379,"Lampetra fluviatilis",282.65,TRUE,-4.33197844430554,0.0131415219842262,0.133962474395303
"Cephalaspidomorphi","Petromyzontiformes","Petromyzontidae","Lampetra","fluviatilis",46.7999999920123,0.0467999999920123,0.0154207621890542,"W",9.5,"C","J. G. Rubalcaba, W. C. E. P. Verberk, A. J. Hendriks. B. Saris, H. A. Woods, Oxygen limitation may affect the temperature and size dependence of metabolism in aquatic ectotherms. Proc. Natl. Acad. Sci. U.S.A. 117, 31963-3196 (2020).","Lampetra fluviatilis",-5126.81836119685,-1622.5901421774,27.3461553712044,-1.52597053816768,0.0022057096609492,-3.06187207622921,-4.17204048346577,41.0577283773015,1380,"Lampetra fluviatilis",282.65,TRUE,-4.33197844430554,0.0131415219842262,0.159937960839768
"Cephalaspidomorphi","Petromyzontiformes","Petromyzontidae","Lampetra","fluviatilis",46.7999999920123,0.0467999999920123,0.0158161663483671,"W",9.5,"C","J. G. Rubalcaba, W. C. E. P. Verberk, A. J. Hendriks. B. Saris, H. A. Woods, Oxygen limitation may affect the temperature and size dependence of metabolism in aquatic ectotherms. Proc. Natl. Acad. Sci. U.S.A. 117, 31963-3196 (2020).","Lampetra fluviatilis",-5126.81836119685,-1622.5901421774,27.3461553712044,-1.52597053816768,0.0022057096609492,-3.06187207622921,-4.14672267544233,41.0577283773015,1381,"Lampetra fluviatilis",282.65,TRUE,-4.33197844430554,0.0131415219842262,0.185255768863207
"Cephalaspidomorphi","Petromyzontiformes","Petromyzontidae","Lampetra","fluviatilis",46.7999999920123,0.0467999999920123,0.0162115705076799,"W",9.5,"C","J. G. Rubalcaba, W. C. E. P. Verberk, A. J. Hendriks. B. Saris, H. A. Woods, Oxygen limitation may affect the temperature and size dependence of metabolism in aquatic ectotherms. Proc. Natl. Acad. Sci. U.S.A. 117, 31963-3196 (2020).","Lampetra fluviatilis",-5126.81836119685,-1622.5901421774,27.3461553712044,-1.52597053816768,0.0022057096609492,-3.06187207622921,-4.12203006281472,41.0577283773015,1382,"Lampetra fluviatilis",282.65,TRUE,-4.33197844430554,0.0131415219842262,0.209948381490813
"Cephalaspidomorphi","Petromyzontiformes","Petromyzontidae","Lampetra","fluviatilis",48.8999999860808,0.0488999999860808,0.0319244521217112,"W",16,"C","J. G. Rubalcaba, W. C. E. P. Verberk, A. J. Hendriks. B. Saris, H. A. Woods, Oxygen limitation may affect the temperature and size dependence of metabolism in aquatic ectotherms. Proc. Natl. Acad. Sci. U.S.A. 117, 31963-3196 (2020).","Lampetra fluviatilis",-5126.81836119685,-1622.5901421774,27.3461553712044,-1.52597053816768,0.0022057096609492,-3.01797788278596,-3.44438303862939,40.1347637068797,1383,"Lampetra fluviatilis",289.15,TRUE,-4.16199897564719,0.0155763899541697,0.717615937017797
"Cephalaspidomorphi","Petromyzontiformes","Petromyzontidae","Lampetra","fluviatilis",49.5000000075717,0.0495000000075717,0.015892205602808,"W",9.5,"C","J. G. Rubalcaba, W. C. E. P. Verberk, A. J. Hendriks. B. Saris, H. A. Woods, Oxygen limitation may affect the temperature and size dependence of metabolism in aquatic ectotherms. Proc. Natl. Acad. Sci. U.S.A. 117, 31963-3196 (2020).","Lampetra fluviatilis",-5126.81836119685,-1622.5901421774,27.3461553712044,-1.52597053816768,0.0022057096609492,-3.00578260925453,-4.14192650360982,41.0577283773015,1384,"Lampetra fluviatilis",282.65,TRUE,-4.2877764334304,0.0137354330164974,0.145849929820576
"Cephalaspidomorphi","Petromyzontiformes","Petromyzontidae","Lampetra","fluviatilis",49.5000000075717,0.0495000000075717,0.031108082318854,"W",16,"C","J. G. Rubalcaba, W. C. E. P. Verberk, A. J. Hendriks. B. Saris, H. A. Woods, Oxygen limitation may affect the temperature and size dependence of metabolism in aquatic ectotherms. Proc. Natl. Acad. Sci. U.S.A. 117, 31963-3196 (2020).","Lampetra fluviatilis",-5126.81836119685,-1622.5901421774,27.3461553712044,-1.52597053816768,0.0022057096609492,-3.00578260925453,-3.47028761192515,40.1347637068797,1385,"Lampetra fluviatilis",289.15,TRUE,-4.15238833674587,0.0157268106752309,0.682100724820711
"Cephalaspidomorphi","Petromyzontiformes","Petromyzontidae","Lampetra","fluviatilis",50.699999961086,0.050699999961086,0.0235099858407285,"W",16,"C","J. G. Rubalcaba, W. C. E. P. Verberk, A. J. Hendriks. B. Saris, H. A. Woods, Oxygen limitation may affect the temperature and size dependence of metabolism in aquatic ectotherms. Proc. Natl. Acad. Sci. U.S.A. 117, 31963-3196 (2020).","Lampetra fluviatilis",-5126.81836119685,-1622.5901421774,27.3461553712044,-1.52597053816768,0.0022057096609492,-2.98182936915253,-3.75033001869625,40.1347637068797,1386,"Lampetra fluviatilis",289.15,TRUE,-4.13351168420144,0.0160264998815701,0.383181665505191
"Cephalaspidomorphi","Petromyzontiformes","Petromyzontidae","Lampetra","fluviatilis",52.4000000019635,0.0524000000019634,0.0150523942090982,"W",9.5,"C","J. G. Rubalcaba, W. C. E. P. Verberk, A. J. Hendriks. B. Saris, H. A. Woods, Oxygen limitation may affect the temperature and size dependence of metabolism in aquatic ectotherms. Proc. Natl. Acad. Sci. U.S.A. 117, 31963-3196 (2020).","Lampetra fluviatilis",-5126.81836119685,-1622.5901421774,27.3461553712044,-1.52597053816768,0.0022057096609492,-2.94884868761767,-4.19621821677871,41.0577283773015,1387,"Lampetra fluviatilis",282.65,TRUE,-4.24290893942315,0.0143657419301491,0.0466907226444411
"Cephalaspidomorphi","Petromyzontiformes","Petromyzontidae","Lampetra","fluviatilis",53.0000000487185,0.0530000000487185,0.0179114704416906,"W",9.5,"C","J. G. Rubalcaba, W. C. E. P. Verberk, A. J. Hendriks. B. Saris, H. A. Woods, Oxygen limitation may affect the temperature and size dependence of metabolism in aquatic ectotherms. Proc. Natl. Acad. Sci. U.S.A. 117, 31963-3196 (2020).","Lampetra fluviatilis",-5126.81836119685,-1622.5901421774,27.3461553712044,-1.52597053816768,0.0022057096609492,-2.9374633645108,-4.02231396456608,41.0577283773015,1388,"Lampetra fluviatilis",282.65,TRUE,-4.23393659215491,0.0144952163315693,0.211622627588837
"Cephalaspidomorphi","Petromyzontiformes","Petromyzontidae","Lampetra","fluviatilis",53.0000000487185,0.0530000000487185,0.0323375181531563,"W",16,"C","J. G. Rubalcaba, W. C. E. P. Verberk, A. J. Hendriks. B. Saris, H. A. Woods, Oxygen limitation may affect the temperature and size dependence of metabolism in aquatic ectotherms. Proc. Natl. Acad. Sci. U.S.A. 117, 31963-3196 (2020).","Lampetra fluviatilis",-5126.81836119685,-1622.5901421774,27.3461553712044,-1.52597053816768,0.0022057096609492,-2.9374633645108,-3.43152717010466,40.1347637068797,1389,"Lampetra fluviatilis",289.15,TRUE,-4.09854849547038,0.016596748181823,0.667021325365714
"Cephalaspidomorphi","Petromyzontiformes","Petromyzontidae","Lampetra","fluviatilis",54.2000000576094,0.0542000000576093,0.0271171444671967,"W",16,"C","J. G. Rubalcaba, W. C. E. P. Verberk, A. J. Hendriks. B. Saris, H. A. Woods, Oxygen limitation may affect the temperature and size dependence of metabolism in aquatic ectotherms. Proc. Natl. Acad. Sci. U.S.A. 117, 31963-3196 (2020).","Lampetra fluviatilis",-5126.81836119685,-1622.5901421774,27.3461553712044,-1.52597053816768,0.0022057096609492,-2.91507436947363,-3.60758911396108,40.1347637068797,1390,"Lampetra fluviatilis",289.15,TRUE,-4.08090456595037,0.0168921786500622,0.473315451989288
"Cephalaspidomorphi","Petromyzontiformes","Petromyzontidae","Lampetra","fluviatilis",55.4999999843228,0.0554999999843228,0.0196941686749813,"W",9.5,"C","J. G. Rubalcaba, W. C. E. P. Verberk, A. J. Hendriks. B. Saris, H. A. Woods, Oxygen limitation may affect the temperature and size dependence of metabolism in aquatic ectotherms. Proc. Natl. Acad. Sci. U.S.A. 117, 31963-3196 (2020).","Lampetra fluviatilis",-5126.81836119685,-1622.5901421774,27.3461553712044,-1.52597053816768,0.0022057096609492,-2.89137225851222,-3.92743269340285,41.0577283773015,1391,"Lampetra fluviatilis",282.65,TRUE,-4.19761391557259,0.0150314002546819,0.270181222169745
"Cephalaspidomorphi","Petromyzontiformes","Petromyzontidae","Lampetra","fluviatilis",55.4999999843228,0.0554999999843228,0.0220387125588233,"W",9.5,"C","J. G. Rubalcaba, W. C. E. P. Verberk, A. J. Hendriks. B. Saris, H. A. Woods, Oxygen limitation may affect the temperature and size dependence of metabolism in aquatic ectotherms. Proc. Natl. Acad. Sci. U.S.A. 117, 31963-3196 (2020).","Lampetra fluviatilis",-5126.81836119685,-1622.5901421774,27.3461553712044,-1.52597053816768,0.0022057096609492,-2.89137225851222,-3.81495471025007,41.0577283773015,1392,"Lampetra fluviatilis",282.65,TRUE,-4.19761391557259,0.0150314002546819,0.38265920532252
"Cephalaspidomorphi","Petromyzontiformes","Petromyzontidae","Lampetra","fluviatilis",56.0999999669104,0.0560999999669103,0.0165892321742899,"W",9.5,"C","J. G. Rubalcaba, W. C. E. P. Verberk, A. J. Hendriks. B. Saris, H. A. Woods, Oxygen limitation may affect the temperature and size dependence of metabolism in aquatic ectotherms. Proc. Natl. Acad. Sci. U.S.A. 117, 31963-3196 (2020).","Lampetra fluviatilis",-5126.81836119685,-1622.5901421774,27.3461553712044,-1.52597053816768,0.0022057096609492,-2.88061946704332,-4.09900145829269,41.0577283773015,1393,"Lampetra fluviatilis",282.65,TRUE,-4.18914004282816,0.0151593156314943,0.0901385845354739
"Cephalaspidomorphi","Petromyzontiformes","Petromyzontidae","Lampetra","fluviatilis",56.8000000377949,0.0568000000377949,0.0182359046181185,"W",9.5,"C","J. G. Rubalcaba, W. C. E. P. Verberk, A. J. Hendriks. B. Saris, H. A. Woods, Oxygen limitation may affect the temperature and size dependence of metabolism in aquatic ectotherms. Proc. Natl. Acad. Sci. U.S.A. 117, 31963-3196 (2020).","Lampetra fluviatilis",-5126.81836119685,-1622.5901421774,27.3461553712044,-1.52597053816768,0.0022057096609492,-2.86821895258963,-4.00436284706146,41.0577283773015,1394,"Lampetra fluviatilis",282.65,TRUE,-4.17936766123311,0.0153081844653521,0.175004814171652
"Cephalaspidomorphi","Petromyzontiformes","Petromyzontidae","Lampetra","fluviatilis",56.8000000377949,0.0568000000377949,0.024954395791944,"W",9.5,"C","J. G. Rubalcaba, W. C. E. P. Verberk, A. J. Hendriks. B. Saris, H. A. Woods, Oxygen limitation may affect the temperature and size dependence of metabolism in aquatic ectotherms. Proc. Natl. Acad. Sci. U.S.A. 117, 31963-3196 (2020).","Lampetra fluviatilis",-5126.81836119685,-1622.5901421774,27.3461553712044,-1.52597053816768,0.0022057096609492,-2.86821895258963,-3.69070528825734,41.0577283773015,1395,"Lampetra fluviatilis",282.65,TRUE,-4.17936766123311,0.0153081844653521,0.48866237297577
"Cephalaspidomorphi","Petromyzontiformes","Petromyzontidae","Lampetra","fluviatilis",58.7999999896915,0.0587999999896914,0.0188780139382086,"W",9.5,"C","J. G. Rubalcaba, W. C. E. P. Verberk, A. J. Hendriks. B. Saris, H. A. Woods, Oxygen limitation may affect the temperature and size dependence of metabolism in aquatic ectotherms. Proc. Natl. Acad. Sci. U.S.A. 117, 31963-3196 (2020).","Lampetra fluviatilis",-5126.81836119685,-1622.5901421774,27.3461553712044,-1.52597053816768,0.0022057096609492,-2.83361342425287,-3.96975731774887,41.0577283773015,1396,"Lampetra fluviatilis",282.65,TRUE,-4.15209633878372,0.0157314035424203,0.182339021034851
"Cephalaspidomorphi","Petromyzontiformes","Petromyzontidae","Lampetra","fluviatilis",62.2000000442813,0.0622000000442812,0.0236482102560364,"W",9.5,"C","J. G. Rubalcaba, W. C. E. P. Verberk, A. J. Hendriks. B. Saris, H. A. Woods, Oxygen limitation may affect the temperature and size dependence of metabolism in aquatic ectotherms. Proc. Natl. Acad. Sci. U.S.A. 117, 31963-3196 (2020).","Lampetra fluviatilis",-5126.81836119685,-1622.5901421774,27.3461553712044,-1.52597053816768,0.0022057096609492,-2.77740027852509,-3.74446784318532,41.0577283773015,1397,"Lampetra fluviatilis",282.65,TRUE,-4.10779686130951,0.0164439629786284,0.363329018124194
"Cephalaspidomorphi","Petromyzontiformes","Petromyzontidae","Lampetra","fluviatilis",63.6000000514878,0.0636000000514878,0.0188070439553237,"W",9.5,"C","J. G. Rubalcaba, W. C. E. P. Verberk, A. J. Hendriks. B. Saris, H. A. Woods, Oxygen limitation may affect the temperature and size dependence of metabolism in aquatic ectotherms. Proc. Natl. Acad. Sci. U.S.A. 117, 31963-3196 (2020).","Lampetra fluviatilis",-5126.81836119685,-1622.5901421774,27.3461553712044,-1.52597053816768,0.0022057096609492,-2.7551418078265,-3.97352380084602,41.0577283773015,1398,"Lampetra fluviatilis",282.65,TRUE,-4.09025579313843,0.0167349523250722,0.11673199229241
"Cephalaspidomorphi","Petromyzontiformes","Petromyzontidae","Petromyzon","marinus",3.44000000339386,0.0034400000033938,0.0082304678758862,"W",22.5,"C","J. G. Rubalcaba, W. C. E. P. Verberk, A. J. Hendriks. B. Saris, H. A. Woods, Oxygen limitation may affect the temperature and size dependence of metabolism in aquatic ectotherms. Proc. Natl. Acad. Sci. U.S.A. 117, 31963-3196 (2020).","Petromyzon marinus",-5126.81836119685,-1622.5901421774,27.3461553712044,-1.52597053816768,0.0022057096609492,-5.67228380661026,-4.79991241586214,39.2523826343456,2711,"Petromyzon marinus",295.65,TRUE,-6.12432323024143,0.00218897204708624,1.32441081437929
"Cephalaspidomorphi","Petromyzontiformes","Petromyzontidae","Petromyzon","marinus",3.5399999997898,0.0035399999997898,0.0051317490698236,"W",22.5,"C","J. G. Rubalcaba, W. C. E. P. Verberk, A. J. Hendriks. B. Saris, H. A. Woods, Oxygen limitation may affect the temperature and size dependence of metabolism in aquatic ectotherms. Proc. Natl. Acad. Sci. U.S.A. 117, 31963-3196 (2020).","Petromyzon marinus",-5126.81836119685,-1622.5901421774,27.3461553712044,-1.52597053816768,0.0022057096609492,-5.64362855189583,-5.27230872862611,39.2523826343456,2712,"Petromyzon marinus",295.65,TRUE,-6.10174109586157,0.00223896606934045,0.829432367235464
"Cephalaspidomorphi","Petromyzontiformes","Petromyzontidae","Petromyzon","marinus",3.88000000362536,0.0038800000036253,0.003940792571734,"W",18,"C","J. G. Rubalcaba, W. C. E. P. Verberk, A. J. Hendriks. B. Saris, H. A. Woods, Oxygen limitation may affect the temperature and size dependence of metabolism in aquatic ectotherms. Proc. Natl. Acad. Sci. U.S.A. 117, 31963-3196 (2020).","Petromyzon marinus",-5126.81836119685,-1622.5901421774,27.3461553712044,-1.52597053816768,0.0022057096609492,-5.5519201244126,-5.53637341556374,39.8590655189568,2713,"Petromyzon marinus",291.15,TRUE,-6.11846238121675,0.00220183895043141,0.582088965653006
"Cephalaspidomorphi","Petromyzontiformes","Petromyzontidae","Petromyzon","marinus",22.7999999999762,0.0227999999999761,0.012790097969,"W",5,"C","J. G. Rubalcaba, W. C. E. P. Verberk, A. J. Hendriks. B. Saris, H. A. Woods, Oxygen limitation may affect the temperature and size dependence of metabolism in aquatic ectotherms. Proc. Natl. Acad. Sci. U.S.A. 117, 31963-3196 (2020).","Petromyzon marinus",-5126.81836119685,-1622.5901421774,27.3461553712044,-1.52597053816768,0.0022057096609492,-3.78099474302279,-4.35908400360837,41.7219734885647,2714,"Petromyzon marinus",278.15,TRUE,-4.99612908943166,0.00676407953505727,0.637045085823291
"Cephalaspidomorphi","Petromyzontiformes","Petromyzontidae","Petromyzon","marinus",34.8000000042805,0.0348000000042804,0.0186386212344767,"W",10,"C","J. G. Rubalcaba, W. C. E. P. Verberk, A. J. Hendriks. B. Saris, H. A. Woods, Oxygen limitation may affect the temperature and size dependence of metabolism in aquatic ectotherms. Proc. Natl. Acad. Sci. U.S.A. 117, 31963-3196 (2020).","Petromyzon marinus",-5126.81836119685,-1622.5901421774,27.3461553712044,-1.52597053816768,0.0022057096609492,-3.35813789207871,-3.98251944056794,40.9852266496354,2715,"Petromyzon marinus",283.15,TRUE,-4.5548192983747,0.0105164003910699,0.572299857806763
"Cephalaspidomorphi","Petromyzontiformes","Petromyzontidae","Petromyzon","marinus",35.6999999907775,0.0356999999907774,0.0263357242866666,"W",15,"C","J. G. Rubalcaba, W. C. E. P. Verberk, A. J. Hendriks. B. Saris, H. A. Woods, Oxygen limitation may affect the temperature and size dependence of metabolism in aquatic ectotherms. Proc. Natl. Acad. Sci. U.S.A. 117, 31963-3196 (2020).","Petromyzon marinus",-5126.81836119685,-1622.5901421774,27.3461553712044,-1.52597053816768,0.0022057096609492,-3.33260459045488,-3.63682892360871,40.2740479814134,2716,"Petromyzon marinus",288.15,TRUE,-4.43037588539203,0.0119100120317608,0.793546961783326
"Cephalaspidomorphi","Petromyzontiformes","Petromyzontidae","Petromyzon","marinus",75.6000000868277,0.0756000000868277,0.0468145355251967,"W",20,"C","J. G. Rubalcaba, W. C. E. P. Verberk, A. J. Hendriks. B. Saris, H. A. Woods, Oxygen limitation may affect the temperature and size dependence of metabolism in aquatic ectotherms. Proc. Natl. Acad. Sci. U.S.A. 117, 31963-3196 (2020).","Petromyzon marinus",-5126.81836119685,-1622.5901421774,27.3461553712044,-1.52597053816768,0.0022057096609492,-2.58229899464814,-3.06156153613582,39.5871292029482,2717,"Petromyzon marinus",293.15,TRUE,-3.73832517915824,0.0237939203323384,0.676763643022418
"Chondrichthyes","Squaliformes","Squalidae","Squalus","acanthias",100,0.1,0.103521094486251,"W",13,"C","J. G. Rubalcaba, W. C. E. P. Verberk, A. J. Hendriks. B. Saris, H. A. Woods, Oxygen limitation may affect the temperature and size dependence of metabolism in aquatic ectotherms. Proc. Natl. Acad. Sci. U.S.A. 117, 31963-3196 (2020).","Squalus acanthias",-5126.81836119684,-1622.59014217743,27.3461553712492,-1.52597053821882,0.0022057096720461,-2.30258509299405,-2.26797987558209,40.5555370464591,3236,"Squalus acanthias",286.15,TRUE,-3.65994719348759,0.0257338716064911,1.3919673179055
"Chondrichthyes","Squaliformes","Squalidae","Squalus","acanthias",640.000000023745,0.640000000023745,0.235971371570687,"W",13,"C","J. G. Rubalcaba, W. C. E. P. Verberk, A. J. Hendriks. B. Saris, H. A. Woods, Oxygen limitation may affect the temperature and size dependence of metabolism in aquatic ectotherms. Proc. Natl. Acad. Sci. U.S.A. 117, 31963-3196 (2020).","Squalus acanthias",-5126.81836119684,-1622.59014217743,27.3461553712492,-1.52597053821882,0.0022057096720461,-0.446287102591318,-1.44404478821867,40.5555370464591,3237,"Squalus acanthias",286.15,TRUE,-2.19706818277578,0.111128489643411,0.753023394557113
"Chondrichthyes","Squaliformes","Squalidae","Squalus","acanthias",940.000000866425,0.940000000866425,0.366578122278315,"W",13,"C","J. G. Rubalcaba, W. C. E. P. Verberk, A. J. Hendriks. B. Saris, H. A. Woods, Oxygen limitation may affect the temperature and size dependence of metabolism in aquatic ectotherms. Proc. Natl. Acad. Sci. U.S.A. 117, 31963-3196 (2020).","Squalus acanthias",-5126.81836119684,-1622.59014217743,27.3461553712492,-1.52597053821882,0.0022057096720461,-0.061875402796359,-1.00354362272141,40.5555370464591,3238,"Squalus acanthias",286.15,TRUE,-1.89412770123161,0.150449514750558,0.890584078510193
"Chondrichthyes","Squaliformes","Squalidae","Squalus","acanthias",1049.99999983091,1.04999999983091,0.454145623352926,"W",13,"C","J. G. Rubalcaba, W. C. E. P. Verberk, A. J. Hendriks. B. Saris, H. A. Woods, Oxygen limitation may affect the temperature and size dependence of metabolism in aquatic ectotherms. Proc. Natl. Acad. Sci. U.S.A. 117, 31963-3196 (2020).","Squalus acanthias",-5126.81836119684,-1622.59014217743,27.3461553712492,-1.52597053821882,0.0022057096720461,0.0487901640083945,-0.78933737608811,40.5555370464591,3239,"Squalus acanthias",286.15,TRUE,-1.80691630751993,0.164159574740755,1.01757893143182
"Chondrichthyes","Squaliformes","Squalidae","Squalus","acanthias",1120.00000085057,1.12000000085057,0.508246030942827,"W",13,"C","J. G. Rubalcaba, W. C. E. P. Verberk, A. J. Hendriks. B. Saris, H. A. Woods, Oxygen limitation may affect the temperature and size dependence of metabolism in aquatic ectotherms. Proc. Natl. Acad. Sci. U.S.A. 117, 31963-3196 (2020).","Squalus acanthias",-5126.81836119684,-1622.59014217743,27.3461553712492,-1.52597053821882,0.0022057096720461,0.113328686066438,-0.676789635765704,40.5555370464591,3240,"Squalus acanthias",286.15,TRUE,-1.75605591237368,0.172724763752709,1.07926627660798
"Chondrichthyes","Squaliformes","Squalidae","Squalus","acanthias",1239.99999953679,1.23999999953679,0.457194532329549,"W",13,"C","J. G. Rubalcaba, W. C. E. P. Verberk, A. J. Hendriks. B. Saris, H. A. Woods, Oxygen limitation may affect the temperature and size dependence of metabolism in aquatic ectotherms. Proc. Natl. Acad. Sci. U.S.A. 117, 31963-3196 (2020).","Squalus acanthias",-5126.81836119684,-1622.59014217743,27.3461553712492,-1.52597053821882,0.0022057096720461,0.215111379243386,-0.782646306167224,40.5555370464591,3241,"Squalus acanthias",286.15,TRUE,-1.67584477910085,0.187150012264098,0.893198472933631
"Chondrichthyes","Squaliformes","Squalidae","Squalus","acanthias",1549.99999939223,1.54999999939223,0.5275321527425,"W",13,"C","J. G. Rubalcaba, W. C. E. P. Verberk, A. J. Hendriks. B. Saris, H. A. Woods, Oxygen limitation may affect the temperature and size dependence of metabolism in aquatic ectotherms. Proc. Natl. Acad. Sci. U.S.A. 117, 31963-3196 (2020).","Squalus acanthias",-5126.81836119684,-1622.59014217743,27.3461553712492,-1.52597053821882,0.0022057096720461,0.438254930539045,-0.639545462423128,40.5555370464591,3242,"Squalus acanthias",286.15,TRUE,-1.49999369309322,0.223131567413988,0.86044823067009
"Chondrichthyes","Squaliformes","Squalidae","Squalus","acanthias",1615.00000123787,1.61500000123787,0.307797284761691,"W",9,"C","J. G. Rubalcaba, W. C. E. P. Verberk, A. J. Hendriks. B. Saris, H. A. Woods, Oxygen limitation may affect the temperature and size dependence of metabolism in aquatic ectotherms. Proc. Natl. Acad. Sci. U.S.A. 117, 31963-3196 (2020).","Squalus acanthias",-5126.81836119684,-1622.59014217743,27.3461553712492,-1.52597053821882,0.0022057096720461,0.479334957441101,-1.17831387905327,41.1304870666109,3243,"Squalus acanthias",282.15,TRUE,-1.5519584879792,0.211832695512927,0.373644608925927
"Chondrichthyes","Squaliformes","Squalidae","Squalus","acanthias",1750.00000126408,1.75000000126408,0.682459270106291,"W",13,"C","J. G. Rubalcaba, W. C. E. P. Verberk, A. J. Hendriks. B. Saris, H. A. Woods, Oxygen limitation may affect the temperature and size dependence of metabolism in aquatic ectotherms. Proc. Natl. Acad. Sci. U.S.A. 117, 31963-3196 (2020).","Squalus acanthias",-5126.81836119684,-1622.59014217743,27.3461553712492,-1.52597053821882,0.0022057096720461,0.559615788657757,-0.382052431203735,40.5555370464591,3244,"Squalus acanthias",286.15,TRUE,-1.40435374035841,0.24552567852889,1.02230130915468
"Chondrichthyes","Squaliformes","Squalidae","Squalus","acanthias",1811.99999857811,1.81199999857811,0.329645434286282,"W",9,"C","J. G. Rubalcaba, W. C. E. P. Verberk, A. J. Hendriks. B. Saris, H. A. Woods, Oxygen limitation may affect the temperature and size dependence of metabolism in aquatic ectotherms. Proc. Natl. Acad. Sci. U.S.A. 117, 31963-3196 (2020).","Squalus acanthias",-5126.81836119684,-1622.59014217743,27.3461553712492,-1.52597053821882,0.0022057096720461,0.594431206836081,-1.10973764370445,41.1304870666109,3245,"Squalus acanthias",282.15,TRUE,-1.46125543904951,0.23194489918214,0.351517795345064
"Chondrichthyes","Squaliformes","Squalidae","Squalus","acanthias",1854.00000081761,1.85400000081761,0.504132681084584,"W",10,"C","J. G. Rubalcaba, W. C. E. P. Verberk, A. J. Hendriks. B. Saris, H. A. Woods, Oxygen limitation may affect the temperature and size dependence of metabolism in aquatic ectotherms. Proc. Natl. Acad. Sci. U.S.A. 117, 31963-3196 (2020).","Squalus acanthias",-5126.81836119684,-1622.59014217743,27.3461553712492,-1.52597053821882,0.0022057096720461,0.617345467584659,-0.684915789436374,40.9852266496354,3246,"Squalus acanthias",283.15,TRUE,-1.42188956707447,0.241257713293172,0.736973777638092
"Chondrichthyes","Squaliformes","Squalidae","Squalus","acanthias",1854.00000081761,1.85400000081761,0.779114143612106,"W",10,"C","J. G. Rubalcaba, W. C. E. P. Verberk, A. J. Hendriks. B. Saris, H. A. Woods, Oxygen limitation may affect the temperature and size dependence of metabolism in aquatic ectotherms. Proc. Natl. Acad. Sci. U.S.A. 117, 31963-3196 (2020).","Squalus acanthias",-5126.81836119684,-1622.59014217743,27.3461553712492,-1.52597053821882,0.0022057096720461,0.617345467584659,-0.249597718027397,40.9852266496354,3247,"Squalus acanthias",283.15,TRUE,-1.42188956707447,0.241257713293172,1.17229184904707
"Chondrichthyes","Squaliformes","Squalidae","Squalus","acanthias",1854.00000081761,1.85400000081761,1.35963056386247,"W",10,"C","J. G. Rubalcaba, W. C. E. P. Verberk, A. J. Hendriks. B. Saris, H. A. Woods, Oxygen limitation may affect the temperature and size dependence of metabolism in aquatic ectotherms. Proc. Natl. Acad. Sci. U.S.A. 117, 31963-3196 (2020).","Squalus acanthias",-5126.81836119684,-1622.59014217743,27.3461553712492,-1.52597053821882,0.0022057096720461,0.617345467584659,0.307213018627212,40.9852266496354,3248,"Squalus acanthias",283.15,TRUE,-1.42188956707447,0.241257713293172,1.72910258570168
"Chondrichthyes","Squaliformes","Squalidae","Squalus","acanthias",1870.00000199576,1.87000000199576,0.715997268545176,"W",13,"C","J. G. Rubalcaba, W. C. E. P. Verberk, A. J. Hendriks. B. Saris, H. A. Woods, Oxygen limitation may affect the temperature and size dependence of metabolism in aquatic ectotherms. Proc. Natl. Acad. Sci. U.S.A. 117, 31963-3196 (2020).","Squalus acanthias",-5126.81836119684,-1622.59014217743,27.3461553712492,-1.52597053821882,0.0022057096720461,0.625938431933746,-0.334078926909807,40.5555370464591,3249,"Squalus acanthias",286.15,TRUE,-1.35208734601602,0.258699700884541,1.01800841910621
"Chondrichthyes","Squaliformes","Squalidae","Squalus","acanthias",2059.99999824899,2.05999999824899,0.848708217414419,"W",10,"C","J. G. Rubalcaba, W. C. E. P. Verberk, A. J. Hendriks. B. Saris, H. A. Woods, Oxygen limitation may affect the temperature and size dependence of metabolism in aquatic ectotherms. Proc. Natl. Acad. Sci. U.S.A. 117, 31963-3196 (2020).","Squalus acanthias",-5126.81836119684,-1622.59014217743,27.3461553712492,-1.52597053821882,0.0022057096720461,0.722705981951484,-0.164039829698698,40.9852266496354,3250,"Squalus acanthias",283.15,TRUE,-1.33885888675164,0.262144634686419,1.17481905705295
"Chondrichthyes","Squaliformes","Squalidae","Squalus","acanthias",2699.99999901158,2.69999999901158,0.8997826636543,"W",13,"C","J. G. Rubalcaba, W. C. E. P. Verberk, A. J. Hendriks. B. Saris, H. A. Woods, Oxygen limitation may affect the temperature and size dependence of metabolism in aquatic ectotherms. Proc. Natl. Acad. Sci. U.S.A. 117, 31963-3196 (2020).","Squalus acanthias",-5126.81836119684,-1622.59014217743,27.3461553712492,-1.52597053821882,0.0022057096720461,0.993251772644202,-0.105602029648538,40.5555370464591,3251,"Squalus acanthias",286.15,TRUE,-1.06262144169579,0.345548785998231,0.95701941204725
"Chondrichthyes","Squaliformes","Squalidae","Squalus","acanthias",3300.00000092788,3.30000000092788,1.19332878090863,"W",13,"C","J. G. Rubalcaba, W. C. E. P. Verberk, A. J. Hendriks. B. Saris, H. A. Woods, Oxygen limitation may affect the temperature and size dependence of metabolism in aquatic ectotherms. Proc. Natl. Acad. Sci. U.S.A. 117, 31963-3196 (2020).","Squalus acanthias",-5126.81836119684,-1622.59014217743,27.3461553712492,-1.52597053821882,0.0022057096720461,1.19392246875361,0.176746696856183,40.5555370464591,3252,"Squalus acanthias",286.15,TRUE,-0.904480372254834,0.404752150915844,1.08122706911102
"Chondrichthyes","Squaliformes","Squalidae","Squalus","acanthias",3499.99999717711,3.49999999717711,1.61842598965811,"W",11,"C","J. G. Rubalcaba, W. C. E. P. Verberk, A. J. Hendriks. B. Saris, H. A. Woods, Oxygen limitation may affect the temperature and size dependence of metabolism in aquatic ectotherms. Proc. Natl. Acad. Sci. U.S.A. 117, 31963-3196 (2020).","Squalus acanthias",-5126.81836119684,-1622.59014217743,27.3461553712492,-1.52597053821882,0.0022057096720461,1.25276296768883,0.481454065601891,40.8409886533319,3253,"Squalus acanthias",284.15,TRUE,-0.899982780203473,0.406576660847693,1.38143684580536
"Chondrichthyes","Squaliformes","Squalidae","Squalus","acanthias",4600.00000337274,4.60000000337274,1.53296305646862,"W",13,"C","J. G. Rubalcaba, W. C. E. P. Verberk, A. J. Hendriks. B. Saris, H. A. Woods, Oxygen limitation may affect the temperature and size dependence of metabolism in aquatic ectotherms. Proc. Natl. Acad. Sci. U.S.A. 117, 31963-3196 (2020).","Squalus acanthias",-5126.81836119684,-1622.59014217743,27.3461553712492,-1.52597053821882,0.0022057096720461,1.52605630422825,0.427202500752996,40.5555370464591,3254,"Squalus acanthias",286.15,TRUE,-0.642738120108317,0.52585060888616,1.06994062086131
"Chondrichthyes","Squaliformes","Squalidae","Squalus","acanthias",5759.99999438699,5.75999999438699,2.00121874726167,"W",13,"C","J. G. Rubalcaba, W. C. E. P. Verberk, A. J. Hendriks. B. Saris, H. A. Woods, Oxygen limitation may affect the temperature and size dependence of metabolism in aquatic ectotherms. Proc. Natl. Acad. Sci. U.S.A. 117, 31963-3196 (2020).","Squalus acanthias",-5126.81836119684,-1622.59014217743,27.3461553712492,-1.52597053821882,0.0022057096720461,1.75093747373332,0.693756368598063,40.5555370464591,3255,"Squalus acanthias",286.15,TRUE,-0.46551768218611,0.627810014989177,1.15927405078417
"Chondrichthyes","Squaliformes","Squalidae","Squalus","acanthias",7039.99999769634,7.03999999769634,2.396017003407,"W",13,"C","J. G. Rubalcaba, W. C. E. P. Verberk, A. J. Hendriks. B. Saris, H. A. Woods, Oxygen limitation may affect the temperature and size dependence of metabolism in aquatic ectotherms. Proc. Natl. Acad. Sci. U.S.A. 117, 31963-3196 (2020).","Squalus acanthias",-5126.81836119684,-1622.59014217743,27.3461553712492,-1.52597053821882,0.0022057096720461,1.95160816984273,0.873807776808574,40.5555370464591,3256,"Squalus acanthias",286.15,TRUE,-0.307376612745157,0.735373597679716,1.18118438955373
"Chondrichthyes","Squaliformes","Squalidae","Squalus","acanthias",7850.00000460464,7.85000000460464,2.17075226563026,"W",13,"C","J. G. Rubalcaba, W. C. E. P. Verberk, A. J. Hendriks. B. Saris, H. A. Woods, Oxygen limitation may affect the temperature and size dependence of metabolism in aquatic ectotherms. Proc. Natl. Acad. Sci. U.S.A. 117, 31963-3196 (2020).","Squalus acanthias",-5126.81836119684,-1622.59014217743,27.3461553712492,-1.52597053821882,0.0022057096720461,2.06051353238089,0.775073773666589,40.5555370464591,3257,"Squalus acanthias",286.15,TRUE,-0.221552370174877,0.801273958191799,0.996626143841466
"Chondrichthyes","Squaliformes","Squalidae","Squalus","acanthias",8969.99999908931,8.96999999908931,1.59004146808097,"W",13,"C","J. G. Rubalcaba, W. C. E. P. Verberk, A. J. Hendriks. B. Saris, H. A. Woods, Oxygen limitation may affect the temperature and size dependence of metabolism in aquatic ectotherms. Proc. Natl. Acad. Sci. U.S.A. 117, 31963-3196 (2020).","Squalus acanthias",-5126.81836119684,-1622.59014217743,27.3461553712492,-1.52597053821882,0.0022057096720461,2.19388567596918,0.463760096446119,40.5555370464591,3258,"Squalus acanthias",286.15,TRUE,-0.116446772648151,0.890077472182623,0.580206869094269
"Insecta","Orthoptera","Gryllidae","Acheta","domesticus",0.369,0.0003689999999999,0.0011385999999999,"W",25,"C","A. M. Makarieva et al., Mean mass-specific metabolic rates are strikingly similar across life's major domains: Evidence for life's metabolic optimum. Proc. Natl. Acad. Sci. U.S.A. 105, 16994-16999 (2008).","Acheta domesticus",-5126.81836119685,-1622.5901421774,27.3461553712044,-1.52597053816768,0.0022057096609492,-7.90471391392402,-6.77795584144738,38.9232497932056,3334,"Acheta domesticus",298.15,TRUE,-7.83533796375324,0.000395508624763854,1.05738212230586
"Insecta","Coleoptera","Carabidae","Amara","quenseli",0.015,1.5e-05,1.4e-06,"W",25,"C","A. M. Makarieva et al., Mean mass-specific metabolic rates are strikingly similar across life's major domains: Evidence for life's metabolic optimum. Proc. Natl. Acad. Sci. U.S.A. 105, 16994-16999 (2008).","Amara quenseli",-5126.81836119685,-1622.5901421774,27.3461553712044,-1.52597053816768,0.0022057096609492,-11.1074603568621,-13.4790383213431,38.9232497932056,3335,"Amara quenseli",298.15,TRUE,-10.3593026354973,3.1696552545678e-05,-3.11973568584577
"Insecta","Odonata","Aeshnidae","Anax","junius",1.019,0.001019,0.0041483999999999,"W",25,"C","A. M. Makarieva et al., Mean mass-specific metabolic rates are strikingly similar across life's major domains: Evidence for life's metabolic optimum. Proc. Natl. Acad. Sci. U.S.A. 105, 16994-16999 (2008).","Anax junius",-5126.81836119685,-1622.5901421774,27.3461553712044,-1.52597053816768,0.0022057096609492,-6.88893352474155,-5.48503256124872,38.9232497932056,3337,"Anax junius",298.15,TRUE,-7.03483943468609,0.000880659556953619,1.54980687343737
"Insecta","Hymenoptera","Apidae","Apis","mellifera",0.0944,9.44e-05,0.0006069,"W",25,"C","A. M. Makarieva et al., Mean mass-specific metabolic rates are strikingly similar across life's major domains: Evidence for life's metabolic optimum. Proc. Natl. Acad. Sci. U.S.A. 105, 16994-16999 (2008).","Apis mellifera",-5126.81836119685,-1622.5901421774,27.3461553712044,-1.52597053816768,0.0022057096609492,-9.26796948481282,-7.40714652512246,38.9232497932056,3340,"Apis mellifera",298.15,TRUE,-8.90966868608328,0.000135076579326511,1.50252216096082
"Insecta","Coleoptera","Tenebrionidae","Blaps","gigas",1.776,0.001776,0.0045083,"W",25,"C","A. M. Makarieva et al., Mean mass-specific metabolic rates are strikingly similar across life's major domains: Evidence for life's metabolic optimum. Proc. Natl. Acad. Sci. U.S.A. 105, 16994-16999 (2008).","Blaps gigas",-5126.81836119685,-1622.5901421774,27.3461553712044,-1.52597053816768,0.0022057096609492,-6.33339163441216,-5.40183513666038,38.9232497932056,3343,"Blaps gigas",298.15,TRUE,-6.59703765117087,0.00136440389707158,1.19520251451049
"Insecta","Lepidoptera","Bombycidae","Bombyx","mori",0.49,0.00049,0.0034926,"W",25,"C","A. M. Makarieva et al., Mean mass-specific metabolic rates are strikingly similar across life's major domains: Evidence for life's metabolic optimum. Proc. Natl. Acad. Sci. U.S.A. 105, 16994-16999 (2008).","Bombyx mori",-5126.81836119685,-1622.5901421774,27.3461553712044,-1.52597053816768,0.0022057096609492,-7.6211051668596,-5.65710883445853,38.9232497932056,3345,"Bombyx mori",298.15,TRUE,-7.61183651868364,0.000494562750204782,1.95472768422511
"Insecta","Hymenoptera","Formicidae","Cataglyphis","bicolor",0.034,3.4e-05,3.78e-05,"W",25,"C","A. M. Makarieva et al., Mean mass-specific metabolic rates are strikingly similar across life's major domains: Evidence for life's metabolic optimum. Proc. Natl. Acad. Sci. U.S.A. 105, 16994-16999 (2008).","Cataglyphis bicolor",-5126.81836119685,-1622.5901421774,27.3461553712044,-1.52597053816712,0.002205709661204,-10.2891500333481,-10.1832014553387,38.9232497932056,3349,"Cataglyphis bicolor",298.15,TRUE,-9.71442287874141,6.04059541800983e-05,-0.468778576597323
"Insecta","Coleoptera","Carabidae","Cicindela","longilabris",0.1243,0.0001242999999999,0.0002696,"W",25,"C","A. M. Makarieva et al., Mean mass-specific metabolic rates are strikingly similar across life's major domains: Evidence for life's metabolic optimum. Proc. Natl. Acad. Sci. U.S.A. 105, 16994-16999 (2008).","Cicindela longilabris",-5126.81836119685,-1622.5901421774,27.3461553712044,-1.52597053816768,0.0022057096609492,-8.99281255944841,-8.21857117892612,38.9232497932056,3350,"Cicindela longilabris",298.15,TRUE,-8.69282780555189,0.000167784891696241,0.474256626625767
"Insecta","Coleoptera","Carabidae","Cicindela","repanda",0.0634,6.34e-05,0.0001454999999999,"W",25,"C","A. M. Makarieva et al., Mean mass-specific metabolic rates are strikingly similar across life's major domains: Evidence for life's metabolic optimum. Proc. Natl. Acad. Sci. U.S.A. 105, 16994-16999 (2008).","Cicindela repanda",-5126.81836119685,-1622.5901421774,27.3461553712044,-1.52597053816768,0.0022057096609492,-9.66604669652109,-8.83533447135341,38.9232497932056,3351,"Cicindela repanda",298.15,TRUE,-9.22337844640273,9.87046553073349e-05,0.388043975049319
"Insecta","Orthoptera","Tettigoniidae","Conocephalus","fasciatus",0.05137,5.137e-05,0.0007171,"W",25,"C","A. M. Makarieva et al., Mean mass-specific metabolic rates are strikingly similar across life's major domains: Evidence for life's metabolic optimum. Proc. Natl. Acad. Sci. U.S.A. 105, 16994-16999 (2008).","Conocephalus fasciatus",-5126.81836119685,-1622.5901421774,27.3461553712044,-1.52597053816768,0.0022057096609492,-9.8764562134851,-7.24029525707575,38.9232497932056,3353,"Conocephalus fasciatus",298.15,TRUE,-9.38919431627493,8.36228026348941e-05,2.14889905919919
"Insecta","Diptera","Culicidae","Culex","tarsalis",0.00223,2.23e-06,0.000236,"W",25,"C","A. M. Makarieva et al., Mean mass-specific metabolic rates are strikingly similar across life's major domains: Evidence for life's metabolic optimum. Proc. Natl. Acad. Sci. U.S.A. 105, 16994-16999 (2008).","Culex tarsalis",-5126.81836119685,-1622.5901421774,27.3461553712044,-1.52597053816768,0.0022057096609492,-13.0135089724922,-8.35167875293866,38.9232497932056,3355,"Culex tarsalis",298.15,TRUE,-11.86138825301,7.05772177701487e-06,3.50970950007134
"Insecta","Lepidoptera","Sphingidae","Deilephila","elpenor",0.6,6e-04,0.0008932,"W",25,"C","A. M. Makarieva et al., Mean mass-specific metabolic rates are strikingly similar across life's major domains: Evidence for life's metabolic optimum. Proc. Natl. Acad. Sci. U.S.A. 105, 16994-16999 (2008).","Deilephila elpenor",-5126.81836119685,-1622.5901421774,27.3461553712044,-1.52597053816768,0.0022057096609492,-7.41858090274813,-7.02070003799827,38.9232497932056,3356,"Deilephila elpenor",298.15,TRUE,-7.45223472163367,0.000580143702817497,0.431534683635396
"Insecta","Diptera","Drosophilidae","Drosophila","americana",0.0011,1.1e-06,1.53e-05,"W",25,"C","A. M. Makarieva et al., Mean mass-specific metabolic rates are strikingly similar across life's major domains: Evidence for life's metabolic optimum. Proc. Natl. Acad. Sci. U.S.A. 105, 16994-16999 (2008).","Drosophila americana",-5126.81836119685,-1622.5901421774,27.3461553712044,-1.52597053816768,0.0022057096609492,-13.7202003781599,-11.0876577295659,38.9232497932056,3357,"Drosophila americana",298.15,TRUE,-12.4183053157589,4.04388248730221e-06,1.33064758619298
"Insecta","Diptera","Drosophilidae","Drosophila","melanogaster",0.00095,9.5e-07,3.2e-05,"W",25,"C","A. M. Makarieva et al., Mean mass-specific metabolic rates are strikingly similar across life's major domains: Evidence for life's metabolic optimum. Proc. Natl. Acad. Sci. U.S.A. 105, 16994-16999 (2008).","Drosophila melanogaster",-5126.81836119685,-1622.5901421774,27.3461553712044,-1.52597053816768,0.0022057096609492,-13.8668038523518,-10.3497746551645,38.9232497932056,3358,"Drosophila melanogaster",298.15,TRUE,-12.5338380300114,3.60266023938213e-06,2.18406337484684
"Insecta","Diptera","Drosophilidae","Drosophila","mimica",0.00244,2.44e-06,4.95e-05,"W",25,"C","A. M. Makarieva et al., Mean mass-specific metabolic rates are strikingly similar across life's major domains: Evidence for life's metabolic optimum. Proc. Natl. Acad. Sci. U.S.A. 105, 16994-16999 (2008).","Drosophila mimica",-5126.81836119685,-1622.5901421774,27.3461553712044,-1.52597053816768,0.0022057096609492,-12.9235125186592,-9.91353788838963,38.9232497932056,3359,"Drosophila mimica",298.15,TRUE,-11.7904654140954,7.57645296731626e-06,1.87692752570573
"Insecta","Diptera","Drosophilidae","Drosophila","nikananu",0.00049,4.9e-07,1.94e-05,"W",25,"C","A. M. Makarieva et al., Mean mass-specific metabolic rates are strikingly similar across life's major domains: Evidence for life's metabolic optimum. Proc. Natl. Acad. Sci. U.S.A. 105, 16994-16999 (2008).","Drosophila nikananu",-5126.81836119685,-1622.5901421774,27.3461553712044,-1.52597053816768,0.0022057096609492,-14.5288604458417,-10.850237491895,38.9232497932056,3360,"Drosophila nikananu",298.15,TRUE,-13.0555800668649,2.13812759643297e-06,2.20534257496988
"Insecta","Diptera","Drosophilidae","Drosophila","repleta",0.00343,3.43e-06,3.23e-05,"W",25,"C","A. M. Makarieva et al., Mean mass-specific metabolic rates are strikingly similar across life's major domains: Evidence for life's metabolic optimum. Proc. Natl. Acad. Sci. U.S.A. 105, 16994-16999 (2008).","Drosophila repleta",-5126.81836119685,-1622.5901421774,27.3461553712044,-1.52597053816768,0.0022057096609492,-12.5829502967864,-10.3404433277357,38.9232497932056,3361,"Drosophila repleta",298.15,TRUE,-11.5220810658955,9.90886183969736e-06,1.1816377381598
"Insecta","Diptera","Drosophilidae","Drosophila","virilis",0.00167,1.67e-06,4.57e-05,"W",25,"C","A. M. Makarieva et al., Mean mass-specific metabolic rates are strikingly similar across life's major domains: Evidence for life's metabolic optimum. Proc. Natl. Acad. Sci. U.S.A. 105, 16994-16999 (2008).","Drosophila virilis",-5126.81836119685,-1622.5901421774,27.3461553712044,-1.52597053816768,0.0022057096609492,-13.3026869315356,-9.99341226006412,38.9232497932056,3362,"Drosophila virilis",298.15,TRUE,-12.0892785857217,5.6194397607796e-06,2.09586632565763
"Insecta","Lepidoptera","Saturniidae","Eacles","imperialis",1.105,0.001105,0.0032829,"W",25,"C","A. M. Makarieva et al., Mean mass-specific metabolic rates are strikingly similar across life's major domains: Evidence for life's metabolic optimum. Proc. Natl. Acad. Sci. U.S.A. 105, 16994-16999 (2008).","Eacles imperialis",-5126.81836119685,-1622.5901421774,27.3461553712044,-1.52597053816768,0.0022057096609492,-6.80790994401242,-5.71902810087177,38.9232497932056,3363,"Eacles imperialis",298.15,TRUE,-6.97098778143097,0.00093872519240863,1.25195968055921
"Insecta","Hymenoptera","Formicidae","Eciton","hamatum",0.006,6e-06,2.53e-05,"W",25,"C","A. M. Makarieva et al., Mean mass-specific metabolic rates are strikingly similar across life's major domains: Evidence for life's metabolic optimum. Proc. Natl. Acad. Sci. U.S.A. 105, 16994-16999 (2008).","Eciton hamatum",-5126.81836119685,-1622.5901421774,27.3461553712044,-1.52597053816768,0.0022057096609492,-12.0237510887362,-10.5847061622308,38.9232497932056,3364,"Eciton hamatum",298.15,TRUE,-11.0813970870878,1.53960883033177e-05,0.496690924857022
"Insecta","Lepidoptera","Sphingidae","Enyo","ocypete",0.45333,0.00045333,0.0011487,"W",25,"C","A. M. Makarieva et al., Mean mass-specific metabolic rates are strikingly similar across life's major domains: Evidence for life's metabolic optimum. Proc. Natl. Acad. Sci. U.S.A. 105, 16994-16999 (2008).","Enyo ocypete",-5126.81836119685,-1622.5901421774,27.3461553712044,-1.52597053816768,0.0022057096609492,-7.6988902208705,-6.76912441081292,38.9232497932056,3365,"Enyo ocypete",298.15,TRUE,-7.67313601017042,0.000465156797556073,0.904011599357506
"Insecta","Lepidoptera","Sphingidae","Erinnyis","ello",1.21,0.00121,0.0041353999999999,"W",25,"C","A. M. Makarieva et al., Mean mass-specific metabolic rates are strikingly similar across life's major domains: Evidence for life's metabolic optimum. Proc. Natl. Acad. Sci. U.S.A. 105, 16994-16999 (2008).","Erinnyis ello",-5126.81836119685,-1622.5901421774,27.3461553712044,-1.52597053816768,0.0022057096609492,-6.71713491937349,-5.48817121999763,38.9232497932056,3366,"Erinnyis ello",298.15,TRUE,-6.89945137998697,0.00100833847199507,1.41128015998934
"Insecta","Odonata","Libellulidae","Erythemis","simplicicollis",0.263,0.000263,0.0008774999999999,"W",25,"C","A. M. Makarieva et al., Mean mass-specific metabolic rates are strikingly similar across life's major domains: Evidence for life's metabolic optimum. Proc. Natl. Acad. Sci. U.S.A. 105, 16994-16999 (2008).","Erythemis simplicicollis",-5126.81836119685,-1622.5901421774,27.3461553712044,-1.52597053816768,0.0022057096609492,-8.24335652578651,-7.03843360262437,38.9232497932056,3367,"Erythemis simplicicollis",298.15,TRUE,-8.10220953910779,0.000302869196885727,1.06377593648343
"Insecta","Lepidoptera","Pyralidae","Galleria","mellonella",0.0536,5.36e-05,0.0006349999999999,"W",25,"C","A. M. Makarieva et al., Mean mass-specific metabolic rates are strikingly similar across life's major domains: Evidence for life's metabolic optimum. Proc. Natl. Acad. Sci. U.S.A. 105, 16994-16999 (2008).","Galleria mellonella",-5126.81836119685,-1622.5901421774,27.3461553712044,-1.52597053816768,0.0022057096609492,-9.83396148988752,-7.36188555907174,38.9232497932056,3368,"Galleria mellonella",298.15,TRUE,-9.3557058141388,8.64706235247184e-05,1.99382025506706
"Insecta","Lepidoptera","Notodontidae","Hapigia","simplex",0.478,0.000478,0.001584,"W",25,"C","A. M. Makarieva et al., Mean mass-specific metabolic rates are strikingly similar across life's major domains: Evidence for life's metabolic optimum. Proc. Natl. Acad. Sci. U.S.A. 105, 16994-16999 (2008).","Hapigia simplex",-5126.81836119685,-1622.5901421774,27.3461553712044,-1.52597053816768,0.0022057096609492,-7.64589982547282,-6.4478019855899,38.9232497932056,3370,"Hapigia simplex",298.15,TRUE,-7.63137626168318,0.000484992921643303,1.18357427609328
"Insecta","Coleoptera","Curculionidae","Hypera","postica",0.0058,5.8e-06,0.0001595,"W",25,"C","A. M. Makarieva et al., Mean mass-specific metabolic rates are strikingly similar across life's major domains: Evidence for life's metabolic optimum. Proc. Natl. Acad. Sci. U.S.A. 105, 16994-16999 (2008).","Hypera postica",-5126.81836119685,-1622.5901421774,27.3461553712044,-1.52597053816768,0.0022057096609492,-12.0576526404119,-8.74346663573938,38.9232497932056,3374,"Hypera postica",298.15,TRUE,-11.1081136318631,1.49902040750488e-05,2.36464699612376
"Insecta","Coleoptera","Curculionidae","Ips","acuminatus",0.00284,2.84e-06,3.63e-05,"W",25,"C","A. M. Makarieva et al., Mean mass-specific metabolic rates are strikingly similar across life's major domains: Evidence for life's metabolic optimum. Proc. Natl. Acad. Sci. U.S.A. 105, 16994-16999 (2008).","Ips acuminatus",-5126.81836119685,-1622.5901421774,27.3461553712044,-1.52597053816768,0.0022057096609492,-12.7717065057912,-10.2236928166935,38.9232497932056,3375,"Ips acuminatus",298.15,TRUE,-11.6708327737151,8.53928930044574e-06,1.44713995702163
"Insecta","Hymenoptera","Formicidae","Leptogenys","attenuata",0.004,4e-06,1.23e-05,"W",25,"C","A. M. Makarieva et al., Mean mass-specific metabolic rates are strikingly similar across life's major domains: Evidence for life's metabolic optimum. Proc. Natl. Acad. Sci. U.S.A. 105, 16994-16999 (2008).","Leptogenys attenuata",-5126.81836119685,-1622.5901421774,27.3461553712044,-1.52597053816768,0.0022057096609492,-12.4292161968444,-11.3059112955859,38.9232497932056,3376,"Leptogenys attenuata",298.15,TRUE,-11.400928972213,1.1185089377558e-05,0.0950176766270765
"Insecta","Odonata","Libellulidae","Libellula","auripennis",0.464,0.000464,0.0013961,"W",25,"C","A. M. Makarieva et al., Mean mass-specific metabolic rates are strikingly similar across life's major domains: Evidence for life's metabolic optimum. Proc. Natl. Acad. Sci. U.S.A. 105, 16994-16999 (2008).","Libellula auripennis",-5126.81836119685,-1622.5901421774,27.3461553712044,-1.52597053816768,0.0022057096609492,-7.67562600573802,-6.57407264396967,38.9232497932056,3377,"Libellula auripennis",298.15,TRUE,-7.65480235243123,0.000473763477970089,1.08072970846156
"Insecta","Odonata","Libellulidae","Libellula","needhami",0.518,0.000518,0.0016752999999999,"W",25,"C","A. M. Makarieva et al., Mean mass-specific metabolic rates are strikingly similar across life's major domains: Evidence for life's metabolic optimum. Proc. Natl. Acad. Sci. U.S.A. 105, 16994-16999 (2008).","Libellula needhami",-5126.81836119685,-1622.5901421774,27.3461553712044,-1.52597053816768,0.0022057096609492,-7.56553531570479,-6.39176302526485,38.9232497932056,3378,"Libellula needhami",298.15,TRUE,-7.56804399759972,0.000516702131428797,1.17628097233487
"Insecta","Lepidoptera","Sphingidae","Manduca","rustica",2.81,0.00281,0.0067049,"W",25,"C","A. M. Makarieva et al., Mean mass-specific metabolic rates are strikingly similar across life's major domains: Evidence for life's metabolic optimum. Proc. Natl. Acad. Sci. U.S.A. 105, 16994-16999 (2008).","Manduca rustica",-5126.81836119685,-1622.5901421774,27.3461553712044,-1.52597053816768,0.0022057096609492,-5.87457079563648,-5.00491667660282,38.9232497932056,3382,"Manduca rustica",298.15,TRUE,-6.23545811049782,0.0019587316932089,1.230541433895
"Insecta","Orthoptera","Acrididae","Melanoplus","bivittatus",1.65,0.00165,0.005057,"W",25,"C","A. M. Makarieva et al., Mean mass-specific metabolic rates are strikingly similar across life's major domains: Evidence for life's metabolic optimum. Proc. Natl. Acad. Sci. U.S.A. 105, 16994-16999 (2008).","Melanoplus bivittatus",-5126.81836119685,-1622.5901421774,27.3461553712044,-1.52597053816768,0.0022057096609492,-6.40697999106965,-5.28698185688429,38.9232497932056,3383,"Melanoplus bivittatus",298.15,TRUE,-6.65502988245248,0.00128752966817073,1.36804802556818
"Insecta","Odonata","Libellulidae","Miathyria","marcella",0.0171,1.71e-05,0.0007658999999999,"W",25,"C","A. M. Makarieva et al., Mean mass-specific metabolic rates are strikingly similar across life's major domains: Evidence for life's metabolic optimum. Proc. Natl. Acad. Sci. U.S.A. 105, 16994-16999 (2008).","Miathyria marcella",-5126.81836119685,-1622.5901421774,27.3461553712044,-1.52597053816768,0.0022057096609492,-10.9764320944557,-7.17445894504886,38.9232497932056,3384,"Miathyria marcella",298.15,TRUE,-10.2560441630562,3.51444388892555e-05,3.08158521800739
"Insecta","Lepidoptera","Sphingidae","Mimas","tiliae",0.32,0.00032,0.0016668,"W",25,"C","A. M. Makarieva et al., Mean mass-specific metabolic rates are strikingly similar across life's major domains: Evidence for life's metabolic optimum. Proc. Natl. Acad. Sci. U.S.A. 105, 16994-16999 (2008).","Mimas tiliae",-5126.81836119685,-1622.5901421774,27.3461553712044,-1.52597053816768,0.0022057096609492,-8.0471895621705,-6.39684965841598,38.9232497932056,3387,"Mimas tiliae",298.15,TRUE,-7.94761769278108,0.000353503315791312,1.55076803436511
"Insecta","Diptera","Muscidae","Musca","domestica",0.018,1.8e-05,0.0005876,"W",25,"C","A. M. Makarieva et al., Mean mass-specific metabolic rates are strikingly similar across life's major domains: Evidence for life's metabolic optimum. Proc. Natl. Acad. Sci. U.S.A. 105, 16994-16999 (2008).","Musca domestica",-5126.81836119685,-1622.5901421774,27.3461553712044,-1.52597053816768,0.0022057096609492,-10.9251388000681,-7.43946411366455,38.9232497932056,3388,"Musca domestica",298.15,TRUE,-10.2156218363944,3.65941620761916e-05,2.77615772272984
"Insecta","Orthoptera","Oecanthidae","Oecanthus","quadripunctatus",0.05,5e-05,0.0001343,"W",25,"C","A. M. Makarieva et al., Mean mass-specific metabolic rates are strikingly similar across life's major domains: Evidence for life's metabolic optimum. Proc. Natl. Acad. Sci. U.S.A. 105, 16994-16999 (2008).","Oecanthus quadripunctatus",-5126.81836119685,-1622.5901421774,27.3461553712044,-1.52597053816768,0.0022057096609492,-9.90348755253613,-8.91543445443508,38.9232497932056,3392,"Oecanthus quadripunctatus",298.15,TRUE,-9.41049670346365,8.18602769685698e-05,0.495062249028564
"Insecta","Coleoptera","Trogidae","Omorgus","radula",0.207,0.000207,0.0001141,"W",25,"C","A. M. Makarieva et al., Mean mass-specific metabolic rates are strikingly similar across life's major domains: Evidence for life's metabolic optimum. Proc. Natl. Acad. Sci. U.S.A. 105, 16994-16999 (2008).","Omorgus radula",-5126.81836119685,-1622.5901421774,27.3461553712044,-1.52597053816768,0.0022057096609492,-8.48279176469891,-9.07843530109624,38.9232497932056,3393,"Omorgus radula",298.15,TRUE,-8.29089949472948,0.000250788778073656,-0.787535806366767
"Insecta","Lepidoptera","Sphingidae","Oryba","achemenides",2.8085,0.0028085,0.006058,"W",25,"C","A. M. Makarieva et al., Mean mass-specific metabolic rates are strikingly similar across life's major domains: Evidence for life's metabolic optimum. Proc. Natl. Acad. Sci. U.S.A. 105, 16994-16999 (2008).","Oryba achemenides",-5126.81836119685,-1622.5901421774,27.3461553712044,-1.52597053816768,0.0022057096609492,-5.87510474599179,-5.10637556637709,38.9232497932056,3395,"Oryba achemenides",298.15,TRUE,-6.23587889680022,0.0019579076591256,1.12950333042313
"Insecta","Odonata","Libellulidae","Pachydiplax","longipennis",0.2,2e-04,0.0017652,"W",25,"C","A. M. Makarieva et al., Mean mass-specific metabolic rates are strikingly similar across life's major domains: Evidence for life's metabolic optimum. Proc. Natl. Acad. Sci. U.S.A. 105, 16994-16999 (2008).","Pachydiplax longipennis",-5126.81836119685,-1622.5901421774,27.3461553712044,-1.52597053816768,0.0022057096609492,-8.51719319141624,-6.33949128056888,38.9232497932056,3396,"Pachydiplax longipennis",298.15,TRUE,-8.3180099723271,0.000244081109401957,1.97851869175822
"Insecta","Lepidoptera","Sphingidae","Pachylia","ficus",3.225,0.003225,0.0051148999999999,"W",25,"C","A. M. Makarieva et al., Mean mass-specific metabolic rates are strikingly similar across life's major domains: Evidence for life's metabolic optimum. Proc. Natl. Acad. Sci. U.S.A. 105, 16994-16999 (2008).","Pachylia ficus",-5126.81836119685,-1622.5901421774,27.3461553712044,-1.52597053816768,0.0022057096609492,-5.7368223287344,-5.27559743011181,38.9232497932056,3397,"Pachylia ficus",298.15,TRUE,-6.12690369626551,0.00218333076079522,0.851306266153702
"Insecta","Lepidoptera","Sphingidae","Perigonia","lusca",0.55833,0.00055833,0.0022651999999999,"W",25,"C","A. M. Makarieva et al., Mean mass-specific metabolic rates are strikingly similar across life's major domains: Evidence for life's metabolic optimum. Proc. Natl. Acad. Sci. U.S.A. 105, 16994-16999 (2008).","Perigonia lusca",-5126.81836119685,-1622.5901421774,27.3461553712044,-1.52597053816768,0.0022057096609492,-7.49056037254029,-6.09009222372467,38.9232497932056,3399,"Perigonia lusca",298.15,TRUE,-7.50895904935773,0.000548151390376562,1.41886682563306
"Insecta","Odonata","Libellulidae","Perithemis","tenera",0.061,6.1e-05,0.0003311,"W",25,"C","A. M. Makarieva et al., Mean mass-specific metabolic rates are strikingly similar across life's major domains: Evidence for life's metabolic optimum. Proc. Natl. Acad. Sci. U.S.A. 105, 16994-16999 (2008).","Perithemis tenera",-5126.81836119685,-1622.5901421774,27.3461553712048,-1.52597053816694,0.0022057096612037,-9.70463669379096,-8.01309011341107,38.9232497932056,3401,"Perithemis tenera",298.15,TRUE,-9.25378977977775,9.57480993934055e-05,1.24069966636668
"Insecta","Diptera","Calliphoridae","Phormia","regina",0.05,5e-05,0.0005415,"W",25,"C","A. M. Makarieva et al., Mean mass-specific metabolic rates are strikingly similar across life's major domains: Evidence for life's metabolic optimum. Proc. Natl. Acad. Sci. U.S.A. 105, 16994-16999 (2008).","Phormia regina",-5126.81836119685,-1622.5901421774,27.3461553712044,-1.52597053816768,0.0022057096609492,-9.90348755253613,-7.52116749152323,38.9232497932056,3402,"Phormia regina",298.15,TRUE,-9.41049670346365,8.18602769685698e-05,1.88932921194042
"Insecta","Coleoptera","Tenebrionidae","Physosterna","cribripes",1.226,0.0012259999999999,0.0024436999999999,"W",25,"C","A. M. Makarieva et al., Mean mass-specific metabolic rates are strikingly similar across life's major domains: Evidence for life's metabolic optimum. Proc. Natl. Acad. Sci. U.S.A. 105, 16994-16999 (2008).","Physosterna cribripes",-5126.81836119685,-1622.5901421774,27.3461553712044,-1.52597053816768,0.0022057096609492,-6.7039984414682,-6.01424199479801,38.9232497932056,3404,"Physosterna cribripes",298.15,TRUE,-6.88909901312471,0.00101883138129016,0.874857018326701
"Insecta","Coleoptera","Tenebrionidae","Pimelia","grandis",2.098,0.002098,0.0037340999999999,"W",25,"C","A. M. Makarieva et al., Mean mass-specific metabolic rates are strikingly similar across life's major domains: Evidence for life's metabolic optimum. Proc. Natl. Acad. Sci. U.S.A. 105, 16994-16999 (2008).","Pimelia grandis",-5126.81836119685,-1622.5901421774,27.3461553712044,-1.52597053816768,0.0022057096609492,-6.16677076900803,-5.59024845328926,38.9232497932056,3405,"Pimelia grandis",298.15,TRUE,-6.46572997966202,0.00155585510201247,0.875481526372764
"Insecta","Lepidoptera","Sphingidae","Protambulyx","strigilis",1.09533,0.0010953299999999,0.0022511,"W",25,"C","A. M. Makarieva et al., Mean mass-specific metabolic rates are strikingly similar across life's major domains: Evidence for life's metabolic optimum. Proc. Natl. Acad. Sci. U.S.A. 105, 16994-16999 (2008).","Protambulyx strigilis",-5126.81836119685,-1622.5901421774,27.3461553712044,-1.52597053816768,0.0022057096609492,-6.81669959125353,-6.09633629334416,38.9232497932056,3410,"Protambulyx strigilis",298.15,TRUE,-6.97791457364163,0.000932245306378915,0.881578280297472
"Insecta","Diptera","Calliphoridae","Protophormia","terraenovae",0.025,2.5e-05,0.0002251999999999,"W",25,"C","A. M. Makarieva et al., Mean mass-specific metabolic rates are strikingly similar across life's major domains: Evidence for life's metabolic optimum. Proc. Natl. Acad. Sci. U.S.A. 105, 16994-16999 (2008).","Protophormia terraenovae",-5126.81836119685,-1622.5901421774,27.3461553712044,-1.52597053816768,0.0022057096609492,-10.5966347330961,-8.39852166169918,38.9232497932056,3411,"Protophormia terraenovae",298.15,TRUE,-9.95674006903192,4.74070280559425e-05,1.55821840733274
"Insecta","Orthoptera","Tettigoniidae","Requena","verticalis",0.37,0.00037,0.000683,"W",25,"C","A. M. Makarieva et al., Mean mass-specific metabolic rates are strikingly similar across life's major domains: Evidence for life's metabolic optimum. Proc. Natl. Acad. Sci. U.S.A. 105, 16994-16999 (2008).","Requena verticalis",-5126.81836119685,-1622.5901421774,27.3461553712044,-1.52597053816768,0.0022057096609492,-7.902007552326,-7.28901569839348,38.9232497932056,3412,"Requena verticalis",298.15,TRUE,-7.83320518141032,0.00039635305875208,0.544189483016837
"Insecta","Coleoptera","Curculionidae","Sitophilus","granarius",0.00368,3.68e-06,0.0001395999999999,"W",25,"C","A. M. Makarieva et al., Mean mass-specific metabolic rates are strikingly similar across life's major domains: Evidence for life's metabolic optimum. Proc. Natl. Acad. Sci. U.S.A. 105, 16994-16999 (2008).","Sitophilus granarius",-5126.81836119685,-1622.5901421774,27.3461553712044,-1.52597053816768,0.0022057096609492,-12.5125978057834,-8.87672936763672,38.9232497932056,3414,"Sitophilus granarius",298.15,TRUE,-11.4666388992974,1.04737450953694e-05,2.58990953166068
"Insecta","Coleoptera","Carabidae","Sphaeroderus","stenostomus",0.1696,0.0001696,0.0002621,"W",25,"C","A. M. Makarieva et al., Mean mass-specific metabolic rates are strikingly similar across life's major domains: Evidence for life's metabolic optimum. Proc. Natl. Acad. Sci. U.S.A. 105, 16994-16999 (2008).","Sphaeroderus stenostomus",-5126.81836119685,-1622.5901421774,27.3461553712044,-1.52597053816768,0.0022057096609492,-8.68206783460647,-8.24678444763491,38.9232497932056,3415,"Sphaeroderus stenostomus",298.15,TRUE,-8.44794151142728,0.000214341180427676,0.201157063792362
"Insecta","Coleoptera","Tenebrionidae","Stenocara","gracilipes",0.268,0.000268,0.0004763,"W",25,"C","A. M. Makarieva et al., Mean mass-specific metabolic rates are strikingly similar across life's major domains: Evidence for life's metabolic optimum. Proc. Natl. Acad. Sci. U.S.A. 105, 16994-16999 (2008).","Stenocara gracilipes",-5126.81836119685,-1622.5901421774,27.3461553712044,-1.52597053816768,0.0022057096609492,-8.22452357745342,-7.64946265015746,38.9232497932056,3416,"Stenocara gracilipes",298.15,TRUE,-8.08736799698,0.000307397765173168,0.43790534682254
"Insecta","Lepidoptera","Saturniidae","Syssphinx","molina",1.757,0.001757,0.0044316999999999,"W",25,"C","A. M. Makarieva et al., Mean mass-specific metabolic rates are strikingly similar across life's major domains: Evidence for life's metabolic optimum. Proc. Natl. Acad. Sci. U.S.A. 105, 16994-16999 (2008).","Syssphinx molina",-5126.81836119685,-1622.5901421774,27.3461553712044,-1.52597053816768,0.0022057096609492,-6.34414746977718,-5.4189720213589,38.9232497932056,3417,"Syssphinx molina",298.15,TRUE,-6.60551392269597,0.00135288771526242,1.18654190133707
"Insecta","Orthoptera","Tanaoceridae","Tanaocerus","koebeli",0.1025,0.0001025,0.0006259,"W",25,"C","A. M. Makarieva et al., Mean mass-specific metabolic rates are strikingly similar across life's major domains: Evidence for life's metabolic optimum. Proc. Natl. Acad. Sci. U.S.A. 105, 16994-16999 (2008).","Tanaocerus koebeli",-5126.81836119685,-1622.5901421774,27.3461553712044,-1.52597053816768,0.0022057096609492,-9.18564775938581,-7.37631994403362,38.9232497932056,3418,"Tanaocerus koebeli",298.15,TRUE,-8.84479401354936,0.000144130126015782,1.46847406951574
"Insecta","Orthoptera","Gryllidae","Teleogryllus","commodus",0.95,0.00095,0.0056868999999999,"W",25,"C","A. M. Makarieva et al., Mean mass-specific metabolic rates are strikingly similar across life's major domains: Evidence for life's metabolic optimum. Proc. Natl. Acad. Sci. U.S.A. 105, 16994-16999 (2008).","Teleogryllus commodus",-5126.81836119685,-1622.5901421774,27.3461553712044,-1.52597053816768,0.0022057096609492,-6.95904857336969,-5.16958999477552,38.9232497932056,3419,"Teleogryllus commodus",298.15,TRUE,-7.09009448183015,0.000833318628418024,1.92050448705464
"Insecta","Coleoptera","Tenebrionidae","Tenebrio","molitor",0.1,1e-04,0.0003722,"W",25,"C","A. M. Makarieva et al., Mean mass-specific metabolic rates are strikingly similar across life's major domains: Evidence for life's metabolic optimum. Proc. Natl. Acad. Sci. U.S.A. 105, 16994-16999 (2008).","Tenebrio molitor",-5126.81836119685,-1622.5901421774,27.3461553712044,-1.52597053816768,0.0022057096609492,-9.21034037197618,-7.89607921375612,38.9232497932056,3420,"Tenebrio molitor",298.15,TRUE,-8.86425333789537,0.000141352563536853,0.96817412413925
"Insecta","Hymenoptera","Formicidae","Tetramorium","caespitum",0.00069,6.9e-07,2.4e-06,"W",25,"C","A. M. Makarieva et al., Mean mass-specific metabolic rates are strikingly similar across life's major domains: Evidence for life's metabolic optimum. Proc. Natl. Acad. Sci. U.S.A. 105, 16994-16999 (2008).","Tetramorium caespitum",-5126.81836119685,-1622.5901421774,27.3461553712044,-1.52597053816768,0.0022057096609492,-14.1865742393551,-12.9400418206104,38.9232497932056,3422,"Tetramorium caespitum",298.15,TRUE,-12.7858371108771,2.80015128782394e-06,-0.15420470973331
"Insecta","Odonata","Libellulidae","Tramea","carolina",0.383,0.000383,0.001795,"W",25,"C","A. M. Makarieva et al., Mean mass-specific metabolic rates are strikingly similar across life's major domains: Evidence for life's metabolic optimum. Proc. Natl. Acad. Sci. U.S.A. 105, 16994-16999 (2008).","Tramea carolina",-5126.81836119685,-1622.5901421774,27.3461553712044,-1.52597053816768,0.0022057096609492,-7.86747556878363,-6.32275025704189,38.9232497932056,3423,"Tramea carolina",298.15,TRUE,-7.80599181686241,0.000407287262481241,1.48324155982051
"Insecta","Coleoptera","Tenebrionidae","Tribolium","castaneum",0.0024,2.4e-06,1.3e-05,"W",25,"C","A. M. Makarieva et al., Mean mass-specific metabolic rates are strikingly similar across life's major domains: Evidence for life's metabolic optimum. Proc. Natl. Acad. Sci. U.S.A. 105, 16994-16999 (2008).","Tribolium castaneum",-5126.81836119685,-1622.5901421774,27.3461553712044,-1.52597053816768,0.0022057096609492,-12.9400418206104,-11.2505612005027,38.9232497932056,3424,"Tribolium castaneum",298.15,TRUE,-11.8034915386784,7.47840115110175e-06,0.552930338175614
"Insecta","Coleoptera","Tenebrionidae","Tribolium","confusum",0.0020099999999999,2.01e-06,1.63e-05,"W",25,"C","A. M. Makarieva et al., Mean mass-specific metabolic rates are strikingly similar across life's major domains: Evidence for life's metabolic optimum. Proc. Natl. Acad. Sci. U.S.A. 105, 16994-16999 (2008).","Tribolium confusum",-5126.81836119685,-1622.5901421774,27.3461553712044,-1.52597053816768,0.0022057096609492,-13.1173758358933,-11.0243454501516,38.9232497932056,3425,"Tribolium confusum",298.15,TRUE,-11.9432418428773,6.5030332057033e-06,0.918896392725713
"Insecta","Orthoptera","Acrididae","Trimerotropis","saxatilis",0.155,0.000155,0.0003218,"W",25,"C","A. M. Makarieva et al., Mean mass-specific metabolic rates are strikingly similar across life's major domains: Evidence for life's metabolic optimum. Proc. Natl. Acad. Sci. U.S.A. 105, 16994-16999 (2008).","Trimerotropis saxatilis",-5126.81836119685,-1622.5901421774,27.3461553712044,-1.52597053816768,0.0022057096609492,-8.77208544104503,-8.04158032340599,38.9232497932056,3426,"Trimerotropis saxatilis",298.15,TRUE,-8.51888101991907,0.000199662719015732,0.47730069651308
"Insecta","Coleoptera","Tenebrionidae","Zophosis","orbicularis",0.103,0.000103,0.0001214,"W",25,"C","A. M. Makarieva et al., Mean mass-specific metabolic rates are strikingly similar across life's major domains: Evidence for life's metabolic optimum. Proc. Natl. Acad. Sci. U.S.A. 105, 16994-16999 (2008).","Zophosis orbicularis",-5126.81836119685,-1622.5901421774,27.3461553712044,-1.52597053816768,0.0022057096609492,-9.18078156973464,-9.01641967933888,38.9232497932056,3427,"Zophosis orbicularis",298.15,TRUE,-8.84095915150693,0.000144683906322085,-0.175460527831948
"Malacostraca","Isopoda","Armadillidiidae","Armadillidium","vulgare",0.00064,6.4e-07,7.19008e-06,"W",20,"C","A. M. Makarieva et al., Mean mass-specific metabolic rates are strikingly similar across life's major domains: Evidence for life's metabolic optimum. Proc. Natl. Acad. Sci. U.S.A. 105, 16994-16999 (2008).","Armadillidium vulgare",-5126.81836119685,-1622.5901421774,27.3461553712044,-1.52597053816768,0.0022057096609492,-14.2617976605927,-11.8428082597285,39.5871292029482,3428,"Armadillidium vulgare",293.15,TRUE,-12.9425012017483,2.39410473758916e-06,1.09969294201971
"Malacostraca","Isopoda","Armadillidiidae","Armadillidium","vulgare",0.004,4e-06,1.63428e-05,"W",20,"C","A. M. Makarieva et al., Mean mass-specific metabolic rates are strikingly similar across life's major domains: Evidence for life's metabolic optimum. Proc. Natl. Acad. Sci. U.S.A. 105, 16994-16999 (2008).","Armadillidium vulgare",-5126.81836119685,-1622.5901421774,27.3461553712044,-1.52597053816768,0.0022057096609492,-12.4292161968444,-11.0217231245835,39.5871292029482,3429,"Armadillidium vulgare",293.15,TRUE,-11.4983122985672,1.01472046071869e-05,0.476589173983697
"Malacostraca","Isopoda","Armadillidiidae","Armadillidium","vulgare",0.065,6.5e-05,7.45485e-05,"W",20,"C","A. M. Makarieva et al., Mean mass-specific metabolic rates are strikingly similar across life's major domains: Evidence for life's metabolic optimum. Proc. Natl. Acad. Sci. U.S.A. 105, 16994-16999 (2008).","Armadillidium vulgare",-5126.81836119685,-1622.5901421774,27.3461553712044,-1.52597053816768,0.0022057096609492,-9.64112328806864,-9.5040606376803,39.5871292029482,3430,"Armadillidium vulgare",293.15,TRUE,-9.30112056682504,9.13218418952734e-05,-0.202940070855261
"Malacostraca","Isopoda","Armadillidiidae","Armadillidium","vulgare",0.12,0.0001199999999999,0.000169704,"W",20,"C","A. M. Makarieva et al., Mean mass-specific metabolic rates are strikingly similar across life's major domains: Evidence for life's metabolic optimum. Proc. Natl. Acad. Sci. U.S.A. 105, 16994-16999 (2008).","Armadillidium vulgare",-5126.81836119685,-1622.5901421774,27.3461553712044,-1.52597053816768,0.0022057096609492,-9.02801881518306,-8.68145481499423,39.5871292029482,3431,"Armadillidium vulgare",293.15,TRUE,-8.81795586514734,0.000148050686697367,0.136501050153118
"Malacostraca","Isopoda","Armadillidiidae","Armadillidium","vulgare",0.144,0.0001439999999999,0.0001132271999999,"W",20,"C","A. M. Makarieva et al., Mean mass-specific metabolic rates are strikingly similar across life's major domains: Evidence for life's metabolic optimum. Proc. Natl. Acad. Sci. U.S.A. 105, 16994-16999 (2008).","Armadillidium vulgare",-5126.81836119685,-1622.5901421774,27.3461553712044,-1.52597053816768,0.0022057096609492,-8.84569725838897,-9.08611413837382,39.5871292029482,3432,"Armadillidium vulgare",293.15,TRUE,-8.67427506604433,0.000170926816621079,-0.411839072329492
"Malacostraca","Isopoda","Cylisticidae","Cylisticus","convexus",0.0384,3.84e-05,7.132416e-05,"W",20,"C","A. M. Makarieva et al., Mean mass-specific metabolic rates are strikingly similar across life's major domains: Evidence for life's metabolic optimum. Proc. Natl. Acad. Sci. U.S.A. 105, 16994-16999 (2008).","Cylisticus convexus",-5126.81836119685,-1622.5901421774,27.3461553712044,-1.52597053816768,0.0022057096609492,-10.1674530983706,-9.54827543801082,39.5871292029482,3433,"Cylisticus convexus",293.15,TRUE,-9.71590140275947,6.03167085181942e-05,0.167625964748648
"Malacostraca","Amphipoda","Gammaridae","Dikerogammarus","haemobaphes",0.008,8e-06,3.60984e-05,"W",20,"C","A. M. Makarieva et al., Mean mass-specific metabolic rates are strikingly similar across life's major domains: Evidence for life's metabolic optimum. Proc. Natl. Acad. Sci. U.S.A. 105, 16994-16999 (2008).","Dikerogammarus haemobaphes",-5126.81836119685,-1622.5901421774,27.3461553712044,-1.52597053816768,0.0022057096609492,-11.7360690162844,-10.2292620149373,39.5871292029482,3434,"Dikerogammarus haemobaphes",293.15,TRUE,-10.9520689329989,1.75217264963511e-05,0.722806918061625
"Malacostraca","Amphipoda","Gammaridae","Gammarus","fossarum",0.0189,1.89e-05,3.78e-05,"W",10,"C","A. M. Makarieva et al., Mean mass-specific metabolic rates are strikingly similar across life's major domains: Evidence for life's metabolic optimum. Proc. Natl. Acad. Sci. U.S.A. 105, 16994-16999 (2008).","Gammarus fossarum",-5126.81836119685,-1622.5901421774,27.3461553712044,-1.52597053816768,0.0022057096609492,-10.8763486358987,-10.1832014553387,40.9852266496354,3435,"Gammarus fossarum",283.15,TRUE,-10.4796399640783,2.81028387364277e-05,0.296438508739612
"Malacostraca","Amphipoda","Gammaridae","Gammarus","locusta",0.015,1.5e-05,3.483e-05,"W",20,"C","A. M. Makarieva et al., Mean mass-specific metabolic rates are strikingly similar across life's major domains: Evidence for life's metabolic optimum. Proc. Natl. Acad. Sci. U.S.A. 105, 16994-16999 (2008).","Gammarus locusta",-5126.81836119685,-1622.5901421774,27.3461553712044,-1.52597053816768,0.0022057096609492,-11.1074603568621,-10.2650314735864,39.5871292029482,3436,"Gammarus locusta",293.15,TRUE,-10.4566859618515,2.87553718317864e-05,0.191654488265144
"Malacostraca","Amphipoda","Gammaridae","Gammarus","locusta",0.015,1.5e-05,3.9429e-05,"W",20,"C","A. M. Makarieva et al., Mean mass-specific metabolic rates are strikingly similar across life's major domains: Evidence for life's metabolic optimum. Proc. Natl. Acad. Sci. U.S.A. 105, 16994-16999 (2008).","Gammarus locusta",-5126.81836119685,-1622.5901421774,27.3461553712044,-1.52597053816768,0.0022057096609492,-11.1074603568621,-10.1410089717963,39.5871292029482,3437,"Gammarus locusta",293.15,TRUE,-10.4566859618515,2.87553718317864e-05,0.315676990055216
"Malacostraca","Amphipoda","Gammaridae","Gammarus","locusta",0.05,5e-05,0.00024,"W",15,"C","A. M. Makarieva et al., Mean mass-specific metabolic rates are strikingly similar across life's major domains: Evidence for life's metabolic optimum. Proc. Natl. Acad. Sci. U.S.A. 105, 16994-16999 (2008).","Gammarus locusta",-5126.81836119685,-1622.5901421774,27.3461553712044,-1.52597053816768,0.0022057096609492,-9.90348755253613,-8.33487163462228,40.2740479814134,3438,"Gammarus locusta",288.15,TRUE,-9.6086429614594,6.7145882054188e-05,1.27377132683712
"Malacostraca","Amphipoda","Gammaridae","Gammarus","oceanicus",0.05,5e-05,0.00014,"W",15,"C","A. M. Makarieva et al., Mean mass-specific metabolic rates are strikingly similar across life's major domains: Evidence for life's metabolic optimum. Proc. Natl. Acad. Sci. U.S.A. 105, 16994-16999 (2008).","Gammarus oceanicus",-5126.81836119685,-1622.5901421774,27.3461553712044,-1.52597053816768,0.0022057096609492,-9.90348755253613,-8.87386813535497,40.2740479814134,3439,"Gammarus oceanicus",288.15,TRUE,-9.6086429614594,6.7145882054188e-05,0.734774826104433
"Malacostraca","Isopoda","Chaetiliidae","Glyptonotus","antarcticus",33,0.033,0.0106392,"W",0,"C","A. M. Makarieva et al., Mean mass-specific metabolic rates are strikingly similar across life's major domains: Evidence for life's metabolic optimum. Proc. Natl. Acad. Sci. U.S.A. 105, 16994-16999 (2008).","Glyptonotus antarcticus",-5126.81836119685,-1622.5901421774,27.3461553712044,-1.52597053816768,0.0022057096609492,-3.41124771751566,-4.54320998586532,42.4856925712768,3440,"Glyptonotus antarcticus",273.15,TRUE,-4.81677392505477,0.00809285322193892,0.273563939189451
"Malacostraca","Isopoda","Idoteidae","Idotea","baltica",0.1385,0.0001385,0.00029085,"W",20,"C","A. M. Makarieva et al., Mean mass-specific metabolic rates are strikingly similar across life's major domains: Evidence for life's metabolic optimum. Proc. Natl. Acad. Sci. U.S.A. 105, 16994-16999 (2008).","Idotea baltica",-5126.81836119685,-1622.5901421774,27.3461553712044,-1.52597053816768,0.0022057096609492,-8.88464023233688,-8.1427028876075,39.5871292029482,3441,"Idotea baltica",293.15,TRUE,-8.70496456713609,0.000165760834066149,0.562261679528588
"Malacostraca","Isopoda","Ligiidae","Ligia","oceanica",0.8,8e-04,0.00100576,"W",20,"C","A. M. Makarieva et al., Mean mass-specific metabolic rates are strikingly similar across life's major domains: Evidence for life's metabolic optimum. Proc. Natl. Acad. Sci. U.S.A. 105, 16994-16999 (2008).","Ligia oceanica",-5126.81836119685,-1622.5901421774,27.3461553712044,-1.52597053816768,0.0022057096609492,-7.13089883029635,-6.90201180435507,39.5871292029482,3442,"Ligia oceanica",293.15,TRUE,-7.32290656754477,0.000660240386329697,0.420894763189696
"Malacostraca","Isopoda","Ligiidae","Ligia","oceanica",0.8,8e-04,0.001068,"W",20,"C","A. M. Makarieva et al., Mean mass-specific metabolic rates are strikingly similar across life's major domains: Evidence for life's metabolic optimum. Proc. Natl. Acad. Sci. U.S.A. 105, 16994-16999 (2008).","Ligia oceanica",-5126.81836119685,-1622.5901421774,27.3461553712044,-1.52597053816768,0.0022057096609492,-7.13089883029635,-6.84196753844413,39.5871292029482,3443,"Ligia oceanica",293.15,TRUE,-7.32290656754477,0.000660240386329697,0.480939029100633
"Malacostraca","Amphipoda","Niphargidae","Niphargus","rhenorhodanensis",0.013,1.3e-05,1.56e-05,"W",11,"C","A. M. Makarieva et al., Mean mass-specific metabolic rates are strikingly similar across life's major domains: Evidence for life's metabolic optimum. Proc. Natl. Acad. Sci. U.S.A. 105, 16994-16999 (2008).","Niphargus rhenorhodanensis",-5126.81836119685,-1622.5901421774,27.3461553712044,-1.52597053816768,0.0022057096609492,-11.2505612005027,-11.0682396437088,40.8409886533319,3444,"Niphargus rhenorhodanensis",284.15,TRUE,-10.7533848656116,2.1372941206357e-05,-0.314854778097223
"Malacostraca","Amphipoda","Niphargidae","Niphargus","stygius",0.0304,3.04e-05,2.8272e-05,"W",10,"C","A. M. Makarieva et al., Mean mass-specific metabolic rates are strikingly similar across life's major domains: Evidence for life's metabolic optimum. Proc. Natl. Acad. Sci. U.S.A. 105, 16994-16999 (2008).","Niphargus stygius",-5126.81836119685,-1622.5901421774,27.3461553712044,-1.52597053816768,0.0022057096609492,-10.4010679495521,-10.4736386423869,40.9852266496354,3445,"Niphargus stygius",283.15,TRUE,-10.1050890332215,4.08710310473054e-05,-0.368549609165477
"Malacostraca","Amphipoda","Niphargidae","Niphargus","virei",0.093,9.3e-05,4.185e-05,"W",11,"C","A. M. Makarieva et al., Mean mass-specific metabolic rates are strikingly similar across life's major domains: Evidence for life's metabolic optimum. Proc. Natl. Acad. Sci. U.S.A. 105, 16994-16999 (2008).","Niphargus virei",-5126.81836119685,-1622.5901421774,27.3461553712044,-1.52597053816768,0.0022057096609492,-9.28291106481102,-10.0814187610288,40.8409886533319,3446,"Niphargus virei",284.15,TRUE,-9.20275339436638,0.000100761583164992,-0.878665366662409
"Malacostraca","Isopoda","Oniscidae","Oniscus","asellus",0.0018,1.8e-06,2.20626e-05,"W",20,"C","A. M. Makarieva et al., Mean mass-specific metabolic rates are strikingly similar across life's major domains: Evidence for life's metabolic optimum. Proc. Natl. Acad. Sci. U.S.A. 105, 16994-16999 (2008).","Oniscus asellus",-5126.81836119685,-1622.5901421774,27.3461553712044,-1.52597053816768,0.0022057096609492,-13.2277238930622,-10.7216266907031,39.5871292029482,3447,"Oniscus asellus",293.15,TRUE,-12.1275863454757,5.40824268267379e-06,1.40595965477256
"Malacostraca","Isopoda","Oniscidae","Oniscus","asellus",0.0061,6.1e-06,4.313371e-05,"W",20,"C","A. M. Makarieva et al., Mean mass-specific metabolic rates are strikingly similar across life's major domains: Evidence for life's metabolic optimum. Proc. Natl. Acad. Sci. U.S.A. 105, 16994-16999 (2008).","Oniscus asellus",-5126.81836119685,-1622.5901421774,27.3461553712044,-1.52597053816768,0.0022057096609492,-12.007221786785,-10.0512057319917,39.5871292029482,3448,"Oniscus asellus",293.15,TRUE,-11.165754288859,1.41505892892465e-05,1.11454855686739
"Malacostraca","Isopoda","Oniscidae","Oniscus","asellus",0.01,1e-05,6.6001e-05,"W",20,"C","A. M. Makarieva et al., Mean mass-specific metabolic rates are strikingly similar across life's major domains: Evidence for life's metabolic optimum. Proc. Natl. Acad. Sci. U.S.A. 105, 16994-16999 (2008).","Oniscus asellus",-5126.81836119685,-1622.5901421774,27.3461553712044,-1.52597053816768,0.0022057096609492,-11.5129254649702,-9.62584066453748,39.5871292029482,3449,"Oniscus asellus",293.15,TRUE,-10.7762178469767,2.08904624140235e-05,1.15037718243919
"Malacostraca","Isopoda","Oniscidae","Oniscus","asellus",0.018,1.8e-05,5.65632e-05,"W",20,"C","A. M. Makarieva et al., Mean mass-specific metabolic rates are strikingly similar across life's major domains: Evidence for life's metabolic optimum. Proc. Natl. Acad. Sci. U.S.A. 105, 16994-16999 (2008).","Oniscus asellus",-5126.81836119685,-1622.5901421774,27.3461553712044,-1.52597053816768,0.0022057096609492,-10.9251388000681,-9.7801519608901,39.5871292029482,3450,"Oniscus asellus",293.15,TRUE,-10.3130051627486,3.31985232733782e-05,0.532853201858506
"Malacostraca","Isopoda","Oniscidae","Oniscus","asellus",0.02,2e-05,4.715e-05,"W",20,"C","A. M. Makarieva et al., Mean mass-specific metabolic rates are strikingly similar across life's major domains: Evidence for life's metabolic optimum. Proc. Natl. Acad. Sci. U.S.A. 105, 16994-16999 (2008).","Oniscus asellus",-5126.81836119685,-1622.5901421774,27.3461553712044,-1.52597053816768,0.0022057096609492,-10.8197782844103,-9.96217654888481,39.5871292029482,3451,"Oniscus asellus",293.15,TRUE,-10.2299744814084,3.60726902600911e-05,0.267797932523587
"Malacostraca","Isopoda","Oniscidae","Oniscus","asellus",0.06,6e-05,0.000169704,"W",20,"C","A. M. Makarieva et al., Mean mass-specific metabolic rates are strikingly similar across life's major domains: Evidence for life's metabolic optimum. Proc. Natl. Acad. Sci. U.S.A. 105, 16994-16999 (2008).","Oniscus asellus",-5126.81836119685,-1622.5901421774,27.3461553712044,-1.52597053816768,0.0022057096609492,-9.72116599574217,-8.68145481499423,39.5871292029482,3452,"Oniscus asellus",293.15,TRUE,-9.36419923071496,8.57393026004911e-05,0.682744415720736
"Malacostraca","Isopoda","Oniscidae","Oniscus","asellus",0.1,1e-04,0.00015712,"W",20,"C","A. M. Makarieva et al., Mean mass-specific metabolic rates are strikingly similar across life's major domains: Evidence for life's metabolic optimum. Proc. Natl. Acad. Sci. U.S.A. 105, 16994-16999 (2008).","Oniscus asellus",-5126.81836119685,-1622.5901421774,27.3461553712044,-1.52597053816768,0.0022057096609492,-9.21034037197618,-8.75850071335812,39.5871292029482,3453,"Oniscus asellus",293.15,TRUE,-8.96163666424959,0.000128236202281647,0.20313595089147
"Malacostraca","Isopoda","Oniscidae","Oniscus","asellus",0.15,0.00015,0.000141495,"W",20,"C","A. M. Makarieva et al., Mean mass-specific metabolic rates are strikingly similar across life's major domains: Evidence for life's metabolic optimum. Proc. Natl. Acad. Sci. U.S.A. 105, 16994-16999 (2008).","Oniscus asellus",-5126.81836119685,-1622.5901421774,27.3461553712044,-1.52597053816768,0.0022057096609492,-8.80487526386802,-8.86324617719435,39.5871292029482,3454,"Oniscus asellus",293.15,TRUE,-8.64210477912443,0.000176514985921498,-0.221141398069918
"Malacostraca","Isopoda","Porcellionidae","Porcellio","scaber",0.007,7e-06,2.19968e-05,"W",20,"C","A. M. Makarieva et al., Mean mass-specific metabolic rates are strikingly similar across life's major domains: Evidence for life's metabolic optimum. Proc. Natl. Acad. Sci. U.S.A. 105, 16994-16999 (2008).","Porcellio scaber",-5126.81836119685,-1622.5901421774,27.3461553712044,-1.52597053816768,0.0022057096609492,-11.869600408909,-10.724613569731,39.5871292029482,3455,"Porcellio scaber",293.15,TRUE,-11.0573000287343,1.57715948732232e-05,0.332686459003387
"Malacostraca","Isopoda","Porcellionidae","Porcellio","scaber",0.06,6e-05,5.6598e-05,"W",20,"C","A. M. Makarieva et al., Mean mass-specific metabolic rates are strikingly similar across life's major domains: Evidence for life's metabolic optimum. Proc. Natl. Acad. Sci. U.S.A. 105, 16994-16999 (2008).","Porcellio scaber",-5126.81836119685,-1622.5901421774,27.3461553712044,-1.52597053816768,0.0022057096609492,-9.72116599574217,-9.7795369090685,39.5871292029482,3456,"Porcellio scaber",293.15,TRUE,-9.36419923071496,8.57393026004911e-05,-0.415337678353541
"Malacostraca","Isopoda","Porcellionidae","Porcellio","scaber",0.1,1e-04,0.00015712,"W",20,"C","A. M. Makarieva et al., Mean mass-specific metabolic rates are strikingly similar across life's major domains: Evidence for life's metabolic optimum. Proc. Natl. Acad. Sci. U.S.A. 105, 16994-16999 (2008).","Porcellio scaber",-5126.81836119685,-1622.5901421774,27.3461553712044,-1.52597053816768,0.0022057096609492,-9.21034037197618,-8.75850071335812,39.5871292029482,3457,"Porcellio scaber",293.15,TRUE,-8.96163666424959,0.000128236202281647,0.20313595089147
"Malacostraca","Isopoda","Porcellionidae","Porcellio","scaber",0.25,0.00025,0.000471275,"W",20,"C","A. M. Makarieva et al., Mean mass-specific metabolic rates are strikingly similar across life's major domains: Evidence for life's metabolic optimum. Proc. Natl. Acad. Sci. U.S.A. 105, 16994-16999 (2008).","Porcellio scaber",-5126.81836119685,-1622.5901421774,27.3461553712044,-1.52597053816768,0.0022057096609492,-8.29404964010203,-7.6600687702113,39.5871292029482,3458,"Porcellio scaber",293.15,TRUE,-8.23954221265906,0.000264005079978824,0.579473442447762
"Malacostraca","Isopoda","Stenasellidae","Stenasellus","virei",0.012,1.2e-05,9.84e-06,"W",11,"C","A. M. Makarieva et al., Mean mass-specific metabolic rates are strikingly similar across life's major domains: Evidence for life's metabolic optimum. Proc. Natl. Acad. Sci. U.S.A. 105, 16994-16999 (2008).","Stenasellus virei",-5126.81836119685,-1622.5901421774,27.3461553712044,-1.52597053816768,0.0022057096609492,-11.3306039081763,-11.5290548469001,40.8409886533319,3459,"Stenasellus virei",284.15,TRUE,-10.8164635295015,2.00664050956817e-05,-0.712591317398626
"Reptilia","Squamata","Iguanidae","Amblyrhynchus","cristatus",489,0.489,1.06089224764399,"W",30,"C","J. F. Gillooly, J. P. Gomez, E. V. Mavrodiev,  A broad-scale comparison of aerobic activity levels in vertebrates: endotherms versus ectotherms. Proc. Biol. Sci. 284, 20162328 (2017).","Amblyrhynchus cristatus",18504.5921575775,137.664959687806,608.838705503057,-2504.96665964894,161.155410749487,-0.715392789507265,0.0591102971173263,38.2812697537333,3460,"Amblyrhynchus cristatus",303.15,TRUE,-2.07553195938637,0.125489654334951,2.1346422565037
"Reptilia","Testudines","Chelydridae","Chelydra","serpentina",3473,3.473,6.0524811434279,"W",30,"C","J. F. Gillooly, J. P. Gomez, E. V. Mavrodiev,  A broad-scale comparison of aerobic activity levels in vertebrates: endotherms versus ectotherms. Proc. Biol. Sci. 284, 20162328 (2017).","Chelydra serpentina",-5126.81836119685,-1622.5901421774,27.3461553712044,-1.52597053816768,0.0022057096609492,1.24501877376194,1.80046829432384,38.2812697537333,3461,"Chelydra serpentina",303.15,TRUE,-0.530604936305857,0.588249008840061,2.3310732306297
"Reptilia","Squamata","Teiidae","Cnemidophorus","murinus",55,0.055,0.131156175505032,"W",40,"C","J. F. Gillooly, J. P. Gomez, E. V. Mavrodiev,  A broad-scale comparison of aerobic activity levels in vertebrates: endotherms versus ectotherms. Proc. Biol. Sci. 284, 20162328 (2017).","Cnemidophorus murinus",18504.5921575775,137.664959687806,608.838705503057,-2504.96665964894,161.155410749487,-2.90042209374967,-2.03136648643485,37.0588118340867,3462,"Cnemidophorus murinus",313.15,TRUE,-3.61815157700928,0.0268322279895748,1.58678509057443
"Reptilia","Squamata","Colubridae","Coluber","constrictor",262,0.262,0.608469945355191,"W",35,"C","J. F. Gillooly, J. P. Gomez, E. V. Mavrodiev,  A broad-scale comparison of aerobic activity levels in vertebrates: endotherms versus ectotherms. Proc. Biol. Sci. 284, 20162328 (2017).","Coluber constrictor",18752.9238840648,164.5429220734,2767.8682603448,282.155925316632,-1057.10270750757,-1.33941077522104,-0.496807759138044,37.6601230759184,3463,"Coluber constrictor",308.15,TRUE,-2.47618225673814,0.0840635467904144,1.97937449760009
"Reptilia","Crocodilia","Crocodylidae","Crocodylus","porosus",1003,1.003,1.22470074646835,"W",32,"C","J. F. Gillooly, J. P. Gomez, E. V. Mavrodiev,  A broad-scale comparison of aerobic activity levels in vertebrates: endotherms versus ectotherms. Proc. Biol. Sci. 284, 20162328 (2017).","Crocodylus porosus",18391.9827102339,126.911867236368,54.5456779746601,-2074.15119573897,140.593237925757,0.00299550897979837,0.202696525556107,38.0303684281313,3464,"Crocodylus porosus",305.15,TRUE,-1.47259272993359,0.229330122639448,1.6752892554897
"Reptilia","Squamata","Viperidae","Crotalus","viridis",301,0.301,0.356375227686703,"W",35,"C","J. F. Gillooly, J. P. Gomez, E. V. Mavrodiev,  A broad-scale comparison of aerobic activity levels in vertebrates: endotherms versus ectotherms. Proc. Biol. Sci. 284, 20162328 (2017).","Crotalus viridis",18504.5921575775,137.664959687806,608.838705503057,-2504.96665964894,161.155410749487,-1.20064501423326,-1.03177109285311,37.6601230759184,3465,"Crotalus viridis",308.15,TRUE,-2.36682615108915,0.093777891308342,1.33505505823604
"Reptilia","Squamata","Iguanidae","Cyclura","nubila",1254,1.254,1.76668318556184,"W",38,"C","J. F. Gillooly, J. P. Gomez, E. V. Mavrodiev,  A broad-scale comparison of aerobic activity levels in vertebrates: endotherms versus ectotherms. Proc. Biol. Sci. 284, 20162328 (2017).","Cyclura nubila",18504.5921575775,137.664959687806,608.838705503057,-2504.96665964894,161.155410749487,0.226338442210729,0.569103882164275,37.2970172773397,3466,"Cyclura nubila",311.15,TRUE,-1.18901050217335,0.304522439327877,1.75811438433763
"Reptilia","Squamata","Diplodactylidae","Diplodactylus","galeatus",4,0.004,0.0140584494166319,"W",20,"C","J. F. Gillooly, J. P. Gomez, E. V. Mavrodiev,  A broad-scale comparison of aerobic activity levels in vertebrates: endotherms versus ectotherms. Proc. Biol. Sci. 284, 20162328 (2017).","Diplodactylus galeatus",18800.1535227516,169.735196389278,3201.2614584003,886.211369622013,-187.589322618966,-5.52146091786225,-4.26453168199337,39.5871292029482,3467,"Diplodactylus galeatus",293.15,TRUE,-6.05456875038596,0.00234711409449709,1.7900370683926
"Reptilia","Squamata","Scincidae","Egernia","cunninghami",35,0.035,0.111427651341601,"W",30,"C","J. F. Gillooly, J. P. Gomez, E. V. Mavrodiev,  A broad-scale comparison of aerobic activity levels in vertebrates: endotherms versus ectotherms. Proc. Biol. Sci. 284, 20162328 (2017).","Egernia cunninghami",18785.4264057492,168.124327098774,3068.4682030444,705.982971593312,-328.283049830073,-3.35240721749272,-2.19437976557867,38.2812697537333,3468,"Egernia cunninghami",303.15,TRUE,-4.15366439156511,0.0157067552013408,1.95928462598645
"Reptilia","Squamata","Anguidae","Elgaria","multicarinata",257,0.257,0.457020529760476,"W",30,"C","J. F. Gillooly, J. P. Gomez, E. V. Mavrodiev,  A broad-scale comparison of aerobic activity levels in vertebrates: endotherms versus ectotherms. Proc. Biol. Sci. 284, 20162328 (2017).","Elgaria multicarinata",18504.5921575775,137.664959687806,608.838705503057,-2504.96665964894,161.155410749487,-1.35867919408692,-0.783026966207491,38.2812697537333,3469,"Elgaria multicarinata",303.15,TRUE,-2.58248191246566,0.0755861727644773,1.79945494625817
"Reptilia","Squamata","Helodermatidae","Heloderma","horridum",803,0.803,2.59223126619136,"W",31.2,"C","J. F. Gillooly, J. P. Gomez, E. V. Mavrodiev,  A broad-scale comparison of aerobic activity levels in vertebrates: endotherms versus ectotherms. Proc. Biol. Sci. 284, 20162328 (2017).","Heloderma horridum",18504.5921575775,137.664959687806,608.838705503057,-2504.96665964894,161.155410749487,-0.219400565035375,0.95251899757754,38.130333253965,3470,"Heloderma horridum",304.35,TRUE,-1.66251842505857,0.189660731798449,2.61503742263611
"Reptilia","Squamata","Iguanidae","Iguana","iguana",795,0.795,1.30064130531833,"W",30,"C","J. F. Gillooly, J. P. Gomez, E. V. Mavrodiev,  A broad-scale comparison of aerobic activity levels in vertebrates: endotherms versus ectotherms. Proc. Biol. Sci. 284, 20162328 (2017).","Iguana iguana",18504.5921575775,137.664959687806,608.838705503057,-2504.96665964894,161.155410749487,-0.229413164327805,0.26285745461257,38.2812697537333,3471,"Iguana iguana",303.15,TRUE,-1.69254959503312,0.184049673150309,1.95540704964569
"Reptilia","Squamata","Agamidae","Intellagama","lesueurii",549,0.549,0.898178712729265,"W",30,"C","J. F. Gillooly, J. P. Gomez, E. V. Mavrodiev,  A broad-scale comparison of aerobic activity levels in vertebrates: endotherms versus ectotherms. Proc. Biol. Sci. 284, 20162328 (2017).","Intellagama lesueurii",18504.5921575775,137.664959687806,608.838705503057,-2504.96665964894,161.155410749487,-0.599656837472606,-0.107386218532231,38.2812697537333,3472,"Intellagama lesueurii",303.15,TRUE,-1.98432478473468,0.137473406928801,1.87693856620245
"Reptilia","Squamata","Colubridae","Masticophis","flagellum",262,0.262,0.608469945355191,"W",35,"C","J. F. Gillooly, J. P. Gomez, E. V. Mavrodiev,  A broad-scale comparison of aerobic activity levels in vertebrates: endotherms versus ectotherms. Proc. Biol. Sci. 284, 20162328 (2017).","Masticophis flagellum",18752.9238840648,164.5429220734,2767.8682603448,282.155925316632,-1057.10270750757,-1.33941077522104,-0.496807759138044,37.6601230759184,3473,"Masticophis flagellum",308.15,TRUE,-2.47618225673814,0.0840635467904144,1.97937449760009
"Reptilia","Squamata","Agamidae","Moloch","horridus",28,0.028,0.062431693989071,"W",35,"C","J. F. Gillooly, J. P. Gomez, E. V. Mavrodiev,  A broad-scale comparison of aerobic activity levels in vertebrates: endotherms versus ectotherms. Proc. Biol. Sci. 284, 20162328 (2017).","Moloch horridus",18504.5921575775,137.664959687806,608.838705503057,-2504.96665964894,161.155410749487,-3.57555076880693,-2.77368221606115,37.6601230759184,3474,"Moloch horridus",308.15,TRUE,-4.23840054202558,0.0144306546198323,1.46471832596443
"Reptilia","Squamata","Diplodactylidae","Naultinus","manukanus",7,0.007,0.009,"W",25,"C","J. F. Gillooly, J. P. Gomez, E. V. Mavrodiev,  A broad-scale comparison of aerobic activity levels in vertebrates: endotherms versus ectotherms. Proc. Biol. Sci. 284, 20162328 (2017).","Naultinus manukanus",18800.1535227516,169.735196389278,3201.2614584003,886.211369622013,-187.589322618966,-4.96184512992682,-4.71053070164592,38.9232497932056,3475,"Naultinus manukanus",298.15,TRUE,-5.51617315419889,0.00402120707423846,0.805642452552973
"Reptilia","Squamata","Carphodactylidae","Nephrurus","asper",25,0.025,0.0679491721803878,"W",20,"C","J. F. Gillooly, J. P. Gomez, E. V. Mavrodiev,  A broad-scale comparison of aerobic activity levels in vertebrates: endotherms versus ectotherms. Proc. Biol. Sci. 284, 20162328 (2017).","Nephrurus asper",18800.1535227516,169.735196389278,3201.2614584003,886.211369622013,-187.589322618966,-3.68887945411394,-2.68899532123494,39.5871292029482,3476,"Nephrurus asper",293.15,TRUE,-4.61037984720491,0.00994803885533314,1.92138452596996
"Reptilia","Squamata","Carphodactylidae","Nephrurus","levis",13,0.013,0.0295053876645362,"W",20,"C","J. F. Gillooly, J. P. Gomez, E. V. Mavrodiev,  A broad-scale comparison of aerobic activity levels in vertebrates: endotherms versus ectotherms. Proc. Biol. Sci. 284, 20162328 (2017).","Nephrurus levis",18800.1535227516,169.735196389278,3201.2614584003,886.211369622013,-187.589322618966,-4.3428059215206,-3.52318239961554,39.5871292029482,3477,"Nephrurus levis",293.15,TRUE,-5.12571483580261,0.00594196830628314,1.60253243618707
"Reptilia","Squamata","Scincidae","Oligosoma","polychroma",3,0.003,0.0124444444444444,"W",25,"C","J. F. Gillooly, J. P. Gomez, E. V. Mavrodiev,  A broad-scale comparison of aerobic activity levels in vertebrates: endotherms versus ectotherms. Proc. Biol. Sci. 284, 20162328 (2017).","Oligosoma polychroma",18785.4264057492,168.124327098774,3068.4682030444,705.982971593312,-328.283049830073,-5.80914299031403,-4.38648098502327,38.9232497932056,3478,"Oligosoma polychroma",298.15,TRUE,-6.18389690447486,0.00206237529528634,1.7974159194516
"Reptilia","Squamata","Colubridae","Pituophis","catenifer",548,0.548,0.916032744319908,"W",30,"C","J. F. Gillooly, J. P. Gomez, E. V. Mavrodiev,  A broad-scale comparison of aerobic activity levels in vertebrates: endotherms versus ectotherms. Proc. Biol. Sci. 284, 20162328 (2017).","Pituophis catenifer",18752.9238840648,164.5429220734,2767.8682603448,282.155925316632,-1057.10270750757,-0.601479992034121,-0.0877031678727828,38.2812697537333,3479,"Pituophis catenifer",303.15,TRUE,-1.98576154464883,0.137276032472271,1.89805837677605
"Reptilia","Squamata","Gekkonidae","Rhoptropus","bradfieldi",5,0.005,0.0111111111111111,"W",25,"C","J. F. Gillooly, J. P. Gomez, E. V. Mavrodiev,  A broad-scale comparison of aerobic activity levels in vertebrates: endotherms versus ectotherms. Proc. Biol. Sci. 284, 20162328 (2017).","Rhoptropus bradfieldi",18800.1535227516,169.735196389278,3201.2614584003,886.211369622013,-187.589322618966,-5.29831736654804,-4.49980967033027,38.9232497932056,3481,"Rhoptropus bradfieldi",298.15,TRUE,-5.78133433800949,0.00308459676630838,1.28152466767923
"Reptilia","Squamata","Iguanidae","Sauromalus","hispidus",574,0.574,0.918664613518529,"W",30,"C","J. F. Gillooly, J. P. Gomez, E. V. Mavrodiev,  A broad-scale comparison of aerobic activity levels in vertebrates: endotherms versus ectotherms. Proc. Biol. Sci. 284, 20162328 (2017).","Sauromalus hispidus",18504.5921575775,137.664959687806,608.838705503057,-2504.96665964894,161.155410749487,-0.555125882662571,-0.0848341704409706,38.2812697537333,3482,"Sauromalus hispidus",303.15,TRUE,-1.94923160494601,0.1423834362917,1.86439743450504
"Reptilia","Squamata","Iguanidae","Sceloporus","occidentalis",13,0.013,0.0614932681677714,"W",30,"C","J. F. Gillooly, J. P. Gomez, E. V. Mavrodiev,  A broad-scale comparison of aerobic activity levels in vertebrates: endotherms versus ectotherms. Proc. Biol. Sci. 284, 20162328 (2017).","Sceloporus occidentalis",18504.5921575775,137.664959687806,608.838705503057,-2504.96665964894,161.155410749487,-4.3428059215206,-2.78882757084757,38.2812697537333,3483,"Sceloporus occidentalis",303.15,TRUE,-4.93416056397341,0.00719649941196058,2.14533299312585
"Reptilia","Squamata","Colubridae","Spalerosophis","diadema",386,0.386,0.521679154126588,"W",30,"C","J. F. Gillooly, J. P. Gomez, E. V. Mavrodiev,  A broad-scale comparison of aerobic activity levels in vertebrates: endotherms versus ectotherms. Proc. Biol. Sci. 284, 20162328 (2017).","Spalerosophis diadema",18755.9272968634,164.875032036385,2795.98053832229,322.481328867217,-971.086404677614,-0.951917909517306,-0.65070252733964,38.2812697537333,3484,"Spalerosophis diadema",303.15,TRUE,-2.2619285591552,0.104149432604839,1.61122603181556
"Reptilia","Rhynchocephalia","Sphenodontidae","Sphenodon","punctatus",520,0.52,0.295907455844915,"W",30,"C","J. F. Gillooly, J. P. Gomez, E. V. Mavrodiev,  A broad-scale comparison of aerobic activity levels in vertebrates: endotherms versus ectotherms. Proc. Biol. Sci. 284, 20162328 (2017).","Sphenodon punctatus",18504.5921575775,137.664959687806,608.838705503057,-2504.96665964894,161.155410749487,-0.653926467406664,-1.2177085227156,38.2812697537333,3485,"Sphenodon punctatus",303.15,TRUE,-2.02709265010979,0.131717915068591,0.809384127394187
"Reptilia","Squamata","Sphaerodactylidae","Teratoscincus","przewalskii",11,0.011,0.0322222222222222,"W",25,"C","J. F. Gillooly, J. P. Gomez, E. V. Mavrodiev,  A broad-scale comparison of aerobic activity levels in vertebrates: endotherms versus ectotherms. Proc. Biol. Sci. 284, 20162328 (2017).","Teratoscincus przewalskii",18800.1535227516,169.735196389278,3201.2614584003,886.211369622013,-187.589322618966,-4.50986000618377,-3.43509893333784,38.9232497932056,3486,"Teratoscincus przewalskii",298.15,TRUE,-5.15998058485056,0.00574181116269383,1.72488165151272
"Reptilia","Testudines","Emydidae","Terrapene","ornata",354,0.354,0.453250554962452,"W",30,"C","J. F. Gillooly, J. P. Gomez, E. V. Mavrodiev,  A broad-scale comparison of aerobic activity levels in vertebrates: endotherms versus ectotherms. Proc. Biol. Sci. 284, 20162328 (2017).","Terrapene ornata",-5126.81836119685,-1622.5901421774,27.3461553712044,-1.52597053816768,0.0022057096609492,-1.03845836584836,-0.791310204940972,38.2812697537333,3487,"Terrapene ornata",303.15,TRUE,-2.33012785571139,0.0972833080677906,1.53881765077042
"Reptilia","Squamata","Colubridae","Thamnophis","sirtalis",2,0.002,0.0112032269941284,"W",30,"C","J. F. Gillooly, J. P. Gomez, E. V. Mavrodiev,  A broad-scale comparison of aerobic activity levels in vertebrates: endotherms versus ectotherms. Proc. Biol. Sci. 284, 20162328 (2017).","Thamnophis sirtalis",18504.5921575775,137.664959687806,608.838705503057,-2504.96665964894,161.155410749487,-6.21460809842219,-4.49155341770522,38.2812697537333,3488,"Thamnophis sirtalis",303.15,TRUE,-6.40925784412505,0.00164624581981724,1.91770442641982
"Reptilia","Squamata","Varanidae","Varanus","acanthurus",74,0.074,0.387067395264117,"W",35,"C","J. F. Gillooly, J. P. Gomez, E. V. Mavrodiev,  A broad-scale comparison of aerobic activity levels in vertebrates: endotherms versus ectotherms. Proc. Biol. Sci. 284, 20162328 (2017).","Varanus acanthurus",18504.5921575775,137.664959687806,608.838705503057,-2504.96665964894,161.155410749487,-2.60369018577797,-0.949156453145059,37.6601230759184,3489,"Varanus acanthurus",308.15,TRUE,-3.47251356935113,0.0310389140633644,2.52335711620607
"Reptilia","Squamata","Varanidae","Varanus","eremius",40,0.04,0.209244080145719,"W",35,"C","J. F. Gillooly, J. P. Gomez, E. V. Mavrodiev,  A broad-scale comparison of aerobic activity levels in vertebrates: endotherms versus ectotherms. Proc. Biol. Sci. 284, 20162328 (2017).","Varanus eremius",18504.5921575775,137.664959687806,608.838705503057,-2504.96665964894,161.155410749487,-3.2188758248682,-1.56425386083368,37.6601230759184,3490,"Varanus eremius",308.15,TRUE,-3.95731836026791,0.0191143033008781,2.39306449943423
"Reptilia","Squamata","Varanidae","Varanus","gouldii",402,0.402,1.04508196721311,"W",35,"C","J. F. Gillooly, J. P. Gomez, E. V. Mavrodiev,  A broad-scale comparison of aerobic activity levels in vertebrates: endotherms versus ectotherms. Proc. Biol. Sci. 284, 20162328 (2017).","Varanus gouldii",18504.5921575775,137.664959687806,608.838705503057,-2504.96665964894,161.155410749487,-0.911303190363116,0.0440953198652242,37.6601230759184,3491,"Varanus gouldii",308.15,TRUE,-2.13880668263685,0.117795326392768,2.18290200250207
"Reptilia","Squamata","Varanidae","Varanus","gouldii",674,0.674,1.36636690368389,"W",30,"C","J. F. Gillooly, J. P. Gomez, E. V. Mavrodiev,  A broad-scale comparison of aerobic activity levels in vertebrates: endotherms versus ectotherms. Proc. Biol. Sci. 284, 20162328 (2017).","Varanus gouldii",18504.5921575775,137.664959687806,608.838705503057,-2504.96665964894,161.155410749487,-0.39452516806983,0.312155322216,38.2812697537333,3492,"Varanus gouldii",303.15,TRUE,-1.82266818910561,0.161594011827339,2.13482351132161
"Reptilia","Squamata","Varanidae","Varanus","panoptes",2240,2.24,5.38251366120219,"W",35,"C","J. F. Gillooly, J. P. Gomez, E. V. Mavrodiev,  A broad-scale comparison of aerobic activity levels in vertebrates: endotherms versus ectotherms. Proc. Biol. Sci. 284, 20162328 (2017).","Varanus panoptes",18504.5921575775,137.664959687806,608.838705503057,-2504.96665964894,161.155410749487,0.806475865866949,1.68315548833067,37.6601230759184,3493,"Varanus panoptes",308.15,TRUE,-0.785089262593685,0.456078989175111,2.46824475092435
"Reptilia","Squamata","Varanidae","Varanus","rosenbergi",1503,1.503,4.23497267759563,"W",35,"C","J. F. Gillooly, J. P. Gomez, E. V. Mavrodiev,  A broad-scale comparison of aerobic activity levels in vertebrates: endotherms versus ectotherms. Proc. Biol. Sci. 284, 20162328 (2017).","Varanus rosenbergi",18504.5921575775,137.664959687806,608.838705503057,-2504.96665964894,161.155410749487,0.407463110770837,1.44337687651193,37.6601230759184,3494,"Varanus rosenbergi",308.15,TRUE,-1.09953628966274,0.333025475254281,2.54291316617466
"Reptilia","Squamata","Lacertidae","Acanthodactylus","pardalis",9.7,0.0096999999999999,0.0098939999999999,"W",40,"C","A. M. Makarieva et al., Mean mass-specific metabolic rates are strikingly similar across life's major domains: Evidence for life's metabolic optimum. Proc. Natl. Acad. Sci. U.S.A. 105, 16994-16999 (2008).","Acanthodactylus pardalis",18504.5921575775,137.664959687806,608.838705503057,-2504.96665964894,161.155410749487,-4.63562939347281,-4.61582676617663,37.0588118340867,3496,"Acanthodactylus pardalis",313.15,TRUE,-4.98560354383934,0.00683565116706485,0.369776777662711
"Reptilia","Squamata","Scincidae","Acontias","meleagris",7.3,0.0073,0.0018469,"W",33,"C","A. M. Makarieva et al., Mean mass-specific metabolic rates are strikingly similar across life's major domains: Evidence for life's metabolic optimum. Proc. Natl. Acad. Sci. U.S.A. 105, 16994-16999 (2008).","Acontias meleagris",18785.4264057492,168.124327098774,3068.4682030444,705.982971593312,-328.283049830073,-4.91988093082779,-6.29424672108241,37.9061470711882,3500,"Acontias meleagris",306.15,TRUE,-5.3339056933586,0.00482518745890866,-0.960341027723803
"Reptilia","Squamata","Sanziniidae","Acrantophis","dumerili",2548.5,2.5485,0.168201,"W",20,"C","A. M. Makarieva et al., Mean mass-specific metabolic rates are strikingly similar across life's major domains: Evidence for life's metabolic optimum. Proc. Natl. Acad. Sci. U.S.A. 105, 16994-16999 (2008).","Acrantophis dumerili",18761.4857515163,165.489621906203,2847.9938032235,397.060930931253,-812.753930145877,0.935504950797959,-1.78259558615775,39.5871292029482,3501,"Acrantophis dumerili",293.15,TRUE,-0.966075474531987,0.380573682263183,-0.816520111625765
"Reptilia","Squamata","Iguanidae","Amblyrhynchus","cristatus",747.5,0.7475,0.1517425,"W",25,"C","A. M. Makarieva et al., Mean mass-specific metabolic rates are strikingly similar across life's major domains: Evidence for life's metabolic optimum. Proc. Natl. Acad. Sci. U.S.A. 105, 16994-16999 (2008).","Amblyrhynchus cristatus",18504.5921575775,137.664959687806,608.838705503057,-2504.96665964894,161.155410749487,-0.291020973717295,-1.88557027365765,38.9232497932056,3502,"Amblyrhynchus cristatus",298.15,TRUE,-1.83527135062467,0.159570196420439,-0.0502989230329713
"Reptilia","Squamata","Anguidae","Anguis","fragilis",12.067,0.012067,0.0025220029999999,"W",30,"C","A. M. Makarieva et al., Mean mass-specific metabolic rates are strikingly similar across life's major domains: Evidence for life's metabolic optimum. Proc. Natl. Acad. Sci. U.S.A. 105, 16994-16999 (2008).","Anguis fragilis",18504.5921575775,137.664959687806,608.838705503057,-2504.96665964894,161.155410749487,-4.41728082489067,-5.98270185190804,38.2812697537333,3503,"Anguis fragilis",303.15,TRUE,-4.99285144955759,0.00678628612457405,-0.989850402350444
"Reptilia","Squamata","Dactyloidae","Anolis","carolinensis",4.5,0.0045,0.0030105,"W",30,"C","A. M. Makarieva et al., Mean mass-specific metabolic rates are strikingly similar across life's major domains: Evidence for life's metabolic optimum. Proc. Natl. Acad. Sci. U.S.A. 105, 16994-16999 (2008).","Anolis carolinensis",18504.5921575775,137.664959687806,608.838705503057,-2504.96665964894,161.155410749487,-5.40367788220586,-5.80564910105977,38.2812697537333,3504,"Anolis carolinensis",303.15,TRUE,-5.77019407387473,0.00311915210948452,-0.0354550271850425
"Reptilia","Squamata","Dactyloidae","Anolis","limifrons",1.5,0.0015,0.001041,"W",20,"C","A. M. Makarieva et al., Mean mass-specific metabolic rates are strikingly similar across life's major domains: Evidence for life's metabolic optimum. Proc. Natl. Acad. Sci. U.S.A. 105, 16994-16999 (2008).","Anolis limifrons",18504.5921575775,137.664959687806,608.838705503057,-2504.96665964894,161.155410749487,-6.50229017087397,-6.86757348934931,39.5871292029482,3505,"Anolis limifrons",293.15,TRUE,-6.82752359639735,0.00108353807549881,-0.0400498929519522
"Reptilia","Squamata","Pythonidae","Antaresia","childreni",331.7,0.3317,0.0703203999999999,"W",24,"C","A. M. Makarieva et al., Mean mass-specific metabolic rates are strikingly similar across life's major domains: Evidence for life's metabolic optimum. Proc. Natl. Acad. Sci. U.S.A. 105, 16994-16999 (2008).","Antaresia childreni",18761.4857515163,165.489621906203,2847.9938032235,397.060930931253,-812.753930145877,-1.10352433302913,-2.65469333733926,39.0542383504771,3506,"Antaresia childreni",297.15,TRUE,-2.49478934179914,0.0825138317763686,-0.159903995540117
"Reptilia","Squamata","Pythonidae","Antaresia","stimsoni",349.9,0.3499,0.0710297,"W",30,"C","A. M. Makarieva et al., Mean mass-specific metabolic rates are strikingly similar across life's major domains: Evidence for life's metabolic optimum. Proc. Natl. Acad. Sci. U.S.A. 105, 16994-16999 (2008).","Antaresia stimsoni",18761.4857515163,165.489621906203,2847.9938032235,397.060930931253,-812.753930145877,-1.05010787960849,-2.64465717954884,38.2812697537333,3507,"Antaresia stimsoni",303.15,TRUE,-2.3393084017513,0.0963942812988526,-0.305348777797541
"Reptilia","Squamata","Pythonidae","Aspidites","melanocephalus",1027.5,1.0275,0.2291325,"W",24,"C","A. M. Makarieva et al., Mean mass-specific metabolic rates are strikingly similar across life's major domains: Evidence for life's metabolic optimum. Proc. Natl. Acad. Sci. U.S.A. 105, 16994-16999 (2008).","Aspidites melanocephalus",18761.4857515163,165.489621906203,2847.9938032235,397.060930931253,-812.753930145877,0.0271286673882527,-1.47345484013377,39.0542383504771,3508,"Aspidites melanocephalus",297.15,TRUE,-1.60376400467098,0.201138006972915,0.130309164537214
"Reptilia","Squamata","Blanidae","Blanus","cinereus",2.4,0.0024,0.0015023999999999,"W",30,"C","A. M. Makarieva et al., Mean mass-specific metabolic rates are strikingly similar across life's major domains: Evidence for life's metabolic optimum. Proc. Natl. Acad. Sci. U.S.A. 105, 16994-16999 (2008).","Blanus cinereus",18504.5921575775,137.664959687806,608.838705503057,-2504.96665964894,161.155410749487,-6.03228654162824,-6.50069144951034,38.2812697537333,3509,"Blanus cinereus",303.15,TRUE,-6.26557704502214,0.00190061636074866,-0.235114404488199
"Reptilia","Squamata","Gekkonidae","Bunopus","tuberculatus",2.5,0.0025,0.005825,"W",35,"C","A. M. Makarieva et al., Mean mass-specific metabolic rates are strikingly similar across life's major domains: Evidence for life's metabolic optimum. Proc. Natl. Acad. Sci. U.S.A. 105, 16994-16999 (2008).","Bunopus tuberculatus",18800.1535227516,169.735196389278,3201.2614584003,886.211369622013,-187.589322618966,-5.99146454710798,-5.14559627953037,37.6601230759184,3511,"Bunopus tuberculatus",308.15,TRUE,-6.14229182254101,0.00214999057076903,0.996695543010635
"Reptilia","Squamata","Scincidae","Chalcides","sepsoides",7.4,0.0074,0.0020794,"W",30,"C","A. M. Makarieva et al., Mean mass-specific metabolic rates are strikingly similar across life's major domains: Evidence for life's metabolic optimum. Proc. Natl. Acad. Sci. U.S.A. 105, 16994-16999 (2008).","Chalcides sepsoides",18785.4264057492,168.124327098774,3068.4682030444,705.982971593312,-328.283049830073,-4.90627527877201,-6.1756758884204,38.2812697537333,3512,"Chalcides sepsoides",303.15,TRUE,-5.37820968763999,0.00461607875949327,-0.797466200780411
"Reptilia","Testudines","Chelydridae","Chelydra","serpentina",3473,3.473,0.250056,"W",10,"C","A. M. Makarieva et al., Mean mass-specific metabolic rates are strikingly similar across life's major domains: Evidence for life's metabolic optimum. Proc. Natl. Acad. Sci. U.S.A. 105, 16994-16999 (2008).","Chelydra serpentina",-5126.81836119685,-1622.5901421774,27.3461553712044,-1.52597053816768,0.0022057096609492,1.24501877376194,-1.38607038620415,40.9852266496354,3513,"Chelydra serpentina",283.15,TRUE,-0.927243712832273,0.395642713814144,-0.458826673371872
"Reptilia","Squamata","Teiidae","Cnemidophorus","murinus",85,0.085,0.022695,"W",40,"C","A. M. Makarieva et al., Mean mass-specific metabolic rates are strikingly similar across life's major domains: Evidence for life's metabolic optimum. Proc. Natl. Acad. Sci. U.S.A. 105, 16994-16999 (2008).","Cnemidophorus murinus",18504.5921575775,137.664959687806,608.838705503057,-2504.96665964894,161.155410749487,-2.46510402249182,-3.78561064307371,37.0588118340867,3514,"Cnemidophorus murinus",313.15,TRUE,-3.27509368828718,0.0378133263975841,-0.510516954786532
"Reptilia","Squamata","Colubridae","Coluber","constrictor",262,0.262,0.038252,"W",35,"C","A. M. Makarieva et al., Mean mass-specific metabolic rates are strikingly similar across life's major domains: Evidence for life's metabolic optimum. Proc. Natl. Acad. Sci. U.S.A. 105, 16994-16999 (2008).","Coluber constrictor",18752.9238840648,164.5429220734,2767.8682603448,282.155925316632,-1057.10270750757,-1.33941077522104,-3.26355943249484,37.6601230759184,3515,"Coluber constrictor",308.15,TRUE,-2.47618225673814,0.0840635467904144,-0.787377175756705
"Reptilia","Squamata","Viperidae","Crotalus","viridis",301,0.301,0.043946,"W",35,"C","A. M. Makarieva et al., Mean mass-specific metabolic rates are strikingly similar across life's major domains: Evidence for life's metabolic optimum. Proc. Natl. Acad. Sci. U.S.A. 105, 16994-16999 (2008).","Crotalus viridis",18504.5921575775,137.664959687806,608.838705503057,-2504.96665964894,161.155410749487,-1.20064501423326,-3.12479367150706,37.6601230759184,3517,"Crotalus viridis",308.15,TRUE,-2.36682615108915,0.093777891308342,-0.757967520417908
"Reptilia","Squamata","Crotaphytidae","Crotaphytus","collaris",30,0.03,0.01602,"W",37,"C","A. M. Makarieva et al., Mean mass-specific metabolic rates are strikingly similar across life's major domains: Evidence for life's metabolic optimum. Proc. Natl. Acad. Sci. U.S.A. 105, 16994-16999 (2008).","Crotaphytus collaris",18504.5921575775,137.664959687806,608.838705503057,-2504.96665964894,161.155410749487,-3.50655789731998,-4.13391733734192,37.4172720485064,3518,"Crotaphytus collaris",310.15,TRUE,-4.14840644207739,0.0157895580225671,0.0144891047354694
"Reptilia","Squamata","Scincidae","Ctenotus","labillardieri",2.8,0.0028,0.001736,"W",20,"C","A. M. Makarieva et al., Mean mass-specific metabolic rates are strikingly similar across life's major domains: Evidence for life's metabolic optimum. Proc. Natl. Acad. Sci. U.S.A. 105, 16994-16999 (2008).","Ctenotus labillardieri",18785.4264057492,168.124327098774,3068.4682030444,705.982971593312,-328.283049830073,-5.87813586180098,-6.35617166274398,39.5871292029482,3519,"Ctenotus labillardieri",293.15,TRUE,-6.33565093214364,0.00177199201654773,-0.0205207306003423
"Reptilia","Squamata","Colubridae","Diadophis","punctatus",4.4,0.0044,0.0020636,"W",30,"C","A. M. Makarieva et al., Mean mass-specific metabolic rates are strikingly similar across life's major domains: Evidence for life's metabolic optimum. Proc. Natl. Acad. Sci. U.S.A. 105, 16994-16999 (2008).","Diadophis punctatus",18504.5921575775,137.664959687806,608.838705503057,-2504.96665964894,161.155410749487,-5.42615073805792,-6.18330324859378,38.2812697537333,3520,"Diadophis punctatus",303.15,TRUE,-5.78790409096611,0.00306439815019235,-0.395399157627669
"Reptilia","Squamata","Trogonophidae","Diplometopon","zarudnyi",6.34,0.00634,0.00220632,"W",35,"C","A. M. Makarieva et al., Mean mass-specific metabolic rates are strikingly similar across life's major domains: Evidence for life's metabolic optimum. Proc. Natl. Acad. Sci. U.S.A. 105, 16994-16999 (2008).","Diplometopon zarudnyi",18504.5921575775,137.664959687806,608.838705503057,-2504.96665964894,161.155410749487,-5.060876510533,-6.11642930974067,37.6601230759184,3521,"Diplometopon zarudnyi",308.15,TRUE,-5.40893019991182,0.00447642653218749,-0.707499109828846
"Reptilia","Squamata","Iguanidae","Dipsosaurus","dorsalis",40.36,0.04036,0.00940388,"W",45,"C","A. M. Makarieva et al., Mean mass-specific metabolic rates are strikingly similar across life's major domains: Evidence for life's metabolic optimum. Proc. Natl. Acad. Sci. U.S.A. 105, 16994-16999 (2008).","Dipsosaurus dorsalis",18504.5921575775,137.664959687806,608.838705503057,-2504.96665964894,161.155410749487,-3.20991608349673,-4.66663290891317,36.4764008355941,3522,"Dipsosaurus dorsalis",318.15,TRUE,-3.77661934806312,0.0228999775662281,-0.890013560850047
"Reptilia","Squamata","Scincidae","Egernia","cunninghami",261,0.261,0.076995,"W",20,"C","A. M. Makarieva et al., Mean mass-specific metabolic rates are strikingly similar across life's major domains: Evidence for life's metabolic optimum. Proc. Natl. Acad. Sci. U.S.A. 105, 16994-16999 (2008).","Egernia cunninghami",18785.4264057492,168.124327098774,3068.4682030444,705.982971593312,-328.283049830073,-1.34323487165944,-2.56401479430176,39.5871292029482,3523,"Egernia cunninghami",293.15,TRUE,-2.76186509149045,0.0631738334349569,0.197850297188689
"Reptilia","Squamata","Anguidae","Elgaria","multicarinata",29,0.029,0.014326,"W",20,"C","A. M. Makarieva et al., Mean mass-specific metabolic rates are strikingly similar across life's major domains: Evidence for life's metabolic optimum. Proc. Natl. Acad. Sci. U.S.A. 105, 16994-16999 (2008).","Elgaria multicarinata",18504.5921575775,137.664959687806,608.838705503057,-2504.96665964894,161.155410749487,-3.54045944899566,-4.24567921078988,39.5871292029482,3524,"Elgaria multicarinata",293.15,TRUE,-4.49341559287731,0.0111823840356157,0.247736382087436
"Reptilia","Squamata","Erycidae","Eryx","colubrinus",85.85,0.08585,0.0109888,"W",20,"C","A. M. Makarieva et al., Mean mass-specific metabolic rates are strikingly similar across life's major domains: Evidence for life's metabolic optimum. Proc. Natl. Acad. Sci. U.S.A. 105, 16994-16999 (2008).","Eryx colubrinus",18761.4857515163,165.489621906203,2847.9938032235,397.060930931253,-812.753930145877,-2.45515369163865,-4.51087870670117,39.5871292029482,3526,"Eryx colubrinus",293.15,TRUE,-3.63812672177435,0.0263015680007731,-0.872751984926822
"Reptilia","Squamata","Gekkonidae","Gekko","gecko",61.5,0.0615,0.0210945,"W",30,"C","A. M. Makarieva et al., Mean mass-specific metabolic rates are strikingly similar across life's major domains: Evidence for life's metabolic optimum. Proc. Natl. Acad. Sci. U.S.A. 105, 16994-16999 (2008).","Gekko gecko",18800.1535227516,169.735196389278,3201.2614584003,886.211369622013,-187.589322618966,-2.78871810416966,-3.85874293598586,38.2812697537333,3528,"Gekko gecko",303.15,TRUE,-3.70944208635853,0.0244911834260343,-0.149300849627335
"Reptilia","Squamata","Gekkonidae","Hemidactylus","frenatus",2,0.002,0.000976,"W",27,"C","A. M. Makarieva et al., Mean mass-specific metabolic rates are strikingly similar across life's major domains: Evidence for life's metabolic optimum. Proc. Natl. Acad. Sci. U.S.A. 105, 16994-16999 (2008).","Hemidactylus frenatus",18800.1535227516,169.735196389278,3201.2614584003,886.211369622013,-187.589322618966,-6.21460809842219,-6.93204797155118,38.6638911405773,3529,"Hemidactylus frenatus",300.15,TRUE,-6.4653839158759,0.0015563936202952,-0.466664055675284
"Reptilia","Squamata","Gekkonidae","Hemidactylus","platyurus",3.5,0.0035,0.0016275,"W",27,"C","A. M. Makarieva et al., Mean mass-specific metabolic rates are strikingly similar across life's major domains: Evidence for life's metabolic optimum. Proc. Natl. Acad. Sci. U.S.A. 105, 16994-16999 (2008).","Hemidactylus platyurus",18800.1535227516,169.735196389278,3201.2614584003,886.211369622013,-187.589322618966,-5.65499231048677,-6.42071018388155,38.6638911405773,3530,"Hemidactylus platyurus",300.15,TRUE,-6.02437164604304,0.00241907112281735,-0.396338537838509
"Reptilia","Squamata","Elapidae","Hydrophis","platurus",116,0.116,0.024708,"W",30,"C","A. M. Makarieva et al., Mean mass-specific metabolic rates are strikingly similar across life's major domains: Evidence for life's metabolic optimum. Proc. Natl. Acad. Sci. U.S.A. 105, 16994-16999 (2008).","Hydrophis platurus",18753.3733882784,164.592628439259,2772.07604464696,288.192530677663,-1044.20679976059,-2.15416508787577,-3.70062820114848,38.2812697537333,3531,"Hydrophis platurus",303.15,TRUE,-3.20937458991157,0.0403818605992498,-0.49125361123691
"Reptilia","Squamata","Iguanidae","Iguana","iguana",795,0.795,0.22737,"W",37,"C","A. M. Makarieva et al., Mean mass-specific metabolic rates are strikingly similar across life's major domains: Evidence for life's metabolic optimum. Proc. Natl. Acad. Sci. U.S.A. 105, 16994-16999 (2008).","Iguana iguana",18504.5921575775,137.664959687806,608.838705503057,-2504.96665964894,161.155410749487,-0.229413164327805,-1.48117663249009,37.4172720485064,3532,"Iguana iguana",310.15,TRUE,-1.56581126083771,0.208918457042985,0.0846346283476174
"Reptilia","Squamata","Lacertidae","Lacerta","agilis",8.4,0.0084,0.0093156,"W",35,"C","A. M. Makarieva et al., Mean mass-specific metabolic rates are strikingly similar across life's major domains: Evidence for life's metabolic optimum. Proc. Natl. Acad. Sci. U.S.A. 105, 16994-16999 (2008).","Lacerta agilis",18504.5921575775,137.664959687806,608.838705503057,-2504.96665964894,161.155410749487,-4.77952357313287,-4.67606486476464,37.6601230759184,3533,"Lacerta agilis",308.15,TRUE,-5.18720647405923,0.00558759412213649,0.51114160929459
"Reptilia","Squamata","Colubridae","Lampropeltis","getula",1217,1.217,0.174031,"W",26,"C","A. M. Makarieva et al., Mean mass-specific metabolic rates are strikingly similar across life's major domains: Evidence for life's metabolic optimum. Proc. Natl. Acad. Sci. U.S.A. 105, 16994-16999 (2008).","Lampropeltis getula",18752.9238840648,164.5429220734,2767.8682603448,282.155925316632,-1057.10270750757,0.19638881400539,-1.74852183471684,38.7931369742412,3534,"Lampropeltis getula",299.15,TRUE,-1.43207590351512,0.238812655290243,-0.31644593120172
"Reptilia","Squamata","Xantusiidae","Lepidophyma","gaigeae",5,0.005,0.00183,"W",15,"C","A. M. Makarieva et al., Mean mass-specific metabolic rates are strikingly similar across life's major domains: Evidence for life's metabolic optimum. Proc. Natl. Acad. Sci. U.S.A. 105, 16994-16999 (2008).","Lepidophyma gaigeae",18785.4264057492,168.124327098774,3068.4682030444,705.982971593312,-328.283049830073,-5.29831736654804,-6.30343931212881,40.2740479814134,3535,"Lepidophyma gaigeae",288.15,TRUE,-5.97948059600525,0.00253014011588057,-0.323958716123561
"Reptilia","Squamata","Pythonidae","Liasis","fuscus",1306.9,1.3069,0.1019382,"W",30,"C","A. M. Makarieva et al., Mean mass-specific metabolic rates are strikingly similar across life's major domains: Evidence for life's metabolic optimum. Proc. Natl. Acad. Sci. U.S.A. 105, 16994-16999 (2008).","Liasis fuscus",18761.4857515163,165.489621906203,2847.9938032235,397.060930931253,-812.753930145877,0.267657920620853,-2.28338853167169,38.2812697537333,3536,"Liasis fuscus",303.15,TRUE,-1.300826466116,0.272306647791811,-0.982562065555697
"Reptilia","Squamata","Pythonidae","Liasis","olivaceus",3000.7,3.0007,0.2730637,"W",24,"C","A. M. Makarieva et al., Mean mass-specific metabolic rates are strikingly similar across life's major domains: Evidence for life's metabolic optimum. Proc. Natl. Acad. Sci. U.S.A. 105, 16994-16999 (2008).","Liasis olivaceus",18761.4857515163,165.489621906203,2847.9938032235,397.060930931253,-812.753930145877,1.09884559478345,-1.29805017768183,39.0542383504771,3537,"Liasis olivaceus",297.15,TRUE,-0.759183982165621,0.468048206903305,-0.538866195516212
"Reptilia","Squamata","Charinidae","Lichanura","trivirgata",182,0.182,0.020748,"W",20,"C","A. M. Makarieva et al., Mean mass-specific metabolic rates are strikingly similar across life's major domains: Evidence for life's metabolic optimum. Proc. Natl. Acad. Sci. U.S.A. 105, 16994-16999 (2008).","Lichanura trivirgata",18761.4857515163,165.489621906203,2847.9938032235,397.060930931253,-812.753930145877,-1.70374859190534,-3.87530542249298,39.5871292029482,3538,"Lichanura trivirgata",293.15,TRUE,-3.04597246926493,0.047550048535537,-0.829332953228056
"Reptilia","Squamata","Pythonidae","Malayopython","reticulatus",14326,14.326,1.117428,"W",20,"C","A. M. Makarieva et al., Mean mass-specific metabolic rates are strikingly similar across life's major domains: Evidence for life's metabolic optimum. Proc. Natl. Acad. Sci. U.S.A. 105, 16994-16999 (2008).","Malayopython reticulatus",18761.4857515163,165.489621906203,2847.9938032235,397.060930931253,-812.753930145877,2.66207606819226,0.111029615899714,39.5871292029482,3539,"Malayopython reticulatus",293.15,TRUE,0.394570640044358,1.48374699259406,-0.283541024144644
"Reptilia","Squamata","Colubridae","Masticophis","flagellum",262,0.262,0.507232,"W",35,"C","A. M. Makarieva et al., Mean mass-specific metabolic rates are strikingly similar across life's major domains: Evidence for life's metabolic optimum. Proc. Natl. Acad. Sci. U.S.A. 105, 16994-16999 (2008).","Masticophis flagellum",18752.9238840648,164.5429220734,2767.8682603448,282.155925316632,-1057.10270750757,-1.33941077522104,-0.678786786366655,37.6601230759184,3540,"Masticophis flagellum",308.15,TRUE,-2.47618225673814,0.0840635467904144,1.79739547037148
"Reptilia","Squamata","Colubridae","Nerodia","rhombifer",238,0.238,0.080444,"W",30,"C","A. M. Makarieva et al., Mean mass-specific metabolic rates are strikingly similar across life's major domains: Evidence for life's metabolic optimum. Proc. Natl. Acad. Sci. U.S.A. 105, 16994-16999 (2008).","Nerodia rhombifer",18504.5921575775,137.664959687806,608.838705503057,-2504.96665964894,161.155410749487,-1.43548460531066,-2.52019398880978,38.2812697537333,3541,"Nerodia rhombifer",303.15,TRUE,-2.6430093841158,0.0711468388992375,0.122815395306016
"Reptilia","Squamata","Anguidae","Ophisaurus","ventralis",32.185,0.032185,0.00688759,"W",25,"C","A. M. Makarieva et al., Mean mass-specific metabolic rates are strikingly similar across life's major domains: Evidence for life's metabolic optimum. Proc. Natl. Acad. Sci. U.S.A. 105, 16994-16999 (2008).","Ophisaurus ventralis",18504.5921575775,137.664959687806,608.838705503057,-2504.96665964894,161.155410749487,-3.43625477347756,-4.97803403743784,38.9232497932056,3542,"Ophisaurus ventralis",298.15,TRUE,-4.31391245956236,0.0133810940566765,-0.664121577875479
"Reptilia","Squamata","Colubridae","Pantherophis","guttatus",800,0.8,0.5024,"W",25,"C","A. M. Makarieva et al., Mean mass-specific metabolic rates are strikingly similar across life's major domains: Evidence for life's metabolic optimum. Proc. Natl. Acad. Sci. U.S.A. 105, 16994-16999 (2008).","Pantherophis guttatus",18752.9238840648,164.5429220734,2767.8682603448,282.155925316632,-1057.10270750757,-0.22314355131421,-0.688358663828148,38.9232497932056,3543,"Pantherophis guttatus",298.15,TRUE,-1.78177969300932,0.168338290042846,1.09342102918117
"Reptilia","Squamata","Phrynosomatidae","Phrynosoma","cornutum",35,0.035,0.01323,"W",35,"C","A. M. Makarieva et al., Mean mass-specific metabolic rates are strikingly similar across life's major domains: Evidence for life's metabolic optimum. Proc. Natl. Acad. Sci. U.S.A. 105, 16994-16999 (2008).","Phrynosoma cornutum",18504.5921575775,137.664959687806,608.838705503057,-2504.96665964894,161.155410749487,-3.35240721749272,-4.32526830085527,37.6601230759184,3544,"Phrynosoma cornutum",308.15,TRUE,-4.06254945600333,0.0172050995093515,-0.262718844851944
"Reptilia","Squamata","Colubridae","Pituophis","catenifer",548,0.548,0.077816,"W",30,"C","A. M. Makarieva et al., Mean mass-specific metabolic rates are strikingly similar across life's major domains: Evidence for life's metabolic optimum. Proc. Natl. Acad. Sci. U.S.A. 105, 16994-16999 (2008).","Pituophis catenifer",18752.9238840648,164.5429220734,2767.8682603448,282.155925316632,-1057.10270750757,-0.601479992034121,-2.553408213415,38.2812697537333,3545,"Pituophis catenifer",303.15,TRUE,-1.98576154464883,0.137276032472271,-0.56764666876617
"Reptilia","Squamata","Lacertidae","Podarcis","muralis",5.5,0.0055,0.0053459999999999,"W",35,"C","A. M. Makarieva et al., Mean mass-specific metabolic rates are strikingly similar across life's major domains: Evidence for life's metabolic optimum. Proc. Natl. Acad. Sci. U.S.A. 105, 16994-16999 (2008).","Podarcis muralis",18504.5921575775,137.664959687806,608.838705503057,-2504.96665964894,161.155410749487,-5.20300718674371,-5.23140666126543,37.6601230759184,3546,"Podarcis muralis",308.15,TRUE,-5.52093806938207,0.00400209194075707,0.289531408116643
"Reptilia","Squamata","Lacertidae","Psammodromus","algirus",5.2,0.0052,0.0055483999999999,"W",20,"C","A. M. Makarieva et al., Mean mass-specific metabolic rates are strikingly similar across life's major domains: Evidence for life's metabolic optimum. Proc. Natl. Acad. Sci. U.S.A. 105, 16994-16999 (2008).","Psammodromus algirus",18504.5921575775,137.664959687806,608.838705503057,-2504.96665964894,161.155410749487,-5.25909665339476,-5.19424568107516,39.5871292029482,3547,"Psammodromus algirus",293.15,TRUE,-5.84780928739314,0.00288621510516684,0.653563606317979
"Reptilia","Squamata","Elapidae","Pseudonaja","nuchalis",214.1,0.2141,0.0430341,"W",33,"C","A. M. Makarieva et al., Mean mass-specific metabolic rates are strikingly similar across life's major domains: Evidence for life's metabolic optimum. Proc. Natl. Acad. Sci. U.S.A. 105, 16994-16999 (2008).","Pseudonaja nuchalis",18753.3733882784,164.592628439259,2772.07604464696,288.192530677663,-1044.20679976059,-1.5413120833865,-3.14576245430956,37.9061470711882,3548,"Pseudonaja nuchalis",306.15,TRUE,-2.67138196132872,0.0691565875111307,-0.474380492980838
"Reptilia","Squamata","Phyllodactylidae","Ptyodactylus","hasselquistii",8.5,0.0085,0.0044115,"W",30,"C","A. M. Makarieva et al., Mean mass-specific metabolic rates are strikingly similar across life's major domains: Evidence for life's metabolic optimum. Proc. Natl. Acad. Sci. U.S.A. 105, 16994-16999 (2008).","Ptyodactylus hasselquistii",18800.1535227516,169.735196389278,3201.2614584003,886.211369622013,-187.589322618966,-4.76768911548587,-5.42354051130211,38.2812697537333,3549,"Ptyodactylus hasselquistii",303.15,TRUE,-5.26899511622175,0.00514878190171385,-0.154545395080365
"Reptilia","Squamata","Pythonidae","Python","molurus",29777.25,29.77725,1.310199,"W",20,"C","A. M. Makarieva et al., Mean mass-specific metabolic rates are strikingly similar across life's major domains: Evidence for life's metabolic optimum. Proc. Natl. Acad. Sci. U.S.A. 105, 16994-16999 (2008).","Python molurus",18761.4857515163,165.489621906203,2847.9938032235,397.060930931253,-812.753930145877,3.39374467913697,0.270179034073094,39.5871292029482,3550,"Python molurus",293.15,TRUE,0.971171303990272,2.64103610450019,-0.700992269917178
"Reptilia","Squamata","Iguanidae","Sauromalus","ater",150,0.15,0.0376499999999999,"W",20,"C","A. M. Makarieva et al., Mean mass-specific metabolic rates are strikingly similar across life's major domains: Evidence for life's metabolic optimum. Proc. Natl. Acad. Sci. U.S.A. 105, 16994-16999 (2008).","Sauromalus ater",18504.5921575775,137.664959687806,608.838705503057,-2504.96665964894,161.155410749487,-1.89711998488588,-3.27942232473624,39.5871292029482,3552,"Sauromalus ater",293.15,TRUE,-3.1983612309432,0.0408290585815987,-0.0810610937930383
"Reptilia","Squamata","Iguanidae","Sauromalus","hispidus",574,0.574,0.08897,"W",20,"C","A. M. Makarieva et al., Mean mass-specific metabolic rates are strikingly similar across life's major domains: Evidence for life's metabolic optimum. Proc. Natl. Acad. Sci. U.S.A. 105, 16994-16999 (2008).","Sauromalus hispidus",18504.5921575775,137.664959687806,608.838705503057,-2504.96665964894,161.155410749487,-0.555125882662571,-2.41945604472546,39.5871292029482,3553,"Sauromalus hispidus",293.15,TRUE,-2.1407858767752,0.117562417135594,-0.278670167950263
"Reptilia","Squamata","Iguanidae","Sceloporus","occidentalis",10.105,0.010105,0.006063,"W",25,"C","A. M. Makarieva et al., Mean mass-specific metabolic rates are strikingly similar across life's major domains: Evidence for life's metabolic optimum. Proc. Natl. Acad. Sci. U.S.A. 105, 16994-16999 (2008).","Sceloporus occidentalis",18504.5921575775,137.664959687806,608.838705503057,-2504.96665964894,161.155410749487,-4.59472492812655,-5.10555055189254,38.9232497932056,3554,"Sceloporus occidentalis",298.15,TRUE,-5.22685945542934,0.00537036471610668,0.121308903536796
"Reptilia","Squamata","Iguanidae","Sceloporus","olivaceus",24,0.024,0.0137279999999999,"W",20,"C","A. M. Makarieva et al., Mean mass-specific metabolic rates are strikingly similar across life's major domains: Evidence for life's metabolic optimum. Proc. Natl. Acad. Sci. U.S.A. 105, 16994-16999 (2008).","Sceloporus olivaceus",18504.5921575775,137.664959687806,608.838705503057,-2504.96665964894,161.155410749487,-3.72970144863419,-4.28831773623654,39.5871292029482,3555,"Sceloporus olivaceus",293.15,TRUE,-4.64255013412426,0.00963310057947176,0.354232397887721
"Reptilia","Squamata","Iguanidae","Sceloporus","undulatus",3.8,0.0038,0.0012882,"W",20,"C","A. M. Makarieva et al., Mean mass-specific metabolic rates are strikingly similar across life's major domains: Evidence for life's metabolic optimum. Proc. Natl. Acad. Sci. U.S.A. 105, 16994-16999 (2008).","Sceloporus undulatus",18504.5921575775,137.664959687806,608.838705503057,-2504.96665964894,161.155410749487,-5.5727542122498,-6.65450938385148,39.5871292029482,3556,"Sceloporus undulatus",293.15,TRUE,-6.09499107704782,0.00225413025412133,-0.559518306803662
"Reptilia","Squamata","Iguanidae","Sceloporus","variabilis",12.215,0.012215,0.042691425,"W",10,"C","A. M. Makarieva et al., Mean mass-specific metabolic rates are strikingly similar across life's major domains: Evidence for life's metabolic optimum. Proc. Natl. Acad. Sci. U.S.A. 105, 16994-16999 (2008).","Sceloporus variabilis",18504.5921575775,137.664959687806,608.838705503057,-2504.96665964894,161.155410749487,-4.40509057427243,-3.15375719858666,40.9852266496354,3557,"Sceloporus variabilis",283.15,TRUE,-5.37988354555269,0.00460835856259495,2.22612634696603
"Reptilia","Squamata","Scincidae","Scelotes","gronovii",1.1,0.0011,0.0006798,"W",33,"C","A. M. Makarieva et al., Mean mass-specific metabolic rates are strikingly similar across life's major domains: Evidence for life's metabolic optimum. Proc. Natl. Acad. Sci. U.S.A. 105, 16994-16999 (2008).","Scelotes gronovii",18785.4264057492,168.124327098774,3068.4682030444,705.982971593312,-328.283049830073,-6.81244509917781,-7.29371192070226,37.9061470711882,3558,"Scelotes gronovii",306.15,TRUE,-6.82536472236064,0.00108587982457891,-0.468347198341616
"Reptilia","Squamata","Scincidae","Scincus","mitranus",14.6,0.0146,0.0049786,"W",35,"C","A. M. Makarieva et al., Mean mass-specific metabolic rates are strikingly similar across life's major domains: Evidence for life's metabolic optimum. Proc. Natl. Acad. Sci. U.S.A. 105, 16994-16999 (2008).","Scincus mitranus",18785.4264057492,168.124327098774,3068.4682030444,705.982971593312,-328.283049830073,-4.22673375026785,-5.30260655196647,37.6601230759184,3559,"Scincus mitranus",308.15,TRUE,-4.75157349197056,0.00863809253483797,-0.551033059995903
"Reptilia","Squamata","Sphaerodactylidae","Sphaerodactylus","cinereus",0.4,4e-04,0.000186,"W",27,"C","A. M. Makarieva et al., Mean mass-specific metabolic rates are strikingly similar across life's major domains: Evidence for life's metabolic optimum. Proc. Natl. Acad. Sci. U.S.A. 105, 16994-16999 (2008).","Sphaerodactylus cinereus",18800.1535227516,169.735196389278,3201.2614584003,886.211369622013,-187.589322618966,-7.82404601085629,-8.58976388425107,38.6638911405773,3560,"Sphaerodactylus cinereus",300.15,TRUE,-7.7337217330347,0.000437811663077657,-0.856042151216372
"Reptilia","Squamata","Sphaerodactylidae","Sphaerodactylus","macrolepis",0.5,5e-04,0.0004625,"W",30,"C","A. M. Makarieva et al., Mean mass-specific metabolic rates are strikingly similar across life's major domains: Evidence for life's metabolic optimum. Proc. Natl. Acad. Sci. U.S.A. 105, 16994-16999 (2008).","Sphaerodactylus macrolepis",18800.1535227516,169.735196389278,3201.2614584003,886.211369622013,-187.589322618966,-7.60090245954208,-7.67886400101179,38.2812697537333,3561,"Sphaerodactylus macrolepis",303.15,TRUE,-7.50174457526159,0.00055212031401685,-0.177119425750201
"Reptilia","Squamata","Colubridae","Storeria","dekayi",7.2,0.0072,0.0041471999999999,"W",30,"C","A. M. Makarieva et al., Mean mass-specific metabolic rates are strikingly similar across life's major domains: Evidence for life's metabolic optimum. Proc. Natl. Acad. Sci. U.S.A. 105, 16994-16999 (2008).","Storeria dekayi",18504.5921575775,137.664959687806,608.838705503057,-2504.96665964894,161.155410749487,-4.93367425296013,-5.4853218712464,38.2812697537333,3562,"Storeria dekayi",303.15,TRUE,-5.39980179432871,0.00451747624329423,-0.0855200769176863
"Reptilia","Testudines","Emydidae","Terrapene","ornata",354,0.354,0.00531,"W",10,"C","A. M. Makarieva et al., Mean mass-specific metabolic rates are strikingly similar across life's major domains: Evidence for life's metabolic optimum. Proc. Natl. Acad. Sci. U.S.A. 105, 16994-16999 (2008).","Terrapene ornata",-5126.81836119685,-1622.5901421774,27.3461553712044,-1.52597053816768,0.0022057096609492,-1.03845836584836,-5.23816344372829,40.9852266496354,3563,"Terrapene ornata",283.15,TRUE,-2.7267666322378,0.0654305089075347,-2.51139681149049
"Reptilia","Squamata","Colubridae","Thamnophis","proximus",31,0.031,0.016523,"W",30,"C","A. M. Makarieva et al., Mean mass-specific metabolic rates are strikingly similar across life's major domains: Evidence for life's metabolic optimum. Proc. Natl. Acad. Sci. U.S.A. 105, 16994-16999 (2008).","Thamnophis proximus",18504.5921575775,137.664959687806,608.838705503057,-2504.96665964894,161.155410749487,-3.47376807449699,-4.10300192931328,38.2812697537333,3564,"Thamnophis proximus",303.15,TRUE,-4.24930434342167,0.0142741603694564,0.146302414108385
"Reptilia","Squamata","Colubridae","Thamnophis","sirtalis",200,0.2,0.0256,"W",29,"C","A. M. Makarieva et al., Mean mass-specific metabolic rates are strikingly similar across life's major domains: Evidence for life's metabolic optimum. Proc. Natl. Acad. Sci. U.S.A. 105, 16994-16999 (2008).","Thamnophis sirtalis",18504.5921575775,137.664959687806,608.838705503057,-2504.96665964894,161.155410749487,-1.6094379124341,-3.66516292749662,38.4079659965059,3565,"Thamnophis sirtalis",302.15,TRUE,-2.79868033214987,0.0608903646841977,-0.866482595346752
"Reptilia","Squamata","Iguanidae","Uta","stansburiana",3.625,0.003625,0.0020735,"W",37,"C","A. M. Makarieva et al., Mean mass-specific metabolic rates are strikingly similar across life's major domains: Evidence for life's metabolic optimum. Proc. Natl. Acad. Sci. U.S.A. 105, 16994-16999 (2008).","Uta stansburiana",18504.5921575775,137.664959687806,608.838705503057,-2504.96665964894,161.155410749487,-5.6199009906755,-6.17851727827784,37.4172720485064,3566,"Uta stansburiana",310.15,TRUE,-5.81385308355753,0.00298590294555185,-0.364664194720311
"Reptilia","Squamata","Varanidae","Varanus","albigularis",963,0.963,0.339939,"W",35,"C","A. M. Makarieva et al., Mean mass-specific metabolic rates are strikingly similar across life's major domains: Evidence for life's metabolic optimum. Proc. Natl. Acad. Sci. U.S.A. 105, 16994-16999 (2008).","Varanus albigularis",18504.5921575775,137.664959687806,608.838705503057,-2504.96665964894,161.155410749487,-0.0377018671840115,-1.07898908923285,37.6601230759184,3567,"Varanus albigularis",308.15,TRUE,-1.4503541572255,0.234487228040409,0.371365067992649
"Reptilia","Squamata","Varanidae","Varanus","exanthematicus",3836,3.836,10.522148,"W",25,"C","A. M. Makarieva et al., Mean mass-specific metabolic rates are strikingly similar across life's major domains: Evidence for life's metabolic optimum. Proc. Natl. Acad. Sci. U.S.A. 105, 16994-16999 (2008).","Varanus exanthematicus",18504.5921575775,137.664959687806,608.838705503057,-2504.96665964894,161.155410749487,1.34443015702119,2.35348236897666,38.9232497932056,3568,"Varanus exanthematicus",298.15,TRUE,-0.546433489154399,0.57901118190347,2.89991585813106
"Reptilia","Squamata","Varanidae","Varanus","giganteus",2496,2.496,0.54912,"W",25.9,"C","A. M. Makarieva et al., Mean mass-specific metabolic rates are strikingly similar across life's major domains: Evidence for life's metabolic optimum. Proc. Natl. Acad. Sci. U.S.A. 105, 16994-16999 (2008).","Varanus giganteus",18504.5921575775,137.664959687806,608.838705503057,-2504.96665964894,161.155410749487,0.914689450507181,-0.599438282122594,38.8061090982921,3569,"Varanus giganteus",299.05,TRUE,-0.867912898711865,0.419826856675634,0.26847461658927
"Reptilia","Squamata","Varanidae","Varanus","mertensi",904,0.904,0.160008,"W",35,"C","A. M. Makarieva et al., Mean mass-specific metabolic rates are strikingly similar across life's major domains: Evidence for life's metabolic optimum. Proc. Natl. Acad. Sci. U.S.A. 105, 16994-16999 (2008).","Varanus mertensi",18504.5921575775,137.664959687806,608.838705503057,-2504.96665964894,161.155410749487,-0.100925918589961,-1.83253146499827,37.6601230759184,3570,"Varanus mertensi",308.15,TRUE,-1.5001786672191,0.223090297664383,-0.332352797779164
"Reptilia","Squamata","Varanidae","Varanus","panoptes",2005,2.005,0.455135,"W",20.5,"C","A. M. Makarieva et al., Mean mass-specific metabolic rates are strikingly similar across life's major domains: Evidence for life's metabolic optimum. Proc. Natl. Acad. Sci. U.S.A. 105, 16994-16999 (2008).","Varanus panoptes",18504.5921575775,137.664959687806,608.838705503057,-2504.96665964894,161.155410749487,0.695644060758532,-0.787161200742202,39.5197239088856,3571,"Varanus panoptes",293.65,TRUE,-1.1452133034788,0.318156046760537,0.358052102736601
"Reptilia","Squamata","Xantusiidae","Xantusia","henshawi",3.5,0.0035,0.0017605,"W",15,"C","A. M. Makarieva et al., Mean mass-specific metabolic rates are strikingly similar across life's major domains: Evidence for life's metabolic optimum. Proc. Natl. Acad. Sci. U.S.A. 105, 16994-16999 (2008).","Xantusia henshawi",18785.4264057492,168.124327098774,3068.4682030444,705.982971593312,-328.283049830073,-5.65499231048677,-6.34215741936917,40.2740479814134,3572,"Xantusia henshawi",288.15,TRUE,-6.26056277776292,0.0019101704926058,-0.0815946416062481
"Reptilia","Squamata","Xantusiidae","Xantusia","vigilis",1.5,0.0015,0.000921,"W",30,"C","A. M. Makarieva et al., Mean mass-specific metabolic rates are strikingly similar across life's major domains: Evidence for life's metabolic optimum. Proc. Natl. Acad. Sci. U.S.A. 105, 16994-16999 (2008).","Xantusia vigilis",18785.4264057492,168.124327098774,3068.4682030444,705.982971593312,-328.283049830073,-6.50229017087397,-6.99005052170897,38.2812697537333,3573,"Xantusia vigilis",303.15,TRUE,-6.63596932456816,0.00131230607792348,-0.354081197140806
"Reptilia","Squamata","Colubridae","Xenodon","guentheri",50,0.05,0.01515,"W",20,"C","A. M. Makarieva et al., Mean mass-specific metabolic rates are strikingly similar across life's major domains: Evidence for life's metabolic optimum. Proc. Natl. Acad. Sci. U.S.A. 105, 16994-16999 (2008).","Xenodon guentheri",18752.3407466531,164.478433788319,2762.40818737183,274.319897633759,-1073.9135937373,-2.99573227355399,-4.18975474702676,39.5871292029482,3574,"Xenodon guentheri",293.15,TRUE,-4.06413648163663,0.0171778162307643,-0.125618265390128
"Reptilia","Squamata","Colubridae","Xenodon","merremii",502,0.502,0.187246,"W",20,"C","A. M. Makarieva et al., Mean mass-specific metabolic rates are strikingly similar across life's major domains: Evidence for life's metabolic optimum. Proc. Natl. Acad. Sci. U.S.A. 105, 16994-16999 (2008).","Xenodon merremii",18752.3562287603,164.480146103652,2762.55320023538,274.528117597982,-1073.46429340133,-0.689155159290408,-1.67533201862873,39.5871292029482,3575,"Xenodon merremii",293.15,TRUE,-2.24640933627009,0.105778357997655,0.571077317641359
"Reptilia","Squamata","Colubridae","Xenodon","neuwiedii",53,0.053,0.017066,"W",20,"C","A. M. Makarieva et al., Mean mass-specific metabolic rates are strikingly similar across life's major domains: Evidence for life's metabolic optimum. Proc. Natl. Acad. Sci. U.S.A. 105, 16994-16999 (2008).","Xenodon neuwiedii",18504.5921575775,137.664959687806,608.838705503057,-2504.96665964894,161.155410749487,-2.93746336543002,-4.07066709886774,39.5871292029482,3576,"Xenodon neuwiedii",293.15,TRUE,-4.01821693471455,0.0179850048041538,-0.0524501641531909
"Arachnida","Araneae","Salticidae","Zygoballus","rufipes",0.003,3e-06,4.71404520791032e-06,"W",20,"C","Anderson, 1996","Zygoballus rufipes",-5126.81836119685,-1622.5901421774,27.3461553712044,-1.52597053816768,0.0022057096609492,-12.7168982692962,-12.2649641633584,39.5871292029482,3577,"Zygoballus rufipes",293.15,TRUE,-11.7250237790103,8.08885168888255e-06,-0.539940384348053
"Arachnida","Araneae","Lycosidae","Pardosa","lugubris",0.0224,2.24e-05,3.56625946602474e-05,"W",20,"C","Schmitz, 2004","Pardosa lugubris",-5126.81836119685,-1622.5901421774,27.3461553712044,-1.52597053816768,0.0022057096609492,-10.7064495991033,-10.2414081870925,39.5871292029482,3578,"Pardosa lugubris",293.15,TRUE,-10.14066438362,3.94425891083899e-05,-0.100743803472419
"Arachnida","Araneae","Lycosidae","Pardosa","lugubris",0.0214,2.14e-05,3.25306042797243e-05,"W",20,"C","Schmitz, 2004","Pardosa lugubris",-5126.81836119685,-1622.5901421774,27.3461553712044,-1.52597053816768,0.0022057096609492,-10.7521196359365,-10.3333292415764,39.5871292029482,3579,"Pardosa lugubris",293.15,TRUE,-10.1766552313434,3.80482589598507e-05,-0.156674010233033
"Arachnida","Araneae","Salticidae","Marpissa","muscosa",0.0391,3.91e-05,4.95892480380877e-05,"W",20,"C","Schmitz, 2004","Marpissa muscosa",-5126.81836119685,-1622.5901421774,27.3461553712044,-1.52597053816768,0.0022057096609492,-10.149388090973,-9.9117365211578,39.5871292029482,3580,"Marpissa muscosa",293.15,TRUE,-9.70166504615779,6.1181540108647e-05,-0.21007147500001
"Arachnida","Araneae","Salticidae","Marpissa","muscosa",0.0275,2.75e-05,3.58667766867778e-05,"W",20,"C","Schmitz, 2004","Marpissa muscosa",-5126.81836119685,-1622.5901421774,27.3461553712044,-1.52597053816768,0.0022057096609492,-10.5013245532917,-10.2356991314342,39.5871292029482,3581,"Marpissa muscosa",293.15,TRUE,-9.97901300779548,4.63628063344196e-05,-0.25668612363871
"Arachnida","Amblypygi","Phrynichidae","Damon","annulatipes",0.64,0.00064,0.0003076815514163,"W",21,"C","Terblanche, Klok, & Chown, 2004","Damon annulatipes",-5126.81836119685,-1622.5901421774,27.3461553712044,-1.52597053816768,0.0022057096609492,-7.35404238161056,-8.08644523383185,39.4525477676161,3582,"Damon annulatipes",294.15,TRUE,-7.47901613478238,0.000564812842005209,-0.607429099049467
"Arachnida","Ixodida","Argasidae","Ornithodoros","moubata",0.0132,1.32e-05,2.72376543209877e-06,"W",25,"C","Lighton & Fielden, 1995","Ornithodoros moubata",-5126.81836119685,-1622.5901421774,27.3461553712044,-1.52597053816768,0.0022057096609492,-11.2352937283719,-12.8134952849492,38.9232497932056,3583,"Ornithodoros moubata",298.15,TRUE,-10.4600433339289,2.86589912326231e-05,-2.35345195102026
"Arachnida","Araneae","Sicariidae","Loxosceles","laeta",0.0972,9.72e-05,7.25007265636451e-05,"W",22,"C","Greenstone & Bennett, 1980","Loxosceles laeta",-5126.81836119685,-1622.5901421774,27.3461553712044,-1.52597053816768,0.0022057096609492,-9.23873984649788,-9.53191397458634,39.3188782850898,3584,"Loxosceles laeta",295.15,TRUE,-8.94466796304309,0.000130430770913879,-0.58724601154325
"Arachnida","Araneae","Sicariidae","Loxosceles","laeta",0.0961,9.61e-05,0.0001039633060157,"W",22,"C","Greenstone & Bennett, 1980","Loxosceles laeta",-5126.81836119685,-1622.5901421774,27.3461553712044,-1.52597053816768,0.0022057096609492,-9.25012124198803,-9.17147254785303,39.3188782850898,3585,"Loxosceles laeta",295.15,TRUE,-8.9536372151035,0.000129266135216341,-0.21783533274953
"Arachnida","Araneae","Sicariidae","Loxosceles","laeta",0.1112,0.0001112,0.000139529700179,"W",22,"C","Greenstone & Bennett, 1980","Loxosceles laeta",-5126.81836119685,-1622.5901421774,27.3461553712044,-1.52597053816768,0.0022057096609492,-9.10418017614779,-8.87723307485484,39.3188782850898,3586,"Loxosceles laeta",295.15,TRUE,-8.83862652009527,0.000145021794477786,-0.0386065547595695
"Arachnida","Araneae","Sicariidae","Loxosceles","laeta",0.0761999999999999,7.62e-05,4.99297456523216e-05,"W",22,"C","Greenstone & Bennett, 1980","Loxosceles laeta",-5126.81836119685,-1622.5901421774,27.3461553712044,-1.52597053816768,0.0022057096609492,-9.48214909527167,-9.90489362755002,39.3188782850898,3587,"Loxosceles laeta",295.15,TRUE,-9.13648968718721,0.000107664603386395,-0.768403940362811
"Arachnida","Araneae","Sicariidae","Loxosceles","laeta",0.1979,0.0001979,0.0001880915075943,"W",22,"C","Greenstone & Bennett, 1980","Loxosceles laeta",-5126.81836119685,-1622.5901421774,27.3461553712044,-1.52597053816768,0.0022057096609492,-8.52774870535575,-8.57858197103217,39.3188782850898,3588,"Loxosceles laeta",295.15,TRUE,-8.38436243960006,0.000228411338190426,-0.194219531432111
"Arachnida","Araneae","Sicariidae","Loxosceles","laeta",0.2917,0.0002917,0.0001778319708164,"W",22,"C","Greenstone & Bennett, 1980","Loxosceles laeta",-5126.81836119685,-1622.5901421774,27.3461553712044,-1.52597053816768,0.0022057096609492,-8.1397846810906,-8.63467143768338,39.3188782850898,3589,"Loxosceles laeta",295.15,TRUE,-8.07862250401695,0.000310097899960581,-0.556048933666428
"Arachnida","Araneae","Sicariidae","Loxosceles","laeta",0.3279,0.0003279,0.0003289891460105,"W",22,"C","Greenstone & Bennett, 1980","Loxosceles laeta",-5126.81836119685,-1622.5901421774,27.3461553712044,-1.52597053816768,0.0022057096609492,-8.02280187411367,-8.01948579859266,39.3188782850898,3590,"Loxosceles laeta",295.15,TRUE,-7.98643272962433,0.000340044954619786,-0.0330530689683242
"Arachnida","Araneae","Sicariidae","Loxosceles","laeta",0.1655,0.0001655,0.0001621006810904,"W",22,"C","Greenstone & Bennett, 1980","Loxosceles laeta",-5126.81836119685,-1622.5901421774,27.3461553712044,-1.52597053816768,0.0022057096609492,-8.70653936314716,-8.72729292756337,39.3188782850898,3591,"Loxosceles laeta",295.15,TRUE,-8.52526066927365,0.00019839299538148,-0.202032258289712
"Arachnida","Araneae","Sicariidae","Loxosceles","laeta",0.1839,0.0001839,0.0002291296547058,"W",22,"C","Greenstone & Bennett, 1980","Loxosceles laeta",-5126.81836119685,-1622.5901421774,27.3461553712044,-1.52597053816768,0.0022057096609492,-8.601118426354,-8.3812225368736,39.3188782850898,3592,"Loxosceles laeta",295.15,TRUE,-8.44218237229676,0.000215579162541025,0.0609598354231586
"Arachnida","Araneae","Sicariidae","Loxosceles","deserta",0.079,7.9e-05,6.22411897857708e-05,"W",22,"C","Greenstone & Bennett, 1980","Loxosceles deserta",-5126.81836119685,-1622.5901421774,27.3461553712044,-1.52597053816768,0.0022057096609492,-9.44606270549725,-9.68449356218156,39.3188782850898,3593,"Loxosceles deserta",295.15,TRUE,-9.10805135323097,0.000110770357256474,-0.57644220895059
"Arachnida","Araneae","Sicariidae","Loxosceles","deserta",0.0632,6.32e-05,4.03541779929723e-05,"W",22,"C","Greenstone & Bennett, 1980","Loxosceles deserta",-5126.81836119685,-1622.5901421774,27.3461553712044,-1.52597053816768,0.0022057096609492,-9.66920625681146,-10.1178156247927,39.3188782850898,3594,"Loxosceles deserta",295.15,TRUE,-9.28390243925323,9.29078478630589e-05,-0.833913185539464
"Arachnida","Araneae","Plectreuridae","Plectreurys","tristis",0.3404,0.0003404,0.0001429495457717,"W",22,"C","Greenstone & Bennett, 1980","Plectreurys tristis",-5126.81836119685,-1622.5901421774,27.3461553712044,-1.52597053816768,0.0022057096609492,-7.98538916126506,-8.85301881673371,39.3188782850898,3595,"Plectreurys tristis",295.15,TRUE,-7.95694917006493,0.000350219950778538,-0.896069646668771
"Arachnida","Araneae","Plectreuridae","Plectreurys","tristis",0.081,8.1e-05,5.9505313311671e-05,"W",22,"C","Greenstone & Bennett, 1980","Plectreurys tristis",-5126.81836119685,-1622.5901421774,27.3461553712044,-1.52597053816768,0.0022057096609492,-9.42106140329184,-9.72944495004383,39.3188782850898,3596,"Plectreurys tristis",295.15,TRUE,-9.08834876214599,0.000112974462299132,-0.641096187897832
"Arachnida","Araneae","Theridiidae","Latrodectus","mactans",0.3505,0.0003505,0.0007161156670956,"W",22,"C","Greenstone & Bennett, 1980","Latrodectus mactans",-5126.81836119685,-1622.5901421774,27.3461553712044,-1.52597053816768,0.0022057096609492,-7.95614985148963,-7.24166885782791,39.3188782850898,3597,"Latrodectus mactans",295.15,TRUE,-7.9339067637383,0.000358383554521389,0.692237905910393
"Arachnida","Araneae","Theridiidae","Latrodectus","mactans",0.0482,4.82e-05,0.0003946501813888,"W",22,"C","Greenstone & Bennett, 1980","Latrodectus mactans",-5126.81836119685,-1622.5901421774,27.3461553712044,-1.52597053816768,0.0022057096609492,-9.94015153690772,-7.83751080219056,39.3188782850898,3598,"Latrodectus mactans",295.15,TRUE,-9.49742427968697,7.50448757757901e-05,1.65991347749641
"Arachnida","Araneae","Theridiidae","Latrodectus","mactans",0.169,0.000169,0.0006012088551834,"W",22,"C","Greenstone & Bennett, 1980","Latrodectus mactans",-5126.81836119685,-1622.5901421774,27.3461553712044,-1.52597053816768,0.0022057096609492,-8.6856118430412,-7.41656817101329,39.3188782850898,3599,"Latrodectus mactans",295.15,TRUE,-8.50876847347991,0.00020169206114827,1.09220030246662
"Arachnida","Araneae","Araneidae","Argiope","aurantia",0.258,0.000258,0.0004055936872852,"W",22,"C","Greenstone & Bennett, 1980","Argiope aurantia",-5126.81836119685,-1622.5901421774,27.3461553712044,-1.52597053816768,0.0022057096609492,-8.26255097304266,-7.81015866970092,39.3188782850898,3600,"Argiope aurantia",295.15,TRUE,-8.17537002658504,0.000281502275598754,0.365211356884115
"Arachnida","Araneae","Araneidae","Argiope","aurantia",0.858,0.000858,0.0010471567204617,"W",22,"C","Greenstone & Bennett, 1980","Argiope aurantia",-5126.81836119685,-1622.5901421774,27.3461553712044,-1.52597053816768,0.0022057096609492,-7.06090645847631,-6.86167667304073,39.3188782850898,3601,"Argiope aurantia",295.15,TRUE,-7.22839893262037,0.000725681798989955,0.366722259579643
"Arachnida","Araneae","Araneidae","Argiope","aurantia",0.853,0.000853,0.0011983138956557,"W",22,"C","Greenstone & Bennett, 1980","Argiope aurantia",-5126.81836119685,-1622.5901421774,27.3461553712044,-1.52597053816768,0.0022057096609492,-7.0667510104726,-6.72683979720209,39.3188782850898,3602,"Argiope aurantia",295.15,TRUE,-7.23300480543098,0.00072234708644898,0.506165008228889
"Arachnida","Araneae","Salticidae","Menemerus","bivittatus",0.0279,2.79e-05,6.90808809710203e-05,"W",22,"C","Greenstone & Bennett, 1980","Menemerus bivittatus",-5126.81836119685,-1622.5901421774,27.3461553712044,-1.52597053816768,0.0022057096609492,-10.486883869137,-9.58023255185715,39.3188782850898,3603,"Menemerus bivittatus",295.15,TRUE,-9.92828357998829,4.87754434383096e-05,0.348051028131135
"Aves","Apterygiformes","Apterygidae","Apteryx","owenii",666,0.666,1.16,"W",20.5,"C","Calder III & Dawson, 1978","Apteryx owenii",17958.3252985913,85.3648118571666,-2111.8610084626,-388.042607718081,70.0139780214668,-0.406465608441748,0.148420005118273,39.5197239088856,3605,"Apteryx owenii",293.65,TRUE,-2.0137447089488,0.13348786435939,2.16216471406708
"Aves","Apterygiformes","Apterygidae","Apteryx","owenii",1525,1.525,3.42,"W",16,"C","Calder III & Dawson, 1978","Apteryx owenii",17958.3252985913,85.3648118571666,-2111.8610084626,-388.042607718081,70.0139780214668,0.421994410059375,1.22964055107451,40.1347637068797,3606,"Apteryx owenii",289.15,TRUE,-1.45108548511336,0.234315803682544,2.68072603618787
"Aves","Apterygiformes","Apterygidae","Apteryx","owenii",1525,1.525,2.55,"W",17,"C","Calder III & Dawson, 1978","Apteryx owenii",17958.3252985913,85.3648118571666,-2111.8610084626,-388.042607718081,70.0139780214668,0.421994410059375,0.936093359170335,39.9964395169542,3607,"Apteryx owenii",290.15,TRUE,-1.43079494810842,0.239118759663395,2.36688830727875
"Aves","Apterygiformes","Apterygidae","Apteryx","australis",1850,1.85,3.58,"W",17.5,"C","Calder III & Dawson, 1978","Apteryx australis",17958.3252985913,85.3648118571666,-2111.8610084626,-388.042607718081,70.0139780214668,0.615185639090233,1.27536280041261,39.9276343569388,3608,"Apteryx australis",290.65,TRUE,-1.26845525656954,0.281265769818523,2.54381805698215
"Aves","Apterygiformes","Apterygidae","Apteryx","australis",3070,3.07,3.89,"W",17.5,"C","Calder III & Dawson, 1978","Apteryx australis",17958.3252985913,85.3648118571666,-2111.8610084626,-388.042607718081,70.0139780214668,1.12167756159911,1.35840915763035,39.9276343569388,3609,"Apteryx australis",290.65,TRUE,-0.869307917961176,0.419241598447354,2.22771707559153
"Aves","Apterygiformes","Apterygidae","Apteryx","australis",2150,2.15,4.13,"W",17.5,"C","Calder III & Dawson, 1978","Apteryx australis",17958.3252985913,85.3648118571666,-2111.8610084626,-388.042607718081,70.0139780214668,0.765467842139571,1.41827740697294,39.9276343569388,3610,"Apteryx australis",290.65,TRUE,-1.15002347370869,0.316629336827004,2.56830088068163
"Aves","Apterygiformes","Apterygidae","Apteryx","australis",2080,2.08,4.39,"W",10,"C","Calder III & Dawson, 1978","Apteryx australis",17958.3252985913,85.3648118571666,-2111.8610084626,-388.042607718081,70.0139780214668,0.732367893713227,1.47932922708708,40.9852266496354,3611,"Apteryx australis",283.15,TRUE,-1.33124469549966,0.264148272430879,2.81057392258674
"Aves","Apterygiformes","Apterygidae","Apteryx","australis",2220,2.22,4.54,"W",18,"C","Calder III & Dawson, 1978","Apteryx australis",17958.3252985913,85.3648118571666,-2111.8610084626,-388.042607718081,70.0139780214668,0.797507195884188,1.51292701205326,39.8590655189568,3612,"Apteryx australis",291.15,TRUE,-1.11471621280813,0.328008350261364,2.62764322486139
"Aves","Apterygiformes","Apterygidae","Apteryx","australis",2680,2.68,4.12,"W",18,"C","Calder III & Dawson, 1978","Apteryx australis",17958.3252985913,85.3648118571666,-2111.8610084626,-388.042607718081,70.0139780214668,0.985816794522765,1.41585316336144,39.8590655189568,3613,"Apteryx australis",291.15,TRUE,-0.966316461912438,0.380481979858431,2.38216962527387
"Aves","Casuariiformes","Casuariidae","Dromaius","novaehollandiae",44610,44.61,46.02,"W",13,"C","Calder III & Dawson, 1978","Dromaius novaehollandiae",17958.3252985913,85.3648118571666,-2111.8610084626,-388.042607718081,70.0139780214668,3.79795804914017,3.82907608460722,40.5555370464591,3614,"Dromaius novaehollandiae",286.15,TRUE,1.14766266371741,3.15081977092363,2.68141342088981
"Aves","Casuariiformes","Casuariidae","Dromaius","novaehollandiae",38760,38.76,38.88,"W",18,"C","Calder III & Dawson, 1978","Dromaius novaehollandiae",17958.3252985913,85.3648118571666,-2111.8610084626,-388.042607718081,70.0139780214668,3.65738878702257,3.66047997959224,39.8590655189568,3615,"Dromaius novaehollandiae",291.15,TRUE,1.13904949422135,3.12379776579615,2.52143048537089
"Aves","Casuariiformes","Casuariidae","Dromaius","novaehollandiae",35410,35.41,42.38,"W",19.5,"C","Calder III & Dawson, 1978","Dromaius novaehollandiae",17958.3252985913,85.3648118571666,-2111.8610084626,-388.042607718081,70.0139780214668,3.56699426612381,3.74667655284015,39.654764824344,3616,"Dromaius novaehollandiae",292.65,TRUE,1.09778147030268,2.99750858000576,2.64889508253748
"Aves","Casuariiformes","Casuariidae","Dromaius","novaehollandiae",36920,36.92,46.58,"W",18,"C","Calder III & Dawson, 1978","Dromaius novaehollandiae",17958.3252985913,85.3648118571666,-2111.8610084626,-388.042607718081,70.0139780214668,3.60875340963465,3.84117126445619,39.8590655189568,3617,"Dromaius novaehollandiae",291.15,TRUE,1.10072177252652,3.00633513115446,2.74044949192967
"Aves","Passeriformes","Aegithalidae","Psaltriparus","minimus",5.5,0.0055,0.121,"W",30,"C","Chaplin, 1982","Psaltriparus minimus",17627.9159774698,53.6290942933145,-3781.12200541112,913.528178160784,20.3299990895494,-5.20300718674371,-2.1119647333854,38.2812697537333,3618,"Psaltriparus minimus",303.15,TRUE,-5.61205300494385,0.00365356087435378,3.50008827155846
"Aves","Passeriformes","Fringillidae","Himatione","sanguinea",12.9,0.0129,0.2471375,"W",25.1,"C","MacMillen, 1981","Himatione sanguinea",17627.9159774698,53.6290942933145,-3781.12200541112,913.528178160784,20.3299990895494,-4.35052796761451,-1.39781041708114,38.91019924843,3619,"Himatione sanguinea",298.25,TRUE,-5.03250260320972,0.00652246698151669,3.63469218612858
"Aves","Anseriformes","Anatidae","Aythya","nyroca",440,0.44,3.27222222222222,"W",22.5,"C","Prinzinger & Hänssler, 1980","Aythya nyroca",17627.1198451251,53.5594321979318,-3783.56689585748,915.234683804887,19.8642246016021,-0.82098055206983,1.18546933276138,39.2523826343456,3621,"Aythya nyroca",295.65,TRUE,-2.30119260016119,0.100139346280117,3.48666193292256
"Aves","Anseriformes","Anatidae","Aythya","fuligula",571,0.571,2.70277777777778,"W",22.5,"C","Prinzinger & Hänssler, 1980","Aythya fuligula",17627.1198451251,53.5594321979318,-3783.56689585748,915.234683804887,19.8642246016021,-0.560366069326127,0.99428005073585,39.2523826343456,3622,"Aythya fuligula",295.65,TRUE,-2.09581207469363,0.122970341992853,3.09009212542948
"Aves","Anseriformes","Anatidae","Aythya","ferina",816,0.816,5.81666666666667,"W",22.5,"C","Prinzinger & Hänssler, 1980","Aythya ferina",17627.1198451251,53.5594321979318,-3783.56689585748,915.234683804887,19.8642246016021,-0.20334092401803,1.76072735998033,39.2523826343456,3624,"Aythya ferina",295.65,TRUE,-1.81445391233618,0.162926856447679,3.57518127231651
"Aves","Anseriformes","Anatidae","Netta","rufina",1237,1.237,7.1,"W",22.5,"C","Prinzinger & Hänssler, 1980","Netta rufina",17627.1198451251,53.5594321979318,-3783.56689585748,915.234683804887,19.864224601602,0.212689093410351,1.96009478404727,39.2523826343456,3625,"Netta rufina",295.65,TRUE,-1.48659621736017,0.226141082108466,3.44669100140744
"Aves","Psittaciformes","Psittaculidae","Loriculus","galgulus",27,0.027,0.516666666666667,"W",22.5,"C","Prinzinger & Hänssler, 1980","Loriculus galgulus",17627.9159774698,53.6290942933145,-3781.12200541112,913.528178160784,20.3299990895494,-3.61191841297781,-0.660357357736954,39.2523826343456,3626,"Loriculus galgulus",295.65,TRUE,-4.50062633226226,0.0111020407938401,3.8402689745253
"Aves","Psittaciformes","Psittaculidae","Melopsittacus","undulatus",39,0.039,0.622222222222222,"W",22.5,"C","Prinzinger & Hänssler, 1980","Melopsittacus undulatus",17627.9159774698,53.6290942933145,-3781.12200541112,913.528178160784,20.3299990895494,-3.24419363285249,-0.474457979595116,39.2523826343456,3627,"Melopsittacus undulatus",295.65,TRUE,-4.21083618792921,0.0148339591730099,3.7363782083341
"Aves","Psittaciformes","Psittaculidae","Neophema","pulchella",40,0.04,0.580555555555555,"W",22.5,"C","Prinzinger & Hänssler, 1980","Neophema pulchella",17627.9159774698,53.6290942933145,-3781.12200541112,913.528178160784,20.3299990895494,-3.2188758248682,-0.543769779485346,39.2523826343456,3628,"Neophema pulchella",295.65,TRUE,-4.19088417047893,0.0151328988937127,3.64711439099358
"Aves","Cuculiformes","Cuculidae","Cuculus","canorus",128,0.128,1.25555555555556,"W",22.5,"C","Prinzinger & Hänssler, 1980","Cuculus canorus",17627.9159774698,53.6290942933145,-3781.12200541112,913.528178160784,20.3299990895494,-2.05572501506252,0.227578148382079,39.2523826343456,3629,"Cuculus canorus",295.65,TRUE,-3.27424852536463,0.0378452983278752,3.50182667374671
"Aves","Galliformes","Phasianidae","Coturnix","japonica",115,0.115,0.977777777777778,"W",22.5,"C","Prinzinger & Hänssler, 1980","Coturnix japonica",17622.0300084857,53.1140619415962,-3799.19902552371,926.146064188164,16.8866694463123,-2.16282315061889,-0.0224728558520584,39.2523826343456,3631,"Coturnix japonica",295.65,TRUE,-3.35864855995056,0.0347822332991666,3.3361757040985
"Aves","Passeriformes","Maluridae","Malurus","cyaneus",8.7,0.0087,0.176666666666667,"W",31,"C","Bech, Chappell, Astheimer, Londoño, & Buttemer, 2016","Malurus cyaneus",17627.9159774698,53.6290942933145,-3781.12200541112,913.528178160784,20.3299990895494,-4.7444322533216,-1.73349056110408,38.1554066277964,3634,"Malurus cyaneus",304.15,TRUE,-5.23220460807545,0.00534173587785113,3.49871404697137
"Aves","Passeriformes","Maluridae","Malurus","lamberti",7.8,0.0078,0.183333333333333,"W",31,"C","Bech, Chappell, Astheimer, Londoño, & Buttemer, 2016","Malurus lamberti",17627.9159774698,53.6290942933145,-3781.12200541112,913.528178160784,20.3299990895494,-4.85363154528659,-1.69644928942373,38.1554066277964,3635,"Malurus lamberti",304.15,TRUE,-5.31826048543247,0.00490127214843251,3.62181119600873
"Aves","Passeriformes","Meliphagidae","Acanthagenys","rufogularis",43.4,0.0434,0.633333333333333,"W",31,"C","Bech, Chappell, Astheimer, Londoño, & Buttemer, 2016","Acanthagenys rufogularis",17627.9159774698,53.6290942933145,-3781.12200541112,913.528178160784,20.3299990895494,-3.13729583787578,-0.456758402495715,38.1554066277964,3636,"Acanthagenys rufogularis",304.15,TRUE,-3.96568051460475,0.0189551329775458,3.50892211210903
"Aves","Passeriformes","Meliphagidae","Manorina","flavigula",41.1,0.0411,0.61,"W",31,"C","Bech, Chappell, Astheimer, Londoño, & Buttemer, 2016","Manorina flavigula",17627.9159774698,53.6290942933145,-3781.12200541112,913.528178160784,20.3299990895494,-3.19174715747995,-0.49429632181478,38.1554066277964,3637,"Manorina flavigula",304.15,TRUE,-4.0085915628127,0.018158952978997,3.51429524099792
"Aves","Passeriformes","Meliphagidae","Meliphaga","lewinii",36.2,0.0362,0.533333333333333,"W",31,"C","Bech, Chappell, Astheimer, Londoño, & Buttemer, 2016","Meliphaga lewinii",17627.9159774698,53.6290942933145,-3781.12200541112,913.528178160784,20.3299990895494,-3.31869616015041,-0.628608659422375,38.1554066277964,3638,"Meliphaga lewinii",304.15,TRUE,-4.1086353232421,0.0164301811202392,3.48002666381972
"Aves","Passeriformes","Meliphagidae","Acanthorhynchus","tenuirostris",11.3,0.0113,0.276666666666667,"W",31,"C","Bech, Chappell, Astheimer, Londoño, & Buttemer, 2016","Acanthorhynchus tenuirostris",17627.9159774698,53.6290942933145,-3781.12200541112,913.528178160784,20.3299990895494,-4.48295255326384,-1.2849418668596,38.1554066277964,3639,"Acanthorhynchus tenuirostris",304.15,TRUE,-5.02614223720647,0.00656408446969143,3.74120037034686
"Aves","Passeriformes","Pardalotidae","Pardalotus","punctatus",7.8,0.0078,0.22,"W",31,"C","Bech, Chappell, Astheimer, Londoño, & Buttemer, 2016","Pardalotus punctatus",17627.9159774698,53.6290942933145,-3781.12200541112,913.528178160784,20.3299990895494,-4.85363154528659,-1.51412773262978,38.1554066277964,3640,"Pardalotus punctatus",304.15,TRUE,-5.31826048543247,0.00490127214843251,3.80413275280269
"Aves","Passeriformes","Acanthizidae","Sericornis","frontalis",13.2,0.0132,0.32,"W",31,"C","Bech, Chappell, Astheimer, Londoño, & Buttemer, 2016","Sericornis frontalis",17627.9159774698,53.6290942933145,-3781.12200541112,913.528178160784,20.3299990895494,-4.32753844938981,-1.13943428318836,38.1554066277964,3641,"Sericornis frontalis",304.15,TRUE,-4.90366619526636,0.00741933242693314,3.76423191207799
"Aves","Passeriformes","Acanthizidae","Smicrornis","brevirostris",5.9,0.0059,0.163333333333333,"W",31,"C","Bech, Chappell, Astheimer, Londoño, & Buttemer, 2016","Smicrornis brevirostris",17627.9159774698,53.6290942933145,-3781.12200541112,913.528178160784,20.3299990895494,-5.13280292807046,-1.81196217654558,38.1554066277964,3642,"Smicrornis brevirostris",304.15,TRUE,-5.53826500969385,0.00393334523752481,3.72630283314827
"Aves","Passeriformes","Acanthizidae","Acanthiza","pusilla",6.4,0.0064,0.223333333333333,"W",31,"C","Bech, Chappell, Astheimer, Londoño, & Buttemer, 2016","Acanthiza pusilla",17627.9159774698,53.6290942933145,-3781.12200541112,913.528178160784,20.3299990895494,-5.05145728861651,-1.49908985526524,38.1554066277964,3643,"Acanthiza pusilla",304.15,TRUE,-5.47415955400443,0.00419375169108746,3.9750696987392
"Aves","Passeriformes","Acanthizidae","Acanthiza","uropygialis",6.6,0.0066,0.176666666666667,"W",31,"C","Bech, Chappell, Astheimer, Londoño, & Buttemer, 2016","Acanthiza uropygialis",17627.9159774698,53.6290942933145,-3781.12200541112,913.528178160784,20.3299990895494,-5.02068562994976,-1.73349056110408,38.1554066277964,3644,"Acanthiza uropygialis",304.15,TRUE,-5.44990956083463,0.00429669326253353,3.71641899973055
"Aves","Passeriformes","Acanthizidae","Acanthiza","chrysorrhoa",8.3,0.0083,0.223333333333333,"W",31,"C","Bech, Chappell, Astheimer, Londoño, & Buttemer, 2016","Acanthiza chrysorrhoa",17627.9159774698,53.6290942933145,-3781.12200541112,913.528178160784,20.3299990895494,-4.79149976417958,-1.49908985526524,38.1554066277964,3645,"Acanthiza chrysorrhoa",304.15,TRUE,-5.26929675280468,0.00514722907494123,3.77020689753944
"Aves","Passeriformes","Acanthizidae","Acanthiza","lineata",7.3,0.0073,0.16,"W",31,"C","Bech, Chappell, Astheimer, Londoño, & Buttemer, 2016","Acanthiza lineata",17627.9159774698,53.6290942933145,-3781.12200541112,913.528178160784,20.3299990895494,-4.91988093082779,-1.83258146374831,38.1554066277964,3646,"Acanthiza lineata",304.15,TRUE,-5.3704691480943,0.00465194834555534,3.53788768434599
"Aves","Passeriformes","Pachycephalidae","Pachycephala","pectoralis",24,0.024,0.36,"W",31,"C","Bech, Chappell, Astheimer, Londoño, & Buttemer, 2016","Pachycephala pectoralis",17627.9159774698,53.6290942933145,-3781.12200541112,913.528178160784,20.3299990895494,-3.72970144863419,-1.02165124753198,38.1554066277964,3647,"Pachycephala pectoralis",304.15,TRUE,-4.43253321728874,0.0118843458780748,3.41088196975676
"Aves","Passeriformes","Artamidae","Cracticus","torquatus",93.7,0.0937,0.71,"W",31,"C","Bech, Chappell, Astheimer, Londoño, & Buttemer, 2016","Cracticus torquatus",17627.9159774698,53.6290942933145,-3781.12200541112,913.528178160784,20.3299990895494,-2.36765708973776,-0.342490308946776,38.1554066277964,3648,"Cracticus torquatus",304.15,TRUE,-3.35915700582405,0.0347645529113159,3.01666669687728
"Aves","Passeriformes","Artamidae","Strepera","graculina",306.7,0.3067,1.88333333333333,"W",31,"C","Bech, Chappell, Astheimer, Londoño, & Buttemer, 2016","Strepera graculina",17627.9159774698,53.6290942933145,-3781.12200541112,913.528178160784,20.3299990895494,-1.18188520786193,0.633043256490238,38.1554066277964,3649,"Strepera graculina",304.15,TRUE,-2.42469453996098,0.0885051496999646,3.05773779645122
"Aves","Passeriformes","Passeridae","Passer","domesticus",23,0.023,0.313333333333333,"W",31,"C","Bech, Chappell, Astheimer, Londoño, & Buttemer, 2016","Passer domesticus",17627.9159774698,53.6290942933145,-3781.12200541112,913.528178160784,20.3299990895494,-3.77226106305299,-1.1604876923862,38.1554066277964,3650,"Passer domesticus",304.15,TRUE,-4.46607285745381,0.0114923594801088,3.30558516506761
"Aves","Passeriformes","Estrildidae","Neochmia","temporalis",9.6,0.0096,0.176666666666667,"W",31,"C","Bech, Chappell, Astheimer, Londoño, & Buttemer, 2016","Neochmia temporalis",17627.9159774698,53.6290942933145,-3781.12200541112,913.528178160784,20.3299990895494,-4.64599218050835,-1.73349056110408,38.1554066277964,3651,"Neochmia temporalis",304.15,TRUE,-5.15462766887928,0.00577262900444225,3.4211371077752
"Aves","Passeriformes","Zosteropidae","Zosterops","lateralis",10.4,0.0104,0.21,"W",31,"C","Bech, Chappell, Astheimer, Londoño, & Buttemer, 2016","Zosterops lateralis",17627.9159774698,53.6290942933145,-3781.12200541112,913.528178160784,20.3299990895494,-4.56594947283481,-1.56064774826467,38.1554066277964,3652,"Zosterops lateralis",304.15,TRUE,-5.09154900498935,0.00614848846765317,3.53090125672468
"Aves","Passeriformes","Turdidae","Zoothera","lunulata",113.2,0.1132,1.02333333333333,"W",31,"C","Bech, Chappell, Astheimer, Londoño, & Buttemer, 2016","Zoothera lunulata",17627.9159774698,53.6290942933145,-3781.12200541112,913.528178160784,20.3299990895494,-2.17859911321305,0.0230652729309929,38.1554066277964,3653,"Zoothera lunulata",304.15,TRUE,-3.21016748630966,0.0403498546578074,3.23323275924065
"Aves","Passeriformes","Turdidae","Turdus","merula",85.1,0.0851,0.96,"W",31,"C","Bech, Chappell, Astheimer, Londoño, & Buttemer, 2016","Turdus merula",17627.9159774698,53.6290942933145,-3781.12200541112,913.528178160784,20.3299990895494,-2.46392824340281,-0.0408219945202552,38.1554066277964,3654,"Turdus merula",304.15,TRUE,-3.43502470096876,0.0322246142428963,3.3942027064485
"Aves","Passeriformes","Sturnidae","Sturnus","vulgaris",57.5,0.0575,0.586666666666667,"W",31,"C","Bech, Chappell, Astheimer, Londoño, & Buttemer, 2016","Sturnus vulgaris",17627.9159774698,53.6290942933145,-3781.12200541112,913.528178160784,20.3299990895494,-2.85597033117883,-0.533298479618049,38.1554066277964,3655,"Sturnus vulgaris",304.15,TRUE,-3.74397840586328,0.0236597874056485,3.21067992624523
"Aves","Spheniscoformes","Spheniscidae","Pygoscelis","adeliae",3500,3.5,17.8888888888889,"W",8.5,"C","Ricklefs & Matthew, 1983","Pygoscelis adeliae",17851.9330465202,75.1548555284433,-2647.29014887629,28.9942310416406,53.7308481551378,1.25276296849537,2.88417978764824,41.2035040860794,3659,"Pygoscelis adeliae",281.65,TRUE,-0.95315954356689,0.38552102667319,3.83733933121513
"Aves","Charadriiformes","Stercorariidae","Stercorarius","maccormicki",1130,1.13,8.16111111111111,"W",5.5,"C","Ricklefs & Matthew, 1983","Stercorarius maccormicki",17627.9159774698,53.6290942933145,-3781.12200541112,913.528178160784,20.3299990895494,0.122217632724249,2.09938032528367,41.6471090107456,3660,"Stercorarius maccormicki",278.65,TRUE,-1.90917167601749,0.148203095945551,4.00855200130116
"Aves","Procellariiformes","Diomedediae","Phoebastria","immutabilis",2522,2.522,7.42588888888889,"W",19.35,"C","Grant & Whittow, 1983","Phoebastria immutabilis",17627.9159774698,53.6290942933145,-3781.12200541112,913.528178160784,20.3299990895494,0.925052237542728,2.00497239319869,39.675100601177,3661,"Phoebastria immutabilis",292.5,TRUE,-0.987217239639656,0.372612139943568,2.99218963283834
"Aves","Galliformes","Phasianidae","Alectoris","chukar",475,0.475,1.92638888888889,"W",24,"C","Marder & Bernstein, 1983","Alectoris chukar",-5126.81836119685,-1622.5901421774,27.3461553712044,-1.52597053816768,0.0022057096609492,-0.744440474947496,0.655647208304731,39.0542383504771,3662,"Alectoris chukar",297.15,TRUE,-2.21180878491179,0.109502402983477,2.86745599321652
"Aves","Procellariiformes","Diomedeidae","Thalassarche","chrysostoma",3753,3.753,8.50694444444444,"W",4.9,"C","Adams & Brown, 1984","Thalassarche chrysostoma",17627.9159774698,53.6290942933145,-3781.12200541112,913.528178160784,20.3299990895495,1.32255552015288,2.14088282340283,41.7369786939193,3663,"Thalassarche chrysostoma",278.05,TRUE,-0.976413114950764,0.376659713838238,3.11729593835359
"Aves","Procellariiformes","Procellariidae","Pelecanoides","georgicus",127,0.127,0.983796296296296,"W",16.6,"C","Adams & Brown, 1984","Pelecanoides georgicus",17627.9159774698,53.6290942933145,-3781.12200541112,913.528178160784,20.3299990895494,-2.06356819252355,-0.0163364193196938,40.0516546189621,3666,"Pelecanoides georgicus",289.75,TRUE,-3.39767326994484,0.0334510109566662,3.38133685062514
"Aves","Passeriformes","Meliphagidae","Lichmera","indistincta",10.1,0.0101,0.211538888888889,"W",30,"C","Vitali, Withers, & Richardson, 1999","Lichmera indistincta",17627.9159774698,53.6290942933145,-3781.12200541112,913.528178160784,20.3299990895494,-4.59521985513492,-1.55334642558308,38.2812697537333,3667,"Lichmera indistincta",303.15,TRUE,-5.13307854341673,0.00589837409352971,3.57973211783365
"Aves","Passeriformes","Meliphagidae","Gliciphila","melanops",18.8,0.0188,0.2914,"W",30,"C","Vitali, Withers, & Richardson, 1999","Gliciphila melanops",17627.9159774698,53.6290942933145,-3781.12200541112,913.528178160784,20.3299990895494,-3.97389840914623,-1.23305838522103,38.2812697537333,3668,"Gliciphila melanops",303.15,TRUE,-4.64343835259544,0.0096245480804084,3.41037996737441
"Aves","Passeriformes","Meliphagidae","Melithreptus","lunatus",14.3,0.0143,0.247866666666667,"W",30,"C","Vitali, Withers, & Richardson, 1999","Melithreptus lunatus",17627.9159774698,53.6290942933145,-3781.12200541112,913.528178160784,20.3299990895494,-4.24749574171628,-1.39486431180296,38.2812697537333,3669,"Melithreptus lunatus",303.15,TRUE,-4.85905017638275,0.00775784898099602,3.4641858645798
"Aves","Passeriformes","Meliphagidae","Acanthorhynchus","tenuirostris",9.7,0.0097,0.248842592592593,"W",35,"C","Weathers, Paton, & Seymour, 1996","Acanthorhynchus tenuirostris",17627.9159774698,53.6290942933145,-3781.12200541112,913.528178160784,20.3299990895494,-4.6356293934728,-1.39093474067639,37.6601230759184,3670,"Acanthorhynchus tenuirostris",308.15,TRUE,-5.07380885348505,0.00625853683583164,3.68287411280865
"Aves","Columbiformes","Columbidae","Leptotila","verreauxi",131,0.131,0.8867875,"W",30,"C","Vleck & Vleck, 1979","Leptotila verreauxi",17627.9159774698,53.6290942933145,-3781.12200541112,913.528178160784,20.3299990895494,-2.03255795578099,-0.120149896964043,38.2812697537333,3671,"Leptotila verreauxi",303.15,TRUE,-3.11354055786819,0.0444433222960412,2.99339066090415
"Aves","Passeriformes","Pipridae","Ceratopipra","mentalis",14.5,0.0145,0.297534166666667,"W",30,"C","Vleck & Vleck, 1979","Ceratopipra mentalis",17627.9159774698,53.6290942933145,-3781.12200541112,913.528178160784,20.3299990895494,-4.23360662955561,-1.21222621465237,38.2812697537333,3672,"Ceratopipra mentalis",303.15,TRUE,-4.8481046866164,0.00784322884745311,3.63587847196403
"Aves","Passeriformes","Furnariidade","Xiphorhynchus","guttatus",45.2,0.0452,0.44630125,"W",30,"C","Vleck & Vleck, 1979","Xiphorhynchus guttatus",17627.9159774698,53.6290942933145,-3781.12200541112,913.528178160784,20.3299990895494,-3.09665819214395,-0.806761106544203,38.2812697537333,3673,"Xiphorhynchus guttatus",303.15,TRUE,-3.95211815107624,0.0192139605713437,3.14535704453204
"Aves","Passeriformes","Thamnophilidae","Thamnophilus","punctatus",21,0.021,0.34163125,"W",30,"C","Vleck & Vleck, 1979","Thamnophilus punctatus",17627.9159774698,53.6290942933145,-3781.12200541112,913.528178160784,20.3299990895494,-3.86323284125871,-1.07402333998724,38.2812697537333,3674,"Thamnophilus punctatus",303.15,TRUE,-4.55622695803048,0.0105016072927819,3.48220361804324
"Aves","Passeriformes","Estrildidae","Lonchura","malacca",11.8,0.0118,0.140972222222222,"W",33,"C","Hails, 1983","Lonchura malacca",17627.9159774698,53.6290942933145,-3781.12200541112,913.528178160784,20.3299990895494,-4.43965574751052,-1.95919241352826,37.9061470711882,3675,"Lonchura malacca",306.15,TRUE,-4.95545818938988,0.00704485166374383,2.99626577586162
"Aves","Passeriformes","Estrildidae","Lonchura","maja",12.8,0.0128,0.152199074074074,"W",33,"C","Hails, 1983","Lonchura maja",17627.9159774698,53.6290942933145,-3781.12200541112,913.528178160784,20.3299990895494,-4.35831010805657,-1.88256591718624,37.9061470711882,3676,"Lonchura maja",306.15,TRUE,-4.89135273370046,0.00751125487191605,3.00878681651423
"Aves","Passeriformes","Nectariniidae","Arachnothera","longirostra",13,0.013,0.188541666666667,"W",33,"C","Hails, 1983","Arachnothera longirostra",17627.9159774698,53.6290942933145,-3781.12200541112,913.528178160784,20.3299990895494,-4.3428059215206,-1.66843625319605,37.9061470711882,3677,"Arachnothera longirostra",306.15,TRUE,-4.8791344642314,0.00760359236143394,3.21069821103535
"Aves","Passeriformes","Muscicapidae","Copsychus","saularis",33.5,0.0335,0.231134259259259,"W",33,"C","Hails, 1983","Copsychus saularis",17627.9159774698,53.6290942933145,-3781.12200541112,913.528178160784,20.3299990895494,-3.39620984015112,-1.46475652838229,37.9061470711882,3678,"Copsychus saularis",306.15,TRUE,-4.1331575002866,0.0160321772153902,2.66840097190431
"Aves","Passeriformes","Pycnonotidae","Pycnonotus","finlaysoni",26.3,0.0263,0.224884259259259,"W",33,"C","Hails, 1983","Pycnonotus finlaysoni",17627.9159774698,53.6290942933145,-3781.12200541112,913.528178160784,20.3299990895494,-3.63818633979842,-1.49216941242066,37.9061470711882,3679,"Pycnonotus finlaysoni",306.15,TRUE,-4.32385012843665,0.0132487757315639,2.83168071601598
"Aves","Passeriformes","Pellorneidae","Malacopteron","cinereum",15.8,0.0158,0.211226851851852,"W",33,"C","Hails, 1983","Malacopteron cinereum",17627.9159774698,53.6290942933145,-3781.12200541112,913.528178160784,20.3299990895494,-4.14774533894922,-1.55482259578151,37.9061470711882,3680,"Malacopteron cinereum",306.15,TRUE,-4.72541451542136,0.00886703762420536,3.17059191963985
"Aves","Passeriformes","Pycnonotidae","Alophoixus","bres",35,0.035,0.355208333333333,"W",33,"C","Hails, 1983","Alophoixus bres",17627.9159774698,53.6290942933145,-3781.12200541112,913.528178160784,20.3299990895494,-3.35240721749272,-1.03505080717837,37.9061470711882,3681,"Alophoixus bres",306.15,TRUE,-4.0986382918231,0.0165952579212803,3.06358748464473
"Aves","Passeriformes","Monarchidae","Hypothymis","azurea",10.8,0.0108,0.138888888888889,"W",33,"C","Hails, 1983","Hypothymis azurea",17627.9159774698,53.6290942933145,-3781.12200541112,913.528178160784,20.3299990895494,-4.52820914485196,-1.97408102602201,37.9061470711882,3682,"Hypothymis azurea",306.15,TRUE,-5.02524380946154,0.00656998447526655,3.05116278343953
"Aves","Cuculiformes","Cuculidae","Cacomantis","variolosus",23.8,0.0238,0.121527777777778,"W",33,"C","Hails, 1983","Cacomantis variolosus",17627.9159774698,53.6290942933145,-3781.12200541112,913.528178160784,20.3299990895494,-3.73806969830471,-2.10761241864653,37.9061470711882,3683,"Cacomantis variolosus",306.15,TRUE,-4.40256446710086,0.0122458954052239,2.29495204845433
"Aves","Passeriformes","Laniidae","Lanius","cristatus",26.8,0.0268,0.252314814814815,"W",33,"C","Hails, 1983","Lanius cristatus",17627.9159774698,53.6290942933145,-3781.12200541112,913.528178160784,20.3299990895494,-3.61935339146533,-1.37707770601497,37.9061470711882,3684,"Lanius cristatus",306.15,TRUE,-4.30900858630885,0.0134468744033414,2.93193088029389
"Aves","Passeriformes","Acrocephalidae","Acrocephalus","arundinaceus",26.9,0.0269,0.255787037037037,"W",33,"C","Hails, 1983","Acrocephalus arundinaceus",17627.9159774698,53.6290942933145,-3781.12200541112,913.528178160784,20.3299990895494,-3.61562899237434,-1.3634100672863,37.9061470711882,3685,"Acrocephalus arundinaceus",306.15,TRUE,-4.3060735266978,0.0134863997575585,2.9426634594115
"Aves","Procellariiformes","Procellariidae","Puffinus","nativitatis",307.6,0.3076,1.48673333333333,"W",28.4,"C","Pettit, Ellis, & Whittow, 1985","Puffinus nativitatis",17627.9159774698,53.6290942933145,-3781.12200541112,913.528178160784,20.3299990895494,-1.17895504135065,0.396581319407769,38.4843870862022,3691,"Puffinus nativitatis",301.55,TRUE,-2.47064296175106,0.0845304916524437,2.86722428115883
"Aves","Phaethontiformes","Phaethontidae","Phaethon","rubricauda",593.2,0.5932,3.36146666666667,"W",29.5,"C","Pettit, Ellis, & Whittow, 1985","Phaethon rubricauda",17627.9159774698,53.6290942933145,-3781.12200541112,913.528178160784,20.3299990895495,-0.52222366871836,1.21237738666975,38.3445132193764,3692,"Phaethon rubricauda",302.65,TRUE,-1.93257967582516,0.144774245730748,3.14495706249491
"Aves","Apodiformes","Trochilidae","Chlorostilbon","mellisugus",2.9,0.0029,0.344777777777778,"W",25,"C","Krüger, Prinzinger, & Schuchmann, 1982","Chlorostilbon mellisugus",17865.1597209051,76.4264911671448,-2580.18232474484,-23.288748436186,55.5860321133333,-5.84304454198971,-1.06485519186998,38.9232497932056,3693,"Chlorostilbon mellisugus",298.15,TRUE,-6.21061344925018,0.00200800527683511,5.1457582573802
"Aves","Apodiformes","Trochilidae","Orthorhyncus","cristatus",2.9,0.0029,0.302083333333333,"W",25,"C","Krüger, Prinzinger, & Schuchmann, 1982","Orthorhyncus cristatus",17865.1597209051,76.4264911671448,-2580.18232474484,-23.288748436186,55.5860321133333,-5.84304454198971,-1.19705236148136,38.9232497932056,3694,"Orthorhyncus cristatus",298.15,TRUE,-6.21061344925018,0.00200800527683511,5.01356108776881
"Aves","Apodiformes","Trochilidae","Orthorhyncus","cristatus",2.9,0.0029,0.241666666666667,"W",25,"C","Krüger, Prinzinger, & Schuchmann, 1982","Orthorhyncus cristatus",17865.1597209051,76.4264911671448,-2580.18232474484,-23.288748436186,55.5860321133333,-5.84304454198971,-1.42019591279557,38.9232497932056,3695,"Orthorhyncus cristatus",298.15,TRUE,-6.21061344925018,0.00200800527683511,4.7904175364546
"Aves","Apodiformes","Trochilidae","Chaetocercus","mulsant",3.3,0.0033,0.408833333333333,"W",25,"C","Krüger, Prinzinger, & Schuchmann, 1982","Chaetocercus mulsant",17865.1597209051,76.4264911671448,-2580.18232474484,-23.288748436186,55.5860321133333,-5.7138328105097,-0.894447703951704,38.9232497932056,3696,"Chaetocercus mulsant",298.15,TRUE,-6.1087865168842,0.00222324704930527,5.2143388129325
"Aves","Apodiformes","Trochilidae","Trochilus","scitulus",4,0.004,0.57,"W",25,"C","Krüger, Prinzinger, & Schuchmann, 1982","Trochilus scitulus",17865.1597209051,76.4264911671448,-2580.18232474484,-23.288748436186,55.5860321133333,-5.52146091786225,-0.562118918153541,38.9232497932056,3697,"Trochilus scitulus",298.15,TRUE,-5.95718542403175,0.00258718355868002,5.39506650587821
"Aves","Apodiformes","Trochilidae","Boissonneaua","matthewsii",7.2,0.0072,0.552,"W",25,"C","Krüger, Prinzinger, & Schuchmann, 1982","Boissonneaua matthewsii",17865.1597209051,76.4264911671448,-2580.18232474484,-23.288748436186,55.5860321133333,-4.93367425296013,-0.594207232705042,38.9232497932056,3698,"Boissonneaua matthewsii",298.15,TRUE,-5.49397273980369,0.00411147785449128,4.89976550709864
"Aves","Apodiformes","Trochilidae","Eugenes","fulgens",7.9,0.0079,0.625416666666667,"W",25,"C","Krüger, Prinzinger, & Schuchmann, 1982","Eugenes fulgens",17865.1597209051,76.4264911671448,-2580.18232474484,-23.288748436186,55.5860321133333,-4.84089251950916,-0.469337184702575,38.9232497932056,3699,"Eugenes fulgens",298.15,TRUE,-5.42085492620662,0.00442336338157889,4.95151774150405
"Aves","Apodiformes","Trochilidae","Lampornis","clemenciae",8,0.008,0.56,"W",25,"C","Krüger, Prinzinger, & Schuchmann, 1982","Lampornis clemenciae",17865.1597209051,76.4264911671448,-2580.18232474484,-23.288748436186,55.5860321133333,-4.8283137373023,-0.579818495252942,38.9232497932056,3700,"Lampornis clemenciae",298.15,TRUE,-5.41094205846347,0.00446742964845122,4.83112356321053
"Aves","Apodiformes","Trochilidae","Lampornis","clemenciae",8.3,0.0083,0.696277777777778,"W",25,"C","Krüger, Prinzinger, & Schuchmann, 1982","Lampornis clemenciae",17865.1597209051,76.4264911671448,-2580.18232474484,-23.288748436186,55.5860321133333,-4.79149976417958,-0.362006592266779,38.9232497932056,3701,"Lampornis clemenciae",298.15,TRUE,-5.38193034328597,0.00459893583123707,5.01992375101919
"Aves","Apodiformes","Trochilidae","Oreotrochilus","estella",8.5,0.0085,0.684722222222222,"W",25,"C","Krüger, Prinzinger, & Schuchmann, 1982","Oreotrochilus estella",17865.1597209051,76.4264911671448,-2580.18232474484,-23.288748436186,55.5860321133333,-4.76768911548587,-0.378742037967411,38.9232497932056,3702,"Oreotrochilus estella",298.15,TRUE,-5.36316606169672,0.00468604628478688,4.98442402372931
"Aves","Apodiformes","Trochilidae","Oreotrochilus","estella",8.9,0.0089,0.536472222222222,"W",25,"C","Krüger, Prinzinger, & Schuchmann, 1982","Oreotrochilus estella",17865.1597209051,76.4264911671448,-2580.18232474484,-23.288748436186,55.5860321133333,-4.72170400224404,-0.622740494165648,38.9232497932056,3703,"Oreotrochilus estella",298.15,TRUE,-5.3269269140413,0.00485897915258816,4.70418641987565
"Aves","Apodiformes","Trochilidae","Patagona","gigas",17.5,0.0175,0.957638888888889,"W",25,"C","Krüger, Prinzinger, & Schuchmann, 1982","Patagona gigas",17865.1597209051,76.4264911671448,-2580.18232474484,-23.288748436186,55.5860321133333,-4.04555439805267,-0.0432845147767443,38.9232497932056,3704,"Patagona gigas",298.15,TRUE,-4.79407870260836,0.00827862238866126,4.75079418783162
"Aves","Charadriiformes","Laridae","Onychoprion","fuscatus",150.4,0.1504,0.810488888888889,"W",30,"C","MacMillen, Whittow, Christopher, & Ebisu, 1977","Onychoprion fuscatus",17627.9159774698,53.6290942933145,-3781.12200541112,913.528178160784,20.3299990895494,-1.8944568674664,-0.210117646859179,38.2812697537333,3705,"Onychoprion fuscatus",303.15,TRUE,-3.00470825589062,0.0495532090766465,2.79459060903144
"Aves","Struthioniformes","Struthionidae","Struthio","camelus",95400,95.4,59.89,"W",20,"C","Withers, 1983","Struthio camelus",17958.3252985913,85.3648118571666,-2111.8610084626,-388.042607718081,70.0139780214668,4.55807857845424,4.09250954627637,39.5871292029482,3706,"Struthio camelus",293.15,TRUE,1.88873929769474,6.61102888579166,2.20377024858163
"Insecta","Orthoptera","Tettigonildae","Requena","verticalis",0.371,0.000371,0.000674473799191,"W",21,"C","Bailey, Withers, Endersby, & Gaull, 1993","Requena verticalis",-5126.81836119685,-1622.5901421774,27.3461553712044,-1.52597053816768,0.0022057096609492,-7.89930849535684,-7.30157772785819,39.4525477676161,3707,"Requena verticalis",294.15,TRUE,-7.90871996314174,0.000367524724824031,0.607142235283547
"Insecta","Coleoptera","Tenebrionidae","Physosterna","cribripes",1.226,0.001226,0.0013009222222222,"W",35,"C","Bartholomew, Lighton, & Louw, 1985","Physosterna cribripes",-5126.81836119685,-1622.5901421774,27.3461553712044,-1.52597053816768,0.0022057096609492,-6.70399844146812,-6.64468186431171,37.6601230759184,3712,"Physosterna cribripes",308.15,TRUE,-6.70381313208789,0.00122622721035161,0.0591312677761744
"Insecta","Coleoptera","Tenebrionidae","Physosterna","cribripes",1.285,0.001285,0.0010244305555555,"W",35,"C","Bartholomew, Lighton, & Louw, 1985","Physosterna cribripes",-5126.81836119685,-1622.5901421774,27.3461553712044,-1.52597053816768,0.0022057096609492,-6.65699656063495,-6.88361837632554,37.6601230759184,3713,"Physosterna cribripes",308.15,TRUE,-6.66677270792631,0.00127249885680343,-0.216845668399237
"Insecta","Coleoptera","Tenebrionidae","Physosterna","cribripes",1.226,0.001226,0.0007798479095597,"W",22,"C","Bartholomew, Lighton, & Louw, 1985","Physosterna cribripes",-5126.81836119685,-1622.5901421774,27.3461553712044,-1.52597053816768,0.0022057096609492,-6.70399844146812,-7.15641164503719,39.3188782850898,3714,"Physosterna cribripes",295.15,TRUE,-6.94713307469484,0.000961387432478265,-0.209278570342351
"Aves","Galliformes","Odontophoridae","Callipepla","californica",149.6,0.1496,0.797866666666667,"W",22.5,"C","Brush, 1965","Callipepla californica",-5126.81836119685,-1622.5901421774,27.3461553712044,-1.52597053816768,0.0022057096609492,-1.89979021344176,-0.225813779870088,39.2523826343456,3717,"Callipepla californica",295.65,TRUE,-3.15136214100722,0.0427937959642642,2.92554836113714
"Aves","Galliformes","Odontophoridae","Callipepla","californica",127.4,0.1274,0.743166666666667,"W",22.5,"C","Brush, 1965","Callipepla californica",-5126.81836119685,-1622.5901421774,27.3461553712044,-1.52597053816768,0.0022057096609492,-2.06042353584407,-0.296834943582715,39.2523826343456,3718,"Callipepla californica",295.65,TRUE,-3.27795125384264,0.0377054265773607,2.98111631025992
"Insecta","Hymenoptera","Formicidae","Eciton","hamatum",0.00206,2.06e-06,1.03968306733598e-05,"W",28,"C","Chown et al., 2007","Eciton hamatum",-5126.81836119685,-1622.5901421774,27.3461553712044,-1.52597053816768,0.0022057096609492,-13.0928045751628,-11.4740095412067,38.5355036554682,3727,"Eciton hamatum",301.15,TRUE,-11.8670003387664,7.01822417279487e-06,0.392990797559712
"Insecta","Hymenoptera","Formicidae","Eciton","hamatum",0.00282,2.82e-06,1.93316070332784e-05,"W",28,"C","Chown et al., 2007","Eciton hamatum",-5126.81836119685,-1622.5901421774,27.3461553712044,-1.52597053816768,0.0022057096609492,-12.7787736730143,-10.8537691314548,38.5355036554682,3728,"Eciton hamatum",301.15,TRUE,-11.6195243312272,8.98886174256534e-06,0.765755199772329
"Insecta","Hymenoptera","Formicidae","Eciton","hamatum",0.00453,4.53e-06,1.46205431344122e-05,"W",28,"C","Chown et al., 2007","Eciton hamatum",-5126.81836119685,-1622.5901421774,27.3461553712044,-1.52597053816768,0.0022057096609492,-12.3047886184693,-11.1330829542361,38.5355036554682,3729,"Eciton hamatum",301.15,TRUE,-11.2459944393296,1.30595036613425e-05,0.112911485093468
"Insecta","Hymenoptera","Formicidae","Eciton","hamatum",0.00553,5.53e-06,2.32304185357883e-05,"W",28,"C","Chown et al., 2007","Eciton hamatum",-5126.81836119685,-1622.5901421774,27.3461553712044,-1.52597053816768,0.0022057096609492,-12.10532274243,-10.6700479943065,38.5355036554682,3730,"Eciton hamatum",301.15,TRUE,-11.0888028435191,1.52824897840253e-05,0.418754849212663
"Insecta","Hymenoptera","Formicidae","Eciton","hamatum",0.00563,5.63e-06,2.03063099089059e-05,"W",28,"C","Chown et al., 2007","Eciton hamatum",-5126.81836119685,-1622.5901421774,27.3461553712044,-1.52597053816768,0.0022057096609492,-12.0874011158127,-10.8045788872641,38.5355036554682,3731,"Eciton hamatum",301.15,TRUE,-11.0746794799472,1.54998613390449e-05,0.270100592683104
"Insecta","Hymenoptera","Formicidae","Eciton","hamatum",0.00563,5.63e-06,2.50173738077721e-05,"W",28,"C","Chown et al., 2007","Eciton hamatum",-5126.81836119685,-1622.5901421774,27.3461553712044,-1.52597053816768,0.0022057096609492,-12.0874011158127,-10.5959400221527,38.5355036554682,3732,"Eciton hamatum",301.15,TRUE,-11.0746794799472,1.54998613390449e-05,0.478739457794434
"Insecta","Hymenoptera","Formicidae","Eciton","hamatum",0.006,6e-06,2.72916805175695e-05,"W",28,"C","Chown et al., 2007","Eciton hamatum",-5126.81836119685,-1622.5901421774,27.3461553712044,-1.52597053816768,0.0022057096609492,-12.0237510887362,-10.5089286451631,38.5355036554682,3733,"Eciton hamatum",301.15,TRUE,-11.0245192744614,1.62971669099865e-05,0.515590629298313
"Insecta","Hymenoptera","Formicidae","Eciton","hamatum",0.0067399999999999,6.74e-06,2.19308147016184e-05,"W",28,"C","Chown et al., 2007","Eciton hamatum",-5126.81836119685,-1622.5901421774,27.3461553712044,-1.52597053816768,0.0022057096609492,-11.9074506330401,-10.7276178461279,38.5355036554682,3734,"Eciton hamatum",301.15,TRUE,-10.9328672355896,1.78614243368973e-05,0.205249389461631
"Insecta","Hymenoptera","Formicidae","Eciton","hamatum",0.0080299999999999,8.03e-06,1.4458092655141e-05,"W",28,"C","Chown et al., 2007","Eciton hamatum",-5126.81836119685,-1622.5901421774,27.3461553712044,-1.52597053816768,0.0022057096609492,-11.7323260300056,-11.1442562548342,38.5355036554682,3735,"Eciton hamatum",301.15,TRUE,-10.7948580865398,2.05046660291828e-05,-0.34939816829446
"Insecta","Hymenoptera","Formicidae","Eciton","hamatum",0.0080299999999999,8.03e-06,2.32304185357883e-05,"W",28,"C","Chown et al., 2007","Eciton hamatum",-5126.81836119685,-1622.5901421774,27.3461553712044,-1.52597053816768,0.0022057096609492,-11.7323260300056,-10.6700479943065,38.5355036554682,3736,"Eciton hamatum",301.15,TRUE,-10.7948580865398,2.05046660291828e-05,0.124810092233306
"Insecta","Hymenoptera","Formicidae","Eciton","hamatum",0.00824,8.24e-06,2.0062634189999e-05,"W",28,"C","Chown et al., 2007","Eciton hamatum",-5126.81836119685,-1622.5901421774,27.3461553712044,-1.52597053816768,0.0022057096609492,-11.7065102140429,-10.8166514684983,38.5355036554682,3737,"Eciton hamatum",301.15,TRUE,-10.7745136076298,2.09260951167453e-05,-0.0421378608684773
"Insecta","Hymenoptera","Formicidae","Eciton","hamatum",0.00866,8.66e-06,1.86818051161934e-05,"W",28,"C","Chown et al., 2007","Eciton hamatum",-5126.81836119685,-1622.5901421774,27.3461553712044,-1.52597053816768,0.0022057096609492,-11.6567958353899,-10.8879604962031,38.5355036554682,3738,"Eciton hamatum",301.15,TRUE,-10.7353355653985,2.17622102880265e-05,-0.152624930804622
"Insecta","Hymenoptera","Formicidae","Eciton","hamatum",0.00908,9.08e-06,1.55140207704041e-05,"W",28,"C","Chown et al., 2007","Eciton hamatum",-5126.81836119685,-1622.5901421774,27.3461553712044,-1.52597053816768,0.0022057096609492,-11.6094363653511,-11.0737663770797,38.5355036554682,3739,"Eciton hamatum",301.15,TRUE,-10.6980133385597,2.2589771591964e-05,-0.375753038520022
"Insecta","Hymenoptera","Formicidae","Eciton","hamatum",0.00908,9.08e-06,3.60640063982169e-05,"W",28,"C","Chown et al., 2007","Eciton hamatum",-5126.81836119685,-1622.5901421774,27.3461553712044,-1.52597053816768,0.0022057096609492,-11.6094363653511,-10.2302152426941,38.5355036554682,3740,"Eciton hamatum",301.15,TRUE,-10.6980133385597,2.2589771591964e-05,0.467798095865573
"Insecta","Hymenoptera","Formicidae","Eciton","hamatum",0.00923,9.23e-06,1.98189584710921e-05,"W",28,"C","Chown et al., 2007","Eciton hamatum",-5126.81836119685,-1622.5901421774,27.3461553712044,-1.52597053816768,0.0022057096609492,-11.5930515094495,-10.8288715798331,38.5355036554682,3741,"Eciton hamatum",301.15,TRUE,-10.6851010465053,2.28833486174159e-05,-0.143770533327773
"Insecta","Hymenoptera","Formicidae","Eciton","hamatum",0.00971,9.71e-06,2.98908881859095e-05,"W",28,"C","Chown et al., 2007","Eciton hamatum",-5126.81836119685,-1622.5901421774,27.3461553712044,-1.52597053816768,0.0022057096609492,-11.542354275661,-10.4179568669574,38.5355036554682,3742,"Eciton hamatum",301.15,TRUE,-10.6451484529057,2.38161067279531e-05,0.227191585948365
"Insecta","Hymenoptera","Formicidae","Eciton","hamatum",0.01164,1.164e-05,3.50080782829537e-05,"W",28,"C","Chown et al., 2007","Eciton hamatum",-5126.81836119685,-1622.5901421774,27.3461553712044,-1.52597053816768,0.0022057096609492,-11.361063115661,-10.2599317150226,38.5355036554682,3743,"Eciton hamatum",301.15,TRUE,-10.5022796709737,2.74737468031877e-05,0.242347955951168
"Insecta","Hymenoptera","Formicidae","Eciton","hamatum",0.0121199999999999,1.212e-05,2.87537348310107e-05,"W",28,"C","Chown et al., 2007","Eciton hamatum",-5126.81836119685,-1622.5901421774,27.3461553712044,-1.52597053816768,0.0022057096609492,-11.3206535773231,-10.4567428919925,38.5355036554682,3744,"Eciton hamatum",301.15,TRUE,-10.4704344253436,2.83627349137958e-05,0.0136915333510927
"Insecta","Hymenoptera","Formicidae","Eciton","hamatum",0.0140299999999999,1.403e-05,3.70387092738443e-05,"W",28,"C","Chown et al., 2007","Eciton hamatum",-5126.81836119685,-1622.5901421774,27.3461553712044,-1.52597053816768,0.0022057096609492,-11.1743126638499,-10.2035469956119,38.5355036554682,3745,"Eciton hamatum",301.15,TRUE,-10.3551086253723,3.18297673648643e-05,0.151561629760392
"Insecta","Hymenoptera","Formicidae","Eciton","hamatum",0.01465,1.465e-05,7.2290463275705e-05,"W",28,"C","Chown et al., 2007","Eciton hamatum",-5126.81836119685,-1622.5901421774,27.3461553712044,-1.52597053816768,0.0022057096609492,-11.1310702225012,-9.53481834240012,38.5355036554682,3746,"Eciton hamatum",301.15,TRUE,-10.3210308748452,3.29331478214886e-05,0.786212532445061
"Insecta","Hymenoptera","Formicidae","Eciton","hamatum",0.01487,1.487e-05,4.54861341959492e-05,"W",28,"C","Chown et al., 2007","Eciton hamatum",-5126.81836119685,-1622.5901421774,27.3461553712044,-1.52597053816768,0.0022057096609492,-11.1161647974922,-9.99810302139711,38.5355036554682,3747,"Eciton hamatum",301.15,TRUE,-10.3092844669386,3.3322274958243e-05,0.311181445541516
"Insecta","Hymenoptera","Formicidae","Eciton","hamatum",0.01863,1.863e-05,6.91226789299156e-05,"W",28,"C","Chown et al., 2007","Eciton hamatum",-5126.81836119685,-1622.5901421774,27.3461553712044,-1.52597053816768,0.0022057096609492,-10.8907373733508,-9.57962767655293,38.5355036554682,3748,"Eciton hamatum",301.15,TRUE,-10.1316335461704,3.98004019622701e-05,0.552005869617426
"Insecta","Hymenoptera","Formicidae","Eciton","hamatum",0.0225,2.25e-05,8.99163402766353e-05,"W",28,"C","Chown et al., 2007","Eciton hamatum",-5126.81836119685,-1622.5901421774,27.3461553712044,-1.52597053816768,0.0022057096609492,-10.7019952487539,-9.31663087241767,38.5355036554682,3749,"Eciton hamatum",301.15,TRUE,-9.98289293774572,4.61832704121717e-05,0.666262065328057
"Insecta","Hymenoptera","Formicidae","Eciton","hamatum",0.0238199999999999,2.382e-05,8.95914393180928e-05,"W",28,"C","Chown et al., 2007","Eciton hamatum",-5126.81836119685,-1622.5901421774,27.3461553712044,-1.52597053816768,0.0022057096609492,-10.6449849940371,-9.3202507858728,38.5355036554682,3750,"Eciton hamatum",301.15,TRUE,-9.93796528849345,4.83054924478978e-05,0.61771450262065
"Insecta","Hymenoptera","Formicidae","Eciton","hamatum",0.02388,2.388e-05,7.70015271745711e-05,"W",28,"C","Chown et al., 2007","Eciton hamatum",-5126.81836119685,-1622.5901421774,27.3461553712044,-1.52597053816768,0.0022057096609492,-10.6424692694399,-9.47168530287128,38.5355036554682,3751,"Eciton hamatum",301.15,TRUE,-9.93598274003999,4.84013554223411e-05,0.464297437168703
"Insecta","Coleoptera","Carabidae","Cicindela","repanda",0.085,8.5e-05,0.0001888888888888,"W",25,"C","May, Pearson, & Casey, 1986","Cicindela repanda",-5126.81836119685,-1622.5901421774,27.3461553712044,-1.52597053816768,0.0022057096609492,-9.37285930147396,-8.57435160525666,38.9232497932056,3752,"Cicindela repanda",298.15,TRUE,-8.99232842715088,0.000124360192213805,0.417976821894221
"Insecta","Coleoptera","Carabidae","Cicindela","repanda",0.059,5.9e-05,8.88888888888889e-05,"W",25,"C","May, Pearson, & Casey, 1986","Cicindela repanda",-5126.81836119685,-1622.5901421774,27.3461553712044,-1.52597053816768,0.0022057096609492,-9.73797311405855,-9.32812340763257,38.9232497932056,3753,"Cicindela repanda",298.15,TRUE,-9.2800609656293,9.32654373055429e-05,-0.048062442003264
"Insecta","Coleoptera","Carabidae","Cicindela","repanda",0.055,5.5e-05,0.0001166666666666,"W",25,"C","May, Pearson, & Casey, 1986","Cicindela repanda",-5126.81836119685,-1622.5901421774,27.3461553712044,-1.52597053816768,0.0022057096609492,-9.8081773727318,-9.0561896921495,38.9232497932056,3754,"Cicindela repanda",298.15,TRUE,-9.33538631587298,8.82456358169367e-05,0.279196623723488
"Insecta","Coleoptera","Carabidae","Cicindela","repanda",0.0689999999999999,6.9e-05,0.0001388888888888,"W",25,"C","May, Pearson, & Casey, 1986","Cicindela repanda",-5126.81836119685,-1622.5901421774,27.3461553712044,-1.52597053816768,0.0022057096609492,-9.58140405336701,-8.88183630500479,38.9232497932056,3755,"Cicindela repanda",298.15,TRUE,-9.15667474542291,0.000105513173512866,0.274838440418122
"Insecta","Coleoptera","Carabidae","Cicindela","repanda",0.049,4.9e-05,0.0001222222222222,"W",25,"C","May, Pearson, & Casey, 1986","Cicindela repanda",-5126.81836119685,-1622.5901421774,27.3461553712044,-1.52597053816768,0.0022057096609492,-9.92369025985365,-9.00966967651421,38.9232497932056,3756,"Cicindela repanda",298.15,TRUE,-9.42641770141072,8.05672997227224e-05,0.416748024896503
"Insecta","Hymenoptera","Formicidae","Leptogenys","attenuata",0.00538,5.38e-06,2.14662e-05,"W",25,"C","Duncan & Crewe, 1993","Leptogenys attenuata",-5126.81836119685,-1622.5901421774,27.3461553712044,-1.52597053816768,0.0022057096609492,-12.1328221837906,-10.7490309528888,38.9232497932056,3757,"Leptogenys attenuata",298.15,TRUE,-11.1673519372548,1.41279996729063e-05,0.418320984366018
"Insecta","Orthoperta","Gryllidae","Acheta","domesticus",0.369,0.000369,0.00112135,"W",25,"C","Hack, 1997","Acheta domesticus",-5126.81836119685,-1622.5901421774,27.3461553712044,-1.52597053816768,0.0022057096609492,-7.90471391392375,-6.79322196239198,38.9232497932056,3758,"Acheta domesticus",298.15,TRUE,-7.83533796375303,0.000395508624763939,1.04211600136105
"Insecta","Orthoptera","Acrididae","Encoptolophus","sordidus",0.0582,5.82e-05,0.0004555766666666,"W",25,"C","Bailey & Riegert, 1973","Encoptolophus sordidus",-5126.81836119685,-1622.5901421774,27.3461553712044,-1.52597053816768,0.0022057096609492,-9.75162520322688,-7.69394654221856,38.9232497932056,3759,"Encoptolophus sordidus",298.15,TRUE,-9.29081966644133,9.22674007844801e-05,1.59687312422277
"Insecta","Orthoptera","Gryllidae","Teleogryllus","commodus",0.95,0.00095,0.0056000163417521,"W",24,"C","Full, Zuccarello, & Tullis, 1990","Teleogryllus commodus",-5126.81836119685,-1622.5901421774,27.3461553712044,-1.52597053816768,0.0022057096609492,-6.95904857336969,-5.18498576307527,39.0542383504771,3764,"Teleogryllus commodus",297.15,TRUE,-7.10930896752474,0.000817459688162633,1.92432320444947
"Insecta","Lepidoptera","Sphingidae","Manduca","rustica",2.916,0.002916,0.005692438514763,"W",23,"C","Bartholomew & Casey, 1978","Manduca rustica",-5126.81836119685,-1622.5901421774,27.3461553712044,-1.52597053816768,0.0022057096609492,-5.83754246483573,-5.16861656118036,39.1861115172861,3765,"Manduca rustica",296.15,TRUE,-6.24483620128992,0.001940448394768,1.07621964010956
"Insecta","Lepidoptera","Sphingidae","Manduca","rustica",2.704,0.002704,0.0084620778818114,"W",23,"C","Bartholomew & Casey, 1978","Manduca rustica",-5126.81836119685,-1622.5901421774,27.3461553712044,-1.52597053816768,0.0022057096609492,-5.91302312080142,-4.77216052301456,39.1861115172861,3766,"Manduca rustica",296.15,TRUE,-6.30431968287415,0.00182838963050112,1.53215915985959
"Insecta","Lepidoptera","Sphingidae","Protambulyx","strigilis",0.901,0.000901,0.002405884887966,"W",23,"C","Bartholomew & Casey, 1978","Protambulyx strigilis",-5126.81836119685,-1622.5901421774,27.3461553712044,-1.52597053816768,0.0022057096609492,-7.01200530035594,-6.02983750631235,39.1861115172861,3767,"Protambulyx strigilis",296.15,TRUE,-7.17038643073926,0.000769025498708936,1.1405489244269
"Insecta","Lepidoptera","Sphingidae","Protambulyx","strigilis",1.124,0.001124,0.0026292429014376,"W",23,"C","Bartholomew & Casey, 1978","Protambulyx strigilis",-5126.81836119685,-1622.5901421774,27.3461553712044,-1.52597053816768,0.0022057096609492,-6.79086152751064,-5.94105934441085,39.1861115172861,3768,"Protambulyx strigilis",296.15,TRUE,-6.99611129532588,0.000915434908912625,1.05505195091503
"Insecta","Lepidoptera","Sphingidae","Protambulyx","strigilis",1.261,0.001261,0.0020931836691057,"W",23,"C","Bartholomew & Casey, 1978","Protambulyx strigilis",-5126.81836119685,-1622.5901421774,27.3461553712044,-1.52597053816768,0.0022057096609492,-6.67585022199935,-6.16906908537622,39.1861115172861,3769,"Protambulyx strigilis",296.15,TRUE,-6.90547518749359,0.00100228269287391,0.736406102117368
"Insecta","Lepidoptera","Sphingidae","Erinnyis","ello",1.21,0.00121,0.0043650537489887,"W",23,"C","Bartholomew & Casey, 1978","Erinnyis ello",-5126.81836119685,-1622.5901421774,27.3461553712044,-1.52597053816768,0.0022057096609492,-6.71713491937349,-5.43412477613782,39.1861115172861,3770,"Erinnyis ello",296.15,TRUE,-6.93801011322451,0.000970198262304135,1.50388533708669
"Insecta","Lepidoptera","Sphingidae","Pachylia","ficus",3.225,0.003225,0.005398882268486,"W",23,"C","Bartholomew & Casey, 1978","Pachylia ficus",-5126.81836119685,-1622.5901421774,27.3461553712044,-1.52597053816768,0.0022057096609492,-5.7368223287344,-5.22156333415415,39.1861115172861,3771,"Pachylia ficus",296.15,TRUE,-6.16546242950304,0.00210074669269294,0.943899095348897
"Insecta","Lepidoptera","Sphingidae","Perigonia","lusca",0.398,0.000398,0.0013656747109409,"W",23,"C","Bartholomew & Casey, 1978","Perigonia lusca",-5126.81836119685,-1622.5901421774,27.3461553712044,-1.52597053816768,0.0022057096609492,-7.82905855267984,-6.59610667873852,39.1861115172861,3772,"Perigonia lusca",296.15,TRUE,-7.81427553671148,0.000403927344423816,1.21816885797296
"Insecta","Lepidoptera","Sphingidae","Perigonia","lusca",0.419,0.000419,0.002003840463717,"W",23,"C","Bartholomew & Casey, 1978","Perigonia lusca",-5126.81836119685,-1622.5901421774,27.3461553712044,-1.52597053816768,0.0022057096609492,-7.77763963804214,-6.21268970785213,39.1861115172861,3773,"Perigonia lusca",296.15,TRUE,-7.77375421342935,0.000420631159734777,1.56106450557722
"Insecta","Lepidoptera","Sphingidae","Perigonia","lusca",0.858,0.000858,0.0038034678865457,"W",23,"C","Bartholomew & Casey, 1978","Perigonia lusca",-5126.81836119685,-1622.5901421774,27.3461553712044,-1.52597053816768,0.0022057096609492,-7.06090645847631,-5.57184202669502,39.1861115172861,3774,"Perigonia lusca",296.15,TRUE,-7.20892360428771,0.000739953209413336,1.63708157759269
"Insecta","Lepidoptera","Sphingidae","Enyo","ocypete",0.575,0.000575,0.001174224985108,"W",23,"C","Bartholomew & Casey, 1978","Enyo ocypete",-5126.81836119685,-1622.5901421774,27.3461553712044,-1.52597053816768,0.0022057096609492,-7.46114051716692,-6.74714693615144,39.1861115172861,3775,"Enyo ocypete",296.15,TRUE,-7.52433309503627,0.000539788536035081,0.777186158884826
"Insecta","Lepidoptera","Sphingidae","Enyo","ocypete",0.388,0.000388,0.0013337664233021,"W",23,"C","Bartholomew & Casey, 1978","Enyo ocypete",-5126.81836119685,-1622.5901421774,27.3461553712044,-1.52597053816768,0.0022057096609492,-7.854505218341,-6.61974844179556,39.1861115172861,3776,"Enyo ocypete",296.15,TRUE,-7.83432910207694,0.000395907839600438,1.21458066028139
"Insecta","Lepidoptera","Sphingidae","Enyo","ocypete",0.397,0.000397,0.0011295533824137,"W",23,"C","Bartholomew & Casey, 1978","Enyo ocypete",-5126.81836119685,-1622.5901421774,27.3461553712044,-1.52597053816768,0.0022057096609492,-7.83157427727708,-6.78593296118657,39.1861115172861,3777,"Enyo ocypete",296.15,TRUE,-7.81625808516495,0.000403127332185366,1.03032512397837
"Insecta","Lepidoptera","Sphingidae","Oryba","achemenides",2.23,0.00223,0.0049394029264872,"W",23,"C","Bartholomew & Casey, 1978","Oryba achemenides",-5126.81836119685,-1622.5901421774,27.3461553712044,-1.52597053816768,0.0022057096609492,-6.10575369351011,-5.31051082017064,39.1861115172861,3778,"Oryba achemenides",296.15,TRUE,-6.4562034380663,0.00157074784589835,1.14569261789566
"Insecta","Lepidoptera","Sphingidae","Oryba","achemenides",3.387,0.003387,0.0078494387591464,"W",23,"C","Bartholomew & Casey, 1978","Oryba achemenides",-5126.81836119685,-1622.5901421774,27.3461553712044,-1.52597053816768,0.0022057096609492,-5.6878107051465,-4.8473132453939,39.1861115172861,3779,"Oryba achemenides",296.15,TRUE,-6.12683820225164,0.00218347376057312,1.27952495685774
"Insecta","Lepidoptera","Saturniidae","Eacles","imperialis",1.12,0.00112,0.0029993790380478,"W",23,"C","Bartholomew & Casey, 1978","Eacles imperialis",-5126.81836119685,-1622.5901421774,27.3461553712044,-1.52597053816768,0.0022057096609492,-6.79442659367513,-5.80934999905626,39.1861115172861,3781,"Eacles imperialis",296.15,TRUE,-6.99892079061748,0.000912866608349795,1.18957079156122
"Insecta","Lepidoptera","Saturniidae","Eacles","imperialis",0.838,0.000838,0.0026802961616597,"W",23,"C","Bartholomew & Casey, 1978","Eacles imperialis",-5126.81836119685,-1622.5901421774,27.3461553712044,-1.52597053816768,0.0022057096609492,-7.08449245748219,-5.92182798248296,39.1861115172861,3782,"Eacles imperialis",296.15,TRUE,-7.22751084786108,0.000726326552191104,1.30568286537812
"Insecta","Lepidoptera","Saturniidae","Eacles","imperialis",1.357,0.001357,0.0047224265705433,"W",23,"C","Bartholomew & Casey, 1978","Eacles imperialis",-5126.81836119685,-1622.5901421774,27.3461553712044,-1.52597053816768,0.0022057096609492,-6.60247889812941,-5.35543250756216,39.1861115172861,3783,"Eacles imperialis",296.15,TRUE,-6.84765399163365,0.00106194410260063,1.49222148407149
"Insecta","Lepidoptera","Saturniidae","Syssphinx","molina",2.205,0.002205,0.0045501218172938,"W",23,"C","Bartholomew & Casey, 1978","Syssphinx molina",-5126.81836119685,-1622.5901421774,27.3461553712044,-1.52597053816768,0.0022057096609492,-6.11702777008333,-5.39260127334606,39.1861115172861,3784,"Syssphinx molina",296.15,TRUE,-6.46508811610258,0.00155685406927227,1.07248684275652
"Insecta","Lepidoptera","Saturniidae","Syssphinx","molina",1.436,0.001436,0.0032801719692693,"W",23,"C","Bartholomew & Casey, 1978","Syssphinx molina",-5126.81836119685,-1622.5901421774,27.3461553712044,-1.52597053816768,0.0022057096609492,-6.5458938083561,-5.7198594283052,39.1861115172861,3785,"Syssphinx molina",296.15,TRUE,-6.80306139896988,0.00111037065167401,1.08320197066468
"Insecta","Lepidoptera","Saturniidae","Syssphinx","molina",1.63,0.00163,0.0062029711169839,"W",23,"C","Bartholomew & Casey, 1978","Syssphinx molina",-5126.81836119685,-1622.5901421774,27.3461553712044,-1.52597053816768,0.0022057096609492,-6.41917526416347,-5.08272688929993,39.1861115172861,3786,"Syssphinx molina",296.15,TRUE,-6.70319925424647,0.00122698019516129,1.62047236494654
"Insecta","Lepidoptera","Notodontidae","Hapigia","simplex",0.478,0.000478,0.0016719942722734,"W",23,"C","Bartholomew & Casey, 1978","Hapigia simplex",-5126.81836119685,-1622.5901421774,27.3461553712044,-1.52597053816768,0.0022057096609492,-7.64589982547282,-6.3937381899993,39.1861115172861,3787,"Hapigia simplex",296.15,TRUE,-7.66993499492072,0.000466648157217629,1.27619680492142
"Insecta","Hymenoptera","Formicidae","Tetramorium","caespitum",0.00023,2.3e-07,2.38944444444445e-06,"W",25,"C","Jensen & Nielsen, 1975","Tetramorium caespitum",-5126.81836119685,-1622.5901421774,27.3461553712044,-1.52597053816768,0.0022057096609492,-15.2851865280232,-12.9444496690648,38.9232497932056,3788,"Tetramorium caespitum",298.15,TRUE,-13.6516123615705,1.17809437473183e-06,0.707162692505703
"Insecta","Diptera","Drosophilidae","Drosophila","melanogaster",0.00095,9.5e-07,2.43233033025598e-05,"W",24,"C","Lehmann, Dickinson, & Staunton, 2000","Drosophila melanogaster",-5126.81836119685,-1622.5901421774,27.3461553712044,-1.52597053816768,0.0022057096609492,-13.8668038523518,-10.6240756835044,39.0542383504771,3789,"Drosophila melanogaster",297.15,TRUE,-12.553052515706,3.53409778133977e-06,1.92897683220159
"Insecta","Diptera","Drosophilidae","Drosophila","virilis",0.00167,1.67e-06,3.34107514054647e-05,"W",24,"C","Lehmann, Dickinson, & Staunton, 2000","Drosophila virilis",-5126.81836119685,-1622.5901421774,27.3461553712044,-1.52597053816768,0.0022057096609492,-13.3026869315356,-10.3066328114126,39.0542383504771,3790,"Drosophila virilis",297.15,TRUE,-12.1084930714163,5.51249584233611e-06,1.80186026000376
"Insecta","Diptera","Drosophilidae","Drosophila","mimica",0.00244,2.44e-06,3.3415514843076e-05,"W",24,"C","Lehmann, Dickinson, & Staunton, 2000","Drosophila mimica",-5126.81836119685,-1622.5901421774,27.3461553712044,-1.52597053816768,0.0022057096609492,-12.9235125186592,-10.3064902495761,39.0542383504771,3791,"Drosophila mimica",297.15,TRUE,-11.80967989979,7.4322650050424e-06,1.50318965021381
"Insecta","Odonata","Aeschnidae","Anax","junius",1.019,0.001019,0.0040855058468556,"W",30,"C","(May, 1979)","Anax junius",-5126.81836119685,-1622.5901421774,27.3461553712044,-1.52597053816768,0.0022057096609492,-6.88893352474155,-5.5003097280169,38.2812697537333,3793,"Anax junius",303.15,TRUE,-6.94066848921111,0.000967622535683159,1.44035876119421
"Insecta","Odonata","Libellulidae","Erythemis","simplicicollis",0.263,0.000263,0.0008642416214502,"W",30,"C","(May, 1979)","Erythemis simplicicollis",-5126.81836119685,-1622.5901421774,27.3461553712044,-1.52597053816768,0.0022057096609492,-8.24335652578651,-7.05365817379999,38.2812697537333,3794,"Erythemis simplicicollis",303.15,TRUE,-8.00803859363282,0.000332776789801332,0.954380419832831
"Insecta","Odonata","Libellulidae","Libellula","auripennis",0.464,0.000464,0.0013749298523071,"W",30,"C","(May, 1979)","Libellula auripennis",-5126.81836119685,-1622.5901421774,27.3461553712044,-1.52597053816768,0.0022057096609492,-7.67562600573802,-6.58935256566892,38.2812697537333,3795,"Libellula auripennis",303.15,TRUE,-7.56063140695626,0.000520546463440733,0.971278841287343
"Insecta","Odonata","Libellulidae","Libellula","needhami",0.518,0.000518,0.0016499158227686,"W",30,"C","(May, 1979)","Libellula needhami",-5126.81836119685,-1622.5901421774,27.3461553712044,-1.52597053816768,0.0022057096609492,-7.56553531570479,-6.40703100887491,38.2812697537333,3796,"Libellula needhami",303.15,TRUE,-7.47387305212474,0.00056772520397727,1.06684204324983
"Insecta","Odonata","Libellulidae","Miathyria","marcella",0.171,0.000171,0.0007542472332656,"W",20,"C","(May, 1979)","Miathyria marcella",-5126.81836119685,-1622.5901421774,27.3461553712044,-1.52597053816768,0.0022057096609492,-8.67384700146161,-7.18979034812461,39.5871292029482,3797,"Miathyria marcella",293.15,TRUE,-8.53884630668339,0.000195715926103192,1.34905595855878
"Insecta","Odonata","Libellulidae","Miathyria","marcella",0.184,0.000184,0.0010999438818457,"W",30,"C","(May, 1979)","Miathyria marcella",-5126.81836119685,-1622.5901421774,27.3461553712044,-1.52597053816768,0.0022057096609492,-8.60057480035529,-6.81249611698311,38.2812697537333,3798,"Miathyria marcella",303.15,TRUE,-8.28954895393654,0.000251127707366256,1.47705283695344
"Insecta","Odonata","Libellulidae","Miathyria","marcella",0.172,0.000172,0.0010213764617139,"W",40,"C","(May, 1979)","Miathyria marcella",-5126.81836119685,-1622.5901421774,27.3461553712044,-1.52597053816768,0.0022057096609492,-8.66801608115082,-6.88660408913679,37.0588118340867,3799,"Miathyria marcella",313.15,TRUE,-8.16337665945753,0.000284898762682808,1.27677257032074
"Insecta","Odonata","Libellulidae","Pachydiplax","longipennis",0.2,2e-04,0.0005333333333333,"W",15,"C","(May, 1979)","Pachydiplax longipennis",-5126.81836119685,-1622.5901421774,27.3461553712044,-1.52597053816768,0.0022057096609492,-8.51719319141624,-7.53636393840457,40.2740479814134,3800,"Pachydiplax longipennis",288.15,TRUE,-8.51615623032285,0.000200207499784685,0.97979229191828
"Insecta","Odonata","Libellulidae","Pachydiplax","longipennis",0.186,0.000186,0.0006206826190415,"W",20,"C","(May, 1979)","Pachydiplax longipennis",-5126.81836119685,-1622.5901421774,27.3461553712044,-1.52597053816768,0.0022057096609492,-8.58976388425107,-7.38469068712539,39.5871292029482,3801,"Pachydiplax longipennis",293.15,TRUE,-8.47258354717039,0.000209123923319969,1.08789286004499
"Insecta","Odonata","Libellulidae","Pachydiplax","longipennis",0.2,2e-04,0.0007777777777777,"W",25,"C","(May, 1979)","Pachydiplax longipennis",-5126.81836119685,-1622.5901421774,27.3461553712044,-1.52597053816768,0.0022057096609492,-8.51719319141624,-7.15906970726314,38.9232497932056,3802,"Pachydiplax longipennis",298.15,TRUE,-8.3180099723271,0.000244081109401957,1.15894026506396
"Insecta","Odonata","Libellulidae","Pachydiplax","longipennis",0.19,0.00019,0.0007071067811865,"W",30,"C","(May, 1979)","Pachydiplax longipennis",-5126.81836119685,-1622.5901421774,27.3461553712044,-1.52597053816768,0.0022057096609492,-8.56848648580379,-7.25432886926218,38.2812697537333,3803,"Pachydiplax longipennis",303.15,TRUE,-8.26426135351398,0.000257559099000113,1.0099324842518
"Insecta","Odonata","Libellulidae","Pachydiplax","longipennis",0.187,0.000187,0.00075,"W",35,"C","(May, 1979)","Pachydiplax longipennis",-5126.81836119685,-1622.5901421774,27.3461553712044,-1.52597053816768,0.0022057096609492,-8.58440194110969,-7.19543735143392,37.6601230759184,3804,"Pachydiplax longipennis",308.15,TRUE,-8.18568879295519,0.000278612454719002,0.990251441521269
"Insecta","Odonata","Libellulidae","Pachydiplax","longipennis",0.192,0.000192,0.0008445997664172,"W",40,"C","(May, 1979)","Pachydiplax longipennis",-5126.81836119685,-1622.5901421774,27.3461553712044,-1.52597053816768,0.0022057096609492,-8.55801518593649,-7.07664769202473,37.0588118340867,3805,"Pachydiplax longipennis",313.15,TRUE,-8.07668906856398,0.00031069803420772,1.00004137653925
"Insecta","Odonata","Libellulidae","Perithemis","tenera",0.061,6.1e-05,0.0003260547935471,"W",30,"C","(May, 1979)","Perithemis tenera",-5126.81836119685,-1622.5901421774,27.3461553712048,-1.52597053816694,0.0022057096612037,-9.70463669379096,-8.02844511235581,38.2812697537333,3806,"Perithemis tenera",303.15,TRUE,-9.15961883430278,0.000105202990179745,1.13117372194696
"Insecta","Odonata","Libellulidae","Tramea","carolina",0.383,0.000383,0.0017677669529663,"W",30,"C","(May, 1979)","Tramea carolina",-5126.81836119685,-1622.5901421774,27.3461553712044,-1.52597053816768,0.0022057096609492,-7.86747556878363,-6.33803813738799,38.2812697537333,3807,"Tramea carolina",303.15,TRUE,-7.71182087138743,0.0004475058841544,1.37378273399944
"Malacostraca","Isopoda","Trichoniscidae","Trichoniscus","pusillus",6e-04,6e-07,2e-06,"W",5,"C","Meyer & Phillipson, 1983","Trichoniscus pusillus",-5126.81836119685,-1622.5901421774,27.3461553712044,-1.52597053816768,0.0022057096609492,-14.3263361817303,-13.1223633774043,41.7219734885647,3808,"Trichoniscus pusillus",278.15,TRUE,-13.3065182248138,1.66361398139204e-06,0.184154847409506
"Malacostraca","Isopoda","Trichoniscidae","Trichoniscus","pusillus",6e-04,6e-07,2.22222222222222e-06,"W",5,"C","Meyer & Phillipson, 1983","Trichoniscus pusillus",-5126.81836119685,-1622.5901421774,27.3461553712044,-1.52597053816768,0.0022057096609492,-14.3263361817303,-13.0170028617465,41.7219734885647,3809,"Trichoniscus pusillus",278.15,TRUE,-13.3065182248138,1.66361398139204e-06,0.289515363067331
"Malacostraca","Isopoda","Trichoniscidae","Trichoniscus","pusillus",7e-04,7e-07,1.33333333333333e-06,"W",5,"C","Meyer & Phillipson, 1983","Trichoniscus pusillus",-5126.81836119685,-1622.5901421774,27.3461553712044,-1.52597053816768,0.0022057096609492,-14.172185501903,-13.5278284855125,41.7219734885647,3810,"Trichoniscus pusillus",278.15,TRUE,-13.1850378401061,1.87849836913632e-06,-0.34279064540636
"Malacostraca","Isopoda","Trichoniscidae","Trichoniscus","pusillus",0.0006799999999999,6.8e-07,1.55555555555556e-06,"W",5,"C","Meyer & Phillipson, 1983","Trichoniscus pusillus",-5126.81836119685,-1622.5901421774,27.3461553712044,-1.52597053816768,0.0022057096609492,-14.2011730387763,-13.3736778056852,41.7219734885647,3811,"Trichoniscus pusillus",278.15,TRUE,-13.2078818336262,1.83607239883599e-06,-0.165795972059007
"Malacostraca","Isopoda","Trichoniscidae","Trichoniscus","pusillus",7e-04,7e-07,2e-06,"W",5,"C","Meyer & Phillipson, 1983","Trichoniscus pusillus",-5126.81836119685,-1622.5901421774,27.3461553712044,-1.52597053816768,0.0022057096609492,-14.172185501903,-13.1223633774043,41.7219734885647,3812,"Trichoniscus pusillus",278.15,TRUE,-13.1850378401061,1.87849836913632e-06,0.062674462701807
"Malacostraca","Isopoda","Trichoniscidae","Trichoniscus","pusillus",0.0006799999999999,6.8e-07,1.11111111111111e-06,"W",5,"C","Meyer & Phillipson, 1983","Trichoniscus pusillus",-5126.81836119685,-1622.5901421774,27.3461553712044,-1.52597053816768,0.0022057096609492,-14.2011730387763,-13.7101500423064,41.7219734885647,3813,"Trichoniscus pusillus",278.15,TRUE,-13.2078818336262,1.83607239883599e-06,-0.502268208680224
"Malacostraca","Isopoda","Trichoniscidae","Trichoniscus","pusillus",0.00078,7.8e-07,1.77777777777778e-06,"W",5,"C","Meyer & Phillipson, 1983","Trichoniscus pusillus",-5126.81836119685,-1622.5901421774,27.3461553712044,-1.52597053816768,0.0022057096609492,-14.0639719172628,-13.2401464130607,41.7219734885647,3814,"Trichoniscus pusillus",278.15,TRUE,-13.099758761821,2.04572407175173e-06,-0.140387651239704
"Malacostraca","Isopoda","Trichoniscidae","Trichoniscus","pusillus",0.0012,1.2e-06,2e-06,"W",5,"C","Meyer & Phillipson, 1983","Trichoniscus pusillus",-5126.81836119685,-1622.5901421774,27.3461553712044,-1.52597053816768,0.0022057096609492,-13.6331890011703,-13.1223633774043,41.7219734885647,3815,"Trichoniscus pusillus",278.15,TRUE,-12.7602748592456,2.87265215454626e-06,-0.362088518158769
"Malacostraca","Isopoda","Trichoniscidae","Trichoniscus","pusillus",0.00117,1.17e-06,4.22222222222222e-06,"W",5,"C","Meyer & Phillipson, 1983","Trichoniscus pusillus",-5126.81836119685,-1622.5901421774,27.3461553712044,-1.52597053816768,0.0022057096609492,-13.6585068091546,-12.3751489755741,41.7219734885647,3816,"Trichoniscus pusillus",278.15,TRUE,-12.7802268766958,2.81590494181538e-06,0.405077901121739
"Malacostraca","Isopoda","Trichoniscidae","Trichoniscus","pusillus",0.0012,1.2e-06,3.11111111111111e-06,"W",5,"C","Meyer & Phillipson, 1983","Trichoniscus pusillus",-5126.81836119685,-1622.5901421774,27.3461553712044,-1.52597053816768,0.0022057096609492,-13.6331890011703,-12.6805306251253,41.7219734885647,3817,"Trichoniscus pusillus",278.15,TRUE,-12.7602748592456,2.87265215454626e-06,0.0797442341202697
"Malacostraca","Isopoda","Trichoniscidae","Trichoniscus","pusillus",0.0012,1.2e-06,3.55555555555556e-06,"W",5,"C","Meyer & Phillipson, 1983","Trichoniscus pusillus",-5126.81836119685,-1622.5901421774,27.3461553712044,-1.52597053816768,0.0022057096609492,-13.6331890011703,-12.5469992325008,41.7219734885647,3818,"Trichoniscus pusillus",278.15,TRUE,-12.7602748592456,2.87265215454626e-06,0.213275626744794
"Malacostraca","Isopoda","Trichoniscidae","Trichoniscus","pusillus",0.00133,1.33e-06,2.88888888888889e-06,"W",5,"C","Meyer & Phillipson, 1983","Trichoniscus pusillus",-5126.81836119685,-1622.5901421774,27.3461553712044,-1.52597053816768,0.0022057096609492,-13.5303316157306,-12.754638597279,41.7219734885647,3819,"Trichoniscus pusillus",278.15,TRUE,-12.6792168011997,3.11520124959656e-06,-0.0754217960792936
"Malacostraca","Isopoda","Trichoniscidae","Trichoniscus","pusillus",0.0013,1.3e-06,2.44444444444445e-06,"W",5,"C","Meyer & Phillipson, 1983","Trichoniscus pusillus",-5126.81836119685,-1622.5901421774,27.3461553712044,-1.52597053816768,0.0022057096609492,-13.5531462934968,-12.9216926819422,41.7219734885647,3820,"Trichoniscus pusillus",278.15,TRUE,-12.6971961953556,3.05969232220099e-06,-0.224496486586542
"Malacostraca","Isopoda","Trichoniscidae","Trichoniscus","pusillus",0.0013,1.3e-06,1.55555555555556e-06,"W",5,"C","Meyer & Phillipson, 1983","Trichoniscus pusillus",-5126.81836119685,-1622.5901421774,27.3461553712044,-1.52597053816768,0.0022057096609492,-13.5531462934968,-13.3736778056852,41.7219734885647,3821,"Trichoniscus pusillus",278.15,TRUE,-12.6971961953556,3.05969232220099e-06,-0.676481610329597
"Malacostraca","Isopoda","Trichoniscidae","Trichoniscus","pusillus",0.00137,1.37e-06,2e-06,"W",5,"C","Meyer & Phillipson, 1983","Trichoniscus pusillus",-5126.81836119685,-1622.5901421774,27.3461553712044,-1.52597053816768,0.0022057096609492,-13.5006998181242,-13.1223633774043,41.7219734885647,3822,"Trichoniscus pusillus",278.15,TRUE,-12.6558650898947,3.18880254336623e-06,-0.466498287509655
"Malacostraca","Isopoda","Trichoniscidae","Trichoniscus","pusillus",0.00137,1.37e-06,4.44444444444445e-06,"W",5,"C","Meyer & Phillipson, 1983","Trichoniscus pusillus",-5126.81836119685,-1622.5901421774,27.3461553712044,-1.52597053816768,0.0022057096609492,-13.5006998181242,-12.3238556811866,41.7219734885647,3823,"Trichoniscus pusillus",278.15,TRUE,-12.6558650898947,3.18880254336623e-06,0.332009408708117
"Malacostraca","Isopoda","Trichoniscidae","Trichoniscus","pusillus",0.0015,1.5e-06,3.55555555555556e-06,"W",5,"C","Meyer & Phillipson, 1983","Trichoniscus pusillus",-5126.81836119685,-1622.5901421774,27.3461553712044,-1.52597053816768,0.0022057096609492,-13.4100454498561,-12.5469992325008,41.7219734885647,3824,"Trichoniscus pusillus",278.15,TRUE,-12.5844237732233,3.42494969748612e-06,0.0374245407225402
"Malacostraca","Isopoda","Trichoniscidae","Trichoniscus","pusillus",0.0015999999999999,1.6e-06,4e-06,"W",5,"C","Meyer & Phillipson, 1983","Trichoniscus pusillus",-5126.81836119685,-1622.5901421774,27.3461553712044,-1.52597053816768,0.0022057096609492,-13.3455069287185,-12.4292161968444,41.7219734885647,3825,"Trichoniscus pusillus",278.15,TRUE,-12.5335633788024,3.60364985026497e-06,0.104347181958062
"Malacostraca","Isopoda","Trichoniscidae","Trichoniscus","pusillus",0.0017,1.7e-06,7.33333333333333e-06,"W",5,"C","Meyer & Phillipson, 1983","Trichoniscus pusillus",-5126.81836119685,-1622.5901421774,27.3461553712044,-1.52597053816768,0.0022057096609492,-13.2848823069021,-11.8230803932741,41.7219734885647,3826,"Trichoniscus pusillus",278.15,TRUE,-12.4857873820357,3.77999684860428e-06,0.662706988761627
"Malacostraca","Isopoda","Trichoniscidae","Trichoniscus","pusillus",0.0018,1.8e-06,6.88888888888889e-06,"W",5,"C","Meyer & Phillipson, 1983","Trichoniscus pusillus",-5126.81836119685,-1622.5901421774,27.3461553712044,-1.52597053816768,0.0022057096609492,-13.2277238930622,-11.8856007502554,41.7219734885647,3827,"Trichoniscus pusillus",278.15,TRUE,-12.4407429741204,3.95415760600439e-06,0.555142223865001
"Malacostraca","Isopoda","Trichoniscidae","Trichoniscus","pusillus",0.0019,1.9e-06,1.13333333333333e-05,"W",5,"C","Meyer & Phillipson, 1983","Trichoniscus pusillus",-5126.81836119685,-1622.5901421774,27.3461553712044,-1.52597053816768,0.0022057096609492,-13.1736566717919,-11.3877623220162,41.7219734885647,3828,"Trichoniscus pusillus",278.15,TRUE,-12.398134619442,4.12627861290709e-06,1.01037229742582
"Malacostraca","Isopoda","Trichoniscidae","Trichoniscus","pusillus",0.0019,1.9e-06,5.77777777777778e-06,"W",5,"C","Meyer & Phillipson, 1983","Trichoniscus pusillus",-5126.81836119685,-1622.5901421774,27.3461553712044,-1.52597053816768,0.0022057096609492,-13.1736566717919,-12.0614914167191,41.7219734885647,3829,"Trichoniscus pusillus",278.15,TRUE,-12.398134619442,4.12627861290709e-06,0.33664320272298
"Malacostraca","Isopoda","Trichoniscidae","Trichoniscus","pusillus",0.002,2e-06,5.55555555555556e-06,"W",5,"C","Meyer & Phillipson, 1983","Trichoniscus pusillus",-5126.81836119685,-1622.5901421774,27.3461553712044,-1.52597053816768,0.0022057096609492,-13.1223633774043,-12.1007121298723,41.7219734885647,3830,"Trichoniscus pusillus",278.15,TRUE,-12.3577122927802,4.29648937654285e-06,0.257000162907842
"Malacostraca","Isopoda","Trichoniscidae","Trichoniscus","pusillus",0.002,2e-06,3.11111111111111e-06,"W",5,"C","Meyer & Phillipson, 1983","Trichoniscus pusillus",-5126.81836119685,-1622.5901421774,27.3461553712044,-1.52597053816768,0.0022057096609492,-13.1223633774043,-12.6805306251253,41.7219734885647,3831,"Trichoniscus pusillus",278.15,TRUE,-12.3577122927802,4.29648937654285e-06,-0.322818332345101
"Malacostraca","Isopoda","Trichoniscidae","Trichoniscus","pusillus",0.0021,2.1e-06,1.02222222222222e-05,"W",5,"C","Meyer & Phillipson, 1983","Trichoniscus pusillus",-5126.81836119685,-1622.5901421774,27.3461553712044,-1.52597053816768,0.0022057096609492,-13.0735732132349,-11.4909465582515,41.7219734885647,3832,"Trichoniscus pusillus",278.15,TRUE,-12.3192625894127,4.46490513861389e-06,0.828316031161247
"Mammalia","Rodentia","Sciuridae","Otospermophilus","beecheyi",599.6,0.5996,1.76548888888889,"W",28,"C","Baudinette, 1972","Otospermophilus beecheyi",-5126.81836119685,-1622.5901421774,27.3461553712044,-1.52597053816768,0.0022057096609492,-0.511492512753694,0.568427642902263,38.5355036554682,3848,"Otospermophilus beecheyi",301.15,TRUE,-1.952138911092,0.1419700852125,2.52056655399426
"Mammalia","Chiroptera","Hipposideridae","Rhinonicteris","aurantia",8.27,0.00827,0.0900511111111111,"W",32.5,"C","Baudinette, Churchill, Christian, Nelson, & Hudson, 2000","Rhinonicteris aurantia",-5126.81836119685,-1622.5901421774,27.3461553712044,-1.52597053816768,0.0022057096609492,-4.79512076994654,-2.40737786861218,37.968156145409,3849,"Rhinonicteris aurantia",305.65,TRUE,-5.2446828814876,0.00527549438631457,2.83730501287541
"Mammalia","Macroscelidea","Macroscelididae","Elephantulus","myurus",62.97,0.06297,0.3683745,"W",30.97,"C","Lovegrove, Raman, & Perrin, 2001","Elephantulus myurus",19065.9732979664,196.969573288923,5058.09195240373,2068.11907390761,703.757520121768,-2.76509685648149,-0.998655195237721,38.1591704782463,3851,"Elephantulus myurus",304.12,TRUE,-3.67291653234594,0.0254022752462356,2.67426133710822
"Mammalia","Rodentia","Sciuridae","Tamias","striatus",87.4,0.0874,0.500122222222222,"W",30,"C","Wang & Hudson, 1971","Tamias striatus",-5126.81836119685,-1622.5901421774,27.3461553712044,-1.52597053816768,0.0022057096609492,-2.43725999632065,-0.692902765987177,38.2812697537333,3853,"Tamias striatus",303.15,TRUE,-3.43247109798544,0.0323070082700064,2.73956833199827
"Mammalia","Rodentia","Sciuridae","Cynomys","ludovicianus",1112.3,1.1123,2.36666666666667,"W",30.2,"C","Rfinking, Kilgore Jr, Fairbanks, & Hamilton, 1977","Cynomys ludovicianus",-5126.81836119685,-1622.5901421774,27.3461553712044,-1.52597053816768,0.0022057096609492,0.106429943615847,0.861482495379161,38.2560307428524,3854,"Cynomys ludovicianus",303.35,TRUE,-1.42418193699628,0.240705294783512,2.28566443237544
"Mammalia","Artiodactyla","Camelidae","Lama","glama",115000,115,147.2,"W",27,"C","El-Nouty, Yousef, Magdub, & Johnson, 1978","Lama glama",-5126.81836119685,-1622.5901421774,27.3461553712044,-1.52597053816768,0.0022057096609492,4.74493212836325,4.99179220629478,38.6638911405773,3855,"Lama glama",300.15,TRUE,2.17141979112905,8.77072780641129,2.82037241516573
"Mammalia","Artiodactyla","Bovidae","Madoqua","kirkii",3970,3.97,11.4688888888889,"W",30,"C","Maskrey & Hoppe, 1979","Madoqua kirkii",-5126.81836119685,-1622.5901421774,27.3461553712044,-1.52597053816768,0.0022057096609492,1.3787660946991,2.43963805538436,38.2812697537333,3856,"Madoqua kirkii",303.15,TRUE,-0.425203675544129,0.653636641772609,2.86484173092849
"Mammalia","Chrioptera","Emballonuridae","Peropteryx","macrotis",5.1,0.0051,0.06545,"W",30.5,"C","Genoud, Bonaccorso, & Anends, 1990","Peropteryx macrotis",-5126.81836119685,-1622.5901421774,27.3461553712044,-1.52597053816768,0.0022057096609492,-5.27851473925186,-2.72646878662623,38.2182345655994,3861,"Peropteryx macrotis",303.65,TRUE,-5.66231115958705,0.00347447753959416,2.93584237296082
"Mammalia","Macroscelidea","Macroscelididae","Macroscelides","proboscideus",39,0.039,0.290333333333333,"W",38,"C","Roxburgh & Perrin, 1994","Macroscelides proboscideus",19065.9732979664,196.969573288923,5058.09195240373,2068.11907390761,703.757520121768,-3.24419363285249,-1.23672559079775,37.2970172773397,3863,"Macroscelides proboscideus",311.15,TRUE,-3.92400701397295,0.0197617502738558,2.68728142317521
"Mammalia","Macroscelidea","Macroscelididae","Petrodromus","tetradactylus",206.11,0.20611,0.997343388888889,"W",33,"C","Downs & Perrin, 1995b","Petrodromus tetradactylus",19065.9732979664,196.969573288923,5058.09195240373,2068.11907390761,703.757520121768,-1.57934527212693,-0.00266014616463855,37.9061470711882,3864,"Petrodromus tetradactylus",306.15,TRUE,-2.70135449472933,0.0671145448486345,2.69869434856469
"Mammalia","Macroscelidea","Macroscelididae","Elephantulus","intufi",46.49,0.04649,0.288883694444445,"W",35,"C","Downs & Perrin, 1995b","Elephantulus intufi",19065.9732979664,196.969573288923,5058.09195240373,2068.11907390761,703.757520121768,-3.06851804327964,-1.24173111323967,37.6601230759184,3865,"Elephantulus intufi",308.15,TRUE,-3.83882701678735,0.0215188277708417,2.59709590354768
"Mammalia","Macroscelidea","Macroscelididae","Elephantulus","brachyrhynchus",45.3,0.0453,0.242833166666667,"W",35,"C","Downs & Perrin, 1995b","Elephantulus brachyrhynchus",19065.9732979664,196.969573288923,5058.09195240373,2068.11907390761,703.757520121768,-3.09444824649315,-1.41538062835702,37.6601230759184,3866,"Elephantulus brachyrhynchus",308.15,TRUE,-3.85926164001091,0.0210835610352315,2.44388101165389
"Mammalia","Monotremata","Tachyglossidae","Tachyglossus","aculeatus",3430,3.43,2.51533333333333,"W",25,"C","Dawson, Grant, & Fanning, 1979","Tachyglossus aculeatus",19065.9732979664,196.969573288922,5058.09195240373,2068.11907390761,703.757520121769,1.23256026117785,0.922405332874008,38.9232497932056,3869,"Tachyglossus aculeatus",298.15,TRUE,-0.634593969533003,0.53015070196006,1.55699930240701
"Mammalia","Monotremata","Ornithorhynchisae","Ornithorhynchus","anatinus",1320,1.32,2.662,"W",25,"C","Dawson, Grant, & Fanning, 1979","Ornithorhynchus anatinus",19065.9732979664,196.969573288922,5058.09195240373,2068.11907390761,703.757520121769,0.27763173659828,0.97907771997292,38.9232497932056,3870,"Ornithorhynchus anatinus",298.15,TRUE,-1.3871374202935,0.249789324025232,2.36621514026642
"Mammalia","Notoryctemorphia","Notoryctidae","Notoryctes","caurinus",34,0.034,0.119,"W",30,"C","Withers, Thompson, & Seymour, 2000","Notoryctes caurinus",-5126.81836119685,-1622.5901421774,27.3461553712044,-1.52597053816768,0.0022057096609492,-3.38139475436598,-2.12863178587061,38.2812697537333,3871,"Notoryctes caurinus",303.15,TRUE,-4.1765083850852,0.0153520174274704,2.04787659921459
"Mammalia","Eulipotyphla","Talpidae","Scalopus","aquaticus",48,0.048,0.376,"W",26,"C","McNab, 1979","Scalopus aquaticus",-5126.81836119685,-1622.5901421774,27.3461553712044,-1.52597053816768,0.0022057096609492,-3.03655426807425,-0.978166135592243,38.7931369742412,3882,"Scalopus aquaticus",299.15,TRUE,-3.97983741705001,0.0186886775510729,3.00167128145777
"Mammalia","Afrosoricida","Chrysochloridae","Eremitalpa","granti",20.62,0.02062,0.0603888888888889,"W",32.08,"C","Seymour, Withers, & Weathers, 1998","Eremitalpa granti",19065.9732979664,196.969573288923,5058.09195240373,2068.11907390761,703.757520121768,-3.88149380039332,-2.80695014975709,38.0204007661248,3884,"Eremitalpa granti",305.23,TRUE,-4.53235131470727,0.0107553570886538,1.72540116495018
"Insecta","Orthoptera","Tanaoceridae","Tanaocerus","koebeli",0.1025,0.0001025,0.0006498900574755,"W",20,"C","Mispagel, 1981","Tanaocerus koebeli",-5126.81836119685,-1622.5901421774,27.3461553712044,-1.52597053816768,0.0022057096609492,-9.18564775938581,-7.33870735172616,39.5871292029482,3885,"Tanaocerus koebeli",293.15,TRUE,-8.94217733990358,0.000130756029690402,1.60346998817742
"Reptilia","Squamata","Iguanidae","Sauromalus","hispidus",574,0.574,0.205369346061635,"W",28.5,"C","Bennett, Dawson, & Bartholomew, 1975","Sauromalus hispidus",18504.5921575775,137.664959687806,608.838705503057,-2504.96665964894,161.155410749487,-0.555125882662571,-1.58294523283136,38.4716291259548,3887,"Sauromalus hispidus",301.65,TRUE,-1.97715509315423,0.138462590690871,0.394209860322863
"Reptilia","Squamata","Varanidae","Varanus","gouldii",674,0.674,0.304175290153927,"W",28.5,"C","Bennett, Dawson, & Bartholomew, 1975","Varanus gouldii",18504.5921575775,137.664959687806,608.838705503057,-2504.96665964894,161.155410749487,-0.39452516806983,-1.19015113140449,38.4716291259548,3888,"Varanus gouldii",301.65,TRUE,-1.85059167731383,0.157144160166956,0.660440545909331
"Reptilia","Squamata","Phyllodactylidae","Ptyodactylus","hasselquistii",6.4,0.0064,0.0034989918548061,"W",20,"C","Al-Sadoon & Abdo, 1989","Ptyodactylus hasselquistii",18800.1535227516,169.735196389278,3201.2614584003,886.211369622013,-187.589322618966,-5.05145728861651,-5.65528039346266,39.5871292029482,3889,"Ptyodactylus hasselquistii",293.15,TRUE,-5.68417647083995,0.0033993315458873,0.0288960773772891
"Reptilia","Squamata","Gekkonidae","Bunopus","tuberculatus",2.2,0.0022,0.0089731090720972,"W",20,"C","Al-Sadoon & Abdo, 1989","Bunopus tuberculatus",18800.1535227516,169.735196389278,3201.2614584003,886.211369622013,-187.589322618966,-6.11929791861787,-4.71352305515142,39.5871292029482,3890,"Bunopus tuberculatus",293.15,TRUE,-6.52570172836358,0.00146529055024735,1.81217867321216
"Reptilia","Squamata","Phrynosomatidae","Sceloporus","occidentalis",13.1,0.0131,0.0071584699453551,"W",35,"C","Gleeson, 1979","Sceloporus occidentalis",18504.5921575775,137.664959687806,608.838705503057,-2504.96665964894,161.155410749487,-4.33514304877503,-4.93945901562837,37.6601230759184,3891,"Sceloporus occidentalis",308.15,TRUE,-4.83700680503349,0.00793075686185025,-0.102452210594887
"Reptilia","Squamata","Phrynosomatidae","Sceloporus","occidentalis",15.2,0.0152,0.0089981785063752,"W",35,"C","Gleeson, 1979","Sceloporus occidentalis",18504.5921575775,137.664959687806,608.838705503057,-2504.96665964894,161.155410749487,-4.18645985112991,-4.7107331103097,37.6601230759184,3892,"Sceloporus occidentalis",308.15,TRUE,-4.7198351385203,0.00891664843912769,0.00910202821059602
"Reptilia","Squamata","Phrynosomatidae","Sceloporus","occidentalis",12.8,0.0128,0.0095883424408014,"W",35,"C","Francis & Brooks, 1970","Sceloporus occidentalis",18504.5921575775,137.664959687806,608.838705503057,-2504.96665964894,161.155410749487,-4.35831010805657,-4.64720724748652,37.6601230759184,3893,"Sceloporus occidentalis",308.15,TRUE,-4.8552638978807,0.00778727803595636,0.208056650394176
"Reptilia","Testudines","Emydidae","Terrapene","ornata",354,0.354,0.0285698933144665,"W",20,"C","Gatten Jr, 1974","Terrapene ornata",-5126.81836119685,-1622.5901421774,27.3461553712044,-1.52597053816768,0.0022057096609492,-1.03845836584836,-3.55540179692681,39.5871292029482,3894,"Terrapene ornata",293.15,TRUE,-2.52168212754058,0.0803243771976782,-1.03371966938623
"Reptilia","Testudines","Chelydridae","Chelydra","serpentina",3473,3.473,0.188985635702953,"W",30,"C","Gatten Jr, 1978","Chelydra serpentina",-5126.81836119685,-1622.5901421774,27.3461553712044,-1.52597053816768,0.0022057096609492,1.24501877376194,-1.66608426838244,38.2812697537333,3895,"Chelydra serpentina",303.15,TRUE,-0.530604936305857,0.588249008840061,-1.13547933207658
"Reptilia","Squamata","Varanidae","Varanus","giganteus",2496,2.496,0.59488,"W",25,"C","Thompson, Heger, Heger, & Withers, 1995","Varanus giganteus",18504.5921575775,137.664959687806,608.838705503057,-2504.96665964894,161.155410749487,0.914689450507181,-0.519395574449058,38.9232497932056,3896,"Varanus giganteus",298.15,TRUE,-0.885096065345315,0.412674527653793,0.365700490896257
"Reptilia","Squamata","Varanidae","Varanus","albigularis",963,0.963,0.339856557377049,"W",35,"C","Louw, Young, & Bligh, 1976","Varanus albigularis",18504.5921575775,137.664959687806,608.838705503057,-2504.96665964894,161.155410749487,-0.0377018671840115,-1.07923164046009,37.6601230759184,3897,"Varanus albigularis",308.15,TRUE,-1.4503541572255,0.234487228040409,0.371122516765415
"Reptilia","Squamata","Pythonidae","Aspidites","melanocephalus",1027.5,1.0275,0.266316710260424,"W",30,"C","Bedford & Christian, 1999","Aspidites melanocephalus",18761.4857515163,165.489621906203,2847.9938032235,397.060930931253,-812.753930145877,0.0271286673882527,-1.32306903837343,38.2812697537333,3898,"Aspidites melanocephalus",303.15,TRUE,-1.49037857350141,0.225287351572038,0.167309535127987
"Reptilia","Squamata","Pythonidae","Antaresia","childreni",331.7,0.3317,0.0862114991548166,"W",30,"C","Bedford & Christian, 1999","Antaresia childreni",18761.4857515163,165.489621906203,2847.9938032235,397.060930931253,-812.753930145877,-1.10352433302913,-2.45095170934165,38.2812697537333,3899,"Antaresia childreni",303.15,TRUE,-2.38140391062957,0.0924207359351133,-0.0695477987120787
"Reptilia","Squamata","Pythonidae","Liasis","fuscus",1306.9,1.3069,0.10435005714531,"W",30,"C","Bedford & Christian, 1999","Liasis fuscus",18761.4857515163,165.489621906203,2847.9938032235,397.060930931253,-812.753930145877,0.267657920620853,-2.26000409782793,38.2812697537333,3900,"Liasis fuscus",303.15,TRUE,-1.300826466116,0.272306647791811,-0.959177631711936
"Reptilia","Squamata","Pythonidae","Liasis","olivaceus",3323.2,3.3232,0.396274143392313,"W",30,"C","Bedford & Christian, 1999","Liasis olivaceus",18761.4857515163,165.489621906203,2847.9938032235,397.060930931253,-812.753930145877,1.20092817413971,-0.925649025950096,38.2812697537333,3901,"Liasis olivaceus",303.15,TRUE,-0.56535108864267,0.568160636989924,-0.360297937307427
"Reptilia","Squamata","Pythonidae","Antaresia","stimsoni",349.9,0.3499,0.0719140475623099,"W",30,"C","Bedford & Christian, 1999","Antaresia stimsoni",18761.4857515163,165.489621906203,2847.9938032235,397.060930931253,-812.753930145877,-1.05010787960849,-2.63228365695044,38.2812697537333,3902,"Antaresia stimsoni",303.15,TRUE,-2.3393084017513,0.0963942812988526,-0.292975255199137
"Reptilia","Squamata","Elapidae","Pseudonaja","nuchalis",214.1,0.2141,0.0512147519731584,"W",30,"C","Bedford & Christian, 1999","Pseudonaja nuchalis",18753.3733882784,164.592628439259,2772.07604464696,288.192530677663,-1044.20679976059,-1.5413120833865,-2.97172766396081,38.2812697537333,3903,"Pseudonaja nuchalis",303.15,TRUE,-2.72640806107074,0.0654539746082857,-0.245319602890071
"Reptilia","Squamata","Varanidae","Varanus","rosenbergi",1287,1.287,0.423497267759563,"W",35,"C","Christian & Conley, 1994","Varanus rosenbergi",18504.5921575775,137.664959687806,608.838705503057,-2504.96665964894,161.155410749487,0.25231392861399,-0.859208216482119,37.6601230759184,3904,"Varanus rosenbergi",308.15,TRUE,-1.22180355670703,0.294698182452626,0.362595340224909
"Reptilia","Squamata","Varanidae","Varanus","gouldii",1086,1.086,0.259562841530055,"W",35,"C","Christian & Conley, 1994","Varanus gouldii",18504.5921575775,137.664959687806,608.838705503057,-2504.96665964894,161.155410749487,0.0825012215117438,-1.34875644180082,37.6601230759184,3905,"Varanus gouldii",308.15,TRUE,-1.35562659926612,0.257785715494338,0.00687015746529984
"Reptilia","Squamata","Varanidae","Varanus","panoptes",931,0.931,0.286885245901639,"W",35,"C","Christian & Conley, 1994","Varanus panoptes",18504.5921575775,137.664959687806,608.838705503057,-2504.96665964894,161.155410749487,-0.0714960017050699,-1.24867298324384,37.6601230759184,3906,"Varanus panoptes",308.15,TRUE,-1.47698605055923,0.228324811824924,0.228313067315389
"Reptilia","Squamata","Varanidae","Varanus","mertensi",904,0.904,0.163934426229508,"W",35,"C","Christian & Conley, 1994","Varanus mertensi",18504.5921575775,137.664959687806,608.838705503057,-2504.96665964894,161.155410749487,-0.100925918589961,-1.80828877117927,37.6601230759184,3907,"Varanus mertensi",308.15,TRUE,-1.5001786672191,0.223090297664383,-0.308110103960162
"Reptilia","Squamata","Anguidae","Ophisaurus","ventralis",32.17,0.03217,0.0068271888888888,"W",25,"C","Kamel & Gatten, 1983","Ophisaurus ventralis",18504.5921575775,137.664959687806,608.838705503057,-2504.96665964894,161.155410749487,-3.4367209377312,-4.9868422730089,38.9232497932056,3908,"Ophisaurus ventralis",298.15,TRUE,-4.31427982617361,0.0133761791923319,-0.672562446835284
"Reptilia","Squamata","Teiidae","Cnemidophorus","murinus",55.2,0.0552,0.0185058769083339,"W",40,"C","Bennett & Gleeson, 1979","Cnemidophorus murinus",18504.5921575775,137.664959687806,608.838705503057,-2504.96665964894,161.155410749487,-2.89679232569909,-3.98966692662377,37.0588118340867,3909,"Cnemidophorus murinus",313.15,TRUE,-3.61529109258146,0.0269090910402724,-0.374375834042306
"Reptilia","Squamata","Varanidae","Varanus","gouldii",169,0.169,0.0407520049346419,"W",30,"C","Thompson & Withers, 1992","Varanus gouldii",18504.5921575775,137.664959687806,608.838705503057,-2504.96665964894,161.155410749487,-1.77785656405906,-3.20025023965548,38.2812697537333,3910,"Varanus gouldii",303.15,TRUE,-2.91281991825351,0.0543223291545489,-0.28743032140197
"Reptilia","Squamata","Varanidae","Varanus","panoptes",2003,2.003,0.633308463554084,"W",30,"C","Thompson & Withers, 1992","Varanus panoptes",18504.5921575775,137.664959687806,608.838705503057,-2504.96665964894,161.155410749487,0.694646056683681,-0.456797671339225,38.2812697537333,3911,"Varanus panoptes",303.15,TRUE,-0.964333087736723,0.381237366851507,0.507535416397498
"Reptilia","Squamata","Sphaerodactylidae","Sphaerodactylus","cinereus",0.54,0.00054,0.0002519323941258,"W",26.5,"C","Dunson & Bramham, 1981","Sphaerodactylus cinereus",18800.1535227516,169.735196389278,3201.2614584003,886.211369622013,-187.589322618966,-7.52394141840595,-8.28634978372421,38.7284062267454,3912,"Sphaerodactylus cinereus",299.65,TRUE,-7.50668413604172,0.000549399806754836,-0.779665647682489
"Reptilia","Squamata","Sphaerodactylidae","Sphaerodactylus","notatus",0.33,0.00033,0.0001555624216043,"W",26.5,"C","Dunson & Bramham, 1981","Sphaerodactylus notatus",18800.1535227516,169.735196389278,3201.2614584003,886.211369622013,-187.589322618966,-8.01641790350375,-8.76846348178645,38.7284062267454,3913,"Sphaerodactylus notatus",299.65,TRUE,-7.89478643267912,0.000372681484276684,-0.87367704910733
"Reptilia","Squamata","Dactyloidae","Anolis","sagrei",0.4,4e-04,0.0003907284816303,"W",26.5,"C","Dunson & Bramham, 1981","Anolis sagrei",18504.5921575775,137.664959687806,608.838705503057,-2504.96665964894,161.155410749487,-7.82404601085629,-7.84749765958329,38.7284062267454,3914,"Anolis sagrei",299.65,TRUE,-7.74318533982667,0.000433687929124384,-0.104312319756621
"Mammalia","Monotremata","Tachyglossidae","Tachyglossus","aculeatus",2140,2.14,1.56388888888889,"W",30.4,"C","McNab (1984)","Tachyglossus aculeatus",19065.9732979664,196.969573288922,5058.09195240373,2068.11907390761,703.757520121769,0.76080582903376,0.447175596689535,38.2308249904275,3915,"Tachyglossus aculeatus",303.55,TRUE,-0.904795390495932,0.404624666686165,1.35197098718547
"Mammalia","Monotremata","Ornithorhynchidae","Ornithorhynchus","anatinus",1300,1.3,2.61111111111111,"W",32.2,"C","Grant and Dawson (1978)","Ornithorhynchus anatinus",19065.9732979664,196.969573288922,5058.09195240373,2068.11907390761,703.757520121769,0.262364264467491,0.959775843813894,38.0054590661348,3916,"Ornithorhynchus anatinus",305.35,TRUE,-1.26454000414205,0.282369154912656,2.22431584795595
"Mammalia","Didelphimorphia","Didelphidae","Caluromys","derbianus",357,0.357,1.13611111111111,"W",34,"C","McNab (1978a)","Caluromys derbianus",-5126.81836119685,-1622.5901421774,27.3461553712044,-1.52597053816768,0.0022057096609492,-1.0300194972025,0.127611124592646,37.7827345786888,3917,"Caluromys derbianus",307.15,TRUE,-2.25034823343736,0.105362527417558,2.37795935803
"Mammalia","Didelphimorphia","Didelphidae","Gracilinanus","microtarsus",13,0.013,0.105555555555555,"W",34.7,"C","Morrison and McNab (1962)","Gracilinanus microtarsus",-5126.81836119685,-1622.5901421774,27.3461553712044,-1.52597053816768,0.0022057096609492,-4.3428059215206,-2.24851787172377,37.6968228872641,3918,"Gracilinanus microtarsus",307.85,TRUE,-4.84842906048223,0.00784068512157266,2.59991118875846
"Mammalia","Didelphimorphia","Didelphidae","Monodelphis","brevicaudata",111,0.111,0.422222222222222,"W",33.5,"C","McNab (1978a)","Monodelphis brevicaudata",-5126.81836119685,-1622.5901421774,27.3461553712044,-1.52597053816768,0.0022057096609492,-2.1982250776698,-0.862223510603879,37.8443402114602,3919,"Monodelphis brevicaudata",306.65,TRUE,-3.18000417832239,0.0415854813632622,2.31778066771851
"Mammalia","Didelphimorphia","Didelphidae","Marmosa","robinsoni",122,0.122,0.544444444444444,"W",34,"C","McNab (1978a)","Marmosa robinsoni",-5126.81836119685,-1622.5901421774,27.3461553712044,-1.52597053816768,0.0022057096609492,-2.10373423424888,-0.607989372219639,37.7827345786888,3920,"Marmosa robinsoni",307.15,TRUE,-3.09650265499999,0.0452070308256702,2.48851328278035
"Mammalia","Didelphimorphia","Didelphidae","Metachirus","nudicaudatus",336,0.336,1.14444444444444,"W",35,"C","McNab (1978a)","Metachirus nudicaudatus",-5126.81836119685,-1622.5901421774,27.3461553712044,-1.52597053816768,0.0022057096609492,-1.09064411901893,0.134919317899371,37.6601230759184,3921,"Metachirus nudicaudatus",308.15,TRUE,-2.2801385601956,0.102270035177676,2.41505787809497
"Mammalia","Didelphimorphia","Didelphidae","Philander","opossum",751,0.751,1.88611111111111,"W",35.8,"C","McNab (1978a)","Philander opossum",-5126.81836119685,-1622.5901421774,27.3461553712044,-1.52597053816768,0.0022057096609492,-0.286349627218002,0.63451709610854,37.5626053595865,3922,"Philander opossum",308.95,TRUE,-1.63199945041787,0.195538214040974,2.26651654652641
"Mammalia","Didelphimorphia","Didelphidae","Lutreolina","crassicaudata",812,0.812,2.26388888888889,"W",35.8,"C","McNab (1978a)","Lutreolina crassicaudata",-5126.81836119685,-1622.5901421774,27.3461553712044,-1.52597053816768,0.0022057096609492,-0.208254938820459,0.817084081790707,37.5626053595865,3923,"Lutreolina crassicaudata",308.95,TRUE,-1.57045594765296,0.207950346266205,2.38754002944367
"Mammalia","Didelphimorphia","Didelphidae","Didelphis","virginiana",3257,3.257,5.99444444444444,"W",34.8,"C","McNab (1978a)","Didelphis virginiana",-5126.81836119685,-1622.5901421774,27.3461553712044,-1.52597053816768,0.0022057096609492,1.1808065262941,1.79083311436792,37.6845816718437,3924,"Didelphis virginiana",307.95,TRUE,-0.493681060369709,0.610375424961903,2.28451417473763
"Mammalia","Microbiotheria","Microbiotheriidae","Dromiciops","gliroides",40,0.04,0.177777777777778,"W",35.15,"C","Bozinovic et al. (2004)","Dromiciops gliroides",-5126.81836119685,-1622.5901421774,27.3461553712044,-1.52597053816768,0.0022057096609492,-3.2188758248682,-1.72722094809048,37.6417999540845,3925,"Dromiciops gliroides",308.3,TRUE,-3.95463057310779,0.0191657475845372,2.2274096250173
"Mammalia","Notoryctemorphia","Notoryctidae","Notoryctes","caurinus",34.2,0.0342,0.119444444444444,"W",30.6,"C","Withers et al. (2000)","Notoryctes caurinus",-5126.81836119685,-1622.5901421774,27.3461553712044,-1.52597053816768,0.0022057096609492,-3.37552963491358,-2.12490391575659,38.205652430763,3926,"Notoryctes caurinus",303.75,TRUE,-4.16079412905908,0.0155951684247775,2.03589021330249
"Mammalia","Dasyuromorphia","Myrmecobiidae","Myrmecobius","fasciatus",480,0.48,1.03611111111111,"W",33.9,"C","McNab (1984)","Myrmecobius fasciatus",-5126.81836119685,-1622.5901421774,27.3461553712044,-1.52597053816768,0.0022057096609492,-0.7339691750802,0.0354743881936597,37.7950396542721,3927,"Myrmecobius fasciatus",307.05,TRUE,-2.01884705877476,0.132808497236155,2.05432144696842
"Mammalia","Dasyuromorphia","Dasyuridae","Antechinus","stuartii",36.5,0.0365,0.202777777777778,"W",34.4,"C","Dawson and Hulbert (1970)","Antechinus stuartii",-5126.81836119685,-1622.5901421774,27.3461553712044,-1.52597053816768,0.0022057096609492,-3.31044301839369,-1.59564459030176,37.7335942963559,3928,"Antechinus stuartii",307.55,TRUE,-4.04025640707119,0.0175929608776807,2.44461181676943
"Mammalia","Dasyuromorphia","Dasyuridae","Antechinus","flavipes",46.5,0.0465,0.252777777777778,"W",35.1,"C","Geiser (1988)","Antechinus flavipes",-5126.81836119685,-1622.5901421774,27.3461553712044,-1.52597053816768,0.0022057096609492,-3.06830296638883,-1.37524452493331,37.6479056799489,3929,"Antechinus flavipes",308.25,TRUE,-3.83686537397784,0.0215610814543752,2.46162084904453
"Mammalia","Dasyuromorphia","Dasyuridae","Dasyuroides","byrnei",118.2,0.1182,0.461111111111111,"W",34.3,"C","Geiser and Baudinette (1987)","Dasyuroides byrnei",-5126.81836119685,-1622.5901421774,27.3461553712044,-1.52597053816768,0.0022057096609492,-2.13537717401014,-0.774116243093612,37.7458673795552,3930,"Dasyuroides byrnei",307.45,TRUE,-3.11603128631309,0.0443327637917748,2.34191504321947
"Mammalia","Dasyuromorphia","Dasyuridae","Phascogale","tapoatafa",157.2,0.1572,0.708333333333333,"W",37.4,"C","MacMillen and Nelson (1969)","Phascogale tapoatafa",-5126.81836119685,-1622.5901421774,27.3461553712044,-1.52597053816768,0.0022057096609492,-1.85023639898703,-0.34484048629173,37.3690772044575,3931,"Phascogale tapoatafa",310.55,TRUE,-2.83605180596484,0.0586567978067976,2.49121131967312
"Mammalia","Dasyuromorphia","Dasyuridae","Dasyurus","hallucatus",584.4,0.5844,1.66111111111111,"W",38.1,"C","MacMillen and Nelson (1969)","Dasyurus hallucatus",-5126.81836119685,-1622.5901421774,27.3461553712044,-1.52597053816768,0.0022057096609492,-0.537169599105593,0.507486722500476,37.2850342999012,3932,"Dasyurus hallucatus",311.25,TRUE,-1.78894486792264,0.167136427669081,2.29643159042312
"Mammalia","Dasyuromorphia","Dasyuridae","Dasyurus","viverrinus",909.9,0.9099,2.28333333333333,"W",36.7,"C","MacMillen and Nelson (1969)","Dasyurus viverrinus",-5126.81836119685,-1622.5901421774,27.3461553712044,-1.52597053816768,0.0022057096609492,-0.0944205756194919,0.825636363606024,37.4534998413563,3933,"Dasyurus viverrinus",309.85,TRUE,-1.46474284361627,0.231137422299159,2.29037920722229
"Mammalia","Dasyuromorphia","Dasyuridae","Dasyurus","geoffroii",1354,1.354,3.17222222222222,"W",36.2,"C","Arnold and Shield (1970)","Dasyurus geoffroii",-5126.81836119685,-1622.5901421774,27.3461553712044,-1.52597053816768,0.0022057096609492,0.303063174490083,1.1544323587658,37.5140356419727,3934,"Dasyurus geoffroii",309.35,TRUE,-1.16038066043716,0.313366871805511,2.31481301920296
"Mammalia","Dasyuromorphia","Dasyuridae","Dasyurus","maculatus",1782,1.782,3.28055555555556,"W",36.9,"C","MacMillen and Nelson (1969)","Dasyurus maculatus",-5126.81836119685,-1622.5901421774,27.3461553712044,-1.52597053816768,0.0022057096609492,0.577736329048618,1.18801278474721,37.4293401897896,3935,"Dasyurus maculatus",310.05,TRUE,-0.931497191682372,0.393963429830006,2.11950997642958
"Mammalia","Dasyuromorphia","Dasyuridae","Sarcophilus","harrisii",5050,5.05,7.88611111111111,"W",36.8,"C","MacMillen and Nelson (1969)","Sarcophilus harrisii",-5126.81836119685,-1622.5901421774,27.3461553712044,-1.52597053816768,0.0022057096609492,1.61938824328727,2.06510312502282,37.4414161182264,3936,"Sarcophilus harrisii",309.95,TRUE,-0.112381678580914,0.893703085070126,2.17748480360373
"Mammalia","Dasyuromorphia","Dasyuridae","Planigale","tenuirostris",7.1,0.0070999999999999,0.0638888888888888,"W",34.5,"C","Dawson and Wolfers (1978)","Planigale tenuirostris",-5126.81836119685,-1622.5901421774,27.3461553712044,-1.52597053816768,0.0022057096609492,-4.94766049493488,-2.75060981552101,37.7213291917577,3937,"Planigale tenuirostris",307.65,TRUE,-5.32868711254434,0.00485043390762746,2.57807729702334
"Mammalia","Dasyuromorphia","Dasyuridae","Planigale","gilesi",9.4,0.0094,0.0722222222222222,"W",35.9,"C","Dawson and Wolfers (1978)","Planigale gilesi",-5126.81836119685,-1622.5901421774,27.3461553712044,-1.52597053816768,0.0022057096609492,-4.66704558970618,-2.62800749342867,37.5504511433239,3938,"Planigale gilesi",309.05,TRUE,-5.08247919583992,0.00620450774266043,2.45447170241125
"Mammalia","Dasyuromorphia","Dasyuridae","Ningaui","yvonnae",11.6,0.0116,0.0888888888888888,"W",34.4,"C","Geiser and Baudinette (1988)","Ningaui yvonnae",-5126.81836119685,-1622.5901421774,27.3461553712044,-1.52597053816768,0.0022057096609492,-4.45675018086982,-2.42036812865043,37.7335942963559,3939,"Ningaui yvonnae",307.55,TRUE,-4.94361820376803,0.00712875835294302,2.5232500751176
"Mammalia","Dasyuromorphia","Dasyuridae","Planigale","maculata",13.1,0.0130999999999999,0.075,"W",34.2,"C","Morton and Lee (1978)","Planigale maculata",-5126.81836119685,-1622.5901421774,27.3461553712044,-1.52597053816768,0.0022057096609492,-4.33514304877504,-2.59026716544583,37.7581484491435,3940,"Planigale maculata",307.35,TRUE,-4.85138597807559,0.00781753510500573,2.26111881262976
"Mammalia","Peramelemorphia","Thylacomyidae","Macrotis","lagotis",1011,1.011,1.975,"W",34.9,"C","Hulbert and Dawson (1974)","Macrotis lagotis",-5126.81836119685,-1622.5901421774,27.3461553712044,-1.52597053816768,0.0022057096609492,0.0109399400383343,0.680568398353085,37.6723484039742,3942,"Macrotis lagotis",308.05,TRUE,-1.41381468071963,0.243213728582538,2.09438307907271
"Mammalia","Peramelemorphia","Peramelidae","Isoodon","auratus",428,0.428,0.836111111111111,"W",33.8,"C","Withers (1992)","Isoodon auratus",-5126.81836119685,-1622.5901421774,27.3461553712044,-1.52597053816768,0.0022057096609492,-0.84863208340034,-0.17899376670128,37.8073527474972,3943,"Isoodon auratus",306.95,TRUE,-2.11101479423501,0.121114997248744,1.93202102753373
"Mammalia","Peramelemorphia","Peramelidae","Perameles","nasuta",645,0.645,1.76388888888889,"W",36.1,"C","Hulbert and Dawson (1974)","Perameles nasuta",-5126.81836119685,-1622.5901421774,27.3461553712044,-1.52597053816768,0.0022057096609492,-0.438504962186365,0.567520967442536,37.5261662921399,3944,"Perameles nasuta",309.25,TRUE,-1.74656219448143,0.17437237252423,2.31408316192397
"Mammalia","Peramelemorphia","Peramelidae","Isoodon","macrourus",1551,1.551,3.54722222222222,"W",35.9,"C","Hulbert and Dawson (1974)","Isoodon macrourus",-5126.81836119685,-1622.5901421774,27.3461553712044,-1.52597053816768,0.0022057096609492,0.438899884194402,1.26616482458238,37.5504511433239,3945,"Isoodon macrourus",309.05,TRUE,-1.05867455766995,0.34691532198739,2.32483938225233
"Mammalia","Peramelemorphia","Peramelidae","Echymipera","rufescens",1276,1.276,3.01666666666667,"W",35.2,"C","Hulbert and Dawson (1974)","Echymipera rufescens",-5126.81836119685,-1622.5901421774,27.3461553712044,-1.52597053816768,0.0022057096609492,0.243730184922598,1.10415246904372,37.6356962083485,3946,"Echymipera rufescens",308.35,TRUE,-1.22498494893031,0.293762121724426,2.32913741797403
"Mammalia","Diprotodontia","Phascolarctidae","Phascolarctos","cinereus",4765,4.765,5.84722222222222,"W",35.75,"C","Degabriele and Dawson (1979)","Phascolarctos cinereus",-5126.81836119685,-1622.5901421774,27.3461553712044,-1.52597053816768,0.0022057096609492,1.56129753710617,1.76596671466633,37.5686854187254,3947,"Phascolarctos cinereus",308.9,TRUE,-0.17682970554667,0.837922465921991,1.942796420213
"Mammalia","Diprotodontia","Vombatidae","Lasiorhinus","latifrons",25000,25,13.9444444444444,"W",35.3,"C","Wells (1978)","Lasiorhinus latifrons",-5126.81836119685,-1622.5901421774,27.3461553712044,-1.52597053816768,0.0022057096609492,3.2188758248682,2.63508118123562,37.6234946534098,3948,"Lasiorhinus latifrons",308.45,TRUE,1.12140586853243,3.06916601558433,1.51367531270319
"Mammalia","Diprotodontia","Burramyidae","Cercartetus","lepidus",12.6,0.0126,0.105555555555555,"W",33.7,"C","Geiser (1987)","Cercartetus lepidus",-5126.81836119685,-1622.5901421774,27.3461553712044,-1.52597053816768,0.0022057096609492,-4.3740584650247,-2.24851787172377,37.8196738662026,3949,"Cercartetus lepidus",306.85,TRUE,-4.8910788193595,0.00751331259415102,2.64256094763573
"Mammalia","Diprotodontia","Burramyidae","Cercartetus","concinnus",18.6,0.0186,0.125,"W",34.4,"C","Geiser (1987)","Cercartetus concinnus",-5126.81836119685,-1622.5901421774,27.3461553712044,-1.52597053816768,0.0022057096609492,-3.98459369826298,-2.07944154167984,37.7335942963559,3950,"Cercartetus concinnus",307.55,TRUE,-4.57152934101642,0.0103421309718314,2.49208779933658
"Mammalia","Diprotodontia","Burramyidae","Burramys","parvus",44.3,0.0443,0.205555555555555,"W",36.1,"C","Fleming (1985a)","Burramys parvus",-5126.81836119685,-1622.5901421774,27.3461553712044,-1.52597053816768,0.0022057096609492,-3.11677060193105,-1.58203893824599,37.5261662921399,3951,"Burramys parvus",309.25,TRUE,-3.85720316363052,0.0211270057472529,2.27516422538454
"Mammalia","Diprotodontia","Burramyidae","Cercartetus","nanus",70,0.07,0.336111111111111,"W",35.5,"C","Bartholomew and Hudson (1962)","Cercartetus nanus",-5126.81836119685,-1622.5901421774,27.3461553712044,-1.52597053816768,0.0022057096609492,-2.65926003693278,-1.09031348585341,37.5991152627386,3952,"Cercartetus nanus",308.65,TRUE,-3.50735695947262,0.0299760377103752,2.4170434736192
"Mammalia","Diprotodontia","Phalangeridae","Spilocuscus","maculatus",4250,4.25,5.68036111111111,"W",34.6,"C","Dawson and Degabriele (1972)","Spilocuscus maculatus",-5126.81836119685,-1622.5901421774,27.3461553712044,-1.52597053816768,0.0022057096609492,1.44691898293633,1.73701480661204,37.709072057983,3953,"Spilocuscus maculatus",307.75,TRUE,-0.287560239857712,0.75009138001197,2.02457504646975
"Mammalia","Diprotodontia","Pseudocheiridae","Petauroides","volans",1141,1.141,3.18055555555556,"W",35.4,"C","Rübsamen et al. (1984)","Petauroides volans",-5126.81836119685,-1622.5901421774,27.3461553712044,-1.52597053816768,0.0022057096609492,0.131905070879939,1.15705588453818,37.6113010074356,3954,"Petauroides volans",308.55,TRUE,-1.30953164847247,0.269946456617812,2.46658753301066
"Mammalia","Diprotodontia","Petauridae","Petaurus","breviceps",128.1,0.1281,0.494444444444444,"W",36.4,"C","Dawson and Hulbert (1970)","Petaurus breviceps",-5126.81836119685,-1622.5901421774,27.3461553712044,-1.52597053816768,0.0022057096609492,-2.05494407007945,-0.704320481158071,37.4897978544476,3955,"Petaurus breviceps",309.55,TRUE,-3.01508256845858,0.0490417860151623,2.31076208730051
"Mammalia","Diprotodontia","Tarsipedidae","Tarsipes","rostratus",10,0.01,0.161111111111111,"W",37,"C","Withers et al. (1990)","Tarsipes rostratus",-5126.81836119685,-1622.5901421774,27.3461553712044,-1.52597053816768,0.0022057096609492,-4.60517018598809,-1.82566102090374,37.4172720485064,3956,"Tarsipes rostratus",310.15,TRUE,-5.01418169277082,0.00664306588246658,3.18852067186709
"Mammalia","Diprotodontia","Potoroidae","Aepyprymnus","rufescens",2820,2.82,5.97777777777778,"W",36.6,"C","Rübsamen et al. (1983)","Aepyprymnus rufescens",-5126.81836119685,-1622.5901421774,27.3461553712044,-1.52597053816768,0.0022057096609492,1.03673688495002,1.78804888983152,37.4655913667289,3957,"Aepyprymnus rufescens",309.75,TRUE,-0.575093645327704,0.562652176592344,2.36314253515922
"Mammalia","Diprotodontia","Macropodidae","Lagorchestes","conspicillatus",2660,2.66,4.74722222222222,"W",36,"C","Dawson and Bennett (1978)","Lagorchestes conspicillatus",-5126.81836119685,-1622.5901421774,27.3461553712044,-1.52597053816768,0.0022057096609492,0.978326122793608,1.55755965166544,37.538304790051,3958,"Lagorchestes conspicillatus",309.15,TRUE,-0.63179118884509,0.531638682376505,2.18935084051053
"Mammalia","Afrosoricida","Tenrecidae","Setifer","setosus",530,0.53,0.680555555555556,"W",32.2,"C","McNab (1980)","Setifer setosus",19065.9732979664,196.969573288923,5058.09195240373,2068.11907390761,703.757520121768,-0.63487827243597,-0.384845820905429,38.0054590661348,3962,"Setifer setosus",305.35,TRUE,-1.97162328578108,0.139230661522267,1.58677746487565
"Mammalia","Afrosoricida","Chrysochloridae","Eremitalpa","granti",26.1,0.0261,0.0861111111111111,"W",34.7,"C","Fielden et al. (1990)","Eremitalpa granti",19065.9732979664,196.969573288923,5058.09195240373,2068.11907390761,703.757520121768,-3.64581996465349,-2.45211682696501,37.6968228872641,3963,"Eremitalpa granti",307.85,TRUE,-4.29916049889715,0.0135799546150971,1.84704367193214
"Mammalia","Macroscelidea","Macroscelididae","Macroscelides","proboscideus",38.8,0.0387999999999999,0.288888888888889,"W",39.1,"C","Roxburgh and Perrin (1994)","Macroscelides proboscideus",19065.9732979664,196.969573288923,5058.09195240373,2068.11907390761,703.757520121768,-3.24933503235291,-1.24171313230878,37.1656266640329,3964,"Macroscelides proboscideus",312.25,TRUE,-3.90878529600181,0.0200648591293755,2.66707216369302
"Mammalia","Macroscelidea","Macroscelididae","Elephantulus","myurus",62.97,0.06297,0.369444444444444,"W",36.73,"C","Lovegrove et al. (2001)","Elephantulus myurus",19065.9732979664,196.969573288923,5058.09195240373,2068.11907390761,703.757520121768,-2.76509685648149,-0.995754903228402,37.4498739055256,3965,"Elephantulus myurus",309.88,TRUE,-3.56887104063537,0.0281876584447469,2.57311613740697
"Mammalia","Tubulidentata","Orycteropodidae","Orycteropus","afer",48000,48,34.2694444444444,"W",34.5,"C","McNab (1984)","Orycteropus afer",19065.9732979664,196.969573288923,5058.09195240373,2068.11907390761,703.757520121768,3.87120101090789,3.53425412462131,37.7213291917577,3966,"Orycteropus afer",307.65,TRUE,1.62112776737847,5.05879224160153,1.91312635724284
"Mammalia","Hyracoidea","Procaviidae","Heterohyrax","brucei",2000,2,4.01666666666667,"W",37.8,"C","Taylor and Sale (1969)","Heterohyrax brucei",19065.9732979664,196.969573288923,5058.09195240373,2068.11907390761,703.757520121768,0.693147180559945,1.39045237126855,37.3210063542186,3967,"Heterohyrax brucei",310.95,TRUE,-0.824654912976626,0.438386247770658,2.21510728424518
"Mammalia","Cingulata","Dasypodidae","Chaetophractus","vellerosus",1110,1.11,1.73333333333333,"W",34.4,"C","McNab (1980)","Chaetophractus vellerosus",19065.9732979664,196.969573288923,5058.09195240373,2068.11907390761,703.757520121768,0.104360015324243,0.550046336919272,37.7335942963559,3968,"Chaetophractus vellerosus",307.55,TRUE,-1.34917786819006,0.259453477944938,1.89922420510933
"Mammalia","Cingulata","Dasypodidae","Chaetophractus","villosus",4540,4.54,4.50833333333333,"W",35.1,"C","McNab (1980)","Chaetophractus villosus",19065.9732979664,196.969573288923,5058.09195240373,2068.11907390761,703.757520121768,1.51292701205326,1.50592753606444,37.6479056799489,3969,"Chaetophractus villosus",308.25,TRUE,-0.226569390598223,0.797264017766373,1.73249692666266
"Mammalia","Cingulata","Dasypodidae","Euphractus","sexcinctus",8190,8.19,6.89722222222222,"W",34.2,"C","McNab (1980)","Euphractus sexcinctus",19065.9732979664,196.969573288923,5058.09195240373,2068.11907390761,703.757520121768,2.10291389786498,1.93111875405801,37.7581484491435,3970,"Euphractus sexcinctus",307.35,TRUE,0.222205883629616,1.24882846473547,1.70891287042839
"Mammalia","Cingulata","Dasypodidae","Tolypeutes","matacus",1160,1.16,1.17222222222222,"W",33,"C","McNab (1980)","Tolypeutes matacus",19065.9732979664,196.969573288923,5058.09195240373,2068.11907390761,703.757520121768,0.148420005118273,0.158901282585856,37.9061470711882,3971,"Tolypeutes matacus",306.15,TRUE,-1.33976730744248,0.261906605208098,1.49866859002834
"Mammalia","Cingulata","Dasypodidae","Priodontes","maximus",45190,45.19,16.8888888888889,"W",33.6,"C","McNab (1980)","Priodontes maximus",19065.9732979664,196.969573288923,5058.09195240373,2068.11907390761,703.757520121768,3.81087582342319,2.82665594351006,37.8320030182372,3972,"Priodontes maximus",306.75,TRUE,1.55735319075896,4.74624220758983,1.26930275275109
"Mammalia","Pilosa","Bradypodidae","Bradypus","variegatus",3790,3.79,3.82777777777778,"W",33,"C","McNab (1978b)","Bradypus variegatus",19065.9732979664,196.969573288923,5058.09195240373,2068.11907390761,703.757520121768,1.33236601909433,1.34228442012345,37.9061470711882,3973,"Bradypus variegatus",306.15,TRUE,-0.406743739773947,0.665814790290261,1.74902815989739
"Mammalia","Pilosa","Cyclopedidae","Cyclopes","didactylus",249,0.249,0.641666666666667,"W",33,"C","McNab (1984)","Cyclopes didactylus",19065.9732979664,196.969573288923,5058.09195240373,2068.11907390761,703.757520121768,-1.39030238251743,-0.443686320928362,37.9061470711882,3974,"Cyclopes didactylus",306.15,TRUE,-2.55237686464847,0.0778962968355195,2.10869054372011
"Mammalia","Scandentia","Tupaiidae","Tupaia","glis",123,0.123,0.522222222222222,"W",37,"C","Bradley and Hudson (1974)","Tupaia glis",19065.9732979664,196.969573288923,5058.09195240373,2068.11907390761,703.757520121768,-2.09557092360972,-0.649662068620207,37.4172720485064,3975,"Tupaia glis",310.15,TRUE,-3.03646038659484,0.0480045065225479,2.38679831797463
"Mammalia","Scandentia","Ptilocercidae","Ptilocercus","lowii",58,0.058,0.241666666666667,"W",35.7,"C","Whittow and Gould (1976)","Ptilocercus lowii",19065.9732979664,196.969573288923,5058.09195240373,2068.11907390761,703.757520121768,-2.84731226843572,-1.42019591279557,37.5747674464765,3976,"Ptilocercus lowii",308.85,TRUE,-3.65198234975398,0.0259396563060929,2.23178643695841
"Mammalia","Primates","Cheirogaleidae","Cheirogaleus","medius",300,0.3,1.08888888888889,"W",35,"C","McCormick (1981)","Cheirogaleus medius",-5126.81836119685,-1622.5901421774,27.3461553712044,-1.52597053816768,0.0022057096609492,-1.20397280432594,0.0851578083403068,37.6601230759184,3977,"Cheirogaleus medius",308.15,TRUE,-2.36944865798395,0.0935322803408009,2.45460646632426
"Mammalia","Primates","Lorisidae","Loris","tardigradus",263,0.263,0.661111111111111,"W",36,"C","Müller et al. (1985)","Loris tardigradus",-5126.81836119685,-1622.5901421774,27.3461553712044,-1.52597053816768,0.0022057096609492,-1.33560124680437,-0.413833357778681,37.538304790051,3978,"Loris tardigradus",309.15,TRUE,-2.45531079550161,0.0858365136927686,2.04147743772293
"Mammalia","Primates","Lorisidae","Nycticebus","coucang",1300,1.3,1.74166666666667,"W",34.5,"C","Müller (1979b)","Nycticebus coucang",-5126.81836119685,-1622.5901421774,27.3461553712044,-1.52597053816768,0.0022057096609492,0.262364264467491,0.554842509182765,37.7213291917577,3979,"Nycticebus coucang",307.65,TRUE,-1.22286148259523,0.294386578472224,1.777703991778
"Mammalia","Primates","Cebidae","Callimico","goeldii",557,0.557,1.55277777777778,"W",36,"C","Kalin et al. (2003)","Callimico goeldii",-5126.81836119685,-1622.5901421774,27.3461553712044,-1.52597053816768,0.0022057096609492,-0.585190039054853,0.440045441704943,37.538304790051,3980,"Callimico goeldii",309.15,TRUE,-1.86393979208771,0.155060519157816,2.30398523379265
"Mammalia","Primates","Cercopithecidae","Cercopithecus","mitis",8500,8.5,18.9638888888889,"W",38,"C","Müller et al. (1983)","Cercopithecus mitis",-5126.81836119685,-1622.5901421774,27.3461553712044,-1.52597053816768,0.0022057096609492,2.14006616349627,2.94253658596812,37.2970172773397,3981,"Cercopithecus mitis",311.15,TRUE,0.319126731266511,1.37592568666216,2.62340985470161
"Mammalia","Primates","Colobinae","Colobus","guereza",10500,10.5,16.6916666666667,"W",37.3,"C","Müller et al. (1983)","Colobus guereza",-5126.81836119685,-1622.5901421774,27.3461553712044,-1.52597053816768,0.0022057096609492,2.35137525716348,2.81490959288377,37.3811142723281,3982,"Colobus guereza",310.45,TRUE,0.473315480644033,1.60530774661987,2.34159411223974
"Mammalia","Rodentia","Sciuridae","Sciurus","aberti",624,0.624,2.40277777777778,"W",38.6,"C","Golightly and Ohmart (1978)","Sciurus aberti",-5126.81836119685,-1622.5901421774,27.3461553712044,-1.52597053816768,0.0022057096609492,-0.471604910612709,0.876625475481724,37.2252347260441,3983,"Sciurus aberti",311.75,TRUE,-1.72850389297454,0.177549844931183,2.60512936845626
"Mammalia","Rodentia","Sciuridae","Tamias","striatus",87.4,0.0874,0.502777777777778,"W",38.2,"C","Wang and Hudson (1971)","Tamias striatus",-5126.81836119685,-1622.5901421774,27.3461553712044,-1.52597053816768,0.0022057096609492,-2.43725999632065,-0.68760700018433,37.2730590198949,3984,"Tamias striatus",311.35,TRUE,-3.28457840318822,0.0374563732525989,2.59697140300389
"Mammalia","Rodentia","Sciuridae","Cynomys","ludovicianus",1112.3,1.1123,2.35833333333333,"W",36.7,"C","Reinking et al. (1977)","Cynomys ludovicianus",-5126.81836119685,-1622.5901421774,27.3461553712044,-1.52597053816768,0.0022057096609492,0.106429943615846,0.857955154861192,37.4534998413563,3985,"Cynomys ludovicianus",309.85,TRUE,-1.30646006229612,0.270776895151168,2.16441521715731
"Mammalia","Rodentia","Sciuridae","Marmota","flaviventris",4294,4.294,8.625,"W",36.5,"C","Reinking et al. (1977)","Marmota flaviventris",-5126.81836119685,-1622.5901421774,27.3461553712044,-1.52597053816768,0.0022057096609492,1.45721869945659,2.15466496291742,37.477690701903,3986,"Marmota flaviventris",309.65,TRUE,-0.245502486217827,0.782311338795696,2.40016744913525
"Mammalia","Rodentia","Castoridae","Castor","canadensis",15270,15.27,25.9583333333333,"W",37.1,"C","MacArthur (1989)","Castor canadensis",-5126.81836119685,-1622.5901421774,27.3461553712044,-1.52597053816768,0.0022057096609492,2.72589011923054,3.25649268843951,37.4052116868469,3987,"Castor canadensis",310.25,TRUE,0.764921826368274,2.1488263865266,2.49157086207123
"Mammalia","Rodentia","Heteromyidae","Microdipodops","megacephalus",11,0.011,0.169444444444444,"W",32.8,"C","Hinds and MacMillen (1985)","Microdipodops megacephalus",-5126.81836119685,-1622.5901421774,27.3461553712044,-1.52597053816768,0.0022057096609492,-4.50986000618377,-1.77523016727684,37.9309263796184,3988,"Microdipodops megacephalus",305.95,TRUE,-5.01441837367764,0.00664149378165992,3.2391882064008
"Mammalia","Rodentia","Heteromyidae","Microdipodops","pallidus",15.2,0.0152,0.111111111111111,"W",39.3,"C","Bartholomew and MacMillen (1961)","Microdipodops pallidus",-5126.81836119685,-1622.5901421774,27.3461553712044,-1.52597053816768,0.0022057096609492,-4.18645985112991,-2.19722457733622,37.1418368565987,3989,"Microdipodops pallidus",312.45,TRUE,-4.64380862632514,0.00962098502278803,2.44658404898892
"Mammalia","Rodentia","Heteromyidae","Dipodomys","merriami",38.3,0.0382999999999999,0.241666666666667,"W",37,"C","Carpenter (1966)","Dipodomys merriami",-5126.81836119685,-1622.5901421774,27.3461553712044,-1.52597053816768,0.0022057096609492,-3.26230538279554,-1.42019591279557,37.4172720485064,3990,"Dipodomys merriami",310.15,TRUE,-3.95592017173786,0.0191410473927976,2.53572425894229
"Mammalia","Rodentia","Heteromyidae","Dipodomys","microps",57.2,0.0572,0.372222222222222,"W",35,"C","Breyen et al. (1973)","Dipodomys microps",-5126.81836119685,-1622.5901421774,27.3461553712044,-1.52597053816768,0.0022057096609492,-2.86120138059638,-0.988264231499244,37.6601230759184,3991,"Dipodomys microps",308.15,TRUE,-3.67544850968442,0.0253380386181276,2.68718427818518
"Mammalia","Rodentia","Heteromyidae","Dipodomys","agilis",60.6,0.0606,0.355555555555556,"W",37,"C","Carpenter (1966)","Dipodomys agilis",-5126.81836119685,-1622.5901421774,27.3461553712044,-1.52597053816768,0.0022057096609492,-2.80346038590687,-1.03407376753054,37.4172720485064,3992,"Dipodomys agilis",310.15,TRUE,-3.59432159295961,0.027479319017445,2.56024782542907
"Mammalia","Rodentia","Heteromyidae","Dipodomys","deserti",106,0.106,0.513888888888889,"W",36.8,"C","McNab (1979a)","Dipodomys deserti",-5126.81836119685,-1622.5901421774,27.3461553712044,-1.52597053816768,0.0022057096609492,-2.24431618487007,-0.665748206371831,37.4414161182264,3993,"Dipodomys deserti",309.95,TRUE,-3.15722261509423,0.0425437374782608,2.4914744087224
"Mammalia","Rodentia","Heteromyidae","Heteromys","anomalus",69.3,0.0693,0.561111111111111,"W",36,"C","McNab (1979a)","Heteromys anomalus",-5126.81836119685,-1622.5901421774,27.3461553712044,-1.52597053816768,0.0022057096609492,-2.66931037278628,-0.577836334048951,37.538304790051,3994,"Heteromys anomalus",309.15,TRUE,-3.50635706979641,0.0300060254307231,2.92852073574746
"Mammalia","Rodentia","Heteromyidae","Heteromys","desmarestianus",75.8,0.0757999999999999,0.552777777777778,"W",33.8,"C","Hinds and MacMillen (1985)","Heteromys desmarestianus",-5126.81836119685,-1622.5901421774,27.3461553712044,-1.52597053816768,0.0022057096609492,-2.57965698633381,-0.592799206725663,37.8073527474972,3995,"Heteromys desmarestianus",306.95,TRUE,-3.47517077059925,0.0309565469036991,2.88237156387359
"Mammalia","Rodentia","Geomyidae","Thomomys","umbrinus",85,0.085,0.402777777777778,"W",34.6,"C","Bradley et al. (1975)","Thomomys umbrinus",-5126.81836119685,-1622.5901421774,27.3461553712044,-1.52597053816768,0.0022057096609492,-2.46510402249182,-0.909370289029582,37.709072057983,4001,"Thomomys umbrinus",307.75,TRUE,-3.37047923974359,0.0343731604110058,2.46110895071401
"Mammalia","Rodentia","Geomyidae","Thomomys","bottae",143,0.143,0.669444444444445,"W",36,"C","Vleck (1979)","Thomomys bottae",-5126.81836119685,-1622.5901421774,27.3461553712044,-1.52597053816768,0.0022057096609492,-1.94491064872223,-0.401307097959501,37.538304790051,4002,"Thomomys bottae",309.15,TRUE,-2.9354847437057,0.0531049707658615,2.5341776457462
"Mammalia","Rodentia","Geomyidae","Geomys","bursarius",197,0.197,0.769444444444444,"W",35,"C","Bradley and Yousef (1975)","Geomys bursarius",-5126.81836119685,-1622.5901421774,27.3461553712044,-1.52597053816768,0.0022057096609492,-1.62455155024415,-0.262086525262817,37.6601230759184,4003,"Geomys bursarius",308.15,TRUE,-2.7008910357359,0.0671456568970568,2.43880451047308
"Mammalia","Rodentia","Hystricidae","Hystrix","africaeaustralis",10700,10.7,11.3388888888889,"W",38.5,"C","Haim et al. (1990)","Hystrix africaeaustralis",-5126.81836119685,-1622.5901421774,27.3461553712044,-1.52597053816768,0.0022057096609492,2.37024374146786,2.42823831191963,37.2371792903715,4082,"Hystrix africaeaustralis",311.65,TRUE,0.509298601758806,1.66412357216283,1.91893971016083
"Mammalia","Lagomorpha","Ochotonidae","Ochotona","princeps",109,0.109,0.930555555555556,"W",40.1,"C","MacArthur and Wang (1973)","Ochotona princeps",-5126.81836119685,-1622.5901421774,27.3461553712044,-1.52597053816768,0.0022057096609492,-2.21640739675299,-0.0719734996250892,37.0469814073241,4096,"Ochotona princeps",313.25,TRUE,-3.07736979522232,0.0460802980174739,3.00539629559723
"Mammalia","Lagomorpha","Leporidae","Sylvilagus","audubonii",672.4,0.6724,2.44166666666667,"W",38.25,"C","Hinds (1973)","Sylvilagus audubonii",-5126.81836119685,-1622.5901421774,27.3461553712044,-1.52597053816768,0.0022057096609492,-0.396901877447677,0.892680866235021,37.2670742641113,4097,"Sylvilagus audubonii",311.4,TRUE,-1.67577059655678,0.187163896043093,2.5684514627918
"Mammalia","Lagomorpha","Leporidae","Lepus","americanus",1577,1.577,6.68611111111111,"W",39.8,"C","Hart et al. (1965)","Lepus americanus",-5126.81836119685,-1622.5901421774,27.3461553712044,-1.52597053816768,0.0022057096609492,0.455524307980901,1.90003240633292,37.0824953693697,4098,"Lepus americanus",312.95,TRUE,-0.976929845212712,0.376465132642966,2.87696225154563
"Mammalia","Lagomorpha","Leporidae","Lepus","californicus",1989,1.989,6.23611111111111,"W",38.75,"C","Hinds (1977)","Lepus californicus",-5126.81836119685,-1622.5901421774,27.3461553712044,-1.52597053816768,0.0022057096609492,0.687631999871835,1.8303567687262,37.2073322406036,4099,"Lepus californicus",311.9,TRUE,-0.812326560781761,0.443824279942239,2.64268332950796
"Mammalia","Lagomorpha","Leporidae","Lepus","townsendii",2430,2.43,7.04722222222222,"W",38.2,"C","Rogowitz (1990)","Lepus townsendii",-5126.81836119685,-1622.5901421774,27.3461553712044,-1.52597053816768,0.0022057096609492,0.887891257352457,1.95263352814913,37.2730590198949,4100,"Lepus townsendii",311.35,TRUE,-0.664151078701856,0.514710290819898,2.61678460685098
"Mammalia","Lagomorpha","Leporidae","Lepus","arcticus",3004,3.004,6.03333333333333,"W",38.9,"C","Wang et al. (1973)","Lepus arcticus",-5126.81836119685,-1622.5901421774,27.3461553712044,-1.52597053816768,0.0022057096609492,1.09994473390189,1.79729964960367,37.1894469663332,4101,"Lepus arcticus",312.05,TRUE,-0.484774757749869,0.615835893405869,2.28207440735354
"Mammalia","Lagomorpha","Leporidae","Lepus","timidus",3150,3.15,12.9833333333333,"W",39.7,"C","Pyörnilä et al. (1992)","Lepus timidus",-5126.81836119685,-1622.5901421774,27.3461553712044,-1.52597053816768,0.0022057096609492,1.14740245283754,2.56366648364865,37.0943484923902,4102,"Lepus timidus",312.85,TRUE,-0.433425273399307,0.64828473492016,2.99709175704796
"Mammalia","Erinaceomorpha","Erinaceidae","Hemiechinus","auritus",397,0.397,0.847222222222222,"W",33.75,"C","Shkolnik and Schmidt-Nielsen (1976)","Hemiechinus auritus",-5126.81836119685,-1622.5901421774,27.3461553712044,-1.52597053816768,0.0022057096609492,-0.923818998294947,-0.165792254842744,37.8135123031745,4103,"Hemiechinus auritus",306.9,TRUE,-2.17117032407433,0.11404407025869,2.00537806923158
"Mammalia","Erinaceomorpha","Erinaceidae","Paraechinus","aethiopicus",453,0.453,0.627777777777778,"W",34.19,"C","Shkolnik and Schmidt-Nielsen (1976)","Paraechinus aethiopicus",-5126.81836119685,-1622.5901421774,27.3461553712044,-1.52597053816768,0.0022057096609492,-0.791863153499103,-0.46556903217787,37.7593769956539,4104,"Paraechinus aethiopicus",307.34,TRUE,-2.05923984369601,0.127550891666686,1.59367081151814
"Mammalia","Erinaceomorpha","Erinaceidae","Atelerix","albiventris",450,0.45,0.827777777777778,"W",35.2,"C","McNab (1980b)","Atelerix albiventris",-5126.81836119685,-1622.5901421774,27.3461553712044,-1.52597053816768,0.0022057096609492,-0.798507696217772,-0.189010544944751,37.6356962083485,4105,"Atelerix albiventris",308.35,TRUE,-2.04633363775705,0.129207758677006,1.8573230928123
"Mammalia","Erinaceomorpha","Erinaceidae","Erinaceus","concolor",822.7,0.8227,1.93611111111111,"W",35.2,"C","Król (1994)","Erinaceus concolor",-5126.81836119685,-1622.5901421774,27.3461553712044,-1.52597053816768,0.0022057096609492,-0.195163664807252,0.660681379310368,37.6356962083485,4106,"Erinaceus concolor",308.35,TRUE,-1.57086077491286,0.207866179335013,2.23154215422323
"Mammalia","Erinaceomorpha","Erinaceidae","Hylomys","suillus",77.3,0.0773,0.447222222222222,"W",37.3,"C","Genoud and Ruedi (1996)","Hylomys suillus",-5126.81836119685,-1622.5901421774,27.3461553712044,-1.52597053816768,0.0022057096609492,-2.56006132338876,-0.804699666465693,37.3811142723281,4107,"Hylomys suillus",310.45,TRUE,-3.39720397435643,0.0334667130527098,2.59250430789074
"Mammalia","Soricomorpha","Soricidae","Crocidura","suaveolens",6.5,0.0065,0.105555555555555,"W",35.1,"C","Sparti (1990)","Crocidura suaveolens",-5126.81836119685,-1622.5901421774,27.3461553712044,-1.52597053816768,0.0022057096609492,-5.03595310208055,-2.24851787172377,37.6479056799489,4108,"Crocidura suaveolens",308.25,TRUE,-5.38749684522302,0.00457340696518495,3.13897897349925
"Mammalia","Soricomorpha","Soricidae","Crocidura","hildegardeae",10,0.01,0.144444444444444,"W",35.7,"C","Sparti (1990)","Crocidura hildegardeae",-5126.81836119685,-1622.5901421774,27.3461553712044,-1.52597053816768,0.0022057096609492,-4.60517018598809,-1.93486031286873,37.5747674464765,4109,"Crocidura hildegardeae",308.85,TRUE,-5.03728442124037,0.00649135218324048,3.10242410837165
"Mammalia","Soricomorpha","Soricidae","Crocidura","jouvenetae",10.2,0.0101999999999999,0.125,"W",34.3,"C","Sparti (1990)","Crocidura jouvenetae",-5126.81836119685,-1622.5901421774,27.3461553712044,-1.52597053816768,0.0022057096609492,-4.58536755869192,-2.07944154167984,37.7458673795552,4110,"Crocidura jouvenetae",307.45,TRUE,-5.04677706566889,0.00643002363070316,2.96733552398905
"Mammalia","Soricomorpha","Soricidae","Crocidura","russula",10.4,0.0104,0.127777777777778,"W",34.7,"C","Sparti (1990)","Crocidura russula",-5126.81836119685,-1622.5901421774,27.3461553712044,-1.52597053816768,0.0022057096609492,-4.56594947283481,-2.05746263496106,37.6968228872641,4111,"Crocidura russula",307.85,TRUE,-5.02428014650448,0.0065763187775098,2.96681751154342
"Mammalia","Soricomorpha","Soricidae","Crocidura","luna",11.8,0.0118,0.138888888888889,"W",34.8,"C","Sparti (1990)","Crocidura luna",-5126.81836119685,-1622.5901421774,27.3461553712044,-1.52597053816768,0.0022057096609492,-4.43965574751052,-1.97408102602201,37.6845816718437,4112,"Crocidura luna",307.95,TRUE,-4.92295714284961,0.00727757815709368,2.9488761168276
"Mammalia","Soricomorpha","Soricidae","Crocidura","poensis",17.3,0.0173,0.175,"W",35.5,"C","Sparti (1990)","Crocidura poensis",-5126.81836119685,-1622.5901421774,27.3461553712044,-1.52597053816768,0.0022057096609492,-4.0570487774784,-1.74296930505862,37.5991152627386,4113,"Crocidura poensis",308.65,TRUE,-4.608901981083,0.00996275159398799,2.86593267602438
"Mammalia","Soricomorpha","Soricidae","Crocidura","olivieri",38.9,0.0389,0.325,"W",35.3,"C","Sparti (1990)","Crocidura olivieri",-5126.81836119685,-1622.5901421774,27.3461553712044,-1.52597053816768,0.0022057096609492,-3.24676102835774,-1.1239300966524,37.6234946534098,4114,"Crocidura olivieri",308.45,TRUE,-3.97392068591636,0.0187995812013863,2.84999058926396
"Mammalia","Soricomorpha","Soricidae","Sorex","palustris",14.4,0.0144,0.388888888888889,"W",38.6,"C","Gusztak et al. (2005)","Sorex palustris",-5126.81836119685,-1622.5901421774,27.3461553712044,-1.52597053816768,0.0022057096609492,-4.24052707240018,-0.944461608840852,37.2252347260441,4115,"Sorex palustris",311.75,TRUE,-4.69865047072809,0.00910755973040008,3.75418886188723
"Mammalia","Soricomorpha","Soricidae","Blarina","brevicauda",21,0.021,0.291666666666667,"W",38.5,"C","Platt (1974)","Blarina brevicauda",-5126.81836119685,-1622.5901421774,27.3461553712044,-1.52597053816768,0.0022057096609492,-3.86323284125871,-1.23214368129263,37.2371792903715,4116,"Blarina brevicauda",311.65,TRUE,-4.40307112755168,0.0122396924658619,3.17092744625905
"Mammalia","Soricomorpha","Talpidae","Scalopus","aquaticus",48,0.048,0.377777777777778,"W",36,"C","McNab (1979b)","Scalopus aquaticus",-5126.81836119685,-1622.5901421774,27.3461553712044,-1.52597053816768,0.0022057096609492,-3.03655426807425,-0.973449145714104,37.538304790051,4117,"Scalopus aquaticus",309.15,TRUE,-3.79576824677681,0.0224656400298502,2.82231910106271
"Mammalia","Soricomorpha","Talpidae","Neurotrichus","gibbsii",11.8,0.0118,0.258333333333333,"W",38.4,"C","Campbell and Hochachka (2000)","Neurotrichus gibbsii",-5126.81836119685,-1622.5901421774,27.3461553712044,-1.52597053816768,0.0022057096609492,-4.43965574751052,-1.3535045382969,37.2491315225301,4118,"Neurotrichus gibbsii",311.55,TRUE,-4.85908171098762,0.0077576043441511,3.50557717269072
"Mammalia","Chiroptera","Pteropodidae","Melonycteris","melanops",53.3,0.0533,0.241666666666667,"W",34.9,"C","Bonaccorso and McNab (1997)","Melonycteris melanops",-5126.81836119685,-1622.5901421774,27.3461553712044,-1.52597053816768,0.0022057096609492,-2.93181894781034,-1.42019591279557,37.6723484039742,4119,"Melonycteris melanops",308.05,TRUE,-3.73289288523004,0.0239235276149914,2.31269697243446
"Mammalia","Chiroptera","Pteropodidae","Nyctimene","albiventer",30.9,0.0308999999999999,0.244444444444444,"W",35.9,"C","McNab and Bonaccorso (2001)","Nyctimene albiventer",-5126.81836119685,-1622.5901421774,27.3461553712044,-1.52597053816768,0.0022057096609492,-3.47699909507844,-1.40876721697195,37.5504511433239,4120,"Nyctimene albiventer",309.05,TRUE,-4.14464806756057,0.0158490127516553,2.73588085058862
"Mammalia","Chiroptera","Pteropodidae","Cynopterus","brachyotis",37.4,0.0373999999999999,0.263888888888889,"W",36.5,"C","McNab (1989)","Cynopterus brachyotis",-5126.81836119685,-1622.5901421774,27.3461553712044,-1.52597053816768,0.0022057096609492,-3.28608457456165,-1.33222713984961,37.477690701903,4121,"Cynopterus brachyotis",309.65,TRUE,-3.98352237142843,0.0186199373569286,2.65129523157881
"Mammalia","Chiroptera","Pteropodidae","Dobsonia","minor",73.7,0.0737,0.416666666666667,"W",36.5,"C","McNab and Bonaccorso (2001)","Dobsonia minor",-5126.81836119685,-1622.5901421774,27.3461553712044,-1.52597053816768,0.0022057096609492,-2.60775247978685,-0.8754687373539,37.477690701903,4122,"Dobsonia minor",309.65,TRUE,-3.44895422080356,0.0317788526695958,2.57348548344966
"Mammalia","Chiroptera","Pteropodidae","Rousettus","amplexicaudatus",91.5,0.0915,0.583333333333333,"W",36.5,"C","McNab and Bonaccorso (2001)","Rousettus amplexicaudatus",-5126.81836119685,-1622.5901421774,27.3461553712044,-1.52597053816768,0.0022057096609492,-2.39141630670066,-0.538996500732687,37.477690701903,4123,"Rousettus amplexicaudatus",309.65,TRUE,-3.27846777493027,0.0376859559583409,2.73947127419758
"Mammalia","Chiroptera","Pteropodidae","Rousettus","aegyptiacus",146,0.146,0.683333333333333,"W",34.8,"C","Noll (1979)","Rousettus aegyptiacus",-5126.81836119685,-1622.5901421774,27.3461553712044,-1.52597053816768,0.0022057096609492,-1.9241486572738,-0.380772495517793,37.6845816718437,4124,"Rousettus aegyptiacus",307.95,TRUE,-2.94058009852299,0.0528350703005097,2.55980760300519
"Mammalia","Chiroptera","Hipposideridae","Aselliscus","tricuspidatus",4.2,0.0042,0.0388888888888888,"W",36.2,"C","Bonaccorso and McNab (2003)","Aselliscus tricuspidatus",-5126.81836119685,-1622.5901421774,27.3461553712044,-1.52597053816768,0.0022057096609492,-5.47267075369281,-3.2470467018349,37.5140356419727,4127,"Aselliscus tricuspidatus",309.35,TRUE,-5.71202052573795,0.00330598596224254,2.46497382390305
"Mammalia","Chiroptera","Hipposideridae","Rhinonicteris","aurantia",8.3,0.0083,0.0916666666666666,"W",36.1,"C","Baudinette et al. (2000)","Rhinonicteris aurantia",-5126.81836119685,-1622.5901421774,27.3461553712044,-1.52597053816768,0.0022057096609492,-4.79149976417958,-2.38959646998368,37.5261662921399,4128,"Rhinonicteris aurantia",309.25,TRUE,-5.17699457252432,0.00564494642274744,2.78739810254065
"Mammalia","Chiroptera","Hipposideridae","Hipposideros","diadema",37.2,0.0372,0.183333333333333,"W",36.9,"C","Bonaccorso and McNab (2003)","Hipposideros diadema",-5126.81836119685,-1622.5901421774,27.3461553712044,-1.52597053816768,0.0022057096609492,-3.29144651770304,-1.69644928942373,37.4293401897896,4129,"Hipposideros diadema",310.05,TRUE,-3.98065546496756,0.0186733955688696,2.28420617554383
"Mammalia","Chiroptera","Emballonuridae","Peropteryx","macrotis",5.1,0.0050999999999999,0.0666666666666666,"W",35,"C","Genoud et al. (1990)","Peropteryx macrotis",-5126.81836119685,-1622.5901421774,27.3461553712044,-1.52597053816768,0.0022057096609492,-5.27851473925188,-2.70805020110221,37.6601230759184,4130,"Peropteryx macrotis",308.15,TRUE,-5.58044274712535,0.0037708955959576,2.87239254602314
"Mammalia","Chiroptera","Emballonuridae","Saccopteryx","bilineata",7.8,0.0078,0.0805555555555555,"W",35.5,"C","Genoud and Bonaccorso (1986)","Saccopteryx bilineata",-5126.81836119685,-1622.5901421774,27.3461553712044,-1.52597053816768,0.0022057096609492,-4.85363154528659,-2.51880820146368,37.5991152627386,4131,"Saccopteryx bilineata",308.65,TRUE,-5.23665906391457,0.00531799426851126,2.71785086245089
"Mammalia","Chiroptera","Phyllostomidae","Diphylla","ecaudata",27.8,0.0278,0.188888888888889,"W",32.4,"C","McNab (1969)","Diphylla ecaudata",-5126.81836119685,-1622.5901421774,27.3461553712044,-1.52597053816768,0.0022057096609492,-3.58271925828555,-1.66659632627405,37.9805823133506,4132,"Diphylla ecaudata",305.55,TRUE,-4.2910573736398,0.0136904417292411,2.62446104736575
"Mammalia","Chiroptera","Phyllostomidae","Desmodus","rotundus",29.4,0.0294,0.15,"W",35,"C","McNab (1969)","Desmodus rotundus",-5126.81836119685,-1622.5901421774,27.3461553712044,-1.52597053816768,0.0022057096609492,-3.5267606046375,-1.89711998488588,37.6601230759184,4133,"Desmodus rotundus",308.15,TRUE,-4.1999508386581,0.014996314041278,2.30283085377222
"Mammalia","Chiroptera","Phyllostomidae","Glossophaga","soricina",9.6,0.0096,0.119444444444444,"W",35.5,"C","McNab (1989)","Glossophaga soricina",-5126.81836119685,-1622.5901421774,27.3461553712044,-1.52597053816768,0.0022057096609492,-4.64599218050835,-2.12490391575659,37.5991152627386,4134,"Glossophaga soricina",308.65,TRUE,-5.07302624736138,0.006263436722175,2.94812233160478
"Mammalia","Chiroptera","Phyllostomidae","Choeroniscus","godmani",10.1,0.0101,0.105555555555555,"W",36.6,"C","Arends et al. (1995)","Choeroniscus godmani",-5126.81836119685,-1622.5901421774,27.3461553712044,-1.52597053816768,0.0022057096609492,-4.59521985513492,-2.24851787172377,37.4655913667289,4135,"Choeroniscus godmani",309.75,TRUE,-5.0134280867283,0.00664807402390228,2.76491021500453
"Mammalia","Chiroptera","Phyllostomidae","Glossophaga","longirostris",13.5,0.0135,0.147222222222222,"W",37.4,"C","Arends et al. (1995)","Glossophaga longirostris",-5126.81836119685,-1622.5901421774,27.3461553712044,-1.52597053816768,0.0022057096609492,-4.30506559353775,-1.91581211789803,37.3690772044575,4136,"Glossophaga longirostris",310.55,TRUE,-4.77061087038085,0.00847520132885349,2.85479875248282
"Mammalia","Chiroptera","Phyllostomidae","Leptonycteris","curasoae",24,0.024,0.188888888888889,"W",35.3,"C","Arends et al. (1995)","Leptonycteris curasoae",-5126.81836119685,-1622.5901421774,27.3461553712044,-1.52597053816768,0.0022057096609492,-3.72970144863419,-1.66659632627405,37.6234946534098,4137,"Leptonycteris curasoae",308.45,TRUE,-4.35450796656816,0.0128487600486128,2.68791164029411
"Mammalia","Chiroptera","Phyllostomidae","Tonatia","bidens",27.4,0.0273999999999999,0.219444444444444,"W",37,"C","McNab (1969)","Tonatia bidens",-5126.81836119685,-1622.5901421774,27.3461553712044,-1.52597053816768,0.0022057096609492,-3.59721226558812,-1.51665617898313,37.4172720485064,4138,"Tonatia bidens",310.15,TRUE,-4.21984775874876,0.0147008824152795,2.70319157976563
"Mammalia","Chiroptera","Phyllostomidae","Phyllostomus","discolor",33.5,0.0335,0.191666666666667,"W",34.6,"C","McNab (1969)","Phyllostomus discolor",-5126.81836119685,-1622.5901421774,27.3461553712044,-1.52597053816768,0.0022057096609492,-3.39620984015112,-1.6519975268529,37.709072057983,4139,"Phyllostomus discolor",307.75,TRUE,-4.10424890627753,0.0165024090405139,2.45225137942464
"Mammalia","Chiroptera","Phyllostomidae","Phyllostomus","elongatus",35.6,0.0356,0.216666666666667,"W",35.7,"C","McNab (1969)","Phyllostomus elongatus",-5126.81836119685,-1622.5901421774,27.3461553712044,-1.52597053816768,0.0022057096609492,-3.33540964112415,-1.52939520476056,37.5747674464765,4140,"Phyllostomus elongatus",308.85,TRUE,-4.03663363170391,0.0176568118119476,2.50723842694335
"Mammalia","Chiroptera","Phyllostomidae","Phyllostomus","hastatus",84.2,0.0842,0.394444444444444,"W",34.7,"C","McNab (1969)","Phyllostomus hastatus",-5126.81836119685,-1622.5901421774,27.3461553712044,-1.52597053816768,0.0022057096609492,-2.47456035773386,-0.930276973848895,37.6968228872641,4141,"Phyllostomus hastatus",307.85,TRUE,-3.37613461408996,0.0341793159695025,2.44585764024106
"Mammalia","Chiroptera","Phyllostomidae","Rhinophylla","fischerae",9.5,0.0095,0.0916666666666666,"W",34.7,"C","McNab (1969)","Rhinophylla fischerae",-5126.81836119685,-1622.5901421774,27.3461553712044,-1.52597053816768,0.0022057096609492,-4.65646348037564,-2.38959646998368,37.6968228872641,4142,"Rhinophylla fischerae",307.85,TRUE,-5.09561085013691,0.00612356491168535,2.70601438015324
"Mammalia","Chiroptera","Phyllostomidae","Carollia","perspicillata",14.9,0.0149,0.175,"W",36.4,"C","McNab (1969)","Carollia perspicillata",-5126.81836119685,-1622.5901421774,27.3461553712044,-1.52597053816768,0.0022057096609492,-4.20639406603072,-1.74296930505862,37.4897978544476,4143,"Carollia perspicillata",309.55,TRUE,-4.71055983447141,0.00899973780838979,2.96759052941279
"Mammalia","Chiroptera","Phyllostomidae","Uroderma","bilobatum",16.2,0.0162,0.147222222222222,"W",35.1,"C","McNab (1969)","Uroderma bilobatum",-5126.81836119685,-1622.5901421774,27.3461553712044,-1.52597053816768,0.0022057096609492,-4.1227440367438,-1.91581211789803,37.6479056799489,4144,"Uroderma bilobatum",308.25,TRUE,-4.66783093975972,0.0093926206075791,2.75201882186169
"Mammalia","Chiroptera","Phyllostomidae","Artibeus","concolor",19.7,0.0197,0.183333333333333,"W",35.3,"C","McNab (1969)","Artibeus concolor",-5126.81836119685,-1622.5901421774,27.3461553712044,-1.52597053816768,0.0022057096609492,-3.92713664323819,-1.69644928942373,37.6234946534098,4145,"Artibeus concolor",308.45,TRUE,-4.51009925829785,0.0109973685415486,2.81364996887412
"Mammalia","Chiroptera","Phyllostomidae","Platyrrhinus","lineatus",21.9,0.0219,0.180555555555555,"W",36.4,"C","McNab (1969)","Platyrrhinus lineatus",-5126.81836119685,-1622.5901421774,27.3461553712044,-1.52597053816768,0.0022057096609492,-3.82126864215968,-1.71171676155452,37.4897978544476,4146,"Platyrrhinus lineatus",309.55,TRUE,-4.40705689367999,0.0121910050070781,2.69534013212547
"Mammalia","Chiroptera","Phyllostomidae","Artibeus","lituratus",69.7,0.0697,0.483333333333333,"W",37.3,"C","McNab (1969)","Artibeus lituratus",-5126.81836119685,-1622.5901421774,27.3461553712044,-1.52597053816768,0.0022057096609492,-2.66355496121566,-0.727048732235627,37.3811142723281,4147,"Artibeus lituratus",310.45,TRUE,-3.47876343910936,0.0308455298356292,2.75171470687373
"Mammalia","Chiroptera","Mormoopidae","Pteronotus","quadridens",4.9,0.0049,0.0333333333333333,"W",31.1910447761194,"C","Rodriguez-Duran (1995)","Pteronotus quadridens",-5126.81836119685,-1622.5901421774,27.3461553712044,-1.52597053816768,0.0022057096609492,-5.31852007386556,-3.40119738166216,38.1314552375975,4148,"Pteronotus quadridens",304.341044776119,TRUE,-5.68110835732956,0.00340977709680352,2.2799109756674
"Mammalia","Chiroptera","Mormoopidae","Pteronotus","davyi",9.4,0.0094,0.0861111111111111,"W",38.8,"C","Bonaccorso et al. (1992)","Pteronotus davyi",-5126.81836119685,-1622.5901421774,27.3461553712044,-1.52597053816768,0.0022057096609492,-4.66704558970618,-2.45211682696501,37.2013685713873,4149,"Pteronotus davyi",311.95,TRUE,-5.0312728750404,0.0065304927766591,2.57915604807539
"Mammalia","Chiroptera","Mormoopidae","Pteronotus","personatus",14,0.014,0.127777777777778,"W",37.5,"C","Bonaccorso et al. (1992)","Pteronotus personatus",-5126.81836119685,-1622.5901421774,27.3461553712044,-1.52597053816768,0.0022057096609492,-4.26869794936688,-2.05746263496106,37.3570478861879,4150,"Pteronotus personatus",310.65,TRUE,-4.74018633039194,0.00873701806179374,2.68272369543087
"Mammalia","Chiroptera","Noctilionidae","Noctilio","albiventris",27,0.027,0.133333333333333,"W",32,"C","McNab (1969)","Noctilio albiventris",-5126.81836119685,-1622.5901421774,27.3461553712044,-1.52597053816768,0.0022057096609492,-3.61191841297781,-2.01490302054227,38.0303684281313,4151,"Noctilio albiventris",305.15,TRUE,-4.32137117461337,0.0132816595767445,2.3064681540711
"Mammalia","Chiroptera","Noctilionidae","Noctilio","leporinus",61,0.061,0.261111111111111,"W",33.8,"C","McNab (1969)","Noctilio leporinus",-5126.81836119685,-1622.5901421774,27.3461553712044,-1.52597053816768,0.0022057096609492,-2.79688141480883,-1.34280924918015,37.8073527474972,4152,"Noctilio leporinus",306.95,TRUE,-3.64635721731895,0.0260859814715145,2.3035479681388
"Mammalia","Chiroptera","Molossidae","Molossus","molossus",15.6,0.0156,0.0972222222222222,"W",31.4,"C","McNab (1969)","Molossus molossus",-5126.81836119685,-1622.5901421774,27.3461553712044,-1.52597053816768,0.0022057096609492,-4.16048436472665,-2.33075596996074,38.1052928118347,4153,"Molossus molossus",304.55,TRUE,-4.76466601057683,0.00852573527234101,2.43391004061608
"Mammalia","Artiodactyla","Tayassuidae","Pecari","tajacu",20200,20.2,32.45,"W",38,"C","Zervanos (1975)","Pecari tajacu",-5126.81836119685,-1622.5901421774,27.3461553712044,-1.52597053816768,0.0022057096609492,3.00568260440716,3.4797004431501,37.2970172773397,4185,"Pecari tajacu",311.15,TRUE,1.0012866696398,2.72178161020879,2.47841377351029
"Mammalia","Artiodactyla","Camelidae","Camelus","dromedarius",407000,407,224.744444444444,"W",38.13,"C","Schmidt-Nielsen et al. (1967)","Camelus dromedarius",-5126.81836119685,-1622.5901421774,27.3461553712044,-1.52597053816768,0.0022057096609492,6.00881318544259,5.41496395422283,37.2814409080065,4186,"Camelus dromedarius",311.28,TRUE,3.37022641809491,29.0851117079101,2.04473753612792
"Mammalia","Artiodactyla","Cervidae","Alces","americanus",350000,350,318.431635787252,"W",38.6,"C","Reneckker and Hudson (1986)","Alces americanus",-5126.81836119685,-1622.5901421774,27.3461553712044,-1.52597053816768,0.0022057096609492,5.85793315448346,5.76340780766279,37.2252347260441,4187,"Alces americanus",311.75,TRUE,3.25956829737555,26.038293916008,2.50383951028724
"Mammalia","Artiodactyla","Bovidae","Oryx","leucoryx",84100,84.1,103.936111111111,"W",38.6,"C","Williams et al. (2001)","Oryx leucoryx",-5126.81836119685,-1622.5901421774,27.3461553712044,-1.52597053816768,0.0022057096609492,4.4320065669789,4.64377639413252,37.2252347260441,4188,"Oryx leucoryx",311.75,TRUE,2.13584889108358,8.46422866623889,2.50792750304894
"Mammalia","Artiodactyla","Bovidae","Madoqua","kirkii",4600,4.6,10.7777777777778,"W",37.9,"C","Kamau (1988)","Madoqua kirkii",-5126.81836119685,-1622.5901421774,27.3461553712044,-1.52597053816768,0.0022057096609492,1.52605630349505,2.37748640116716,37.3090079596343,4189,"Madoqua kirkii",311.05,TRUE,-0.16651036464936,0.846614042032276,2.54399676581652
"Mammalia","Artiodactyla","Bovidae","Philantomba","monticola",4400,4.4,10.5527777777778,"W",39.1,"C","Haim and Skinner (1991)","Philantomba monticola",-5126.81836119685,-1622.5901421774,27.3461553712044,-1.52597053816768,0.0022057096609492,1.48160454092422,2.35638912173747,37.1656266640329,4190,"Philantomba monticola",312.25,TRUE,-0.180508780876401,0.834845349990926,2.53689790261387
"Mammalia","Artiodactyla","Bovidae","Kobus","ellipsiprymnus",1e+05,100,148.927777777778,"W",38.7,"C","Taylor et al. (1969a)","Kobus ellipsiprymnus",-5126.81836119685,-1622.5901421774,27.3461553712044,-1.52597053816768,0.0022057096609492,4.60517018598809,5.00346147553337,37.2132978221718,4191,"Kobus ellipsiprymnus",311.85,TRUE,2.27406366582904,9.7188146925842,2.72939780970433
