"lambda","logL","P","n_species","source","message"
0.974620371269545,-605.269356963739,5.01136641878249e-139,543,"lm_residuals",""
