"scale","n","rmse","mae","r2"
"BMR",1466,2.29854147191678,0.591068647907718,-0.0592578167076603
"log_BMR",1466,3.74020762780586,3.54106909965416,-0.418059564376835
