"taxon_name","class","order","family","Genus","species","wet_Mass_g","wet_Mass_kg","temperature","temperature_unit","Reference","log_mass","log_BMR","inv_kT","row_id","temp_K","pc1","pc2","pc3","pc4","pc5","removed_due_bad_branch","in_phylogeny","fixed_only_log_BMR","conditional_log_BMR"
"Ambystoma gracile","Amphibia","Caudata","Ambystomatidae","Ambystoma","gracile",22,0.022,15,"C","J. F. Gillooly, J. P. Gomez, E. V. Mavrodiev,  A broad-scale comparison of aerobic activity levels in vertebrates: endotherms versus ectotherms. Proc. Biol. Sci. 284, 20162328 (2017).",-3.81671282562382,-4.4898593394771,40.2740479814134,0,288.15,-4787.35547680534,-1628.02388294841,32.4701150460995,-1.88743442551193,-0.00293293133310313,FALSE,TRUE,-4.82661556287057,-5.27372499866517
"Ambystoma gracile","Amphibia","Caudata","Ambystomatidae","Ambystoma","gracile",30.39,0.03039,15,"C","A. M. Makarieva et al., Mean mass-specific metabolic rates are strikingly similar across life's major domains: Evidence for life's metabolic optimum. Proc. Natl. Acad. Sci. U.S.A. 105, 16994-16999 (2008).",-3.49364167205344,-5.64780675992921,40.2740479814134,31,288.15,-4787.35547680534,-1628.02388294841,32.4701150460995,-1.88743442551193,-0.00293293133310313,FALSE,TRUE,-4.58005494466725,-5.02716438046184
"Ambystoma laterale","Amphibia","Caudata","Ambystomatidae","Ambystoma","laterale",4,0.004,21,"C","J. F. Gillooly, J. P. Gomez, E. V. Mavrodiev,  A broad-scale comparison of aerobic activity levels in vertebrates: endotherms versus ectotherms. Proc. Biol. Sci. 284, 20162328 (2017).",-5.52146091786225,-4.59412034980151,39.4525477676161,1,294.15,-5161.75961412521,3001.3884308578,9.63443467555201,-0.806028876738105,-0.00210493701184144,FALSE,TRUE,-5.61853704574654,-6.09394456372131
"Ambystoma macrodactylum","Amphibia","Caudata","Ambystomatidae","Ambystoma","macrodactylum",2,0.002,15,"C","J. F. Gillooly, J. P. Gomez, E. V. Mavrodiev,  A broad-scale comparison of aerobic activity levels in vertebrates: endotherms versus ectotherms. Proc. Biol. Sci. 284, 20162328 (2017).",-6.21460809842219,-6.43083120689183,40.2740479814134,2,288.15,-5161.75961412521,3001.3884308578,9.63443467555201,-0.806028876738105,-0.00210493701184144,FALSE,TRUE,-6.65663515550251,-7.13245264415792
"Ambystoma macrodactylum","Amphibia","Caudata","Ambystomatidae","Ambystoma","macrodactylum",3.414,0.003414,15,"C","A. M. Makarieva et al., Mean mass-specific metabolic rates are strikingly similar across life's major domains: Evidence for life's metabolic optimum. Proc. Natl. Acad. Sci. U.S.A. 105, 16994-16999 (2008).",-5.67987065460989,-7.40024012775143,40.2740479814134,32,288.15,-5161.75961412521,3001.3884308578,9.63443467555201,-0.806028876738105,-0.00210493701184144,FALSE,TRUE,-6.24853559828189,-6.72435308693729
"Amphiuma tridactylum","Amphibia","Caudata","Amphiumidae","Amphiuma","tridactylum",493,0.493,25,"C","J. F. Gillooly, J. P. Gomez, E. V. Mavrodiev,  A broad-scale comparison of aerobic activity levels in vertebrates: endotherms versus ectotherms. Proc. Biol. Sci. 284, 20162328 (2017).",-0.707246104939447,-1.75703603316967,38.9232497932056,3,298.15,-4787.35547680534,-1628.02388294841,32.4701150460995,-1.88743442551193,-0.00293293133310313,FALSE,TRUE,-1.61641794954031,-2.59283887735905
"Amphiuma tridactylum","Amphibia","Caudata","Amphiumidae","Amphiuma","tridactylum",652,0.652,15,"C","A. M. Makarieva et al., Mean mass-specific metabolic rates are strikingly similar across life's major domains: Evidence for life's metabolic optimum. Proc. Natl. Acad. Sci. U.S.A. 105, 16994-16999 (2008).",-0.427710717055484,-4.2909435583142,40.2740479814134,36,288.15,-4787.35547680534,-1628.02388294841,32.4701150460995,-1.88743442551193,-0.00293293133310313,FALSE,TRUE,-2.24020558554356,-3.21662651336232
"Anaxyrus boreas","Amphibia","Anura","Bufonidae","Anaxyrus","boreas",25,0.025,26,"C","J. F. Gillooly, J. P. Gomez, E. V. Mavrodiev,  A broad-scale comparison of aerobic activity levels in vertebrates: endotherms versus ectotherms. Proc. Biol. Sci. 284, 20162328 (2017).",-3.68887945411394,-1.68619897356756,38.7931369742412,4,299.15,-4787.35547680534,-1628.02388294841,32.4701150460995,-1.88743442551193,-0.00293293133310313,FALSE,TRUE,-3.81129917461982,-2.93949006165475
"Anaxyrus boreas","Amphibia","Anura","Bufonidae","Anaxyrus","boreas",57.8,0.0578,20,"C","A. M. Makarieva et al., Mean mass-specific metabolic rates are strikingly similar across life's major domains: Evidence for life's metabolic optimum. Proc. Natl. Acad. Sci. U.S.A. 105, 16994-16999 (2008).",-2.85076650330381,-5.14340126544468,39.5871292029482,37,293.15,-4787.35547680534,-1628.02388294841,32.4701150460995,-1.88743442551193,-0.00293293133310313,FALSE,TRUE,-3.66372671405184,-2.79191760108678
"Anaxyrus boreas","Amphibia","Anura","Bufonidae","Anaxyrus","boreas",58,0.058,20,"C","J. F. Gillooly, J. P. Gomez, E. V. Mavrodiev,  A broad-scale comparison of aerobic activity levels in vertebrates: endotherms versus ectotherms. Proc. Biol. Sci. 284, 20162328 (2017).",-2.84731226843572,-1.41172613571209,39.5871292029482,6,293.15,-4787.35547680534,-1628.02388294841,32.4701150460995,-1.88743442551193,-0.00293293133310313,FALSE,TRUE,-3.66109051990364,-2.78928140693855
"Anaxyrus boreas","Amphibia","Anura","Bufonidae","Anaxyrus","boreas",47,0.047,20,"C","J. F. Gillooly, J. P. Gomez, E. V. Mavrodiev,  A broad-scale comparison of aerobic activity levels in vertebrates: endotherms versus ectotherms. Proc. Biol. Sci. 284, 20162328 (2017).",-3.05760767727208,-1.75029767942046,39.5871292029482,5,293.15,-4787.35547680534,-1628.02388294841,32.4701150460995,-1.88743442551193,-0.00293293133310313,FALSE,TRUE,-3.8215832331496,-2.94977412018453
"Anaxyrus retiformis","Amphibia","Anura","Bufonidae","Anaxyrus","retiformis",10,0.01,26,"C","J. F. Gillooly, J. P. Gomez, E. V. Mavrodiev,  A broad-scale comparison of aerobic activity levels in vertebrates: endotherms versus ectotherms. Proc. Biol. Sci. 284, 20162328 (2017).",-4.60517018598809,-2.21640739675299,38.7931369742412,7,299.15,-4787.35547680534,-1628.02388294841,32.4701150460995,-1.88743442551193,-0.00293293133310313,FALSE,TRUE,-4.51059159614409,-4.00284738681053
"Batrachoseps attenuatus","Amphibia","Caudata","Plethodontidae","Batrachoseps","attenuatus",1,0.001,23,"C","J. F. Gillooly, J. P. Gomez, E. V. Mavrodiev,  A broad-scale comparison of aerobic activity levels in vertebrates: endotherms versus ectotherms. Proc. Biol. Sci. 284, 20162328 (2017).",-6.90775527898214,-5.90630673876768,39.1861115172861,8,296.15,-4787.35547680534,-1628.02388294841,32.4701150460995,-1.88743442551193,-0.00293293133310313,FALSE,TRUE,-6.51140856357448,-7.22449570136525
"Batrachoseps attenuatus","Amphibia","Caudata","Plethodontidae","Batrachoseps","attenuatus",0.93,0.00093,25,"C","A. M. Makarieva et al., Mean mass-specific metabolic rates are strikingly similar across life's major domains: Evidence for life's metabolic optimum. Proc. Natl. Acad. Sci. U.S.A. 105, 16994-16999 (2008).",-6.98032597181697,-7.71638065338819,38.9232497932056,42,298.15,-4787.35547680534,-1628.02388294841,32.4701150460995,-1.88743442551193,-0.00293293133310313,FALSE,TRUE,-6.40389102760083,-7.11697816539161
"Bolitoglossa occidentalis","Amphibia","Caudata","Plethodontidae","Bolitoglossa","occidentalis",1,0.001,15,"C","J. F. Gillooly, J. P. Gomez, E. V. Mavrodiev,  A broad-scale comparison of aerobic activity levels in vertebrates: endotherms versus ectotherms. Proc. Biol. Sci. 284, 20162328 (2017).",-6.90775527898214,-7.40023176407995,40.2740479814134,9,288.15,-4787.35547680534,-1628.02388294841,32.4701150460995,-1.88743442551193,-0.00293293133310313,FALSE,TRUE,-7.18562945120499,-8.25478320007193
"Bolitoglossa occidentalis","Amphibia","Caudata","Plethodontidae","Bolitoglossa","occidentalis",0.9699999999999,0.0009699999999999,15,"C","A. M. Makarieva et al., Mean mass-specific metabolic rates are strikingly similar across life's major domains: Evidence for life's metabolic optimum. Proc. Natl. Acad. Sci. U.S.A. 105, 16994-16999 (2008).",-6.93821448646695,-9.09237957434262,40.2740479814134,45,288.15,-4787.35547680534,-1628.02388294841,32.4701150460995,-1.88743442551193,-0.00293293133310313,FALSE,TRUE,-7.20887523141297,-8.27802898027991
"Colostethus inguinalis","Amphibia","Anura","Dendrobatidae","Colostethus","inguinalis",2,0.002,20,"C","J. F. Gillooly, J. P. Gomez, E. V. Mavrodiev,  A broad-scale comparison of aerobic activity levels in vertebrates: endotherms versus ectotherms. Proc. Biol. Sci. 284, 20162328 (2017).",-6.21460809842219,-5.07073921816597,39.5871292029482,10,293.15,-4787.35547680534,-1628.02388294841,32.4701150460995,-1.88743442551193,-0.00293293133310313,FALSE,TRUE,-6.23093475495719,-6.00334498375944
"Colostethus inguinalis","Amphibia","Anura","Dendrobatidae","Colostethus","inguinalis",1.57,0.00157,20,"C","A. M. Makarieva et al., Mean mass-specific metabolic rates are strikingly similar across life's major domains: Evidence for life's metabolic optimum. Proc. Natl. Acad. Sci. U.S.A. 105, 16994-16999 (2008).",-6.45667965962192,-7.18441828495148,39.5871292029482,50,293.15,-4787.35547680534,-1628.02388294841,32.4701150460995,-1.88743442551193,-0.00293293133310313,FALSE,TRUE,-6.41567831104149,-6.18808853984373
"Desmognathus quadramaculatus","Amphibia","Caudata","Plethodontidae","Desmognathus","quadramaculatus",1.6,0.0016,5,"C","A. M. Makarieva et al., Mean mass-specific metabolic rates are strikingly similar across life's major domains: Evidence for life's metabolic optimum. Proc. Natl. Acad. Sci. U.S.A. 105, 16994-16999 (2008).",-6.4377516497364,-8.34829465495442,41.7219734885647,56,278.15,-4787.35547680534,-1628.02388294841,32.4701150460995,-1.88743442551193,-0.00293293133310313,FALSE,TRUE,-7.72424820075524,-8.49269701330322
"Desmognathus quadramaculatus","Amphibia","Caudata","Plethodontidae","Desmognathus","quadramaculatus",28,0.028,21,"C","J. F. Gillooly, J. P. Gomez, E. V. Mavrodiev,  A broad-scale comparison of aerobic activity levels in vertebrates: endotherms versus ectotherms. Proc. Biol. Sci. 284, 20162328 (2017).",-3.57555076880693,-4.42284862919414,39.4525477676161,11,294.15,-4787.35547680534,-1628.02388294841,32.4701150460995,-1.88743442551193,-0.00293293133310313,FALSE,TRUE,-4.13346230596579,-4.90191111851379
"Discoglossus pictus","Amphibia","Anura","Alytidae","Discoglossus","pictus",101.25,0.10125,20,"C","A. M. Makarieva et al., Mean mass-specific metabolic rates are strikingly similar across life's major domains: Evidence for life's metabolic optimum. Proc. Natl. Acad. Sci. U.S.A. 105, 16994-16999 (2008).",-2.29016257299549,-4.92125173296157,39.5871292029482,57,293.15,-4787.35547680534,-1628.02388294841,32.4701150460995,-1.88743442551193,-0.00293293133310313,FALSE,TRUE,-3.23588643770256,-3.39912487836641
"Discoglossus pictus","Amphibia","Anura","Alytidae","Discoglossus","pictus",31,0.031,20,"C","J. F. Gillooly, J. P. Gomez, E. V. Mavrodiev,  A broad-scale comparison of aerobic activity levels in vertebrates: endotherms versus ectotherms. Proc. Biol. Sci. 284, 20162328 (2017).",-3.47376807449699,-3.0924879420183,39.5871292029482,12,293.15,-4787.35547680534,-1628.02388294841,32.4701150460995,-1.88743442551193,-0.00293293133310313,FALSE,TRUE,-4.13918746267473,-4.30242590333857
"Dryophytes arenicolor","Amphibia","Anura","Hylidae","Dryophytes","arenicolor",7.78,0.00778,20,"C","A. M. Makarieva et al., Mean mass-specific metabolic rates are strikingly similar across life's major domains: Evidence for life's metabolic optimum. Proc. Natl. Acad. Sci. U.S.A. 105, 16994-16999 (2008).",-4.85619894079184,-4.29944438513745,39.5871292029482,58,293.15,-4787.35547680534,-1628.02388294841,32.4701150460995,-1.88743442551193,-0.00293293133310313,FALSE,TRUE,-5.19422752196235,-4.48830211599096
"Dryophytes arenicolor","Amphibia","Anura","Hylidae","Dryophytes","arenicolor",3,0.003,20,"C","J. F. Gillooly, J. P. Gomez, E. V. Mavrodiev,  A broad-scale comparison of aerobic activity levels in vertebrates: endotherms versus ectotherms. Proc. Biol. Sci. 284, 20162328 (2017).",-5.80914299031403,-4.1491527987171,39.5871292029482,13,293.15,-4787.35547680534,-1628.02388294841,32.4701150460995,-1.88743442551193,-0.00293293133310313,FALSE,TRUE,-5.92149292887584,-5.21556752290445
"Dryophytes cinereus","Amphibia","Anura","Hylidae","Dryophytes","cinereus",10,0.01,21,"C","J. F. Gillooly, J. P. Gomez, E. V. Mavrodiev,  A broad-scale comparison of aerobic activity levels in vertebrates: endotherms versus ectotherms. Proc. Biol. Sci. 284, 20162328 (2017).",-4.60517018598809,-3.17672138511417,39.4525477676161,14,294.15,-4787.35547680534,-1628.02388294841,32.4701150460995,-1.88743442551193,-0.00293293133310313,FALSE,TRUE,-4.91924462422228,-4.69754114424176
"Dryophytes cinereus","Amphibia","Anura","Hylidae","Dryophytes","cinereus",3.9,0.0039,25,"C","A. M. Makarieva et al., Mean mass-specific metabolic rates are strikingly similar across life's major domains: Evidence for life's metabolic optimum. Proc. Natl. Acad. Sci. U.S.A. 105, 16994-16999 (2008).",-5.54677872584654,-7.10267587135273,38.9232497932056,59,298.15,-4787.35547680534,-1628.02388294841,32.4701150460995,-1.88743442551193,-0.00293293133310313,FALSE,TRUE,-5.309840100169,-5.08813662018848
"Dryophytes squirellus","Amphibia","Anura","Hylidae","Dryophytes","squirellus",2,0.002,28,"C","J. F. Gillooly, J. P. Gomez, E. V. Mavrodiev,  A broad-scale comparison of aerobic activity levels in vertebrates: endotherms versus ectotherms. Proc. Biol. Sci. 284, 20162328 (2017).",-6.21460809842219,-3.82177612758037,38.5355036554682,15,301.15,-4787.35547680534,-1628.02388294841,32.4701150460995,-1.88743442551193,-0.00293293133310313,FALSE,TRUE,-5.57921663220304,-5.40030354973941
"Dryophytes squirellus","Amphibia","Anura","Hylidae","Dryophytes","squirellus",2.27,0.00227,27,"C","A. M. Makarieva et al., Mean mass-specific metabolic rates are strikingly similar across life's major domains: Evidence for life's metabolic optimum. Proc. Natl. Acad. Sci. U.S.A. 105, 16994-16999 (2008).",-6.08797544748883,-7.61123566368187,38.6638911405773,60,300.15,-4787.35547680534,-1628.02388294841,32.4701150460995,-1.88743442551193,-0.00293293133310313,FALSE,TRUE,-5.56213831971505,-5.38322523725142
"Engystomops pustulosus","Amphibia","Anura","Leptodactylidae","Engystomops","pustulosus",2,0.002,25,"C","J. F. Gillooly, J. P. Gomez, E. V. Mavrodiev,  A broad-scale comparison of aerobic activity levels in vertebrates: endotherms versus ectotherms. Proc. Biol. Sci. 284, 20162328 (2017).",-6.21460809842219,-3.98399650505324,38.9232497932056,16,298.15,-4787.35547680534,-1628.02388294841,32.4701150460995,-1.88743442551193,-0.00293293133310313,FALSE,TRUE,-5.81951241580866,-5.43354009416857
"Engystomops pustulosus","Amphibia","Anura","Leptodactylidae","Engystomops","pustulosus",2.9,0.0029,25,"C","A. M. Makarieva et al., Mean mass-specific metabolic rates are strikingly similar across life's major domains: Evidence for life's metabolic optimum. Proc. Natl. Acad. Sci. U.S.A. 105, 16994-16999 (2008).",-5.84304454198971,-6.27382745808216,38.9232497932056,61,298.15,-4787.35547680534,-1628.02388294841,32.4701150460995,-1.88743442551193,-0.00293293133310313,FALSE,TRUE,-5.53594348938682,-5.14997116774673
"Gastrophryne carolinensis","Amphibia","Anura","Microhylidae","Gastrophryne","carolinensis",2,0.002,20,"C","J. F. Gillooly, J. P. Gomez, E. V. Mavrodiev,  A broad-scale comparison of aerobic activity levels in vertebrates: endotherms versus ectotherms. Proc. Biol. Sci. 284, 20162328 (2017).",-6.21460809842219,-4.75470191995906,39.5871292029482,17,293.15,-4787.35547680534,-1628.02388294841,32.4701150460995,-1.88743442551193,-0.00293293133310313,FALSE,TRUE,-6.23093475495719,-5.95099509715864
"Gastrophryne carolinensis","Amphibia","Anura","Microhylidae","Gastrophryne","carolinensis",3.5,0.0035,15,"C","A. M. Makarieva et al., Mean mass-specific metabolic rates are strikingly similar across life's major domains: Evidence for life's metabolic optimum. Proc. Natl. Acad. Sci. U.S.A. 105, 16994-16999 (2008).",-5.65499231048677,-6.65738574141434,40.2740479814134,65,288.15,-4787.35547680534,-1628.02388294841,32.4701150460995,-1.88743442551193,-0.00293293133310313,FALSE,TRUE,-6.22954900712671,-5.94960934932815
"Geotrypetes seraphini","Amphibia","Gymnophiona","Dermophiidae","Geotrypetes","seraphini",1.9,0.0019,20,"C","A. M. Makarieva et al., Mean mass-specific metabolic rates are strikingly similar across life's major domains: Evidence for life's metabolic optimum. Proc. Natl. Acad. Sci. U.S.A. 105, 16994-16999 (2008).",-6.26590139280974,-7.50722998367945,39.5871292029482,66,293.15,-5302.12386794263,4744.47613397881,0.923765239666271,-0.370516431899639,-0.000675565181628346,FALSE,TRUE,-6.27008064041961,-6.8602882243998
"Geotrypetes seraphini","Amphibia","Gymnophiona","Dermophiidae","Geotrypetes","seraphini",2,0.002,20,"C","J. F. Gillooly, J. P. Gomez, E. V. Mavrodiev,  A broad-scale comparison of aerobic activity levels in vertebrates: endotherms versus ectotherms. Proc. Biol. Sci. 284, 20162328 (2017).",-6.21460809842219,-6.36413983239317,39.5871292029482,18,293.15,-5302.12386794263,4744.47613397881,0.923765239666271,-0.370516431899639,-0.000675565181628346,FALSE,TRUE,-6.23093475495719,-6.82114233893737
"Gyrinophilus porphyriticus","Amphibia","Caudata","Plethodontidae","Gyrinophilus","porphyriticus",1.9299999999999,0.0019299999999999,15,"C","A. M. Makarieva et al., Mean mass-specific metabolic rates are strikingly similar across life's major domains: Evidence for life's metabolic optimum. Proc. Natl. Acad. Sci. U.S.A. 105, 16994-16999 (2008).",-6.25023527606539,-7.83011438625815,40.2740479814134,67,288.15,-4787.35547680534,-1628.02388294841,32.4701150460995,-1.88743442551193,-0.00293293133310313,FALSE,TRUE,-6.6838250139825,-7.41831582441718
"Gyrinophilus porphyriticus","Amphibia","Caudata","Plethodontidae","Gyrinophilus","porphyriticus",7,0.007,15,"C","J. F. Gillooly, J. P. Gomez, E. V. Mavrodiev,  A broad-scale comparison of aerobic activity levels in vertebrates: endotherms versus ectotherms. Proc. Biol. Sci. 284, 20162328 (2017).",-4.96184512992682,-5.535447159837,40.2740479814134,19,288.15,-4787.35547680534,-1628.02388294841,32.4701150460995,-1.88743442551193,-0.00293293133310313,FALSE,TRUE,-5.70055471142423,-6.43504552185891
"Plethodon glutinosus","Amphibia","Caudata","Plethodontidae","Plethodon","glutinosus",4,0.004,22,"C","J. F. Gillooly, J. P. Gomez, E. V. Mavrodiev,  A broad-scale comparison of aerobic activity levels in vertebrates: endotherms versus ectotherms. Proc. Biol. Sci. 284, 20162328 (2017).",-5.52146091786225,-5.63924395351865,39.3188782850898,20,295.15,-4787.35547680534,-1628.02388294841,32.4701150460995,-1.88743442551193,-0.00293293133310313,FALSE,TRUE,-5.53569879174038,-6.41861795976878
"Plethodon glutinosus","Amphibia","Caudata","Plethodontidae","Plethodon","glutinosus",5.01,0.00501,20,"C","A. M. Makarieva et al., Mean mass-specific metabolic rates are strikingly similar across life's major domains: Evidence for life's metabolic optimum. Proc. Natl. Acad. Sci. U.S.A. 105, 16994-16999 (2008).",-5.29631936388536,-6.98371881778928,39.5871292029482,73,293.15,-4787.35547680534,-1628.02388294841,32.4701150460995,-1.88743442551193,-0.00293293133310313,FALSE,TRUE,-5.53011750286159,-6.41303667088999
"Plethodon jordani","Amphibia","Caudata","Plethodontidae","Plethodon","jordani",3.1,0.0031,5,"C","A. M. Makarieva et al., Mean mass-specific metabolic rates are strikingly similar across life's major domains: Evidence for life's metabolic optimum. Proc. Natl. Acad. Sci. U.S.A. 105, 16994-16999 (2008).",-5.77635316749104,-8.81290743556595,41.7219734885647,74,278.15,-4787.35547680534,-1628.02388294841,32.4701150460995,-1.88743442551193,-0.00293293133310313,FALSE,TRUE,-7.21948379558023,-8.01362688804451
"Plethodon jordani","Amphibia","Caudata","Plethodontidae","Plethodon","jordani",4,0.004,27,"C","J. F. Gillooly, J. P. Gomez, E. V. Mavrodiev,  A broad-scale comparison of aerobic activity levels in vertebrates: endotherms versus ectotherms. Proc. Biol. Sci. 284, 20162328 (2017).",-5.52146091786225,-4.55638002181867,38.6638911405773,21,300.15,-4787.35547680534,-1628.02388294841,32.4701150460995,-1.88743442551193,-0.00293293133310313,FALSE,TRUE,-5.12978720726741,-5.9239302997317
"Pseudacris cadaverina","Amphibia","Anura","Hylidae","Pseudacris","cadaverina",3,0.003,23,"C","J. F. Gillooly, J. P. Gomez, E. V. Mavrodiev,  A broad-scale comparison of aerobic activity levels in vertebrates: endotherms versus ectotherms. Proc. Biol. Sci. 284, 20162328 (2017).",-5.80914299031403,-3.83712169725503,39.1861115172861,22,296.15,-4787.35547680534,-1628.02388294841,32.4701150460995,-1.88743442551193,-0.00293293133310313,FALSE,TRUE,-5.67297244179064,-5.31639328713001
"Pseudoeurycea unguidentis","Amphibia","Caudata","Plethodontidae","Pseudoeurycea","unguidentis",3,0.003,15,"C","J. F. Gillooly, J. P. Gomez, E. V. Mavrodiev,  A broad-scale comparison of aerobic activity levels in vertebrates: endotherms versus ectotherms. Proc. Biol. Sci. 284, 20162328 (2017).",-5.80914299031403,-6.27176651226219,40.2740479814134,23,288.15,-4787.35547680534,-1628.02388294841,32.4701150460995,-1.88743442551193,-0.00293293133310313,FALSE,TRUE,-6.34719332942116,-7.3893642200854
"Pseudotriton ruber","Amphibia","Caudata","Plethodontidae","Pseudotriton","ruber",10.81,0.01081,5,"C","A. M. Makarieva et al., Mean mass-specific metabolic rates are strikingly similar across life's major domains: Evidence for life's metabolic optimum. Proc. Natl. Acad. Sci. U.S.A. 105, 16994-16999 (2008).",-4.52728364733102,-7.87969086482374,41.7219734885647,78,278.15,-4787.35547680534,-1628.02388294841,32.4701150460995,-1.88743442551193,-0.00293293133310313,FALSE,TRUE,-6.26622210797341,-7.087790988452
"Pseudotriton ruber","Amphibia","Caudata","Plethodontidae","Pseudotriton","ruber",11,0.011,15,"C","J. F. Gillooly, J. P. Gomez, E. V. Mavrodiev,  A broad-scale comparison of aerobic activity levels in vertebrates: endotherms versus ectotherms. Proc. Biol. Sci. 284, 20162328 (2017).",-4.50986000618377,-5.17315422359404,40.2740479814134,24,288.15,-4787.35547680534,-1628.02388294841,32.4701150460995,-1.88743442551193,-0.00293293133310313,FALSE,TRUE,-5.35560985857305,-6.17717873905166
"Pyxicephalus adspersus","Amphibia","Anura","Pyxicephalidae","Pyxicephalus","adspersus",400,0.4,20,"C","J. F. Gillooly, J. P. Gomez, E. V. Mavrodiev,  A broad-scale comparison of aerobic activity levels in vertebrates: endotherms versus ectotherms. Proc. Biol. Sci. 284, 20162328 (2017).",-0.916290731874155,0.647335908416033,39.5871292029482,25,293.15,-4787.35547680534,-1628.02388294841,32.4701150460995,-1.88743442551193,-0.00293293133310313,FALSE,TRUE,-2.18737843339625,-1.61759094290648
"Pyxicephalus adspersus","Amphibia","Anura","Pyxicephalidae","Pyxicephalus","adspersus",562.3,0.5623,20,"C","A. M. Makarieva et al., Mean mass-specific metabolic rates are strikingly similar across life's major domains: Evidence for life's metabolic optimum. Proc. Natl. Acad. Sci. U.S.A. 105, 16994-16999 (2008).",-0.575719763683981,-2.53471515228795,39.5871292029482,79,293.15,-4787.35547680534,-1628.02388294841,32.4701150460995,-1.88743442551193,-0.00293293133310313,FALSE,TRUE,-1.92746235134722,-1.35767486085744
"Rhinella marina","Amphibia","Anura","Bufonidae","Rhinella","marina",266,0.266,25,"C","J. F. Gillooly, J. P. Gomez, E. V. Mavrodiev,  A broad-scale comparison of aerobic activity levels in vertebrates: endotherms versus ectotherms. Proc. Biol. Sci. 284, 20162328 (2017).",-1.32425897020044,0.746424616347546,38.9232497932056,26,298.15,-4787.35547680534,-1628.02388294841,32.4701150460995,-1.88743442551193,-0.00293293133310313,FALSE,TRUE,-2.08730825285862,-1.55355524077145
"Rhinella marina","Amphibia","Anura","Bufonidae","Rhinella","marina",145,0.145,15,"C","A. M. Makarieva et al., Mean mass-specific metabolic rates are strikingly similar across life's major domains: Evidence for life's metabolic optimum. Proc. Natl. Acad. Sci. U.S.A. 105, 16994-16999 (2008).",-1.93102153656156,-4.76123937163799,40.2740479814134,82,288.15,-4787.35547680534,-1628.02388294841,32.4701150460995,-1.88743442551193,-0.00293293133310313,FALSE,TRUE,-3.38749849892469,-2.85374548683751
"Scaphiopus couchii","Amphibia","Anura","Scaphiopodidae","Scaphiopus","couchii",21,0.021,25,"C","J. F. Gillooly, J. P. Gomez, E. V. Mavrodiev,  A broad-scale comparison of aerobic activity levels in vertebrates: endotherms versus ectotherms. Proc. Biol. Sci. 284, 20162328 (2017).",-3.86323284125871,-1.48256055331402,38.9232497932056,27,298.15,-4787.35547680534,-1628.02388294841,32.4701150460995,-1.88743442551193,-0.00293293133310313,FALSE,TRUE,-4.02499584994656,-3.25745656614492
"Scaphiopus couchii","Amphibia","Anura","Scaphiopodidae","Scaphiopus","couchii",24.6,0.0246,21,"C","A. M. Makarieva et al., Mean mass-specific metabolic rates are strikingly similar across life's major domains: Evidence for life's metabolic optimum. Proc. Natl. Acad. Sci. U.S.A. 105, 16994-16999 (2008).",-3.70500883604382,-4.59417090052973,39.4525477676161,83,294.15,-4787.35547680534,-1628.02388294841,32.4701150460995,-1.88743442551193,-0.00293293133310313,FALSE,TRUE,-4.23226178322206,-3.46472249942042
"Spea hammondii","Amphibia","Anura","Scaphiopodidae","Spea","hammondii",11,0.011,15,"C","J. F. Gillooly, J. P. Gomez, E. V. Mavrodiev,  A broad-scale comparison of aerobic activity levels in vertebrates: endotherms versus ectotherms. Proc. Biol. Sci. 284, 20162328 (2017).",-4.50986000618377,-3.72970144863419,40.2740479814134,28,288.15,-4787.35547680534,-1628.02388294841,32.4701150460995,-1.88743442551193,-0.00293293133310313,FALSE,TRUE,-5.35560985857305,-4.76866889097818
"Spea hammondii","Amphibia","Anura","Scaphiopodidae","Spea","hammondii",12.74,0.01274,21,"C","A. M. Makarieva et al., Mean mass-specific metabolic rates are strikingly similar across life's major domains: Evidence for life's metabolic optimum. Proc. Natl. Acad. Sci. U.S.A. 105, 16994-16999 (2008).",-4.36300862883812,-5.05615580939807,39.4525477676161,88,294.15,-4787.35547680534,-1628.02388294841,32.4701150460995,-1.88743442551193,-0.00293293133310313,FALSE,TRUE,-4.73443238525843,-4.14749141766357
"Taricha torosa","Amphibia","Caudata","Salamandridae","Taricha","torosa",9.8699999999999,0.0098699999999999,10,"C","A. M. Makarieva et al., Mean mass-specific metabolic rates are strikingly similar across life's major domains: Evidence for life's metabolic optimum. Proc. Natl. Acad. Sci. U.S.A. 105, 16994-16999 (2008).",-4.61825542553676,-7.61398769909094,40.9852266496354,89,283.15,-4787.35547680534,-1628.02388294841,32.4701150460995,-1.88743442551193,-0.00293293133310313,FALSE,TRUE,-5.87906964672571,-6.48332693184337
"Taricha torosa","Amphibia","Caudata","Salamandridae","Taricha","torosa",11,0.011,15,"C","J. F. Gillooly, J. P. Gomez, E. V. Mavrodiev,  A broad-scale comparison of aerobic activity levels in vertebrates: endotherms versus ectotherms. Proc. Biol. Sci. 284, 20162328 (2017).",-4.50986000618377,-4.80091476311419,40.2740479814134,29,288.15,-4787.35547680534,-1628.02388294841,32.4701150460995,-1.88743442551193,-0.00293293133310313,FALSE,TRUE,-5.35560985857305,-5.95986714369072
"Xenopus laevis","Amphibia","Anura","Pipidae","Xenopus","laevis",139,0.139,20,"C","A. M. Makarieva et al., Mean mass-specific metabolic rates are strikingly similar across life's major domains: Evidence for life's metabolic optimum. Proc. Natl. Acad. Sci. U.S.A. 105, 16994-16999 (2008).",-1.97328134585145,-3.85059870344115,39.5871292029482,92,293.15,-4787.35547680534,-1628.02388294841,32.4701150460995,-1.88743442551193,-0.00293293133310313,FALSE,TRUE,-2.99404983174683,-2.49019735456858
"Xenopus laevis","Amphibia","Anura","Pipidae","Xenopus","laevis",36,0.036,25,"C","J. F. Gillooly, J. P. Gomez, E. V. Mavrodiev,  A broad-scale comparison of aerobic activity levels in vertebrates: endotherms versus ectotherms. Proc. Biol. Sci. 284, 20162328 (2017).",-3.32423634052603,-1.31325044693861,38.9232497932056,30,298.15,-4787.35547680534,-1628.02388294841,32.4701150460995,-1.88743442551193,-0.00293293133310313,FALSE,TRUE,-3.61364587653852,-3.10979339936028
"Ambystoma maculatum","Amphibia","Caudata","Ambystomatidae","Ambystoma","maculatum",15.83,0.01583,15,"C","A. M. Makarieva et al., Mean mass-specific metabolic rates are strikingly similar across life's major domains: Evidence for life's metabolic optimum. Proc. Natl. Acad. Sci. U.S.A. 105, 16994-16999 (2008).",-4.14584840508922,-6.20941659761276,40.2740479814134,33,288.15,-5161.75961412521,3001.3884308578,9.63443467555201,-0.806028876738105,-0.00210493701184144,FALSE,TRUE,-5.07780441414639,-5.55321193212107
"Ambystoma opacum","Amphibia","Caudata","Ambystomatidae","Ambystoma","opacum",4.65,0.00465,14,"C","A. M. Makarieva et al., Mean mass-specific metabolic rates are strikingly similar across life's major domains: Evidence for life's metabolic optimum. Proc. Natl. Acad. Sci. U.S.A. 105, 16994-16999 (2008).",-5.37088805938287,-7.64391435013537,40.4143023710404,34,287.15,-5161.75961412521,3001.3884308578,9.63443467555201,-0.806028876738105,-0.00210493701184144,FALSE,TRUE,-6.09964613237324,-6.59719785224565
"Ambystoma talpoideum","Amphibia","Caudata","Ambystomatidae","Ambystoma","talpoideum",7,0.007,15,"C","A. M. Makarieva et al., Mean mass-specific metabolic rates are strikingly similar across life's major domains: Evidence for life's metabolic optimum. Proc. Natl. Acad. Sci. U.S.A. 105, 16994-16999 (2008).",-4.96184512992682,-5.77377584647674,40.2740479814134,35,288.15,-5162.05557484667,3005.09601071209,9.61542655157513,-0.804981421919304,-0.00209704964727305,FALSE,TRUE,-5.70055471142423,-6.19920177787452
"Anaxyrus debilis","Amphibia","Anura","Bufonidae","Anaxyrus","debilis",0.66,0.00066,15,"C","A. M. Makarieva et al., Mean mass-specific metabolic rates are strikingly similar across life's major domains: Evidence for life's metabolic optimum. Proc. Natl. Acad. Sci. U.S.A. 105, 16994-16999 (2008).",-7.3232707229438,-7.6643535721227,40.2740479814134,38,288.15,-4787.35547680534,-1628.02388294841,32.4701150460995,-1.88743442551193,-0.00293293133310313,FALSE,TRUE,-7.50274146694519,-6.99499725761162
"Aneides ferreus","Amphibia","Caudata","Plethodontidae","Aneides","ferreus",2.73,0.00273,15,"C","A. M. Makarieva et al., Mean mass-specific metabolic rates are strikingly similar across life's major domains: Evidence for life's metabolic optimum. Proc. Natl. Acad. Sci. U.S.A. 105, 16994-16999 (2008).",-5.90345366978527,-7.79392911195248,40.2740479814134,39,288.15,-4787.35547680534,-1628.02388294841,32.4701150460995,-1.88743442551193,-0.00293293133310313,FALSE,TRUE,-6.41916911301131,-7.41960365221047
"Aneides hardii","Amphibia","Caudata","Plethodontidae","Aneides","hardii",0.9699999999999,0.0009699999999999,20,"C","A. M. Makarieva et al., Mean mass-specific metabolic rates are strikingly similar across life's major domains: Evidence for life's metabolic optimum. Proc. Natl. Acad. Sci. U.S.A. 105, 16994-16999 (2008).",-6.93821448646695,-8.16238999811065,39.5871292029482,40,293.15,-4787.35547680534,-1628.02388294841,32.4701150460995,-1.88743442551193,-0.00293293133310313,FALSE,TRUE,-6.78317483086766,-7.7836093700668
"Aquiloeurycea cephalica","Amphibia","Caudata","Plethodontidae","Aquiloeurycea","cephalica",1.45,0.00145,15,"C","A. M. Makarieva et al., Mean mass-specific metabolic rates are strikingly similar across life's major domains: Evidence for life's metabolic optimum. Proc. Natl. Acad. Sci. U.S.A. 105, 16994-16999 (2008).",-6.53619172254965,-8.53129211579574,40.2740479814134,41,288.15,-4787.35547680534,-1628.02388294841,32.4701150460995,-1.88743442551193,-0.00293293133310313,FALSE,TRUE,-6.90206052478315,-7.95680777807895
"Bolitoglossa franklini","Amphibia","Caudata","Plethodontidae","Bolitoglossa","franklini",3.18,0.00318,15,"C","A. M. Makarieva et al., Mean mass-specific metabolic rates are strikingly similar across life's major domains: Evidence for life's metabolic optimum. Proc. Natl. Acad. Sci. U.S.A. 105, 16994-16999 (2008).",-5.75087408219005,-8.09428116970435,40.2740479814134,43,288.15,-4787.35547680534,-1628.02388294841,32.4701150460995,-1.88743442551193,-0.00293293133310313,FALSE,TRUE,-6.30272381287563,-7.40568433573717
"Bolitoglossa morio","Amphibia","Caudata","Plethodontidae","Bolitoglossa","morio",2.09,0.00209,15,"C","A. M. Makarieva et al., Mean mass-specific metabolic rates are strikingly similar across life's major domains: Evidence for life's metabolic optimum. Proc. Natl. Acad. Sci. U.S.A. 105, 16994-16999 (2008).",-6.17059121300542,-8.3076618675223,40.2740479814134,44,288.15,-4787.35547680534,-1628.02388294841,32.4701150460995,-1.88743442551193,-0.00293293133310313,FALSE,TRUE,-6.62304246126222,-7.72600298412376
"Boulengerula taitana","Amphibia","Gymnophiona","Herpelidae","Boulengerula","taitana",5,0.005,35,"C","A. M. Makarieva et al., Mean mass-specific metabolic rates are strikingly similar across life's major domains: Evidence for life's metabolic optimum. Proc. Natl. Acad. Sci. U.S.A. 105, 16994-16999 (2008).",-5.29831736654804,-5.34331473247879,37.6601230759184,46,308.15,-5302.12386794263,4744.47613397881,0.923765239666271,-0.370516431899639,-0.000675565181628346,FALSE,TRUE,-4.33742941358415,-4.76201678091154
"Bufo bufo","Amphibia","Anura","Bufonidae","Bufo","bufo",76.1299999999999,0.0761299999999999,15,"C","A. M. Makarieva et al., Mean mass-specific metabolic rates are strikingly similar across life's major domains: Evidence for life's metabolic optimum. Proc. Natl. Acad. Sci. U.S.A. 105, 16994-16999 (2008).",-2.57531287366402,-4.14553007294484,40.2740479814134,47,288.15,-4787.35547680534,-1628.02388294841,32.4701150460995,-1.88743442551193,-0.00293293133310313,FALSE,TRUE,-3.87920711674291,-3.48959355369386
"Bufotes viridis","Amphibia","Anura","Bufonidae","Bufotes","viridis",35,0.035,20,"C","A. M. Makarieva et al., Mean mass-specific metabolic rates are strikingly similar across life's major domains: Evidence for life's metabolic optimum. Proc. Natl. Acad. Sci. U.S.A. 105, 16994-16999 (2008).",-3.35240721749272,-5.32568856334417,39.5871292029482,48,293.15,-4787.35547680534,-1628.02388294841,32.4701150460995,-1.88743442551193,-0.00293293133310313,FALSE,TRUE,-4.04656759365217,-3.68472593455286
"Ceratophrys calcarata","Amphibia","Anura","Ceratophryidae","Ceratophrys","calcarata",55.5,0.0555,25,"C","A. M. Makarieva et al., Mean mass-specific metabolic rates are strikingly similar across life's major domains: Evidence for life's metabolic optimum. Proc. Natl. Acad. Sci. U.S.A. 105, 16994-16999 (2008).",-2.89137225822975,-4.10539539840919,38.9232497932056,49,298.15,-4787.35547680534,-1628.02388294841,32.4701150460995,-1.88743442551193,-0.00293293133310313,FALSE,TRUE,-3.28329377128399,-3.05191778348735
"Crinia signifera","Amphibia","Anura","Myobatrachidae","Crinia","signifera",0.452,0.000452,25,"C","A. M. Makarieva et al., Mean mass-specific metabolic rates are strikingly similar across life's major domains: Evidence for life's metabolic optimum. Proc. Natl. Acad. Sci. U.S.A. 105, 16994-16999 (2008).",-7.70182837813204,-6.95941495626918,38.9232497932056,51,298.15,-4787.35547680534,-1628.02388294841,32.4701150460995,-1.88743442551193,-0.00293293133310313,FALSE,TRUE,-6.95452539210616,-6.79614868475918
"Cryptobranchus alleganiensis","Amphibia","Caudata","Cryptobranchidae","Cryptobranchus","alleganiensis",0.621,0.000621,25,"C","A. M. Makarieva et al., Mean mass-specific metabolic rates are strikingly similar across life's major domains: Evidence for life's metabolic optimum. Proc. Natl. Acad. Sci. U.S.A. 105, 16994-16999 (2008).",-7.3841794760308,-7.09674743483422,38.9232497932056,52,298.15,-5191.78356503357,3374.96059550838,7.75679379150014,-0.709969412775485,-0.00169080994183758,FALSE,TRUE,-6.71210291393641,-7.24491069437739
"Dendrotriton bromeliacius","Amphibia","Caudata","Plethodontidae","Dendrotriton","bromeliacius",0.5899999999999,0.0005899999999999,15,"C","A. M. Makarieva et al., Mean mass-specific metabolic rates are strikingly similar across life's major domains: Evidence for life's metabolic optimum. Proc. Natl. Acad. Sci. U.S.A. 105, 16994-16999 (2008).",-7.43538802106468,-9.43048841431059,40.2740479814134,53,288.15,-4787.35547680534,-1628.02388294841,32.4701150460995,-1.88743442551193,-0.00293293133310313,FALSE,TRUE,-7.5883068602973,-8.60807260334623
"Desmognathus fuscus","Amphibia","Caudata","Plethodontidae","Desmognathus","fuscus",1.77,0.00177,20,"C","A. M. Makarieva et al., Mean mass-specific metabolic rates are strikingly similar across life's major domains: Evidence for life's metabolic optimum. Proc. Natl. Acad. Sci. U.S.A. 105, 16994-16999 (2008).",-6.3367757323964,-7.02992291295634,39.5871292029482,54,293.15,-4787.35547680534,-1628.02388294841,32.4701150460995,-1.88743442551193,-0.00293293133310313,FALSE,TRUE,-6.32417033796803,-7.26129764001761
"Desmognathus monticola","Amphibia","Caudata","Plethodontidae","Desmognathus","monticola",2.09,0.00209,20,"C","A. M. Makarieva et al., Mean mass-specific metabolic rates are strikingly similar across life's major domains: Evidence for life's metabolic optimum. Proc. Natl. Acad. Sci. U.S.A. 105, 16994-16999 (2008).",-6.17059121300542,-7.60607581831628,39.5871292029482,55,293.15,-4787.35547680534,-1628.02388294841,32.4701150460995,-1.88743442551193,-0.00293293133310313,FALSE,TRUE,-6.19734206071691,-7.13446936276649
"Euphlyctis cyanophlyctis","Amphibia","Anura","Dicroglossidae","Euphlyctis","cyanophlyctis",0.294,0.000294,29,"C","A. M. Makarieva et al., Mean mass-specific metabolic rates are strikingly similar across life's major domains: Evidence for life's metabolic optimum. Proc. Natl. Acad. Sci. U.S.A. 105, 16994-16999 (2008).",-8.13193079062559,-6.7268146752652,38.4079659965059,62,302.15,-4787.35547680534,-1628.02388294841,32.4701150460995,-1.88743442551193,-0.00293293133310313,FALSE,TRUE,-6.96343585696732,-6.99526774819254
"Eurycea multiplicata","Amphibia","Caudata","Plethodontidae","Eurycea","multiplicata",1.57,0.00157,15,"C","A. M. Makarieva et al., Mean mass-specific metabolic rates are strikingly similar across life's major domains: Evidence for life's metabolic optimum. Proc. Natl. Acad. Sci. U.S.A. 105, 16994-16999 (2008).",-6.45667965962192,-8.18265138831197,40.2740479814134,63,288.15,-4787.35547680534,-1628.02388294841,32.4701150460995,-1.88743442551193,-0.00293293133310312,FALSE,TRUE,-6.84137871158681,-7.75939588672089
"Fejervarya cancrivora","Amphibia","Anura","Dicroglossidae","Fejervarya","cancrivora",20.45,0.02045,30,"C","A. M. Makarieva et al., Mean mass-specific metabolic rates are strikingly similar across life's major domains: Evidence for life's metabolic optimum. Proc. Natl. Acad. Sci. U.S.A. 105, 16994-16999 (2008).",-3.88977239649333,-4.37753274732832,38.2812697537333,64,303.15,-4787.35547680534,-1628.02388294841,32.4701150460995,-1.88743442551193,-0.00293293133310313,FALSE,TRUE,-3.64739947722752,-3.67923136845273
"Hyperolius tuberilinguis","Amphibia","Anura","Hyperoliidae","Hyperolius","tuberilinguis",1,0.001,20,"C","A. M. Makarieva et al., Mean mass-specific metabolic rates are strikingly similar across life's major domains: Evidence for life's metabolic optimum. Proc. Natl. Acad. Sci. U.S.A. 105, 16994-16999 (2008).",-6.90775527898214,-7.76342138903986,39.5871292029482,68,293.15,-4787.35547680534,-1628.02388294841,32.4701150460995,-1.88743442551193,-0.00293293133310313,FALSE,TRUE,-6.75992905065967,-6.96351493468372
"Kassina senegalensis","Amphibia","Anura","Hyperoliidae","Kassina","senegalensis",30.6999999999999,0.0306999999999999,20,"C","A. M. Makarieva et al., Mean mass-specific metabolic rates are strikingly similar across life's major domains: Evidence for life's metabolic optimum. Proc. Natl. Acad. Sci. U.S.A. 105, 16994-16999 (2008).",-3.48349262438899,-5.42143460379514,39.5871292029482,69,293.15,-4787.35547680534,-1628.02388294841,32.4701150460995,-1.88743442551193,-0.00293293133310313,FALSE,TRUE,-4.1466090198352,-4.35019490385928
"Leptodactylus fuscus","Amphibia","Anura","Leptodactylidae","Leptodactylus","fuscus",88.5,0.0885,25,"C","A. M. Makarieva et al., Mean mass-specific metabolic rates are strikingly similar across life's major domains: Evidence for life's metabolic optimum. Proc. Natl. Acad. Sci. U.S.A. 105, 16994-16999 (2008).",-2.42475272696825,-3.04279243504139,38.9232497932056,70,298.15,-4787.35547680534,-1628.02388294841,32.4701150460995,-1.88743442551193,-0.00293293133310313,FALSE,TRUE,-2.92718026866353,-2.67195833031368
"Limnonectes magnus","Amphibia","Anura","Dicroglossidae","Limnonectes","magnus",34.2,0.0342,30,"C","A. M. Makarieva et al., Mean mass-specific metabolic rates are strikingly similar across life's major domains: Evidence for life's metabolic optimum. Proc. Natl. Acad. Sci. U.S.A. 105, 16994-16999 (2008).",-3.37552963491358,-4.14555785980948,38.2812697537333,71,303.15,-4787.35547680534,-1628.02388294841,32.4701150460995,-1.88743442551193,-0.00293293133310313,FALSE,TRUE,-3.25494099927162,-3.26685144917937
"Plethodon cinereus","Amphibia","Caudata","Plethodontidae","Plethodon","cinereus",0.6,6e-04,17.5,"C","A. M. Makarieva et al., Mean mass-specific metabolic rates are strikingly similar across life's major domains: Evidence for life's metabolic optimum. Proc. Natl. Acad. Sci. U.S.A. 105, 16994-16999 (2008).",-7.41858090274813,-9.27648017448073,39.9276343569388,72,290.65,-4787.35547680534,-1628.02388294841,32.4701150460995,-1.88743442551193,-0.00293293133310313,FALSE,TRUE,-7.36079903439973,-8.33341447808173
"Plethodon neomexicanus","Amphibia","Caudata","Plethodontidae","Plethodon","neomexicanus",2.47,0.00247,25,"C","A. M. Makarieva et al., Mean mass-specific metabolic rates are strikingly similar across life's major domains: Evidence for life's metabolic optimum. Proc. Natl. Acad. Sci. U.S.A. 105, 16994-16999 (2008).",-6.00353712834225,-7.08529229994394,38.9232497932056,75,298.15,-4787.35547680534,-1628.02388294841,32.4701150460995,-1.88743442551193,-0.00293293133310313,FALSE,TRUE,-5.65842781171278,-6.63406803891031
"Pseudobranchus striatus","Amphibia","Caudata","Sirenidae","Pseudobranchus","striatus",2.19,0.00219,25,"C","A. M. Makarieva et al., Mean mass-specific metabolic rates are strikingly similar across life's major domains: Evidence for life's metabolic optimum. Proc. Natl. Acad. Sci. U.S.A. 105, 16994-16999 (2008).",-6.12385373515373,-7.38616211649263,38.9232497932056,76,298.15,-5181.03538635315,3241.31265793238,8.42725404240398,-0.744012986878159,-0.00182602778537886,FALSE,TRUE,-5.75025073253911,-6.93319859403631
"Pseudoeurycea goebeli","Amphibia","Caudata","Plethodontidae","Pseudoeurycea","goebeli",3.78,0.00378,5,"C","A. M. Makarieva et al., Mean mass-specific metabolic rates are strikingly similar across life's major domains: Evidence for life's metabolic optimum. Proc. Natl. Acad. Sci. U.S.A. 105, 16994-16999 (2008).",-5.57803126935064,-8.51549463478066,41.7219734885647,77,278.15,-4787.35547680534,-1628.02388294841,32.4701150460995,-1.88743442551193,-0.00293293133310313,FALSE,TRUE,-7.06812899565966,-8.11029988632392
"Siren intermedia","Amphibia","Caudata","Sirenidae","Siren","intermedia",13.6999999999999,0.0136999999999999,25,"C","A. M. Makarieva et al., Mean mass-specific metabolic rates are strikingly similar across life's major domains: Evidence for life's metabolic optimum. Proc. Natl. Acad. Sci. U.S.A. 105, 16994-16999 (2008).",-4.29035944614806,-5.98862857228881,38.9232497932056,84,298.15,-5181.03538635315,3241.31265793238,8.42725404240398,-0.744012986878159,-0.00182602778537886,FALSE,TRUE,-4.35096924184105,-5.62774741225369
"Siren lacertina","Amphibia","Caudata","Sirenidae","Siren","lacertina",269,0.269,25,"C","A. M. Makarieva et al., Mean mass-specific metabolic rates are strikingly similar across life's major domains: Evidence for life's metabolic optimum. Proc. Natl. Acad. Sci. U.S.A. 105, 16994-16999 (2008).",-1.3130438993803,-4.0776644519709,38.9232497932056,85,298.15,-5181.03538635315,3241.31265793238,8.42725404240398,-0.744012986878159,-0.00182602778537886,FALSE,TRUE,-2.07874916374142,-3.35552733415402
"Smilisca baudinii","Amphibia","Anura","Hylidae","Smilisca","baudinii",23.7,0.0237,15,"C","A. M. Makarieva et al., Mean mass-specific metabolic rates are strikingly similar across life's major domains: Evidence for life's metabolic optimum. Proc. Natl. Acad. Sci. U.S.A. 105, 16994-16999 (2008).",-3.74228023084105,-4.73383344721576,40.2740479814134,86,288.15,-4787.35547680534,-1628.02388294841,32.4701150460995,-1.88743442551193,-0.00293293133310313,FALSE,TRUE,-4.76981028520557,-4.41588110907274
"Spea bombifrons","Amphibia","Anura","Scaphiopodidae","Spea","bombifrons",13.3,0.0133,15,"C","A. M. Makarieva et al., Mean mass-specific metabolic rates are strikingly similar across life's major domains: Evidence for life's metabolic optimum. Proc. Natl. Acad. Sci. U.S.A. 105, 16994-16999 (2008).",-4.31999124375443,-4.57746747414914,40.2740479814134,87,288.15,-4787.35547680534,-1628.02388294841,32.4701150460995,-1.88743442551193,-0.00293293133310313,FALSE,TRUE,-5.21070630118417,-4.65544085725945
"Telmatobius culeus","Amphibia","Anura","Telmatobiidae","Telmatobius","culeus",122.3,0.1223,10,"C","A. M. Makarieva et al., Mean mass-specific metabolic rates are strikingly similar across life's major domains: Evidence for life's metabolic optimum. Proc. Natl. Acad. Sci. U.S.A. 105, 16994-16999 (2008).",-2.10127823628901,-4.65232468858156,40.9852266496354,90,283.15,-4787.35547680534,-1628.02388294841,32.4701150460995,-1.88743442551193,-0.00293293133310313,FALSE,TRUE,-3.95816942110592,-3.72679343330929
"Typhlonectes compressicauda","Amphibia","Gymnophiona","Typhlonectidae","Typhlonectes","compressicauda",30.62,0.03062,25,"C","A. M. Makarieva et al., Mean mass-specific metabolic rates are strikingly similar across life's major domains: Evidence for life's metabolic optimum. Proc. Natl. Acad. Sci. U.S.A. 105, 16994-16999 (2008).",-3.4861018887526,-4.82551266397364,38.9232497932056,91,298.15,-5302.12386794263,4744.47613397881,0.923765239666271,-0.370516431899639,-0.000675565181628346,FALSE,TRUE,-3.73717801240242,-4.2016179617585
"Dosidicus gigas","Cephalopoda","Teuthida","Ommastrephidae","Dosidicus","gigas",12200,12.2,5,"C","A. M. Makarieva et al., Mean mass-specific metabolic rates are strikingly similar across life's major domains: Evidence for life's metabolic optimum. Proc. Natl. Acad. Sci. U.S.A. 105, 16994-16999 (2008).",2.50143595173921,1.67040506381588,41.7219734885647,93,278.15,-4787.35547680534,-1628.02388294841,32.4701150460995,-1.88743442551193,-0.00293293133310313,FALSE,TRUE,-0.902061828194515,0.513112569792456
"Illex illecebrosus","Cephalopoda","Teuthida","Ommastrephidae","Illex","illecebrosus",443,0.443,5,"C","A. M. Makarieva et al., Mean mass-specific metabolic rates are strikingly similar across life's major domains: Evidence for life's metabolic optimum. Proc. Natl. Acad. Sci. U.S.A. 105, 16994-16999 (2008).",-0.814185508937001,-1.51174239798565,41.7219734885647,95,278.15,-4787.35547680534,-1628.02388294841,32.4701150460995,-1.88743442551193,-0.00293293133310313,FALSE,TRUE,-3.43246934999899,-2.14067439873792
"Octopus maya","Cephalopoda","Octopoda","Octopodidae","Octopus","maya",45.1,0.0451,5,"C","A. M. Makarieva et al., Mean mass-specific metabolic rates are strikingly similar across life's major domains: Evidence for life's metabolic optimum. Proc. Natl. Acad. Sci. U.S.A. 105, 16994-16999 (2008).",-3.0988730324735,-4.28664445746143,41.7219734885647,96,278.15,-4787.35547680534,-1628.02388294841,32.4701150460995,-1.88743442551193,-0.00293293133310313,FALSE,TRUE,-5.17609134156087,-4.83007778512214
"Sepioteuthis lessoniana","Cephalopoda","Teuthida","Loliginidae","Sepioteuthis","lessoniana",68.5,0.0685,5,"C","A. M. Makarieva et al., Mean mass-specific metabolic rates are strikingly similar across life's major domains: Evidence for life's metabolic optimum. Proc. Natl. Acad. Sci. U.S.A. 105, 16994-16999 (2008).",-2.68092153371396,-3.71038096369375,41.7219734885647,97,278.15,-4787.35547680534,-1628.02388294841,32.4701150460995,-1.88743442551193,-0.00293293133310313,FALSE,TRUE,-4.8571201837391,-4.36588328080615
"Sthenoteuthis oualaniensis","Cephalopoda","Teuthida","Ommastrephidae","Sthenoteuthis","oualaniensis",750,0.75,5,"C","A. M. Makarieva et al., Mean mass-specific metabolic rates are strikingly similar across life's major domains: Evidence for life's metabolic optimum. Proc. Natl. Acad. Sci. U.S.A. 105, 16994-16999 (2008).",-0.287682072451781,-1.49198826567895,41.7219734885647,98,278.15,-4787.35547680534,-1628.02388294841,32.4701150460995,-1.88743442551193,-0.00293293133310313,FALSE,TRUE,-3.03065380146939,-1.61547940348242
"Vampyroteuthis infernalis","Cephalopoda","Vampyromorphida","Vampyroteuthidae","Vampyroteuthis","infernalis",1050,1.05,5,"C","A. M. Makarieva et al., Mean mass-specific metabolic rates are strikingly similar across life's major domains: Evidence for life's metabolic optimum. Proc. Natl. Acad. Sci. U.S.A. 105, 16994-16999 (2008).",0.048790164169432,-5.7275630033216,41.7219734885647,99,278.15,-4787.35547680535,-1628.02388294842,32.470115046102,-1.88743442551379,-0.0029329313328378,FALSE,TRUE,-2.77386577891538,-2.42785222247659
"Balanus balanus","Maxillopoda","Sessilia","Balanidae","Balanus","balanus",0.00498,4.98e-06,20,"C","A. M. Makarieva et al., Mean mass-specific metabolic rates are strikingly similar across life's major domains: Evidence for life's metabolic optimum. Proc. Natl. Acad. Sci. U.S.A. 105, 16994-16999 (2008).",-12.2100806669277,-11.3928150065314,39.5871292029482,100,293.15,-4787.35547680534,-1628.02388294841,32.4701150460995,-1.88743442551193,-0.00293293133310313,FALSE,TRUE,-10.8065442037586,-11.6854357562587
"Balanus balanus","Maxillopoda","Sessilia","Balanidae","Balanus","balanus",0.0076,7.6e-06,20,"C","A. M. Makarieva et al., Mean mass-specific metabolic rates are strikingly similar across life's major domains: Evidence for life's metabolic optimum. Proc. Natl. Acad. Sci. U.S.A. 105, 16994-16999 (2008).",-11.787362310672,-10.8239971714119,39.5871292029482,101,293.15,-4787.35547680534,-1628.02388294841,32.4701150460995,-1.88743442551193,-0.00293293133310313,FALSE,TRUE,-10.4839350878023,-11.3628266403024
"Balanus balanus","Maxillopoda","Sessilia","Balanidae","Balanus","balanus",0.092,9.2e-05,15,"C","A. M. Makarieva et al., Mean mass-specific metabolic rates are strikingly similar across life's major domains: Evidence for life's metabolic optimum. Proc. Natl. Acad. Sci. U.S.A. 105, 16994-16999 (2008).",-9.29372198091523,-10.0542918377926,40.2740479814134,102,288.15,-4787.35547680534,-1628.02388294841,32.4701150460995,-1.88743442551193,-0.00293293133310313,FALSE,TRUE,-9.00654542757678,-9.88543698007686
"Balanus balanus","Maxillopoda","Sessilia","Balanidae","Balanus","balanus",0.092,9.2e-05,20,"C","A. M. Makarieva et al., Mean mass-specific metabolic rates are strikingly similar across life's major domains: Evidence for life's metabolic optimum. Proc. Natl. Acad. Sci. U.S.A. 105, 16994-16999 (2008).",-9.29372198091523,-9.66609086153421,39.5871292029482,103,293.15,-4787.35547680534,-1628.02388294841,32.4701150460995,-1.88743442551193,-0.00293293133310313,FALSE,TRUE,-8.58084502703147,-9.45973657953154
"Balanus balanus","Maxillopoda","Sessilia","Balanidae","Balanus","balanus",0.102,0.000102,10,"C","A. M. Makarieva et al., Mean mass-specific metabolic rates are strikingly similar across life's major domains: Evidence for life's metabolic optimum. Proc. Natl. Acad. Sci. U.S.A. 105, 16994-16999 (2008).",-9.19053774468,-10.2602710737977,40.9852266496354,104,283.15,-4787.35547680534,-1628.02388294841,32.4701150460995,-1.88743442551193,-0.00293293133310313,FALSE,TRUE,-9.36853239432599,-10.2474239468261
"Balanus balanus","Maxillopoda","Sessilia","Balanidae","Balanus","balanus",0.11,0.00011,20,"C","A. M. Makarieva et al., Mean mass-specific metabolic rates are strikingly similar across life's major domains: Evidence for life's metabolic optimum. Proc. Natl. Acad. Sci. U.S.A. 105, 16994-16999 (2008).",-9.11503019217186,-9.77242420302598,39.5871292029482,105,293.15,-4787.35547680534,-1628.02388294841,32.4701150460995,-1.88743442551193,-0.00293293133310313,FALSE,TRUE,-8.44447148388619,-9.32336303638627
"Balanus balanus","Maxillopoda","Sessilia","Balanidae","Balanus","balanus",0.1129,0.0001129,20,"C","A. M. Makarieva et al., Mean mass-specific metabolic rates are strikingly similar across life's major domains: Evidence for life's metabolic optimum. Proc. Natl. Acad. Sci. U.S.A. 105, 16994-16999 (2008).",-9.08900808680866,-9.75882944206511,39.5871292029482,106,293.15,-4787.35547680534,-1628.02388294841,32.4701150460995,-1.88743442551193,-0.00293293133310313,FALSE,TRUE,-8.42461199994775,-9.30350355244784
"Balanus balanus","Maxillopoda","Sessilia","Balanidae","Balanus","balanus",0.117,0.000117,5,"C","A. M. Makarieva et al., Mean mass-specific metabolic rates are strikingly similar across life's major domains: Evidence for life's metabolic optimum. Proc. Natl. Acad. Sci. U.S.A. 105, 16994-16999 (2008).",-9.05333662316652,-10.7246499393187,41.7219734885647,107,278.15,-4787.35547680534,-1628.02388294841,32.4701150460995,-1.88743442551193,-0.00293293133310313,FALSE,TRUE,-9.72040366336842,-10.5992952158685
"Daphnia pulex","Branchiopoda","Diplostraca","Daphniidae","Daphnia","pulex",5.5e-05,5.5e-08,20,"C","A. M. Makarieva et al., Mean mass-specific metabolic rates are strikingly similar across life's major domains: Evidence for life's metabolic optimum. Proc. Natl. Acad. Sci. U.S.A. 105, 16994-16999 (2008).",-16.7159326517139,-13.1277855508541,39.5871292029482,108,293.15,-4787.35547680534,-1628.02388294841,32.4701150460995,-1.88743442551193,-0.00293293133310313,FALSE,TRUE,-14.2453088183763,-12.6681896121608
"Daphnia pulex","Branchiopoda","Diplostraca","Daphniidae","Daphnia","pulex",0.000147,1.47e-07,30,"C","A. M. Makarieva et al., Mean mass-specific metabolic rates are strikingly similar across life's major domains: Evidence for life's metabolic optimum. Proc. Natl. Acad. Sci. U.S.A. 105, 16994-16999 (2008).",-15.7328332501677,-11.323410344012,38.2812697537333,109,303.15,-4787.35547680534,-1628.02388294841,32.4701150460995,-1.88743442551193,-0.00293293133310313,FALSE,TRUE,-12.6857564250118,-11.1086372187963
"Daphnia pulex","Branchiopoda","Diplostraca","Daphniidae","Daphnia","pulex",2e-04,2e-07,25,"C","A. M. Makarieva et al., Mean mass-specific metabolic rates are strikingly similar across life's major domains: Evidence for life's metabolic optimum. Proc. Natl. Acad. Sci. U.S.A. 105, 16994-16999 (2008).",-15.4249484703984,-11.2650190596302,38.9232497932056,110,298.15,-4787.35547680534,-1628.02388294841,32.4701150460995,-1.88743442551193,-0.00293293133310313,FALSE,TRUE,-12.8486364675256,-11.2715172613101
"Daphnia pulex","Branchiopoda","Diplostraca","Daphniidae","Daphnia","pulex",0.000208,2.08e-07,20,"C","A. M. Makarieva et al., Mean mass-specific metabolic rates are strikingly similar across life's major domains: Evidence for life's metabolic optimum. Proc. Natl. Acad. Sci. U.S.A. 105, 16994-16999 (2008).",-15.3857277572451,-11.5495064652332,39.5871292029482,111,293.15,-4787.35547680534,-1628.02388294841,32.4701150460995,-1.88743442551193,-0.00293293133310313,FALSE,TRUE,-13.2301264429376,-11.653007236722
"Daphnia pulex","Branchiopoda","Diplostraca","Daphniidae","Daphnia","pulex",0.000374,3.74e-07,15,"C","A. M. Makarieva et al., Mean mass-specific metabolic rates are strikingly similar across life's major domains: Evidence for life's metabolic optimum. Proc. Natl. Acad. Sci. U.S.A. 105, 16994-16999 (2008).",-14.7990100395319,-11.3092524808902,40.2740479814134,112,288.15,-4787.35547680534,-1628.02388294841,32.4701150460995,-1.88743442551193,-0.00293293133310313,FALSE,TRUE,-13.2080571135286,-11.6309379073131
"Daphnia pulex","Branchiopoda","Diplostraca","Daphniidae","Daphnia","pulex",0.000481,4.81e-07,10,"C","A. M. Makarieva et al., Mean mass-specific metabolic rates are strikingly similar across life's major domains: Evidence for life's metabolic optimum. Proc. Natl. Acad. Sci. U.S.A. 105, 16994-16999 (2008).",-14.5473985668407,-11.842687267004,40.9852266496354,113,283.15,-4787.35547680534,-1628.02388294841,32.4701150460995,-1.88743442551193,-0.00293293133310313,FALSE,TRUE,-13.4567677608839,-11.8796485546684
"Daphnia pulex","Branchiopoda","Diplostraca","Daphniidae","Daphnia","pulex",0.000581,5.81e-07,5,"C","A. M. Makarieva et al., Mean mass-specific metabolic rates are strikingly similar across life's major domains: Evidence for life's metabolic optimum. Proc. Natl. Acad. Sci. U.S.A. 105, 16994-16999 (2008).",-14.3585150800945,-12.1159985135666,41.7219734885647,114,278.15,-4787.35547680534,-1628.02388294841,32.4701150460995,-1.88743442551193,-0.00293293133310313,FALSE,TRUE,-13.7691962143696,-12.1920770081541
"Daphnia pulex","Branchiopoda","Diplostraca","Daphniidae","Daphnia","pulex",6e-04,6e-07,21.5,"C","A. M. Makarieva et al., Mean mass-specific metabolic rates are strikingly similar across life's major domains: Evidence for life's metabolic optimum. Proc. Natl. Acad. Sci. U.S.A. 105, 16994-16999 (2008).",-14.3263361817303,-9.68290728362508,39.3855996125717,115,294.65,-4787.35547680534,-1628.02388294841,32.4701150460995,-1.88743442551193,-0.00293293133310313,FALSE,TRUE,-12.2967298590795,-10.719610652864
"Euchaeta marina","Maxillopoda","Calanoida","Euchaetidae","Euchaeta","marina",0.00146,1.46e-06,24,"C","A. M. Makarieva et al., Mean mass-specific metabolic rates are strikingly similar across life's major domains: Evidence for life's metabolic optimum. Proc. Natl. Acad. Sci. U.S.A. 105, 16994-16999 (2008).",-13.437074122244,-11.8078335825137,39.0542383504771,116,297.15,-4787.35547680534,-1628.02388294841,32.4701150460995,-1.88743442551193,-0.00293293133310313,FALSE,TRUE,-11.4127124163355,-11.5643898855868
"Semibalanus balanoides","Maxillopoda","Sessilia","Archaeobalanidae","Semibalanus","balanoides",0.0046,4.6e-06,5,"C","A. M. Makarieva et al., Mean mass-specific metabolic rates are strikingly similar across life's major domains: Evidence for life's metabolic optimum. Proc. Natl. Acad. Sci. U.S.A. 105, 16994-16999 (2008).",-12.2894542544692,-12.8221847136233,41.7219734885647,129,278.15,-4787.35547680534,-1628.02388294841,32.4701150460995,-1.88743442551193,-0.00293293133310313,FALSE,TRUE,-12.1901356556394,-12.7056634862603
"Semibalanus balanoides","Maxillopoda","Sessilia","Archaeobalanidae","Semibalanus","balanoides",0.005,5e-06,20,"C","A. M. Makarieva et al., Mean mass-specific metabolic rates are strikingly similar across life's major domains: Evidence for life's metabolic optimum. Proc. Natl. Acad. Sci. U.S.A. 105, 16994-16999 (2008).",-12.2060726455302,-11.4176152851659,39.5871292029482,130,293.15,-4787.35547680534,-1628.02388294841,32.4701150460995,-1.88743442551193,-0.00293293133310313,FALSE,TRUE,-10.8034853722206,-11.3190132028414
"Semibalanus balanoides","Maxillopoda","Sessilia","Archaeobalanidae","Semibalanus","balanoides",0.0063,6.3e-06,10,"C","A. M. Makarieva et al., Mean mass-specific metabolic rates are strikingly similar across life's major domains: Evidence for life's metabolic optimum. Proc. Natl. Acad. Sci. U.S.A. 105, 16994-16999 (2008).",-11.9749609245668,-11.7361015168126,40.9852266496354,131,283.15,-4787.35547680534,-1628.02388294841,32.4701150460995,-1.88743442551193,-0.00293293133310313,FALSE,TRUE,-11.4935413683104,-12.0090691989312
"Semibalanus balanoides","Maxillopoda","Sessilia","Archaeobalanidae","Semibalanus","balanoides",0.0076,7.6e-06,15,"C","A. M. Makarieva et al., Mean mass-specific metabolic rates are strikingly similar across life's major domains: Evidence for life's metabolic optimum. Proc. Natl. Acad. Sci. U.S.A. 105, 16994-16999 (2008).",-11.787362310672,-11.205426059448,40.2740479814134,132,288.15,-4787.35547680534,-1628.02388294841,32.4701150460995,-1.88743442551193,-0.00293293133310313,FALSE,TRUE,-10.9096354883476,-11.4251633189685
"Lucifer typus","Malacostraca","Decapoda","Luciferidae","Lucifer","typus",0.000466,4.66e-07,17,"C","A. M. Makarieva et al., Mean mass-specific metabolic rates are strikingly similar across life's major domains: Evidence for life's metabolic optimum. Proc. Natl. Acad. Sci. U.S.A. 105, 16994-16999 (2008).",-14.5790802028208,-12.7437824315782,39.9964395169542,135,290.15,-4787.35547680534,-1628.02388294841,32.4701150460995,-1.88743442551193,-0.00293293133310313,FALSE,TRUE,-12.8681708537558,-13.2546603882634
"Macrobrachium heterochirus","Malacostraca","Decapoda","Palaemonidae","Macrobrachium","heterochirus",2.6,0.0026,20,"C","A. M. Makarieva et al., Mean mass-specific metabolic rates are strikingly similar across life's major domains: Evidence for life's metabolic optimum. Proc. Natl. Acad. Sci. U.S.A. 105, 16994-16999 (2008).",-5.9522438339547,-6.06877765021065,39.5871292029482,136,293.15,-4787.35547680534,-1628.02388294841,32.4701150460995,-1.88743442551193,-0.00293293133310313,FALSE,TRUE,-6.03070426539888,-6.38071226982121
"Macrobrachium olfersii","Malacostraca","Decapoda","Palaemonidae","Macrobrachium","olfersii",1.2,0.0012,20,"C","A. M. Makarieva et al., Mean mass-specific metabolic rates are strikingly similar across life's major domains: Evidence for life's metabolic optimum. Proc. Natl. Acad. Sci. U.S.A. 105, 16994-16999 (2008).",-6.72543372218818,-7.23625934595431,39.5871292029482,137,293.15,-4787.35547680534,-1628.02388294841,32.4701150460995,-1.88743442551193,-0.00293293133310313,FALSE,TRUE,-6.6207853504001,-6.97079335482245
"Stereomastis sculpta","Malacostraca","Decapoda","Crangonidae","Stereomastis","sculpta",16.76,0.01676,2.5,"C","A. M. Makarieva et al., Mean mass-specific metabolic rates are strikingly similar across life's major domains: Evidence for life's metabolic optimum. Proc. Natl. Acad. Sci. U.S.A. 105, 16994-16999 (2008).",-4.0887601839282,-7.77763963804214,42.1003697654426,156,275.65,-4787.35547680534,-1628.02388294841,32.4701150460995,-1.88743442551193,-0.00293293133310313,FALSE,TRUE,-6.16605233639872,-6.55376482295965
"Triakis semifasciata","Chondrichthyes","Carcharhiniformes","Triakidae","Triakis","semifasciata",1920,1.92,16,"C","J. F. Gillooly, J. P. Gomez, E. V. Mavrodiev,  A broad-scale comparison of aerobic activity levels in vertebrates: endotherms versus ectotherms. Proc. Biol. Sci. 284, 20162328 (2017).",0.65232518603969,0.265052954391419,40.1347637068797,177,289.15,-4787.35547680534,-1628.02388294842,32.4701150459987,-1.88743442545426,-0.0029329313302978,FALSE,TRUE,-1.3296286640686,-0.877249806139571
"Acipenser transmontanus","Chondrostei","Acipenseriformes","Acipenseridae","Acipenser","transmontanus",899.999999089576,0.899999999089576,10,"C","J. G. Rubalcaba, W. C. E. P. Verberk, A. J. Hendriks. B. Saris, H. A. Woods, Oxygen limitation may affect the temperature and size dependence of metabolism in aquatic ectotherms. Proc. Natl. Acad. Sci. U.S.A. 117, 31963-3196 (2020).",-0.105360516669408,-1.33780415198538,40.9852266496354,250,283.15,-5478.17471535787,6923.87195295277,-9.86509190714357,0.148270090189226,9.64690750252623e-05,FALSE,TRUE,-2.43493003128781,-1.91056823236084
"Acipenser transmontanus","Chondrostei","Acipenseriformes","Acipenseridae","Acipenser","transmontanus",899.999999089576,0.899999999089576,15,"C","J. G. Rubalcaba, W. C. E. P. Verberk, A. J. Hendriks. B. Saris, H. A. Woods, Oxygen limitation may affect the temperature and size dependence of metabolism in aquatic ectotherms. Proc. Natl. Acad. Sci. U.S.A. 117, 31963-3196 (2020).",-0.105360516669408,-1.29828348379718,40.2740479814134,251,288.15,-5478.17471535787,6923.87195295277,-9.86509190714357,0.148270090189226,9.64690750252623e-05,FALSE,TRUE,-1.99419518255089,-1.46983338362393
"Acipenser transmontanus","Chondrostei","Acipenseriformes","Acipenseridae","Acipenser","transmontanus",899.999999089576,0.899999999089576,10,"C","J. G. Rubalcaba, W. C. E. P. Verberk, A. J. Hendriks. B. Saris, H. A. Woods, Oxygen limitation may affect the temperature and size dependence of metabolism in aquatic ectotherms. Proc. Natl. Acad. Sci. U.S.A. 117, 31963-3196 (2020).",-0.105360516669408,-1.61224099768714,40.9852266496354,249,283.15,-5478.17471535787,6923.87195295277,-9.86509190714357,0.148270090189226,9.64690750252623e-05,FALSE,TRUE,-2.43493003128781,-1.91056823236086
"Acipenser transmontanus","Chondrostei","Acipenseriformes","Acipenseridae","Acipenser","transmontanus",950,0.95,15,"C","A. M. Makarieva et al., Mean mass-specific metabolic rates are strikingly similar across life's major domains: Evidence for life's metabolic optimum. Proc. Natl. Acad. Sci. U.S.A. 105, 16994-16999 (2008).",-0.0512932943875506,-4.49945973156598,40.2740479814134,178,288.15,-5478.17471535787,6923.87195295277,-9.86509190714357,0.148270090189226,9.64690750252623e-05,FALSE,TRUE,-1.95293229787973,-1.42857049895278
"Acipenser transmontanus","Chondrostei","Acipenseriformes","Acipenseridae","Acipenser","transmontanus",949.999999368159,0.949999999368159,15,"C","J. G. Rubalcaba, W. C. E. P. Verberk, A. J. Hendriks. B. Saris, H. A. Woods, Oxygen limitation may affect the temperature and size dependence of metabolism in aquatic ectotherms. Proc. Natl. Acad. Sci. U.S.A. 117, 31963-3196 (2020).",-0.0512932950526467,-1.27019174893016,40.2740479814134,254,288.15,-5478.17471535787,6923.87195295277,-9.86509190714357,0.148270090189226,9.64690750252623e-05,FALSE,TRUE,-1.95293229838732,-1.42857049946035
"Acipenser transmontanus","Chondrostei","Acipenseriformes","Acipenseridae","Acipenser","transmontanus",899.999999089576,0.899999999089576,10,"C","J. G. Rubalcaba, W. C. E. P. Verberk, A. J. Hendriks. B. Saris, H. A. Woods, Oxygen limitation may affect the temperature and size dependence of metabolism in aquatic ectotherms. Proc. Natl. Acad. Sci. U.S.A. 117, 31963-3196 (2020).",-0.105360516669408,-0.631411744605777,40.9852266496354,253,283.15,-5478.17471535787,6923.87195295277,-9.86509190714357,0.148270090189226,9.64690750252623e-05,FALSE,TRUE,-2.43493003128781,-1.91056823236084
"Acipenser transmontanus","Chondrostei","Acipenseriformes","Acipenseridae","Acipenser","transmontanus",899.999999089576,0.899999999089576,10,"C","J. G. Rubalcaba, W. C. E. P. Verberk, A. J. Hendriks. B. Saris, H. A. Woods, Oxygen limitation may affect the temperature and size dependence of metabolism in aquatic ectotherms. Proc. Natl. Acad. Sci. U.S.A. 117, 31963-3196 (2020).",-0.105360516669408,-1.87080267656851,40.9852266496354,248,283.15,-5478.17471535787,6923.87195295277,-9.86509190714357,0.148270090189226,9.64690750252623e-05,FALSE,TRUE,-2.43493003128781,-1.91056823236086
"Acipenser transmontanus","Chondrostei","Acipenseriformes","Acipenseridae","Acipenser","transmontanus",899.999999089576,0.899999999089576,10,"C","J. G. Rubalcaba, W. C. E. P. Verberk, A. J. Hendriks. B. Saris, H. A. Woods, Oxygen limitation may affect the temperature and size dependence of metabolism in aquatic ectotherms. Proc. Natl. Acad. Sci. U.S.A. 117, 31963-3196 (2020).",-0.105360516669408,-0.973161038397474,40.9852266496354,252,283.15,-5478.17471535787,6923.87195295277,-9.86509190714357,0.148270090189226,9.64690750252623e-05,FALSE,TRUE,-2.43493003128781,-1.9105682323608
"Anguilla anguilla","Teleostei","Anguilliformes","Anguillidae","Anguilla","anguilla",74.9999999323558,0.0749999999323558,30,"C","J. G. Rubalcaba, W. C. E. P. Verberk, A. J. Hendriks. B. Saris, H. A. Woods, Oxygen limitation may affect the temperature and size dependence of metabolism in aquatic ectotherms. Proc. Natl. Acad. Sci. U.S.A. 117, 31963-3196 (2020).",-2.59026716634775,-3.75817228058289,38.2812697537333,271,303.15,-5478.17471535787,6923.87195295277,-9.86509190714357,0.148270090189226,9.64690750252623e-05,FALSE,TRUE,-2.65564639323284,-2.91663344577319
"Anguilla anguilla","Teleostei","Anguilliformes","Anguillidae","Anguilla","anguilla",39.9999999697935,0.0399999999697935,17,"C","J. G. Rubalcaba, W. C. E. P. Verberk, A. J. Hendriks. B. Saris, H. A. Woods, Oxygen limitation may affect the temperature and size dependence of metabolism in aquatic ectotherms. Proc. Natl. Acad. Sci. U.S.A. 117, 31963-3196 (2020).",-3.21887582562336,-3.9325256678751,39.9964395169542,263,290.15,-5478.17471535787,6923.87195295277,-9.86509190714357,0.148270090189226,9.64690750252623e-05,FALSE,TRUE,-4.19831907898962,-4.45930613152997
"Anguilla anguilla","Teleostei","Anguilliformes","Anguillidae","Anguilla","anguilla",74.9999999323558,0.0749999999323558,25,"C","J. G. Rubalcaba, W. C. E. P. Verberk, A. J. Hendriks. B. Saris, H. A. Woods, Oxygen limitation may affect the temperature and size dependence of metabolism in aquatic ectotherms. Proc. Natl. Acad. Sci. U.S.A. 117, 31963-3196 (2020).",-2.59026716634775,-4.04585435319345,38.9232497932056,270,298.15,-5478.17471535787,6923.87195295277,-9.86509190714357,0.148270090189226,9.64690750252623e-05,FALSE,TRUE,-3.05349715596215,-3.31448420850251
"Anguilla anguilla","Teleostei","Anguilliformes","Anguillidae","Anguilla","anguilla",39.9999999697935,0.0399999999697935,13,"C","J. G. Rubalcaba, W. C. E. P. Verberk, A. J. Hendriks. B. Saris, H. A. Woods, Oxygen limitation may affect the temperature and size dependence of metabolism in aquatic ectotherms. Proc. Natl. Acad. Sci. U.S.A. 117, 31963-3196 (2020).",-3.21887582562336,-4.52031233283393,40.5555370464591,262,286.15,-5478.17471535787,6923.87195295277,-9.86509190714357,0.148270090189226,9.64690750252623e-05,FALSE,TRUE,-4.54480551918552,-4.80579257172585
"Anguilla anguilla","Teleostei","Anguilliformes","Anguillidae","Anguilla","anguilla",20.0000000154742,0.0200000000154742,18.5,"C","J. G. Rubalcaba, W. C. E. P. Verberk, A. J. Hendriks. B. Saris, H. A. Woods, Oxygen limitation may affect the temperature and size dependence of metabolism in aquatic ectotherms. Proc. Natl. Acad. Sci. U.S.A. 117, 31963-3196 (2020).",-3.91202300465444,-4.72575630661897,39.7907317875682,257,291.65,-5478.17471535787,6923.87195295277,-9.86509190714357,0.148270090189226,9.64690750252623e-05,FALSE,TRUE,-4.59983125258146,-4.86081830512182
"Anguilla anguilla","Teleostei","Anguilliformes","Anguillidae","Anguilla","anguilla",74.9999999323558,0.0749999999323558,27,"C","J. G. Rubalcaba, W. C. E. P. Verberk, A. J. Hendriks. B. Saris, H. A. Woods, Oxygen limitation may affect the temperature and size dependence of metabolism in aquatic ectotherms. Proc. Natl. Acad. Sci. U.S.A. 117, 31963-3196 (2020).",-2.59026716634775,-4.22817590992389,38.6638911405773,269,300.15,-5478.17471535787,6923.87195295277,-9.86509190714357,0.148270090189226,9.64690750252623e-05,FALSE,TRUE,-2.89276624312338,-3.15375329566375
"Anguilla anguilla","Teleostei","Anguilliformes","Anguillidae","Anguilla","anguilla",54.000000022012,0.054000000022012,17,"C","J. G. Rubalcaba, W. C. E. P. Verberk, A. J. Hendriks. B. Saris, H. A. Woods, Oxygen limitation may affect the temperature and size dependence of metabolism in aquatic ectotherms. Proc. Natl. Acad. Sci. U.S.A. 117, 31963-3196 (2020).",-2.91877123201023,-3.60116853182615,39.9964395169542,265,290.15,-5478.17471535787,6923.87195295277,-9.86509190714357,0.148270090189226,9.64690750252623e-05,FALSE,TRUE,-3.96928602138241,-4.23027307392278
"Anguilla anguilla","Teleostei","Anguilliformes","Anguillidae","Anguilla","anguilla",67.0000000461544,0.0670000000461544,13,"C","J. G. Rubalcaba, W. C. E. P. Verberk, A. J. Hendriks. B. Saris, H. A. Woods, Oxygen limitation may affect the temperature and size dependence of metabolism in aquatic ectotherms. Proc. Natl. Acad. Sci. U.S.A. 117, 31963-3196 (2020).",-2.7030626589023,-5.16195195591001,40.5555370464591,266,286.15,-5478.17471535787,6923.87195295277,-9.86509190714357,0.148270090189226,9.64690750252623e-05,FALSE,TRUE,-4.15114854344301,-4.41213559598336
"Anguilla anguilla","Teleostei","Anguilliformes","Anguillidae","Anguilla","anguilla",80.000000001484,0.080000000001484,25,"C","J. G. Rubalcaba, W. C. E. P. Verberk, A. J. Hendriks. B. Saris, H. A. Woods, Oxygen limitation may affect the temperature and size dependence of metabolism in aquatic ectotherms. Proc. Natl. Acad. Sci. U.S.A. 117, 31963-3196 (2020).",-2.52572864428971,-3.90097316924156,38.9232497932056,275,298.15,-5478.17471535787,6923.87195295277,-9.86509190714357,0.148270090189226,9.64690750252623e-05,FALSE,TRUE,-3.00424281146032,-3.26522986400066
"Anguilla anguilla","Teleostei","Anguilliformes","Anguillidae","Anguilla","anguilla",80.000000001484,0.080000000001484,25,"C","J. G. Rubalcaba, W. C. E. P. Verberk, A. J. Hendriks. B. Saris, H. A. Woods, Oxygen limitation may affect the temperature and size dependence of metabolism in aquatic ectotherms. Proc. Natl. Acad. Sci. U.S.A. 117, 31963-3196 (2020).",-2.52572864428971,-4.12411672055578,38.9232497932056,272,298.15,-5478.17471535787,6923.87195295277,-9.86509190714357,0.148270090189226,9.64690750252623e-05,FALSE,TRUE,-3.00424281146032,-3.26522986400067
"Anguilla anguilla","Teleostei","Anguilliformes","Anguillidae","Anguilla","anguilla",80.000000001484,0.080000000001484,25,"C","J. G. Rubalcaba, W. C. E. P. Verberk, A. J. Hendriks. B. Saris, H. A. Woods, Oxygen limitation may affect the temperature and size dependence of metabolism in aquatic ectotherms. Proc. Natl. Acad. Sci. U.S.A. 117, 31963-3196 (2020).",-2.52572864428971,-2.73332614244155,38.9232497932056,293,298.15,-5478.17471535787,6923.87195295277,-9.86509190714357,0.148270090189226,9.64690750252623e-05,FALSE,TRUE,-3.00424281146032,-3.26522986400068
"Anguilla anguilla","Teleostei","Anguilliformes","Anguillidae","Anguilla","anguilla",0.2299999999906,0.0002299999999906,17,"C","J. G. Rubalcaba, W. C. E. P. Verberk, A. J. Hendriks. B. Saris, H. A. Woods, Oxygen limitation may affect the temperature and size dependence of metabolism in aquatic ectotherms. Proc. Natl. Acad. Sci. U.S.A. 117, 31963-3196 (2020).",-8.37743124908195,-8.48928369891624,39.9964395169542,256,290.15,-5478.17471535787,6923.87195295277,-9.86509190714357,0.148270090189226,9.64690750252623e-05,FALSE,TRUE,-8.13521223762621,-8.39619929016656
"Anguilla anguilla","Teleostei","Anguilliformes","Anguillidae","Anguilla","anguilla",80.000000001484,0.080000000001484,25,"C","J. G. Rubalcaba, W. C. E. P. Verberk, A. J. Hendriks. B. Saris, H. A. Woods, Oxygen limitation may affect the temperature and size dependence of metabolism in aquatic ectotherms. Proc. Natl. Acad. Sci. U.S.A. 117, 31963-3196 (2020).",-2.52572864428971,-3.78490099798881,38.9232497932056,279,298.15,-5478.17471535787,6923.87195295277,-9.86509190714357,0.148270090189226,9.64690750252623e-05,FALSE,TRUE,-3.00424281146032,-3.26522986400068
"Anguilla anguilla","Teleostei","Anguilliformes","Anguillidae","Anguilla","anguilla",80.000000001484,0.080000000001484,25,"C","J. G. Rubalcaba, W. C. E. P. Verberk, A. J. Hendriks. B. Saris, H. A. Woods, Oxygen limitation may affect the temperature and size dependence of metabolism in aquatic ectotherms. Proc. Natl. Acad. Sci. U.S.A. 117, 31963-3196 (2020).",-2.52572864428971,-3.88570569711077,38.9232497932056,276,298.15,-5478.17471535787,6923.87195295277,-9.86509190714357,0.148270090189226,9.64690750252623e-05,FALSE,TRUE,-3.00424281146032,-3.26522986400067
"Anguilla anguilla","Teleostei","Anguilliformes","Anguillidae","Anguilla","anguilla",74.9999999323558,0.0749999999323558,22,"C","J. G. Rubalcaba, W. C. E. P. Verberk, A. J. Hendriks. B. Saris, H. A. Woods, Oxygen limitation may affect the temperature and size dependence of metabolism in aquatic ectotherms. Proc. Natl. Acad. Sci. U.S.A. 117, 31963-3196 (2020).",-2.59026716634775,-4.26899790426949,39.3188782850898,268,295.15,-5478.17471535787,6923.87195295277,-9.86509190714357,0.148270090189226,9.64690750252623e-05,FALSE,TRUE,-3.29867782759635,-3.5596648801367
"Anguilla anguilla","Teleostei","Anguilliformes","Anguillidae","Anguilla","anguilla",80.000000001484,0.080000000001484,25,"C","J. G. Rubalcaba, W. C. E. P. Verberk, A. J. Hendriks. B. Saris, H. A. Woods, Oxygen limitation may affect the temperature and size dependence of metabolism in aquatic ectotherms. Proc. Natl. Acad. Sci. U.S.A. 117, 31963-3196 (2020).",-2.52572864428971,-3.79869432012114,38.9232497932056,278,298.15,-5478.17471535787,6923.87195295277,-9.86509190714357,0.148270090189226,9.64690750252623e-05,FALSE,TRUE,-3.00424281146032,-3.26522986400067
"Anguilla anguilla","Teleostei","Anguilliformes","Anguillidae","Anguilla","anguilla",485.000000444174,0.485000000444174,17,"C","J. G. Rubalcaba, W. C. E. P. Verberk, A. J. Hendriks. B. Saris, H. A. Woods, Oxygen limitation may affect the temperature and size dependence of metabolism in aquatic ectotherms. Proc. Natl. Acad. Sci. U.S.A. 117, 31963-3196 (2020).",-0.723606387128832,-1.67841828786818,39.9964395169542,308,290.15,-5478.17471535787,6923.87195295277,-9.86509190714357,0.148270090189226,9.64690750252623e-05,FALSE,TRUE,-2.29398571917126,-2.55497277171161
"Anguilla anguilla","Teleostei","Anguilliformes","Anguillidae","Anguilla","anguilla",1190.99999867604,1.19099999867604,17,"C","J. G. Rubalcaba, W. C. E. P. Verberk, A. J. Hendriks. B. Saris, H. A. Woods, Oxygen limitation may affect the temperature and size dependence of metabolism in aquatic ectotherms. Proc. Natl. Acad. Sci. U.S.A. 117, 31963-3196 (2020).",0.174793289261528,-1.23200373299061,39.9964395169542,309,290.15,-5478.17471535787,6923.87195295277,-9.86509190714357,0.148270090189226,9.64690750252623e-05,FALSE,TRUE,-1.60834734769648,-1.86933440023682
"Anguilla anguilla","Teleostei","Anguilliformes","Anguillidae","Anguilla","anguilla",21.0000000128661,0.0210000000128661,18.5,"C","J. G. Rubalcaba, W. C. E. P. Verberk, A. J. Hendriks. B. Saris, H. A. Woods, Oxygen limitation may affect the temperature and size dependence of metabolism in aquatic ectotherms. Proc. Natl. Acad. Sci. U.S.A. 117, 31963-3196 (2020).",-3.86323284064604,-4.59288302549316,39.7907317875682,258,291.65,-5478.17471535787,6923.87195295277,-9.86509190714357,0.148270090189226,9.64690750252623e-05,FALSE,TRUE,-4.56259569977148,-4.82358275231182
"Anguilla anguilla","Teleostei","Anguilliformes","Anguillidae","Anguilla","anguilla",430.000000416257,0.430000000416257,17,"C","J. G. Rubalcaba, W. C. E. P. Verberk, A. J. Hendriks. B. Saris, H. A. Woods, Oxygen limitation may affect the temperature and size dependence of metabolism in aquatic ectotherms. Proc. Natl. Acad. Sci. U.S.A. 117, 31963-3196 (2020).",-0.84397006932649,-1.798781970035,39.9964395169542,307,290.15,-5478.17471535787,6923.87195295277,-9.86509190714357,0.148270090189226,9.64690750252623e-05,FALSE,TRUE,-2.38584456687064,-2.64683161941099
"Anguilla anguilla","Teleostei","Anguilliformes","Anguillidae","Anguilla","anguilla",80.000000001484,0.080000000001484,25,"C","J. G. Rubalcaba, W. C. E. P. Verberk, A. J. Hendriks. B. Saris, H. A. Woods, Oxygen limitation may affect the temperature and size dependence of metabolism in aquatic ectotherms. Proc. Natl. Acad. Sci. U.S.A. 117, 31963-3196 (2020).",-2.52572864428971,-4.01491742859078,38.9232497932056,274,298.15,-5478.17471535787,6923.87195295277,-9.86509190714357,0.148270090189226,9.64690750252623e-05,FALSE,TRUE,-3.00424281146032,-3.26522986400069
"Anguilla anguilla","Teleostei","Anguilliformes","Anguillidae","Anguilla","anguilla",37.6000000062629,0.0376000000062629,13,"C","J. G. Rubalcaba, W. C. E. P. Verberk, A. J. Hendriks. B. Saris, H. A. Woods, Oxygen limitation may affect the temperature and size dependence of metabolism in aquatic ectotherms. Proc. Natl. Acad. Sci. U.S.A. 117, 31963-3196 (2020).",-3.28075122841972,-4.2768060868111,40.5555370464591,261,286.15,-5478.17471535787,6923.87195295277,-9.86509190714357,0.148270090189226,9.64690750252623e-05,FALSE,TRUE,-4.59202743112798,-4.85301448366833
"Anguilla anguilla","Teleostei","Anguilliformes","Anguillidae","Anguilla","anguilla",71.1,0.0711,14,"C","A. M. Makarieva et al., Mean mass-specific metabolic rates are strikingly similar across life's major domains: Evidence for life's metabolic optimum. Proc. Natl. Acad. Sci. U.S.A. 105, 16994-16999 (2008).",-2.64366794217294,-5.24871039320094,40.4143023710404,181,287.15,-5478.17471535787,6923.87195295277,-9.86509190714357,0.148270090189226,9.64690750252623e-05,FALSE,TRUE,-4.01829324572706,-4.27928029826741
"Anguilla anguilla","Teleostei","Anguilliformes","Anguillidae","Anguilla","anguilla",80.000000001484,0.080000000001484,25,"C","J. G. Rubalcaba, W. C. E. P. Verberk, A. J. Hendriks. B. Saris, H. A. Woods, Oxygen limitation may affect the temperature and size dependence of metabolism in aquatic ectotherms. Proc. Natl. Acad. Sci. U.S.A. 117, 31963-3196 (2020).",-2.52572864428971,-3.84125393453994,38.9232497932056,277,298.15,-5478.17471535787,6923.87195295277,-9.86509190714357,0.148270090189226,9.64690750252623e-05,FALSE,TRUE,-3.00424281146032,-3.26522986400067
"Anguilla anguilla","Teleostei","Anguilliformes","Anguillidae","Anguilla","anguilla",51.2000000028493,0.0512000000028493,14,"C","J. G. Rubalcaba, W. C. E. P. Verberk, A. J. Hendriks. B. Saris, H. A. Woods, Oxygen limitation may affect the temperature and size dependence of metabolism in aquatic ectotherms. Proc. Natl. Acad. Sci. U.S.A. 117, 31963-3196 (2020).",-2.97201574688102,-4.461504486242,40.4143023710404,264,287.15,-5478.17471535787,6923.87195295277,-9.86509190714357,0.148270090189226,9.64690750252623e-05,FALSE,TRUE,-4.26888088507472,-4.52986793761505
"Anguilla anguilla","Teleostei","Anguilliformes","Anguillidae","Anguilla","anguilla",195.500000120693,0.195500000120693,12,"C","J. G. Rubalcaba, W. C. E. P. Verberk, A. J. Hendriks. B. Saris, H. A. Woods, Oxygen limitation may affect the temperature and size dependence of metabolism in aquatic ectotherms. Proc. Natl. Acad. Sci. U.S.A. 117, 31963-3196 (2020).",-1.63219489893936,-3.59860771099155,40.697762321039,304,285.15,-5478.17471535787,6923.87195295277,-9.86509190714357,0.148270090189226,9.64690750252623e-05,FALSE,TRUE,-3.42202690825532,-3.68301396079566
"Anguilla anguilla","Teleostei","Anguilliformes","Anguillidae","Anguilla","anguilla",222.999999975271,0.222999999975271,20,"C","J. G. Rubalcaba, W. C. E. P. Verberk, A. J. Hendriks. B. Saris, H. A. Woods, Oxygen limitation may affect the temperature and size dependence of metabolism in aquatic ectotherms. Proc. Natl. Acad. Sci. U.S.A. 117, 31963-3196 (2020).",-1.50058350763291,-2.55070558731669,39.5871292029482,305,293.15,-5478.17471535787,6923.87195295277,-9.86509190714357,0.148270090189226,9.64690750252623e-05,FALSE,TRUE,-2.6332975023404,-2.89428455488075
"Anguilla anguilla","Teleostei","Anguilliformes","Anguillidae","Anguilla","anguilla",74.9999999323558,0.0749999999323558,21,"C","J. G. Rubalcaba, W. C. E. P. Verberk, A. J. Hendriks. B. Saris, H. A. Woods, Oxygen limitation may affect the temperature and size dependence of metabolism in aquatic ectotherms. Proc. Natl. Acad. Sci. U.S.A. 117, 31963-3196 (2020).",-2.59026716634775,-4.67446301257613,39.4525477676161,267,294.15,-5478.17471535787,6923.87195295277,-9.86509190714357,0.148270090189226,9.64690750252623e-05,FALSE,TRUE,-3.38151608160251,-3.64250313414286
"Anguilla anguilla","Teleostei","Anguilliformes","Anguillidae","Anguilla","anguilla",80.000000001484,0.080000000001484,25,"C","J. G. Rubalcaba, W. C. E. P. Verberk, A. J. Hendriks. B. Saris, H. A. Woods, Oxygen limitation may affect the temperature and size dependence of metabolism in aquatic ectotherms. Proc. Natl. Acad. Sci. U.S.A. 117, 31963-3196 (2020).",-2.52572864428971,-2.79754573469183,38.9232497932056,292,298.15,-5478.17471535787,6923.87195295277,-9.86509190714357,0.148270090189226,9.64690750252623e-05,FALSE,TRUE,-3.00424281146032,-3.26522986400066
"Anguilla anguilla","Teleostei","Anguilliformes","Anguillidae","Anguilla","anguilla",80.000000001484,0.080000000001484,25,"C","J. G. Rubalcaba, W. C. E. P. Verberk, A. J. Hendriks. B. Saris, H. A. Woods, Oxygen limitation may affect the temperature and size dependence of metabolism in aquatic ectotherms. Proc. Natl. Acad. Sci. U.S.A. 117, 31963-3196 (2020).",-2.52572864428971,-3.75787232560089,38.9232497932056,280,298.15,-5478.17471535787,6923.87195295277,-9.86509190714357,0.148270090189226,9.64690750252623e-05,FALSE,TRUE,-3.00424281146032,-3.26522986400067
"Anguilla anguilla","Teleostei","Anguilliformes","Anguillidae","Anguilla","anguilla",80.000000001484,0.080000000001484,25,"C","J. G. Rubalcaba, W. C. E. P. Verberk, A. J. Hendriks. B. Saris, H. A. Woods, Oxygen limitation may affect the temperature and size dependence of metabolism in aquatic ectotherms. Proc. Natl. Acad. Sci. U.S.A. 117, 31963-3196 (2020).",-2.52572864428971,-3.74462709885087,38.9232497932056,281,298.15,-5478.17471535787,6923.87195295277,-9.86509190714357,0.148270090189226,9.64690750252623e-05,FALSE,TRUE,-3.00424281146032,-3.26522986400066
"Anguilla anguilla","Teleostei","Anguilliformes","Anguillidae","Anguilla","anguilla",80.000000001484,0.080000000001484,25,"C","J. G. Rubalcaba, W. C. E. P. Verberk, A. J. Hendriks. B. Saris, H. A. Woods, Oxygen limitation may affect the temperature and size dependence of metabolism in aquatic ectotherms. Proc. Natl. Acad. Sci. U.S.A. 117, 31963-3196 (2020).",-2.52572864428971,-2.62892302239745,38.9232497932056,295,298.15,-5478.17471535787,6923.87195295277,-9.86509190714357,0.148270090189226,9.64690750252623e-05,FALSE,TRUE,-3.00424281146032,-3.26522986400064
"Anguilla anguilla","Teleostei","Anguilliformes","Anguillidae","Anguilla","anguilla",80.000000001484,0.080000000001484,25,"C","J. G. Rubalcaba, W. C. E. P. Verberk, A. J. Hendriks. B. Saris, H. A. Woods, Oxygen limitation may affect the temperature and size dependence of metabolism in aquatic ectotherms. Proc. Natl. Acad. Sci. U.S.A. 117, 31963-3196 (2020).",-2.52572864428971,-4.03230917130265,38.9232497932056,273,298.15,-5478.17471535787,6923.87195295277,-9.86509190714357,0.148270090189226,9.64690750252623e-05,FALSE,TRUE,-3.00424281146032,-3.26522986400066
"Anguilla anguilla","Teleostei","Anguilliformes","Anguillidae","Anguilla","anguilla",33.0000000092787,0.0330000000092787,17,"C","J. G. Rubalcaba, W. C. E. P. Verberk, A. J. Hendriks. B. Saris, H. A. Woods, Oxygen limitation may affect the temperature and size dependence of metabolism in aquatic ectotherms. Proc. Natl. Acad. Sci. U.S.A. 117, 31963-3196 (2020).",-3.41124771723448,-4.02670553418999,39.9964395169542,260,290.15,-5478.17471535787,6923.87195295277,-9.86509190714357,0.148270090189226,9.64690750252623e-05,FALSE,TRUE,-4.34513296811713,-4.60612002065748
"Anguilla anguilla","Teleostei","Anguilliformes","Anguillidae","Anguilla","anguilla",80.000000001484,0.080000000001484,25,"C","J. G. Rubalcaba, W. C. E. P. Verberk, A. J. Hendriks. B. Saris, H. A. Woods, Oxygen limitation may affect the temperature and size dependence of metabolism in aquatic ectotherms. Proc. Natl. Acad. Sci. U.S.A. 117, 31963-3196 (2020).",-2.52572864428971,-2.52658430959096,38.9232497932056,298,298.15,-5478.17471535787,6923.87195295277,-9.86509190714357,0.148270090189226,9.64690750252623e-05,FALSE,TRUE,-3.00424281146032,-3.26522986400065
"Anguilla anguilla","Teleostei","Anguilliformes","Anguillidae","Anguilla","anguilla",21.0000000128661,0.0210000000128661,18.5,"C","J. G. Rubalcaba, W. C. E. P. Verberk, A. J. Hendriks. B. Saris, H. A. Woods, Oxygen limitation may affect the temperature and size dependence of metabolism in aquatic ectotherms. Proc. Natl. Acad. Sci. U.S.A. 117, 31963-3196 (2020).",-3.86323284064604,-4.54563014060884,39.7907317875682,259,291.65,-5478.17471535787,6923.87195295277,-9.86509190714357,0.148270090189226,9.64690750252623e-05,FALSE,TRUE,-4.56259569977148,-4.82358275231181
"Anguilla anguilla","Teleostei","Anguilliformes","Anguillidae","Anguilla","anguilla",149.999999980768,0.149999999980768,20,"C","J. G. Rubalcaba, W. C. E. P. Verberk, A. J. Hendriks. B. Saris, H. A. Woods, Oxygen limitation may affect the temperature and size dependence of metabolism in aquatic ectotherms. Proc. Natl. Acad. Sci. U.S.A. 117, 31963-3196 (2020).",-1.89711998501409,-3.06502510002294,39.5871292029482,302,293.15,-5478.17471535787,6923.87195295277,-9.86509190714357,0.148270090189226,9.64690750252623e-05,FALSE,TRUE,-2.93592519881771,-3.19691225135805
"Anguilla anguilla","Teleostei","Anguilliformes","Anguillidae","Anguilla","anguilla",119.999999986841,0.119999999986841,20,"C","J. G. Rubalcaba, W. C. E. P. Verberk, A. J. Hendriks. B. Saris, H. A. Woods, Oxygen limitation may affect the temperature and size dependence of metabolism in aquatic ectotherms. Proc. Natl. Acad. Sci. U.S.A. 117, 31963-3196 (2020).",-2.12026353630975,-3.13759579286802,39.5871292029482,301,293.15,-5478.17471535787,6923.87195295277,-9.86509190714357,0.148270090189226,9.64690750252623e-05,FALSE,TRUE,-3.10622332462534,-3.36721037716569
"Anguilla anguilla","Teleostei","Anguilliformes","Anguillidae","Anguilla","anguilla",80.000000001484,0.080000000001484,25,"C","J. G. Rubalcaba, W. C. E. P. Verberk, A. J. Hendriks. B. Saris, H. A. Woods, Oxygen limitation may affect the temperature and size dependence of metabolism in aquatic ectotherms. Proc. Natl. Acad. Sci. U.S.A. 117, 31963-3196 (2020).",-2.52572864428971,-3.04522247274077,38.9232497932056,288,298.15,-5478.17471535787,6923.87195295277,-9.86509190714357,0.148270090189226,9.64690750252623e-05,FALSE,TRUE,-3.00424281146032,-3.26522986400066
"Anguilla anguilla","Teleostei","Anguilliformes","Anguillidae","Anguilla","anguilla",181.499999844479,0.181499999844479,14,"C","J. G. Rubalcaba, W. C. E. P. Verberk, A. J. Hendriks. B. Saris, H. A. Woods, Oxygen limitation may affect the temperature and size dependence of metabolism in aquatic ectotherms. Proc. Natl. Acad. Sci. U.S.A. 117, 31963-3196 (2020).",-1.7064996261341,-3.70108331364544,40.4143023710404,303,287.15,-5478.17471535787,6923.87195295277,-9.86509190714357,0.148270090189226,9.64690750252623e-05,FALSE,TRUE,-3.30306752281903,-3.56405457535939
"Anguilla anguilla","Teleostei","Anguilliformes","Anguillidae","Anguilla","anguilla",80.000000001484,0.080000000001484,25,"C","J. G. Rubalcaba, W. C. E. P. Verberk, A. J. Hendriks. B. Saris, H. A. Woods, Oxygen limitation may affect the temperature and size dependence of metabolism in aquatic ectotherms. Proc. Natl. Acad. Sci. U.S.A. 117, 31963-3196 (2020).",-2.52572864428971,-2.88270354295113,38.9232497932056,290,298.15,-5478.17471535787,6923.87195295277,-9.86509190714357,0.148270090189226,9.64690750252623e-05,FALSE,TRUE,-3.00424281146032,-3.26522986400066
"Anguilla anguilla","Teleostei","Anguilliformes","Anguillidae","Anguilla","anguilla",80.000000001484,0.080000000001484,25,"C","J. G. Rubalcaba, W. C. E. P. Verberk, A. J. Hendriks. B. Saris, H. A. Woods, Oxygen limitation may affect the temperature and size dependence of metabolism in aquatic ectotherms. Proc. Natl. Acad. Sci. U.S.A. 117, 31963-3196 (2020).",-2.52572864428971,-2.81816502187558,38.9232497932056,291,298.15,-5478.17471535787,6923.87195295277,-9.86509190714357,0.148270090189226,9.64690750252623e-05,FALSE,TRUE,-3.00424281146032,-3.26522986400066
"Anguilla anguilla","Teleostei","Anguilliformes","Anguillidae","Anguilla","anguilla",229.999999990683,0.229999999990683,20,"C","J. G. Rubalcaba, W. C. E. P. Verberk, A. J. Hendriks. B. Saris, H. A. Woods, Oxygen limitation may affect the temperature and size dependence of metabolism in aquatic ectotherms. Proc. Natl. Acad. Sci. U.S.A. 117, 31963-3196 (2020).",-1.46967597009945,-2.56526042333751,39.5871292029482,306,293.15,-5478.17471535787,6923.87195295277,-9.86509190714357,0.148270090189226,9.64690750252623e-05,FALSE,TRUE,-2.60970956675044,-2.87069661929078
"Anguilla anguilla","Teleostei","Anguilliformes","Anguillidae","Anguilla","anguilla",80.000000001484,0.080000000001484,25,"C","J. G. Rubalcaba, W. C. E. P. Verberk, A. J. Hendriks. B. Saris, H. A. Woods, Oxygen limitation may affect the temperature and size dependence of metabolism in aquatic ectotherms. Proc. Natl. Acad. Sci. U.S.A. 117, 31963-3196 (2020).",-2.52572864428971,-2.65071037695885,38.9232497932056,294,298.15,-5478.17471535787,6923.87195295277,-9.86509190714357,0.148270090189226,9.64690750252623e-05,FALSE,TRUE,-3.00424281146032,-3.26522986400065
"Anguilla anguilla","Teleostei","Anguilliformes","Anguillidae","Anguilla","anguilla",80.000000001484,0.080000000001484,25,"C","J. G. Rubalcaba, W. C. E. P. Verberk, A. J. Hendriks. B. Saris, H. A. Woods, Oxygen limitation may affect the temperature and size dependence of metabolism in aquatic ectotherms. Proc. Natl. Acad. Sci. U.S.A. 117, 31963-3196 (2020).",-2.52572864428971,-3.58672406940506,38.9232497932056,284,298.15,-5478.17471535787,6923.87195295277,-9.86509190714357,0.148270090189226,9.64690750252623e-05,FALSE,TRUE,-3.00424281146032,-3.26522986400068
"Anguilla anguilla","Teleostei","Anguilliformes","Anguillidae","Anguilla","anguilla",80.000000001484,0.080000000001484,25,"C","J. G. Rubalcaba, W. C. E. P. Verberk, A. J. Hendriks. B. Saris, H. A. Woods, Oxygen limitation may affect the temperature and size dependence of metabolism in aquatic ectotherms. Proc. Natl. Acad. Sci. U.S.A. 117, 31963-3196 (2020).",-2.52572864428971,-2.60760025332172,38.9232497932056,296,298.15,-5478.17471535787,6923.87195295277,-9.86509190714357,0.148270090189226,9.64690750252623e-05,FALSE,TRUE,-3.00424281146032,-3.26522986400066
"Anguilla anguilla","Teleostei","Anguilliformes","Anguillidae","Anguilla","anguilla",80.000000001484,0.080000000001484,25,"C","J. G. Rubalcaba, W. C. E. P. Verberk, A. J. Hendriks. B. Saris, H. A. Woods, Oxygen limitation may affect the temperature and size dependence of metabolism in aquatic ectotherms. Proc. Natl. Acad. Sci. U.S.A. 117, 31963-3196 (2020).",-2.52572864428971,-2.59502147074744,38.9232497932056,297,298.15,-5478.17471535787,6923.87195295277,-9.86509190714357,0.148270090189226,9.64690750252623e-05,FALSE,TRUE,-3.00424281146032,-3.26522986400065
"Anguilla anguilla","Teleostei","Anguilliformes","Anguillidae","Anguilla","anguilla",80.000000001484,0.080000000001484,25,"C","J. G. Rubalcaba, W. C. E. P. Verberk, A. J. Hendriks. B. Saris, H. A. Woods, Oxygen limitation may affect the temperature and size dependence of metabolism in aquatic ectotherms. Proc. Natl. Acad. Sci. U.S.A. 117, 31963-3196 (2020).",-2.52572864428971,-3.62101314288369,38.9232497932056,283,298.15,-5478.17471535787,6923.87195295277,-9.86509190714357,0.148270090189226,9.64690750252623e-05,FALSE,TRUE,-3.00424281146032,-3.26522986400067
"Anguilla anguilla","Teleostei","Anguilliformes","Anguillidae","Anguilla","anguilla",80.000000001484,0.080000000001484,25,"C","J. G. Rubalcaba, W. C. E. P. Verberk, A. J. Hendriks. B. Saris, H. A. Woods, Oxygen limitation may affect the temperature and size dependence of metabolism in aquatic ectotherms. Proc. Natl. Acad. Sci. U.S.A. 117, 31963-3196 (2020).",-2.52572864428971,-2.89387684383915,38.9232497932056,289,298.15,-5478.17471535787,6923.87195295277,-9.86509190714357,0.148270090189226,9.64690750252623e-05,FALSE,TRUE,-3.00424281146032,-3.26522986400067
"Anguilla anguilla","Teleostei","Anguilliformes","Anguillidae","Anguilla","anguilla",112.49999988411,0.11249999988411,15.5,"C","J. G. Rubalcaba, W. C. E. P. Verberk, A. J. Hendriks. B. Saris, H. A. Woods, Oxygen limitation may affect the temperature and size dependence of metabolism in aquatic ectotherms. Proc. Natl. Acad. Sci. U.S.A. 117, 31963-3196 (2020).",-2.18480205836779,-3.50062730255825,40.204285209923,300,288.65,-5478.17471535787,6923.87195295277,-9.86509190714357,0.148270090189226,9.64690750252623e-05,FALSE,TRUE,-3.53794437058367,-3.79893142312401
"Anguilla anguilla","Teleostei","Anguilliformes","Anguillidae","Anguilla","anguilla",80.000000001484,0.080000000001484,25,"C","J. G. Rubalcaba, W. C. E. P. Verberk, A. J. Hendriks. B. Saris, H. A. Woods, Oxygen limitation may affect the temperature and size dependence of metabolism in aquatic ectotherms. Proc. Natl. Acad. Sci. U.S.A. 117, 31963-3196 (2020).",-2.52572864428971,-3.05177987328232,38.9232497932056,287,298.15,-5478.17471535787,6923.87195295277,-9.86509190714357,0.148270090189226,9.64690750252623e-05,FALSE,TRUE,-3.00424281146032,-3.26522986400067
"Anguilla anguilla","Teleostei","Anguilliformes","Anguillidae","Anguilla","anguilla",80.000000001484,0.080000000001484,25,"C","J. G. Rubalcaba, W. C. E. P. Verberk, A. J. Hendriks. B. Saris, H. A. Woods, Oxygen limitation may affect the temperature and size dependence of metabolism in aquatic ectotherms. Proc. Natl. Acad. Sci. U.S.A. 117, 31963-3196 (2020).",-2.52572864428971,-3.46023992229594,38.9232497932056,286,298.15,-5478.17471535787,6923.87195295277,-9.86509190714357,0.148270090189226,9.64690750252623e-05,FALSE,TRUE,-3.00424281146032,-3.26522986400067
"Anguilla anguilla","Teleostei","Anguilliformes","Anguillidae","Anguilla","anguilla",80.000000001484,0.080000000001484,25,"C","J. G. Rubalcaba, W. C. E. P. Verberk, A. J. Hendriks. B. Saris, H. A. Woods, Oxygen limitation may affect the temperature and size dependence of metabolism in aquatic ectotherms. Proc. Natl. Acad. Sci. U.S.A. 117, 31963-3196 (2020).",-2.52572864428971,-3.73155501728352,38.9232497932056,282,298.15,-5478.17471535787,6923.87195295277,-9.86509190714357,0.148270090189226,9.64690750252623e-05,FALSE,TRUE,-3.00424281146032,-3.26522986400067
"Anguilla anguilla","Teleostei","Anguilliformes","Anguillidae","Anguilla","anguilla",89.9999999089575,0.0899999999089575,17,"C","J. G. Rubalcaba, W. C. E. P. Verberk, A. J. Hendriks. B. Saris, H. A. Woods, Oxygen limitation may affect the temperature and size dependence of metabolism in aquatic ectotherms. Proc. Natl. Acad. Sci. U.S.A. 117, 31963-3196 (2020).",-2.40794560966346,-3.19570342371798,39.9964395169542,299,290.15,-5478.17471535787,6923.87195295277,-9.86509190714357,0.148270090189226,9.64690750252623e-05,FALSE,TRUE,-3.57943542702261,-3.84042247956294
"Anguilla anguilla","Teleostei","Anguilliformes","Anguillidae","Anguilla","anguilla",80.000000001484,0.080000000001484,25,"C","J. G. Rubalcaba, W. C. E. P. Verberk, A. J. Hendriks. B. Saris, H. A. Woods, Oxygen limitation may affect the temperature and size dependence of metabolism in aquatic ectotherms. Proc. Natl. Acad. Sci. U.S.A. 117, 31963-3196 (2020).",-2.52572864428971,-3.56450093262035,38.9232497932056,285,298.15,-5478.17471535787,6923.87195295277,-9.86509190714357,0.148270090189226,9.64690750252623e-05,FALSE,TRUE,-3.00424281146032,-3.26522986400067
"Lepidogalaxias salamandroides","Teleostei","Osmeriformes","Lepidogalaxiidae","Lepidogalaxias","salamandroides",0.62,0.00062,20,"C","A. M. Makarieva et al., Mean mass-specific metabolic rates are strikingly similar across life's major domains: Evidence for life's metabolic optimum. Proc. Natl. Acad. Sci. U.S.A. 105, 16994-16999 (2008).",-7.38579107992514,-8.94596275105632,39.5871292029482,194,293.15,-4787.35547680534,-1628.02388294841,32.4701150461,-1.88743442546973,-0.00293293131408883,FALSE,TRUE,-7.1247551928307,-6.96439727264814
"Acipenser gueldenstaedtii","Chondrostei","Acipenseriformes","Acipenseridae","Acipenser","gueldenstaedtii",0.3000000001936,0.0003000000001936,18,"C","J. G. Rubalcaba, W. C. E. P. Verberk, A. J. Hendriks. B. Saris, H. A. Woods, Oxygen limitation may affect the temperature and size dependence of metabolism in aquatic ectotherms. Proc. Natl. Acad. Sci. U.S.A. 117, 31963-3196 (2020).",-8.11172808266274,-7.77833744177942,39.8590655189568,241,291.15,-5478.17471535787,6923.87195295277,-9.86509190714357,0.148270090189226,9.64690750252623e-05,FALSE,TRUE,-7.84729954037439,-7.48186370107997
"Acipenser gueldenstaedtii","Chondrostei","Acipenseriformes","Acipenseridae","Acipenser","gueldenstaedtii",12.4999999997681,0.0124999999997681,18,"C","J. G. Rubalcaba, W. C. E. P. Verberk, A. J. Hendriks. B. Saris, H. A. Woods, Oxygen limitation may affect the temperature and size dependence of metabolism in aquatic ectotherms. Proc. Natl. Acad. Sci. U.S.A. 117, 31963-3196 (2020).",-4.38202663469243,-4.32615631827289,39.8590655189568,244,291.15,-5478.17471535787,6923.87195295277,-9.86509190714357,0.148270090189226,9.64690750252623e-05,FALSE,TRUE,-5.00087551098465,-4.63543967169022
"Acipenser gueldenstaedtii","Chondrostei","Acipenseriformes","Acipenseridae","Acipenser","gueldenstaedtii",208.000000017835,0.208000000017835,18,"C","J. G. Rubalcaba, W. C. E. P. Verberk, A. J. Hendriks. B. Saris, H. A. Woods, Oxygen limitation may affect the temperature and size dependence of metabolism in aquatic ectotherms. Proc. Natl. Acad. Sci. U.S.A. 117, 31963-3196 (2020).",-1.57021719919507,-2.87165370677545,39.8590655189568,247,291.15,-5478.17471535787,6923.87195295277,-9.86509190714357,0.148270090189226,9.64690750252623e-05,FALSE,TRUE,-2.85496596435861,-2.48953012506418
"Acipenser gueldenstaedtii","Chondrostei","Acipenseriformes","Acipenseridae","Acipenser","gueldenstaedtii",0.3000000001936,0.0003000000001936,25,"C","J. G. Rubalcaba, W. C. E. P. Verberk, A. J. Hendriks. B. Saris, H. A. Woods, Oxygen limitation may affect the temperature and size dependence of metabolism in aquatic ectotherms. Proc. Natl. Acad. Sci. U.S.A. 117, 31963-3196 (2020).",-8.11172808266274,-7.25643137850917,38.9232497932056,242,298.15,-5478.17471535787,6923.87195295277,-9.86509190714357,0.148270090189226,9.64690750252623e-05,FALSE,TRUE,-7.26735160216403,-6.9019157628696
"Acipenser gueldenstaedtii","Chondrostei","Acipenseriformes","Acipenseridae","Acipenser","gueldenstaedtii",0.0200000000154742,2.00000000154742e-05,20,"C","J. G. Rubalcaba, W. C. E. P. Verberk, A. J. Hendriks. B. Saris, H. A. Woods, Oxygen limitation may affect the temperature and size dependence of metabolism in aquatic ectotherms. Proc. Natl. Acad. Sci. U.S.A. 117, 31963-3196 (2020).",-10.8197782836366,-9.21041815277881,39.5871292029482,240,293.15,-5478.17471535787,6923.87195295277,-9.86509190714357,0.148270090189226,9.64690750252623e-05,FALSE,TRUE,-9.74549678022516,-9.38006094093073
"Acipenser gueldenstaedtii","Chondrostei","Acipenseriformes","Acipenseridae","Acipenser","gueldenstaedtii",12.4999999997681,0.0124999999997681,25,"C","J. G. Rubalcaba, W. C. E. P. Verberk, A. J. Hendriks. B. Saris, H. A. Woods, Oxygen limitation may affect the temperature and size dependence of metabolism in aquatic ectotherms. Proc. Natl. Acad. Sci. U.S.A. 117, 31963-3196 (2020).",-4.38202663469243,-3.66665717179601,38.9232497932056,245,298.15,-5478.17471535787,6923.87195295277,-9.86509190714357,0.148270090189226,9.64690750252623e-05,FALSE,TRUE,-4.42092757277429,-4.05549173347987
"Acipenser gueldenstaedtii","Chondrostei","Acipenseriformes","Acipenseridae","Acipenser","gueldenstaedtii",0.4700000000695,0.0004700000000695,20,"C","J. G. Rubalcaba, W. C. E. P. Verberk, A. J. Hendriks. B. Saris, H. A. Woods, Oxygen limitation may affect the temperature and size dependence of metabolism in aquatic ectotherms. Proc. Natl. Acad. Sci. U.S.A. 117, 31963-3196 (2020).",-7.6627778631123,-6.83428343014379,39.5871292029482,243,293.15,-5478.17471535787,6923.87195295277,-9.86509190714357,0.148270090189226,9.64690750252623e-05,FALSE,TRUE,-7.3361452588952,-6.97070941960078
"Acipenser gueldenstaedtii","Chondrostei","Acipenseriformes","Acipenseridae","Acipenser","gueldenstaedtii",54.3000000514066,0.0543000000514066,21,"C","J. G. Rubalcaba, W. C. E. P. Verberk, A. J. Hendriks. B. Saris, H. A. Woods, Oxygen limitation may affect the temperature and size dependence of metabolism in aquatic ectotherms. Proc. Natl. Acad. Sci. U.S.A. 117, 31963-3196 (2020).",-2.91323105109553,-3.29267880682676,39.4525477676161,246,294.15,-5478.17471535787,6923.87195295277,-9.86509190714357,0.148270090189226,9.64690750252623e-05,FALSE,TRUE,-3.62799483465966,-3.2625589953652
"Albula vulpes","Teleostei","Albuliformes","Albulidae","Albula","vulpes",671.999999916715,0.671999999916715,20.6,"C","J. G. Rubalcaba, W. C. E. P. Verberk, A. J. Hendriks. B. Saris, H. A. Woods, Oxygen limitation may affect the temperature and size dependence of metabolism in aquatic ectotherms. Proc. Natl. Acad. Sci. U.S.A. 117, 31963-3196 (2020).",-0.397496938582924,-0.275941289675792,39.5062703858528,255,293.75,-5478.17471535787,6923.87195295277,-9.86509190714357,0.148270090189226,9.64690750252623e-05,FALSE,TRUE,-1.74133652020898,-1.59272994248482
"Arapaima gigas","Teleostei","Osteoglossiformes","Osteoglossidae","Arapaima","gigas",2299.99999990683,2.29999999990683,28,"C","J. G. Rubalcaba, W. C. E. P. Verberk, A. J. Hendriks. B. Saris, H. A. Woods, Oxygen limitation may affect the temperature and size dependence of metabolism in aquatic ectotherms. Proc. Natl. Acad. Sci. U.S.A. 117, 31963-3196 (2020).",0.832909122894596,-1.34942684190736,38.5355036554682,327,301.15,-5478.17471535787,6923.87195295277,-9.86509190714357,0.148270090189226,9.64690750252623e-05,FALSE,TRUE,-0.200710431067062,-1.12450348761666
"Arapaima gigas","Teleostei","Osteoglossiformes","Osteoglossidae","Arapaima","gigas",2299.99999990683,2.29999999990683,28,"C","J. G. Rubalcaba, W. C. E. P. Verberk, A. J. Hendriks. B. Saris, H. A. Woods, Oxygen limitation may affect the temperature and size dependence of metabolism in aquatic ectotherms. Proc. Natl. Acad. Sci. U.S.A. 117, 31963-3196 (2020).",0.832909122894596,-1.49784684702564,38.5355036554682,326,301.15,-5478.17471535787,6923.87195295277,-9.86509190714357,0.148270090189226,9.64690750252623e-05,FALSE,TRUE,-0.200710431067062,-1.12450348761668
"Arapaima gigas","Teleostei","Osteoglossiformes","Osteoglossidae","Arapaima","gigas",2299.99999990683,2.29999999990683,28,"C","J. G. Rubalcaba, W. C. E. P. Verberk, A. J. Hendriks. B. Saris, H. A. Woods, Oxygen limitation may affect the temperature and size dependence of metabolism in aquatic ectotherms. Proc. Natl. Acad. Sci. U.S.A. 117, 31963-3196 (2020).",0.832909122894596,-1.31552529023168,38.5355036554682,328,301.15,-5478.17471535787,6923.87195295277,-9.86509190714357,0.148270090189226,9.64690750252623e-05,FALSE,TRUE,-0.200710431067062,-1.12450348761666
"Engraulis japonicus","Teleostei","Clupeiformes","Engraulidae","Engraulis","japonicus",262.359999861057,0.262359999861057,16.2,"C","J. G. Rubalcaba, W. C. E. P. Verberk, A. J. Hendriks. B. Saris, H. A. Woods, Oxygen limitation may affect the temperature and size dependence of metabolism in aquatic ectotherms. Proc. Natl. Acad. Sci. U.S.A. 117, 31963-3196 (2020).",-1.33803767308619,0.940068609691045,40.107022380661,554,289.35,-5478.17471535787,6923.87195295277,-9.86509190714357,0.148270090189226,9.64690750252623e-05,FALSE,TRUE,-2.83143672995371,-0.159477847317546
"Engraulis japonicus","Teleostei","Clupeiformes","Engraulidae","Engraulis","japonicus",243.620000079321,0.243620000079321,16.2,"C","J. G. Rubalcaba, W. C. E. P. Verberk, A. J. Hendriks. B. Saris, H. A. Woods, Oxygen limitation may affect the temperature and size dependence of metabolism in aquatic ectotherms. Proc. Natl. Acad. Sci. U.S.A. 117, 31963-3196 (2020).",-1.41214564438473,1.01383096568286,40.107022380661,552,289.35,-5478.17471535787,6923.87195295277,-9.86509190714357,0.148270090189226,9.64690750252623e-05,FALSE,TRUE,-2.88799426229675,-0.216035379660577
"Engraulis japonicus","Teleostei","Clupeiformes","Engraulidae","Engraulis","japonicus",262.359999861057,0.262359999861057,16.2,"C","J. G. Rubalcaba, W. C. E. P. Verberk, A. J. Hendriks. B. Saris, H. A. Woods, Oxygen limitation may affect the temperature and size dependence of metabolism in aquatic ectotherms. Proc. Natl. Acad. Sci. U.S.A. 117, 31963-3196 (2020).",-1.33803767308619,-1.03003626796249,40.107022380661,553,289.35,-5478.17471535787,6923.87195295277,-9.86509190714357,0.148270090189226,9.64690750252623e-05,FALSE,TRUE,-2.83143672995371,-0.159477847317546
"Engraulis japonicus","Teleostei","Clupeiformes","Engraulidae","Engraulis","japonicus",634.3499997041,0.6343499997041,16.2,"C","J. G. Rubalcaba, W. C. E. P. Verberk, A. J. Hendriks. B. Saris, H. A. Woods, Oxygen limitation may affect the temperature and size dependence of metabolism in aquatic ectotherms. Proc. Natl. Acad. Sci. U.S.A. 117, 31963-3196 (2020).",-0.455154426861991,-0.0136216290175039,40.107022380661,562,289.35,-5478.17471535787,6923.87195295277,-9.86509190714357,0.148270090189226,9.64690750252623e-05,FALSE,TRUE,-2.15764014804076,0.514318734595399
"Engraulis japonicus","Teleostei","Clupeiformes","Engraulidae","Engraulis","japonicus",634.3499997041,0.6343499997041,16.2,"C","J. G. Rubalcaba, W. C. E. P. Verberk, A. J. Hendriks. B. Saris, H. A. Woods, Oxygen limitation may affect the temperature and size dependence of metabolism in aquatic ectotherms. Proc. Natl. Acad. Sci. U.S.A. 117, 31963-3196 (2020).",-0.455154426861991,0.168699927682588,40.107022380661,563,289.35,-5478.17471535787,6923.87195295277,-9.86509190714357,0.148270090189226,9.64690750252623e-05,FALSE,TRUE,-2.15764014804076,0.514318734595403
"Engraulis japonicus","Teleostei","Clupeiformes","Engraulidae","Engraulis","japonicus",628.789999627078,0.628789999627078,16.2,"C","J. G. Rubalcaba, W. C. E. P. Verberk, A. J. Hendriks. B. Saris, H. A. Woods, Oxygen limitation may affect the temperature and size dependence of metabolism in aquatic ectotherms. Proc. Natl. Acad. Sci. U.S.A. 117, 31963-3196 (2020).",-0.463957941894567,-0.23933814539746,40.107022380661,561,289.35,-5478.17471535787,6923.87195295277,-9.86509190714357,0.148270090189226,9.64690750252623e-05,FALSE,TRUE,-2.16435879216855,0.507600090467618
"Engraulis japonicus","Teleostei","Clupeiformes","Engraulidae","Engraulis","japonicus",634.3499997041,0.6343499997041,16.2,"C","J. G. Rubalcaba, W. C. E. P. Verberk, A. J. Hendriks. B. Saris, H. A. Woods, Oxygen limitation may affect the temperature and size dependence of metabolism in aquatic ectotherms. Proc. Natl. Acad. Sci. U.S.A. 117, 31963-3196 (2020).",-0.455154426861991,0.6149870301796,40.107022380661,565,289.35,-5478.17471535787,6923.87195295277,-9.86509190714357,0.148270090189226,9.64690750252623e-05,FALSE,TRUE,-2.15764014804076,0.514318734595399
"Engraulis japonicus","Teleostei","Clupeiformes","Engraulidae","Engraulis","japonicus",634.3499997041,0.6343499997041,16.2,"C","J. G. Rubalcaba, W. C. E. P. Verberk, A. J. Hendriks. B. Saris, H. A. Woods, Oxygen limitation may affect the temperature and size dependence of metabolism in aquatic ectotherms. Proc. Natl. Acad. Sci. U.S.A. 117, 31963-3196 (2020).",-0.455154426861991,1.88099522523529,40.107022380661,566,289.35,-5478.17471535787,6923.87195295277,-9.86509190714357,0.148270090189226,9.64690750252623e-05,FALSE,TRUE,-2.15764014804076,0.514318734595417
"Engraulis japonicus","Teleostei","Clupeiformes","Engraulidae","Engraulis","japonicus",300.64999987434,0.30064999987434,16.2,"C","J. G. Rubalcaba, W. C. E. P. Verberk, A. J. Hendriks. B. Saris, H. A. Woods, Oxygen limitation may affect the temperature and size dependence of metabolism in aquatic ectotherms. Proc. Natl. Acad. Sci. U.S.A. 117, 31963-3196 (2020).",-1.20180848191452,1.15664692791372,40.107022380661,555,289.35,-5478.17471535787,6923.87195295277,-9.86509190714357,0.148270090189226,9.64690750252623e-05,FALSE,TRUE,-2.7274696836191,-0.0555108009829417
"Engraulis japonicus","Teleostei","Clupeiformes","Engraulidae","Engraulis","japonicus",634.3499997041,0.6343499997041,16.2,"C","J. G. Rubalcaba, W. C. E. P. Verberk, A. J. Hendriks. B. Saris, H. A. Woods, Oxygen limitation may affect the temperature and size dependence of metabolism in aquatic ectotherms. Proc. Natl. Acad. Sci. U.S.A. 117, 31963-3196 (2020).",-0.455154426861991,0.589327283403954,40.107022380661,564,289.35,-5478.17471535787,6923.87195295277,-9.86509190714357,0.148270090189226,9.64690750252623e-05,FALSE,TRUE,-2.15764014804076,0.514318734595407
"Engraulis japonicus","Teleostei","Clupeiformes","Engraulidae","Engraulis","japonicus",394.600000076166,0.394600000076166,16.2,"C","J. G. Rubalcaba, W. C. E. P. Verberk, A. J. Hendriks. B. Saris, H. A. Woods, Oxygen limitation may affect the temperature and size dependence of metabolism in aquatic ectotherms. Proc. Natl. Acad. Sci. U.S.A. 117, 31963-3196 (2020).",-0.929882685200601,-1.13270690449672,40.107022380661,557,289.35,-5478.17471535787,6923.87195295277,-9.86509190714357,0.148270090189226,9.64690750252623e-05,FALSE,TRUE,-2.5199420482909,0.152016834345232
"Engraulis japonicus","Teleostei","Clupeiformes","Engraulidae","Engraulis","japonicus",394.600000076166,0.394600000076166,16.2,"C","J. G. Rubalcaba, W. C. E. P. Verberk, A. J. Hendriks. B. Saris, H. A. Woods, Oxygen limitation may affect the temperature and size dependence of metabolism in aquatic ectotherms. Proc. Natl. Acad. Sci. U.S.A. 117, 31963-3196 (2020).",-0.929882685200601,1.80670693877459,40.107022380661,558,289.35,-5478.17471535787,6923.87195295277,-9.86509190714357,0.148270090189226,9.64690750252623e-05,FALSE,TRUE,-2.5199420482909,0.152016834345276
"Engraulis japonicus","Teleostei","Clupeiformes","Engraulidae","Engraulis","japonicus",628.789999627078,0.628789999627078,16.2,"C","J. G. Rubalcaba, W. C. E. P. Verberk, A. J. Hendriks. B. Saris, H. A. Woods, Oxygen limitation may affect the temperature and size dependence of metabolism in aquatic ectotherms. Proc. Natl. Acad. Sci. U.S.A. 117, 31963-3196 (2020).",-0.463957941894567,-0.671555439214794,40.107022380661,559,289.35,-5478.17471535787,6923.87195295277,-9.86509190714357,0.148270090189226,9.64690750252623e-05,FALSE,TRUE,-2.16435879216855,0.507600090467585
"Engraulis japonicus","Teleostei","Clupeiformes","Engraulidae","Engraulis","japonicus",628.789999627078,0.628789999627078,16.2,"C","J. G. Rubalcaba, W. C. E. P. Verberk, A. J. Hendriks. B. Saris, H. A. Woods, Oxygen limitation may affect the temperature and size dependence of metabolism in aquatic ectotherms. Proc. Natl. Acad. Sci. U.S.A. 117, 31963-3196 (2020).",-0.463957941894567,-0.408087624734094,40.107022380661,560,289.35,-5478.17471535787,6923.87195295277,-9.86509190714357,0.148270090189226,9.64690750252623e-05,FALSE,TRUE,-2.16435879216855,0.507600090467607
"Engraulis japonicus","Teleostei","Clupeiformes","Engraulidae","Engraulis","japonicus",300.64999987434,0.30064999987434,16.2,"C","J. G. Rubalcaba, W. C. E. P. Verberk, A. J. Hendriks. B. Saris, H. A. Woods, Oxygen limitation may affect the temperature and size dependence of metabolism in aquatic ectotherms. Proc. Natl. Acad. Sci. U.S.A. 117, 31963-3196 (2020).",-1.20180848191452,2.62326676223246,40.107022380661,556,289.35,-5478.17471535787,6923.87195295277,-9.86509190714357,0.148270090189226,9.64690750252623e-05,FALSE,TRUE,-2.7274696836191,-0.0555108009829435
"Gilchristella aestuaria","Teleostei","Clupeiformes","Clupeidae","Gilchristella","aestuaria",0.0499999999613144,4.99999999613144e-05,15,"C","J. G. Rubalcaba, W. C. E. P. Verberk, A. J. Hendriks. B. Saris, H. A. Woods, Oxygen limitation may affect the temperature and size dependence of metabolism in aquatic ectotherms. Proc. Natl. Acad. Sci. U.S.A. 117, 31963-3196 (2020).",-9.90348755330984,-9.46948300370199,40.2740479814134,812,288.15,-5478.17471535787,6923.87195295277,-9.86509190714357,0.148270090189226,9.64690750252623e-05,FALSE,TRUE,-9.47190476042717,-9.36297551056454
"Gilchristella aestuaria","Teleostei","Clupeiformes","Clupeidae","Gilchristella","aestuaria",0.1199999999868,0.0001199999999868,15,"C","J. G. Rubalcaba, W. C. E. P. Verberk, A. J. Hendriks. B. Saris, H. A. Woods, Oxygen limitation may affect the temperature and size dependence of metabolism in aquatic ectotherms. Proc. Natl. Acad. Sci. U.S.A. 117, 31963-3196 (2020).",-9.02801881529223,-8.64836141028301,40.2740479814134,817,288.15,-5478.17471535787,6923.87195295277,-9.86509190714357,0.148270090189226,9.64690750252623e-05,FALSE,TRUE,-8.80376676395859,-8.69483751409595
"Gilchristella aestuaria","Teleostei","Clupeiformes","Clupeidae","Gilchristella","aestuaria",0.1199999999868,0.0001199999999868,20,"C","J. G. Rubalcaba, W. C. E. P. Verberk, A. J. Hendriks. B. Saris, H. A. Woods, Oxygen limitation may affect the temperature and size dependence of metabolism in aquatic ectotherms. Proc. Natl. Acad. Sci. U.S.A. 117, 31963-3196 (2020).",-9.02801881529223,-8.24112483956728,39.5871292029482,818,293.15,-5478.17471535787,6923.87195295277,-9.86509190714357,0.148270090189226,9.64690750252623e-05,FALSE,TRUE,-8.37806636341328,-8.26913711355064
"Gilchristella aestuaria","Teleostei","Clupeiformes","Clupeidae","Gilchristella","aestuaria",0.0499999999613144,4.99999999613144e-05,15,"C","J. G. Rubalcaba, W. C. E. P. Verberk, A. J. Hendriks. B. Saris, H. A. Woods, Oxygen limitation may affect the temperature and size dependence of metabolism in aquatic ectotherms. Proc. Natl. Acad. Sci. U.S.A. 117, 31963-3196 (2020).",-9.90348755330984,-9.83301842310619,40.2740479814134,811,288.15,-5478.17471535787,6923.87195295277,-9.86509190714357,0.148270090189226,9.64690750252623e-05,FALSE,TRUE,-9.47190476042717,-9.36297551056455
"Gilchristella aestuaria","Teleostei","Clupeiformes","Clupeidae","Gilchristella","aestuaria",0.1499999999807,0.0001499999999807,15,"C","J. G. Rubalcaba, W. C. E. P. Verberk, A. J. Hendriks. B. Saris, H. A. Woods, Oxygen limitation may affect the temperature and size dependence of metabolism in aquatic ectotherms. Proc. Natl. Acad. Sci. U.S.A. 117, 31963-3196 (2020).",-8.80487526399668,-8.69881519295604,40.2740479814134,820,288.15,-5478.17471535787,6923.87195295277,-9.86509190714357,0.148270090189226,9.64690750252623e-05,FALSE,TRUE,-8.63346863815106,-8.52453938828842
"Gilchristella aestuaria","Teleostei","Clupeiformes","Clupeidae","Gilchristella","aestuaria",0.1499999999807,0.0001499999999807,20,"C","J. G. Rubalcaba, W. C. E. P. Verberk, A. J. Hendriks. B. Saris, H. A. Woods, Oxygen limitation may affect the temperature and size dependence of metabolism in aquatic ectotherms. Proc. Natl. Acad. Sci. U.S.A. 117, 31963-3196 (2020).",-8.80487526399668,-8.1563282903982,39.5871292029482,821,293.15,-5478.17471535787,6923.87195295277,-9.86509190714357,0.148270090189226,9.64690750252623e-05,FALSE,TRUE,-8.20776823760574,-8.09883898774309
"Gilchristella aestuaria","Teleostei","Clupeiformes","Clupeidae","Gilchristella","aestuaria",0.7599999995086,0.0007599999995086,15,"C","J. G. Rubalcaba, W. C. E. P. Verberk, A. J. Hendriks. B. Saris, H. A. Woods, Oxygen limitation may affect the temperature and size dependence of metabolism in aquatic ectotherms. Proc. Natl. Acad. Sci. U.S.A. 117, 31963-3196 (2020).",-7.18219212533048,-7.31602347039346,40.2740479814134,822,288.15,-5478.17471535787,6923.87195295277,-9.86509190714357,0.148270090189226,9.64690750252623e-05,FALSE,TRUE,-7.39507346298265,-7.28614421312001
"Gilchristella aestuaria","Teleostei","Clupeiformes","Clupeidae","Gilchristella","aestuaria",0.1199999999868,0.0001199999999868,25,"C","J. G. Rubalcaba, W. C. E. P. Verberk, A. J. Hendriks. B. Saris, H. A. Woods, Oxygen limitation may affect the temperature and size dependence of metabolism in aquatic ectotherms. Proc. Natl. Acad. Sci. U.S.A. 117, 31963-3196 (2020).",-9.02801881529223,-7.74384182904094,38.9232497932056,819,298.15,-5478.17471535787,6923.87195295277,-9.86509190714357,0.148270090189226,9.64690750252623e-05,FALSE,TRUE,-7.96664402426475,-7.8577147744021
"Gilchristella aestuaria","Teleostei","Clupeiformes","Clupeidae","Gilchristella","aestuaria",0.8299999992812,0.0008299999992812,25,"C","J. G. Rubalcaba, W. C. E. P. Verberk, A. J. Hendriks. B. Saris, H. A. Woods, Oxygen limitation may affect the temperature and size dependence of metabolism in aquatic ectotherms. Proc. Natl. Acad. Sci. U.S.A. 117, 31963-3196 (2020).",-7.09408485803965,-6.46193170065341,38.9232497932056,824,298.15,-5478.17471535787,6923.87195295277,-9.86509190714357,0.148270090189226,9.64690750252623e-05,FALSE,TRUE,-6.49070924396961,-6.38177999410696
"Gilchristella aestuaria","Teleostei","Clupeiformes","Clupeidae","Gilchristella","aestuaria",0.870000000764,0.000870000000764,20,"C","J. G. Rubalcaba, W. C. E. P. Verberk, A. J. Hendriks. B. Saris, H. A. Woods, Oxygen limitation may affect the temperature and size dependence of metabolism in aquatic ectotherms. Proc. Natl. Acad. Sci. U.S.A. 117, 31963-3196 (2020).",-7.04701734543748,-6.77686616368317,39.5871292029482,825,293.15,-5478.17471535787,6923.87195295277,-9.86509190714357,0.148270090189226,9.64690750252623e-05,FALSE,TRUE,-6.86621071901055,-6.75728146914791
"Gilchristella aestuaria","Teleostei","Clupeiformes","Clupeidae","Gilchristella","aestuaria",0.0499999999613144,4.99999999613144e-05,20,"C","J. G. Rubalcaba, W. C. E. P. Verberk, A. J. Hendriks. B. Saris, H. A. Woods, Oxygen limitation may affect the temperature and size dependence of metabolism in aquatic ectotherms. Proc. Natl. Acad. Sci. U.S.A. 117, 31963-3196 (2020).",-9.90348755330984,-9.10953888290553,39.5871292029482,813,293.15,-5478.17471535787,6923.87195295277,-9.86509190714357,0.148270090189226,9.64690750252623e-05,FALSE,TRUE,-9.04620435988186,-8.93727511001921
"Gilchristella aestuaria","Teleostei","Clupeiformes","Clupeidae","Gilchristella","aestuaria",0.7899999994716,0.0007899999994716,15,"C","J. G. Rubalcaba, W. C. E. P. Verberk, A. J. Hendriks. B. Saris, H. A. Woods, Oxygen limitation may affect the temperature and size dependence of metabolism in aquatic ectotherms. Proc. Natl. Acad. Sci. U.S.A. 117, 31963-3196 (2020).",-7.14347761317207,-7.41529470635916,40.2740479814134,823,288.15,-5478.17471535787,6923.87195295277,-9.86509190714357,0.148270090189226,9.64690750252623e-05,FALSE,TRUE,-7.36552742042909,-7.25659817056644
"Gilchristella aestuaria","Teleostei","Clupeiformes","Clupeidae","Gilchristella","aestuaria",0.0499999999613144,4.99999999613144e-05,25,"C","J. G. Rubalcaba, W. C. E. P. Verberk, A. J. Hendriks. B. Saris, H. A. Woods, Oxygen limitation may affect the temperature and size dependence of metabolism in aquatic ectotherms. Proc. Natl. Acad. Sci. U.S.A. 117, 31963-3196 (2020).",-9.90348755330984,-8.52586140203693,38.9232497932056,815,298.15,-5478.17471535787,6923.87195295277,-9.86509190714357,0.148270090189226,9.64690750252623e-05,FALSE,TRUE,-8.63478202073333,-8.52585277087069
"Gilchristella aestuaria","Teleostei","Clupeiformes","Clupeidae","Gilchristella","aestuaria",0.0899999999089575,8.99999999089575e-05,20,"C","J. G. Rubalcaba, W. C. E. P. Verberk, A. J. Hendriks. B. Saris, H. A. Woods, Oxygen limitation may affect the temperature and size dependence of metabolism in aquatic ectotherms. Proc. Natl. Acad. Sci. U.S.A. 117, 31963-3196 (2020).",-9.31570088864559,-8.61758975161619,39.5871292029482,816,293.15,-5478.17471535787,6923.87195295277,-9.86509190714357,0.148270090189226,9.64690750252623e-05,FALSE,TRUE,-8.59761883372248,-8.48868958385982
"Gilchristella aestuaria","Teleostei","Clupeiformes","Clupeidae","Gilchristella","aestuaria",1.4399999996841,0.0014399999996841,20,"C","J. G. Rubalcaba, W. C. E. P. Verberk, A. J. Hendriks. B. Saris, H. A. Woods, Oxygen limitation may affect the temperature and size dependence of metabolism in aquatic ectotherms. Proc. Natl. Acad. Sci. U.S.A. 117, 31963-3196 (2020).",-6.5431121656136,-6.41287130747841,39.5871292029482,830,293.15,-5478.17471535787,6923.87195295277,-9.86509190714357,0.148270090189226,9.64690750252623e-05,FALSE,TRUE,-6.48164165030796,-6.37271240044531
"Gilchristella aestuaria","Teleostei","Clupeiformes","Clupeidae","Gilchristella","aestuaria",1.4399999996841,0.0014399999996841,15,"C","J. G. Rubalcaba, W. C. E. P. Verberk, A. J. Hendriks. B. Saris, H. A. Woods, Oxygen limitation may affect the temperature and size dependence of metabolism in aquatic ectotherms. Proc. Natl. Acad. Sci. U.S.A. 117, 31963-3196 (2020).",-6.5431121656136,-6.99929371188626,40.2740479814134,829,288.15,-5478.17471535787,6923.87195295277,-9.86509190714357,0.148270090189226,9.64690750252623e-05,FALSE,TRUE,-6.90734205085327,-6.79841280099063
"Gilchristella aestuaria","Teleostei","Clupeiformes","Clupeidae","Gilchristella","aestuaria",0.0499999999613144,4.99999999613144e-05,20,"C","J. G. Rubalcaba, W. C. E. P. Verberk, A. J. Hendriks. B. Saris, H. A. Woods, Oxygen limitation may affect the temperature and size dependence of metabolism in aquatic ectotherms. Proc. Natl. Acad. Sci. U.S.A. 117, 31963-3196 (2020).",-9.90348755330984,-9.0648579147784,39.5871292029482,814,293.15,-5478.17471535787,6923.87195295277,-9.86509190714357,0.148270090189226,9.64690750252623e-05,FALSE,TRUE,-9.04620435988186,-8.93727511001921
"Gilchristella aestuaria","Teleostei","Clupeiformes","Clupeidae","Gilchristella","aestuaria",1.3199999993743,0.0013199999993743,20,"C","J. G. Rubalcaba, W. C. E. P. Verberk, A. J. Hendriks. B. Saris, H. A. Woods, Oxygen limitation may affect the temperature and size dependence of metabolism in aquatic ectotherms. Proc. Natl. Acad. Sci. U.S.A. 117, 31963-3196 (2020).",-6.63012354285787,-6.54170062350817,39.5871292029482,826,293.15,-5478.17471535787,6923.87195295277,-9.86509190714357,0.148270090189226,9.64690750252623e-05,FALSE,TRUE,-6.54804677105915,-6.43911752119651
"Gilchristella aestuaria","Teleostei","Clupeiformes","Clupeidae","Gilchristella","aestuaria",1.379999998725,0.001379999998725,15,"C","J. G. Rubalcaba, W. C. E. P. Verberk, A. J. Hendriks. B. Saris, H. A. Woods, Oxygen limitation may affect the temperature and size dependence of metabolism in aquatic ectotherms. Proc. Natl. Acad. Sci. U.S.A. 117, 31963-3196 (2020).",-6.58567178073694,-6.81748353342327,40.2740479814134,827,288.15,-5478.17471535787,6923.87195295277,-9.86509190714357,0.148270090189226,9.64690750252623e-05,FALSE,TRUE,-6.93982258927132,-6.83089333940868
"Gilchristella aestuaria","Teleostei","Clupeiformes","Clupeidae","Gilchristella","aestuaria",1.379999998725,0.001379999998725,25,"C","J. G. Rubalcaba, W. C. E. P. Verberk, A. J. Hendriks. B. Saris, H. A. Woods, Oxygen limitation may affect the temperature and size dependence of metabolism in aquatic ectotherms. Proc. Natl. Acad. Sci. U.S.A. 117, 31963-3196 (2020).",-6.58567178073694,-6.04882880330851,38.9232497932056,828,298.15,-5478.17471535787,6923.87195295277,-9.86509190714357,0.148270090189226,9.64690750252623e-05,FALSE,TRUE,-6.10269984957747,-5.99377059971481
"Gnathonemus petersii","Teleostei","Osteoglossiformes","Mormyridae","Gnathonemus","petersii",5.849999998893,0.005849999998893,26,"C","J. G. Rubalcaba, W. C. E. P. Verberk, A. J. Hendriks. B. Saris, H. A. Woods, Oxygen limitation may affect the temperature and size dependence of metabolism in aquatic ectotherms. Proc. Natl. Acad. Sci. U.S.A. 117, 31963-3196 (2020).",-5.1413136179276,-6.06597259928304,38.7931369742412,836,299.15,-5478.17471535787,6923.87195295277,-9.86509190714357,0.148270090189226,9.64690750252623e-05,FALSE,TRUE,-4.91976417179423,-5.43021105261058
"Ichthyomyzon fossor","Cephalaspidomorphi","Petromyzontiformes","Petromyzontidae","Ichthyomyzon","fossor",3.7800000014167,0.0037800000014167,18,"C","J. G. Rubalcaba, W. C. E. P. Verberk, A. J. Hendriks. B. Saris, H. A. Woods, Oxygen limitation may affect the temperature and size dependence of metabolism in aquatic ectotherms. Proc. Natl. Acad. Sci. U.S.A. 117, 31963-3196 (2020).",-5.57803126897585,-6.09752509785667,39.8590655189568,867,291.15,-4787.35547680534,-1628.02388294841,32.4701150460995,-1.88743442551193,-0.00293293133310313,FALSE,TRUE,-5.91363927445919,-6.06078851453839
"Lampetra fluviatilis","Cephalaspidomorphi","Petromyzontiformes","Petromyzontidae","Lampetra","fluviatilis",1.4299999984686,0.0014299999984686,9.4,"C","J. G. Rubalcaba, W. C. E. P. Verberk, A. J. Hendriks. B. Saris, H. A. Woods, Oxygen limitation may affect the temperature and size dependence of metabolism in aquatic ectotherms. Proc. Natl. Acad. Sci. U.S.A. 117, 31963-3196 (2020).",-6.55008083578123,-8.38644052741253,41.0722595145789,952,282.55,-4787.35547680534,-1628.02388294841,32.4701150460995,-1.88743442551193,-0.00293293133310313,FALSE,TRUE,-7.40733163071824,-7.61902085334981
"Lampetra fluviatilis","Cephalaspidomorphi","Petromyzontiformes","Petromyzontidae","Lampetra","fluviatilis",1.4299999984686,0.0014299999984686,14.7,"C","J. G. Rubalcaba, W. C. E. P. Verberk, A. J. Hendriks. B. Saris, H. A. Woods, Oxygen limitation may affect the temperature and size dependence of metabolism in aquatic ectotherms. Proc. Natl. Acad. Sci. U.S.A. 117, 31963-3196 (2020).",-6.55008083578123,-7.15837015914676,40.316021976183,956,287.85,-4787.35547680534,-1628.02388294841,32.4701150460995,-1.88743442551193,-0.00293293133310313,FALSE,TRUE,-6.93867269592851,-7.15036191856008
"Lampetra fluviatilis","Cephalaspidomorphi","Petromyzontiformes","Petromyzontidae","Lampetra","fluviatilis",1.4299999984686,0.0014299999984686,10,"C","J. G. Rubalcaba, W. C. E. P. Verberk, A. J. Hendriks. B. Saris, H. A. Woods, Oxygen limitation may affect the temperature and size dependence of metabolism in aquatic ectotherms. Proc. Natl. Acad. Sci. U.S.A. 117, 31963-3196 (2020).",-6.55008083578123,-8.31582294524243,40.9852266496354,953,283.15,-4787.35547680534,-1628.02388294841,32.4701150460995,-1.88743442551193,-0.00293293133310313,FALSE,TRUE,-7.35339523149819,-7.56508445412976
"Lampetra fluviatilis","Cephalaspidomorphi","Petromyzontiformes","Petromyzontidae","Lampetra","fluviatilis",1.4299999984686,0.0014299999984686,10,"C","J. G. Rubalcaba, W. C. E. P. Verberk, A. J. Hendriks. B. Saris, H. A. Woods, Oxygen limitation may affect the temperature and size dependence of metabolism in aquatic ectotherms. Proc. Natl. Acad. Sci. U.S.A. 117, 31963-3196 (2020).",-6.55008083578123,-8.20819228058643,40.9852266496354,954,283.15,-4787.35547680534,-1628.02388294841,32.4701150460995,-1.88743442551193,-0.00293293133310313,FALSE,TRUE,-7.35339523149819,-7.56508445412977
"Lampetra fluviatilis","Cephalaspidomorphi","Petromyzontiformes","Petromyzontidae","Lampetra","fluviatilis",1.4299999984686,0.0014299999984686,9.8,"C","J. G. Rubalcaba, W. C. E. P. Verberk, A. J. Hendriks. B. Saris, H. A. Woods, Oxygen limitation may affect the temperature and size dependence of metabolism in aquatic ectotherms. Proc. Natl. Acad. Sci. U.S.A. 117, 31963-3196 (2020).",-6.55008083578123,-7.66919579005067,41.0141965924872,955,282.95,-4787.35547680534,-1628.02388294841,32.4701150460995,-1.88743442551193,-0.00293293133310313,FALSE,TRUE,-7.37134861501662,-7.5830378376482
"Lampetra fluviatilis","Cephalaspidomorphi","Petromyzontiformes","Petromyzontidae","Lampetra","fluviatilis",30.3000000347233,0.0303000000347233,9.5,"C","J. G. Rubalcaba, W. C. E. P. Verberk, A. J. Hendriks. B. Saris, H. A. Woods, Oxygen limitation may affect the temperature and size dependence of metabolism in aquatic ectotherms. Proc. Natl. Acad. Sci. U.S.A. 117, 31963-3196 (2020).",-3.49660756532083,-5.33296724987816,41.0577283773015,960,282.65,-4787.35547680534,-1628.02388294841,32.4701150460995,-1.88743442551193,-0.00293293133310313,FALSE,TRUE,-5.06798439360759,-5.27967361623916
"Lampetra fluviatilis","Cephalaspidomorphi","Petromyzontiformes","Petromyzontidae","Lampetra","fluviatilis",23.299999998604,0.023299999998604,16,"C","J. G. Rubalcaba, W. C. E. P. Verberk, A. J. Hendriks. B. Saris, H. A. Woods, Oxygen limitation may affect the temperature and size dependence of metabolism in aquatic ectotherms. Proc. Natl. Acad. Sci. U.S.A. 117, 31963-3196 (2020).",-3.7593019184704,-4.590734797148,40.1347637068797,957,289.15,-4787.35547680534,-1628.02388294841,32.4701150460995,-1.88743442551193,-0.00293293133310313,FALSE,TRUE,-4.69648297510689,-4.90817219773846
"Lampetra fluviatilis","Cephalaspidomorphi","Petromyzontiformes","Petromyzontidae","Lampetra","fluviatilis",28.599999991502,0.028599999991502,16,"C","J. G. Rubalcaba, W. C. E. P. Verberk, A. J. Hendriks. B. Saris, H. A. Woods, Oxygen limitation may affect the temperature and size dependence of metabolism in aquatic ectotherms. Proc. Natl. Acad. Sci. U.S.A. 117, 31963-3196 (2020).",-3.55434856145346,-4.63837219217291,40.1347637068797,958,289.15,-4787.35547680534,-1628.02388294841,32.4701150460995,-1.88743442551193,-0.00293293133310313,FALSE,TRUE,-4.54006719533059,-4.75175641796216
"Lampetra fluviatilis","Cephalaspidomorphi","Petromyzontiformes","Petromyzontidae","Lampetra","fluviatilis",29.2999999761097,0.0292999999761097,9.5,"C","J. G. Rubalcaba, W. C. E. P. Verberk, A. J. Hendriks. B. Saris, H. A. Woods, Oxygen limitation may affect the temperature and size dependence of metabolism in aquatic ectotherms. Proc. Natl. Acad. Sci. U.S.A. 117, 31963-3196 (2020).",-3.53016776377448,-5.25145811618703,41.0577283773015,959,282.65,-4787.35547680534,-1628.02388294841,32.4701150460995,-1.88743442551193,-0.00293293133310313,FALSE,TRUE,-5.09359678018656,-5.30528600281813
"Lampetra fluviatilis","Cephalaspidomorphi","Petromyzontiformes","Petromyzontidae","Lampetra","fluviatilis",1.4299999984686,0.0014299999984686,4.8,"C","J. G. Rubalcaba, W. C. E. P. Verberk, A. J. Hendriks. B. Saris, H. A. Woods, Oxygen limitation may affect the temperature and size dependence of metabolism in aquatic ectotherms. Proc. Natl. Acad. Sci. U.S.A. 117, 31963-3196 (2020).",-6.55008083578123,-8.54466451312912,41.7519946963276,951,277.95,-4787.35547680534,-1628.02388294841,32.4701150460995,-1.88743442551193,-0.00293293133310313,FALSE,TRUE,-7.82858018033821,-8.04026940296979
"Lampetra fluviatilis","Cephalaspidomorphi","Petromyzontiformes","Petromyzontidae","Lampetra","fluviatilis",39.4000000158242,0.0394000000158242,9.5,"C","J. G. Rubalcaba, W. C. E. P. Verberk, A. J. Hendriks. B. Saris, H. A. Woods, Oxygen limitation may affect the temperature and size dependence of metabolism in aquatic ectotherms. Proc. Natl. Acad. Sci. U.S.A. 117, 31963-3196 (2020).",-3.23398946227662,-4.99973157874964,41.0577283773015,965,282.65,-4787.35547680534,-1628.02388294841,32.4701150460995,-1.88743442551193,-0.00293293133310313,FALSE,TRUE,-4.86756018017233,-5.07924940280391
"Lampetra fluviatilis","Cephalaspidomorphi","Petromyzontiformes","Petromyzontidae","Lampetra","fluviatilis",41.1999999968566,0.0411999999968566,9.5,"C","J. G. Rubalcaba, W. C. E. P. Verberk, A. J. Hendriks. B. Saris, H. A. Woods, Oxygen limitation may affect the temperature and size dependence of metabolism in aquatic ectotherms. Proc. Natl. Acad. Sci. U.S.A. 117, 31963-3196 (2020).",-3.18931702270295,-5.15572983440696,41.0577283773015,966,282.65,-4787.35547680534,-1628.02388294841,32.4701150460995,-1.88743442551193,-0.00293293133310313,FALSE,TRUE,-4.83346718178418,-5.04515640441575
"Lampetra fluviatilis","Cephalaspidomorphi","Petromyzontiformes","Petromyzontidae","Lampetra","fluviatilis",42.2000000037241,0.0422000000037241,16,"C","J. G. Rubalcaba, W. C. E. P. Verberk, A. J. Hendriks. B. Saris, H. A. Woods, Oxygen limitation may affect the temperature and size dependence of metabolism in aquatic ectotherms. Proc. Natl. Acad. Sci. U.S.A. 117, 31963-3196 (2020).",-3.16533505785192,-4.33324017294517,40.1347637068797,967,289.15,-4787.35547680534,-1628.02388294841,32.4701150460995,-1.88743442551193,-0.00293293133310313,FALSE,TRUE,-4.24318086277678,-4.45487008540835
"Lampetra fluviatilis","Cephalaspidomorphi","Petromyzontiformes","Petromyzontidae","Lampetra","fluviatilis",42.6999999975396,0.0426999999975396,9.5,"C","J. G. Rubalcaba, W. C. E. P. Verberk, A. J. Hendriks. B. Saris, H. A. Woods, Oxygen limitation may affect the temperature and size dependence of metabolism in aquatic ectotherms. Proc. Natl. Acad. Sci. U.S.A. 117, 31963-3196 (2020).",-3.15355635880518,-5.09257019549252,41.0577283773015,968,282.65,-4787.35547680534,-1628.02388294841,32.4701150460995,-1.88743442551193,-0.00293293133310313,FALSE,TRUE,-4.8061754496052,-5.01786467223678
"Lampetra fluviatilis","Cephalaspidomorphi","Petromyzontiformes","Petromyzontidae","Lampetra","fluviatilis",43.7000000029762,0.0437000000029762,9.5,"C","J. G. Rubalcaba, W. C. E. P. Verberk, A. J. Hendriks. B. Saris, H. A. Woods, Oxygen limitation may affect the temperature and size dependence of metabolism in aquatic ectotherms. Proc. Natl. Acad. Sci. U.S.A. 117, 31963-3196 (2020).",-3.13040717681249,-5.06942101392774,41.0577283773015,969,282.65,-4787.35547680534,-1628.02388294841,32.4701150460995,-1.88743442551193,-0.00293293133310313,FALSE,TRUE,-4.78850851599029,-5.00019773862186
"Lampetra fluviatilis","Cephalaspidomorphi","Petromyzontiformes","Petromyzontidae","Lampetra","fluviatilis",44.1999999644714,0.0441999999644714,9.5,"C","J. G. Rubalcaba, W. C. E. P. Verberk, A. J. Hendriks. B. Saris, H. A. Woods, Oxygen limitation may affect the temperature and size dependence of metabolism in aquatic ectotherms. Proc. Natl. Acad. Sci. U.S.A. 117, 31963-3196 (2020).",-3.1190304907023,-5.14260171478556,41.0577283773015,970,282.65,-4787.35547680534,-1628.02388294841,32.4701150460995,-1.88743442551193,-0.00293293133310313,FALSE,TRUE,-4.77982608572862,-4.99151530836019
"Lampetra fluviatilis","Cephalaspidomorphi","Petromyzontiformes","Petromyzontidae","Lampetra","fluviatilis",45.2000000196307,0.0452000000196307,16,"C","J. G. Rubalcaba, W. C. E. P. Verberk, A. J. Hendriks. B. Saris, H. A. Woods, Oxygen limitation may affect the temperature and size dependence of metabolism in aquatic ectotherms. Proc. Natl. Acad. Sci. U.S.A. 117, 31963-3196 (2020).",-3.09665819170964,-4.05147009179233,40.1347637068797,971,289.15,-4787.35547680534,-1628.02388294841,32.4701150460995,-1.88743442551193,-0.00293293133310313,FALSE,TRUE,-4.19076822740165,-4.40245745003322
"Lampetra fluviatilis","Cephalaspidomorphi","Petromyzontiformes","Petromyzontidae","Lampetra","fluviatilis",45.6999999926498,0.0456999999926498,9.5,"C","J. G. Rubalcaba, W. C. E. P. Verberk, A. J. Hendriks. B. Saris, H. A. Woods, Oxygen limitation may affect the temperature and size dependence of metabolism in aquatic ectotherms. Proc. Natl. Acad. Sci. U.S.A. 117, 31963-3196 (2020).",-3.08565698124281,-4.78544112939423,41.0577283773015,972,282.65,-4787.35547680534,-1628.02388294841,32.4701150460995,-1.88743442551193,-0.00293293133310313,FALSE,TRUE,-4.75435617597961,-4.96604539861119
"Lampetra fluviatilis","Cephalaspidomorphi","Petromyzontiformes","Petromyzontidae","Lampetra","fluviatilis",46.7999999920123,0.0467999999920123,9.5,"C","J. G. Rubalcaba, W. C. E. P. Verberk, A. J. Hendriks. B. Saris, H. A. Woods, Oxygen limitation may affect the temperature and size dependence of metabolism in aquatic ectotherms. Proc. Natl. Acad. Sci. U.S.A. 117, 31963-3196 (2020).",-3.06187207622921,-4.97421766617459,41.0577283773015,973,282.65,-4787.35547680534,-1628.02388294841,32.4701150460995,-1.88743442551193,-0.00293293133310313,FALSE,TRUE,-4.73620407289256,-4.94789329552414
"Lampetra fluviatilis","Cephalaspidomorphi","Petromyzontiformes","Petromyzontidae","Lampetra","fluviatilis",32.8000000217753,0.0328000000217753,9.5,"C","J. G. Rubalcaba, W. C. E. P. Verberk, A. J. Hendriks. B. Saris, H. A. Woods, Oxygen limitation may affect the temperature and size dependence of metabolism in aquatic ectotherms. Proc. Natl. Acad. Sci. U.S.A. 117, 31963-3196 (2020).",-3.41732676292816,-5.38373957541933,41.0577283773015,961,282.65,-4787.35547680534,-1628.02388294841,32.4701150460995,-1.88743442551193,-0.00293293133310313,FALSE,TRUE,-5.007479073236,-5.21916829586758
"Lampetra fluviatilis","Cephalaspidomorphi","Petromyzontiformes","Petromyzontidae","Lampetra","fluviatilis",32.8000000217753,0.0328000000217753,9.5,"C","J. G. Rubalcaba, W. C. E. P. Verberk, A. J. Hendriks. B. Saris, H. A. Woods, Oxygen limitation may affect the temperature and size dependence of metabolism in aquatic ectotherms. Proc. Natl. Acad. Sci. U.S.A. 117, 31963-3196 (2020).",-3.41732676292816,-4.99696660027766,41.0577283773015,962,282.65,-4787.35547680534,-1628.02388294841,32.4701150460995,-1.88743442551193,-0.00293293133310313,FALSE,TRUE,-5.007479073236,-5.21916829586757
"Lampetra fluviatilis","Cephalaspidomorphi","Petromyzontiformes","Petromyzontidae","Lampetra","fluviatilis",33.2000000226251,0.0332000000226251,16,"C","J. G. Rubalcaba, W. C. E. P. Verberk, A. J. Hendriks. B. Saris, H. A. Woods, Oxygen limitation may affect the temperature and size dependence of metabolism in aquatic ectotherms. Proc. Natl. Acad. Sci. U.S.A. 117, 31963-3196 (2020).",-3.40520540237822,-4.62440381256256,40.1347637068797,963,289.15,-4787.35547680534,-1628.02388294841,32.4701150460995,-1.88743442551193,-0.00293293133310313,FALSE,TRUE,-4.4262444999398,-4.63793372257138
"Lampetra fluviatilis","Cephalaspidomorphi","Petromyzontiformes","Petromyzontidae","Lampetra","fluviatilis",36.9999999942923,0.0369999999942923,16.5,"C","J. G. Rubalcaba, W. C. E. P. Verberk, A. J. Hendriks. B. Saris, H. A. Woods, Oxygen limitation may affect the temperature and size dependence of metabolism in aquatic ectotherms. Proc. Natl. Acad. Sci. U.S.A. 117, 31963-3196 (2020).",-3.29683736649217,-3.90512669363335,40.0654822228354,964,289.65,-4787.35547680534,-1628.02388294841,32.4701150460995,-1.88743442551193,-0.00293293133310313,FALSE,TRUE,-4.30060502550434,-4.51229424813593
"Lampetra fluviatilis","Cephalaspidomorphi","Petromyzontiformes","Petromyzontidae","Lampetra","fluviatilis",49.5000000075717,0.0495000000075717,9.5,"C","J. G. Rubalcaba, W. C. E. P. Verberk, A. J. Hendriks. B. Saris, H. A. Woods, Oxygen limitation may affect the temperature and size dependence of metabolism in aquatic ectotherms. Proc. Natl. Acad. Sci. U.S.A. 117, 31963-3196 (2020).",-3.00578260925453,-4.91812819987419,41.0577283773015,978,282.65,-4787.35547680534,-1628.02388294841,32.4701150460995,-1.88743442551193,-0.00293293133310313,FALSE,TRUE,-4.69339785667939,-4.90508707931096
"Lampetra fluviatilis","Cephalaspidomorphi","Petromyzontiformes","Petromyzontidae","Lampetra","fluviatilis",49.5000000075717,0.0495000000075717,16,"C","J. G. Rubalcaba, W. C. E. P. Verberk, A. J. Hendriks. B. Saris, H. A. Woods, Oxygen limitation may affect the temperature and size dependence of metabolism in aquatic ectotherms. Proc. Natl. Acad. Sci. U.S.A. 117, 31963-3196 (2020).",-3.00578260925453,-3.9209853710464,40.1347637068797,979,289.15,-4787.35547680534,-1628.02388294841,32.4701150460995,-1.88743442551193,-0.00293293133310313,FALSE,TRUE,-4.12141403238269,-4.33310325501427
"Lampetra fluviatilis","Cephalaspidomorphi","Petromyzontiformes","Petromyzontidae","Lampetra","fluviatilis",50.699999961086,0.050699999961086,16,"C","J. G. Rubalcaba, W. C. E. P. Verberk, A. J. Hendriks. B. Saris, H. A. Woods, Oxygen limitation may affect the temperature and size dependence of metabolism in aquatic ectotherms. Proc. Natl. Acad. Sci. U.S.A. 117, 31963-3196 (2020).",-2.98182936915253,-4.20102777781749,40.1347637068797,980,289.15,-4787.35547680534,-1628.02388294841,32.4701150460995,-1.88743442551193,-0.00293293133310313,FALSE,TRUE,-4.10313345975263,-4.31482268238421
"Lampetra fluviatilis","Cephalaspidomorphi","Petromyzontiformes","Petromyzontidae","Lampetra","fluviatilis",52.4000000019634,0.0524000000019634,9.5,"C","J. G. Rubalcaba, W. C. E. P. Verberk, A. J. Hendriks. B. Saris, H. A. Woods, Oxygen limitation may affect the temperature and size dependence of metabolism in aquatic ectotherms. Proc. Natl. Acad. Sci. U.S.A. 117, 31963-3196 (2020).",-2.94884868761767,-4.97241991304307,41.0577283773015,981,282.65,-4787.35547680534,-1628.02388294841,32.4701150460995,-1.88743442551193,-0.00293293133310313,FALSE,TRUE,-4.64994717171297,-4.86163639434455
"Lampetra fluviatilis","Cephalaspidomorphi","Petromyzontiformes","Petromyzontidae","Lampetra","fluviatilis",53.0000000487185,0.0530000000487185,9.5,"C","J. G. Rubalcaba, W. C. E. P. Verberk, A. J. Hendriks. B. Saris, H. A. Woods, Oxygen limitation may affect the temperature and size dependence of metabolism in aquatic ectotherms. Proc. Natl. Acad. Sci. U.S.A. 117, 31963-3196 (2020).",-2.9374633645108,-4.79851566083044,41.0577283773015,982,282.65,-4787.35547680534,-1628.02388294841,32.4701150460995,-1.88743442551193,-0.00293293133310313,FALSE,TRUE,-4.64125814989022,-4.85294737252179
"Lampetra fluviatilis","Cephalaspidomorphi","Petromyzontiformes","Petromyzontidae","Lampetra","fluviatilis",53.0000000487185,0.0530000000487185,16,"C","J. G. Rubalcaba, W. C. E. P. Verberk, A. J. Hendriks. B. Saris, H. A. Woods, Oxygen limitation may affect the temperature and size dependence of metabolism in aquatic ectotherms. Proc. Natl. Acad. Sci. U.S.A. 117, 31963-3196 (2020).",-2.9374633645108,-3.8822249292259,40.1347637068797,983,289.15,-4787.35547680534,-1628.02388294841,32.4701150460995,-1.88743442551193,-0.00293293133310313,FALSE,TRUE,-4.06927432559352,-4.2809635482251
"Lampetra fluviatilis","Cephalaspidomorphi","Petromyzontiformes","Petromyzontidae","Lampetra","fluviatilis",54.2000000576093,0.0542000000576093,16,"C","J. G. Rubalcaba, W. C. E. P. Verberk, A. J. Hendriks. B. Saris, H. A. Woods, Oxygen limitation may affect the temperature and size dependence of metabolism in aquatic ectotherms. Proc. Natl. Acad. Sci. U.S.A. 117, 31963-3196 (2020).",-2.91507436947363,-4.05828687308232,40.1347637068797,984,289.15,-4787.35547680534,-1628.02388294841,32.4701150460995,-1.88743442551193,-0.00293293133310313,FALSE,TRUE,-4.05218754951863,-4.2638767721502
"Lampetra fluviatilis","Cephalaspidomorphi","Petromyzontiformes","Petromyzontidae","Lampetra","fluviatilis",55.4999999843228,0.0554999999843228,9.5,"C","J. G. Rubalcaba, W. C. E. P. Verberk, A. J. Hendriks. B. Saris, H. A. Woods, Oxygen limitation may affect the temperature and size dependence of metabolism in aquatic ectotherms. Proc. Natl. Acad. Sci. U.S.A. 117, 31963-3196 (2020).",-2.89137225851222,-4.70363438966721,41.0577283773015,985,282.65,-4787.35547680534,-1628.02388294841,32.4701150460995,-1.88743442551193,-0.00293293133310313,FALSE,TRUE,-4.60608245728166,-4.81777167991324
"Lampetra fluviatilis","Cephalaspidomorphi","Petromyzontiformes","Petromyzontidae","Lampetra","fluviatilis",55.4999999843228,0.0554999999843228,9.5,"C","J. G. Rubalcaba, W. C. E. P. Verberk, A. J. Hendriks. B. Saris, H. A. Woods, Oxygen limitation may affect the temperature and size dependence of metabolism in aquatic ectotherms. Proc. Natl. Acad. Sci. U.S.A. 117, 31963-3196 (2020).",-2.89137225851222,-4.59115640651443,41.0577283773015,986,282.65,-4787.35547680534,-1628.02388294841,32.4701150460995,-1.88743442551193,-0.00293293133310313,FALSE,TRUE,-4.60608245728166,-4.81777167991323
"Lampetra fluviatilis","Cephalaspidomorphi","Petromyzontiformes","Petromyzontidae","Lampetra","fluviatilis",46.7999999920123,0.0467999999920123,9.5,"C","J. G. Rubalcaba, W. C. E. P. Verberk, A. J. Hendriks. B. Saris, H. A. Woods, Oxygen limitation may affect the temperature and size dependence of metabolism in aquatic ectotherms. Proc. Natl. Acad. Sci. U.S.A. 117, 31963-3196 (2020).",-3.06187207622921,-4.94824217973013,41.0577283773015,974,282.65,-4787.35547680534,-1628.02388294841,32.4701150460995,-1.88743442551193,-0.00293293133310313,FALSE,TRUE,-4.73620407289256,-4.94789329552414
"Lampetra fluviatilis","Cephalaspidomorphi","Petromyzontiformes","Petromyzontidae","Lampetra","fluviatilis",46.7999999920123,0.0467999999920123,9.5,"C","J. G. Rubalcaba, W. C. E. P. Verberk, A. J. Hendriks. B. Saris, H. A. Woods, Oxygen limitation may affect the temperature and size dependence of metabolism in aquatic ectotherms. Proc. Natl. Acad. Sci. U.S.A. 117, 31963-3196 (2020).",-3.06187207622921,-4.92292437170669,41.0577283773015,975,282.65,-4787.35547680534,-1628.02388294841,32.4701150460995,-1.88743442551193,-0.00293293133310313,FALSE,TRUE,-4.73620407289256,-4.94789329552414
"Lampetra fluviatilis","Cephalaspidomorphi","Petromyzontiformes","Petromyzontidae","Lampetra","fluviatilis",46.7999999920123,0.0467999999920123,9.5,"C","J. G. Rubalcaba, W. C. E. P. Verberk, A. J. Hendriks. B. Saris, H. A. Woods, Oxygen limitation may affect the temperature and size dependence of metabolism in aquatic ectotherms. Proc. Natl. Acad. Sci. U.S.A. 117, 31963-3196 (2020).",-3.06187207622921,-4.89823175907908,41.0577283773015,976,282.65,-4787.35547680534,-1628.02388294841,32.4701150460995,-1.88743442551193,-0.00293293133310313,FALSE,TRUE,-4.73620407289256,-4.94789329552414
"Lampetra fluviatilis","Cephalaspidomorphi","Petromyzontiformes","Petromyzontidae","Lampetra","fluviatilis",48.8999999860808,0.0488999999860808,16,"C","J. G. Rubalcaba, W. C. E. P. Verberk, A. J. Hendriks. B. Saris, H. A. Woods, Oxygen limitation may affect the temperature and size dependence of metabolism in aquatic ectotherms. Proc. Natl. Acad. Sci. U.S.A. 117, 31963-3196 (2020).",-3.01797788278596,-3.89508079775064,40.1347637068797,977,289.15,-4787.35547680534,-1628.02388294841,32.4701150460995,-1.88743442551193,-0.00293293133310313,FALSE,TRUE,-4.13072119010271,-4.34241041273429
"Lampetra fluviatilis","Cephalaspidomorphi","Petromyzontiformes","Petromyzontidae","Lampetra","fluviatilis",62.2000000442812,0.0622000000442812,9.5,"C","J. G. Rubalcaba, W. C. E. P. Verberk, A. J. Hendriks. B. Saris, H. A. Woods, Oxygen limitation may affect the temperature and size dependence of metabolism in aquatic ectotherms. Proc. Natl. Acad. Sci. U.S.A. 117, 31963-3196 (2020).",-2.77740027852509,-4.52066953944968,41.0577283773015,991,282.65,-4787.35547680534,-1628.02388294841,32.4701150460995,-1.88743442551193,-0.00293293133310313,FALSE,TRUE,-4.51910161255773,-4.73079083518931
"Lampetra fluviatilis","Cephalaspidomorphi","Petromyzontiformes","Petromyzontidae","Lampetra","fluviatilis",63.6000000514878,0.0636000000514878,9.5,"C","J. G. Rubalcaba, W. C. E. P. Verberk, A. J. Hendriks. B. Saris, H. A. Woods, Oxygen limitation may affect the temperature and size dependence of metabolism in aquatic ectotherms. Proc. Natl. Acad. Sci. U.S.A. 117, 31963-3196 (2020).",-2.7551418078265,-4.74972549711038,41.0577283773015,992,282.65,-4787.35547680534,-1628.02388294841,32.4701150460995,-1.88743442551193,-0.00293293133310313,FALSE,TRUE,-4.50211444971434,-4.71380367234591
"Lampetra fluviatilis","Cephalaspidomorphi","Petromyzontiformes","Petromyzontidae","Lampetra","fluviatilis",1.4299999984686,0.0014299999984686,4.4,"C","J. G. Rubalcaba, W. C. E. P. Verberk, A. J. Hendriks. B. Saris, H. A. Woods, Oxygen limitation may affect the temperature and size dependence of metabolism in aquatic ectotherms. Proc. Natl. Acad. Sci. U.S.A. 117, 31963-3196 (2020).",-6.55008083578123,-9.26679926583141,41.8121669099055,950,277.55,-4787.35547680534,-1628.02388294841,32.4701150460995,-1.88743442551193,-0.00293293133310313,FALSE,TRUE,-7.86587037566381,-8.07755959829539
"Lampetra fluviatilis","Cephalaspidomorphi","Petromyzontiformes","Petromyzontidae","Lampetra","fluviatilis",56.8000000377949,0.0568000000377949,9.5,"C","J. G. Rubalcaba, W. C. E. P. Verberk, A. J. Hendriks. B. Saris, H. A. Woods, Oxygen limitation may affect the temperature and size dependence of metabolism in aquatic ectotherms. Proc. Natl. Acad. Sci. U.S.A. 117, 31963-3196 (2020).",-2.86821895258963,-4.78056454332582,41.0577283773015,988,282.65,-4787.35547680534,-1628.02388294841,32.4701150460995,-1.88743442551193,-0.00293293133310313,FALSE,TRUE,-4.58841237637646,-4.80010159900804
"Lampetra fluviatilis","Cephalaspidomorphi","Petromyzontiformes","Petromyzontidae","Lampetra","fluviatilis",56.8000000377949,0.0568000000377949,9.5,"C","J. G. Rubalcaba, W. C. E. P. Verberk, A. J. Hendriks. B. Saris, H. A. Woods, Oxygen limitation may affect the temperature and size dependence of metabolism in aquatic ectotherms. Proc. Natl. Acad. Sci. U.S.A. 117, 31963-3196 (2020).",-2.86821895258963,-4.46690698452171,41.0577283773015,989,282.65,-4787.35547680534,-1628.02388294841,32.4701150460995,-1.88743442551193,-0.00293293133310313,FALSE,TRUE,-4.58841237637646,-4.80010159900804
"Lampetra fluviatilis","Cephalaspidomorphi","Petromyzontiformes","Petromyzontidae","Lampetra","fluviatilis",58.7999999896914,0.0587999999896914,9.5,"C","J. G. Rubalcaba, W. C. E. P. Verberk, A. J. Hendriks. B. Saris, H. A. Woods, Oxygen limitation may affect the temperature and size dependence of metabolism in aquatic ectotherms. Proc. Natl. Acad. Sci. U.S.A. 117, 31963-3196 (2020).",-2.83361342425287,-4.74595901401323,41.0577283773015,990,282.65,-4787.35547680534,-1628.02388294841,32.4701150460995,-1.88743442551193,-0.00293293133310313,FALSE,TRUE,-4.56200221760596,-4.77369144023754
"Lampetra fluviatilis","Cephalaspidomorphi","Petromyzontiformes","Petromyzontidae","Lampetra","fluviatilis",56.0999999669103,0.0560999999669103,9.5,"C","J. G. Rubalcaba, W. C. E. P. Verberk, A. J. Hendriks. B. Saris, H. A. Woods, Oxygen limitation may affect the temperature and size dependence of metabolism in aquatic ectotherms. Proc. Natl. Acad. Sci. U.S.A. 117, 31963-3196 (2020).",-2.88061946704332,-4.87520315455705,41.0577283773015,987,282.65,-4787.35547680534,-1628.02388294841,32.4701150460995,-1.88743442551193,-0.00293293133310313,FALSE,TRUE,-4.59787616933956,-4.80956539197114
"Petrocephalus catostoma","Teleostei","Osteoglossiformes","Mormyridae","Petrocephalus","catostoma",2.9899999977663,0.0029899999977663,20,"C","J. G. Rubalcaba, W. C. E. P. Verberk, A. J. Hendriks. B. Saris, H. A. Woods, Oxygen limitation may affect the temperature and size dependence of metabolism in aquatic ectotherms. Proc. Natl. Acad. Sci. U.S.A. 117, 31963-3196 (2020).",-5.8124818923266,-6.57128304236092,39.5871292029482,1551,293.15,-5478.17471535787,6923.87195295277,-9.86509190714357,0.148270090189226,9.64690750252623e-05,FALSE,TRUE,-5.9240411035898,-6.43448798440614
"Polyodon spathula","Chondrostei","Acipenseriformes","Polyodontidae","Polyodon","spathula",10.1600000012188,0.0101600000012188,18,"C","J. G. Rubalcaba, W. C. E. P. Verberk, A. J. Hendriks. B. Saris, H. A. Woods, Oxygen limitation may affect the temperature and size dependence of metabolism in aquatic ectotherms. Proc. Natl. Acad. Sci. U.S.A. 117, 31963-3196 (2020).",-4.58929683671184,-4.79182110094328,39.8590655189568,1664,291.15,-5478.17471535787,6923.87195295277,-9.86509190714357,0.148270090189226,9.64690750252623e-05,FALSE,TRUE,-5.1590594546152,-4.93637469799406
"Polyodon spathula","Chondrostei","Acipenseriformes","Polyodontidae","Polyodon","spathula",10.0899999944958,0.0100899999944958,26,"C","J. G. Rubalcaba, W. C. E. P. Verberk, A. J. Hendriks. B. Saris, H. A. Woods, Oxygen limitation may affect the temperature and size dependence of metabolism in aquatic ectotherms. Proc. Natl. Acad. Sci. U.S.A. 117, 31963-3196 (2020).",-4.59621044516213,-4.5327141330575,38.7931369742412,1663,299.15,-5478.17471535787,6923.87195295277,-9.86509190714357,0.148270090189226,9.64690750252623e-05,FALSE,TRUE,-4.50375372401413,-4.28106896739297
"Scyliorhinus canicula","Chondrichthyes","Carcharhiniformes","Scyliorhinidae","Scyliorhinus","canicula",148.999999858555,0.148999999858555,14,"C","J. G. Rubalcaba, W. C. E. P. Verberk, A. J. Hendriks. B. Saris, H. A. Woods, Oxygen limitation may affect the temperature and size dependence of metabolism in aquatic ectotherms. Proc. Natl. Acad. Sci. U.S.A. 117, 31963-3196 (2020).",-1.90380897398597,-2.99939342662556,40.4143023710404,1902,287.15,-4787.35547680534,-1628.02388294841,32.4701150460961,-1.88743442560557,-0.00293293128576713,FALSE,TRUE,-3.45364956719538,-3.25968349873507
"Scyliorhinus canicula","Chondrichthyes","Carcharhiniformes","Scyliorhinidae","Scyliorhinus","canicula",149.999999980768,0.149999999980768,12,"C","J. G. Rubalcaba, W. C. E. P. Verberk, A. J. Hendriks. B. Saris, H. A. Woods, Oxygen limitation may affect the temperature and size dependence of metabolism in aquatic ectotherms. Proc. Natl. Acad. Sci. U.S.A. 117, 31963-3196 (2020).",-1.89711998501409,-2.71085328607669,40.697762321039,1903,285.15,-4787.35547680534,-1628.02388294841,32.4701150460961,-1.88743442560557,-0.00293293128576713,FALSE,TRUE,-3.62421175911023,-3.43024569064992
"Scyliorhinus canicula","Chondrichthyes","Carcharhiniformes","Scyliorhinidae","Scyliorhinus","canicula",175.000000126408,0.175000000126408,12,"C","J. G. Rubalcaba, W. C. E. P. Verberk, A. J. Hendriks. B. Saris, H. A. Woods, Oxygen limitation may affect the temperature and size dependence of metabolism in aquatic ectotherms. Proc. Natl. Acad. Sci. U.S.A. 117, 31963-3196 (2020).",-1.74296930433629,-3.96069654460687,40.697762321039,1904,285.15,-4787.35547680534,-1628.02388294841,32.4701150460961,-1.88743442560557,-0.00293293128576713,FALSE,TRUE,-3.50656743616668,-3.31260136770637
"Scyliorhinus canicula","Chondrichthyes","Carcharhiniformes","Scyliorhinidae","Scyliorhinus","canicula",712.000000595353,0.712000000595353,17,"C","J. G. Rubalcaba, W. C. E. P. Verberk, A. J. Hendriks. B. Saris, H. A. Woods, Oxygen limitation may affect the temperature and size dependence of metabolism in aquatic ectotherms. Proc. Natl. Acad. Sci. U.S.A. 117, 31963-3196 (2020).",-0.339677366733992,-2.39310155592971,39.9964395169542,1905,290.15,-4787.35547680534,-1628.02388294841,32.4701150460961,-1.88743442560557,-0.00293293128576713,FALSE,TRUE,-2.00097974953081,-1.80701368107051
"Scyliorhinus canicula","Chondrichthyes","Carcharhiniformes","Scyliorhinidae","Scyliorhinus","canicula",712.000000595353,0.712000000595353,17,"C","J. G. Rubalcaba, W. C. E. P. Verberk, A. J. Hendriks. B. Saris, H. A. Woods, Oxygen limitation may affect the temperature and size dependence of metabolism in aquatic ectotherms. Proc. Natl. Acad. Sci. U.S.A. 117, 31963-3196 (2020).",-0.339677366733992,-2.17603705063254,39.9964395169542,1906,290.15,-4787.35547680534,-1628.02388294841,32.4701150460961,-1.88743442560557,-0.00293293128576713,FALSE,TRUE,-2.00097974953081,-1.80701368107051
"Scyliorhinus canicula","Chondrichthyes","Carcharhiniformes","Scyliorhinidae","Scyliorhinus","canicula",712.000000595353,0.712000000595353,17,"C","J. G. Rubalcaba, W. C. E. P. Verberk, A. J. Hendriks. B. Saris, H. A. Woods, Oxygen limitation may affect the temperature and size dependence of metabolism in aquatic ectotherms. Proc. Natl. Acad. Sci. U.S.A. 117, 31963-3196 (2020).",-0.339677366733992,-2.03946151559555,39.9964395169542,1907,290.15,-4787.35547680534,-1628.02388294841,32.4701150460961,-1.88743442560557,-0.00293293128576713,FALSE,TRUE,-2.00097974953081,-1.8070136810705
"Scyliorhinus canicula","Chondrichthyes","Carcharhiniformes","Scyliorhinidae","Scyliorhinus","canicula",712.000000595353,0.712000000595353,17,"C","J. G. Rubalcaba, W. C. E. P. Verberk, A. J. Hendriks. B. Saris, H. A. Woods, Oxygen limitation may affect the temperature and size dependence of metabolism in aquatic ectotherms. Proc. Natl. Acad. Sci. U.S.A. 117, 31963-3196 (2020).",-0.339677366733992,-1.93836539889663,39.9964395169542,1908,290.15,-4787.35547680534,-1628.02388294841,32.4701150460961,-1.88743442560557,-0.00293293128576713,FALSE,TRUE,-2.00097974953081,-1.8070136810705
"Scyliorhinus canicula","Chondrichthyes","Carcharhiniformes","Scyliorhinidae","Scyliorhinus","canicula",712.000000595353,0.712000000595353,17,"C","J. G. Rubalcaba, W. C. E. P. Verberk, A. J. Hendriks. B. Saris, H. A. Woods, Oxygen limitation may affect the temperature and size dependence of metabolism in aquatic ectotherms. Proc. Natl. Acad. Sci. U.S.A. 117, 31963-3196 (2020).",-0.339677366733992,-1.8465578494336,39.9964395169542,1909,290.15,-4787.35547680534,-1628.02388294841,32.4701150460961,-1.88743442560557,-0.00293293128576713,FALSE,TRUE,-2.00097974953081,-1.8070136810705
"Scyliorhinus canicula","Chondrichthyes","Carcharhiniformes","Scyliorhinidae","Scyliorhinus","canicula",712.000000595353,0.712000000595353,17,"C","J. G. Rubalcaba, W. C. E. P. Verberk, A. J. Hendriks. B. Saris, H. A. Woods, Oxygen limitation may affect the temperature and size dependence of metabolism in aquatic ectotherms. Proc. Natl. Acad. Sci. U.S.A. 117, 31963-3196 (2020).",-0.339677366733992,-1.81207167335646,39.9964395169542,1910,290.15,-4787.35547680534,-1628.02388294841,32.4701150460961,-1.88743442560557,-0.00293293128576713,FALSE,TRUE,-2.00097974953081,-1.80701368107051
"Scyliorhinus canicula","Chondrichthyes","Carcharhiniformes","Scyliorhinidae","Scyliorhinus","canicula",712.000000595353,0.712000000595353,17,"C","J. G. Rubalcaba, W. C. E. P. Verberk, A. J. Hendriks. B. Saris, H. A. Woods, Oxygen limitation may affect the temperature and size dependence of metabolism in aquatic ectotherms. Proc. Natl. Acad. Sci. U.S.A. 117, 31963-3196 (2020).",-0.339677366733992,-1.79526455520449,39.9964395169542,1911,290.15,-4787.35547680534,-1628.02388294841,32.4701150460961,-1.88743442560557,-0.00293293128576713,FALSE,TRUE,-2.00097974953081,-1.80701368107051
"Scyliorhinus canicula","Chondrichthyes","Carcharhiniformes","Scyliorhinidae","Scyliorhinus","canicula",748.000000233443,0.748000000233443,15,"C","J. G. Rubalcaba, W. C. E. P. Verberk, A. J. Hendriks. B. Saris, H. A. Woods, Oxygen limitation may affect the temperature and size dependence of metabolism in aquatic ectotherms. Proc. Natl. Acad. Sci. U.S.A. 117, 31963-3196 (2020).",-0.29035230069557,-1.86999213717896,40.2740479814134,1912,288.15,-4787.35547680534,-1628.02388294841,32.4701150460961,-1.88743442560557,-0.00293293128576713,FALSE,TRUE,-2.13537674001262,-1.94141067155232
"Scyliorhinus canicula","Chondrichthyes","Carcharhiniformes","Scyliorhinidae","Scyliorhinus","canicula",748.000000233443,0.748000000233443,15,"C","J. G. Rubalcaba, W. C. E. P. Verberk, A. J. Hendriks. B. Saris, H. A. Woods, Oxygen limitation may affect the temperature and size dependence of metabolism in aquatic ectotherms. Proc. Natl. Acad. Sci. U.S.A. 117, 31963-3196 (2020).",-0.29035230069557,-1.59178880873322,40.2740479814134,1913,288.15,-4787.35547680534,-1628.02388294841,32.4701150460961,-1.88743442560557,-0.00293293128576713,FALSE,TRUE,-2.13537674001262,-1.94141067155232
"Scyliorhinus canicula","Chondrichthyes","Carcharhiniformes","Scyliorhinidae","Scyliorhinus","canicula",787.999999111733,0.787999999111733,12,"C","J. G. Rubalcaba, W. C. E. P. Verberk, A. J. Hendriks. B. Saris, H. A. Woods, Oxygen limitation may affect the temperature and size dependence of metabolism in aquatic ectotherms. Proc. Natl. Acad. Sci. U.S.A. 117, 31963-3196 (2020).",-0.2382571902515,-2.49235207295693,40.697762321039,1914,285.15,-4787.35547680534,-1628.02388294841,32.4701150460961,-1.88743442560557,-0.00293293128576713,FALSE,TRUE,-2.35820508636637,-2.16423901790606
"Scyliorhinus canicula","Chondrichthyes","Carcharhiniformes","Scyliorhinidae","Scyliorhinus","canicula",787.999999111733,0.787999999111733,12,"C","J. G. Rubalcaba, W. C. E. P. Verberk, A. J. Hendriks. B. Saris, H. A. Woods, Oxygen limitation may affect the temperature and size dependence of metabolism in aquatic ectotherms. Proc. Natl. Acad. Sci. U.S.A. 117, 31963-3196 (2020).",-0.2382571902515,-2.38699155723194,40.697762321039,1915,285.15,-4787.35547680534,-1628.02388294841,32.4701150460961,-1.88743442560557,-0.00293293128576713,FALSE,TRUE,-2.35820508636637,-2.16423901790606
"Scyliorhinus canicula","Chondrichthyes","Carcharhiniformes","Scyliorhinidae","Scyliorhinus","canicula",787.999999111733,0.787999999111733,12,"C","J. G. Rubalcaba, W. C. E. P. Verberk, A. J. Hendriks. B. Saris, H. A. Woods, Oxygen limitation may affect the temperature and size dependence of metabolism in aquatic ectotherms. Proc. Natl. Acad. Sci. U.S.A. 117, 31963-3196 (2020).",-0.2382571902515,-2.26182841420682,40.697762321039,1916,285.15,-4787.35547680534,-1628.02388294841,32.4701150460961,-1.88743442560557,-0.00293293128576713,FALSE,TRUE,-2.35820508636637,-2.16423901790607
"Scyliorhinus canicula","Chondrichthyes","Carcharhiniformes","Scyliorhinidae","Scyliorhinus","canicula",787.999999111733,0.787999999111733,12,"C","J. G. Rubalcaba, W. C. E. P. Verberk, A. J. Hendriks. B. Saris, H. A. Woods, Oxygen limitation may affect the temperature and size dependence of metabolism in aquatic ectotherms. Proc. Natl. Acad. Sci. U.S.A. 117, 31963-3196 (2020).",-0.2382571902515,-2.17727102613551,40.697762321039,1917,285.15,-4787.35547680534,-1628.02388294841,32.4701150460961,-1.88743442560557,-0.00293293128576713,FALSE,TRUE,-2.35820508636637,-2.16423901790607
"Scyliorhinus canicula","Chondrichthyes","Carcharhiniformes","Scyliorhinidae","Scyliorhinus","canicula",857.000000151555,0.857000000151555,7,"C","J. G. Rubalcaba, W. C. E. P. Verberk, A. J. Hendriks. B. Saris, H. A. Woods, Oxygen limitation may affect the temperature and size dependence of metabolism in aquatic ectotherms. Proc. Natl. Acad. Sci. U.S.A. 117, 31963-3196 (2020).",-0.154317360207514,-2.61320665667039,41.4241189571453,1918,280.15,-4787.35547680534,-1628.02388294841,32.4701150460961,-1.88743442560557,-0.00293293128576713,FALSE,TRUE,-2.74428510854992,-2.55031904008961
"Scyliorhinus canicula","Chondrichthyes","Carcharhiniformes","Scyliorhinidae","Scyliorhinus","canicula",857.000000151555,0.857000000151555,7,"C","J. G. Rubalcaba, W. C. E. P. Verberk, A. J. Hendriks. B. Saris, H. A. Woods, Oxygen limitation may affect the temperature and size dependence of metabolism in aquatic ectotherms. Proc. Natl. Acad. Sci. U.S.A. 117, 31963-3196 (2020).",-0.154317360207514,-2.48537328531209,41.4241189571453,1919,280.15,-4787.35547680534,-1628.02388294841,32.4701150460961,-1.88743442560557,-0.00293293128576713,FALSE,TRUE,-2.74428510854992,-2.55031904008962
"Scyliorhinus canicula","Chondrichthyes","Carcharhiniformes","Scyliorhinidae","Scyliorhinus","canicula",857.000000151555,0.857000000151555,7,"C","J. G. Rubalcaba, W. C. E. P. Verberk, A. J. Hendriks. B. Saris, H. A. Woods, Oxygen limitation may affect the temperature and size dependence of metabolism in aquatic ectotherms. Proc. Natl. Acad. Sci. U.S.A. 117, 31963-3196 (2020).",-0.154317360207514,-2.37204460012419,41.4241189571453,1920,280.15,-4787.35547680534,-1628.02388294841,32.4701150460961,-1.88743442560557,-0.00293293128576713,FALSE,TRUE,-2.74428510854992,-2.55031904008961
"Scyliorhinus canicula","Chondrichthyes","Carcharhiniformes","Scyliorhinidae","Scyliorhinus","canicula",857.000000151555,0.857000000151555,7,"C","J. G. Rubalcaba, W. C. E. P. Verberk, A. J. Hendriks. B. Saris, H. A. Woods, Oxygen limitation may affect the temperature and size dependence of metabolism in aquatic ectotherms. Proc. Natl. Acad. Sci. U.S.A. 117, 31963-3196 (2020).",-0.154317360207514,-2.33695327996382,41.4241189571453,1921,280.15,-4787.35547680534,-1628.02388294841,32.4701150460961,-1.88743442560557,-0.00293293128576713,FALSE,TRUE,-2.74428510854992,-2.55031904008962
"Scyliorhinus canicula","Chondrichthyes","Carcharhiniformes","Scyliorhinidae","Scyliorhinus","canicula",857.000000151555,0.857000000151555,7,"C","J. G. Rubalcaba, W. C. E. P. Verberk, A. J. Hendriks. B. Saris, H. A. Woods, Oxygen limitation may affect the temperature and size dependence of metabolism in aquatic ectotherms. Proc. Natl. Acad. Sci. U.S.A. 117, 31963-3196 (2020).",-0.154317360207514,-2.30305172851814,41.4241189571453,1922,280.15,-4787.35547680534,-1628.02388294841,32.4701150460961,-1.88743442560557,-0.00293293128576713,FALSE,TRUE,-2.74428510854992,-2.55031904008962
"Scyliorhinus canicula","Chondrichthyes","Carcharhiniformes","Scyliorhinidae","Scyliorhinus","canicula",857.000000151555,0.857000000151555,7,"C","J. G. Rubalcaba, W. C. E. P. Verberk, A. J. Hendriks. B. Saris, H. A. Woods, Oxygen limitation may affect the temperature and size dependence of metabolism in aquatic ectotherms. Proc. Natl. Acad. Sci. U.S.A. 117, 31963-3196 (2020).",-0.154317360207514,-2.2702619059103,41.4241189571453,1923,280.15,-4787.35547680534,-1628.02388294841,32.4701150460961,-1.88743442560557,-0.00293293128576713,FALSE,TRUE,-2.74428510854992,-2.55031904008962
"Apis mellifera","Insecta","Hymenoptera","Apidae","Apis","mellifera",0.0944,9.44e-05,25,"C","A. M. Makarieva et al., Mean mass-specific metabolic rates are strikingly similar across life's major domains: Evidence for life's metabolic optimum. Proc. Natl. Acad. Sci. U.S.A. 105, 16994-16999 (2008).",-9.26796948481282,-7.40714652512246,38.9232497932056,1991,298.15,-4787.35547680534,-1628.02388294841,32.4701150460995,-1.88743442551193,-0.00293293133310313,FALSE,TRUE,-8.14976896365186,-8.28524168338729
"Atta laevigata","Insecta","Hymenoptera","Formicidae","Atta","laevigata",0.015,1.5e-05,25,"C","A. M. Makarieva et al., Mean mass-specific metabolic rates are strikingly similar across life's major domains: Evidence for life's metabolic optimum. Proc. Natl. Acad. Sci. U.S.A. 105, 16994-16999 (2008).",-11.1074603568621,-10.2544644753602,38.9232497932056,1992,298.15,-4787.35547680534,-1628.02388294841,32.4701150460995,-1.88743442551193,-0.00293293133310313,FALSE,TRUE,-9.55362691128825,-10.0428004941032
"Bombus terrestris","Insecta","Hymenoptera","Apidae","Bombus","terrestris",0.74,0.00074,25,"C","A. M. Makarieva et al., Mean mass-specific metabolic rates are strikingly similar across life's major domains: Evidence for life's metabolic optimum. Proc. Natl. Acad. Sci. U.S.A. 105, 16994-16999 (2008).",-7.20886037176606,-7.10401350151509,38.9232497932056,1995,298.15,-4787.35547680534,-1628.02388294841,32.4701150460995,-1.88743442551193,-0.00293293133310313,FALSE,TRUE,-6.57830332752131,-6.71377604725675
"Bombyx mori","Insecta","Lepidoptera","Bombycidae","Bombyx","mori",0.49,0.00049,25,"C","A. M. Makarieva et al., Mean mass-specific metabolic rates are strikingly similar across life's major domains: Evidence for life's metabolic optimum. Proc. Natl. Acad. Sci. U.S.A. 105, 16994-16999 (2008).",-7.6211051668596,-5.65710883445853,38.9232497932056,1996,298.15,-4787.35547680534,-1628.02388294841,32.4701150460995,-1.88743442551193,-0.00293293133310313,FALSE,TRUE,-6.89291925780808,-6.28852337091556
"Cataglyphis bicolor","Insecta","Hymenoptera","Formicidae","Cataglyphis","bicolor",0.034,3.4e-05,25,"C","A. M. Makarieva et al., Mean mass-specific metabolic rates are strikingly similar across life's major domains: Evidence for life's metabolic optimum. Proc. Natl. Acad. Sci. U.S.A. 105, 16994-16999 (2008).",-10.2891500333481,-10.1832014553387,38.9232497932056,1997,298.15,-4787.35547680534,-1628.02388294841,32.4701150460995,-1.88743442551193,-0.00293293133310313,FALSE,TRUE,-8.92911092767906,-9.4142946641057
"Deilephila elpenor","Insecta","Lepidoptera","Sphingidae","Deilephila","elpenor",0.6,6e-04,25,"C","A. M. Makarieva et al., Mean mass-specific metabolic rates are strikingly similar across life's major domains: Evidence for life's metabolic optimum. Proc. Natl. Acad. Sci. U.S.A. 105, 16994-16999 (2008).",-7.41858090274813,-7.02070003799827,38.9232497932056,1998,298.15,-4787.35547680534,-1628.02388294841,32.4701150460995,-1.88743442551193,-0.00293293133310313,FALSE,TRUE,-6.73835730695406,-6.18295915512122
"Drosophila americana","Insecta","Diptera","Drosophilidae","Drosophila","americana",0.0011,1.1e-06,25,"C","A. M. Makarieva et al., Mean mass-specific metabolic rates are strikingly similar across life's major domains: Evidence for life's metabolic optimum. Proc. Natl. Acad. Sci. U.S.A. 105, 16994-16999 (2008).",-13.7202003781599,-11.0876577295659,38.9232497932056,2001,298.15,-4787.35547680534,-1628.02388294841,32.4701150460995,-1.88743442551193,-0.00293293133310313,FALSE,TRUE,-11.5476111705961,-10.6258781405692
"Drosophila mimica","Insecta","Diptera","Drosophilidae","Drosophila","mimica",0.00244,2.44e-06,25,"C","A. M. Makarieva et al., Mean mass-specific metabolic rates are strikingly similar across life's major domains: Evidence for life's metabolic optimum. Proc. Natl. Acad. Sci. U.S.A. 105, 16994-16999 (2008).",-12.9235125186592,-9.91353788838963,38.9232497932056,2002,298.15,-4787.35547680534,-1628.02388294841,32.4701150460995,-1.88743442551193,-0.00293293133310313,FALSE,TRUE,-10.9395969638718,-10.0325267622411
"Drosophila mimica","Insecta","Diptera","Drosophilidae","Drosophila","mimica",0.00244,2.44e-06,24,"C","Lehmann, Dickinson, & Staunton, 2000",-12.9235125186592,-10.3064902495761,39.0542383504771,2320,297.15,-4787.35547680534,-1628.02388294841,32.4701150460995,-1.88743442551193,-0.00293293133310313,FALSE,TRUE,-11.0207737827992,-10.1137035811685
"Drosophila nikananu","Insecta","Diptera","Drosophilidae","Drosophila","nikananu",0.00049,4.9e-07,25,"C","A. M. Makarieva et al., Mean mass-specific metabolic rates are strikingly similar across life's major domains: Evidence for life's metabolic optimum. Proc. Natl. Acad. Sci. U.S.A. 105, 16994-16999 (2008).",-14.5288604458417,-10.850237491895,38.9232497932056,2003,298.15,-4787.35547680534,-1628.02388294841,32.4701150460995,-1.88743442551193,-0.00293293133310313,FALSE,TRUE,-12.1647622965958,-11.2342772057162
"Drosophila virilis","Insecta","Diptera","Drosophilidae","Drosophila","virilis",0.00167,1.67e-06,24,"C","Lehmann, Dickinson, & Staunton, 2000",-13.3026869315356,-10.3066328114126,39.0542383504771,2319,297.15,-4787.35547680534,-1628.02388294841,32.4701150460995,-1.88743442551193,-0.00293293133310313,FALSE,TRUE,-11.310151143212,-10.3262114867033
"Drosophila virilis","Insecta","Diptera","Drosophilidae","Drosophila","virilis",0.00167,1.67e-06,25,"C","A. M. Makarieva et al., Mean mass-specific metabolic rates are strikingly similar across life's major domains: Evidence for life's metabolic optimum. Proc. Natl. Acad. Sci. U.S.A. 105, 16994-16999 (2008).",-13.3026869315356,-9.99341226006412,38.9232497932056,2004,298.15,-4787.35547680534,-1628.02388294841,32.4701150460995,-1.88743442551193,-0.00293293133310313,FALSE,TRUE,-11.2289743242846,-10.2450346677759
"Eciton hamatum","Insecta","Hymenoptera","Formicidae","Eciton","hamatum",0.00908,9.08e-06,28,"C","Chown et al., 2007",-11.6094363653511,-11.0737663770797,38.5355036554682,2288,301.15,-4787.35547680534,-1628.02388294841,32.4701150460995,-1.88743442551193,-0.00293293133310313,FALSE,TRUE,-9.6964278963309,-10.3957768209722
"Eciton hamatum","Insecta","Hymenoptera","Formicidae","Eciton","hamatum",0.006,6e-06,25,"C","A. M. Makarieva et al., Mean mass-specific metabolic rates are strikingly similar across life's major domains: Evidence for life's metabolic optimum. Proc. Natl. Acad. Sci. U.S.A. 105, 16994-16999 (2008).",-12.0237510887362,-10.5847061622308,38.9232497932056,2005,298.15,-4787.35547680534,-1628.02388294841,32.4701150460995,-1.88743442551193,-0.00293293133310313,FALSE,TRUE,-10.2529193328125,-10.9522682574538
"Eciton hamatum","Insecta","Hymenoptera","Formicidae","Eciton","hamatum",0.01164,1.164e-05,28,"C","Chown et al., 2007",-11.361063115661,-10.2599317150226,38.5355036554682,2292,301.15,-4787.35547680534,-1628.02388294841,32.4701150460995,-1.88743442551193,-0.00293293133310313,FALSE,TRUE,-9.50687503371231,-10.2062239583536
"Eciton hamatum","Insecta","Hymenoptera","Formicidae","Eciton","hamatum",0.00908,9.08e-06,28,"C","Chown et al., 2007",-11.6094363653511,-10.2302152426941,38.5355036554682,2289,301.15,-4787.35547680534,-1628.02388294841,32.4701150460995,-1.88743442551193,-0.00293293133310313,FALSE,TRUE,-9.6964278963309,-10.3957768209722
"Eciton hamatum","Insecta","Hymenoptera","Formicidae","Eciton","hamatum",0.0225,2.25e-05,28,"C","Chown et al., 2007",-10.7019952487539,-9.31663087241767,38.5355036554682,2298,301.15,-4787.35547680534,-1628.02388294841,32.4701150460995,-1.88743442551193,-0.00293293133310313,FALSE,TRUE,-9.00388930160127,-9.70323822624252
"Eciton hamatum","Insecta","Hymenoptera","Formicidae","Eciton","hamatum",0.00971,9.71e-06,28,"C","Chown et al., 2007",-11.542354275661,-10.4179568669574,38.5355036554682,2291,301.15,-4787.35547680534,-1628.02388294841,32.4701150460995,-1.88743442551193,-0.00293293133310313,FALSE,TRUE,-9.64523235837724,-10.3445812830185
"Eciton hamatum","Insecta","Hymenoptera","Formicidae","Eciton","hamatum",0.02388,2.388e-05,28,"C","Chown et al., 2007",-10.6424692694399,-9.47168530287128,38.5355036554682,2300,301.15,-4787.35547680534,-1628.02388294841,32.4701150460995,-1.88743442551193,-0.00293293133310313,FALSE,TRUE,-8.95846041667414,-9.65780934131538
"Eciton hamatum","Insecta","Hymenoptera","Formicidae","Eciton","hamatum",0.00866,8.66e-06,28,"C","Chown et al., 2007",-11.6567958353899,-10.8879604962031,38.5355036554682,2287,301.15,-4787.35547680534,-1628.02388294841,32.4701150460995,-1.88743442551193,-0.00293293133310313,FALSE,TRUE,-9.73257157576968,-10.4319205004109
"Eciton hamatum","Insecta","Hymenoptera","Formicidae","Eciton","hamatum",0.0121199999999999,1.212e-05,28,"C","Chown et al., 2007",-11.3206535773231,-10.4567428919925,38.5355036554682,2293,301.15,-4787.35547680534,-1628.02388294841,32.4701150460995,-1.88743442551193,-0.00293293133310313,FALSE,TRUE,-9.47603538540639,-10.1753843100476
"Eciton hamatum","Insecta","Hymenoptera","Formicidae","Eciton","hamatum",0.0238199999999999,2.382e-05,28,"C","Chown et al., 2007",-10.6449849940371,-9.3202507858728,38.5355036554682,2299,301.15,-4787.35547680534,-1628.02388294841,32.4701150460995,-1.88743442551193,-0.00293293133310313,FALSE,TRUE,-8.96038036094979,-9.65972928559104
"Eciton hamatum","Insecta","Hymenoptera","Formicidae","Eciton","hamatum",0.00282,2.82e-06,28,"C","Chown et al., 2007",-12.7787736730143,-10.8537691314548,38.5355036554682,2277,301.15,-4787.35547680534,-1628.02388294841,32.4701150460995,-1.88743442551193,-0.00293293133310313,FALSE,TRUE,-10.5888397575553,-11.2881886821965
"Eciton hamatum","Insecta","Hymenoptera","Formicidae","Eciton","hamatum",0.00453,4.53e-06,28,"C","Chown et al., 2007",-12.3047886184693,-11.1330829542361,38.5355036554682,2278,301.15,-4787.35547680534,-1628.02388294841,32.4701150460995,-1.88743442551193,-0.00293293133310313,FALSE,TRUE,-10.227105053679,-10.9264539783203
"Eciton hamatum","Insecta","Hymenoptera","Formicidae","Eciton","hamatum",0.01863,1.863e-05,28,"C","Chown et al., 2007",-10.8907373733508,-9.57962767655293,38.5355036554682,2297,301.15,-4787.35547680534,-1628.02388294841,32.4701150460995,-1.88743442551193,-0.00293293133310313,FALSE,TRUE,-9.1479330344054,-9.84728195904665
"Eciton hamatum","Insecta","Hymenoptera","Formicidae","Eciton","hamatum",0.00923,9.23e-06,28,"C","Chown et al., 2007",-11.5930515094495,-10.8288715798331,38.5355036554682,2290,301.15,-4787.35547680534,-1628.02388294841,32.4701150460995,-1.88743442551193,-0.00293293133310313,FALSE,TRUE,-9.68392334383337,-10.3832722684746
"Eciton hamatum","Insecta","Hymenoptera","Formicidae","Eciton","hamatum",0.01465,1.465e-05,28,"C","Chown et al., 2007",-11.1310702225012,-9.53481834240012,38.5355036554682,2295,301.15,-4787.35547680534,-1628.02388294841,32.4701150460995,-1.88743442551193,-0.00293293133310313,FALSE,TRUE,-9.33134964466672,-10.030698569308
"Eciton hamatum","Insecta","Hymenoptera","Formicidae","Eciton","hamatum",0.01487,1.487e-05,28,"C","Chown et al., 2007",-11.1161647974922,-9.99810302139711,38.5355036554682,2296,301.15,-4787.35547680534,-1628.02388294841,32.4701150460995,-1.88743442551193,-0.00293293133310313,FALSE,TRUE,-9.31997416046089,-10.0193230851021
"Eciton hamatum","Insecta","Hymenoptera","Formicidae","Eciton","hamatum",0.006,6e-06,28,"C","Chown et al., 2007",-12.0237510887362,-10.5089286451631,38.5355036554682,2282,301.15,-4787.35547680534,-1628.02388294841,32.4701150460995,-1.88743442551193,-0.00293293133310313,FALSE,TRUE,-10.0126235492069,-10.7119724738481
"Eciton hamatum","Insecta","Hymenoptera","Formicidae","Eciton","hamatum",0.0080299999999999,8.03e-06,28,"C","Chown et al., 2007",-11.7323260300056,-11.1442562548342,38.5355036554682,2284,301.15,-4787.35547680534,-1628.02388294841,32.4701150460995,-1.88743442551193,-0.00293293133310313,FALSE,TRUE,-9.79021451687306,-10.4895634415143
"Eciton hamatum","Insecta","Hymenoptera","Formicidae","Eciton","hamatum",0.0080299999999999,8.03e-06,28,"C","Chown et al., 2007",-11.7323260300056,-10.6700479943065,38.5355036554682,2285,301.15,-4787.35547680534,-1628.02388294841,32.4701150460995,-1.88743442551193,-0.00293293133310313,FALSE,TRUE,-9.79021451687306,-10.4895634415143
"Eciton hamatum","Insecta","Hymenoptera","Formicidae","Eciton","hamatum",0.00824,8.24e-06,28,"C","Chown et al., 2007",-11.7065102140429,-10.8166514684983,38.5355036554682,2286,301.15,-4787.35547680534,-1628.02388294841,32.4701150460995,-1.88743442551193,-0.00293293133310313,FALSE,TRUE,-9.77051246835264,-10.4698613929939
"Eciton hamatum","Insecta","Hymenoptera","Formicidae","Eciton","hamatum",0.00563,5.63e-06,28,"C","Chown et al., 2007",-12.0874011158127,-10.8045788872641,38.5355036554682,2280,301.15,-4787.35547680534,-1628.02388294841,32.4701150460995,-1.88743442551193,-0.00293293133310313,FALSE,TRUE,-10.0611998143769,-10.7605487390182
"Eciton hamatum","Insecta","Hymenoptera","Formicidae","Eciton","hamatum",0.0067399999999999,6.74e-06,28,"C","Chown et al., 2007",-11.9074506330401,-10.7276178461279,38.5355036554682,2283,301.15,-4787.35547680534,-1628.02388294841,32.4701150460995,-1.88743442551193,-0.00293293133310313,FALSE,TRUE,-9.92386566433578,-10.623214588977
"Eciton hamatum","Insecta","Hymenoptera","Formicidae","Eciton","hamatum",0.00206,2.06e-06,28,"C","Chown et al., 2007",-13.0928045751628,-11.4740095412067,38.5355036554682,2276,301.15,-4787.35547680534,-1628.02388294841,32.4701150460995,-1.88743442551193,-0.00293293133310313,FALSE,TRUE,-10.8285010597576,-11.5278499843989
"Eciton hamatum","Insecta","Hymenoptera","Formicidae","Eciton","hamatum",0.00563,5.63e-06,28,"C","Chown et al., 2007",-12.0874011158127,-10.5959400221527,38.5355036554682,2281,301.15,-4787.35547680534,-1628.02388294841,32.4701150460995,-1.88743442551193,-0.00293293133310313,FALSE,TRUE,-10.0611998143769,-10.7605487390182
"Eciton hamatum","Insecta","Hymenoptera","Formicidae","Eciton","hamatum",0.0140299999999999,1.403e-05,28,"C","Chown et al., 2007",-11.1743126638499,-10.2035469956119,38.5355036554682,2294,301.15,-4787.35547680534,-1628.02388294841,32.4701150460995,-1.88743442551193,-0.00293293133310313,FALSE,TRUE,-9.36435130066024,-10.0637002253015
"Eciton hamatum","Insecta","Hymenoptera","Formicidae","Eciton","hamatum",0.00553,5.53e-06,28,"C","Chown et al., 2007",-12.10532274243,-10.6700479943065,38.5355036554682,2279,301.15,-4787.35547680534,-1628.02388294841,32.4701150460995,-1.88743442551193,-0.00293293133310313,FALSE,TRUE,-10.0748771956261,-10.7742261202673
"Erinnyis ello","Insecta","Lepidoptera","Sphingidae","Erinnyis","ello",1.21,0.00121,25,"C","A. M. Makarieva et al., Mean mass-specific metabolic rates are strikingly similar across life's major domains: Evidence for life's metabolic optimum. Proc. Natl. Acad. Sci. U.S.A. 105, 16994-16999 (2008).",-6.71713491937349,-5.48817121999763,38.9232497932056,2006,298.15,-4787.35547680534,-1628.02388294841,32.4701150460995,-1.88743442551193,-0.00293293133310313,FALSE,TRUE,-6.20302955210573,-5.54709211686942
"Erinnyis ello","Insecta","Lepidoptera","Sphingidae","Erinnyis","ello",1.21,0.00121,23,"C","Bartholomew & Casey, 1978",-6.71713491937349,-5.43412477613782,39.1861115172861,2305,296.15,-4787.35547680534,-1628.02388294841,32.4701150460995,-1.88743442551193,-0.00293293133310313,FALSE,TRUE,-6.36593140416906,-5.70999396893276
"Erythemis simplicicollis","Insecta","Odonata","Libellulidae","Erythemis","simplicicollis",0.263,0.000263,30,"C","(May, 1979)",-8.24335652578651,-7.05365817379999,38.2812697537333,2321,303.15,-4787.35547680535,-1628.02388294842,32.470115046102,-1.88743442551379,-0.0029329313328378,FALSE,TRUE,-6.96995669861952,-6.76989580908836
"Erythemis simplicicollis","Insecta","Odonata","Libellulidae","Erythemis","simplicicollis",0.263,0.000263,25,"C","A. M. Makarieva et al., Mean mass-specific metabolic rates are strikingly similar across life's major domains: Evidence for life's metabolic optimum. Proc. Natl. Acad. Sci. U.S.A. 105, 16994-16999 (2008).",-8.24335652578651,-7.03843360262437,38.9232497932056,2007,298.15,-4787.35547680535,-1628.02388294842,32.470115046102,-1.88743442551379,-0.0029329313328378,FALSE,TRUE,-7.36780746134884,-7.16774657181768
"Erythrodiplax connata","Insecta","Odonata","Libellulidae","Erythrodiplax","connata",0.049,4.9e-05,30,"C","(May, 1979)",-9.92369025985365,-8.21317921555522,38.2812697537333,2323,303.15,-4787.35547680534,-1628.02388294841,32.4701150460995,-1.88743442551193,-0.00293293133310313,FALSE,TRUE,-8.25234950800799,-8.1921031437936
"Erythrodiplax connata","Insecta","Odonata","Libellulidae","Erythrodiplax","connata",0.052,5.2e-05,20,"C","(May, 1979)",-9.86426683938285,-8.5760847092445,39.5871292029482,2322,293.15,-4787.35547680534,-1628.02388294841,32.4701150460995,-1.88743442551193,-0.00293293133310313,FALSE,TRUE,-9.01627199555485,-8.95602563134046
"Erythrodiplax connata","Insecta","Odonata","Libellulidae","Erythrodiplax","connata",0.052,5.2e-05,25,"C","A. M. Makarieva et al., Mean mass-specific metabolic rates are strikingly similar across life's major domains: Evidence for life's metabolic optimum. Proc. Natl. Acad. Sci. U.S.A. 105, 16994-16999 (2008).",-9.86426683938285,-8.56062274934357,38.9232497932056,2008,298.15,-4787.35547680534,-1628.02388294841,32.4701150460995,-1.88743442551193,-0.00293293133310313,FALSE,TRUE,-8.60484965640632,-8.54460329219194
"Erythrodiplax connata","Insecta","Odonata","Libellulidae","Erythrodiplax","connata",0.049,4.9e-05,40,"C","(May, 1979)",-9.92369025985365,-8.19879047810309,37.0588118340867,2324,313.15,-4787.35547680534,-1628.02388294841,32.4701150460995,-1.88743442551193,-0.00293293133310313,FALSE,TRUE,-7.4947623778292,-7.43451601361481
"Hapigia simplex","Insecta","Lepidoptera","Notodontidae","Hapigia","simplex",0.478,0.000478,23,"C","Bartholomew & Casey, 1978",-7.64589982547282,-6.3937381899993,39.1861115172861,2316,296.15,-4787.35547680534,-1628.02388294841,32.4701150460995,-1.88743442551193,-0.00293293133310313,FALSE,TRUE,-7.07474383413278,-6.49236130120433
"Hapigia simplex","Insecta","Lepidoptera","Notodontidae","Hapigia","simplex",0.478,0.000478,25,"C","A. M. Makarieva et al., Mean mass-specific metabolic rates are strikingly similar across life's major domains: Evidence for life's metabolic optimum. Proc. Natl. Acad. Sci. U.S.A. 105, 16994-16999 (2008).",-7.64589982547282,-6.4478019855899,38.9232497932056,2010,298.15,-4787.35547680534,-1628.02388294841,32.4701150460995,-1.88743442551193,-0.00293293133310313,FALSE,TRUE,-6.91184198206945,-6.32945944914099
"Hylobius abietis","Insecta","Coleoptera","Curculionidae","Hylobius","abietis",0.183,0.000183,25,"C","A. M. Makarieva et al., Mean mass-specific metabolic rates are strikingly similar across life's major domains: Evidence for life's metabolic optimum. Proc. Natl. Acad. Sci. U.S.A. 105, 16994-16999 (2008).",-8.60602440512285,-7.77978991960175,38.9232497932056,2015,298.15,-4787.35547680534,-1628.02388294841,32.4701150460995,-1.88743442551193,-0.00293293133310313,FALSE,TRUE,-7.6445874076345,-7.51452859161484
"Ips acuminatus","Insecta","Coleoptera","Curculionidae","Ips","acuminatus",0.00284,2.84e-06,25,"C","A. M. Makarieva et al., Mean mass-specific metabolic rates are strikingly similar across life's major domains: Evidence for life's metabolic optimum. Proc. Natl. Acad. Sci. U.S.A. 105, 16994-16999 (2008).",-12.7717065057912,-10.2236928166935,38.9232497932056,2016,298.15,-4787.35547680534,-1628.02388294841,32.4701150460995,-1.88743442551193,-0.00293293133310313,FALSE,TRUE,-10.8237420385216,-10.6936832225019
"Lasius niger","Insecta","Hymenoptera","Formicidae","Lasius","niger",0.00058,5.8e-07,25,"C","Jensen & Nielsen, 1975",-14.3602377334059,-12.0302536662238,38.9232497932056,2318,298.15,-4787.35547680534,-1628.02388294841,32.4701150460995,-1.88743442551193,-0.00293293133310313,FALSE,TRUE,-12.0360732454012,-12.4812532517073
"Lasius niger","Insecta","Hymenoptera","Formicidae","Lasius","niger",0.00174,1.74e-06,25,"C","A. M. Makarieva et al., Mean mass-specific metabolic rates are strikingly similar across life's major domains: Evidence for life's metabolic optimum. Proc. Natl. Acad. Sci. U.S.A. 105, 16994-16999 (2008).",-13.2616254447378,-12.007221786785,38.9232497932056,2018,298.15,-4787.35547680534,-1628.02388294841,32.4701150460995,-1.88743442551193,-0.00293293133310313,FALSE,TRUE,-11.1976371236174,-11.6428171299235
"Libellula auripennis","Insecta","Odonata","Libellulidae","Libellula","auripennis",0.464,0.000464,25,"C","A. M. Makarieva et al., Mean mass-specific metabolic rates are strikingly similar across life's major domains: Evidence for life's metabolic optimum. Proc. Natl. Acad. Sci. U.S.A. 105, 16994-16999 (2008).",-7.67562600573802,-6.57407264396967,38.9232497932056,2019,298.15,-4787.35547680535,-1628.02388294842,32.470115046102,-1.88743442551379,-0.0029329313328378,FALSE,TRUE,-6.93452833243535,-6.71650614521937
"Libellula auripennis","Insecta","Odonata","Libellulidae","Libellula","auripennis",0.464,0.000464,30,"C","(May, 1979)",-7.67562600573802,-6.58935256566892,38.2812697537333,2325,303.15,-4787.35547680535,-1628.02388294842,32.470115046102,-1.88743442551379,-0.0029329313328378,FALSE,TRUE,-6.53667756970603,-6.31865538249005
"Libellula needhami","Insecta","Odonata","Libellulidae","Libellula","needhami",0.518,0.000518,30,"C","(May, 1979)",-7.56553531570479,-6.40703100887491,38.2812697537333,2326,303.15,-4787.35547680535,-1628.02388294842,32.470115046102,-1.88743442551379,-0.0029329313328378,FALSE,TRUE,-6.45265883794046,-6.20286217041267
"Libellula needhami","Insecta","Odonata","Libellulidae","Libellula","needhami",0.518,0.000518,25,"C","A. M. Makarieva et al., Mean mass-specific metabolic rates are strikingly similar across life's major domains: Evidence for life's metabolic optimum. Proc. Natl. Acad. Sci. U.S.A. 105, 16994-16999 (2008).",-7.56553531570479,-6.39176302526485,38.9232497932056,2020,298.15,-4787.35547680535,-1628.02388294842,32.470115046102,-1.88743442551379,-0.0029329313328378,FALSE,TRUE,-6.85050960066978,-6.60071293314199
"Locusta migratoria","Insecta","Orthoptera","Acrididae","Locusta","migratoria",1.5,0.0015,25,"C","A. M. Makarieva et al., Mean mass-specific metabolic rates are strikingly similar across life's major domains: Evidence for life's metabolic optimum. Proc. Natl. Acad. Sci. U.S.A. 105, 16994-16999 (2008).",-6.50229017087397,-5.31160526087497,38.9232497932056,2021,298.15,-4787.35547680534,-1628.02388294841,32.4701150460995,-1.88743442551193,-0.00293293133310313,FALSE,TRUE,-6.03906488542979,-5.48636640358385
"Manduca rustica","Insecta","Lepidoptera","Sphingidae","Manduca","rustica",2.916,0.002916,23,"C","Bartholomew & Casey, 1978",-5.83754246483573,-5.16861656118036,39.1861115172861,2303,296.15,-4787.35547680534,-1628.02388294841,32.4701150460995,-1.88743442551193,-0.00293293133310313,FALSE,TRUE,-5.6946462802542,-5.05860523324115
"Manduca rustica","Insecta","Lepidoptera","Sphingidae","Manduca","rustica",2.704,0.002704,23,"C","Bartholomew & Casey, 1978",-5.91302312080142,-4.77216052301456,39.1861115172861,2304,296.15,-4787.35547680534,-1628.02388294841,32.4701150460995,-1.88743442551193,-0.00293293133310313,FALSE,TRUE,-5.75225141457716,-5.11621036756411
"Manduca rustica","Insecta","Lepidoptera","Sphingidae","Manduca","rustica",2.81,0.00281,25,"C","A. M. Makarieva et al., Mean mass-specific metabolic rates are strikingly similar across life's major domains: Evidence for life's metabolic optimum. Proc. Natl. Acad. Sci. U.S.A. 105, 16994-16999 (2008).",-5.87457079563648,-5.00491667660282,38.9232497932056,2025,298.15,-4787.35547680534,-1628.02388294841,32.4701150460995,-1.88743442551193,-0.00293293133310313,FALSE,TRUE,-5.5600036151606,-4.92396256814756
"Melanoplus bivittatus","Insecta","Orthoptera","Acrididae","Melanoplus","bivittatus",1.65,0.00165,25,"C","A. M. Makarieva et al., Mean mass-specific metabolic rates are strikingly similar across life's major domains: Evidence for life's metabolic optimum. Proc. Natl. Acad. Sci. U.S.A. 105, 16994-16999 (2008).",-6.40697999106965,-5.28698185688429,38.9232497932056,2026,298.15,-4787.35547680534,-1628.02388294841,32.4701150460995,-1.88743442551193,-0.00293293133310313,FALSE,TRUE,-5.96632630572709,-5.41362782388115
"Miathyria marcella","Insecta","Odonata","Libellulidae","Miathyria","marcella",0.172,0.000172,40,"C","(May, 1979)",-8.66801608115082,-6.88660408913679,37.0588118340867,2329,313.15,-4787.35547680534,-1628.02388294841,32.4701150460995,-1.88743442551193,-0.00293293133310313,FALSE,TRUE,-6.53646016377692,-5.88018463896166
"Miathyria marcella","Insecta","Odonata","Libellulidae","Miathyria","marcella",0.184,0.000184,30,"C","(May, 1979)",-8.60057480035529,-6.81249611698311,38.2812697537333,2328,303.15,-4787.35547680534,-1628.02388294841,32.4701150460995,-1.88743442551193,-0.00293293133310313,FALSE,TRUE,-7.24257762945114,-6.58630210463588
"Miathyria marcella","Insecta","Odonata","Libellulidae","Miathyria","marcella",0.0171,1.71e-05,25,"C","A. M. Makarieva et al., Mean mass-specific metabolic rates are strikingly similar across life's major domains: Evidence for life's metabolic optimum. Proc. Natl. Acad. Sci. U.S.A. 105, 16994-16999 (2008).",-10.9764320944557,-7.17445894504886,38.9232497932056,2027,298.15,-4787.35547680534,-1628.02388294841,32.4701150460995,-1.88743442551193,-0.00293293133310313,FALSE,TRUE,-9.4536290964911,-8.79735357167584
"Miathyria marcella","Insecta","Odonata","Libellulidae","Miathyria","marcella",0.171,0.000171,20,"C","(May, 1979)",-8.67384700146161,-7.18979034812461,39.5871292029482,2327,293.15,-4787.35547680534,-1628.02388294841,32.4701150460995,-1.88743442551193,-0.00293293133310313,FALSE,TRUE,-8.1077704227104,-7.45149489789513
"Mimas tiliae","Insecta","Lepidoptera","Sphingidae","Mimas","tiliae",0.32,0.00032,25,"C","A. M. Makarieva et al., Mean mass-specific metabolic rates are strikingly similar across life's major domains: Evidence for life's metabolic optimum. Proc. Natl. Acad. Sci. U.S.A. 105, 16994-16999 (2008).",-8.0471895621705,-6.39684965841598,38.9232497932056,2028,298.15,-4787.35547680534,-1628.02388294841,32.4701150460995,-1.88743442551193,-0.00293293133310313,FALSE,TRUE,-7.21809725885719,-6.63324034458852
"Musca domestica","Insecta","Diptera","Muscidae","Musca","domestica",0.018,1.8e-05,25,"C","A. M. Makarieva et al., Mean mass-specific metabolic rates are strikingly similar across life's major domains: Evidence for life's metabolic optimum. Proc. Natl. Acad. Sci. U.S.A. 105, 16994-16999 (2008).",-10.9251388000681,-7.43946411366455,38.9232497932056,2029,298.15,-4787.35547680534,-1628.02388294841,32.4701150460995,-1.88743442551193,-0.00293293133310313,FALSE,TRUE,-9.41448321102868,-8.47205802964096
"Omorgus radula","Insecta","Coleoptera","Trogidae","Omorgus","radula",0.207,0.000207,25,"C","A. M. Makarieva et al., Mean mass-specific metabolic rates are strikingly similar across life's major domains: Evidence for life's metabolic optimum. Proc. Natl. Acad. Sci. U.S.A. 105, 16994-16999 (2008).",-8.48279176469891,-9.07843530109624,38.9232497932056,2034,298.15,-4787.35547680534,-1628.02388294841,32.4701150460995,-1.88743442551193,-0.00293293133310313,FALSE,TRUE,-7.55053903572024,-7.49671374217672
"Ostrinia nubilalis","Insecta","Lepidoptera","Crambidae","Ostrinia","nubilalis",0.0665,6.65e-05,26.7,"C","Lewis, Mutchmor, & Lynch, 1971",-9.61830861030247,-7.26053937387208,38.7025743733342,2265,299.85,-4787.35547680534,-1628.02388294841,32.4701150460995,-1.88743442551193,-0.00293293133310313,FALSE,TRUE,-8.28038191751759,-7.54637772671966
"Ostrinia nubilalis","Insecta","Lepidoptera","Crambidae","Ostrinia","nubilalis",0.0621999999999999,6.22e-05,26.7,"C","Lewis, Mutchmor, & Lynch, 1971",-9.68515555821914,-7.52287834177239,38.7025743733342,2267,299.85,-4787.35547680534,-1628.02388294841,32.4701150460995,-1.88743442551193,-0.00293293133310313,FALSE,TRUE,-8.33139800057296,-7.59739380977503
"Ostrinia nubilalis","Insecta","Lepidoptera","Crambidae","Ostrinia","nubilalis",0.0327999999999999,3.28e-05,26.7,"C","Lewis, Mutchmor, & Lynch, 1971",-10.3250820425742,-8.34968219945749,38.7025743733342,2268,299.85,-4787.35547680534,-1628.02388294841,32.4701150460995,-1.88743442551193,-0.00293293133310313,FALSE,TRUE,-8.81977546121457,-8.08577127041663
"Ostrinia nubilalis","Insecta","Lepidoptera","Crambidae","Ostrinia","nubilalis",0.0336,3.36e-05,26.7,"C","Lewis, Mutchmor, & Lynch, 1971",-10.3009844909951,-7.98618129044828,38.7025743733342,2266,299.85,-4787.35547680534,-1628.02388294841,32.4701150460995,-1.88743442551193,-0.00293293133310313,FALSE,TRUE,-8.80138475331986,-8.06738056252193
"Ostrinia nubilalis","Insecta","Lepidoptera","Crambidae","Ostrinia","nubilalis",0.0484,4.84e-05,25,"C","A. M. Makarieva et al., Mean mass-specific metabolic rates are strikingly similar across life's major domains: Evidence for life's metabolic optimum. Proc. Natl. Acad. Sci. U.S.A. 105, 16994-16999 (2008).",-9.93601074424169,-7.63301251346052,38.9232497932056,2038,298.15,-4787.35547680534,-1628.02388294841,32.4701150460995,-1.88743442551193,-0.00293293133310313,FALSE,TRUE,-8.65960298655922,-7.92559879576129
"Ostrinia nubilalis","Insecta","Lepidoptera","Crambidae","Ostrinia","nubilalis",0.0564999999999999,5.65e-05,26.7,"C","Lewis, Mutchmor, & Lynch, 1971",-9.78126991981188,-7.99368615280667,38.7025743733342,2269,299.85,-4787.35547680534,-1628.02388294841,32.4701150460995,-1.88743442551193,-0.00293293133310313,FALSE,TRUE,-8.40475031367992,-7.67074612288199
"Ostrinia nubilalis","Insecta","Lepidoptera","Crambidae","Ostrinia","nubilalis",0.04,4e-05,26.7,"C","Lewis, Mutchmor, & Lynch, 1971",-10.1266311038503,-7.80696171365229,38.7025743733342,2264,299.85,-4787.35547680534,-1628.02388294841,32.4701150460995,-1.88743442551193,-0.00293293133310313,FALSE,TRUE,-8.66832218043096,-7.93431798963303
"Pachylia ficus","Insecta","Lepidoptera","Sphingidae","Pachylia","ficus",3.225,0.003225,23,"C","Bartholomew & Casey, 1978",-5.7368223287344,-5.22156333415415,39.1861115172861,2306,296.15,-4787.35547680534,-1628.02388294841,32.4701150460995,-1.88743442551193,-0.00293293133310313,FALSE,TRUE,-5.617778943916,-5.16280368685093
"Pachylia ficus","Insecta","Lepidoptera","Sphingidae","Pachylia","ficus",3.225,0.003225,25,"C","A. M. Makarieva et al., Mean mass-specific metabolic rates are strikingly similar across life's major domains: Evidence for life's metabolic optimum. Proc. Natl. Acad. Sci. U.S.A. 105, 16994-16999 (2008).",-5.7368223287344,-5.27559743011181,38.9232497932056,2039,298.15,-4787.35547680534,-1628.02388294841,32.4701150460995,-1.88743442551193,-0.00293293133310313,FALSE,TRUE,-5.45487709185267,-4.99990183478759
"Pantophthalmus tabaninus","Insecta","Diptera","Pantophthalmidae","Pantophthalmus","tabaninus",1.746,0.001746,26,"C","Bartholomew & Lighton, 1986",-6.35042782156473,-5.81218458142025,38.7931369742412,2261,299.15,-4787.35547680534,-1628.02388294841,32.4701150460995,-1.88743442551193,-0.00293293133310313,FALSE,TRUE,-5.8425328629403,-5.59884399522134
"Pantophthalmus tabaninus","Insecta","Diptera","Pantophthalmidae","Pantophthalmus","tabaninus",1.746,0.001746,25,"C","A. M. Makarieva et al., Mean mass-specific metabolic rates are strikingly similar across life's major domains: Evidence for life's metabolic optimum. Proc. Natl. Acad. Sci. U.S.A. 105, 16994-16999 (2008).",-6.35042782156473,-5.79691802069146,38.9232497932056,2040,298.15,-4787.35547680534,-1628.02388294841,32.4701150460995,-1.88743442551193,-0.00293293133310313,FALSE,TRUE,-5.92316696537813,-5.67947809765917
"Paraponera clavata","Insecta","Hymenoptera","Formicidae","Paraponera","clavata",0.19,0.00019,28,"C","Fewell, Harrison, Lighton, & Breed, 1996",-8.56848648580379,-7.79560138696011,38.5355036554682,2260,301.15,-4787.35547680534,-1628.02388294841,32.4701150460995,-1.88743442551193,-0.00293293133310313,FALSE,TRUE,-7.37564353059469,-7.73239345051628
"Paraponera clavata","Insecta","Hymenoptera","Formicidae","Paraponera","clavata",0.19,0.00019,25,"C","A. M. Makarieva et al., Mean mass-specific metabolic rates are strikingly similar across life's major domains: Evidence for life's metabolic optimum. Proc. Natl. Acad. Sci. U.S.A. 105, 16994-16999 (2008).",-8.56848648580379,-7.74986661268204,38.9232497932056,2041,298.15,-4787.35547680534,-1628.02388294841,32.4701150460995,-1.88743442551193,-0.00293293133310313,FALSE,TRUE,-7.61593931420031,-7.9726892341219
"Perithemis tenera","Insecta","Odonata","Libellulidae","Perithemis","tenera",0.061,6.1e-05,25,"C","A. M. Makarieva et al., Mean mass-specific metabolic rates are strikingly similar across life's major domains: Evidence for life's metabolic optimum. Proc. Natl. Acad. Sci. U.S.A. 105, 16994-16999 (2008).",-9.70463669379096,-8.01309011341107,38.9232497932056,2044,298.15,-4787.35547680534,-1628.02388294841,32.4701150460995,-1.88743442551193,-0.00293293133310313,FALSE,TRUE,-8.48302352941833,-8.20786657001353
"Perithemis tenera","Insecta","Odonata","Libellulidae","Perithemis","tenera",0.061,6.1e-05,30,"C","(May, 1979)",-9.70463669379096,-8.02844511235581,38.2812697537333,2330,303.15,-4787.35547680534,-1628.02388294841,32.4701150460995,-1.88743442551193,-0.00293293133310313,FALSE,TRUE,-8.08517276668902,-7.81001580728422
"Phormia regina","Insecta","Diptera","Calliphoridae","Phormia","regina",0.05,5e-05,25,"C","A. M. Makarieva et al., Mean mass-specific metabolic rates are strikingly similar across life's major domains: Evidence for life's metabolic optimum. Proc. Natl. Acad. Sci. U.S.A. 105, 16994-16999 (2008).",-9.90348755253613,-7.52116749152323,38.9232497932056,2045,298.15,-4787.35547680534,-1628.02388294841,32.4701150460995,-1.88743442551193,-0.00293293133310313,FALSE,TRUE,-8.63478202014285,-7.69235683875514
"Pimelia grandis","Insecta","Coleoptera","Tenebrionidae","Pimelia","grandis",2.098,0.002098,25,"C","A. M. Makarieva et al., Mean mass-specific metabolic rates are strikingly similar across life's major domains: Evidence for life's metabolic optimum. Proc. Natl. Acad. Sci. U.S.A. 105, 16994-16999 (2008).",-6.16677076900803,-5.59024845328926,38.9232497932056,2046,298.15,-4787.35547680534,-1628.02388294841,32.4701150460995,-1.88743442551193,-0.00293293133310313,FALSE,TRUE,-5.78300404487179,-5.71720540906307
"Sphaeridium lunatum","Insecta","Coleoptera","Hydrophilidae","Sphaeridium","lunatum",0.034,3.4e-05,25,"C","A. M. Makarieva et al., Mean mass-specific metabolic rates are strikingly similar across life's major domains: Evidence for life's metabolic optimum. Proc. Natl. Acad. Sci. U.S.A. 105, 16994-16999 (2008).",-10.2891500333481,-8.64787151505892,38.9232497932056,2049,298.15,-4787.35547680534,-1628.02388294841,32.4701150460995,-1.88743442551193,-0.00293293133310313,FALSE,TRUE,-8.92911092767906,-8.86422953776501
"Stenocara gracilipes","Insecta","Coleoptera","Tenebrionidae","Stenocara","gracilipes",0.268,0.000268,25,"C","A. M. Makarieva et al., Mean mass-specific metabolic rates are strikingly similar across life's major domains: Evidence for life's metabolic optimum. Proc. Natl. Acad. Sci. U.S.A. 105, 16994-16999 (2008).",-8.22452357745342,-7.64946265015746,38.9232497932056,2050,298.15,-4787.35547680534,-1628.02388294841,32.4701150460995,-1.88743442551193,-0.00293293133310313,FALSE,TRUE,-7.35343457991921,-7.29203292318855
"Syssphinx molina","Insecta","Lepidoptera","Saturniidae","Syssphinx","molina",2.205,0.002205,23,"C","Bartholomew & Casey, 1978",-6.11702777008333,-5.39260127334606,39.1861115172861,2313,296.15,-4787.35547680534,-1628.02388294841,32.4701150460995,-1.88743442551193,-0.00293293133310313,FALSE,TRUE,-5.90794316200623,-5.2769307874449
"Syssphinx molina","Insecta","Lepidoptera","Saturniidae","Syssphinx","molina",1.63,0.00163,23,"C","Bartholomew & Casey, 1978",-6.41917526416347,-5.08272688929993,39.1861115172861,2315,296.15,-4787.35547680534,-1628.02388294841,32.4701150460995,-1.88743442551193,-0.00293293133310313,FALSE,TRUE,-6.13853531517646,-5.50752294061512
"Syssphinx molina","Insecta","Lepidoptera","Saturniidae","Syssphinx","molina",1.436,0.001436,23,"C","Bartholomew & Casey, 1978",-6.5458938083561,-5.7198594283052,39.1861115172861,2314,296.15,-4787.35547680534,-1628.02388294841,32.4701150460995,-1.88743442551193,-0.00293293133310313,FALSE,TRUE,-6.23524405022964,-5.6042316756683
"Syssphinx molina","Insecta","Lepidoptera","Saturniidae","Syssphinx","molina",1.757,0.001757,25,"C","A. M. Makarieva et al., Mean mass-specific metabolic rates are strikingly similar across life's major domains: Evidence for life's metabolic optimum. Proc. Natl. Acad. Sci. U.S.A. 105, 16994-16999 (2008).",-6.34414746977718,-5.4189720213589,38.9232497932056,2051,298.15,-4787.35547680534,-1628.02388294841,32.4701150460995,-1.88743442551193,-0.00293293133310313,FALSE,TRUE,-5.91837394253422,-5.28736156797288
"Teleogryllus commodus","Insecta","Orthoptera","Gryllidae","Teleogryllus","commodus",0.95,0.00095,25,"C","A. M. Makarieva et al., Mean mass-specific metabolic rates are strikingly similar across life's major domains: Evidence for life's metabolic optimum. Proc. Natl. Acad. Sci. U.S.A. 105, 16994-16999 (2008).",-6.95904857336969,-5.16958999477552,38.9232497932056,2052,298.15,-4787.35547680534,-1628.02388294841,32.4701150460995,-1.88743442551193,-0.00293293133310313,FALSE,TRUE,-6.38765259697357,-5.39619505479101
"Teleogryllus commodus","Insecta","Orthoptera","Gryllidae","Teleogryllus","commodus",0.95,0.00095,24,"C","Full, Zuccarello, & Tullis, 1990",-6.95904857336969,-5.18498576307527,39.0542383504771,2302,297.15,-4787.35547680534,-1628.02388294841,32.4701150460995,-1.88743442551193,-0.00293293133310313,FALSE,TRUE,-6.46882941590097,-5.47737187371842
"Tenebrio molitor","Insecta","Coleoptera","Tenebrionidae","Tenebrio","molitor",0.1,1e-04,25,"C","A. M. Makarieva et al., Mean mass-specific metabolic rates are strikingly similar across life's major domains: Evidence for life's metabolic optimum. Proc. Natl. Acad. Sci. U.S.A. 105, 16994-16999 (2008).",-9.21034037197618,-7.89607921375612,38.9232497932056,2053,298.15,-4787.35547680534,-1628.02388294841,32.4701150460995,-1.88743442551193,-0.00293293133310313,FALSE,TRUE,-8.10578772444037,-8.03998908863163
"Tetramorium caespitum","Insecta","Hymenoptera","Formicidae","Tetramorium","caespitum",0.00069,6.9e-07,25,"C","A. M. Makarieva et al., Mean mass-specific metabolic rates are strikingly similar across life's major domains: Evidence for life's metabolic optimum. Proc. Natl. Acad. Sci. U.S.A. 105, 16994-16999 (2008).",-14.1865742393551,-12.9400418206104,38.9232497932056,2055,298.15,-4787.35547680534,-1628.02388294841,32.4701150460995,-1.88743442551193,-0.00293293133310313,FALSE,TRUE,-11.9035371833625,-12.4533145450477
"Tetramorium caespitum","Insecta","Hymenoptera","Formicidae","Tetramorium","caespitum",0.00023,2.3e-07,25,"C","Jensen & Nielsen, 1975",-15.2851865280232,-12.9444496690648,38.9232497932056,2317,298.15,-4787.35547680534,-1628.02388294841,32.4701150460995,-1.88743442551193,-0.00293293133310313,FALSE,TRUE,-12.7419733051464,-13.2917506668315
"Tramea carolina","Insecta","Odonata","Libellulidae","Tramea","carolina",0.383,0.000383,25,"C","A. M. Makarieva et al., Mean mass-specific metabolic rates are strikingly similar across life's major domains: Evidence for life's metabolic optimum. Proc. Natl. Acad. Sci. U.S.A. 105, 16994-16999 (2008).",-7.86747556878363,-6.32275025704189,38.9232497932056,2056,298.15,-4787.35547680534,-1628.02388294841,32.4701150460995,-1.88743442551193,-0.00293293133310313,FALSE,TRUE,-7.08094359218171,-6.63058796023613
"Tramea carolina","Insecta","Odonata","Libellulidae","Tramea","carolina",0.383,0.000383,30,"C","(May, 1979)",-7.86747556878363,-6.33803813738799,38.2812697537333,2331,303.15,-4787.35547680534,-1628.02388294841,32.4701150460995,-1.88743442551193,-0.00293293133310313,FALSE,TRUE,-6.68309282945239,-6.23273719750681
"Tribolium confusum","Insecta","Coleoptera","Tenebrionidae","Tribolium","confusum",0.0020099999999999,2.01e-06,25,"C","A. M. Makarieva et al., Mean mass-specific metabolic rates are strikingly similar across life's major domains: Evidence for life's metabolic optimum. Proc. Natl. Acad. Sci. U.S.A. 105, 16994-16999 (2008).",-13.1173758358933,-11.0243454501516,38.9232497932056,2057,298.15,-4787.35547680534,-1628.02388294841,32.4701150460995,-1.88743442551193,-0.00293293133310313,FALSE,TRUE,-11.0875490753988,-11.0237366583395
"Armadillidium nasatum","Malacostraca","Isopoda","Armadillidiidae","Armadillidium","nasatum",0.03,3e-05,20,"C","A. M. Makarieva et al., Mean mass-specific metabolic rates are strikingly similar across life's major domains: Evidence for life's metabolic optimum. Proc. Natl. Acad. Sci. U.S.A. 105, 16994-16999 (2008).",-10.4143131763021,-10.7376915134122,39.5871292029482,2058,293.15,-4787.35547680534,-1628.02388294841,32.4701150460995,-1.88743442551193,-0.00293293133310313,FALSE,TRUE,-9.43605495473429,-10.1048466440088
"Armadillidium vulgare","Malacostraca","Isopoda","Armadillidiidae","Armadillidium","vulgare",0.004,4e-06,20,"C","A. M. Makarieva et al., Mean mass-specific metabolic rates are strikingly similar across life's major domains: Evidence for life's metabolic optimum. Proc. Natl. Acad. Sci. U.S.A. 105, 16994-16999 (2008).",-12.4292161968444,-11.3683057753603,39.5871292029482,2060,293.15,-4787.35547680534,-1628.02388294841,32.4701150460995,-1.88743442551193,-0.00293293133310313,FALSE,TRUE,-10.9737834980424,-11.605119013866
"Armadillidium vulgare","Malacostraca","Isopoda","Armadillidiidae","Armadillidium","vulgare",0.1199999999999,0.0001199999999999,20,"C","A. M. Makarieva et al., Mean mass-specific metabolic rates are strikingly similar across life's major domains: Evidence for life's metabolic optimum. Proc. Natl. Acad. Sci. U.S.A. 105, 16994-16999 (2008).",-9.02801881518306,-9.02801881518306,39.5871292029482,2062,293.15,-4787.35547680534,-1628.02388294841,32.4701150460995,-1.88743442551193,-0.00293293133310313,FALSE,TRUE,-8.37806636332996,-9.00940187915363
"Armadillidium vulgare","Malacostraca","Isopoda","Armadillidiidae","Armadillidium","vulgare",0.1439999999999,0.0001439999999999,20,"C","A. M. Makarieva et al., Mean mass-specific metabolic rates are strikingly similar across life's major domains: Evidence for life's metabolic optimum. Proc. Natl. Acad. Sci. U.S.A. 105, 16994-16999 (2008).",-8.84569725838897,-9.43268424311983,39.5871292029482,2063,293.15,-4787.35547680534,-1628.02388294841,32.4701150460995,-1.88743442551193,-0.00293293133310313,FALSE,TRUE,-8.23892266307029,-8.87025817889395
"Armadillidium vulgare","Malacostraca","Isopoda","Armadillidiidae","Armadillidium","vulgare",0.00064,6.4e-07,20,"C","A. M. Makarieva et al., Mean mass-specific metabolic rates are strikingly similar across life's major domains: Evidence for life's metabolic optimum. Proc. Natl. Acad. Sci. U.S.A. 105, 16994-16999 (2008).",-14.2617976605927,-12.1893807338498,39.5871292029482,2059,293.15,-4787.35547680534,-1628.02388294841,32.4701150460995,-1.88743442551193,-0.00293293133310313,FALSE,TRUE,-12.3723683410909,-13.0037038569146
"Armadillidium vulgare","Malacostraca","Isopoda","Armadillidiidae","Armadillidium","vulgare",0.065,6.5e-05,20,"C","A. M. Makarieva et al., Mean mass-specific metabolic rates are strikingly similar across life's major domains: Evidence for life's metabolic optimum. Proc. Natl. Acad. Sci. U.S.A. 105, 16994-16999 (2008).",-9.64112328806864,-9.85061051293536,39.5871292029482,2061,293.15,-4787.35547680534,-1628.02388294841,32.4701150460995,-1.88743442551193,-0.00293293133310313,FALSE,TRUE,-8.84597386973307,-9.47730938555673
"Asellus aquaticus","Malacostraca","Isopoda","Asellidae","Asellus","aquaticus",0.0168,1.68e-05,10,"C","A. M. Makarieva et al., Mean mass-specific metabolic rates are strikingly similar across life's major domains: Evidence for life's metabolic optimum. Proc. Natl. Acad. Sci. U.S.A. 105, 16994-16999 (2008).",-10.9941316715551,-10.8897716562308,40.9852266496354,2064,283.15,-4787.35547680534,-1628.02388294841,32.4701150460995,-1.88743442551193,-0.00293293133310313,FALSE,TRUE,-10.7449946029868,-11.192317217092
"Cylisticus convexus","Malacostraca","Isopoda","Cylisticidae","Cylisticus","convexus",0.0384,3.84e-05,20,"C","A. M. Makarieva et al., Mean mass-specific metabolic rates are strikingly similar across life's major domains: Evidence for life's metabolic optimum. Proc. Natl. Acad. Sci. U.S.A. 105, 16994-16999 (2008).",-10.1674530983706,-9.89483390359586,39.5871292029482,2065,293.15,-4787.35547680534,-1628.02388294841,32.4701150460995,-1.88743442551193,-0.00293293133310313,FALSE,TRUE,-9.24765691067537,-9.8194263880857
"Gammarus duebeni","Malacostraca","Amphipoda","Gammaridae","Gammarus","duebeni",0.05,5e-05,10,"C","A. M. Makarieva et al., Mean mass-specific metabolic rates are strikingly similar across life's major domains: Evidence for life's metabolic optimum. Proc. Natl. Acad. Sci. U.S.A. 105, 16994-16999 (2008).",-9.90348755253613,-9.8081773727318,40.9852266496354,2066,283.15,-4787.35547680534,-1628.02388294841,32.4701150460995,-1.88743442551193,-0.00293293133310313,FALSE,TRUE,-9.91263960857361,-10.5288934442316
"Gammarus fossarum","Malacostraca","Amphipoda","Gammaridae","Gammarus","fossarum",0.0189,1.89e-05,10,"C","A. M. Makarieva et al., Mean mass-specific metabolic rates are strikingly similar across life's major domains: Evidence for life's metabolic optimum. Proc. Natl. Acad. Sci. U.S.A. 105, 16994-16999 (2008).",-10.8763486358987,-11.202078775988,40.9852266496354,2067,283.15,-4787.35547680534,-1628.02388294841,32.4701150460995,-1.88743442551193,-0.00293293133310313,FALSE,TRUE,-10.6551052465266,-11.2713590821845
"Idotea baltica","Malacostraca","Isopoda","Idoteidae","Idotea","baltica",0.1385,0.0001385,20,"C","A. M. Makarieva et al., Mean mass-specific metabolic rates are strikingly similar across life's major domains: Evidence for life's metabolic optimum. Proc. Natl. Acad. Sci. U.S.A. 105, 16994-16999 (2008).",-8.88464023233688,-8.5130766759044,39.5871292029482,2068,293.15,-4787.35547680534,-1628.02388294841,32.4701150460995,-1.88743442551193,-0.00293293133310313,FALSE,TRUE,-8.26864306250911,-8.66470888511127
"Ligia oceanica","Malacostraca","Isopoda","Ligiidae","Ligia","oceanica",0.8,8e-04,20,"C","A. M. Makarieva et al., Mean mass-specific metabolic rates are strikingly similar across life's major domains: Evidence for life's metabolic optimum. Proc. Natl. Acad. Sci. U.S.A. 105, 16994-16999 (2008).",-7.13089883029635,-7.24855687376458,39.5871292029482,2069,293.15,-4787.35547680534,-1628.02388294841,32.4701150460995,-1.88743442551193,-0.00293293133310313,FALSE,TRUE,-6.93022717648145,-7.2579267051583
"Ligia oceanica","Malacostraca","Isopoda","Ligiidae","Ligia","oceanica",0.8,8e-04,20,"C","A. M. Makarieva et al., Mean mass-specific metabolic rates are strikingly similar across life's major domains: Evidence for life's metabolic optimum. Proc. Natl. Acad. Sci. U.S.A. 105, 16994-16999 (2008).",-7.13089883029635,-7.18852794313298,39.5871292029482,2070,293.15,-4787.35547680534,-1628.02388294841,32.4701150460995,-1.88743442551193,-0.00293293133310313,FALSE,TRUE,-6.93022717648145,-7.2579267051583
"Niphargus rhenorhodanensis","Malacostraca","Amphipoda","Niphargidae","Niphargus","rhenorhodanensis",0.013,1.3e-05,11,"C","A. M. Makarieva et al., Mean mass-specific metabolic rates are strikingly similar across life's major domains: Evidence for life's metabolic optimum. Proc. Natl. Acad. Sci. U.S.A. 105, 16994-16999 (2008).",-11.2505612005027,-12.0715417525726,40.8409886533319,2071,284.15,-4787.35547680534,-1628.02388294841,32.4701150460995,-1.88743442551193,-0.00293293133310313,FALSE,TRUE,-10.8513080152577,-11.7041482647213
"Niphargus virei","Malacostraca","Amphipoda","Niphargidae","Niphargus","virei",0.093,9.3e-05,11,"C","A. M. Makarieva et al., Mean mass-specific metabolic rates are strikingly similar across life's major domains: Evidence for life's metabolic optimum. Proc. Natl. Acad. Sci. U.S.A. 105, 16994-16999 (2008).",-9.28291106481102,-11.0548679067429,40.8409886533319,2072,284.15,-4787.35547680534,-1628.02388294841,32.4701150460995,-1.88743442551193,-0.00293293133310313,FALSE,TRUE,-9.34964180797644,-10.2024820574401
"Stenasellus virei","Malacostraca","Isopoda","Stenasellidae","Stenasellus","virei",0.012,1.2e-05,11,"C","A. M. Makarieva et al., Mean mass-specific metabolic rates are strikingly similar across life's major domains: Evidence for life's metabolic optimum. Proc. Natl. Acad. Sci. U.S.A. 105, 16994-16999 (2008).",-11.3306039081763,-12.5017868896792,40.8409886533319,2073,284.15,-4787.35547680534,-1628.02388294841,32.4701150460995,-1.88743442551193,-0.00293293133310313,FALSE,TRUE,-10.9123948045564,-11.3597174186617
"Amblyrhynchus cristatus","Reptilia","Squamata","Iguanidae","Amblyrhynchus","cristatus",489,0.489,30,"C","J. F. Gillooly, J. P. Gomez, E. V. Mavrodiev,  A broad-scale comparison of aerobic activity levels in vertebrates: endotherms versus ectotherms. Proc. Biol. Sci. 284, 20162328 (2017).",-0.715392789507265,0.505109316769882,38.2812697537333,2074,303.15,17293.0298989992,158.924340947614,573.328426214863,-2492.5845468819,-162.16022649679,FALSE,TRUE,-1.22478455274153,-0.84862551339939
"Amblyrhynchus cristatus","Reptilia","Squamata","Iguanidae","Amblyrhynchus","cristatus",747.5,0.7475,25,"C","A. M. Makarieva et al., Mean mass-specific metabolic rates are strikingly similar across life's major domains: Evidence for life's metabolic optimum. Proc. Natl. Acad. Sci. U.S.A. 105, 16994-16999 (2008).",-0.291020973717295,-1.88557027365765,38.9232497932056,2105,298.15,17293.0298989992,158.924340947614,573.328426214863,-2492.5845468819,-162.16022649679,FALSE,TRUE,-1.29876431648843,-0.922605277146292
"Chelydra serpentina","Reptilia","Testudines","Chelydridae","Chelydra","serpentina",3473,3.473,30,"C","J. F. Gillooly, J. P. Gomez, E. V. Mavrodiev,  A broad-scale comparison of aerobic activity levels in vertebrates: endotherms versus ectotherms. Proc. Biol. Sci. 284, 20162328 (2017).",1.24501877376194,2.2464673139764,38.2812697537333,2075,303.15,-4787.35547680534,-1628.02388294841,32.4701150460995,-1.88743442551193,-0.00293293133310313,FALSE,TRUE,0.271357339317863,-0.0320822793792054
"Chelydra serpentina","Reptilia","Testudines","Chelydridae","Chelydra","serpentina",3473,3.473,30,"C","Gatten Jr, 1978",1.24501877376194,-1.66608426838244,38.2812697537333,2397,303.15,-4787.35547680534,-1628.02388294841,32.4701150460995,-1.88743442551193,-0.00293293133310313,FALSE,TRUE,0.271357339317863,-0.0320822793792219
"Chelydra serpentina","Reptilia","Testudines","Chelydridae","Chelydra","serpentina",3473,3.473,10,"C","A. M. Makarieva et al., Mean mass-specific metabolic rates are strikingly similar across life's major domains: Evidence for life's metabolic optimum. Proc. Natl. Acad. Sci. U.S.A. 105, 16994-16999 (2008).",1.24501877376194,-2.71829752605376,40.9852266496354,2110,283.15,-4787.35547680534,-1628.02388294841,32.4701150460995,-1.88743442551193,-0.00293293133310313,FALSE,TRUE,-1.40435101184222,-1.7077906305393
"Coluber constrictor","Reptilia","Squamata","Colubridae","Coluber","constrictor",262,0.262,35,"C","J. F. Gillooly, J. P. Gomez, E. V. Mavrodiev,  A broad-scale comparison of aerobic activity levels in vertebrates: endotherms versus ectotherms. Proc. Biol. Sci. 284, 20162328 (2017).",-1.33941077522104,0.395190280167066,37.6601230759184,2076,308.15,17553.3198944084,189.648237074449,2662.31232889262,209.094000305564,1107.35748550903,FALSE,TRUE,-1.31608118803248,-1.49335794216144
"Coluber constrictor","Reptilia","Squamata","Colubridae","Coluber","constrictor",262,0.262,35,"C","A. M. Makarieva et al., Mean mass-specific metabolic rates are strikingly similar across life's major domains: Evidence for life's metabolic optimum. Proc. Natl. Acad. Sci. U.S.A. 105, 16994-16999 (2008).",-1.33941077522104,-2.37223532335115,37.6601230759184,2111,308.15,17553.3198944084,189.648237074449,2662.31232889262,209.094000305564,1107.35748550903,FALSE,TRUE,-1.31608118803248,-1.49335794216143
"Diplodactylus galeatus","Reptilia","Squamata","Diplodactylidae","Diplodactylus","galeatus",4,0.004,20,"C","J. F. Gillooly, J. P. Gomez, E. V. Mavrodiev,  A broad-scale comparison of aerobic activity levels in vertebrates: endotherms versus ectotherms. Proc. Biol. Sci. 284, 20162328 (2017).",-5.52146091786225,-4.71053070164592,39.5871292029482,2077,293.15,17609.1412108943,196.340035609827,3134.81857741097,867.660791418726,206.703257275032,FALSE,TRUE,-5.70194045925471,-5.37701708328184
"Egernia cunninghami","Reptilia","Squamata","Scincidae","Egernia","cunninghami",261,0.261,20,"C","A. M. Makarieva et al., Mean mass-specific metabolic rates are strikingly similar across life's major domains: Evidence for life's metabolic optimum. Proc. Natl. Acad. Sci. U.S.A. 105, 16994-16999 (2008).",-1.34323487165944,-3.00924313558194,39.5871292029482,2115,293.15,17592.6270925533,194.370228784986,2997.42145437294,681.054280713025,341.550266344304,FALSE,TRUE,-2.51321257203846,-2.40063670703776
"Egernia cunninghami","Reptilia","Squamata","Scincidae","Egernia","cunninghami",35,0.035,30,"C","J. F. Gillooly, J. P. Gomez, E. V. Mavrodiev,  A broad-scale comparison of aerobic activity levels in vertebrates: endotherms versus ectotherms. Proc. Biol. Sci. 284, 20162328 (2017).",-3.35240721749272,-1.74838074592611,38.2812697537333,2078,303.15,17592.6270925533,194.370228784986,2997.42145437294,681.054280713025,341.550266344304,FALSE,TRUE,-3.23729449177433,-3.12471862677363
"Elgaria multicarinata","Reptilia","Squamata","Anguidae","Elgaria","multicarinata",29,0.029,20,"C","A. M. Makarieva et al., Mean mass-specific metabolic rates are strikingly similar across life's major domains: Evidence for life's metabolic optimum. Proc. Natl. Acad. Sci. U.S.A. 105, 16994-16999 (2008).",-3.54045944899566,-4.69247251439089,39.5871292029482,2116,293.15,17293.0298989992,158.924340947614,573.328426214863,-2492.5845468819,-162.16022649679,FALSE,TRUE,-4.19008481560612,-3.99154831360478
"Elgaria multicarinata","Reptilia","Squamata","Anguidae","Elgaria","multicarinata",257,0.257,30,"C","J. F. Gillooly, J. P. Gomez, E. V. Mavrodiev,  A broad-scale comparison of aerobic activity levels in vertebrates: endotherms versus ectotherms. Proc. Biol. Sci. 284, 20162328 (2017).",-1.35867919408692,-0.337027946554936,38.2812697537333,2079,303.15,17293.0298989992,158.924340947614,573.328426214863,-2492.5845468819,-162.16022649679,FALSE,TRUE,-1.71572622872252,-1.51718972672119
"Heloderma horridum","Reptilia","Squamata","Helodermatidae","Heloderma","horridum",803,0.803,31.2,"C","J. F. Gillooly, J. P. Gomez, E. V. Mavrodiev,  A broad-scale comparison of aerobic activity levels in vertebrates: endotherms versus ectotherms. Proc. Biol. Sci. 284, 20162328 (2017).",-0.219400565035375,1.50555778194671,38.130333253965,2080,304.35,17293.0298989992,158.924340947614,573.328426214863,-2492.5845468819,-162.16022649679,FALSE,TRUE,-0.752715425369193,0.0222277763222752
"Heloderma suspectum","Reptilia","Squamata","Helodermatidae","Heloderma","suspectum",464,0.464,25,"C","J. F. Gillooly, J. P. Gomez, E. V. Mavrodiev,  A broad-scale comparison of aerobic activity levels in vertebrates: endotherms versus ectotherms. Proc. Biol. Sci. 284, 20162328 (2017).",-0.767870726755882,0.425848539834785,38.9232497932056,2081,298.15,17293.0298989992,158.924340947614,573.328426214863,-2492.5845468819,-162.16022649679,FALSE,TRUE,-1.66268529364767,-0.887742091956201
"Iguana iguana","Reptilia","Squamata","Iguanidae","Iguana","iguana",795,0.795,30,"C","J. F. Gillooly, J. P. Gomez, E. V. Mavrodiev,  A broad-scale comparison of aerobic activity levels in vertebrates: endotherms versus ectotherms. Proc. Biol. Sci. 284, 20162328 (2017).",-0.229413164327805,0.708856474265125,38.2812697537333,2082,303.15,17293.0298989992,158.924340947614,573.328426214863,-2492.5845468819,-162.16022649679,FALSE,TRUE,-0.853895863069756,-0.416653242461858
"Iguana iguana","Reptilia","Squamata","Iguanidae","Iguana","iguana",795,0.795,37,"C","A. M. Makarieva et al., Mean mass-specific metabolic rates are strikingly similar across life's major domains: Evidence for life's metabolic optimum. Proc. Natl. Acad. Sci. U.S.A. 105, 16994-16999 (2008).",-0.229413164327805,-0.412134801143099,37.4172720485064,2121,310.15,17293.0298989992,158.924340947614,573.328426214863,-2492.5845468819,-162.16022649679,FALSE,TRUE,-0.318455312140077,0.118787308467818
"Moloch horridus","Reptilia","Squamata","Agamidae","Moloch","horridus",28,0.028,35,"C","J. F. Gillooly, J. P. Gomez, E. V. Mavrodiev,  A broad-scale comparison of aerobic activity levels in vertebrates: endotherms versus ectotherms. Proc. Biol. Sci. 284, 20162328 (2017).",-3.57555076880693,-1.88168417675604,37.6601230759184,2083,308.15,17293.0298989992,158.924340947614,573.328426214863,-2492.5845468819,-162.16022649679,FALSE,TRUE,-3.02265279962518,-2.99888061176974
"Nephrurus levis","Reptilia","Squamata","Carphodactylidae","Nephrurus","levis",13,0.013,20,"C","J. F. Gillooly, J. P. Gomez, E. V. Mavrodiev,  A broad-scale comparison of aerobic activity levels in vertebrates: endotherms versus ectotherms. Proc. Biol. Sci. 284, 20162328 (2017).",-4.3428059215206,-3.9691814192681,39.5871292029482,2084,293.15,17609.1412108943,196.340035609827,3134.81857741097,867.660791418726,206.703257275032,FALSE,TRUE,-4.80241754817213,-4.48813636662748
"Oligosoma macgregori","Reptilia","Squamata","Scincidae","Oligosoma","macgregori",20,0.02,25,"C","J. F. Gillooly, J. P. Gomez, E. V. Mavrodiev,  A broad-scale comparison of aerobic activity levels in vertebrates: endotherms versus ectotherms. Proc. Biol. Sci. 284, 20162328 (2017).",-3.91202300542815,-4.45101950616084,38.9232497932056,2085,298.15,17592.6270925533,194.370228784986,2997.42145437294,681.054280713025,341.550266344304,FALSE,TRUE,-4.06223140287944,-4.18452943441526
"Oligosoma polychroma","Reptilia","Squamata","Scincidae","Oligosoma","polychroma",3,0.003,25,"C","J. F. Gillooly, J. P. Gomez, E. V. Mavrodiev,  A broad-scale comparison of aerobic activity levels in vertebrates: endotherms versus ectotherms. Proc. Biol. Sci. 284, 20162328 (2017).",-5.80914299031403,-4.38648098502327,38.9232497932056,2086,298.15,17592.6270925533,194.370228784986,2997.42145437294,681.054280713025,341.550266344304,FALSE,TRUE,-5.51007058972731,-5.63236862126314
"Pituophis catenifer","Reptilia","Squamata","Colubridae","Pituophis","catenifer",548,0.548,30,"C","J. F. Gillooly, J. P. Gomez, E. V. Mavrodiev,  A broad-scale comparison of aerobic activity levels in vertebrates: endotherms versus ectotherms. Proc. Biol. Sci. 284, 20162328 (2017).",-0.601479992034121,0.358295851779772,38.2812697537333,2087,303.15,17553.3198944084,189.648237074449,2662.31232889262,209.094000305564,1107.35748550903,FALSE,TRUE,-1.13784887477754,-1.32267408436932
"Pituophis catenifer","Reptilia","Squamata","Colubridae","Pituophis","catenifer",548,0.548,30,"C","A. M. Makarieva et al., Mean mass-specific metabolic rates are strikingly similar across life's major domains: Evidence for life's metabolic optimum. Proc. Natl. Acad. Sci. U.S.A. 105, 16994-16999 (2008).",-0.601479992034121,-2.10655788914398,38.2812697537333,2130,303.15,17553.3198944084,189.648237074449,2662.31232889262,209.094000305564,1107.35748550903,FALSE,TRUE,-1.13784887477754,-1.32267408436934
"Rhoptropus bradfieldi","Reptilia","Squamata","Gekkonidae","Rhoptropus","bradfieldi",5,0.005,25,"C","J. F. Gillooly, J. P. Gomez, E. V. Mavrodiev,  A broad-scale comparison of aerobic activity levels in vertebrates: endotherms versus ectotherms. Proc. Biol. Sci. 284, 20162328 (2017).",-5.29831736654804,-4.49980967033027,38.9232497932056,2088,298.15,17609.1412108943,196.340035609827,3134.81857741097,867.660791418726,206.703257275032,FALSE,TRUE,-5.1202199942844,-4.86000957787317
"Sauromalus hispidus","Reptilia","Squamata","Iguanidae","Sauromalus","hispidus",574,0.574,20,"C","A. M. Makarieva et al., Mean mass-specific metabolic rates are strikingly similar across life's major domains: Evidence for life's metabolic optimum. Proc. Natl. Acad. Sci. U.S.A. 105, 16994-16999 (2008).",-0.555125882662571,-2.86776131151012,39.5871292029482,2136,293.15,17293.0298989992,158.924340947614,573.328426214863,-2492.5845468819,-162.16022649679,FALSE,TRUE,-1.91174556580407,-1.75743386078202
"Sauromalus hispidus","Reptilia","Squamata","Iguanidae","Sauromalus","hispidus",574,0.574,28.5,"C","Bennett, Dawson, & Bartholomew, 1975",-0.555125882662571,-1.58294523283136,38.4716291259548,2394,301.65,17293.0298989992,158.924340947614,573.328426214863,-2492.5845468819,-162.16022649679,FALSE,TRUE,-1.22044283181061,-1.06613112678856
"Sauromalus hispidus","Reptilia","Squamata","Iguanidae","Sauromalus","hispidus",574,0.574,30,"C","J. F. Gillooly, J. P. Gomez, E. V. Mavrodiev,  A broad-scale comparison of aerobic activity levels in vertebrates: endotherms versus ectotherms. Proc. Biol. Sci. 284, 20162328 (2017).",-0.555125882662571,0.361164849211584,38.2812697537333,2089,303.15,17293.0298989992,158.924340947614,573.328426214863,-2492.5845468819,-162.16022649679,FALSE,TRUE,-1.10247246392623,-0.948160758904181
"Strophurus intermedius","Reptilia","Squamata","Diplodactylidae","Strophurus","intermedius",5,0.005,20,"C","J. F. Gillooly, J. P. Gomez, E. V. Mavrodiev,  A broad-scale comparison of aerobic activity levels in vertebrates: endotherms versus ectotherms. Proc. Biol. Sci. 284, 20162328 (2017).",-5.29831736654804,-4.36878140792387,39.5871292029482,2090,293.15,17609.1412108943,196.340035609827,3134.81857741097,867.660791418726,206.703257275032,FALSE,TRUE,-5.53164233343293,-5.22552867975722
"Teratoscincus przewalskii","Reptilia","Squamata","Sphaerodactylidae","Teratoscincus","przewalskii",11,0.011,25,"C","J. F. Gillooly, J. P. Gomez, E. V. Mavrodiev,  A broad-scale comparison of aerobic activity levels in vertebrates: endotherms versus ectotherms. Proc. Biol. Sci. 284, 20162328 (2017).",-4.50986000618377,-3.43509893333784,38.9232497932056,2091,298.15,17609.1412108943,196.340035609827,3134.81857741097,867.660791418726,206.703257275032,FALSE,TRUE,-4.51848711887921,-4.25686446977375
"Terrapene ornata","Reptilia","Testudines","Emydidae","Terrapene","ornata",354,0.354,30,"C","J. F. Gillooly, J. P. Gomez, E. V. Mavrodiev,  A broad-scale comparison of aerobic activity levels in vertebrates: endotherms versus ectotherms. Proc. Biol. Sci. 284, 20162328 (2017).",-1.03845836584836,-0.345311185288417,38.2812697537333,2092,303.15,-4787.35547680534,-1628.02388294841,32.4701150460995,-1.88743442551193,-0.00293293133310313,FALSE,TRUE,-1.47134091452925,-2.2535254169174
"Terrapene ornata","Reptilia","Testudines","Emydidae","Terrapene","ornata",354,0.354,20,"C","Gatten Jr, 1974",-1.03845836584836,-3.55540179692681,39.5871292029482,2396,293.15,-4787.35547680534,-1628.02388294841,32.4701150460995,-1.88743442551193,-0.00293293133310313,FALSE,TRUE,-2.28061401640709,-3.06279851879525
"Terrapene ornata","Reptilia","Testudines","Emydidae","Terrapene","ornata",354,0.354,10,"C","A. M. Makarieva et al., Mean mass-specific metabolic rates are strikingly similar across life's major domains: Evidence for life's metabolic optimum. Proc. Natl. Acad. Sci. U.S.A. 105, 16994-16999 (2008).",-1.03845836584836,-6.55991928371061,40.9852266496354,2142,283.15,-4787.35547680534,-1628.02388294841,32.4701150460995,-1.88743442551193,-0.00293293133310313,FALSE,TRUE,-3.14704926568933,-3.92923376807749
"Thamnophis sirtalis","Reptilia","Squamata","Colubridae","Thamnophis","sirtalis",200,0.2,29,"C","A. M. Makarieva et al., Mean mass-specific metabolic rates are strikingly similar across life's major domains: Evidence for life's metabolic optimum. Proc. Natl. Acad. Sci. U.S.A. 105, 16994-16999 (2008).",-1.6094379124341,-3.30770703857482,38.4079659965059,2145,302.15,17293.0298989992,158.924340947614,573.328426214863,-2492.5845468819,-162.16022649679,FALSE,TRUE,-1.98561639366653,-2.3310179950286
"Thamnophis sirtalis","Reptilia","Squamata","Colubridae","Thamnophis","sirtalis",2,0.002,30,"C","J. F. Gillooly, J. P. Gomez, E. V. Mavrodiev,  A broad-scale comparison of aerobic activity levels in vertebrates: endotherms versus ectotherms. Proc. Biol. Sci. 284, 20162328 (2017).",-6.21460809842219,-4.04555439805267,38.2812697537333,2093,303.15,17293.0298989992,158.924340947614,573.328426214863,-2492.5845468819,-162.16022649679,FALSE,TRUE,-5.42166165307935,-5.76706325444141
"Tiliqua scincoides","Reptilia","Squamata","Scincidae","Tiliqua","scincoides",461,0.461,20,"C","A. M. Makarieva et al., Mean mass-specific metabolic rates are strikingly similar across life's major domains: Evidence for life's metabolic optimum. Proc. Natl. Acad. Sci. U.S.A. 105, 16994-16999 (2008).",-0.774357235985488,-2.56411870255087,39.5871292029482,2146,293.15,17592.6270925533,194.370228784986,2997.42145437294,681.054280713025,341.550266344304,FALSE,TRUE,-2.07905799035043,-2.09432948985936
"Tiliqua scincoides","Reptilia","Squamata","Scincidae","Tiliqua","scincoides",493,0.493,30,"C","J. F. Gillooly, J. P. Gomez, E. V. Mavrodiev,  A broad-scale comparison of aerobic activity levels in vertebrates: endotherms versus ectotherms. Proc. Biol. Sci. 284, 20162328 (2017).",-0.707246104939447,-0.419564032487666,38.2812697537333,2094,303.15,17592.6270925533,194.370228784986,2997.42145437294,681.054280713025,341.550266344304,FALSE,TRUE,-1.21856718681099,-1.23383868631992
"Varanus brevicauda","Reptilia","Squamata","Varanidae","Varanus","brevicauda",17,0.017,35,"C","J. F. Gillooly, J. P. Gomez, E. V. Mavrodiev,  A broad-scale comparison of aerobic activity levels in vertebrates: endotherms versus ectotherms. Proc. Biol. Sci. 284, 20162328 (2017).",-4.07454193492592,-1.1604876923862,37.6601230759184,2095,308.15,17293.0298989992,158.924340947613,573.328426214852,-2492.58454688194,-162.160226496791,FALSE,TRUE,-3.40347160389361,-3.04276094780002
"Varanus caudolineatus","Reptilia","Squamata","Varanidae","Varanus","caudolineatus",15,0.015,35,"C","J. F. Gillooly, J. P. Gomez, E. V. Mavrodiev,  A broad-scale comparison of aerobic activity levels in vertebrates: endotherms versus ectotherms. Proc. Biol. Sci. 284, 20162328 (2017).",-4.19970507787993,-0.649662068620206,37.6601230759184,2096,308.15,17293.0298989992,158.924340947614,573.328426214863,-2492.5845468819,-162.16022649679,FALSE,TRUE,-3.49899329180032,-3.09071316894807
"Varanus gilleni","Reptilia","Squamata","Varanidae","Varanus","gilleni",27.5,0.0275,37,"C","Bickler & Anderson, 1986",-3.59356927430961,-4.5839242138022,37.4172720485064,2407,310.15,17293.0298989992,158.924340947614,573.328426214863,-2492.5845468819,-162.16022649679,FALSE,TRUE,-2.88590338369595,-2.61681199553191
"Varanus gilleni","Reptilia","Squamata","Varanidae","Varanus","gilleni",27.5,0.0275,37,"C","A. M. Makarieva et al., Mean mass-specific metabolic rates are strikingly similar across life's major domains: Evidence for life's metabolic optimum. Proc. Natl. Acad. Sci. U.S.A. 105, 16994-16999 (2008).",-3.59356927430961,-3.51383430629076,37.4172720485064,2150,310.15,17293.0298989992,158.924340947614,573.328426214863,-2492.5845468819,-162.16022649679,FALSE,TRUE,-2.88590338369595,-2.61681199553191
"Varanus gilleni","Reptilia","Squamata","Varanidae","Varanus","gilleni",8,0.008,35,"C","J. F. Gillooly, J. P. Gomez, E. V. Mavrodiev,  A broad-scale comparison of aerobic activity levels in vertebrates: endotherms versus ectotherms. Proc. Biol. Sci. 284, 20162328 (2017).",-4.8283137373023,-1.42019591279557,37.6601230759184,2097,308.15,17293.0298989992,158.924340947614,573.328426214863,-2492.5845468819,-162.16022649679,FALSE,TRUE,-3.97873324370345,-3.70964185553941
"Varanus rosenbergi","Reptilia","Squamata","Varanidae","Varanus","rosenbergi",1503,1.503,35,"C","J. F. Gillooly, J. P. Gomez, E. V. Mavrodiev,  A broad-scale comparison of aerobic activity levels in vertebrates: endotherms versus ectotherms. Proc. Biol. Sci. 284, 20162328 (2017).",0.407463110770837,2.33537491581704,37.6601230759184,2098,308.15,17293.0298989992,158.924340947614,573.328426214863,-2492.5845468819,-162.16022649679,FALSE,TRUE,0.0170935646294659,0.436757014663131
"Varanus rosenbergi","Reptilia","Squamata","Varanidae","Varanus","rosenbergi",1287,1.287,35,"C","Christian & Conley, 1994",0.25231392861399,-0.859208216482119,37.6601230759184,2402,308.15,17293.0298989992,158.924340947614,573.328426214863,-2492.5845468819,-162.16022649679,FALSE,TRUE,-0.101312792123764,0.318350657909905
"Acanthodactylus pardalis","Reptilia","Squamata","Lacertidae","Acanthodactylus","pardalis",9.6999999999999,0.0096999999999999,40,"C","A. M. Makarieva et al., Mean mass-specific metabolic rates are strikingly similar across life's major domains: Evidence for life's metabolic optimum. Proc. Natl. Acad. Sci. U.S.A. 105, 16994-16999 (2008).",-4.63562939347281,-3.27747733829919,37.0588118340867,2100,313.15,17293.0298989992,158.924340947614,573.328426214863,-2492.5845468819,-162.16022649679,FALSE,TRUE,-3.45903358588173,-3.64879180438866
"Acanthophis praelongus","Reptilia","Squamata","Elapidae","Acanthophis","praelongus",105.5,0.1055,30,"C","A. M. Makarieva et al., Mean mass-specific metabolic rates are strikingly similar across life's major domains: Evidence for life's metabolic optimum. Proc. Natl. Acad. Sci. U.S.A. 105, 16994-16999 (2008).",-2.24904432606602,-3.59227919772546,38.2812697537333,2103,303.15,17553.8954404959,189.717589425878,2667.2702417175,216.180822006214,1093.3182184021,FALSE,TRUE,-2.39523281710515,-2.93072315905959
"Acontias meleagris","Reptilia","Squamata","Scincidae","Acontias","meleagris",7.3,0.0073,33,"C","A. M. Makarieva et al., Mean mass-specific metabolic rates are strikingly similar across life's major domains: Evidence for life's metabolic optimum. Proc. Natl. Acad. Sci. U.S.A. 105, 16994-16999 (2008).",-4.91988093082779,-5.5795933353015,37.9061470711882,2104,306.15,17592.6270925533,194.370228784986,2997.42145437294,681.054280713025,341.550266344304,FALSE,TRUE,-4.20108235958994,-4.43992332857758
"Anolis acutus","Reptilia","Squamata","Dactyloidae","Anolis","acutus",4.3,0.0043,30,"C","A. M. Makarieva et al., Mean mass-specific metabolic rates are strikingly similar across life's major domains: Evidence for life's metabolic optimum. Proc. Natl. Acad. Sci. U.S.A. 105, 16994-16999 (2008).",-5.44914025628262,-4.97228515208778,38.2812697537333,2106,303.15,17293.0298989992,158.924340947614,573.328426214863,-2492.5845468819,-162.16022649679,FALSE,TRUE,-4.83747385950222,-4.83090299045701
"Bunopus tuberculatus","Reptilia","Squamata","Gekkonidae","Bunopus","tuberculatus",2.2,0.0022,20,"C","Al-Sadoon & Abdo, 1989",-6.11929791861787,-4.71352305515142,39.5871292029482,2395,293.15,17609.1412108943,196.340035609827,3134.81857741097,867.660791418726,206.703257275032,FALSE,TRUE,-6.15819617525448,-5.54412759241437
"Bunopus tuberculatus","Reptilia","Squamata","Gekkonidae","Bunopus","tuberculatus",2.5,0.0025,35,"C","A. M. Makarieva et al., Mean mass-specific metabolic rates are strikingly similar across life's major domains: Evidence for life's metabolic optimum. Proc. Natl. Acad. Sci. U.S.A. 105, 16994-16999 (2008).",-5.99146454710798,-4.25380933687313,37.6601230759184,2108,308.15,17609.1412108943,196.340035609827,3134.81857741097,867.660791418726,206.703257275032,FALSE,TRUE,-4.86642370928663,-4.25235512644651
"Chalcides sepsoides","Reptilia","Squamata","Scincidae","Chalcides","sepsoides",7.4,0.0074,30,"C","A. M. Makarieva et al., Mean mass-specific metabolic rates are strikingly similar across life's major domains: Evidence for life's metabolic optimum. Proc. Natl. Acad. Sci. U.S.A. 105, 16994-16999 (2008).",-4.90627527877201,-5.72953114467898,38.2812697537333,2109,303.15,17592.6270925533,194.370228784986,2997.42145437294,681.054280713025,341.550266344304,FALSE,TRUE,-4.42317155186277,-4.67852981042444
"Diplometopon zarudnyi","Reptilia","Squamata","Trogonophidae","Diplometopon","zarudnyi",6.34,0.00634,35,"C","A. M. Makarieva et al., Mean mass-specific metabolic rates are strikingly similar across life's major domains: Evidence for life's metabolic optimum. Proc. Natl. Acad. Sci. U.S.A. 105, 16994-16999 (2008).",-5.060876510533,-5.22339544003078,37.6601230759184,2113,308.15,17293.0298989992,158.924340947614,573.328426214863,-2492.5845468819,-162.16022649679,FALSE,TRUE,-4.15621990726083,-4.70660779085316
"Dipsas albifrons","Reptilia","Squamata","Colubridae","Dipsas","albifrons",22,0.022,20,"C","A. M. Makarieva et al., Mean mass-specific metabolic rates are strikingly similar across life's major domains: Evidence for life's metabolic optimum. Proc. Natl. Acad. Sci. U.S.A. 105, 16994-16999 (2008).",-3.81671282562382,-5.42615073805792,39.5871292029482,2114,293.15,17552.7604473396,189.580824198604,2657.49299312412,202.205041185754,1121.01029045246,FALSE,TRUE,-4.40091516232525,-4.93464346787524
"Eryx colubrinus","Reptilia","Squamata","Erycidae","Eryx","colubrinus",85.85,0.08585,20,"C","A. M. Makarieva et al., Mean mass-specific metabolic rates are strikingly similar across life's major domains: Evidence for life's metabolic optimum. Proc. Natl. Acad. Sci. U.S.A. 105, 16994-16999 (2008).",-2.45515369163865,-4.95618972335654,39.5871292029482,2117,293.15,17564.0686308265,190.943368910398,2754.88716084095,341.383037007667,846.216226545312,FALSE,TRUE,-3.36180393841763,-4.1194733288729
"Gekko gecko","Reptilia","Squamata","Gekkonidae","Gekko","gecko",61.5,0.0615,30,"C","A. M. Makarieva et al., Mean mass-specific metabolic rates are strikingly similar across life's major domains: Evidence for life's metabolic optimum. Proc. Natl. Acad. Sci. U.S.A. 105, 16994-16999 (2008).",-2.78871810416966,-3.412339222081,38.2812697537333,2118,303.15,17609.1412108943,196.340035609827,3134.81857741097,867.660791418726,206.703257275032,FALSE,TRUE,-2.80709967332812,-2.54956241539164
"Helicops modestus","Reptilia","Squamata","Colubridae","Helicops","modestus",196,0.196,30,"C","A. M. Makarieva et al., Mean mass-specific metabolic rates are strikingly similar across life's major domains: Evidence for life's metabolic optimum. Proc. Natl. Acad. Sci. U.S.A. 105, 16994-16999 (2008).",-1.62964061975162,-2.81381079678138,38.2812697537333,2119,303.15,17293.0298989992,158.924340947614,573.328426214863,-2492.5845468819,-162.16022649679,FALSE,TRUE,-1.92251787781535,-2.45641830863933
"Hemidactylus platyurus","Reptilia","Squamata","Gekkonidae","Hemidactylus","platyurus",3.5,0.0035,27,"C","A. M. Makarieva et al., Mean mass-specific metabolic rates are strikingly similar across life's major domains: Evidence for life's metabolic optimum. Proc. Natl. Acad. Sci. U.S.A. 105, 16994-16999 (2008).",-5.65499231048677,-6.24197929521832,38.6638911405773,2120,300.15,17609.1412108943,196.340035609827,3134.81857741097,867.660791418726,206.703257275032,FALSE,TRUE,-5.2316953545941,-4.97492094434708
"Lampropeltis getula","Reptilia","Squamata","Colubridae","Lampropeltis","getula",1217,1.217,26,"C","A. M. Makarieva et al., Mean mass-specific metabolic rates are strikingly similar across life's major domains: Evidence for life's metabolic optimum. Proc. Natl. Acad. Sci. U.S.A. 105, 16994-16999 (2008).",0.19638881400539,-1.66151045772721,38.7931369742412,2122,299.15,17553.3198944084,189.648237074449,2662.31232889262,209.094000305564,1107.35748550903,FALSE,TRUE,-0.846150056580186,-1.27941856911789
"Lepidophyma gaigeae","Reptilia","Squamata","Xantusiidae","Lepidophyma","gaigeae",5,0.005,15,"C","A. M. Makarieva et al., Mean mass-specific metabolic rates are strikingly similar across life's major domains: Evidence for life's metabolic optimum. Proc. Natl. Acad. Sci. U.S.A. 105, 16994-16999 (2008).",-5.29831736654804,-7.19543735143392,40.2740479814134,2123,288.15,17592.6270925533,194.370228784986,2997.42145437294,681.054280713025,341.550266344304,FALSE,TRUE,-5.95734273397824,-6.45244050139958
"Liasis olivaceus","Reptilia","Squamata","Pythonidae","Liasis","olivaceus",3000.7,3.0007,24,"C","A. M. Makarieva et al., Mean mass-specific metabolic rates are strikingly similar across life's major domains: Evidence for life's metabolic optimum. Proc. Natl. Acad. Sci. U.S.A. 105, 16994-16999 (2008).",1.09884559478345,-1.39006907640208,39.0542383504771,2124,297.15,17564.0686308265,190.943368910398,2754.88716084095,341.383037007667,846.216226545312,FALSE,TRUE,-0.319226315901542,-1.26423002281326
"Liasis olivaceus","Reptilia","Squamata","Pythonidae","Liasis","olivaceus",3323.2,3.3232,30,"C","Bedford & Christian, 1999",1.20092817413971,-0.925649025950096,38.2812697537333,2401,303.15,17564.0686308265,190.943368910398,2754.88716084095,341.383037007667,846.216226545312,FALSE,TRUE,0.237708388058454,-0.707295318853272
"Lichanura trivirgata","Reptilia","Squamata","Charinidae","Lichanura","trivirgata",182,0.182,20,"C","A. M. Makarieva et al., Mean mass-specific metabolic rates are strikingly similar across life's major domains: Evidence for life's metabolic optimum. Proc. Natl. Acad. Sci. U.S.A. 105, 16994-16999 (2008).",-1.70374859190534,-4.32104442973909,39.5871292029482,2125,293.15,17564.0686308265,190.943368910398,2754.88716084095,341.383037007667,846.216226545312,FALSE,TRUE,-2.78834851268889,-3.54601790314417
"Natrix maura","Reptilia","Squamata","Colubridae","Natrix","maura",22.5,0.0225,5,"C","A. M. Makarieva et al., Mean mass-specific metabolic rates are strikingly similar across life's major domains: Evidence for life's metabolic optimum. Proc. Natl. Acad. Sci. U.S.A. 105, 16994-16999 (2008).",-3.79423996977176,-7.11847631029779,41.7219734885647,2126,278.15,17293.0298989992,158.924340947614,573.328426214863,-2492.5845468819,-162.16022649679,FALSE,TRUE,-5.70677970554401,-6.39053714423263
"Natrix maura","Reptilia","Squamata","Colubridae","Natrix","maura",22.5,0.0225,25,"C","Hailey & Davies, 1986",-3.79423996977176,-4.38202663467388,38.9232497932056,2408,298.15,17293.0298989992,158.924340947614,573.328426214863,-2492.5845468819,-162.16022649679,FALSE,TRUE,-3.97234204641922,-4.65609948510784
"Natrix natrix","Reptilia","Squamata","Colubridae","Natrix","natrix",37.5,0.0375,25,"C","Hailey & Davies, 1986",-3.28341434600577,-3.68887945411394,38.9232497932056,2409,298.15,17293.0298989992,158.924340947614,573.328426214863,-2492.5845468819,-162.16022649679,FALSE,TRUE,-3.58249145097631,-4.24529660425096
"Natrix natrix","Reptilia","Squamata","Colubridae","Natrix","natrix",82.5,0.0825,5,"C","A. M. Makarieva et al., Mean mass-specific metabolic rates are strikingly similar across life's major domains: Evidence for life's metabolic optimum. Proc. Natl. Acad. Sci. U.S.A. 105, 16994-16999 (2008).",-2.4949569856415,-6.31166981126532,41.7219734885647,2127,278.15,17293.0298989992,158.924340947614,573.328426214863,-2492.5845468819,-162.16022649679,FALSE,TRUE,-4.71519623469591,-5.37800138797056
"Ophisaurus ventralis","Reptilia","Squamata","Anguidae","Ophisaurus","ventralis",32.17,0.03217,25,"C","Kamel & Gatten, 1983",-3.4367209377312,-4.9868422730089,38.9232497932056,2404,298.15,17293.0298989992,158.924340947614,573.328426214863,-2492.5845468819,-162.16022649679,FALSE,TRUE,-3.6994915842681,-4.21513959149836
"Ophisaurus ventralis","Reptilia","Squamata","Anguidae","Ophisaurus","ventralis",32.185,0.032185,25,"C","A. M. Makarieva et al., Mean mass-specific metabolic rates are strikingly similar across life's major domains: Evidence for life's metabolic optimum. Proc. Natl. Acad. Sci. U.S.A. 105, 16994-16999 (2008).",-3.43625477347756,-4.97803403743784,38.9232497932056,2128,298.15,17293.0298989992,158.924340947614,573.328426214863,-2492.5845468819,-162.16022649679,FALSE,TRUE,-3.69913581822308,-4.21478382545335
"Pantherophis guttatus","Reptilia","Squamata","Colubridae","Pantherophis","guttatus",800,0.8,25,"C","A. M. Makarieva et al., Mean mass-specific metabolic rates are strikingly similar across life's major domains: Evidence for life's metabolic optimum. Proc. Natl. Acad. Sci. U.S.A. 105, 16994-16999 (2008).",-0.22314355131421,-0.688358663828148,38.9232497932056,2129,298.15,17553.3198944084,189.648237074449,2662.31232889262,209.094000305564,1107.35748550903,FALSE,TRUE,-1.24696179854525,-1.6648789400778
"Podarcis lilfordi","Reptilia","Squamata","Lacertidae","Podarcis","lilfordi",7.4,0.0074,20,"C","A. M. Makarieva et al., Mean mass-specific metabolic rates are strikingly similar across life's major domains: Evidence for life's metabolic optimum. Proc. Natl. Acad. Sci. U.S.A. 105, 16994-16999 (2008).",-4.90627527877201,-5.80767739815242,39.5871292029482,2131,293.15,17293.0298989992,158.924340947614,573.328426214863,-2492.5845468819,-162.16022649679,FALSE,TRUE,-5.23244465374061,-5.44834886959038
"Podarcis muralis","Reptilia","Squamata","Lacertidae","Podarcis","muralis",5.5,0.0055,35,"C","A. M. Makarieva et al., Mean mass-specific metabolic rates are strikingly similar across life's major domains: Evidence for life's metabolic optimum. Proc. Natl. Acad. Sci. U.S.A. 105, 16994-16999 (2008).",-5.20300718674371,-4.33927370560824,37.6601230759184,2132,308.15,17293.0298989992,158.924340947614,573.328426214863,-2492.5845468819,-162.16022649679,FALSE,TRUE,-4.26469083388145,-4.4805950497312
"Python regius","Reptilia","Squamata","Pythonidae","Python","regius",787,0.787,20,"C","A. M. Makarieva et al., Mean mass-specific metabolic rates are strikingly similar across life's major domains: Evidence for life's metabolic optimum. Proc. Natl. Acad. Sci. U.S.A. 105, 16994-16999 (2008).",-0.239527030564734,-3.25546201143624,39.5871292029482,2133,293.15,17564.0686308265,190.943368910398,2754.88716084095,341.383037007667,846.216226545312,FALSE,TRUE,-1.67088763956229,-2.52341226427013
"Python sebae","Reptilia","Squamata","Pythonidae","Python","sebae",16140,16.14,20,"C","A. M. Makarieva et al., Mean mass-specific metabolic rates are strikingly similar across life's major domains: Evidence for life's metabolic optimum. Proc. Natl. Acad. Sci. U.S.A. 105, 16994-16999 (2008).",2.7813006628418,-0.462892970010688,39.5871292029482,2134,293.15,17564.0686308265,190.943368910398,2754.88716084095,341.383037007667,846.216226545312,FALSE,TRUE,0.634539927525598,-0.217984697182239
"Sceloporus variabilis","Reptilia","Squamata","Iguanidae","Sceloporus","variabilis",12.215,0.012215,10,"C","A. M. Makarieva et al., Mean mass-specific metabolic rates are strikingly similar across life's major domains: Evidence for life's metabolic optimum. Proc. Natl. Acad. Sci. U.S.A. 105, 16994-16999 (2008).",-4.40509057427243,-4.49173838099811,40.9852266496354,2137,283.15,17293.0298989992,158.924340947614,573.328426214863,-2492.5845468819,-162.16022649679,FALSE,TRUE,-5.71638703973306,-5.60082590572953
"Scelotes gronovii","Reptilia","Squamata","Scincidae","Scelotes","gronovii",1.1,0.0011,33,"C","A. M. Makarieva et al., Mean mass-specific metabolic rates are strikingly similar across life's major domains: Evidence for life's metabolic optimum. Proc. Natl. Acad. Sci. U.S.A. 105, 16994-16999 (2008).",-6.81244509917781,-6.58054004219503,37.9061470711882,2138,306.15,17592.6270925533,194.370228784986,2997.42145437294,681.054280713025,341.550266344304,FALSE,TRUE,-5.64544465000466,-5.90080290856632
"Scincella lateralis","Reptilia","Squamata","Scincidae","Scincella","lateralis",1,0.001,20,"C","A. M. Makarieva et al., Mean mass-specific metabolic rates are strikingly similar across life's major domains: Evidence for life's metabolic optimum. Proc. Natl. Acad. Sci. U.S.A. 105, 16994-16999 (2008).",-6.90775527898214,-7.31272051204865,39.5871292029482,2139,293.15,17592.6270925533,194.370228784986,2997.42145437294,681.054280713025,341.550266344304,FALSE,TRUE,-6.75992905065967,-6.99052943004637
"Storeria dekayi","Reptilia","Squamata","Colubridae","Storeria","dekayi",7.2,0.0072,30,"C","A. M. Makarieva et al., Mean mass-specific metabolic rates are strikingly similar across life's major domains: Evidence for life's metabolic optimum. Proc. Natl. Acad. Sci. U.S.A. 105, 16994-16999 (2008).",-4.93367425296013,-5.03903476861795,38.2812697537333,2140,303.15,17293.0298989992,158.924340947614,573.328426214863,-2492.5845468819,-162.16022649679,FALSE,TRUE,-4.44408183103594,-4.97459547815542
"Thamnophis butleri","Reptilia","Squamata","Colubridae","Thamnophis","butleri",19.02,0.01902,25,"C","A. M. Makarieva et al., Mean mass-specific metabolic rates are strikingly similar across life's major domains: Evidence for life's metabolic optimum. Proc. Natl. Acad. Sci. U.S.A. 105, 16994-16999 (2008).",-3.96226422186489,-5.03520876378442,38.9232497932056,2143,298.15,17293.0298989992,158.924340947614,573.328426214863,-2492.5845468819,-162.16022649679,FALSE,TRUE,-4.10057436617725,-4.76706275110921
"Thamnophis butleri","Reptilia","Squamata","Colubridae","Thamnophis","butleri",19.04,0.01904,25,"C","Kamel & Gatten, 1983",-3.96121324961892,-5.07493917609709,38.9232497932056,2406,298.15,17293.0298989992,158.924340947614,573.328426214863,-2492.5845468819,-162.16022649679,FALSE,TRUE,-4.09977228786163,-4.76626067279358
"Thamnophis proximus","Reptilia","Squamata","Colubridae","Thamnophis","proximus",31,0.031,30,"C","A. M. Makarieva et al., Mean mass-specific metabolic rates are strikingly similar across life's major domains: Evidence for life's metabolic optimum. Proc. Natl. Acad. Sci. U.S.A. 105, 16994-16999 (2008).",-3.47376807449699,-3.65648971131229,38.2812697537333,2144,303.15,17293.0298989992,158.924340947614,573.328426214863,-2492.5845468819,-162.16022649679,FALSE,TRUE,-3.32991436079689,-3.85421639142201
"Varanus albigularis","Reptilia","Squamata","Varanidae","Varanus","albigularis",963,0.963,35,"C","A. M. Makarieva et al., Mean mass-specific metabolic rates are strikingly similar across life's major domains: Evidence for life's metabolic optimum. Proc. Natl. Acad. Sci. U.S.A. 105, 16994-16999 (2008).",-0.0377018671840115,-0.187362641738418,37.6601230759184,2147,308.15,17293.0298989992,158.924340947614,573.328426214863,-2492.5845468819,-162.16022649679,FALSE,TRUE,-0.32264630677043,-0.304119708156503
"Varanus albigularis","Reptilia","Squamata","Varanidae","Varanus","albigularis",963,0.963,35,"C","Louw, Young, & Bligh, 1976",-0.0377018671840115,-1.07923164046009,37.6601230759184,2399,308.15,17293.0298989992,158.924340947614,573.328426214863,-2492.5845468819,-162.16022649679,FALSE,TRUE,-0.32264630677043,-0.304119708156503
"Varanus bengalensis","Reptilia","Squamata","Varanidae","Varanus","bengalensis",3440,3.44,30,"C","A. M. Makarieva et al., Mean mass-specific metabolic rates are strikingly similar across life's major domains: Evidence for life's metabolic optimum. Proc. Natl. Acad. Sci. U.S.A. 105, 16994-16999 (2008).",1.23547147138531,-0.0268369099535924,38.2812697537333,2148,303.15,17293.0298989992,158.924340947614,573.328426214863,-2492.5845468819,-162.16022649679,FALSE,TRUE,0.264071053463677,0.544343693088165
"Varanus giganteus","Reptilia","Squamata","Varanidae","Varanus","giganteus",2496,2.496,25,"C","Thompson, Heger, Heger, & Withers, 1995",0.914689450507181,-0.519395574449058,38.9232497932056,2398,298.15,17293.0298989992,158.924340947614,573.328426214863,-2492.5845468819,-162.16022649679,FALSE,TRUE,-0.37859331302489,-0.287104315799688
"Varanus giganteus","Reptilia","Squamata","Varanidae","Varanus","giganteus",2496,2.496,25.9,"C","A. M. Makarieva et al., Mean mass-specific metabolic rates are strikingly similar across life's major domains: Evidence for life's metabolic optimum. Proc. Natl. Acad. Sci. U.S.A. 105, 16994-16999 (2008).",0.914689450507181,-0.520795154803481,38.8061090982921,2149,299.05,17293.0298989992,158.924340947614,573.328426214863,-2492.5845468819,-162.16022649679,FALSE,TRUE,-0.305998353754362,-0.214509356529163
"Varanus mertensi","Reptilia","Squamata","Varanidae","Varanus","mertensi",904,0.904,35,"C","Christian & Conley, 1994",-0.100925918589961,-1.80828877117927,37.6601230759184,2403,308.15,17293.0298989992,158.924340947614,573.328426214863,-2492.5845468819,-162.16022649679,FALSE,TRUE,-0.370897476915751,-0.571055925055405
"Varanus mertensi","Reptilia","Squamata","Varanidae","Varanus","mertensi",904,0.904,35,"C","A. M. Makarieva et al., Mean mass-specific metabolic rates are strikingly similar across life's major domains: Evidence for life's metabolic optimum. Proc. Natl. Acad. Sci. U.S.A. 105, 16994-16999 (2008).",-0.100925918589961,-0.937943469569608,37.6601230759184,2151,308.15,17293.0298989992,158.924340947614,573.328426214863,-2492.5845468819,-162.16022649679,FALSE,TRUE,-0.370897476915751,-0.571055925055411
"Xantusia henshawi","Reptilia","Squamata","Xantusiidae","Xantusia","henshawi",3.5,0.0035,15,"C","A. M. Makarieva et al., Mean mass-specific metabolic rates are strikingly similar across life's major domains: Evidence for life's metabolic optimum. Proc. Natl. Acad. Sci. U.S.A. 105, 16994-16999 (2008).",-5.65499231048677,-7.23487142067933,40.2740479814134,2152,288.15,17592.6270925533,194.370228784986,2997.42145437294,681.054280713025,341.550266344304,FALSE,TRUE,-6.22954900712671,-6.7822807428296
"Xantusia vigilis","Reptilia","Squamata","Xantusiidae","Xantusia","vigilis",1.5,0.0015,30,"C","A. M. Makarieva et al., Mean mass-specific metabolic rates are strikingly similar across life's major domains: Evidence for life's metabolic optimum. Proc. Natl. Acad. Sci. U.S.A. 105, 16994-16999 (2008).",-6.50229017087397,-6.54415437497267,38.2812697537333,2153,303.15,17592.6270925533,194.370228784986,2997.42145437294,681.054280713025,341.550266344304,FALSE,TRUE,-5.64121412270048,-6.19394585840337
"Xenodon guentheri","Reptilia","Squamata","Colubridae","Xenodon","guentheri",50,0.05,20,"C","A. M. Makarieva et al., Mean mass-specific metabolic rates are strikingly similar across life's major domains: Evidence for life's metabolic optimum. Proc. Natl. Acad. Sci. U.S.A. 105, 16994-16999 (2008).",-2.99573227355399,-4.6356293934728,39.5871292029482,2154,293.15,17293.0298989992,158.924340947614,573.328426214863,-2492.5845468819,-162.16022649679,FALSE,TRUE,-3.7743613205037,-4.30497436059058
"Xenodon merremii","Reptilia","Squamata","Colubridae","Xenodon","merremii",502,0.502,20,"C","A. M. Makarieva et al., Mean mass-specific metabolic rates are strikingly similar across life's major domains: Evidence for life's metabolic optimum. Proc. Natl. Acad. Sci. U.S.A. 105, 16994-16999 (2008).",-0.689155159290408,-2.12044688634103,39.5871292029482,2155,293.15,17293.0298989992,158.924340947614,573.328426214863,-2492.5845468819,-162.16022649679,FALSE,TRUE,-2.01403368697335,-2.54464672706024
"Pardosa lugubris","Arachnida","Araneae","Lycosidae","Pardosa","lugubris",0.0224,2.24e-05,20,"C","Schmitz, 2004",-10.7064495991033,-10.2414081870925,39.5871292029482,2156,293.15,-4787.35547680534,-1628.02388294841,32.4701150460995,-1.88743442551193,-0.00293293133310313,FALSE,TRUE,-9.65900688408341,-10.1878954591422
"Pardosa lugubris","Arachnida","Araneae","Lycosidae","Pardosa","lugubris",0.0214,2.14e-05,20,"C","Schmitz, 2004",-10.7521196359365,-10.3333292415764,39.5871292029482,2157,293.15,-4787.35547680534,-1628.02388294841,32.4701150460995,-1.88743442551193,-0.00293293133310313,FALSE,TRUE,-9.69386122620129,-10.2227498012601
"Marpissa muscosa","Arachnida","Araneae","Salticidae","Marpissa","muscosa",0.0391,3.91e-05,20,"C","Schmitz, 2004",-10.149388090973,-9.9117365211578,39.5871292029482,2158,293.15,-4787.35547680534,-1628.02388294841,32.4701150460995,-1.88743442551193,-0.00293293133310313,FALSE,TRUE,-9.23387010444837,-9.79659350048706
"Marpissa muscosa","Arachnida","Araneae","Salticidae","Marpissa","muscosa",0.0275,2.75e-05,20,"C","Schmitz, 2004",-10.5013245532917,-10.2356991314342,39.5871292029482,2159,293.15,-4787.35547680534,-1628.02388294841,32.4701150460995,-1.88743442551193,-0.00293293133310313,FALSE,TRUE,-9.50246007529115,-10.0651834713298
"Zosis geniculata","Arachnida","Araneae","Uloboridae","Zosis","geniculata",0.047,4.7e-05,25,"C","Kawamoto, Machado, Kaneto, & Japyassu, 2011",-9.96536295625422,-9.33439302064616,38.9232497932056,2174,298.15,-4787.35547680534,-1628.02388294841,32.4701150460995,-1.88743442551193,-0.00293293133310313,FALSE,TRUE,-8.68200393278876,-9.54483936566216
"Zosis geniculata","Arachnida","Araneae","Uloboridae","Zosis","geniculata",0.0292,2.92e-05,25,"C","Kawamoto, Machado, Kaneto, & Japyassu, 2011",-10.44134184869,-10.0594918010127,38.9232497932056,2177,298.15,-4787.35547680534,-1628.02388294841,32.4701150460995,-1.88743442551193,-0.00293293133310313,FALSE,TRUE,-9.04526028877643,-9.90809572164983
"Zosis geniculata","Arachnida","Araneae","Uloboridae","Zosis","geniculata",0.0637,6.37e-05,25,"C","Kawamoto, Machado, Kaneto, & Japyassu, 2011",-9.66132599538616,-9.32812340763257,38.9232497932056,2178,298.15,-4787.35547680534,-1628.02388294841,32.4701150460995,-1.88743442551193,-0.00293293133310313,FALSE,TRUE,-8.449969781179,-9.3128052140524
"Zosis geniculata","Arachnida","Araneae","Uloboridae","Zosis","geniculata",0.0287,2.87e-05,25,"C","Kawamoto, Machado, Kaneto, & Japyassu, 2011",-10.4586134351987,-10.1406173458251,38.9232497932056,2176,298.15,-4787.35547680534,-1628.02388294841,32.4701150460995,-1.88743442551193,-0.00293293133310313,FALSE,TRUE,-9.05844157407493,-9.92127700694833
"Zosis geniculata","Arachnida","Araneae","Uloboridae","Zosis","geniculata",0.0286,2.86e-05,25,"C","Kawamoto, Machado, Kaneto, & Japyassu, 2011",-10.4621038401385,-9.88150864581735,38.9232497932056,2163,298.15,-4787.35547680534,-1628.02388294841,32.4701150460995,-1.88743442551193,-0.00293293133310313,FALSE,TRUE,-9.0611053724061,-9.92394080527951
"Zosis geniculata","Arachnida","Araneae","Uloboridae","Zosis","geniculata",0.028,2.8e-05,25,"C","Kawamoto, Machado, Kaneto, & Japyassu, 2011",-10.4833060477891,-10.2601624964749,38.9232497932056,2168,298.15,-4787.35547680534,-1628.02388294841,32.4701150460995,-1.88743442551193,-0.00293293133310313,FALSE,TRUE,-9.0772864191131,-9.9401218519865
"Zosis geniculata","Arachnida","Araneae","Uloboridae","Zosis","geniculata",0.028,2.8e-05,25,"C","Kawamoto, Machado, Kaneto, & Japyassu, 2011",-10.4833060477891,-9.87069772971314,38.9232497932056,2170,298.15,-4787.35547680534,-1628.02388294841,32.4701150460995,-1.88743442551193,-0.00293293133310313,FALSE,TRUE,-9.0772864191131,-9.94012185198651
"Zosis geniculata","Arachnida","Araneae","Uloboridae","Zosis","geniculata",0.0301,3.01e-05,25,"C","Kawamoto, Machado, Kaneto, & Japyassu, 2011",-10.4109853862094,-9.57498348556409,38.9232497932056,2171,298.15,-4787.35547680534,-1628.02388294841,32.4701150460995,-1.88743442551193,-0.00293293133310313,FALSE,TRUE,-9.02209292123846,-9.88492835411186
"Zosis geniculata","Arachnida","Araneae","Uloboridae","Zosis","geniculata",0.0443,4.43e-05,25,"C","Kawamoto, Machado, Kaneto, & Japyassu, 2011",-10.0245258809132,-9.29130943450985,38.9232497932056,2172,298.15,-4787.35547680534,-1628.02388294841,32.4701150460995,-1.88743442551193,-0.00293293133310313,FALSE,TRUE,-8.72715574259109,-9.5899911754645
"Zosis geniculata","Arachnida","Araneae","Uloboridae","Zosis","geniculata",0.0242,2.42e-05,25,"C","Kawamoto, Machado, Kaneto, & Japyassu, 2011",-10.6291579248016,-10.008848068194,38.9232497932056,2173,298.15,-4787.35547680534,-1628.02388294841,32.4701150460995,-1.88743442551193,-0.00293293133310313,FALSE,TRUE,-9.1885972822617,-10.0514327151351
"Zosis geniculata","Arachnida","Araneae","Uloboridae","Zosis","geniculata",0.0248,2.48e-05,25,"C","Kawamoto, Machado, Kaneto, & Japyassu, 2011",-10.6046669047933,-9.94894992661288,38.9232497932056,2162,298.15,-4787.35547680534,-1628.02388294841,32.4701150460995,-1.88743442551193,-0.00293293133310313,FALSE,TRUE,-9.16990628813567,-10.0327417210091
"Zosis geniculata","Arachnida","Araneae","Uloboridae","Zosis","geniculata",0.0245,2.45e-05,25,"C","Kawamoto, Machado, Kaneto, & Japyassu, 2011",-10.6168374404136,-10.1986046034754,38.9232497932056,2175,298.15,-4787.35547680534,-1628.02388294841,32.4701150460995,-1.88743442551193,-0.00293293133310313,FALSE,TRUE,-9.17919456643979,-10.0420299993132
"Zosis geniculata","Arachnida","Araneae","Uloboridae","Zosis","geniculata",0.0343,3.43e-05,25,"C","Kawamoto, Machado, Kaneto, & Japyassu, 2011",-10.2803652037924,-9.71194934063725,38.9232497932056,2160,298.15,-4787.35547680534,-1628.02388294841,32.4701150460995,-1.88743442551193,-0.00293293133310313,FALSE,TRUE,-8.92240654388578,-9.78524197675919
"Zosis geniculata","Arachnida","Araneae","Uloboridae","Zosis","geniculata",0.0301,3.01e-05,25,"C","Kawamoto, Machado, Kaneto, & Japyassu, 2011",-10.4109853862094,-10.112837781718,38.9232497932056,2161,298.15,-4787.35547680534,-1628.02388294841,32.4701150460995,-1.88743442551193,-0.00293293133310313,FALSE,TRUE,-9.02209292123846,-9.88492835411186
"Zosis geniculata","Arachnida","Araneae","Uloboridae","Zosis","geniculata",0.0348,3.48e-05,25,"C","Kawamoto, Machado, Kaneto, & Japyassu, 2011",-10.2658931711838,-10.0465883961768,38.9232497932056,2166,298.15,-4787.35547680534,-1628.02388294841,32.4701150460995,-1.88743442551193,-0.00293293133310313,FALSE,TRUE,-8.9113618149857,-9.77419724785911
"Zosis geniculata","Arachnida","Araneae","Uloboridae","Zosis","geniculata",0.0273999999999999,2.74e-05,25,"C","Kawamoto, Machado, Kaneto, & Japyassu, 2011",-10.5049675445702,-10.0858091093301,38.9232497932056,2169,298.15,-4787.35547680534,-1628.02388294841,32.4701150460995,-1.88743442551193,-0.00293293133310313,FALSE,TRUE,-9.09381798492625,-9.95665341779965
"Zosis geniculata","Arachnida","Araneae","Uloboridae","Zosis","geniculata",0.0501,5.01e-05,25,"C","Kawamoto, Machado, Kaneto, & Japyassu, 2011",-9.90148954987345,-9.58301565726136,38.9232497932056,2179,298.15,-4787.35547680534,-1628.02388294841,32.4701150460995,-1.88743442551193,-0.00293293133310313,FALSE,TRUE,-8.63325718957152,-9.49609262244493
"Zosis geniculata","Arachnida","Araneae","Uloboridae","Zosis","geniculata",0.0532,5.32e-05,25,"C","Kawamoto, Machado, Kaneto, & Japyassu, 2011",-9.84145216161668,-9.70281685707398,38.9232497932056,2165,298.15,-4787.35547680534,-1628.02388294841,32.4701150460995,-1.88743442551193,-0.00293293133310313,FALSE,TRUE,-8.58743800887305,-9.45027344174646
"Zosis geniculata","Arachnida","Araneae","Uloboridae","Zosis","geniculata",0.0242,2.42e-05,25,"C","Kawamoto, Machado, Kaneto, & Japyassu, 2011",-10.6291579248016,-10.34285421232,38.9232497932056,2167,298.15,-4787.35547680534,-1628.02388294841,32.4701150460995,-1.88743442551193,-0.00293293133310313,FALSE,TRUE,-9.1885972822617,-10.0514327151351
"Zosis geniculata","Arachnida","Araneae","Uloboridae","Zosis","geniculata",0.0511,5.11e-05,25,"C","Kawamoto, Machado, Kaneto, & Japyassu, 2011",-9.88172606075462,-9.04200505715725,38.9232497932056,2164,298.15,-4787.35547680534,-1628.02388294841,32.4701150460995,-1.88743442551193,-0.00293293133310313,FALSE,TRUE,-8.61817414040063,-9.48100957327403
"Dermacentor andersoni","Arachnida","Ixodida","Ixodidae","Dermacentor","andersoni",0.0207,2.07e-05,25,"C","Lighton & Fielden, 1995",-10.785376857693,-12.5939161522885,38.9232497932056,2180,298.15,-4787.35547680534,-1628.02388294841,32.4701150460995,-1.88743442551193,-0.00293293133310313,FALSE,TRUE,-9.30782004864947,-9.61767762908387
"Loxosceles deserta","Arachnida","Araneae","Sicariidae","Loxosceles","deserta",0.079,7.9e-05,22,"C","Greenstone & Bennett, 1980",-9.44606270549725,-9.68449356218156,39.3188782850898,2181,295.15,-4787.35547680534,-1628.02388294841,32.4701150460995,-1.88743442551193,-0.00293293133310313,FALSE,TRUE,-8.53086636478821,-9.54583040188472
"Loxosceles deserta","Arachnida","Araneae","Sicariidae","Loxosceles","deserta",0.0632,6.32e-05,22,"C","Greenstone & Bennett, 1980",-9.66920625681146,-10.1178156247927,39.3188782850898,2182,295.15,-4787.35547680534,-1628.02388294841,32.4701150460995,-1.88743442551193,-0.00293293133310313,FALSE,TRUE,-8.70116449060999,-9.7161285277065
"Latrodectus mactans","Arachnida","Araneae","Theridiidae","Latrodectus","mactans",0.169,0.000169,22,"C","Greenstone & Bennett, 1980",-8.6856118430412,-7.41656817101329,39.3188782850898,2185,295.15,-4787.35547680534,-1628.02388294841,32.4701150460995,-1.88743442551193,-0.00293293133310313,FALSE,TRUE,-7.95050741695795,-7.65815200414503
"Latrodectus mactans","Arachnida","Araneae","Theridiidae","Latrodectus","mactans",0.3505,0.0003505,22,"C","Greenstone & Bennett, 1980",-7.95614985148963,-7.24166885782791,39.3188782850898,2183,295.15,-4787.35547680534,-1628.02388294841,32.4701150460995,-1.88743442551193,-0.00293293133310313,FALSE,TRUE,-7.3937984765121,-7.10144306369919
"Latrodectus mactans","Arachnida","Araneae","Theridiidae","Latrodectus","mactans",0.0482,4.82e-05,22,"C","Greenstone & Bennett, 1980",-9.94015153690772,-7.83751080219056,39.3188782850898,2184,295.15,-4787.35547680534,-1628.02388294841,32.4701150460995,-1.88743442551193,-0.00293293133310313,FALSE,TRUE,-8.90794381776912,-8.61558840495621
"Agelenopsis aperta","Arachnida","Araneae","Agelenidae","Agelenopsis","aperta",0.6325,0.0006325,22,"C","Greenstone & Bennett, 1980",-7.3658303373626,-6.9264329405047,39.3188782850898,2186,295.15,-4787.35547680534,-1628.02388294841,32.4701150460995,-1.88743442551193,-0.00293293133310313,FALSE,TRUE,-6.9432799367659,-7.16499621680306
"Agelenopsis aperta","Arachnida","Araneae","Agelenidae","Agelenopsis","aperta",0.715,0.000715,22,"C","Greenstone & Bennett, 1980",-7.24322801527027,-6.75755794702647,39.3188782850898,2187,295.15,-4787.35547680534,-1628.02388294841,32.4701150460995,-1.88743442551193,-0.00293293133310313,FALSE,TRUE,-6.84971260958681,-7.07142888962397
"Agelenopsis aperta","Arachnida","Araneae","Agelenidae","Agelenopsis","aperta",0.3208,0.0003208,22,"C","Greenstone & Bennett, 1980",-8.04469268197191,-7.91870957935697,39.3188782850898,2188,295.15,-4787.35547680534,-1628.02388294841,32.4701150460995,-1.88743442551193,-0.00293293133310313,FALSE,TRUE,-7.46137236783579,-7.68308864787296
"Menemerus bivittatus","Arachnida","Araneae","Salticidae","Menemerus","bivittatus",0.0279,2.79e-05,22,"C","Greenstone & Bennett, 1980",-10.486883869137,-9.58023255185715,39.3188782850898,2189,295.15,-4787.35547680534,-1628.02388294841,32.4701150460995,-1.88743442551193,-0.00293293133310313,FALSE,TRUE,-9.32519760330965,-9.79255133915467
"Hirundo tahitica","Aves","Passeriformes","Hirundinidae","Hirundo","tahitica",14.07,0.01407,33.5,"C","Bryant, Hails, & Tatner, 1984",-4.26371040785584,-1.45397309646211,37.8443402114602,2190,306.65,16328.1935774524,58.4047036824013,-3823.20290549704,935.025301861929,-20.6014997015098,FALSE,TRUE,-3.66200458942333,-1.12170575476398
"Apteryx owenii","Aves","Apterygiformes","Apterygidae","Apteryx","owenii",1525,1.525,17,"C","Calder III & Dawson, 1978",0.421994410059375,0.936093359170335,39.9964395169542,2194,290.15,16687.6512451382,95.9686159193579,-2163.05827604092,-361.851009356103,-68.0925520712482,FALSE,TRUE,-1.41968902741351,0.978559094547302
"Apteryx owenii","Aves","Apterygiformes","Apterygidae","Apteryx","owenii",1525,1.525,16,"C","Calder III & Dawson, 1978",0.421994410059375,1.22964055107451,40.1347637068797,2193,289.15,16687.6512451382,95.9686159193579,-2163.05827604092,-361.851009356103,-68.0925520712482,FALSE,TRUE,-1.50541191766257,0.892836204298239
"Apteryx owenii","Aves","Apterygiformes","Apterygidae","Apteryx","owenii",666,0.666,20.5,"C","Calder III & Dawson, 1978",-0.406465608441748,0.148420005118273,39.5197239088856,2192,293.65,16687.6512451382,95.9686159193579,-2163.05827604092,-361.851009356103,-68.0925520712482,FALSE,TRUE,-1.75651868468893,0.641729437271881
"Aythya nyroca","Aves","Anseriformes","Anatidae","Aythya","nyroca",440,0.44,22.5,"C","Prinzinger & Hänssler, 1980",-0.82098055206983,1.18546933276138,39.2523826343456,2195,295.65,16326.7570841147,58.2681849286686,-3827.2039838056,937.828094549421,-19.805563713662,FALSE,TRUE,-1.90718920188037,0.998913408531013
"Aythya ferina","Aves","Anseriformes","Anatidae","Aythya","ferina",816,0.816,22.5,"C","Prinzinger & Hänssler, 1980",-0.20334092401803,1.76072735998033,39.2523826343456,2196,295.65,16326.7570841147,58.2681849286686,-3827.2039838056,937.828094549421,-19.805563713662,FALSE,TRUE,-1.43582056733544,1.47028204307595
"Netta rufina","Aves","Anseriformes","Anatidae","Netta","rufina",1237,1.237,22.5,"C","Prinzinger & Hänssler, 1980",0.212689093410351,1.96009478404727,39.2523826343456,2197,295.65,16326.7570841147,58.2681849286686,-3827.2039838056,937.828094549421,-19.805563713662,FALSE,TRUE,-1.11831584073058,1.78154967227412
"Loriculus galgulus","Aves","Psittaciformes","Psittaculidae","Loriculus","galgulus",27,0.027,22.5,"C","Prinzinger & Hänssler, 1980",-3.61191841297781,-0.660357357736954,39.2523826343456,2198,295.65,16328.1935774524,58.4047036824013,-3823.20290549704,935.025301861929,-20.6014997015098,FALSE,TRUE,-4.03717003349499,-1.14204672553122
"Centropus senegalensis","Aves","Cuculiformes","Cuculidae","Centropus","senegalensis",175,0.175,22.5,"C","Prinzinger & Hänssler, 1980",-1.74296930505862,0.411005288483778,39.2523826343456,2199,295.65,16328.1935774524,58.4047036823886,-3823.20290549705,935.02530186193,-20.6014997015094,FALSE,TRUE,-2.61083022461224,0.254098156893047
"Fulica atra","Aves","Gruiformes","Rallidae","Fulica","atra",754,0.754,22.5,"C","Prinzinger & Hänssler, 1980",-0.282362910974181,1.47336360680547,39.2523826343456,2200,295.65,16328.1935774524,58.4047036824013,-3823.20290549704,935.025301861929,-20.6014997015098,FALSE,TRUE,-1.49612836560292,1.51487019855094
"Tringa ochropus","Aves","Charadriiformes","Scolopacidae","Tringa","ochropus",90,0.09,22.5,"C","Prinzinger & Hänssler, 1980",-2.40794560865187,-0.0809690625336673,39.2523826343456,2201,295.65,16328.1935774524,58.4047036824013,-3823.20290549704,935.025301861929,-20.6014997015098,FALSE,TRUE,-3.1183251423496,-0.129600701164849
"Malurus lamberti","Aves","Passeriformes","Maluridae","Malurus","lamberti",7.8,0.0078,31,"C","Bech, Chappell, Astheimer, Londoño, & Buttemer, 2016",-4.85363154528659,-1.69644928942373,38.1554066277964,2203,304.15,16328.1935774524,58.4047036823886,-3823.20290549705,935.02530186193,-20.6014997015094,FALSE,TRUE,-4.30499457821082,-1.61194338706296
"Acanthagenys rufogularis","Aves","Passeriformes","Meliphagidae","Acanthagenys","rufogularis",43.4,0.0434,31,"C","Bech, Chappell, Astheimer, Londoño, & Buttemer, 2016",-3.13729583787578,-0.456758402495715,38.1554066277964,2204,304.15,16328.1935774524,58.4047036824013,-3823.20290549704,935.025301861929,-20.6014997015098,FALSE,TRUE,-2.9951258747165,-0.322875829756406
"Acanthorhynchus tenuirostris","Aves","Passeriformes","Meliphagidae","Acanthorhynchus","tenuirostris",9.7,0.0097,35,"C","Weathers, Paton, & Seymour, 1996",-4.6356293934728,-1.39093474067639,37.6601230759184,2234,308.15,16328.1935774524,58.4047036824013,-3823.20290549704,935.025301861929,-20.6014997015098,FALSE,TRUE,-3.83168089808958,-1.18931552226821
"Acanthorhynchus tenuirostris","Aves","Passeriformes","Meliphagidae","Acanthorhynchus","tenuirostris",11.3,0.0113,31,"C","Bech, Chappell, Astheimer, Londoño, & Buttemer, 2016",-4.48295255326384,-1.2849418668596,38.1554066277964,2205,304.15,16328.1935774524,58.4047036824013,-3823.20290549704,935.025301861929,-20.6014997015098,FALSE,TRUE,-4.02210073139697,-1.3797353555756
"Pardalotus punctatus","Aves","Passeriformes","Pardalotidae","Pardalotus","punctatus",7.8,0.0078,31,"C","Bech, Chappell, Astheimer, Londoño, & Buttemer, 2016",-4.85363154528659,-1.51412773262978,38.1554066277964,2206,304.15,16328.1935774524,58.4047036824013,-3823.20290549704,935.025301861929,-20.6014997015098,FALSE,TRUE,-4.30499457821082,-1.60288719644243
"Sericornis frontalis","Aves","Passeriformes","Acanthizidae","Sericornis","frontalis",13.2,0.0132,31,"C","Bech, Chappell, Astheimer, Londoño, & Buttemer, 2016",-4.32753844938981,-1.13943428318836,38.1554066277964,2207,304.15,16328.1935774524,58.4047036824013,-3823.20290549704,935.025301861929,-20.6014997015098,FALSE,TRUE,-3.90349219236395,-1.20026265503315
"Acanthiza pusilla","Aves","Passeriformes","Acanthizidae","Acanthiza","pusilla",6.4,0.0064,31,"C","Bech, Chappell, Astheimer, Londoño, & Buttemer, 2016",-5.05145728861651,-1.49908985526524,38.1554066277964,2208,304.15,16328.1935774524,58.4047036824013,-3823.20290549704,935.025301861929,-20.6014997015098,FALSE,TRUE,-4.45597072396979,-1.74851317806553
"Acanthiza chrysorrhoa","Aves","Passeriformes","Acanthizidae","Acanthiza","chrysorrhoa",8.3,0.0083,31,"C","Bech, Chappell, Astheimer, Londoño, & Buttemer, 2016",-4.79149976417958,-1.49908985526524,38.1554066277964,2209,304.15,16328.1935774524,58.4047036824013,-3823.20290549704,935.025301861929,-20.6014997015098,FALSE,TRUE,-4.25757700412376,-1.55011945821953
"Eopsaltria australis","Aves","Passeriformes","Petroicidae","Eopsaltria","australis",19.2,0.0192,31,"C","Bech, Chappell, Astheimer, Londoño, & Buttemer, 2016",-3.9528449999484,-1.04982212449868,38.1554066277964,2210,304.15,16328.1935774524,58.4047036824013,-3823.20290549704,935.025301861929,-20.6014997015098,FALSE,TRUE,-3.61753460218596,-0.981846958636499
"Psophodes olivaceus","Aves","Passeriformes","Psophodidae","Psophodes","olivaceus",61,0.061,31,"C","Bech, Chappell, Astheimer, Londoño, & Buttemer, 2016",-2.79688141480883,-0.347196199984188,38.1554066277964,2211,304.15,16328.1935774524,58.4047036824013,-3823.20290549704,935.025301861929,-20.6014997015098,FALSE,TRUE,-2.73532926437496,-0.0279581447252655
"Rhipidura fuliginosa","Aves","Passeriformes","Dicruridae","Rhipidura","fuliginosa",8.9,0.0089,31,"C","Bech, Chappell, Astheimer, Londoño, & Buttemer, 2016",-4.72170400224404,-1.81196217654558,38.1554066277964,2212,304.15,16328.1935774524,58.4047036824013,-3823.20290549704,935.025301861929,-20.6014997015098,FALSE,TRUE,-4.20431045271359,-1.63901224968949
"Cracticus torquatus","Aves","Passeriformes","Artamidae","Cracticus","torquatus",93.7,0.0937,31,"C","Bech, Chappell, Astheimer, Londoño, & Buttemer, 2016",-2.36765708973776,-0.342490308946776,38.1554066277964,2213,304.15,16328.1935774524,58.4047036824013,-3823.20290549704,935.025301861929,-20.6014997015098,FALSE,TRUE,-2.40775493974752,0.158459097313326
"Passer domesticus","Aves","Passeriformes","Passeridae","Passer","domesticus",23,0.023,31,"C","Bech, Chappell, Astheimer, Londoño, & Buttemer, 2016",-3.77226106305299,-1.1604876923862,38.1554066277964,2214,304.15,16328.1935774524,58.4047036824013,-3823.20290549704,935.025301861929,-20.6014997015098,FALSE,TRUE,-3.47971701424453,-0.914261184659067
"Taeniopygia guttata","Aves","Passeriformes","Estrildidae","Taeniopygia","guttata",11.7,0.0117,31,"C","Bech, Chappell, Astheimer, Londoño, & Buttemer, 2016",-4.44816643717843,-1.54489939129653,38.1554066277964,2215,304.15,16328.1935774524,58.4047036824013,-3823.20290549704,935.025301861929,-20.6014997015098,FALSE,TRUE,-3.99555275212948,-1.43025454910535
"Pycnonotus jocosus","Aves","Passeriformes","Pycnonotidae","Pycnonotus","jocosus",32.9,0.0329,31,"C","Bech, Chappell, Astheimer, Londoño, & Buttemer, 2016",-3.41428262121081,-1.03095364019429,38.1554066277964,2216,304.15,16328.1935774524,58.4047036824013,-3823.20290549704,935.025301861929,-20.6014997015098,FALSE,TRUE,-3.20651594089385,-0.712029921539269
"Zosterops lateralis","Aves","Passeriformes","Zosteropidae","Zosterops","lateralis",10.4,0.0104,31,"C","Bech, Chappell, Astheimer, Londoño, & Buttemer, 2016",-4.56594947283481,-1.56064774826467,38.1554066277964,2217,304.15,16328.1935774524,58.4047036824013,-3823.20290549704,935.025301861929,-20.6014997015098,FALSE,TRUE,-4.0854421085897,-1.55783666626678
"Zoothera lunulata","Aves","Passeriformes","Turdidae","Zoothera","lunulata",113.2,0.1132,31,"C","Bech, Chappell, Astheimer, Londoño, & Buttemer, 2016",-2.17859911321305,0.0230652729309929,38.1554066277964,2218,304.15,16328.1935774524,58.4047036824013,-3823.20290549704,935.025301861929,-20.6014997015098,FALSE,TRUE,-2.26347015587545,0.290579494789178
"Turdus merula","Aves","Passeriformes","Turdidae","Turdus","merula",85.1,0.0851,31,"C","Bech, Chappell, Astheimer, Londoño, & Buttemer, 2016",-2.46392824340281,-0.0408219945202552,38.1554066277964,2219,304.15,16328.1935774524,58.4047036824013,-3823.20290549704,935.025301861929,-20.6014997015098,FALSE,TRUE,-2.48122691302795,0.0728227376366983
"Pygoscelis adeliae","Aves","Spheniscoformes","Spheniscidae","Pygoscelis","adeliae",3500,3.5,8.5,"C","Ricklefs & Matthew, 1983",1.25276296849537,2.88417978764824,41.2035040860794,2222,281.65,16328.1935774524,58.4047036824013,-3823.20290549704,935.025301861929,-20.6014997015098,FALSE,TRUE,-1.53371269351502,1.52100446587005
"Macronectes giganteus","Aves","Procellariiformes","Procellariidae","Macronectes","giganteus",4780,4.78,3.8,"C","Adams & Brown, 1984",1.56444054650336,2.59200177125804,41.902751131411,2226,276.95,16328.1935774524,58.4047036824013,-3823.20290549704,935.025301861929,-20.6014997015098,FALSE,TRUE,-1.72918792485948,2.16854521281748
"Macronectes giganteus","Aves","Procellariiformes","Procellariidae","Macronectes","giganteus",3280,3.28,4.5,"C","Ricklefs & Matthew, 1983",1.18784342239605,2.80833117101674,41.7971076025365,2224,277.65,16328.1935774524,58.4047036824013,-3823.20290549704,935.025301861929,-20.6014997015098,FALSE,TRUE,-1.95112847288079,1.94660466479616
"Macronectes giganteus","Aves","Procellariiformes","Procellariidae","Macronectes","giganteus",3980,3.98,3.5,"C","Ricklefs & Matthew, 1983",1.38128181929635,2.89762930866443,41.9481905868218,2223,276.65,16328.1935774524,58.4047036824013,-3823.20290549704,935.025301861929,-20.6014997015098,FALSE,TRUE,-1.89713047874839,2.00060265892857
"Alectoris chukar","Aves","Galliformes","Phasianidae","Alectoris","chukar",475,0.475,24,"C","Marder & Bernstein, 1983",-0.744440474947496,0.655647208304731,39.0542383504771,2225,297.15,-4787.35547680534,-1628.02388294841,32.4701150460995,-1.88743442551193,-0.00293293133310313,FALSE,TRUE,-1.72598067281578,0.969522519003022
"Phoebetria fusca","Aves","Procellariiformes","Diomedeidae","Phoebetria","fusca",2875,2.875,4.8,"C","Adams & Brown, 1984",1.05605267424931,2.113294866884,41.7519946963276,2227,277.95,16328.1935774524,58.4047036824013,-3823.20290549704,935.025301861929,-20.6014997015098,FALSE,TRUE,-2.02375062609078,1.08956007968579
"Aethopyga siparaja","Aves","Passeriformes","Nectariniidae","Aethopyga","siparaja",6.8,0.0068,25,"C","Prinzinger, Lübben, & Schuchmann, 1989",-4.99083266680008,-0.916124079094833,38.9232497932056,2228,298.15,16328.1935774524,58.4047036824013,-3823.20290549704,935.025301861929,-20.6014997015098,FALSE,TRUE,-4.88555460611812,-2.29510716107067
"Cinnyris venustus","Aves","Passeriformes","Nectariniidae","Cinnyris","venustus",7.1,0.0071,25,"C","Prinzinger, Lübben, & Schuchmann, 1989",-4.94766049493487,-1.11540245797558,38.9232497932056,2229,298.15,16328.1935774524,58.4047036824013,-3823.20290549704,935.025301861929,-20.6014997015098,FALSE,TRUE,-4.85260657820963,-2.22645114088512
"Nectarinia tacazze","Aves","Passeriformes","Nectariniidae","Nectarinia","tacazze",13.5,0.0135,25,"C","Prinzinger, Lübben, & Schuchmann, 1989",-4.30506559353775,-0.523404405972851,38.9232497932056,2230,298.15,16328.1935774524,58.4047036824013,-3823.20290549704,935.025301861929,-20.6014997015098,FALSE,TRUE,-4.36219264186213,-1.73603720453761
"Coturnix pectoralis","Aves","Galliformes","Phasianidae","Coturnix","pectoralis",95.8,0.0958,25,"C","Roberts & Baudinette, 1986",-2.34549259400532,-0.456740858789958,38.9232497932056,2231,298.15,-4787.35547680534,-1628.02388294841,32.4701150460995,-1.88743442551193,-0.00293293133310313,FALSE,TRUE,-2.86669072273457,-0.171187530915764
"Gliciphila melanops","Aves","Passeriformes","Meliphagidae","Gliciphila","melanops",18.8,0.0188,30,"C","Vitali, Withers, & Richardson, 1999",-3.97389840914623,-1.23305838522103,38.2812697537333,2232,303.15,16328.1935774524,58.4047036824013,-3823.20290549704,935.025301861929,-20.6014997015098,FALSE,TRUE,-3.71160255279602,-1.03998955510026
"Phylidonyris novaehollandiae","Aves","Passeriformes","Meliphagidae","Phylidonyris","novaehollandiae",17.4,0.0174,35,"C","Weathers, Paton, & Seymour, 1996",-4.05128507276165,-1.14844466241598,37.6601230759184,2233,308.15,16328.1935774524,58.4047036824013,-3823.20290549704,935.025301861929,-20.6014997015098,FALSE,TRUE,-3.38572249120026,-0.713255836865842
"Manacus vitellinus","Aves","Passeriformes","Pipridae","Manacus","vitellinus",18.2,0.0182,30,"C","Vleck & Vleck, 1979",-4.00633368489939,-1.44190573694636,38.2812697537333,2235,303.15,16328.1935774524,58.4047036824013,-3823.20290549704,935.025301861929,-20.6014997015098,FALSE,TRUE,-3.73635642374028,-1.20719160166839
"Manacus vitellinus","Aves","Passeriformes","Pipridae","Manacus","vitellinus",15,0.015,30,"C","Vleck & Vleck, 1979",-4.19970507787993,-1.25040512539341,38.2812697537333,2236,303.15,16328.1935774524,58.4047036824013,-3823.20290549704,935.025301861929,-20.6014997015098,FALSE,TRUE,-3.88393310977125,-1.35476828769936
"Pycnonotus goiavier","Aves","Passeriformes","Pycnonotidae","Pycnonotus","goiavier",28.6,0.0286,33,"C","Hails, 1983",-3.55434856115633,-1.40782069536792,37.9061470711882,2237,306.15,16328.1935774524,58.4047036824013,-3823.20290549704,935.025301861929,-20.6014997015098,FALSE,TRUE,-3.15893885181465,-0.664452832460082
"Arachnothera longirostra","Aves","Passeriformes","Nectariniidae","Arachnothera","longirostra",13,0.013,33,"C","Hails, 1983",-4.3428059215206,-1.66843625319605,37.9061470711882,2238,306.15,16328.1935774524,58.4047036824013,-3823.20290549704,935.025301861929,-20.6014997015098,FALSE,TRUE,-3.76067172721983,-1.17022428217239
"Malacopteron cinereum","Aves","Passeriformes","Pellorneidae","Malacopteron","cinereum",15.8,0.0158,33,"C","Hails, 1983",-4.14774533894922,-1.55482259578151,37.9061470711882,2239,306.15,16328.1935774524,58.4047036824013,-3823.20290549704,935.025301861929,-20.6014997015098,FALSE,TRUE,-3.61180588978931,-1.08420044746639
"Chloropsis sonnerati","Aves","Cuculiformes","Chloropseidae","Chloropsis","sonnerati",39.7,0.0397,33,"C","Hails, 1983",-3.22640409128899,-0.971612597906803,37.9061470711882,2240,306.15,16328.1935774524,58.4047036824013,-3823.20290549704,935.025301861929,-20.6014997015098,FALSE,TRUE,-2.90865902852105,-0.342679949105347
"Acrocephalus arundinaceus","Aves","Passeriformes","Acrocephalidae","Acrocephalus","arundinaceus",26.9,0.0269,33,"C","Hails, 1983",-3.61562899237434,-1.3634100672863,37.9061470711882,2241,306.15,16328.1935774524,58.4047036824013,-3823.20290549704,935.025301861929,-20.6014997015098,FALSE,TRUE,-3.20570669486687,-0.724611374208615
"Acrocephalus bistrigiceps","Aves","Passeriformes","Acrocephalidae","Acrocephalus","bistrigiceps",21.9,0.0219,33,"C","Hails, 1983",-3.82126864215968,-2.05204256749172,37.9061470711882,2242,306.15,16328.1935774524,58.4047036824013,-3823.20290549704,935.025301861929,-20.6014997015098,FALSE,TRUE,-3.36264623780611,-0.881550917147845
"Larvivora cyane","Aves","Passeriformes","Muscicapidae","Larvivora","cyane",7.9,0.0079,33,"C","Hails, 1983",-4.84089251950916,-1.7509374747078,37.9061470711882,2243,306.15,16328.1935774524,58.4047036824013,-3823.20290549704,935.025301861929,-20.6014997015098,FALSE,TRUE,-4.14080018549179,-1.57994000853338
"Puffinus nativitatis","Aves","Procellariiformes","Procellariidae","Puffinus","nativitatis",307.6,0.3076,28.4,"C","Pettit, Ellis, & Whittow, 1985",-1.17895504135065,0.396581319407769,38.4843870862022,2245,301.55,16328.1935774524,58.4047036824013,-3823.20290549704,935.025301861929,-20.6014997015098,FALSE,TRUE,-1.70444159715507,1.5193881709634
"Onychoprion lunatus","Aves","Charadriiformes","Laridae","Onychoprion","lunatus",131.7,0.1317,29.1,"C","Pettit, Ellis, & Whittow, 1985",-2.0272286702329,-0.342889449625683,38.3952586463003,2246,302.25,16328.1935774524,58.4047036824013,-3823.20290549704,935.025301861929,-20.6014997015098,FALSE,TRUE,-2.29658982128537,0.692134619899443
"Ocreatus underwoodii","Aves","Apodiformes","Trochilidae","Ocreatus","underwoodii",2.7,0.0027,25,"C","Krüger, Prinzinger, & Schuchmann, 1982",-5.91450350597185,-0.994928177391228,38.9232497932056,2247,298.15,16582.5702711779,85.0069295329861,-2644.61557252984,13.6198099048089,-53.5764018460687,FALSE,TRUE,-5.59047935908887,-1.75766049831895
"Chlorostilbon mellisugus","Aves","Apodiformes","Trochilidae","Chlorostilbon","mellisugus",2.9,0.0029,25,"C","Krüger, Prinzinger, & Schuchmann, 1982",-5.84304454198971,-1.06485519186998,38.9232497932056,2248,298.15,16582.5702711779,85.0069295329861,-2644.61557252984,13.6198099048089,-53.5764018460687,FALSE,TRUE,-5.53594348938682,-1.72023051899764
"Chaetocercus mulsant","Aves","Apodiformes","Trochilidae","Chaetocercus","mulsant",3.3,0.0033,25,"C","Krüger, Prinzinger, & Schuchmann, 1982",-5.7138328105097,-0.894447703951704,38.9232497932056,2249,298.15,16582.5702711779,85.0069295329861,-2644.61557252984,13.6198099048089,-53.5764018460687,FALSE,TRUE,-5.43733201002461,-1.61462010842858
"Urosticte benjamini","Aves","Apodiformes","Trochilidae","Urosticte","benjamini",3.9,0.0039,25,"C","Krüger, Prinzinger, & Schuchmann, 1982",-5.54677872584654,-1.21458446492053,38.9232497932056,2250,298.15,16582.5702711779,85.0069295329861,-2644.61557252984,13.6198099048089,-53.5764018460687,FALSE,TRUE,-5.309840100169,-1.47702123939908
"Florisuga mellivora","Aves","Apodiformes","Trochilidae","Florisuga","mellivora",6.9,0.0069,25,"C","Krüger, Prinzinger, & Schuchmann, 1982",-4.97623386737892,-0.255752834879838,38.9232497932056,2251,298.15,16582.6287269012,85.0130951455379,-2644.33435275762,13.4043833308435,-53.5763783876411,FALSE,TRUE,-4.87441313164562,-1.1319767987568
"Aglaeactis cupripennis","Aves","Apodiformes","Trochilidae","Aglaeactis","cupripennis",7.2,0.0072,25,"C","Krüger, Prinzinger, & Schuchmann, 1982",-4.93367425296013,-0.705219761794215,38.9232497932056,2252,298.15,16582.5702711779,85.0069295329861,-2644.61557252984,13.6198099048089,-53.5764018460687,FALSE,TRUE,-4.84193259376526,-1.02716551735092
"Anthracothorax nigricollis","Aves","Apodiformes","Trochilidae","Anthracothorax","nigricollis",7.7,0.0077,25,"C","Krüger, Prinzinger, & Schuchmann, 1982",-4.8665349501225,-0.556481815073707,38.9232497932056,2253,298.15,16328.1935774524,58.4047036824013,-3823.20290549704,935.025301861929,-20.6014997015098,FALSE,TRUE,-4.79069339202768,-0.999949554174121
"Eugenes fulgens","Aves","Apodiformes","Trochilidae","Eugenes","fulgens",7.9,0.0079,25,"C","Krüger, Prinzinger, & Schuchmann, 1982",-4.84089251950916,-0.469337184702575,38.9232497932056,2254,298.15,16582.5702711779,85.0069295329861,-2644.61557252984,13.6198099048089,-53.5764018460687,FALSE,TRUE,-4.77112366729556,-0.948411765699538
"Oreotrochilus estella","Aves","Apodiformes","Trochilidae","Oreotrochilus","estella",8.5,0.0085,25,"C","Krüger, Prinzinger, & Schuchmann, 1982",-4.76768911548587,-0.378742037967411,38.9232497932056,2255,298.15,16582.5702711779,85.0069295329861,-2644.61557252984,13.6198099048089,-53.5764018460687,FALSE,TRUE,-4.71525648029634,-0.773205317883316
"Oreotrochilus estella","Aves","Apodiformes","Trochilidae","Oreotrochilus","estella",8.9,0.0089,25,"C","Krüger, Prinzinger, & Schuchmann, 1982",-4.72170400224404,-0.622740494165648,38.9232497932056,2256,298.15,16582.5702711779,85.0069295329861,-2644.61557252984,13.6198099048089,-53.5764018460687,FALSE,TRUE,-4.68016167896929,-0.73811051655627
"Eulampis jugularis","Aves","Apodiformes","Trochilidae","Eulampis","jugularis",9.5,0.0095,25,"C","Krüger, Prinzinger, & Schuchmann, 1982",-4.65646348037564,-0.61927733199349,38.9232497932056,2257,298.15,16582.0562147865,84.9527094778089,-2647.08860362555,15.5142592603917,-53.5766081381813,FALSE,TRUE,-4.63037158404434,-0.839627746190787
"Patagona gigas","Aves","Apodiformes","Trochilidae","Patagona","gigas",17.5,0.0175,25,"C","Krüger, Prinzinger, & Schuchmann, 1982",-4.04555439805267,-0.0432845147767443,38.9232497932056,2258,298.15,16582.5702711779,85.0069295329861,-2644.61557252984,13.6198099048089,-53.5764018460687,FALSE,TRUE,-4.16413955020612,-0.350830685480015
"Struthio camelus","Aves","Struthioniformes","Struthionidae","Struthio","camelus",95400,95.4,20,"C","Withers, 1983",4.55807857845424,4.09250954627637,39.5871292029482,2259,293.15,16687.6512451382,95.9686159193579,-2163.05827604092,-361.851009356103,-68.0925520712482,FALSE,TRUE,1.99053676117042,4.47237954189132
"Calosoma chlorostictum","Insecta","Coleoptera","Carabidae","Calosoma","chlorostictum",0.521,0.000521,20,"C","Zachariassen, Andersen, Maloiy, & Kamau, 1987",-7.55976051621091,-7.14864840479337,39.5871292029482,2274,293.15,-4787.35547680534,-1628.02388294841,32.4701150460995,-1.88743442551193,-0.00293293133310313,FALSE,TRUE,-7.25752474308323,-7.15645185885233
"Trichoniscus pusillus","Malacostraca","Isopoda","Trichoniscidae","Trichoniscus","pusillus",6e-04,6e-07,5,"C","Meyer & Phillipson, 1983",-14.3263361817303,-13.1223633774043,41.7219734885647,2332,278.15,-4787.35547680534,-1628.02388294841,32.4701150460995,-1.88743442551193,-0.00293293133310313,FALSE,TRUE,-13.7446380048665,-13.238894714667
"Trichoniscus pusillus","Malacostraca","Isopoda","Trichoniscidae","Trichoniscus","pusillus",7e-04,7e-07,5,"C","Meyer & Phillipson, 1983",-14.172185501903,-13.5278284855125,41.7219734885647,2334,278.15,-4787.35547680534,-1628.02388294841,32.4701150460995,-1.88743442551193,-0.00293293133310313,FALSE,TRUE,-13.6269936825721,-13.1212503923725
"Trichoniscus pusillus","Malacostraca","Isopoda","Trichoniscidae","Trichoniscus","pusillus",0.0012,1.2e-06,5,"C","Meyer & Phillipson, 1983",-13.6331890011703,-13.1223633774043,41.7219734885647,2339,278.15,-4787.35547680534,-1628.02388294841,32.4701150460995,-1.88743442551193,-0.00293293133310313,FALSE,TRUE,-13.215643709164,-12.7099004189645
"Trichoniscus pusillus","Malacostraca","Isopoda","Trichoniscidae","Trichoniscus","pusillus",7e-04,7e-07,5,"C","Meyer & Phillipson, 1983",-14.172185501903,-13.1223633774043,41.7219734885647,2336,278.15,-4787.35547680534,-1628.02388294841,32.4701150460995,-1.88743442551193,-0.00293293133310313,FALSE,TRUE,-13.6269936825721,-13.1212503923725
"Trichoniscus pusillus","Malacostraca","Isopoda","Trichoniscidae","Trichoniscus","pusillus",6e-04,6e-07,5,"C","Meyer & Phillipson, 1983",-14.3263361817303,-13.0170028617465,41.7219734885647,2333,278.15,-4787.35547680534,-1628.02388294841,32.4701150460995,-1.88743442551193,-0.00293293133310313,FALSE,TRUE,-13.7446380048665,-13.238894714667
"Trichoniscus pusillus","Malacostraca","Isopoda","Trichoniscidae","Trichoniscus","pusillus",0.00137,1.37e-06,5,"C","Meyer & Phillipson, 1983",-13.5006998181242,-12.3238556811866,41.7219734885647,2347,278.15,-4787.35547680534,-1628.02388294841,32.4701150460995,-1.88743442551193,-0.00293293133310313,FALSE,TRUE,-13.1145309526827,-12.6087876624832
"Trichoniscus pusillus","Malacostraca","Isopoda","Trichoniscidae","Trichoniscus","pusillus",0.0006799999999999,6.8e-07,5,"C","Meyer & Phillipson, 1983",-14.2011730387763,-13.3736778056852,41.7219734885647,2335,278.15,-4787.35547680534,-1628.02388294841,32.4701150460995,-1.88743442551193,-0.00293293133310313,FALSE,TRUE,-13.6491163169598,-13.1433730267603
"Trichoniscus pusillus","Malacostraca","Isopoda","Trichoniscidae","Trichoniscus","pusillus",0.00117,1.17e-06,5,"C","Meyer & Phillipson, 1983",-13.6585068091546,-12.3751489755741,41.7219734885647,2340,278.15,-4787.35547680534,-1628.02388294841,32.4701150460995,-1.88743442551193,-0.00293293133310313,FALSE,TRUE,-13.2349656892269,-12.7292223990273
"Trichoniscus pusillus","Malacostraca","Isopoda","Trichoniscidae","Trichoniscus","pusillus",0.0006799999999999,6.8e-07,5,"C","Meyer & Phillipson, 1983",-14.2011730387763,-13.7101500423064,41.7219734885647,2337,278.15,-4787.35547680534,-1628.02388294841,32.4701150460995,-1.88743442551193,-0.00293293133310313,FALSE,TRUE,-13.6491163169598,-13.1433730267603
"Trichoniscus pusillus","Malacostraca","Isopoda","Trichoniscidae","Trichoniscus","pusillus",0.00078,7.8e-07,5,"C","Meyer & Phillipson, 1983",-14.0639719172628,-13.2401464130607,41.7219734885647,2338,278.15,-4787.35547680534,-1628.02388294841,32.4701150460995,-1.88743442551193,-0.00293293133310313,FALSE,TRUE,-13.5444075153082,-13.0386642251087
"Trichoniscus pusillus","Malacostraca","Isopoda","Trichoniscidae","Trichoniscus","pusillus",0.0019,1.9e-06,5,"C","Meyer & Phillipson, 1983",-13.1736566717919,-11.3877623220162,41.7219734885647,2352,278.15,-4787.35547680534,-1628.02388294841,32.4701150460995,-1.88743442551193,-0.00293293133310313,FALSE,TRUE,-12.8649389991836,-12.359195708984
"Trichoniscus pusillus","Malacostraca","Isopoda","Trichoniscidae","Trichoniscus","pusillus",0.0013,1.3e-06,5,"C","Meyer & Phillipson, 1983",-13.5531462934968,-12.9216926819422,41.7219734885647,2344,278.15,-4787.35547680534,-1628.02388294841,32.4701150460995,-1.88743442551193,-0.00293293133310313,FALSE,TRUE,-13.1545569198653,-12.6488136296658
"Trichoniscus pusillus","Malacostraca","Isopoda","Trichoniscidae","Trichoniscus","pusillus",0.0013,1.3e-06,5,"C","Meyer & Phillipson, 1983",-13.5531462934968,-13.3736778056852,41.7219734885647,2345,278.15,-4787.35547680534,-1628.02388294841,32.4701150460995,-1.88743442551193,-0.00293293133310313,FALSE,TRUE,-13.1545569198653,-12.6488136296658
"Trichoniscus pusillus","Malacostraca","Isopoda","Trichoniscidae","Trichoniscus","pusillus",0.00137,1.37e-06,5,"C","Meyer & Phillipson, 1983",-13.5006998181242,-13.1223633774043,41.7219734885647,2346,278.15,-4787.35547680534,-1628.02388294841,32.4701150460995,-1.88743442551193,-0.00293293133310313,FALSE,TRUE,-13.1145309526827,-12.6087876624832
"Trichoniscus pusillus","Malacostraca","Isopoda","Trichoniscidae","Trichoniscus","pusillus",0.0018,1.8e-06,5,"C","Meyer & Phillipson, 1983",-13.2277238930622,-11.8856007502554,41.7219734885647,2351,278.15,-4787.35547680534,-1628.02388294841,32.4701150460995,-1.88743442551193,-0.00293293133310313,FALSE,TRUE,-12.9062018830827,-12.4004585928832
"Trichoniscus pusillus","Malacostraca","Isopoda","Trichoniscidae","Trichoniscus","pusillus",0.0015,1.5e-06,5,"C","Meyer & Phillipson, 1983",-13.4100454498561,-12.5469992325008,41.7219734885647,2348,278.15,-4787.35547680534,-1628.02388294841,32.4701150460995,-1.88743442551193,-0.00293293133310313,FALSE,TRUE,-13.0453455833423,-12.5396022931427
"Trichoniscus pusillus","Malacostraca","Isopoda","Trichoniscidae","Trichoniscus","pusillus",0.0015999999999999,1.6e-06,5,"C","Meyer & Phillipson, 1983",-13.3455069287185,-12.4292161968444,41.7219734885647,2349,278.15,-4787.35547680534,-1628.02388294841,32.4701150460995,-1.88743442551193,-0.00293293133310313,FALSE,TRUE,-12.9960912395429,-12.4903479493434
"Trichoniscus pusillus","Malacostraca","Isopoda","Trichoniscidae","Trichoniscus","pusillus",0.0017,1.7e-06,5,"C","Meyer & Phillipson, 1983",-13.2848823069021,-11.8230803932741,41.7219734885647,2350,278.15,-4787.35547680534,-1628.02388294841,32.4701150460995,-1.88743442551193,-0.00293293133310313,FALSE,TRUE,-12.9498238954356,-12.444080605236
"Trichoniscus pusillus","Malacostraca","Isopoda","Trichoniscidae","Trichoniscus","pusillus",0.0012,1.2e-06,5,"C","Meyer & Phillipson, 1983",-13.6331890011703,-12.5469992325008,41.7219734885647,2342,278.15,-4787.35547680534,-1628.02388294841,32.4701150460995,-1.88743442551193,-0.00293293133310313,FALSE,TRUE,-13.215643709164,-12.7099004189645
"Trichoniscus pusillus","Malacostraca","Isopoda","Trichoniscidae","Trichoniscus","pusillus",0.00133,1.33e-06,5,"C","Meyer & Phillipson, 1983",-13.5303316157306,-12.754638597279,41.7219734885647,2343,278.15,-4787.35547680534,-1628.02388294841,32.4701150460995,-1.88743442551193,-0.00293293133310313,FALSE,TRUE,-13.137145272332,-12.6314019821325
"Trichoniscus pusillus","Malacostraca","Isopoda","Trichoniscidae","Trichoniscus","pusillus",0.0019,1.9e-06,5,"C","Meyer & Phillipson, 1983",-13.1736566717919,-12.0614914167191,41.7219734885647,2353,278.15,-4787.35547680534,-1628.02388294841,32.4701150460995,-1.88743442551193,-0.00293293133310313,FALSE,TRUE,-12.8649389991836,-12.359195708984
"Trichoniscus pusillus","Malacostraca","Isopoda","Trichoniscidae","Trichoniscus","pusillus",0.0012,1.2e-06,5,"C","Meyer & Phillipson, 1983",-13.6331890011703,-12.6805306251253,41.7219734885647,2341,278.15,-4787.35547680534,-1628.02388294841,32.4701150460995,-1.88743442551193,-0.00293293133310313,FALSE,TRUE,-13.215643709164,-12.7099004189645
"Trichoniscus pusillus","Malacostraca","Isopoda","Trichoniscidae","Trichoniscus","pusillus",0.002,2e-06,5,"C","Meyer & Phillipson, 1983",-13.1223633774043,-12.1007121298723,41.7219734885647,2354,278.15,-4787.35547680534,-1628.02388294841,32.4701150460995,-1.88743442551193,-0.00293293133310313,FALSE,TRUE,-12.8257931137211,-12.3200498235216
"Trichoniscus pusillus","Malacostraca","Isopoda","Trichoniscidae","Trichoniscus","pusillus",0.0021,2.1e-06,5,"C","Meyer & Phillipson, 1983",-13.0735732132349,-11.4909465582515,41.7219734885647,2356,278.15,-4787.35547680534,-1628.02388294841,32.4701150460995,-1.88743442551193,-0.00293293133310313,FALSE,TRUE,-12.7885575607883,-12.2828142705887
"Trichoniscus pusillus","Malacostraca","Isopoda","Trichoniscidae","Trichoniscus","pusillus",0.002,2e-06,5,"C","Meyer & Phillipson, 1983",-13.1223633774043,-12.6805306251253,41.7219734885647,2355,278.15,-4787.35547680534,-1628.02388294841,32.4701150460995,-1.88743442551193,-0.00293293133310313,FALSE,TRUE,-12.8257931137211,-12.3200498235216
"Aepyprymnus rufescens","Mammalia","Diprotodontia","Potoroidae","Aepyprymnus","rufescens",2820,2.82,30,"C","Rubsamen, Hume, & Rubsamen, 1983",1.03673688495002,1.78815297363394,38.2812697537333,2362,303.15,-4787.35547680534,-1628.02388294841,32.4701150460995,-1.88743442551193,-0.00293293133310313,FALSE,TRUE,0.112401299143777,1.36244193203689
"Aepyprymnus rufescens","Mammalia","Diprotodontia","Potoroidae","Aepyprymnus","rufescens",2820,2.82,36.6,"C","Rübsamen et al. (1983)",1.03673688495002,1.78804888983152,37.4655913667289,2438,309.75,-4787.35547680534,-1628.02388294841,32.4701150460995,-1.88743442551193,-0.00293293133310313,FALSE,TRUE,0.617897184464912,1.86793781735803
"Elephantulus myurus","Mammalia","Macroscelidea","Macroscelididae","Elephantulus","myurus",62.97,0.06297,36.73,"C","Lovegrove et al. (2001)",-2.76509685648149,-0.995754903228402,37.4498739055256,2445,309.88,17903.2601481251,229.146876740232,5020.97288235926,2083.94888836777,-643.539723465955,FALSE,TRUE,-2.27383608862228,-0.948451106232633
"Elephantulus myurus","Mammalia","Macroscelidea","Macroscelididae","Elephantulus","myurus",62.97,0.06297,30.97,"C","Lovegrove, Raman, & Perrin, 2001",-2.76509685648149,-0.998655195237721,38.1591704782463,2364,304.12,17903.2601481251,229.146876740232,5020.97288235926,2083.94888836777,-643.539723465955,FALSE,TRUE,-2.71340455665469,-1.38801957426504
"Macroderma gigas","Mammalia","Chiroptera","Megadermatidae","Macroderma","gigas",107.2,0.1072,35.6,"C","Baudinette et al. (2000)",-2.23305903034544,-0.644357016390513,37.5869374116413,2573,308.75,-4787.35547680534,-1628.02388294841,32.4701150460995,-1.88743442551193,-0.00293293133310313,FALSE,TRUE,-1.95273843232592,-0.538277413063577
"Macroderma gigas","Mammalia","Chiroptera","Megadermatidae","Macroderma","gigas",150,0.15,32.5,"C","Leitner & Nelson, 1967",-1.89711998488588,-0.244196960512043,37.968156145409,2365,305.65,-4787.35547680534,-1628.02388294841,32.4701150460995,-1.88743442551193,-0.00293293133310313,FALSE,TRUE,-1.93260792064745,-0.5181469013851
"Tamias striatus","Mammalia","Rodentia","Sciuridae","Tamias","striatus",87.4,0.0874,30,"C","Wang & Hudson, 1971",-2.43725999632065,-0.692902765987177,38.2812697537333,2366,303.15,-4787.35547680534,-1628.02388294841,32.4701150460995,-1.88743442551193,-0.00293293133310313,FALSE,TRUE,-2.53887477182837,-1.140101812977
"Tamias striatus","Mammalia","Rodentia","Sciuridae","Tamias","striatus",87.4,0.0874,38.2,"C","Wang and Hudson (1971)",-2.43725999632065,-0.68760700018433,37.2730590198949,2468,311.35,-4787.35547680534,-1628.02388294841,32.4701150460995,-1.88743442551193,-0.00293293133310313,FALSE,TRUE,-1.91406187300486,-0.515288914153508
"Tragulus javanicus","Mammalia","Artiodactyla","Tragulidae","Tragulus","javanicus",1613,1.613,26.8,"C","Whittow, Scammell, Leong, & Rand, 1977",0.478095799143072,2.20581045250155,38.6896713647083,2367,299.95,-4787.35547680534,-1628.02388294841,32.4701150460995,-1.88743442551193,-0.00293293133310313,FALSE,TRUE,-0.567037465100906,1.26323224082047
"Tragulus javanicus","Mammalia","Artiodactyla","Tragulidae","Tragulus","javanicus",1625,1.625,38.4,"C","Whittow et al. (1977)",0.485507815781701,1.5863967132874,37.2491315225301,2606,311.55,-4787.35547680534,-1628.02388294841,32.4701150460995,-1.88743442551193,-0.00293293133310313,FALSE,TRUE,0.331357060690092,2.16162676661146
"Tragulus javanicus","Mammalia","Artiodactyla","Tragulidae","Tragulus","javanicus",1613,1.613,29.6,"C","Whittow, Scammell, Leong, & Rand, 1977",0.478095799143072,2.19189372690141,38.3318478145145,2368,302.75,-4787.35547680534,-1628.02388294841,32.4701150460995,-1.88743442551193,-0.00293293133310313,FALSE,TRUE,-0.345285442274548,1.48498426364682
"Raphicerus campestris","Mammalia","Artiodactyla","Bovidae","Raphicerus","campestris",8500,8.5,39.4,"C","Haim and Skinner (1991)",2.14006616349627,2.90431727544771,37.1299533701624,2608,312.55,-4787.35547680534,-1628.02388294841,32.4701150460995,-1.88743442551193,-0.00293293133310313,FALSE,TRUE,1.66793629810934,3.14685104565225
"Raphicerus campestris","Mammalia","Artiodactyla","Bovidae","Raphicerus","campestris",9550,9.55,31.5,"C","Haim & Skinner, 1991",2.25654115449264,3.01682763789021,38.0927849198893,2372,304.65,-4787.35547680534,-1628.02388294841,32.4701150460995,-1.88743442551193,-0.00293293133310313,FALSE,TRUE,1.16013707801135,2.63905182555426
"Macroscelides proboscideus","Mammalia","Macroscelidea","Macroscelididae","Macroscelides","proboscideus",38.7999999999999,0.0387999999999999,39.1,"C","Roxburgh and Perrin (1994)",-3.24933503235291,-1.24171313230878,37.1656266640329,2443,312.25,17903.2601481251,229.146876740232,5020.97288235926,2083.94888836777,-643.539723465955,FALSE,TRUE,-2.46724076218287,-1.22096924747194
"Macroscelides proboscideus","Mammalia","Macroscelidea","Macroscelididae","Macroscelides","proboscideus",39,0.039,38,"C","Roxburgh & Perrin, 1994",-3.24419363285249,-1.23672559079775,37.2970172773397,2373,311.15,17903.2601481251,229.146876740232,5020.97288235926,2083.94888836777,-643.539723465955,FALSE,TRUE,-2.54474294494308,-1.29847143023214
"Elephantulus intufi","Mammalia","Macroscelidea","Macroscelididae","Elephantulus","intufi",46.49,0.04649,35,"C","Downs & Perrin, 1995b",-3.06851804327964,-1.24173111323967,37.6601230759184,2374,308.15,17903.2601481251,229.146876740232,5020.97288235926,2083.94888836777,-643.539723465955,FALSE,TRUE,-2.63569685857707,-1.39851783301994
"Elephantulus brachyrhynchus","Mammalia","Macroscelidea","Macroscelididae","Elephantulus","brachyrhynchus",45.3,0.0453,35,"C","Downs & Perrin, 1995b",-3.09444824649315,-1.41538062835702,37.6601230759184,2375,308.15,17903.2601481251,229.146876740232,5020.97288235926,2083.94888836777,-643.539723465955,FALSE,TRUE,-2.65548620486752,-1.41830717931039
"Condylura cristata","Mammalia","Eulipotyphla","Talpidae","Condylura","cristata",49,0.049,28.75,"C","Campbell, McIntyre, & MacArthur, 1999",-3.01593498087151,-0.490206336563255,38.439771201869,2382,301.9,-4787.35547680534,-1628.02388294841,32.4701150460995,-1.88743442551193,-0.00293293133310313,FALSE,TRUE,-3.07873370084316,-1.27323821924923
"Condylura cristata","Mammalia","Soricomorpha","Talpidae","Condylura","cristata",49,0.049,37.7,"C","Campbell et al. (1999)",-3.01593498087151,-0.483426649577876,37.3330124685355,2561,310.85,-4787.35547680534,-1628.02388294841,32.4701150460995,-1.88743442551193,-0.00293293133310313,FALSE,TRUE,-2.39284819172981,-0.58735271013588
"Zaglossus bruijni","Mammalia","Monotremata","Tachyglossidae","Zaglossus","bruijni",13630,13.63,20,"C","Dawson, Grant, & Fanning, 1979",2.61227324570844,1.81376554949067,39.5871292029482,2383,293.15,17903.2601481251,229.146876740232,5020.97288235926,2083.94888836777,-643.539723465955,FALSE,TRUE,0.505542014833171,1.47396737427095
"Tachyglossus aculeatus","Mammalia","Monotremata","Tachyglossidae","Tachyglossus","aculeatus",3430,3.43,25,"C","Dawson, Grant, & Fanning, 1979",1.23256026117785,0.922405332874008,38.9232497932056,2384,298.15,17903.2601481251,229.146876740232,5020.97288235926,2083.94888836777,-643.539723465955,FALSE,TRUE,-0.136001479239649,0.769569755054021
"Tachyglossus aculeatus","Mammalia","Monotremata","Tachyglossidae","Tachyglossus","aculeatus",2140,2.14,30.4,"C","McNab (1984)",0.76080582903376,0.447175596689535,38.2308249904275,2412,303.55,17903.2601481251,229.146876740232,5020.97288235926,2083.94888836777,-643.539723465955,FALSE,TRUE,-0.0669212036647409,0.83865003062892
"Notoryctes caurinus","Mammalia","Notoryctemorphia","Notoryctidae","Notoryctes","caurinus",34,0.034,30,"C","Withers, Thompson, & Seymour, 2000",-3.38139475436598,-2.12863178587061,38.2812697537333,2385,303.15,-4787.35547680534,-1628.02388294841,32.4701150460995,-1.88743442551193,-0.00293293133310313,FALSE,TRUE,-3.25941712616206,-2.15230033311345
"Notoryctes caurinus","Mammalia","Notoryctemorphia","Notoryctidae","Notoryctes","caurinus",34.2,0.0342,30.6,"C","Withers et al. (2000)",-3.37552963491358,-2.12490391575659,38.205652430763,2420,303.75,-4787.35547680534,-1628.02388294841,32.4701150460995,-1.88743442551193,-0.00293293133310313,FALSE,TRUE,-3.20807909115992,-2.10096229811133
"Echinosorex gymnura","Mammalia","Erinaceomorpha","Erinaceidae","Echinosorex","gymnura",721.2,0.7212,36.3,"C","Whittow et al. (1977)",-0.326838787652975,1.03555415270097,37.5019128319414,2553,309.45,-4787.35547680534,-1628.02388294841,32.4701150460995,-1.88743442551193,-0.00293293133310313,FALSE,TRUE,-0.445262318317667,1.09681932303717
"Echinosorex gymnura","Mammalia","Eulipotyphla","Erinaceidae","Echinosorex","gymnura",721.2,0.7212,29.9,"C","Whittow, Gould, & Rand, 1977",-0.326838787652975,1.03128469650022,38.2939017516722,2386,303.05,-4787.35547680534,-1628.02388294841,32.4701150460995,-1.88743442551193,-0.00293293133310313,FALSE,TRUE,-0.936077260238719,0.606004381116125
"Aplodontia rufa","Mammalia","Rodentia","Aplodontiidae","Aplodontia","rufa",630,0.63,38,"C","McNab (1979b)",-0.462035459596559,0.436461208477128,37.2970172773397,2465,311.15,-4787.35547680534,-1628.02388294841,32.4701150460995,-1.88743442551193,-0.00293293133310313,FALSE,TRUE,-0.421462572936804,0.872557945086254
"Aplodontia rufa","Mammalia","Rodentia","Aplodontiidae","Aplodontia","rufa",630,0.63,26.5,"C","McNab, 1979",-0.462035459596559,0.431782416425538,38.7284062267454,2389,299.65,-4787.35547680534,-1628.02388294841,32.4701150460995,-1.88743442551193,-0.00293293133310313,FALSE,TRUE,-1.30852938229034,-0.0145088642672835
"Eremitalpa granti","Mammalia","Afrosoricida","Chrysochloridae","Eremitalpa","granti",20.62,0.02062,32.08,"C","Seymour, Withers, & Weathers, 1998",-3.88149380039332,-2.80695014975709,38.0204007661248,2391,305.23,17903.2601481251,229.146876740232,5020.97288235926,2083.94888836777,-643.539723465955,FALSE,TRUE,-3.47941453495259,-2.55140142094766
"Eremitalpa granti","Mammalia","Afrosoricida","Chrysochloridae","Eremitalpa","granti",26.1,0.0261,34.7,"C","Fielden et al. (1990)",-3.64581996465349,-2.45211682696501,37.6968228872641,2442,307.85,17903.2601481251,229.146876740232,5020.97288235926,2083.94888836777,-643.539723465955,FALSE,TRUE,-3.09902443757002,-2.17101132356509
"Acrochordus arafurae","Reptilia","Squamata","Acrochordidae","Acrochordus","arafurae",1047.4,1.0474,30,"C","Bedford & Christian, 1999",0.0463109028632504,-2.43377337280657,38.2812697537333,2400,303.15,17293.0298989992,158.924340947614,573.328426214863,-2492.5845468819,-162.16022649679,FALSE,TRUE,-0.643469473375536,-1.25261074511546
"Trogonophis wiegmanni","Reptilia","Squamata","Trogonophidae","Trogonophis","wiegmanni",4.97,0.00497,25,"C","Kamel & Gatten, 1983",-5.3043354388736,-6.83116982277253,38.9232497932056,2405,298.15,17293.0298989992,158.924340947614,573.328426214863,-2492.5845468819,-162.16022649679,FALSE,TRUE,-5.1248128513581,-5.67520073495043
"Anolis sagrei","Reptilia","Squamata","Dactyloidae","Anolis","sagrei",0.4,4e-04,26.5,"C","Dunson & Bramham, 1981",-7.82404601085629,-7.84749765958329,38.7284062267454,2410,299.65,17293.0298989992,158.924340947614,573.328426214863,-2492.5845468819,-162.16022649679,FALSE,TRUE,-6.92704980009225,-6.92047893104705
"Coleonyx switaki","Reptilia","Squamata","Eublepharidae","Coleonyx","switaki",9.46,0.00946,25,"C","Putnam & Murphy, 1982",-4.66068289591835,-5.54957465360439,38.9232497932056,2411,298.15,17609.1412108943,196.340035609827,3134.81857741097,867.660791418726,206.703257275032,FALSE,TRUE,-4.63359174682635,-4.32747809315061
"Caluromys derbianus","Mammalia","Didelphimorphia","Didelphidae","Caluromys","derbianus",357,0.357,34,"C","McNab (1978a)",-1.0300194972025,0.127611124592646,37.7827345786888,2413,307.15,-4787.35547680534,-1628.02388294841,32.4701150460995,-1.88743442551193,-0.00293293133310313,FALSE,TRUE,-1.15594609529525,0.00644597067663555
"Monodelphis domestica","Mammalia","Didelphimorphia","Didelphidae","Monodelphis","domestica",104,0.104,32.6,"C","Dawson and Olson (1988)",-2.26336437984076,-1.09031348585341,37.9557381057866,2414,305.75,-4787.35547680534,-1628.02388294841,32.4701150460995,-1.88743442551193,-0.00293293133310313,FALSE,TRUE,-2.20442161952364,-1.03776690904992
"Monodelphis brevicaudata","Mammalia","Didelphimorphia","Didelphidae","Monodelphis","brevicaudata",111,0.111,33.5,"C","McNab (1978a)",-2.1982250776698,-0.862223510603879,37.8443402114602,2415,306.65,-4787.35547680534,-1628.02388294841,32.4701150460995,-1.88743442551193,-0.00293293133310313,FALSE,TRUE,-2.08567276817448,-0.919018057700777
"Marmosa robinsoni","Mammalia","Didelphimorphia","Didelphidae","Marmosa","robinsoni",122,0.122,34,"C","McNab (1978a)",-2.10373423424888,-0.607989372219639,37.7827345786888,2416,307.15,-4787.35547680534,-1628.02388294841,32.4701150460995,-1.88743442551193,-0.00293293133310313,FALSE,TRUE,-1.97538096719416,-0.808888910168113
"Metachirus nudicaudatus","Mammalia","Didelphimorphia","Didelphidae","Metachirus","nudicaudatus",336,0.336,35,"C","McNab (1978a)",-1.09064411901893,0.134919317899371,37.6601230759184,2417,308.15,-4787.35547680534,-1628.02388294841,32.4701150460995,-1.88743442551193,-0.00293293133310313,FALSE,TRUE,-1.12622808643638,0.0439552875935711
"Philander opossum","Mammalia","Didelphimorphia","Didelphidae","Philander","opossum",751,0.751,35.8,"C","McNab (1978a)",-0.286349627218002,0.63451709610854,37.5626053595865,2418,308.95,-4787.35547680534,-1628.02388294841,32.4701150460995,-1.88743442551193,-0.00293293133310313,FALSE,TRUE,-0.451974550926806,0.718949875646163
"Didelphis marsupialis","Mammalia","Didelphimorphia","Didelphidae","Didelphis","marsupialis",1329,1.329,35,"C","McNab (1978a)",0.284426779731108,1.22703807725693,37.6601230759184,2419,308.15,-4787.35547680534,-1628.02388294841,32.4701150460995,-1.88743442551193,-0.00293293133310313,FALSE,TRUE,-0.0768049883901121,1.09411943818284
"Myrmecobius fasciatus","Mammalia","Dasyuromorphia","Myrmecobiidae","Myrmecobius","fasciatus",480,0.48,33.9,"C","McNab (1984)",-0.7339691750802,0.0354743881936597,37.7950396542721,2421,307.05,-4787.35547680534,-1628.02388294841,32.4701150460995,-1.88743442551193,-0.00293293133310313,FALSE,TRUE,-0.937632923139518,0.152648170527193
"Pseudantechinus macdonnellensis","Mammalia","Dasyuromorphia","Dasyuridae","Pseudantechinus","macdonnellensis",43.1,0.0431,34.2,"C","MacMillen and Nelson (1969)",-3.14423228187243,-1.87877084621768,37.7581484491435,2422,307.35,-4787.35547680534,-1628.02388294841,32.4701150460995,-1.88743442551193,-0.00293293133310313,FALSE,TRUE,-2.75422898387601,-1.67313974860171
"Antechinus flavipes","Mammalia","Dasyuromorphia","Dasyuridae","Antechinus","flavipes",46.5,0.0465,35.1,"C","Geiser (1988)",-3.06830296638883,-1.37524452493331,37.6479056799489,2423,308.25,-4787.35547680534,-1628.02388294841,32.4701150460995,-1.88743442551193,-0.00293293133310313,FALSE,TRUE,-2.62796129706461,-1.53472995668738
"Antechinus swainsonii","Mammalia","Dasyuromorphia","Dasyuridae","Antechinus","swainsonii",66.9,0.0669,36,"C","Chappell and Dawson (1994)",-2.70455631184795,-1.03407376753054,37.538304790051,2424,309.15,-4787.35547680534,-1628.02388294841,32.4701150460995,-1.88743442551193,-0.00293293133310313,FALSE,TRUE,-2.28243569653936,-1.18920435616213
"Phascogale tapoatafa","Mammalia","Dasyuromorphia","Dasyuridae","Phascogale","tapoatafa",157.2,0.1572,37.4,"C","MacMillen and Nelson (1969)",-1.85023639898703,-0.34484048629173,37.3690772044575,2425,310.55,-4787.35547680534,-1628.02388294841,32.4701150460995,-1.88743442551193,-0.00293293133310313,FALSE,TRUE,-1.52556352460375,-0.434182729614629
"Dasyurus hallucatus","Mammalia","Dasyuromorphia","Dasyuridae","Dasyurus","hallucatus",584.4,0.5844,38.1,"C","MacMillen and Nelson (1969)",-0.537169599105593,0.507486722500476,37.2850342999012,2426,311.25,-4787.35547680534,-1628.02388294841,32.4701150460995,-1.88743442551193,-0.00293293133310313,FALSE,TRUE,-0.471377108943276,0.604622214822665
"Dasyurus viverrinus","Mammalia","Dasyuromorphia","Dasyuridae","Dasyurus","viverrinus",909.9,0.9099,36.7,"C","MacMillen and Nelson (1969)",-0.0944205756194919,0.825636363606024,37.4534998413563,2427,309.85,-4787.35547680534,-1628.02388294841,32.4701150460995,-1.88743442551193,-0.00293293133310313,FALSE,TRUE,-0.237883263938556,0.837596856644091
"Dasyurus geoffroii","Mammalia","Dasyuromorphia","Dasyuridae","Dasyurus","geoffroii",1354,1.354,36.2,"C","Arnold and Shield (1970)",0.303063174490083,1.1544323587658,37.5140356419727,2428,309.35,-4787.35547680534,-1628.02388294841,32.4701150460995,-1.88743442551193,-0.00293293133310313,FALSE,TRUE,0.0279518505979048,1.10343197118054
"Dasyurus maculatus","Mammalia","Dasyuromorphia","Dasyuridae","Dasyurus","maculatus",1782,1.782,36.9,"C","MacMillen and Nelson (1969)",0.577736329048618,1.18801278474721,37.4293401897896,2429,310.05,-4787.35547680534,-1628.02388294841,32.4701150460995,-1.88743442551193,-0.00293293133310313,FALSE,TRUE,0.290064054724311,1.36540464225177
"Sarcophilus harrisii","Mammalia","Dasyuromorphia","Dasyuridae","Sarcophilus","harrisii",5050,5.05,36.8,"C","MacMillen and Nelson (1969)",1.61938824328727,2.06510312502282,37.4414161182264,2430,309.95,-4787.35547680534,-1628.02388294841,32.4701150460995,-1.88743442551193,-0.00293293133310313,FALSE,TRUE,1.07754555458381,2.1543118295513
"Macrotis lagotis","Mammalia","Peramelemorphia","Thylacomyidae","Macrotis","lagotis",1011,1.011,34.9,"C","Hulbert and Dawson (1974)",0.0109399400383343,0.680568398353085,37.6723484039742,2432,308.05,-4787.35547680534,-1628.02388294841,32.4701150460995,-1.88743442551193,-0.00293293133310313,FALSE,TRUE,-0.293100311901952,0.811916961681865
"Lasiorhinus latifrons","Mammalia","Diprotodontia","Vombatidae","Lasiorhinus","latifrons",25000,25,35.3,"C","Wells (1978)",3.2188758248682,2.63508118123562,37.6234946534098,2433,308.45,-4787.35547680534,-1628.02388294841,32.4701150460995,-1.88743442551193,-0.00293293133310313,FALSE,TRUE,2.18539987346958,3.29895379362975
"Cercartetus nanus","Mammalia","Diprotodontia","Burramyidae","Cercartetus","nanus",70,0.07,35.5,"C","Bartholomew and Hudson (1962)",-2.65926003693278,-1.09031348585341,37.5991152627386,2434,308.65,-4787.35547680534,-1628.02388294841,32.4701150460995,-1.88743442551193,-0.00293293133310313,FALSE,TRUE,-2.28555234122488,-1.16004462026319
"Trichosurus vulpecula","Mammalia","Diprotodontia","Phalangeridae","Trichosurus","vulpecula",1982,1.982,36.2,"C","Dawson and Hulbert (1970)",0.684106435907796,1.26381280468195,37.5140356419727,2435,309.35,-4787.35547680534,-1628.02388294841,32.4701150460995,-1.88743442551193,-0.00293293133310313,FALSE,TRUE,0.318755474069338,1.444263195031
"Petaurus breviceps","Mammalia","Diprotodontia","Petauridae","Petaurus","breviceps",128.1,0.1281,36.4,"C","Dawson and Hulbert (1970)",-2.05494407007945,-0.704320481158071,37.4897978544476,2436,309.55,-4787.35547680534,-1628.02388294841,32.4701150460995,-1.88743442551193,-0.00293293133310313,FALSE,TRUE,-1.7566053475848,-0.618682014624184
"Tarsipes rostratus","Mammalia","Diprotodontia","Tarsipedidae","Tarsipes","rostratus",10,0.01,37,"C","Withers et al. (1990)",-4.60517018598809,-1.82566102090374,37.4172720485064,2437,310.15,-4787.35547680534,-1628.02388294841,32.4701150460995,-1.88743442551193,-0.00293293133310313,FALSE,TRUE,-3.65793438492292,-2.52001105196231
"Elephantulus edwardii","Mammalia","Macroscelidea","Macroscelididae","Elephantulus","edwardii",49.8,0.0498,37.6,"C","Leon et al. (1983)",-2.99974029495153,-1.19475614922101,37.3450263100378,2444,310.75,17903.2601481251,229.146876740232,5020.97288235926,2083.94888836777,-643.539723465955,FALSE,TRUE,-2.38793404466175,-1.1462430994284
"Orycteropus afer","Mammalia","Tubulidentata","Orycteropodidae","Orycteropus","afer",48000,48,34.5,"C","McNab (1984)",3.87120101090789,3.53425412462131,37.7213291917577,2446,307.65,17903.2601481251,229.146876740232,5020.97288235926,2083.94888836777,-643.539723465955,FALSE,TRUE,2.62260928267687,3.78228501235068
"Heterohyrax brucei","Mammalia","Hyracoidea","Procaviidae","Heterohyrax","brucei",2000,2,37.8,"C","Taylor and Sale (1969)",0.693147180559945,1.39045237126855,37.3210063542186,2447,310.95,17903.2601481251,229.146876740232,5020.97288235926,2083.94888836777,-643.539723465955,FALSE,TRUE,0.445280146461123,1.60843966703341
"Zaedyus pichiy","Mammalia","Cingulata","Dasypodidae","Zaedyus","pichiy",1740,1.74,35.2,"C","McNab (1980)",0.553885113226438,0.80349523772881,37.6356962083485,2448,308.35,17903.2601481251,229.146876740232,5020.97288235926,2083.94888836777,-643.539723465955,FALSE,TRUE,0.14397746309249,1.00693671347838
"Chaetophractus villosus","Mammalia","Cingulata","Dasypodidae","Chaetophractus","villosus",4540,4.54,35.1,"C","McNab (1980)",1.51292701205326,1.50592753606444,37.6479056799489,2449,308.25,17903.2601481251,229.146876740232,5020.97288235926,2083.94888836777,-643.539723465955,FALSE,TRUE,0.868330102316587,1.7312893527025
"Euphractus sexcinctus","Mammalia","Cingulata","Dasypodidae","Euphractus","sexcinctus",8190,8.19,34.2,"C","McNab (1980)",2.10291389786498,1.93111875405801,37.7581484491435,2450,307.35,17903.2601481251,229.146876740232,5020.97288235926,2083.94888836777,-643.539723465955,FALSE,TRUE,1.25027464197133,2.11327426212489
"Tolypeutes matacus","Mammalia","Cingulata","Dasypodidae","Tolypeutes","matacus",1160,1.16,33,"C","McNab (1980)",0.148420005118273,0.158901282585856,37.9061470711882,2451,306.15,17903.2601481251,229.146876740232,5020.97288235926,2083.94888836777,-643.539723465955,FALSE,TRUE,-0.333069390319633,0.54085209460632
"Cabassous centralis","Mammalia","Cingulata","Dasypodidae","Cabassous","centralis",3810,3.81,33.6,"C","McNab (1980)",1.33762918913861,1.49602033428736,37.8320030182372,2452,306.75,17903.2601481251,229.146876740232,5020.97288235926,2083.94888836777,-643.539723465955,FALSE,TRUE,0.620457125348416,1.49437861027437
"Priodontes maximus","Mammalia","Cingulata","Dasypodidae","Priodontes","maximus",45190,45.19,33.6,"C","McNab (1980)",3.81087582342319,2.82665594351006,37.8320030182372,2453,306.75,17903.2601481251,229.146876740232,5020.97288235926,2083.94888836777,-643.539723465955,FALSE,TRUE,2.50798317767253,3.38236787850346
"Choloepus hoffmanni","Mammalia","Pilosa","Megalonychidae","Choloepus","hoffmanni",4250,4.25,34.5,"C","McNab (1978b)",1.44691898293633,1.4941517569763,37.7213291917577,2454,307.65,17903.2601481251,229.146876740232,5020.97288235926,2083.94888836777,-643.539723465955,FALSE,TRUE,0.772451913595432,1.78061239705976
"Cyclopes didactylus","Mammalia","Pilosa","Cyclopedidae","Cyclopes","didactylus",249,0.249,33,"C","McNab (1984)",-1.39030238251743,-0.443686320928362,37.9061470711882,2455,306.15,17903.2601481251,229.146876740232,5020.97288235926,2083.94888836777,-643.539723465955,FALSE,TRUE,-1.50738761386262,-0.516233534540288
"Tamandua tetradactyla","Mammalia","Pilosa","Myrmecophagidae","Tamandua","tetradactyla",3500,3.5,35,"C","McNab (1984)",1.25276296849537,1.58525905673694,37.6601230759184,2456,308.15,17903.2601481251,229.146876740232,5020.97288235926,2083.94888836777,-643.539723465955,FALSE,TRUE,0.662207352055056,1.6221505275867
"Myrmecophaga tridactyla","Mammalia","Pilosa","Myrmecophagidae","Myrmecophaga","tridactyla",30600,30.6,32.7,"C","McNab (1984)",3.42100000895834,2.67472319698614,37.9433281865106,2457,305.85,17903.2601481251,229.146876740232,5020.97288235926,2083.94888836777,-643.539723465955,FALSE,TRUE,2.14144781401828,3.10139098954993
"Tupaia glis","Mammalia","Scandentia","Tupaiidae","Tupaia","glis",123,0.123,37,"C","Bradley and Hudson (1974)",-2.09557092360972,-0.649662068620207,37.4172720485064,2458,310.15,17903.2601481251,229.146876740232,5020.97288235926,2083.94888836777,-643.539723465955,FALSE,TRUE,-1.74266482669596,-0.50396730218416
"Cheirogaleus medius","Mammalia","Primates","Cheirogaleidae","Cheirogaleus","medius",300,0.3,35,"C","McCormick (1981)",-1.20397280432594,0.0851578083403068,37.6601230759184,2459,308.15,-4787.35547680534,-1628.02388294841,32.4701150460995,-1.88743442551193,-0.00293293133310313,FALSE,TRUE,-1.21271798316861,-0.0903712683458544
"Eulemur fulvus","Mammalia","Primates","Lemuridae","Eulemur","fulvus",2330,2.33,38.2,"C","Daniels (1984)",0.845868267577609,0.590868331439527,37.2730590198949,2460,311.35,-4787.35547680534,-1628.02388294841,32.4701150460995,-1.88743442551193,-0.00293293133310313,FALSE,TRUE,0.591547573835513,1.71389428865827
"Otolemur crassicaudatus","Mammalia","Primates","Galagidae","Otolemur","crassicaudatus",947,0.947,36.6,"C","Müller and Jaksche (1980)",-0.0544561857960589,0.829279354884525,37.4655913667289,2461,309.75,-4787.35547680534,-1628.02388294841,32.4701150460995,-1.88743442551193,-0.00293293133310313,FALSE,TRUE,-0.214876757525939,0.959438370655942
"Callimico goeldii","Mammalia","Primates","Cebidae","Callimico","goeldii",557,0.557,36,"C","Kalin et al. (2003)",-0.585190039054853,0.440045441704943,37.538304790051,2462,309.15,-4787.35547680534,-1628.02388294841,32.4701150460995,-1.88743442551193,-0.00293293133310313,FALSE,TRUE,-0.664983155066,0.544992821548531
"Cercopithecus mitis","Mammalia","Primates","Cercopithecidae","Cercopithecus","mitis",8500,8.5,38,"C","Müller et al. (1983)",2.14006616349627,2.94253658596812,37.2970172773397,2463,311.15,17903.2601481251,229.146876740232,5020.97288235926,2083.94888836777,-643.539723465955,FALSE,TRUE,1.56440270078803,2.77985726960649
"Colobus guereza","Mammalia","Primates","Colobinae","Colobus","guereza",10500,10.5,37.3,"C","Müller et al. (1983)",2.35137525716348,2.81490959288377,37.3811142723281,2464,310.45,17903.2601481251,229.146876740232,5020.97288235926,2083.94888836777,-643.539723465955,FALSE,TRUE,1.67355206677247,2.88900663559093
"Tamias amoenus","Mammalia","Rodentia","Sciuridae","Tamias","amoenus",57.3,0.0573,37,"C","Jones and Wang (1976)",-2.85945465526144,-0.618245872386828,37.4172720485064,2466,310.15,-4787.35547680534,-1628.02388294841,32.4701150460995,-1.88743442551193,-0.00293293133310313,FALSE,TRUE,-2.32564366287509,-0.991339453185858
"Tamias merriami","Mammalia","Rodentia","Sciuridae","Tamias","merriami",75,0.075,37,"C","Wunder (1970)",-2.59026716544583,-0.823508998423189,37.4172720485064,2467,310.15,-4787.35547680534,-1628.02388294841,32.4701150460995,-1.88743442551193,-0.00293293133310313,FALSE,TRUE,-2.12020584161483,-0.785901631925604
"Ammospermophilus leucurus","Mammalia","Rodentia","Sciuridae","Ammospermophilus","leucurus",96,0.096,36.6,"C","Hudson (1962)",-2.3434070875143,-0.592799206725663,37.4655913667289,2469,309.75,-4787.35547680534,-1628.02388294841,32.4701150460995,-1.88743442551193,-0.00293293133310313,FALSE,TRUE,-1.96175246316445,-0.652122371270199
"Paraxerus cepapi","Mammalia","Rodentia","Sciuridae","Paraxerus","cepapi",223.6,0.2236,39.45,"C","Viljoen (1985)",-1.49789653770119,-0.209350229181874,37.1240144780687,2470,312.6,-4787.35547680534,-1628.02388294841,32.4701150460995,-1.88743442551193,-0.00293293133310313,FALSE,TRUE,-1.10479431175292,0.203497275354862
"Xerus princeps","Mammalia","Rodentia","Sciuridae","Xerus","princeps",627,0.627,36.1,"C","Haim et al. (1987)",-0.466808738349216,0.680568398353085,37.5261662921399,2471,309.25,-4787.35547680534,-1628.02388294841,32.4701150460995,-1.88743442551193,-0.00293293133310313,FALSE,TRUE,-0.567114691593073,0.736144202686586
"Microdipodops megacephalus","Mammalia","Rodentia","Heteromyidae","Microdipodops","megacephalus",11,0.011,32.8,"C","Hinds and MacMillen (1985)",-4.50986000618377,-1.77523016727684,37.9309263796184,2472,305.95,-4787.35547680534,-1628.02388294841,32.4701150460995,-1.88743442551193,-0.00293293133310313,FALSE,TRUE,-3.90351998174775,-2.54889172776884
"Dipodomys agilis","Mammalia","Rodentia","Heteromyidae","Dipodomys","agilis",60.6,0.0606,37,"C","Carpenter (1966)",-2.80346038590687,-1.03407376753054,37.4172720485064,2473,310.15,-4787.35547680534,-1628.02388294841,32.4701150460995,-1.88743442551193,-0.00293293133310313,FALSE,TRUE,-2.2829100993386,-0.928281845359691
"Thomomys talpoides","Mammalia","Rodentia","Geomyidae","Thomomys","talpoides",106,0.106,35.5,"C","Bradley et al. (1975)",-2.24431618487007,-0.497032301633655,37.5991152627386,2476,308.65,-4787.35547680534,-1628.02388294841,32.4701150460995,-1.88743442551344,-0.00293293133283722,FALSE,TRUE,-1.96887655153088,-0.633721207490094
"Geomys pinetis","Mammalia","Rodentia","Geomyidae","Geomys","pinetis",200,0.2,36.3,"C","McNab (1979b)",-1.6094379124341,-0.233614851181505,37.5019128319414,2477,309.45,-4787.35547680534,-1628.02388294841,32.4701150460995,-1.88743442551193,-0.00293293133310313,FALSE,TRUE,-1.42411304398044,-0.0889576999396531
"Hystrix africaeaustralis","Mammalia","Rodentia","Hystricidae","Hystrix","africaeaustralis",10700,10.7,38.5,"C","Haim et al. (1990)",2.37024374146786,2.42823831191963,37.2371792903715,2533,311.65,-4787.35547680534,-1628.02388294841,32.4701150460995,-1.88743442551193,-0.00293293133310313,FALSE,TRUE,1.77715210402195,3.05207971775968
"Ochotona princeps","Mammalia","Lagomorpha","Ochotonidae","Ochotona","princeps",109,0.109,40.1,"C","MacArthur and Wang (1973)",-2.21640739675299,-0.0719734996250892,37.0469814073241,2545,313.25,-4787.35547680534,-1628.02388294841,32.4701150460995,-1.88743442551193,-0.00293293133310313,FALSE,TRUE,-1.60540631315357,-0.2984684813084
"Lepus americanus","Mammalia","Lagomorpha","Leporidae","Lepus","americanus",1577,1.577,39.8,"C","Hart et al. (1965)",0.455524307980901,1.90003240633292,37.0824953693697,2546,312.95,-4787.35547680534,-1628.02388294841,32.4701150460995,-1.88743442551193,-0.00293293133310313,FALSE,TRUE,0.411742831427045,1.76093779061656
"Lepus californicus","Mammalia","Lagomorpha","Leporidae","Lepus","californicus",1989,1.989,38.75,"C","Hinds (1977)",0.687631999871835,1.8303567687262,37.2073322406036,2547,311.9,-4787.35547680534,-1628.02388294841,32.4701150460995,-1.88743442551193,-0.00293293133310313,FALSE,TRUE,0.511517718831733,1.86090198158076
"Lepus townsendii","Mammalia","Lagomorpha","Leporidae","Lepus","townsendii",2430,2.43,38.2,"C","Rogowitz (1990)",0.887891257352457,1.95263352814913,37.2730590198949,2548,311.35,-4787.35547680534,-1628.02388294841,32.4701150460995,-1.88743442551193,-0.00293293133310313,FALSE,TRUE,0.623618571890066,1.97451406344486
"Lepus timidus","Mammalia","Lagomorpha","Leporidae","Lepus","timidus",3150,3.15,39.7,"C","Pyörnilä et al. (1992)",1.14740245283754,2.56366648364865,37.0943484923902,2549,312.85,-4787.35547680534,-1628.02388294841,32.4701150460995,-1.88743442551193,-0.00293293133310313,FALSE,TRUE,0.932422956894598,2.28331844844939
"Hemiechinus auritus","Mammalia","Erinaceomorpha","Erinaceidae","Hemiechinus","auritus",397,0.397,33.75,"C","Shkolnik and Schmidt-Nielsen (1976)",-0.923818998294947,-0.165792254842744,37.8135123031745,2550,306.9,-4787.35547680534,-1628.02388294841,32.4701150460995,-1.88743442551193,-0.00293293133310313,FALSE,TRUE,-1.09396997975978,0.284316721483477
"Erinaceus europaeus","Mammalia","Erinaceomorpha","Erinaceidae","Erinaceus","europaeus",749,0.749,34,"C","Shkolnik and Schmidt-Nielsen (1976)",-0.289016295464918,0.63304325649024,37.7827345786888,2551,307.15,-4787.35547680534,-1628.02388294841,32.4701150460995,-1.88743442551193,-0.00293293133310313,FALSE,TRUE,-0.590429163523567,0.787857537719679
"Hylomys suillus","Mammalia","Erinaceomorpha","Erinaceidae","Hylomys","suillus",77.3,0.0773,37.3,"C","Genoud and Ruedi (1996)",-2.56006132338876,-0.804699666465693,37.3811142723281,2552,310.45,-4787.35547680534,-1628.02388294841,32.4701150460995,-1.88743442551193,-0.00293293133310313,FALSE,TRUE,-2.07474556421233,-0.637496668874755
"Crocidura suaveolens","Mammalia","Soricomorpha","Soricidae","Crocidura","suaveolens",6.5,0.0065,35.1,"C","Sparti (1990)",-5.03595310208055,-2.24851787172377,37.6479056799489,2554,308.25,-4787.35547680534,-1628.02388294841,32.4701150460995,-1.88743442551193,-0.00293293133310313,FALSE,TRUE,-4.12962750434584,-2.51232766645835
"Crocidura hildegardeae","Mammalia","Soricomorpha","Soricidae","Crocidura","hildegardeae",10,0.01,35.7,"C","Sparti (1990)",-4.60517018598809,-1.93486031286873,37.5747674464765,2555,308.85,-4787.35547680534,-1628.02388294841,32.4701150460995,-1.88743442551193,-0.00293293133310313,FALSE,TRUE,-3.75553814260401,-2.13447370133486
"Crocidura jouvenetae","Mammalia","Soricomorpha","Soricidae","Crocidura","jouvenetae",10.1999999999999,0.0101999999999999,34.3,"C","Sparti (1990)",-4.58536755869192,-2.07944154167984,37.7458673795552,2556,307.45,-4787.35547680534,-1628.02388294841,32.4701150460995,-1.88743442551193,-0.00293293133310313,FALSE,TRUE,-3.84646004553755,-2.22539560426842
"Crocidura russula","Mammalia","Soricomorpha","Soricidae","Crocidura","russula",10.4,0.0104,34.7,"C","Sparti (1990)",-4.56594947283481,-2.05746263496106,37.6968228872641,2557,307.85,-4787.35547680534,-1628.02388294841,32.4701150460995,-1.88743442551193,-0.00293293133310313,FALSE,TRUE,-3.80124652659625,-2.18485125107487
"Notiosorex crawfordi","Mammalia","Soricomorpha","Soricidae","Notiosorex","crawfordi",4,0.004,37.6,"C","Lindstedt (1980)",-5.52146091786225,-2.62800749342867,37.3450263100378,2558,310.75,-4787.35547680534,-1628.02388294841,32.4701150460995,-1.88743442551193,-0.00293293133310313,FALSE,TRUE,-4.31245435187478,-2.7197923842662
"Sorex coronatus","Mammalia","Soricomorpha","Soricidae","Sorex","coronatus",9.1,0.0091,37.6,"C","Sparti and Genoud (1989)",-4.69948086545933,-1.24171313230878,37.3450263100378,2559,310.75,-4787.35547680534,-1628.02388294841,32.4701150460995,-1.88743442551193,-0.00293293133310313,FALSE,TRUE,-3.68513771394068,-2.08778082632013
"Blarina brevicauda","Mammalia","Soricomorpha","Soricidae","Blarina","brevicauda",21,0.021,38.5,"C","Platt (1974)",-3.86323284125871,-1.23214368129263,37.2371792903715,2560,311.65,-4787.35547680534,-1628.02388294841,32.4701150460995,-1.88743442551193,-0.00293293133310313,FALSE,TRUE,-2.98009664074471,-1.38273975312416
"Paranyctimene raptor","Mammalia","Chiroptera","Pteropodidae","Paranyctimene","raptor",23.6,0.0236,33.8,"C","McNab and Bonaccorso (2001)",-3.74650856695057,-1.99428373333953,37.8073527474972,2563,306.95,-4787.35547680534,-1628.02388294841,32.4701150460995,-1.88743442551193,-0.00293293133310313,FALSE,TRUE,-3.24436577103491,-1.87252192142742
"Nyctimene albiventer","Mammalia","Chiroptera","Pteropodidae","Nyctimene","albiventer",30.8999999999999,0.0308999999999999,35.9,"C","McNab and Bonaccorso (2001)",-3.47699909507844,-1.40876721697195,37.5504511433239,2564,309.05,-4787.35547680534,-1628.02388294841,32.4701150460995,-1.88743442551193,-0.00293293133310313,FALSE,TRUE,-2.8794740006317,-1.5076301510242
"Rousettus amplexicaudatus","Mammalia","Chiroptera","Pteropodidae","Rousettus","amplexicaudatus",91.5,0.0915,36.5,"C","McNab and Bonaccorso (2001)",-2.39141630670066,-0.538996500732687,37.477690701903,2565,309.65,-4787.35547680534,-1628.02388294841,32.4701150460995,-1.88743442551193,-0.00293293133310313,FALSE,TRUE,-2.0058902710108,-0.632815272893013
"Dobsonia moluccensis","Mammalia","Chiroptera","Pteropodidae","Dobsonia","moluccensis",404.3,0.4043,36.8,"C","McNab and Bonaccorso (2001)",-0.905598102335412,0.719193889498046,37.4414161182264,2568,309.95,-4787.35547680534,-1628.02388294841,32.4701150460995,-1.88743442551193,-0.00293293133310313,FALSE,TRUE,-0.849467078551378,0.523607919566411
"Aselliscus tricuspidatus","Mammalia","Chiroptera","Hipposideridae","Aselliscus","tricuspidatus",4.2,0.0042,36.2,"C","Bonaccorso and McNab (2003)",-5.47267075369281,-3.2470467018349,37.5140356419727,2571,309.35,-4787.35547680534,-1628.02388294841,32.4701150460995,-1.88743442551193,-0.00293293133310313,FALSE,TRUE,-4.37995802365975,-3.04838067888487
"Hipposideros galeritus","Mammalia","Chiroptera","Hipposideridae","Hipposideros","galeritus",8.5,0.0085,33.3,"C","McNab (1989)",-4.76768911548587,-2.94166505228372,37.8690387529589,2572,306.45,-4787.35547680534,-1628.02388294841,32.4701150460995,-1.88743442551193,-0.00293293133310313,FALSE,TRUE,-4.06193606431491,-2.73035871954005
"Saccopteryx bilineata","Mammalia","Chiroptera","Emballonuridae","Saccopteryx","bilineata",7.8,0.0078,35.5,"C","Genoud and Bonaccorso (1986)",-4.85363154528659,-2.51880820146368,37.5991152627386,2574,308.65,-4787.35547680534,-1628.02388294841,32.4701150460995,-1.88743442551193,-0.00293293133310313,FALSE,TRUE,-3.96024718689023,-2.60484905341974
"Diphylla ecaudata","Mammalia","Chiroptera","Phyllostomidae","Diphylla","ecaudata",27.8,0.0278,32.4,"C","McNab (1969)",-3.58271925828555,-1.66659632627405,37.9805823133506,2575,305.55,-4787.35547680534,-1628.02388294841,32.4701150460995,-1.88743442551193,-0.00293293133310313,FALSE,TRUE,-3.22672007168838,-1.85854886417241
"Desmodus rotundus","Mammalia","Chiroptera","Phyllostomidae","Desmodus","rotundus",29.4,0.0294,35,"C","McNab (1969)",-3.5267606046375,-1.89711998488588,37.6601230759184,2576,308.15,-4787.35547680534,-1628.02388294841,32.4701150460995,-1.88743442551193,-0.00293293133310313,FALSE,TRUE,-2.9854172466923,-1.61724603917632
"Glossophaga soricina","Mammalia","Chiroptera","Phyllostomidae","Glossophaga","soricina",9.6,0.0096,35.5,"C","McNab (1989)",-4.64599218050835,-2.12490391575659,37.5991152627386,2577,308.65,-4787.35547680534,-1628.02388294841,32.4701150460995,-1.88743442551193,-0.00293293133310313,FALSE,TRUE,-3.80178150656785,-2.41246720495624
"Glossophaga longirostris","Mammalia","Chiroptera","Phyllostomidae","Glossophaga","longirostris",13.5,0.0135,37.4,"C","Arends et al. (1995)",-4.30506559353775,-1.91581211789803,37.3690772044575,2578,310.55,-4787.35547680534,-1628.02388294841,32.4701150460995,-1.88743442551193,-0.00293293133310313,FALSE,TRUE,-3.39903380229024,-2.00971950067864
"Tonatia bidens","Mammalia","Chiroptera","Phyllostomidae","Tonatia","bidens",27.3999999999999,0.0273999999999999,37,"C","McNab (1969)",-3.59721226558812,-1.51665617898313,37.4172720485064,2579,310.15,-4787.35547680534,-1628.02388294841,32.4701150460995,-1.88743442551193,-0.00293293133310313,FALSE,TRUE,-2.88868363247958,-1.52068538802398
"Phyllostomus discolor","Mammalia","Chiroptera","Phyllostomidae","Phyllostomus","discolor",33.5,0.0335,34.6,"C","McNab (1969)",-3.39620984015112,-1.6519975268529,37.709072057983,2580,307.75,-4787.35547680534,-1628.02388294841,32.4701150460995,-1.88743442551193,-0.00293293133282335,FALSE,TRUE,-2.91611873126068,-1.55344124916647
"Phyllostomus elongatus","Mammalia","Chiroptera","Phyllostomidae","Phyllostomus","elongatus",35.6,0.0356,35.7,"C","McNab (1969)",-3.33540964112415,-1.52939520476056,37.5747674464765,2581,308.85,-4787.35547680534,-1628.02388294841,32.4701150460995,-1.88743442551193,-0.00293293133282335,FALSE,TRUE,-2.78648553158642,-1.42658165962812
"Phyllostomus hastatus","Mammalia","Chiroptera","Phyllostomidae","Phyllostomus","hastatus",84.2,0.0842,34.7,"C","McNab (1969)",-2.47456035773386,-0.930276973848895,37.6968228872641,2582,307.85,-4787.35547680534,-1628.02388294841,32.4701150460995,-1.88743442551193,-0.00293293133282335,FALSE,TRUE,-2.20514552090662,-0.845241648948322
"Chrotopterus auritus","Mammalia","Chiroptera","Phyllostomidae","Chrotopterus","auritus",96.0999999999999,0.0960999999999999,37.2,"C","McNab (1969)",-2.34236596300589,-0.563094052311748,37.393159097291,2583,310.35,-4787.35547680534,-1628.02388294841,32.4701150460995,-1.88743442551193,-0.00293293133310313,FALSE,TRUE,-1.91606984803488,-0.544763103211358
"Rhinophylla fischerae","Mammalia","Chiroptera","Phyllostomidae","Rhinophylla","fischerae",9.5,0.0095,34.7,"C","McNab (1969)",-4.65646348037564,-2.38959646998368,37.6968228872641,2584,307.85,-4787.35547680534,-1628.02388294841,32.4701150460995,-1.88743442551193,-0.00293293133310313,FALSE,TRUE,-3.8703247757952,-2.49385633700946
"Artibeus concolor","Mammalia","Chiroptera","Phyllostomidae","Artibeus","concolor",19.7,0.0197,35.3,"C","McNab (1969)",-3.92713664323819,-1.69644928942373,37.6234946534098,2585,308.45,-4787.35547680534,-1628.02388294841,32.4701150460995,-1.88743442551193,-0.00293293133310313,FALSE,TRUE,-3.26827567865967,-1.88411554701016
"Artibeus jamaicensis","Mammalia","Chiroptera","Phyllostomidae","Artibeus","jamaicensis",45.2,0.0452,36.4,"C","McNab (1969)",-3.09665819214395,-1.14990558305566,37.4897978544476,2586,309.55,-4787.35547680534,-1628.02388294841,32.4701150460995,-1.88743442551193,-0.00293293133310313,FALSE,TRUE,-2.55161807183721,-1.16745794018771
"Noctilio albiventris","Mammalia","Chiroptera","Noctilionidae","Noctilio","albiventris",27,0.027,32,"C","McNab (1969)",-3.61191841297781,-2.01490302054227,38.0303684281313,2587,305.15,-4787.35547680534,-1628.02388294841,32.4701150460995,-1.88743442551193,-0.00293293133310313,FALSE,TRUE,-3.2798578834038,-1.94522890476877
"Noctilio leporinus","Mammalia","Chiroptera","Noctilionidae","Noctilio","leporinus",61,0.061,33.8,"C","McNab (1969)",-2.79688141480883,-1.34280924918015,37.8073527474972,2588,306.95,-4787.35547680534,-1628.02388294841,32.4701150460995,-1.88743442551193,-0.00293293133310313,FALSE,TRUE,-2.51963174539642,-1.1850027667614
"Pecari tajacu","Mammalia","Artiodactyla","Tayassuidae","Pecari","tajacu",20200,20.2,38,"C","Zervanos (1975)",3.00568260440716,3.4797004431501,37.2970172773397,2605,311.15,-4787.35547680534,-1628.02388294841,32.4701150460995,-1.88743442551193,-0.00293293133310313,FALSE,TRUE,2.22502164630294,3.61983203721444
"Alces americanus","Mammalia","Artiodactyla","Cervidae","Alces","americanus",350000,350,38.6,"C","Reneckker and Hudson (1986)",5.85793315448346,5.76340780766279,37.2252347260441,2607,311.75,-4787.35547680534,-1628.02388294841,32.4701150460995,-1.88743442551193,-0.00293293133310313,FALSE,TRUE,4.44628034564047,5.88819433125282
"Philantomba monticola","Mammalia","Artiodactyla","Bovidae","Philantomba","monticola",4400,4.4,39.1,"C","Haim and Skinner (1991)",1.48160454092422,2.35638912173747,37.1656266640329,2609,312.25,-4787.35547680534,-1628.02388294841,32.4701150460995,-1.88743442551193,-0.00293293133310313,FALSE,TRUE,1.1433056235862,2.58530981786167
"Kobus ellipsiprymnus","Mammalia","Artiodactyla","Bovidae","Kobus","ellipsiprymnus",1e+05,100,38.7,"C","Taylor et al. (1969a)",4.60517018598809,5.00346147553337,37.2132978221718,2610,311.85,-4787.35547680534,-1628.02388294841,32.4701150460995,-1.88743442551193,-0.00293293133310313,FALSE,TRUE,3.49759749341592,4.94122276566839
