"class","order","family","Genus","species","wet_Mass_g","wet_Mass_kg","temperature","temperature_unit","Reference","taxon_name","pc1","pc2","pc3","pc4","pc5","log_mass","log_BMR","inv_kT","row_id","Species","temp_K","in_phylogeny","y_fitted_log_BMR","residual_log_BMR"
"Amphibia","Caudata","Ambystomatidae","Ambystoma","laterale",4,0.004,21,"C","J. F. Gillooly, J. P. Gomez, E. V. Mavrodiev,  A broad-scale comparison of aerobic activity levels in vertebrates: endotherms versus ectotherms. Proc. Biol. Sci. 284, 20162328 (2017).","Ambystoma laterale",-5161.75961412521,3001.3884308578,9.63443467555201,-0.806028876738105,-0.0021049370118414,-5.52146091786225,-4.59412034980151,39.4525477676161,0,"Ambystoma laterale",294.15,TRUE,-5.28016057269451,0.686040222892998
"Amphibia","Caudata","Ambystomatidae","Ambystoma","macrodactylum",2,0.002,15,"C","J. F. Gillooly, J. P. Gomez, E. V. Mavrodiev,  A broad-scale comparison of aerobic activity levels in vertebrates: endotherms versus ectotherms. Proc. Biol. Sci. 284, 20162328 (2017).","Ambystoma macrodactylum",-5161.75961412521,3001.3884308578,9.63443467555201,-0.806028876738105,-0.0021049370118414,-6.21460809842219,-6.43083120689183,40.2740479814134,1,"Ambystoma macrodactylum",288.15,TRUE,-6.38416495450631,-0.0466662523855206
"Amphibia","Anura","Bufonidae","Anaxyrus","boreas",25,0.025,26,"C","J. F. Gillooly, J. P. Gomez, E. V. Mavrodiev,  A broad-scale comparison of aerobic activity levels in vertebrates: endotherms versus ectotherms. Proc. Biol. Sci. 284, 20162328 (2017).","Anaxyrus boreas",-4787.35547680534,-1628.02388294841,32.4701150460995,-1.88743442551193,-0.0029329313331031,-3.68887945411394,-1.68619897356756,38.7931369742412,2,"Anaxyrus boreas",299.15,TRUE,-3.4129460519958,1.72674707842824
"Amphibia","Anura","Bufonidae","Anaxyrus","boreas",47,0.047,20,"C","J. F. Gillooly, J. P. Gomez, E. V. Mavrodiev,  A broad-scale comparison of aerobic activity levels in vertebrates: endotherms versus ectotherms. Proc. Biol. Sci. 284, 20162328 (2017).","Anaxyrus boreas",-4787.35547680534,-1628.02388294841,32.4701150460995,-1.88743442551193,-0.0029329313331031,-3.05760767727208,-1.75029767942046,39.5871292029482,3,"Anaxyrus boreas",293.15,TRUE,-3.4797165873486,1.72941890792814
"Amphibia","Anura","Bufonidae","Anaxyrus","boreas",58,0.058,20,"C","J. F. Gillooly, J. P. Gomez, E. V. Mavrodiev,  A broad-scale comparison of aerobic activity levels in vertebrates: endotherms versus ectotherms. Proc. Biol. Sci. 284, 20162328 (2017).","Anaxyrus boreas",-4787.35547680534,-1628.02388294841,32.4701150460995,-1.88743442551193,-0.0029329313331031,-2.84731226843572,-1.41172613571209,39.5871292029482,4,"Anaxyrus boreas",293.15,TRUE,-3.3180581551225,1.90633201941041
"Amphibia","Anura","Bufonidae","Anaxyrus","retiformis",10,0.01,26,"C","J. F. Gillooly, J. P. Gomez, E. V. Mavrodiev,  A broad-scale comparison of aerobic activity levels in vertebrates: endotherms versus ectotherms. Proc. Biol. Sci. 284, 20162328 (2017).","Anaxyrus retiformis",-4787.35547680534,-1628.02388294841,32.4701150460995,-1.88743442551193,-0.0029329313331031,-4.60517018598809,-2.21640739675299,38.7931369742412,5,"Anaxyrus retiformis",299.15,TRUE,-4.11731769756675,1.90091030081376
"Amphibia","Caudata","Plethodontidae","Batrachoseps","attenuatus",1,0.001,23,"C","J. F. Gillooly, J. P. Gomez, E. V. Mavrodiev,  A broad-scale comparison of aerobic activity levels in vertebrates: endotherms versus ectotherms. Proc. Biol. Sci. 284, 20162328 (2017).","Batrachoseps attenuatus",-4787.35547680534,-1628.02388294841,32.4701150460995,-1.88743442551193,-0.0029329313331031,-6.90775527898214,-5.90630673876768,39.1861115172861,6,"Batrachoseps attenuatus",296.15,TRUE,-6.16058751587416,0.254280777106472
"Amphibia","Caudata","Plethodontidae","Bolitoglossa","occidentalis",1,0.001,15,"C","J. F. Gillooly, J. P. Gomez, E. V. Mavrodiev,  A broad-scale comparison of aerobic activity levels in vertebrates: endotherms versus ectotherms. Proc. Biol. Sci. 284, 20162328 (2017).","Bolitoglossa occidentalis",-4787.35547680534,-1628.02388294841,32.4701150460995,-1.88743442551193,-0.0029329313331031,-6.90775527898214,-7.40023176407995,40.2740479814134,7,"Bolitoglossa occidentalis",288.15,TRUE,-6.91700153487339,-0.483230229206557
"Amphibia","Caudata","Plethodontidae","Desmognathus","quadramaculatus",28,0.028,21,"C","J. F. Gillooly, J. P. Gomez, E. V. Mavrodiev,  A broad-scale comparison of aerobic activity levels in vertebrates: endotherms versus ectotherms. Proc. Biol. Sci. 284, 20162328 (2017).","Desmognathus quadramaculatus",-4787.35547680534,-1628.02388294841,32.4701150460995,-1.88743442551193,-0.0029329313331031,-3.57555076880693,-4.42284862919414,39.4525477676161,8,"Desmognathus quadramaculatus",294.15,TRUE,-3.78429917614864,-0.638549453045494
"Amphibia","Anura","Alytidae","Discoglossus","pictus",31,0.031,20,"C","J. F. Gillooly, J. P. Gomez, E. V. Mavrodiev,  A broad-scale comparison of aerobic activity levels in vertebrates: endotherms versus ectotherms. Proc. Biol. Sci. 284, 20162328 (2017).","Discoglossus pictus",-4787.35547680534,-1628.02388294841,32.4701150460995,-1.88743442551193,-0.0029329313331031,-3.47376807449699,-3.0924879420183,39.5871292029482,9,"Discoglossus pictus",293.15,TRUE,-3.79962769592787,0.707139753909567
"Amphibia","Anura","Hylidae","Dryophytes","cinereus",10,0.01,21,"C","J. F. Gillooly, J. P. Gomez, E. V. Mavrodiev,  A broad-scale comparison of aerobic activity levels in vertebrates: endotherms versus ectotherms. Proc. Biol. Sci. 284, 20162328 (2017).","Dryophytes cinereus",-4787.35547680534,-1628.02388294841,32.4701150460995,-1.88743442551193,-0.0029329313331031,-4.60517018598809,-3.17672138511417,39.4525477676161,10,"Dryophytes cinereus",294.15,TRUE,-4.57578892712355,1.39906754200939
"Amphibia","Anura","Hylidae","Dryophytes","squirellus",2,0.002,28,"C","J. F. Gillooly, J. P. Gomez, E. V. Mavrodiev,  A broad-scale comparison of aerobic activity levels in vertebrates: endotherms versus ectotherms. Proc. Biol. Sci. 284, 20162328 (2017).","Dryophytes squirellus",-4787.35547680534,-1628.02388294841,32.4701150460995,-1.88743442551193,-0.0029329313331031,-6.21460809842219,-3.82177612758037,38.5355036554682,11,"Dryophytes squirellus",301.15,TRUE,-5.17540015604786,1.35362402846749
"Amphibia","Gymnophiona","Dermophiidae","Geotrypetes","seraphini",2,0.002,20,"C","J. F. Gillooly, J. P. Gomez, E. V. Mavrodiev,  A broad-scale comparison of aerobic activity levels in vertebrates: endotherms versus ectotherms. Proc. Biol. Sci. 284, 20162328 (2017).","Geotrypetes seraphini",-5302.12386794263,4744.47613397881,0.923765239666271,-0.370516431899639,-0.0006755651816283,-6.21460809842219,-6.36413983239317,39.5871292029482,12,"Geotrypetes seraphini",293.15,TRUE,-5.90656813605453,-0.457571696338637
"Amphibia","Caudata","Plethodontidae","Gyrinophilus","porphyriticus",7,0.007,15,"C","J. F. Gillooly, J. P. Gomez, E. V. Mavrodiev,  A broad-scale comparison of aerobic activity levels in vertebrates: endotherms versus ectotherms. Proc. Biol. Sci. 284, 20162328 (2017).","Gyrinophilus porphyriticus",-4787.35547680534,-1628.02388294841,32.4701150460995,-1.88743442551193,-0.0029329313331031,-4.96184512992682,-5.535447159837,40.2740479814134,13,"Gyrinophilus porphyriticus",288.15,TRUE,-5.42114013832753,-0.114307021509467
"Amphibia","Caudata","Plethodontidae","Plethodon","glutinosus",4,0.004,22,"C","J. F. Gillooly, J. P. Gomez, E. V. Mavrodiev,  A broad-scale comparison of aerobic activity levels in vertebrates: endotherms versus ectotherms. Proc. Biol. Sci. 284, 20162328 (2017).","Plethodon glutinosus",-4787.35547680534,-1628.02388294841,32.4701150460995,-1.88743442551193,-0.0029329313331031,-5.52146091786225,-5.63924395351865,39.3188782850898,14,"Plethodon glutinosus",295.15,TRUE,-5.18722364684533,-0.452020306673317
"Amphibia","Caudata","Plethodontidae","Plethodon","jordani",4,0.004,27,"C","J. F. Gillooly, J. P. Gomez, E. V. Mavrodiev,  A broad-scale comparison of aerobic activity levels in vertebrates: endotherms versus ectotherms. Proc. Biol. Sci. 284, 20162328 (2017).","Plethodon jordani",-4787.35547680534,-1628.02388294841,32.4701150460995,-1.88743442551193,-0.0029329313331031,-5.52146091786225,-4.55638002181867,38.6638911405773,15,"Plethodon jordani",300.15,TRUE,-4.73182806566036,0.175448043841687
"Amphibia","Anura","Hylidae","Pseudacris","cadaverina",3,0.003,23,"C","J. F. Gillooly, J. P. Gomez, E. V. Mavrodiev,  A broad-scale comparison of aerobic activity levels in vertebrates: endotherms versus ectotherms. Proc. Biol. Sci. 284, 20162328 (2017).","Pseudacris cadaverina",-4787.35547680534,-1628.02388294841,32.4701150460995,-1.88743442551193,-0.0029329313331031,-5.80914299031403,-3.83712169725503,39.1861115172861,16,"Pseudacris cadaverina",296.15,TRUE,-5.31606151697984,1.47893981972481
"Amphibia","Caudata","Plethodontidae","Pseudoeurycea","unguidentis",3,0.003,15,"C","J. F. Gillooly, J. P. Gomez, E. V. Mavrodiev,  A broad-scale comparison of aerobic activity levels in vertebrates: endotherms versus ectotherms. Proc. Biol. Sci. 284, 20162328 (2017).","Pseudoeurycea unguidentis",-4787.35547680534,-1628.02388294841,32.4701150460995,-1.88743442551193,-0.0029329313331031,-5.80914299031403,-6.27176651226219,40.2740479814134,17,"Pseudoeurycea unguidentis",288.15,TRUE,-6.07247553597908,-0.199290976283107
"Amphibia","Caudata","Plethodontidae","Pseudotriton","ruber",11,0.011,15,"C","J. F. Gillooly, J. P. Gomez, E. V. Mavrodiev,  A broad-scale comparison of aerobic activity levels in vertebrates: endotherms versus ectotherms. Proc. Biol. Sci. 284, 20162328 (2017).","Pseudotriton ruber",-4787.35547680534,-1628.02388294841,32.4701150460995,-1.88743442551193,-0.0029329313331031,-4.50986000618377,-5.17315422359404,40.2740479814134,18,"Pseudotriton ruber",288.15,TRUE,-5.07368982118495,-0.0994644024090965
"Amphibia","Anura","Pyxicephalidae","Pyxicephalus","adspersus",400,0.4,20,"C","J. F. Gillooly, J. P. Gomez, E. V. Mavrodiev,  A broad-scale comparison of aerobic activity levels in vertebrates: endotherms versus ectotherms. Proc. Biol. Sci. 284, 20162328 (2017).","Pyxicephalus adspersus",-4787.35547680534,-1628.02388294841,32.4701150460995,-1.88743442551193,-0.0029329313331031,-0.916290731874155,0.647335908416033,39.5871292029482,19,"Pyxicephalus adspersus",293.15,TRUE,-1.83364194307724,2.48097785149327
"Amphibia","Anura","Bufonidae","Rhinella","marina",266,0.266,25,"C","J. F. Gillooly, J. P. Gomez, E. V. Mavrodiev,  A broad-scale comparison of aerobic activity levels in vertebrates: endotherms versus ectotherms. Proc. Biol. Sci. 284, 20162328 (2017).","Rhinella marina",-4787.35547680534,-1628.02388294841,32.4701150460995,-1.88743442551193,-0.0029329313331031,-1.32425897020044,0.746424616347546,38.9232497932056,20,"Rhinella marina",298.15,TRUE,-1.68567742692876,2.43210204327631
"Amphibia","Anura","Scaphiopodidae","Scaphiopus","couchii",21,0.021,25,"C","J. F. Gillooly, J. P. Gomez, E. V. Mavrodiev,  A broad-scale comparison of aerobic activity levels in vertebrates: endotherms versus ectotherms. Proc. Biol. Sci. 284, 20162328 (2017).","Scaphiopus couchii",-4787.35547680534,-1628.02388294841,32.4701150460995,-1.88743442551193,-0.0029329313331031,-3.86323284125871,-1.48256055331402,38.9232497932056,21,"Scaphiopus couchii",298.15,TRUE,-3.63743917831204,2.15487862499801
"Amphibia","Anura","Scaphiopodidae","Spea","hammondii",11,0.011,15,"C","J. F. Gillooly, J. P. Gomez, E. V. Mavrodiev,  A broad-scale comparison of aerobic activity levels in vertebrates: endotherms versus ectotherms. Proc. Biol. Sci. 284, 20162328 (2017).","Spea hammondii",-4787.35547680534,-1628.02388294841,32.4701150460995,-1.88743442551193,-0.0029329313331031,-4.50986000618377,-3.72970144863419,40.2740479814134,22,"Spea hammondii",288.15,TRUE,-5.07368982118495,1.34398837255075
"Amphibia","Caudata","Salamandridae","Taricha","torosa",11,0.011,15,"C","J. F. Gillooly, J. P. Gomez, E. V. Mavrodiev,  A broad-scale comparison of aerobic activity levels in vertebrates: endotherms versus ectotherms. Proc. Biol. Sci. 284, 20162328 (2017).","Taricha torosa",-4787.35547680534,-1628.02388294841,32.4701150460995,-1.88743442551193,-0.0029329313331031,-4.50986000618377,-4.80091476311419,40.2740479814134,23,"Taricha torosa",288.15,TRUE,-5.07368982118495,0.272775058070756
"Amphibia","Anura","Pipidae","Xenopus","laevis",36,0.036,25,"C","J. F. Gillooly, J. P. Gomez, E. V. Mavrodiev,  A broad-scale comparison of aerobic activity levels in vertebrates: endotherms versus ectotherms. Proc. Biol. Sci. 284, 20162328 (2017).","Xenopus laevis",-4787.35547680534,-1628.02388294841,32.4701150460995,-1.88743442551193,-0.0029329313331031,-3.32423634052603,-1.31325044693861,38.9232497932056,24,"Xenopus laevis",298.15,TRUE,-3.22310141522943,1.90985096829082
"Amphibia","Caudata","Ambystomatidae","Ambystoma","macrodactylum",3.414,0.003414,15,"C","A. M. Makarieva et al., Mean mass-specific metabolic rates are strikingly similar across life's major domains: Evidence for life's metabolic optimum. Proc. Natl. Acad. Sci. U.S.A. 105, 16994-16999 (2008).","Ambystoma macrodactylum",-5161.75961412521,3001.3884308578,9.63443467555201,-0.806028876738105,-0.0021049370118414,-5.67987065460989,-7.40024012775143,40.2740479814134,25,"Ambystoma macrodactylum",288.15,TRUE,-5.97310121660723,-1.4271389111442
"Amphibia","Anura","Bufonidae","Anaxyrus","boreas",57.8,0.0578,20,"C","A. M. Makarieva et al., Mean mass-specific metabolic rates are strikingly similar across life's major domains: Evidence for life's metabolic optimum. Proc. Natl. Acad. Sci. U.S.A. 105, 16994-16999 (2008).","Anaxyrus boreas",-4787.35547680534,-1628.02388294841,32.4701150460995,-1.88743442551193,-0.0029329313331031,-2.85076650330381,-5.14340126544468,39.5871292029482,26,"Anaxyrus boreas",293.15,TRUE,-3.32071349694097,-1.82268776850372
"Amphibia","Anura","Bufonidae","Anaxyrus","debilis",0.66,0.00066,15,"C","A. M. Makarieva et al., Mean mass-specific metabolic rates are strikingly similar across life's major domains: Evidence for life's metabolic optimum. Proc. Natl. Acad. Sci. U.S.A. 105, 16994-16999 (2008).","Anaxyrus debilis",-4787.35547680534,-1628.02388294841,32.4701150460995,-1.88743442551193,-0.0029329313331031,-7.3232707229438,-7.6643535721227,40.2740479814134,27,"Anaxyrus debilis",288.15,TRUE,-7.23641685453377,-0.42793671758893
"Amphibia","Caudata","Plethodontidae","Aneides","ferreus",2.73,0.00273,15,"C","A. M. Makarieva et al., Mean mass-specific metabolic rates are strikingly similar across life's major domains: Evidence for life's metabolic optimum. Proc. Natl. Acad. Sci. U.S.A. 105, 16994-16999 (2008).","Aneides ferreus",-4787.35547680534,-1628.02388294841,32.4701150460995,-1.88743442551193,-0.0029329313331031,-5.90345366978527,-7.79392911195248,40.2740479814134,28,"Aneides ferreus",288.15,TRUE,-6.14497410677462,-1.64895500517787
"Amphibia","Caudata","Plethodontidae","Aneides","hardii",0.9699999999999,0.0009699999999999,20,"C","A. M. Makarieva et al., Mean mass-specific metabolic rates are strikingly similar across life's major domains: Evidence for life's metabolic optimum. Proc. Natl. Acad. Sci. U.S.A. 105, 16994-16999 (2008).","Aneides hardii",-4787.35547680534,-1628.02388294841,32.4701150460995,-1.88743442551193,-0.0029329313331031,-6.93821448646695,-8.16238999811065,39.5871292029482,29,"Aneides hardii",293.15,TRUE,-6.46281933948015,-1.6995706586305
"Amphibia","Caudata","Plethodontidae","Batrachoseps","attenuatus",0.93,0.00093,25,"C","A. M. Makarieva et al., Mean mass-specific metabolic rates are strikingly similar across life's major domains: Evidence for life's metabolic optimum. Proc. Natl. Acad. Sci. U.S.A. 105, 16994-16999 (2008).","Batrachoseps attenuatus",-4787.35547680534,-1628.02388294841,32.4701150460995,-1.88743442551193,-0.0029329313331031,-6.98032597181697,-7.71638065338819,38.9232497932056,30,"Batrachoseps attenuatus",298.15,TRUE,-6.03361316697437,-1.68276748641382
"Amphibia","Caudata","Plethodontidae","Bolitoglossa","franklini",3.18,0.00318,15,"C","A. M. Makarieva et al., Mean mass-specific metabolic rates are strikingly similar across life's major domains: Evidence for life's metabolic optimum. Proc. Natl. Acad. Sci. U.S.A. 105, 16994-16999 (2008).","Bolitoglossa franklini",-4787.35547680534,-1628.02388294841,32.4701150460995,-1.88743442551193,-0.0029329313331031,-5.75087408219005,-8.09428116970435,40.2740479814134,31,"Bolitoglossa franklini",288.15,TRUE,-6.02768302059811,-2.06659814910624
"Amphibia","Caudata","Plethodontidae","Bolitoglossa","morio",2.09,0.00209,15,"C","A. M. Makarieva et al., Mean mass-specific metabolic rates are strikingly similar across life's major domains: Evidence for life's metabolic optimum. Proc. Natl. Acad. Sci. U.S.A. 105, 16994-16999 (2008).","Bolitoglossa morio",-4787.35547680534,-1628.02388294841,32.4701150460995,-1.88743442551193,-0.0029329313331031,-6.17059121300542,-8.3076618675223,40.2740479814134,32,"Bolitoglossa morio",288.15,TRUE,-6.35032826388466,-1.95733360363764
"Amphibia","Caudata","Plethodontidae","Bolitoglossa","occidentalis",0.9699999999999,0.0009699999999999,15,"C","A. M. Makarieva et al., Mean mass-specific metabolic rates are strikingly similar across life's major domains: Evidence for life's metabolic optimum. Proc. Natl. Acad. Sci. U.S.A. 105, 16994-16999 (2008).","Bolitoglossa occidentalis",-4787.35547680534,-1628.02388294841,32.4701150460995,-1.88743442551193,-0.0029329313331031,-6.93821448646695,-9.09237957434262,40.2740479814134,33,"Bolitoglossa occidentalis",288.15,TRUE,-6.94041615793193,-2.15196341641069
"Amphibia","Gymnophiona","Herpelidae","Boulengerula","taitana",5,0.005,35,"C","A. M. Makarieva et al., Mean mass-specific metabolic rates are strikingly similar across life's major domains: Evidence for life's metabolic optimum. Proc. Natl. Acad. Sci. U.S.A. 105, 16994-16999 (2008).","Boulengerula taitana",-5302.12386794263,4744.47613397881,0.923765239666271,-0.370516431899639,-0.0006755651816283,-5.29831736654804,-5.34331473247879,37.6601230759184,34,"Boulengerula taitana",308.15,TRUE,-3.86239908756084,-1.48091564491795
"Amphibia","Anura","Bufonidae","Bufo","bufo",76.1299999999999,0.0761299999999999,15,"C","A. M. Makarieva et al., Mean mass-specific metabolic rates are strikingly similar across life's major domains: Evidence for life's metabolic optimum. Proc. Natl. Acad. Sci. U.S.A. 105, 16994-16999 (2008).","Bufo bufo",-4787.35547680534,-1628.02388294841,32.4701150460995,-1.88743442551193,-0.0029329313331031,-2.57531287366402,-4.14553007294484,40.2740479814134,35,"Bufo bufo",288.15,TRUE,-3.58656341057464,-0.558966662370197
"Amphibia","Anura","Bufonidae","Bufotes","viridis",35,0.035,20,"C","A. M. Makarieva et al., Mean mass-specific metabolic rates are strikingly similar across life's major domains: Evidence for life's metabolic optimum. Proc. Natl. Acad. Sci. U.S.A. 105, 16994-16999 (2008).","Bufotes viridis",-4787.35547680534,-1628.02388294841,32.4701150460995,-1.88743442551193,-0.0029329313331031,-3.35240721749272,-5.32568856334417,39.5871292029482,36,"Bufotes viridis",293.15,TRUE,-3.70633509393772,-1.61935346940645
"Amphibia","Anura","Ceratophryidae","Ceratophrys","calcarata",55.5,0.0555,25,"C","A. M. Makarieva et al., Mean mass-specific metabolic rates are strikingly similar across life's major domains: Evidence for life's metabolic optimum. Proc. Natl. Acad. Sci. U.S.A. 105, 16994-16999 (2008).","Ceratophrys calcarata",-4787.35547680534,-1628.02388294841,32.4701150460995,-1.88743442551193,-0.0029329313331031,-2.89137225822975,-4.10539539840919,38.9232497932056,37,"Ceratophrys calcarata",298.15,TRUE,-2.89034983830148,-1.21504556010771
"Amphibia","Anura","Myobatrachidae","Crinia","signifera",0.452,0.000452,25,"C","A. M. Makarieva et al., Mean mass-specific metabolic rates are strikingly similar across life's major domains: Evidence for life's metabolic optimum. Proc. Natl. Acad. Sci. U.S.A. 105, 16994-16999 (2008).","Crinia signifera",-4787.35547680534,-1628.02388294841,32.4701150460995,-1.88743442551193,-0.0029329313331031,-7.70182837813204,-6.95941495626918,38.9232497932056,38,"Crinia signifera",298.15,TRUE,-6.58824699610858,-0.371167960160599
"Amphibia","Caudata","Cryptobranchidae","Cryptobranchus","alleganiensis",0.621,0.000621,25,"C","A. M. Makarieva et al., Mean mass-specific metabolic rates are strikingly similar across life's major domains: Evidence for life's metabolic optimum. Proc. Natl. Acad. Sci. U.S.A. 105, 16994-16999 (2008).","Cryptobranchus alleganiensis",-5191.78356503357,3374.96059550838,7.75679379150014,-0.709969412775485,-0.0016908099418375,-7.3841794760308,-7.09674743483422,38.9232497932056,39,"Cryptobranchus alleganiensis",298.15,TRUE,-6.34406371224056,-0.752683722593662
"Amphibia","Caudata","Plethodontidae","Dendrotriton","bromeliacius",0.5899999999999,0.0005899999999999,15,"C","A. M. Makarieva et al., Mean mass-specific metabolic rates are strikingly similar across life's major domains: Evidence for life's metabolic optimum. Proc. Natl. Acad. Sci. U.S.A. 105, 16994-16999 (2008).","Dendrotriton bromeliacius",-4787.35547680534,-1628.02388294841,32.4701150460995,-1.88743442551193,-0.0029329313331031,-7.43538802106468,-9.43048841431059,40.2740479814134,40,"Dendrotriton bromeliacius",288.15,TRUE,-7.32260374154161,-2.10788467276898
"Amphibia","Caudata","Plethodontidae","Desmognathus","fuscus",1.77,0.00177,20,"C","A. M. Makarieva et al., Mean mass-specific metabolic rates are strikingly similar across life's major domains: Evidence for life's metabolic optimum. Proc. Natl. Acad. Sci. U.S.A. 105, 16994-16999 (2008).","Desmognathus fuscus",-4787.35547680534,-1628.02388294841,32.4701150460995,-1.88743442551193,-0.0029329313331031,-6.3367757323964,-7.02992291295634,39.5871292029482,41,"Desmognathus fuscus",293.15,TRUE,-6.00048092419538,-1.02944198876096
"Amphibia","Caudata","Plethodontidae","Desmognathus","quadramaculatus",1.6,0.0016,5,"C","A. M. Makarieva et al., Mean mass-specific metabolic rates are strikingly similar across life's major domains: Evidence for life's metabolic optimum. Proc. Natl. Acad. Sci. U.S.A. 105, 16994-16999 (2008).","Desmognathus quadramaculatus",-4787.35547680534,-1628.02388294841,32.4701150460995,-1.88743442551193,-0.0029329313331031,-6.4377516497364,-8.34829465495442,41.7219734885647,42,"Desmognathus quadramaculatus",278.15,TRUE,-7.5624050876889,-0.785889567265523
"Amphibia","Anura","Alytidae","Discoglossus","pictus",101.25,0.10125,20,"C","A. M. Makarieva et al., Mean mass-specific metabolic rates are strikingly similar across life's major domains: Evidence for life's metabolic optimum. Proc. Natl. Acad. Sci. U.S.A. 105, 16994-16999 (2008).","Discoglossus pictus",-4787.35547680534,-1628.02388294841,32.4701150460995,-1.88743442551193,-0.0029329313331031,-2.29016257299549,-4.92125173296157,39.5871292029482,43,"Discoglossus pictus",293.15,TRUE,-2.88976565564048,-2.03148607732109
"Amphibia","Anura","Hylidae","Dryophytes","cinereus",3.9,0.0039,25,"C","A. M. Makarieva et al., Mean mass-specific metabolic rates are strikingly similar across life's major domains: Evidence for life's metabolic optimum. Proc. Natl. Acad. Sci. U.S.A. 105, 16994-16999 (2008).","Dryophytes cinereus",-4787.35547680534,-1628.02388294841,32.4701150460995,-1.88743442551193,-0.0029329313331031,-5.54677872584654,-7.10267587135273,38.9232497932056,44,"Dryophytes cinereus",298.15,TRUE,-4.93161573589419,-2.17106013545854
"Amphibia","Anura","Hylidae","Dryophytes","squirellus",2.27,0.00227,27,"C","A. M. Makarieva et al., Mean mass-specific metabolic rates are strikingly similar across life's major domains: Evidence for life's metabolic optimum. Proc. Natl. Acad. Sci. U.S.A. 105, 16994-16999 (2008).","Dryophytes squirellus",-4787.35547680534,-1628.02388294841,32.4701150460995,-1.88743442551193,-0.0029329313331031,-6.08797544748883,-7.61123566368187,38.6638911405773,45,"Dryophytes squirellus",300.15,TRUE,-5.1673195069595,-2.44391615672237
"Amphibia","Anura","Dicroglossidae","Euphlyctis","cyanophlyctis",0.294,0.000294,29,"C","A. M. Makarieva et al., Mean mass-specific metabolic rates are strikingly similar across life's major domains: Evidence for life's metabolic optimum. Proc. Natl. Acad. Sci. U.S.A. 105, 16994-16999 (2008).","Euphlyctis cyanophlyctis",-4787.35547680534,-1628.02388294841,32.4701150460995,-1.88743442551193,-0.0029329313331031,-8.13193079062559,-6.7268146752652,38.4079659965059,46,"Euphlyctis cyanophlyctis",302.15,TRUE,-6.5606121550858,-0.166202520179402
"Amphibia","Caudata","Plethodontidae","Eurycea","multiplicata",1.57,0.00157,15,"C","A. M. Makarieva et al., Mean mass-specific metabolic rates are strikingly similar across life's major domains: Evidence for life's metabolic optimum. Proc. Natl. Acad. Sci. U.S.A. 105, 16994-16999 (2008).","Eurycea multiplicata",-4787.35547680534,-1628.02388294841,32.4701150460995,-1.88743442551193,-0.0029329313331031,-6.45667965962192,-8.18265138831197,40.2740479814134,47,"Eurycea multiplicata",288.15,TRUE,-6.57025037256945,-1.61240101574252
"Amphibia","Anura","Dicroglossidae","Fejervarya","cancrivora",20.45,0.02045,30,"C","A. M. Makarieva et al., Mean mass-specific metabolic rates are strikingly similar across life's major domains: Evidence for life's metabolic optimum. Proc. Natl. Acad. Sci. U.S.A. 105, 16994-16999 (2008).","Fejervarya cancrivora",-4787.35547680534,-1628.02388294841,32.4701150460995,-1.88743442551193,-0.0029329313331031,-3.88977239649333,-4.37753274732832,38.2812697537333,48,"Fejervarya cancrivora",303.15,TRUE,-3.21148860532325,-1.16604414200507
"Amphibia","Gymnophiona","Dermophiidae","Geotrypetes","seraphini",1.9,0.0019,20,"C","A. M. Makarieva et al., Mean mass-specific metabolic rates are strikingly similar across life's major domains: Evidence for life's metabolic optimum. Proc. Natl. Acad. Sci. U.S.A. 105, 16994-16999 (2008).","Geotrypetes seraphini",-5302.12386794263,4744.47613397881,0.923765239666271,-0.370516431899639,-0.0006755651816283,-6.26590139280974,-7.50722998367945,39.5871292029482,49,"Geotrypetes seraphini",293.15,TRUE,-5.94599835281621,-1.56123163086324
"Amphibia","Caudata","Plethodontidae","Gyrinophilus","porphyriticus",1.9299999999999,0.0019299999999999,15,"C","A. M. Makarieva et al., Mean mass-specific metabolic rates are strikingly similar across life's major domains: Evidence for life's metabolic optimum. Proc. Natl. Acad. Sci. U.S.A. 105, 16994-16999 (2008).","Gyrinophilus porphyriticus",-4787.35547680534,-1628.02388294841,32.4701150460995,-1.88743442551193,-0.0029329313331031,-6.25023527606539,-7.83011438625815,40.2740479814134,50,"Gyrinophilus porphyriticus",288.15,TRUE,-6.41155230316176,-1.41856208309639
"Amphibia","Anura","Hyperoliidae","Hyperolius","tuberilinguis",1,0.001,20,"C","A. M. Makarieva et al., Mean mass-specific metabolic rates are strikingly similar across life's major domains: Evidence for life's metabolic optimum. Proc. Natl. Acad. Sci. U.S.A. 105, 16994-16999 (2008).","Hyperolius tuberilinguis",-4787.35547680534,-1628.02388294841,32.4701150460995,-1.88743442551193,-0.0029329313331031,-6.90775527898214,-7.76342138903986,39.5871292029482,51,"Hyperolius tuberilinguis",293.15,TRUE,-6.43940471642161,-1.32401667261825
"Amphibia","Anura","Hyperoliidae","Kassina","senegalensis",30.6999999999999,0.0306999999999999,20,"C","A. M. Makarieva et al., Mean mass-specific metabolic rates are strikingly similar across life's major domains: Evidence for life's metabolic optimum. Proc. Natl. Acad. Sci. U.S.A. 105, 16994-16999 (2008).","Kassina senegalensis",-4787.35547680534,-1628.02388294841,32.4701150460995,-1.88743442551193,-0.0029329313331031,-3.48349262438899,-5.42143460379514,39.5871292029482,52,"Kassina senegalensis",293.15,TRUE,-3.8071031586512,-1.61433144514394
"Amphibia","Anura","Leptodactylidae","Leptodactylus","fuscus",88.5,0.0885,25,"C","A. M. Makarieva et al., Mean mass-specific metabolic rates are strikingly similar across life's major domains: Evidence for life's metabolic optimum. Proc. Natl. Acad. Sci. U.S.A. 105, 16994-16999 (2008).","Leptodactylus fuscus",-4787.35547680534,-1628.02388294841,32.4701150460995,-1.88743442551193,-0.0029329313331031,-2.42475272696825,-3.04279243504139,38.9232497932056,53,"Leptodactylus fuscus",298.15,TRUE,-2.53164974928285,-0.511142685758544
"Amphibia","Anura","Dicroglossidae","Limnonectes","magnus",34.2,0.0342,30,"C","A. M. Makarieva et al., Mean mass-specific metabolic rates are strikingly similar across life's major domains: Evidence for life's metabolic optimum. Proc. Natl. Acad. Sci. U.S.A. 105, 16994-16999 (2008).","Limnonectes magnus",-4787.35547680534,-1628.02388294841,32.4701150460995,-1.88743442551193,-0.0029329313331031,-3.37552963491358,-4.14555785980948,38.2812697537333,54,"Limnonectes magnus",303.15,TRUE,-2.81617955373435,-1.32937830607513
"Amphibia","Caudata","Plethodontidae","Plethodon","cinereus",0.6,6e-04,17.5,"C","A. M. Makarieva et al., Mean mass-specific metabolic rates are strikingly similar across life's major domains: Evidence for life's metabolic optimum. Proc. Natl. Acad. Sci. U.S.A. 105, 16994-16999 (2008).","Plethodon cinereus",-4787.35547680534,-1628.02388294841,32.4701150460995,-1.88743442551193,-0.0029329313331031,-7.41858090274813,-9.27648017448073,39.9276343569388,55,"Plethodon cinereus",290.65,TRUE,-7.06883134951535,-2.20764882496538
"Amphibia","Caudata","Plethodontidae","Plethodon","glutinosus",5.01,0.00501,20,"C","A. M. Makarieva et al., Mean mass-specific metabolic rates are strikingly similar across life's major domains: Evidence for life's metabolic optimum. Proc. Natl. Acad. Sci. U.S.A. 105, 16994-16999 (2008).","Plethodon glutinosus",-4787.35547680534,-1628.02388294841,32.4701150460995,-1.88743442551193,-0.0029329313331031,-5.29631936388536,-6.98371881778928,39.5871292029482,56,"Plethodon glutinosus",293.15,TRUE,-5.20066058449391,-1.78305823329537
"Amphibia","Caudata","Plethodontidae","Plethodon","jordani",3.1,0.0031,5,"C","A. M. Makarieva et al., Mean mass-specific metabolic rates are strikingly similar across life's major domains: Evidence for life's metabolic optimum. Proc. Natl. Acad. Sci. U.S.A. 105, 16994-16999 (2008).","Plethodon jordani",-4787.35547680534,-1628.02388294841,32.4701150460995,-1.88743442551193,-0.0029329313331031,-5.77635316749104,-8.81290743556595,41.7219734885647,57,"Plethodon jordani",278.15,TRUE,-7.05397438866347,-1.75893304690248
"Amphibia","Caudata","Plethodontidae","Plethodon","neomexicanus",2.47,0.00247,25,"C","A. M. Makarieva et al., Mean mass-specific metabolic rates are strikingly similar across life's major domains: Evidence for life's metabolic optimum. Proc. Natl. Acad. Sci. U.S.A. 105, 16994-16999 (2008).","Plethodon neomexicanus",-4787.35547680534,-1628.02388294841,32.4701150460995,-1.88743442551193,-0.0029329313331031,-6.00353712834225,-7.08529229994394,38.9232497932056,58,"Plethodon neomexicanus",298.15,TRUE,-5.2827353711831,-1.80255692876083
"Amphibia","Caudata","Sirenidae","Pseudobranchus","striatus",2.19,0.00219,25,"C","A. M. Makarieva et al., Mean mass-specific metabolic rates are strikingly similar across life's major domains: Evidence for life's metabolic optimum. Proc. Natl. Acad. Sci. U.S.A. 105, 16994-16999 (2008).","Pseudobranchus striatus",-5181.03538635315,3241.31265793238,8.42725404240398,-0.744012986878159,-0.0018260277853788,-6.12385373515373,-7.38616211649263,38.9232497932056,59,"Pseudobranchus striatus",298.15,TRUE,-5.37522523644232,-2.0109368800503
"Amphibia","Caudata","Plethodontidae","Pseudoeurycea","goebeli",3.78,0.00378,5,"C","A. M. Makarieva et al., Mean mass-specific metabolic rates are strikingly similar across life's major domains: Evidence for life's metabolic optimum. Proc. Natl. Acad. Sci. U.S.A. 105, 16994-16999 (2008).","Pseudoeurycea goebeli",-4787.35547680534,-1628.02388294841,32.4701150460995,-1.88743442551193,-0.0029329313331031,-5.57803126935064,-8.51549463478066,41.7219734885647,60,"Pseudoeurycea goebeli",278.15,TRUE,-6.90152024186644,-1.61397439291422
"Amphibia","Caudata","Plethodontidae","Pseudotriton","ruber",10.81,0.01081,5,"C","A. M. Makarieva et al., Mean mass-specific metabolic rates are strikingly similar across life's major domains: Evidence for life's metabolic optimum. Proc. Natl. Acad. Sci. U.S.A. 105, 16994-16999 (2008).","Pseudotriton ruber",-4787.35547680534,-1628.02388294841,32.4701150460995,-1.88743442551193,-0.0029329313331031,-4.52728364733102,-7.87969086482374,41.7219734885647,61,"Pseudotriton ruber",278.15,TRUE,-6.09378880264528,-1.78590206217847
"Amphibia","Anura","Pyxicephalidae","Pyxicephalus","adspersus",562.3,0.5623,20,"C","A. M. Makarieva et al., Mean mass-specific metabolic rates are strikingly similar across life's major domains: Evidence for life's metabolic optimum. Proc. Natl. Acad. Sci. U.S.A. 105, 16994-16999 (2008).","Pyxicephalus adspersus",-4787.35547680534,-1628.02388294841,32.4701150460995,-1.88743442551193,-0.0029329313331031,-0.575719763683981,-2.53471515228795,39.5871292029482,62,"Pyxicephalus adspersus",293.15,TRUE,-1.57183799270098,-0.962877159586973
"Amphibia","Anura","Bufonidae","Rhinella","marina",145,0.145,15,"C","A. M. Makarieva et al., Mean mass-specific metabolic rates are strikingly similar across life's major domains: Evidence for life's metabolic optimum. Proc. Natl. Acad. Sci. U.S.A. 105, 16994-16999 (2008).","Rhinella marina",-4787.35547680534,-1628.02388294841,32.4701150460995,-1.88743442551193,-0.0029329313331031,-1.93102153656156,-4.76123937163799,40.2740479814134,64,"Rhinella marina",288.15,TRUE,-3.09128332800333,-1.66995604363466
"Amphibia","Anura","Scaphiopodidae","Scaphiopus","couchii",24.6,0.0246,21,"C","A. M. Makarieva et al., Mean mass-specific metabolic rates are strikingly similar across life's major domains: Evidence for life's metabolic optimum. Proc. Natl. Acad. Sci. U.S.A. 105, 16994-16999 (2008).","Scaphiopus couchii",-4787.35547680534,-1628.02388294841,32.4701150460995,-1.88743442551193,-0.0029329313331031,-3.70500883604382,-4.59417090052973,39.4525477676161,65,"Scaphiopus couchii",294.15,TRUE,-3.88381627119289,-0.710354629336845
"Amphibia","Caudata","Sirenidae","Siren","intermedia",13.6999999999999,0.0136999999999999,25,"C","A. M. Makarieva et al., Mean mass-specific metabolic rates are strikingly similar across life's major domains: Evidence for life's metabolic optimum. Proc. Natl. Acad. Sci. U.S.A. 105, 16994-16999 (2008).","Siren intermedia",-5181.03538635315,3241.31265793238,8.42725404240398,-0.744012986878159,-0.0018260277853788,-4.29035944614806,-5.98862857228881,38.9232497932056,66,"Siren intermedia",298.15,TRUE,-3.96578023763682,-2.02284833465199
"Amphibia","Anura","Hylidae","Smilisca","baudinii",23.7,0.0237,15,"C","A. M. Makarieva et al., Mean mass-specific metabolic rates are strikingly similar across life's major domains: Evidence for life's metabolic optimum. Proc. Natl. Acad. Sci. U.S.A. 105, 16994-16999 (2008).","Smilisca baudinii",-4787.35547680534,-1628.02388294841,32.4701150460995,-1.88743442551193,-0.0029329313331031,-3.74228023084105,-4.73383344721576,40.2740479814134,67,"Smilisca baudinii",288.15,TRUE,-4.48363536504167,-0.250198082174093
"Amphibia","Anura","Scaphiopodidae","Spea","bombifrons",13.3,0.0133,15,"C","A. M. Makarieva et al., Mean mass-specific metabolic rates are strikingly similar across life's major domains: Evidence for life's metabolic optimum. Proc. Natl. Acad. Sci. U.S.A. 105, 16994-16999 (2008).","Spea bombifrons",-4787.35547680534,-1628.02388294841,32.4701150460995,-1.88743442551193,-0.0029329313331031,-4.31999124375443,-4.57746747414914,40.2740479814134,68,"Spea bombifrons",288.15,TRUE,-4.92773377472213,0.350266300572984
"Amphibia","Anura","Scaphiopodidae","Spea","hammondii",12.74,0.01274,21,"C","A. M. Makarieva et al., Mean mass-specific metabolic rates are strikingly similar across life's major domains: Evidence for life's metabolic optimum. Proc. Natl. Acad. Sci. U.S.A. 105, 16994-16999 (2008).","Spea hammondii",-4787.35547680534,-1628.02388294841,32.4701150460995,-1.88743442551193,-0.0029329313331031,-4.36300862883812,-5.05615580939807,39.4525477676161,69,"Spea hammondii",294.15,TRUE,-4.38963432731126,-0.666521482086806
"Amphibia","Caudata","Salamandridae","Taricha","torosa",9.8699999999999,0.0098699999999999,10,"C","A. M. Makarieva et al., Mean mass-specific metabolic rates are strikingly similar across life's major domains: Evidence for life's metabolic optimum. Proc. Natl. Acad. Sci. U.S.A. 105, 16994-16999 (2008).","Taricha torosa",-4787.35547680534,-1628.02388294841,32.4701150460995,-1.88743442551193,-0.0029329313331031,-4.61825542553676,-7.61398769909094,40.9852266496354,70,"Taricha torosa",283.15,TRUE,-5.65147971383795,-1.96250798525299
"Amphibia","Anura","Telmatobiidae","Telmatobius","culeus",122.3,0.1223,10,"C","A. M. Makarieva et al., Mean mass-specific metabolic rates are strikingly similar across life's major domains: Evidence for life's metabolic optimum. Proc. Natl. Acad. Sci. U.S.A. 105, 16994-16999 (2008).","Telmatobius culeus",-4787.35547680534,-1628.02388294841,32.4701150460995,-1.88743442551193,-0.0029329313331031,-2.10127823628901,-4.65232468858156,40.9852266496354,71,"Telmatobius culeus",283.15,TRUE,-3.71662726691997,-0.935697421661588
"Amphibia","Gymnophiona","Typhlonectidae","Typhlonectes","compressicauda",30.62,0.03062,25,"C","A. M. Makarieva et al., Mean mass-specific metabolic rates are strikingly similar across life's major domains: Evidence for life's metabolic optimum. Proc. Natl. Acad. Sci. U.S.A. 105, 16994-16999 (2008).","Typhlonectes compressicauda",-5302.12386794263,4744.47613397881,0.923765239666271,-0.370516431899639,-0.0006755651816283,-3.4861018887526,-4.82551266397364,38.9232497932056,72,"Typhlonectes compressicauda",298.15,TRUE,-3.34753081148927,-1.47798185248436
"Amphibia","Anura","Pipidae","Xenopus","laevis",139,0.139,20,"C","A. M. Makarieva et al., Mean mass-specific metabolic rates are strikingly similar across life's major domains: Evidence for life's metabolic optimum. Proc. Natl. Acad. Sci. U.S.A. 105, 16994-16999 (2008).","Xenopus laevis",-4787.35547680534,-1628.02388294841,32.4701150460995,-1.88743442551193,-0.0029329313331031,-1.97328134585145,-3.85059870344115,39.5871292029482,73,"Xenopus laevis",293.15,TRUE,-2.64617249939687,-1.20442620404428
"Cephalopoda","Teuthida","Ommastrephidae","Dosidicus","gigas",12200,12.2,5,"C","A. M. Makarieva et al., Mean mass-specific metabolic rates are strikingly similar across life's major domains: Evidence for life's metabolic optimum. Proc. Natl. Acad. Sci. U.S.A. 105, 16994-16999 (2008).","Dosidicus gigas",-4787.35547680534,-1628.02388294841,32.4701150460995,-1.88743442551193,-0.0029329313331031,2.50143595173921,1.67040506381588,41.7219734885647,74,"Dosidicus gigas",278.15,TRUE,-0.690666607872448,2.36107167168833
"Cephalopoda","Teuthida","Ommastrephidae","Illex","illecebrosus",443,0.443,5,"C","A. M. Makarieva et al., Mean mass-specific metabolic rates are strikingly similar across life's major domains: Evidence for life's metabolic optimum. Proc. Natl. Acad. Sci. U.S.A. 105, 16994-16999 (2008).","Illex illecebrosus",-4787.35547680534,-1628.02388294841,32.4701150460995,-1.88743442551193,-0.0029329313331031,-0.814185508937001,-1.51174239798565,41.7219734885647,76,"Illex illecebrosus",278.15,TRUE,-3.23945343186448,1.72771103387883
"Cephalopoda","Teuthida","Loliginidae","Sepioteuthis","lessoniana",68.5,0.0685,5,"C","A. M. Makarieva et al., Mean mass-specific metabolic rates are strikingly similar across life's major domains: Evidence for life's metabolic optimum. Proc. Natl. Acad. Sci. U.S.A. 105, 16994-16999 (2008).","Sepioteuthis lessoniana",-4787.35547680534,-1628.02388294841,32.4701150460995,-1.88743442551193,-0.0029329313331031,-2.68092153371396,-3.71038096369375,41.7219734885647,77,"Sepioteuthis lessoniana",278.15,TRUE,-4.67445204079868,0.964071077104934
"Cephalopoda","Vampyromorphida","Vampyroteuthidae","Vampyroteuthis","infernalis",1050,1.05,5,"C","A. M. Makarieva et al., Mean mass-specific metabolic rates are strikingly similar across life's major domains: Evidence for life's metabolic optimum. Proc. Natl. Acad. Sci. U.S.A. 105, 16994-16999 (2008).","Vampyroteuthis infernalis",-4787.35547680535,-1628.02388294842,32.470115046102,-1.88743442551379,-0.0029329313328377,0.048790164169432,-5.7275630033216,41.7219734885647,78,"Vampyroteuthis infernalis",278.15,TRUE,-2.57606617516879,-3.15149682815281
"Maxillopoda","Sessilia","Balanidae","Balanus","balanus",0.00498,4.98e-06,20,"C","A. M. Makarieva et al., Mean mass-specific metabolic rates are strikingly similar across life's major domains: Evidence for life's metabolic optimum. Proc. Natl. Acad. Sci. U.S.A. 105, 16994-16999 (2008).","Balanus balanus",-4787.35547680534,-1628.02388294841,32.4701150460995,-1.88743442551193,-0.0029329313331031,-12.2100806669277,-11.3928150065314,39.5871292029482,79,"Balanus balanus",293.15,TRUE,-10.5154119583816,-0.8774030481498
"Maxillopoda","Sessilia","Balanidae","Balanus","balanus",0.0076,7.6e-06,20,"C","A. M. Makarieva et al., Mean mass-specific metabolic rates are strikingly similar across life's major domains: Evidence for life's metabolic optimum. Proc. Natl. Acad. Sci. U.S.A. 105, 16994-16999 (2008).","Balanus balanus",-4787.35547680534,-1628.02388294841,32.4701150460995,-1.88743442551193,-0.0029329313331031,-11.787362310672,-10.8239971714119,39.5871292029482,80,"Balanus balanus",293.15,TRUE,-10.1904596109974,-0.633537560414529
"Maxillopoda","Sessilia","Balanidae","Balanus","balanus",0.092,9.2e-05,15,"C","A. M. Makarieva et al., Mean mass-specific metabolic rates are strikingly similar across life's major domains: Evidence for life's metabolic optimum. Proc. Natl. Acad. Sci. U.S.A. 105, 16994-16999 (2008).","Balanus balanus",-4787.35547680534,-1628.02388294841,32.4701150460995,-1.88743442551193,-0.0029329313331031,-9.29372198091523,-10.0542918377926,40.2740479814134,81,"Balanus balanus",288.15,TRUE,-8.75114350931053,-1.30314832848209
"Maxillopoda","Sessilia","Balanidae","Balanus","balanus",0.092,9.2e-05,20,"C","A. M. Makarieva et al., Mean mass-specific metabolic rates are strikingly similar across life's major domains: Evidence for life's metabolic optimum. Proc. Natl. Acad. Sci. U.S.A. 105, 16994-16999 (2008).","Balanus balanus",-4787.35547680534,-1628.02388294841,32.4701150460995,-1.88743442551193,-0.0029329313331031,-9.29372198091523,-9.66609086153421,39.5871292029482,82,"Balanus balanus",293.15,TRUE,-8.27354669085874,-1.39254417067546
"Maxillopoda","Sessilia","Balanidae","Balanus","balanus",0.102,0.000102,10,"C","A. M. Makarieva et al., Mean mass-specific metabolic rates are strikingly similar across life's major domains: Evidence for life's metabolic optimum. Proc. Natl. Acad. Sci. U.S.A. 105, 16994-16999 (2008).","Balanus balanus",-4787.35547680534,-1628.02388294841,32.4701150460995,-1.88743442551193,-0.0029329313331031,-9.19053774468,-10.2602710737977,40.9852266496354,83,"Balanus balanus",283.15,TRUE,-9.16628774268551,-1.09398333111222
"Maxillopoda","Sessilia","Balanidae","Balanus","balanus",0.11,0.00011,20,"C","A. M. Makarieva et al., Mean mass-specific metabolic rates are strikingly similar across life's major domains: Evidence for life's metabolic optimum. Proc. Natl. Acad. Sci. U.S.A. 105, 16994-16999 (2008).","Balanus balanus",-4787.35547680534,-1628.02388294841,32.4701150460995,-1.88743442551193,-0.0029329313331031,-9.11503019217186,-9.77242420302598,39.5871292029482,84,"Balanus balanus",293.15,TRUE,-8.13618261534338,-1.6362415876826
"Maxillopoda","Sessilia","Balanidae","Balanus","balanus",0.1129,0.0001129,20,"C","A. M. Makarieva et al., Mean mass-specific metabolic rates are strikingly similar across life's major domains: Evidence for life's metabolic optimum. Proc. Natl. Acad. Sci. U.S.A. 105, 16994-16999 (2008).","Balanus balanus",-4787.35547680534,-1628.02388294841,32.4701150460995,-1.88743442551193,-0.0029329313331031,-9.08900808680866,-9.75882944206511,39.5871292029482,85,"Balanus balanus",293.15,TRUE,-8.11617888449869,-1.64265055756642
"Maxillopoda","Sessilia","Balanidae","Balanus","balanus",0.117,0.000117,5,"C","A. M. Makarieva et al., Mean mass-specific metabolic rates are strikingly similar across life's major domains: Evidence for life's metabolic optimum. Proc. Natl. Acad. Sci. U.S.A. 105, 16994-16999 (2008).","Balanus balanus",-4787.35547680534,-1628.02388294841,32.4701150460995,-1.88743442551193,-0.0029329313331031,-9.05333662316652,-10.7246499393187,41.7219734885647,86,"Balanus balanus",278.15,TRUE,-9.57305937870998,-1.15159056060872
"Maxillopoda","Calanoida","Euchaetidae","Euchaeta","marina",0.00146,1.46e-06,24,"C","A. M. Makarieva et al., Mean mass-specific metabolic rates are strikingly similar across life's major domains: Evidence for life's metabolic optimum. Proc. Natl. Acad. Sci. U.S.A. 105, 16994-16999 (2008).","Euchaeta marina",-4787.35547680534,-1628.02388294841,32.4701150460995,-1.88743442551193,-0.0029329313331031,-13.437074122244,-11.8078335825137,39.0542383504771,87,"Euchaeta marina",297.15,TRUE,-11.0881220219068,-0.719711560606969
"Malacostraca","Decapoda","Luciferidae","Lucifer","typus",0.000466,4.66e-07,17,"C","A. M. Makarieva et al., Mean mass-specific metabolic rates are strikingly similar across life's major domains: Evidence for life's metabolic optimum. Proc. Natl. Acad. Sci. U.S.A. 105, 16994-16999 (2008).","Lucifer typus",-4787.35547680534,-1628.02388294841,32.4701150460995,-1.88743442551193,-0.0029329313331031,-14.5790802028208,-12.7437824315782,39.9964395169542,101,"Lucifer typus",290.15,TRUE,-12.6210937712478,-0.122688660330377
"Malacostraca","Decapoda","Palaemonidae","Macrobrachium","heterochirus",2.6,0.0026,20,"C","A. M. Makarieva et al., Mean mass-specific metabolic rates are strikingly similar across life's major domains: Evidence for life's metabolic optimum. Proc. Natl. Acad. Sci. U.S.A. 105, 16994-16999 (2008).","Macrobrachium heterochirus",-4787.35547680534,-1628.02388294841,32.4701150460995,-1.88743442551193,-0.0029329313331031,-5.9522438339547,-6.06877765021065,39.5871292029482,102,"Macrobrachium heterochirus",293.15,TRUE,-5.70488329709082,-0.363894353119832
"Malacostraca","Decapoda","Palaemonidae","Macrobrachium","olfersii",1.2,0.0012,20,"C","A. M. Makarieva et al., Mean mass-specific metabolic rates are strikingly similar across life's major domains: Evidence for life's metabolic optimum. Proc. Natl. Acad. Sci. U.S.A. 105, 16994-16999 (2008).","Macrobrachium olfersii",-4787.35547680534,-1628.02388294841,32.4701150460995,-1.88743442551193,-0.0029329313331031,-6.72543372218818,-7.23625934595431,39.5871292029482,103,"Macrobrachium olfersii",293.15,TRUE,-6.29925036309825,-0.937008982856066
"Malacostraca","Decapoda","Crangonidae","Stereomastis","sculpta",16.76,0.01676,2.5,"C","A. M. Makarieva et al., Mean mass-specific metabolic rates are strikingly similar across life's major domains: Evidence for life's metabolic optimum. Proc. Natl. Acad. Sci. U.S.A. 105, 16994-16999 (2008).","Stereomastis sculpta",-4787.35547680534,-1628.02388294841,32.4701150460995,-1.88743442551193,-0.0029329313331031,-4.0887601839282,-7.77763963804214,42.1003697654426,122,"Stereomastis sculpta",275.65,TRUE,-6.01977586383101,-1.75786377421113
"Chondrichthyes","Carcharhiniformes","Triakidae","Triakis","semifasciata",1920,1.92,16,"C","J. F. Gillooly, J. P. Gomez, E. V. Mavrodiev,  A broad-scale comparison of aerobic activity levels in vertebrates: endotherms versus ectotherms. Proc. Biol. Sci. 284, 20162328 (2017).","Triakis semifasciata",-4787.35547680534,-1628.02388294842,32.4701150459987,-1.88743442545426,-0.0029329313302978,0.65232518603969,0.265052954391419,40.1347637068797,141,"Triakis semifasciata",289.15,TRUE,-1.00857050230176,1.27362345669318
"Chondrostei","Acipenseriformes","Acipenseridae","Acipenser","transmontanus",950,0.95,15,"C","A. M. Makarieva et al., Mean mass-specific metabolic rates are strikingly similar across life's major domains: Evidence for life's metabolic optimum. Proc. Natl. Acad. Sci. U.S.A. 105, 16994-16999 (2008).","Acipenser transmontanus",-5478.17471535787,6923.87195295277,-9.86509190714357,0.148270090189226,9.64690750252623e-05,-0.0512932943875506,-4.49945973156598,40.2740479814134,142,"Acipenser transmontanus",288.15,TRUE,-1.64629733271974,-2.85316239884623
"Teleostei","Anguilliformes","Anguillidae","Anguilla","anguilla",71.1,0.0711,14,"C","A. M. Makarieva et al., Mean mass-specific metabolic rates are strikingly similar across life's major domains: Evidence for life's metabolic optimum. Proc. Natl. Acad. Sci. U.S.A. 105, 16994-16999 (2008).","Anguilla anguilla",-5478.17471535787,6923.87195295277,-9.86509190714357,0.148270090189226,9.64690750252623e-05,-2.64366794217294,-5.24871039320094,40.4143023710404,145,"Anguilla anguilla",287.15,TRUE,-3.73662460719151,-1.51208578600944
"Teleostei","Osmeriformes","Lepidogalaxiidae","Lepidogalaxias","salamandroides",0.62,0.00062,20,"C","A. M. Makarieva et al., Mean mass-specific metabolic rates are strikingly similar across life's major domains: Evidence for life's metabolic optimum. Proc. Natl. Acad. Sci. U.S.A. 105, 16994-16999 (2008).","Lepidogalaxias salamandroides",-4787.35547680534,-1628.02388294841,32.4701150461,-1.88743442546973,-0.0029329313140888,-7.38579107992514,-8.94596275105632,39.5871292029482,155,"Lepidogalaxias salamandroides",293.15,TRUE,-6.80688072817101,-2.13908202288531
"Chondrostei","Acipenseriformes","Acipenseridae","Acipenser","gueldenstaedtii",0.0200000000154742,2.00000000154742e-05,20,"C","J. G. Rubalcaba, W. C. E. P. Verberk, A. J. Hendriks. B. Saris, H. A. Woods, Oxygen limitation may affect the temperature and size dependence of metabolism in aquatic ectotherms. Proc. Natl. Acad. Sci. U.S.A. 117, 31963-3196 (2020).","Acipenser gueldenstaedtii",-5478.17471535787,6923.87195295277,-9.86509190714357,0.148270090189226,9.64690750252623e-05,-10.8197782836366,-9.21041815277881,39.5871292029482,199,"Acipenser gueldenstaedtii",293.15,TRUE,-9.44665774806998,0.236239595291172
"Chondrostei","Acipenseriformes","Acipenseridae","Acipenser","gueldenstaedtii",0.3000000001936,0.0003000000001936,18,"C","J. G. Rubalcaba, W. C. E. P. Verberk, A. J. Hendriks. B. Saris, H. A. Woods, Oxygen limitation may affect the temperature and size dependence of metabolism in aquatic ectotherms. Proc. Natl. Acad. Sci. U.S.A. 117, 31963-3196 (2020).","Acipenser gueldenstaedtii",-5478.17471535787,6923.87195295277,-9.86509190714357,0.148270090189226,9.64690750252623e-05,-8.11172808266274,-7.77833744177942,39.8590655189568,200,"Acipenser gueldenstaedtii",291.15,TRUE,-7.55399379396917,-0.224343647810256
"Chondrostei","Acipenseriformes","Acipenseridae","Acipenser","gueldenstaedtii",0.3000000001936,0.0003000000001936,25,"C","J. G. Rubalcaba, W. C. E. P. Verberk, A. J. Hendriks. B. Saris, H. A. Woods, Oxygen limitation may affect the temperature and size dependence of metabolism in aquatic ectotherms. Proc. Natl. Acad. Sci. U.S.A. 117, 31963-3196 (2020).","Acipenser gueldenstaedtii",-5478.17471535787,6923.87195295277,-9.86509190714357,0.148270090189226,9.64690750252623e-05,-8.11172808266274,-7.25643137850917,38.9232497932056,201,"Acipenser gueldenstaedtii",298.15,TRUE,-6.90334538066693,-0.353085997842247
"Chondrostei","Acipenseriformes","Acipenseridae","Acipenser","gueldenstaedtii",0.4700000000695,0.0004700000000695,20,"C","J. G. Rubalcaba, W. C. E. P. Verberk, A. J. Hendriks. B. Saris, H. A. Woods, Oxygen limitation may affect the temperature and size dependence of metabolism in aquatic ectotherms. Proc. Natl. Acad. Sci. U.S.A. 117, 31963-3196 (2020).","Acipenser gueldenstaedtii",-5478.17471535787,6923.87195295277,-9.86509190714357,0.148270090189226,9.64690750252623e-05,-7.6627778631123,-6.83428343014379,39.5871292029482,202,"Acipenser gueldenstaedtii",293.15,TRUE,-7.01980619984514,0.185522769701357
"Chondrostei","Acipenseriformes","Acipenseridae","Acipenser","gueldenstaedtii",12.4999999997681,0.0124999999997681,18,"C","J. G. Rubalcaba, W. C. E. P. Verberk, A. J. Hendriks. B. Saris, H. A. Woods, Oxygen limitation may affect the temperature and size dependence of metabolism in aquatic ectotherms. Proc. Natl. Acad. Sci. U.S.A. 117, 31963-3196 (2020).","Acipenser gueldenstaedtii",-5478.17471535787,6923.87195295277,-9.86509190714357,0.148270090189226,9.64690750252623e-05,-4.38202663469243,-4.32615631827289,39.8590655189568,203,"Acipenser gueldenstaedtii",291.15,TRUE,-4.68689511555974,0.360738797286849
"Chondrostei","Acipenseriformes","Acipenseridae","Acipenser","gueldenstaedtii",12.4999999997681,0.0124999999997681,25,"C","J. G. Rubalcaba, W. C. E. P. Verberk, A. J. Hendriks. B. Saris, H. A. Woods, Oxygen limitation may affect the temperature and size dependence of metabolism in aquatic ectotherms. Proc. Natl. Acad. Sci. U.S.A. 117, 31963-3196 (2020).","Acipenser gueldenstaedtii",-5478.17471535787,6923.87195295277,-9.86509190714357,0.148270090189226,9.64690750252623e-05,-4.38202663469243,-3.66665717179601,38.9232497932056,204,"Acipenser gueldenstaedtii",298.15,TRUE,-4.0362467022575,0.369589530461483
"Chondrostei","Acipenseriformes","Acipenseridae","Acipenser","gueldenstaedtii",54.3000000514066,0.0543000000514066,21,"C","J. G. Rubalcaba, W. C. E. P. Verberk, A. J. Hendriks. B. Saris, H. A. Woods, Oxygen limitation may affect the temperature and size dependence of metabolism in aquatic ectotherms. Proc. Natl. Acad. Sci. U.S.A. 117, 31963-3196 (2020).","Acipenser gueldenstaedtii",-5478.17471535787,6923.87195295277,-9.86509190714357,0.148270090189226,9.64690750252623e-05,-2.91323105109553,-3.29267880682676,39.4525477676161,205,"Acipenser gueldenstaedtii",294.15,TRUE,-3.27516030435818,-0.017518502468584
"Chondrostei","Acipenseriformes","Acipenseridae","Acipenser","gueldenstaedtii",208.000000017835,0.208000000017835,18,"C","J. G. Rubalcaba, W. C. E. P. Verberk, A. J. Hendriks. B. Saris, H. A. Woods, Oxygen limitation may affect the temperature and size dependence of metabolism in aquatic ectotherms. Proc. Natl. Acad. Sci. U.S.A. 117, 31963-3196 (2020).","Acipenser gueldenstaedtii",-5478.17471535787,6923.87195295277,-9.86509190714357,0.148270090189226,9.64690750252623e-05,-1.57021719919507,-2.87165370677545,39.8590655189568,206,"Acipenser gueldenstaedtii",291.15,TRUE,-2.52539902025141,-0.34625468652404
"Chondrostei","Acipenseriformes","Acipenseridae","Acipenser","transmontanus",899.999999089576,0.899999999089576,10,"C","J. G. Rubalcaba, W. C. E. P. Verberk, A. J. Hendriks. B. Saris, H. A. Woods, Oxygen limitation may affect the temperature and size dependence of metabolism in aquatic ectotherms. Proc. Natl. Acad. Sci. U.S.A. 117, 31963-3196 (2020).","Acipenser transmontanus",-5478.17471535787,6923.87195295277,-9.86509190714357,0.148270090189226,9.64690750252623e-05,-0.105360516669408,-1.87080267656851,40.9852266496354,207,"Acipenser transmontanus",283.15,TRUE,-2.18232401611969,0.311521339551186
"Chondrostei","Acipenseriformes","Acipenseridae","Acipenser","transmontanus",899.999999089576,0.899999999089576,10,"C","J. G. Rubalcaba, W. C. E. P. Verberk, A. J. Hendriks. B. Saris, H. A. Woods, Oxygen limitation may affect the temperature and size dependence of metabolism in aquatic ectotherms. Proc. Natl. Acad. Sci. U.S.A. 117, 31963-3196 (2020).","Acipenser transmontanus",-5478.17471535787,6923.87195295277,-9.86509190714357,0.148270090189226,9.64690750252623e-05,-0.105360516669408,-1.61224099768714,40.9852266496354,208,"Acipenser transmontanus",283.15,TRUE,-2.18232401611969,0.57008301843255
"Chondrostei","Acipenseriformes","Acipenseridae","Acipenser","transmontanus",899.999999089576,0.899999999089576,10,"C","J. G. Rubalcaba, W. C. E. P. Verberk, A. J. Hendriks. B. Saris, H. A. Woods, Oxygen limitation may affect the temperature and size dependence of metabolism in aquatic ectotherms. Proc. Natl. Acad. Sci. U.S.A. 117, 31963-3196 (2020).","Acipenser transmontanus",-5478.17471535787,6923.87195295277,-9.86509190714357,0.148270090189226,9.64690750252623e-05,-0.105360516669408,-1.33780415198538,40.9852266496354,209,"Acipenser transmontanus",283.15,TRUE,-2.18232401611969,0.844519864134311
"Chondrostei","Acipenseriformes","Acipenseridae","Acipenser","transmontanus",899.999999089576,0.899999999089576,15,"C","J. G. Rubalcaba, W. C. E. P. Verberk, A. J. Hendriks. B. Saris, H. A. Woods, Oxygen limitation may affect the temperature and size dependence of metabolism in aquatic ectotherms. Proc. Natl. Acad. Sci. U.S.A. 117, 31963-3196 (2020).","Acipenser transmontanus",-5478.17471535787,6923.87195295277,-9.86509190714357,0.148270090189226,9.64690750252623e-05,-0.105360516669408,-1.29828348379718,40.2740479814134,210,"Acipenser transmontanus",288.15,TRUE,-1.68785992525217,0.389576441454992
"Chondrostei","Acipenseriformes","Acipenseridae","Acipenser","transmontanus",899.999999089576,0.899999999089576,10,"C","J. G. Rubalcaba, W. C. E. P. Verberk, A. J. Hendriks. B. Saris, H. A. Woods, Oxygen limitation may affect the temperature and size dependence of metabolism in aquatic ectotherms. Proc. Natl. Acad. Sci. U.S.A. 117, 31963-3196 (2020).","Acipenser transmontanus",-5478.17471535787,6923.87195295277,-9.86509190714357,0.148270090189226,9.64690750252623e-05,-0.105360516669408,-0.973161038397474,40.9852266496354,211,"Acipenser transmontanus",283.15,TRUE,-2.18232401611969,1.20916297772222
"Chondrostei","Acipenseriformes","Acipenseridae","Acipenser","transmontanus",899.999999089576,0.899999999089576,10,"C","J. G. Rubalcaba, W. C. E. P. Verberk, A. J. Hendriks. B. Saris, H. A. Woods, Oxygen limitation may affect the temperature and size dependence of metabolism in aquatic ectotherms. Proc. Natl. Acad. Sci. U.S.A. 117, 31963-3196 (2020).","Acipenser transmontanus",-5478.17471535787,6923.87195295277,-9.86509190714357,0.148270090189226,9.64690750252623e-05,-0.105360516669408,-0.631411744605777,40.9852266496354,212,"Acipenser transmontanus",283.15,TRUE,-2.18232401611969,1.55091227151392
"Chondrostei","Acipenseriformes","Acipenseridae","Acipenser","transmontanus",949.999999368159,0.949999999368159,15,"C","J. G. Rubalcaba, W. C. E. P. Verberk, A. J. Hendriks. B. Saris, H. A. Woods, Oxygen limitation may affect the temperature and size dependence of metabolism in aquatic ectotherms. Proc. Natl. Acad. Sci. U.S.A. 117, 31963-3196 (2020).","Acipenser transmontanus",-5478.17471535787,6923.87195295277,-9.86509190714357,0.148270090189226,9.64690750252623e-05,-0.0512932950526467,-1.27019174893016,40.2740479814134,213,"Acipenser transmontanus",288.15,TRUE,-1.64629733323102,0.376105584300856
"Teleostei","Albuliformes","Albulidae","Albula","vulpes",671.999999916715,0.671999999916715,20.6,"C","J. G. Rubalcaba, W. C. E. P. Verberk, A. J. Hendriks. B. Saris, H. A. Woods, Oxygen limitation may affect the temperature and size dependence of metabolism in aquatic ectotherms. Proc. Natl. Acad. Sci. U.S.A. 117, 31963-3196 (2020).","Albula vulpes",-5478.17471535787,6923.87195295277,-9.86509190714357,0.148270090189226,9.64690750252623e-05,-0.397496938582924,-0.275941289675792,39.5062703858528,214,"Albula vulpes",293.75,TRUE,-1.37861537996156,1.10267409028577
"Teleostei","Anguilliformes","Anguillidae","Anguilla","anguilla",0.2299999999906,0.0002299999999906,17,"C","J. G. Rubalcaba, W. C. E. P. Verberk, A. J. Hendriks. B. Saris, H. A. Woods, Oxygen limitation may affect the temperature and size dependence of metabolism in aquatic ectotherms. Proc. Natl. Acad. Sci. U.S.A. 117, 31963-3196 (2020).","Anguilla anguilla",-5478.17471535787,6923.87195295277,-9.86509190714357,0.148270090189226,9.64690750252623e-05,-8.37743124908195,-8.48928369891624,39.9964395169542,215,"Anguilla anguilla",290.15,TRUE,-7.85375789536963,-0.63552580354661
"Teleostei","Anguilliformes","Anguillidae","Anguilla","anguilla",20.0000000154742,0.0200000000154742,18.5,"C","J. G. Rubalcaba, W. C. E. P. Verberk, A. J. Hendriks. B. Saris, H. A. Woods, Oxygen limitation may affect the temperature and size dependence of metabolism in aquatic ectotherms. Proc. Natl. Acad. Sci. U.S.A. 117, 31963-3196 (2020).","Anguilla anguilla",-5478.17471535787,6923.87195295277,-9.86509190714357,0.148270090189226,9.64690750252623e-05,-3.91202300465444,-4.72575630661897,39.7907317875682,216,"Anguilla anguilla",291.65,TRUE,-4.27808292788966,-0.447673378729307
"Teleostei","Anguilliformes","Anguillidae","Anguilla","anguilla",21.0000000128661,0.0210000000128661,18.5,"C","J. G. Rubalcaba, W. C. E. P. Verberk, A. J. Hendriks. B. Saris, H. A. Woods, Oxygen limitation may affect the temperature and size dependence of metabolism in aquatic ectotherms. Proc. Natl. Acad. Sci. U.S.A. 117, 31963-3196 (2020).","Anguilla anguilla",-5478.17471535787,6923.87195295277,-9.86509190714357,0.148270090189226,9.64690750252623e-05,-3.86323284064604,-4.59288302549316,39.7907317875682,217,"Anguilla anguilla",291.65,TRUE,-4.24057691924546,-0.352306106247699
"Teleostei","Anguilliformes","Anguillidae","Anguilla","anguilla",21.0000000128661,0.0210000000128661,18.5,"C","J. G. Rubalcaba, W. C. E. P. Verberk, A. J. Hendriks. B. Saris, H. A. Woods, Oxygen limitation may affect the temperature and size dependence of metabolism in aquatic ectotherms. Proc. Natl. Acad. Sci. U.S.A. 117, 31963-3196 (2020).","Anguilla anguilla",-5478.17471535787,6923.87195295277,-9.86509190714357,0.148270090189226,9.64690750252623e-05,-3.86323284064604,-4.54563014060884,39.7907317875682,218,"Anguilla anguilla",291.65,TRUE,-4.24057691924546,-0.305053221363377
"Teleostei","Anguilliformes","Anguillidae","Anguilla","anguilla",33.0000000092787,0.0330000000092787,17,"C","J. G. Rubalcaba, W. C. E. P. Verberk, A. J. Hendriks. B. Saris, H. A. Woods, Oxygen limitation may affect the temperature and size dependence of metabolism in aquatic ectotherms. Proc. Natl. Acad. Sci. U.S.A. 117, 31963-3196 (2020).","Anguilla anguilla",-5478.17471535787,6923.87195295277,-9.86509190714357,0.148270090189226,9.64690750252623e-05,-3.41124771723448,-4.02670553418999,39.9964395169542,219,"Anguilla anguilla",290.15,TRUE,-4.03614985367312,0.00944431948312818
"Teleostei","Anguilliformes","Anguillidae","Anguilla","anguilla",37.6000000062629,0.0376000000062629,13,"C","J. G. Rubalcaba, W. C. E. P. Verberk, A. J. Hendriks. B. Saris, H. A. Woods, Oxygen limitation may affect the temperature and size dependence of metabolism in aquatic ectotherms. Proc. Natl. Acad. Sci. U.S.A. 117, 31963-3196 (2020).","Anguilla anguilla",-5478.17471535787,6923.87195295277,-9.86509190714357,0.148270090189226,9.64690750252623e-05,-3.28075122841972,-4.2768060868111,40.5555370464591,220,"Anguilla anguilla",286.15,TRUE,-4.32456052026169,0.0477544334505922
"Teleostei","Anguilliformes","Anguillidae","Anguilla","anguilla",39.9999999697935,0.0399999999697935,13,"C","J. G. Rubalcaba, W. C. E. P. Verberk, A. J. Hendriks. B. Saris, H. A. Woods, Oxygen limitation may affect the temperature and size dependence of metabolism in aquatic ectotherms. Proc. Natl. Acad. Sci. U.S.A. 117, 31963-3196 (2020).","Anguilla anguilla",-5478.17471535787,6923.87195295277,-9.86509190714357,0.148270090189226,9.64690750252623e-05,-3.21887582562336,-4.52031233283393,40.5555370464591,221,"Anguilla anguilla",286.15,TRUE,-4.27699561780011,-0.243316715033811
"Teleostei","Anguilliformes","Anguillidae","Anguilla","anguilla",39.9999999697935,0.0399999999697935,17,"C","J. G. Rubalcaba, W. C. E. P. Verberk, A. J. Hendriks. B. Saris, H. A. Woods, Oxygen limitation may affect the temperature and size dependence of metabolism in aquatic ectotherms. Proc. Natl. Acad. Sci. U.S.A. 117, 31963-3196 (2020).","Anguilla anguilla",-5478.17471535787,6923.87195295277,-9.86509190714357,0.148270090189226,9.64690750252623e-05,-3.21887582562336,-3.9325256678751,39.9964395169542,222,"Anguilla anguilla",290.15,TRUE,-3.88826960001327,-0.0442560678618338
"Teleostei","Anguilliformes","Anguillidae","Anguilla","anguilla",51.2000000028493,0.0512000000028493,14,"C","J. G. Rubalcaba, W. C. E. P. Verberk, A. J. Hendriks. B. Saris, H. A. Woods, Oxygen limitation may affect the temperature and size dependence of metabolism in aquatic ectotherms. Proc. Natl. Acad. Sci. U.S.A. 117, 31963-3196 (2020).","Anguilla anguilla",-5478.17471535787,6923.87195295277,-9.86509190714357,0.148270090189226,9.64690750252623e-05,-2.97201574688102,-4.461504486242,40.4143023710404,223,"Anguilla anguilla",287.15,TRUE,-3.98903235887616,-0.472472127365844
"Teleostei","Anguilliformes","Anguillidae","Anguilla","anguilla",54.000000022012,0.054000000022012,17,"C","J. G. Rubalcaba, W. C. E. P. Verberk, A. J. Hendriks. B. Saris, H. A. Woods, Oxygen limitation may affect the temperature and size dependence of metabolism in aquatic ectotherms. Proc. Natl. Acad. Sci. U.S.A. 117, 31963-3196 (2020).","Anguilla anguilla",-5478.17471535787,6923.87195295277,-9.86509190714357,0.148270090189226,9.64690750252623e-05,-2.91877123201023,-3.60116853182615,39.9964395169542,224,"Anguilla anguilla",290.15,TRUE,-3.65757298910865,0.0564044572824987
"Teleostei","Anguilliformes","Anguillidae","Anguilla","anguilla",67.0000000461544,0.0670000000461544,13,"C","J. G. Rubalcaba, W. C. E. P. Verberk, A. J. Hendriks. B. Saris, H. A. Woods, Oxygen limitation may affect the temperature and size dependence of metabolism in aquatic ectotherms. Proc. Natl. Acad. Sci. U.S.A. 117, 31963-3196 (2020).","Anguilla anguilla",-5478.17471535787,6923.87195295277,-9.86509190714357,0.148270090189226,9.64690750252623e-05,-2.7030626589023,-5.16195195591001,40.5555370464591,225,"Anguilla anguilla",286.15,TRUE,-3.8804793632841,-1.28147259262591
"Teleostei","Anguilliformes","Anguillidae","Anguilla","anguilla",74.9999999323558,0.0749999999323558,21,"C","J. G. Rubalcaba, W. C. E. P. Verberk, A. J. Hendriks. B. Saris, H. A. Woods, Oxygen limitation may affect the temperature and size dependence of metabolism in aquatic ectotherms. Proc. Natl. Acad. Sci. U.S.A. 117, 31963-3196 (2020).","Anguilla anguilla",-5478.17471535787,6923.87195295277,-9.86509190714357,0.148270090189226,9.64690750252623e-05,-2.59026716634775,-4.67446301257613,39.4525477676161,226,"Anguilla anguilla",294.15,TRUE,-3.02689128335162,-1.64757172922451
"Teleostei","Anguilliformes","Anguillidae","Anguilla","anguilla",74.9999999323558,0.0749999999323558,22,"C","J. G. Rubalcaba, W. C. E. P. Verberk, A. J. Hendriks. B. Saris, H. A. Woods, Oxygen limitation may affect the temperature and size dependence of metabolism in aquatic ectotherms. Proc. Natl. Acad. Sci. U.S.A. 117, 31963-3196 (2020).","Anguilla anguilla",-5478.17471535787,6923.87195295277,-9.86509190714357,0.148270090189226,9.64690750252623e-05,-2.59026716634775,-4.26899790426949,39.3188782850898,227,"Anguilla anguilla",295.15,TRUE,-2.93395435750244,-1.33504354676705
"Teleostei","Anguilliformes","Anguillidae","Anguilla","anguilla",74.9999999323558,0.0749999999323558,27,"C","J. G. Rubalcaba, W. C. E. P. Verberk, A. J. Hendriks. B. Saris, H. A. Woods, Oxygen limitation may affect the temperature and size dependence of metabolism in aquatic ectotherms. Proc. Natl. Acad. Sci. U.S.A. 117, 31963-3196 (2020).","Anguilla anguilla",-5478.17471535787,6923.87195295277,-9.86509190714357,0.148270090189226,9.64690750252623e-05,-2.59026716634775,-4.22817590992389,38.6638911405773,228,"Anguilla anguilla",300.15,TRUE,-2.47855877631747,-1.74961713360642
"Teleostei","Anguilliformes","Anguillidae","Anguilla","anguilla",74.9999999323558,0.0749999999323558,25,"C","J. G. Rubalcaba, W. C. E. P. Verberk, A. J. Hendriks. B. Saris, H. A. Woods, Oxygen limitation may affect the temperature and size dependence of metabolism in aquatic ectotherms. Proc. Natl. Acad. Sci. U.S.A. 117, 31963-3196 (2020).","Anguilla anguilla",-5478.17471535787,6923.87195295277,-9.86509190714357,0.148270090189226,9.64690750252623e-05,-2.59026716634775,-4.04585435319345,38.9232497932056,229,"Anguilla anguilla",298.15,TRUE,-2.65888412367517,-1.38697022951828
"Teleostei","Anguilliformes","Anguillidae","Anguilla","anguilla",74.9999999323558,0.0749999999323558,30,"C","J. G. Rubalcaba, W. C. E. P. Verberk, A. J. Hendriks. B. Saris, H. A. Woods, Oxygen limitation may affect the temperature and size dependence of metabolism in aquatic ectotherms. Proc. Natl. Acad. Sci. U.S.A. 117, 31963-3196 (2020).","Anguilla anguilla",-5478.17471535787,6923.87195295277,-9.86509190714357,0.148270090189226,9.64690750252623e-05,-2.59026716634775,-3.75817228058289,38.2812697537333,230,"Anguilla anguilla",303.15,TRUE,-2.21253204541841,-1.54564023516447
"Teleostei","Anguilliformes","Anguillidae","Anguilla","anguilla",80.000000001484,0.080000000001484,25,"C","J. G. Rubalcaba, W. C. E. P. Verberk, A. J. Hendriks. B. Saris, H. A. Woods, Oxygen limitation may affect the temperature and size dependence of metabolism in aquatic ectotherms. Proc. Natl. Acad. Sci. U.S.A. 117, 31963-3196 (2020).","Anguilla anguilla",-5478.17471535787,6923.87195295277,-9.86509190714357,0.148270090189226,9.64690750252623e-05,-2.52572864428971,-4.12411672055578,38.9232497932056,231,"Anguilla anguilla",298.15,TRUE,-2.60927202633161,-1.51484469422417
"Teleostei","Anguilliformes","Anguillidae","Anguilla","anguilla",80.000000001484,0.080000000001484,25,"C","J. G. Rubalcaba, W. C. E. P. Verberk, A. J. Hendriks. B. Saris, H. A. Woods, Oxygen limitation may affect the temperature and size dependence of metabolism in aquatic ectotherms. Proc. Natl. Acad. Sci. U.S.A. 117, 31963-3196 (2020).","Anguilla anguilla",-5478.17471535787,6923.87195295277,-9.86509190714357,0.148270090189226,9.64690750252623e-05,-2.52572864428971,-4.03230917130265,38.9232497932056,232,"Anguilla anguilla",298.15,TRUE,-2.60927202633161,-1.42303714497104
"Teleostei","Anguilliformes","Anguillidae","Anguilla","anguilla",80.000000001484,0.080000000001484,25,"C","J. G. Rubalcaba, W. C. E. P. Verberk, A. J. Hendriks. B. Saris, H. A. Woods, Oxygen limitation may affect the temperature and size dependence of metabolism in aquatic ectotherms. Proc. Natl. Acad. Sci. U.S.A. 117, 31963-3196 (2020).","Anguilla anguilla",-5478.17471535787,6923.87195295277,-9.86509190714357,0.148270090189226,9.64690750252623e-05,-2.52572864428971,-4.01491742859078,38.9232497932056,233,"Anguilla anguilla",298.15,TRUE,-2.60927202633161,-1.40564540225917
"Teleostei","Anguilliformes","Anguillidae","Anguilla","anguilla",80.000000001484,0.080000000001484,25,"C","J. G. Rubalcaba, W. C. E. P. Verberk, A. J. Hendriks. B. Saris, H. A. Woods, Oxygen limitation may affect the temperature and size dependence of metabolism in aquatic ectotherms. Proc. Natl. Acad. Sci. U.S.A. 117, 31963-3196 (2020).","Anguilla anguilla",-5478.17471535787,6923.87195295277,-9.86509190714357,0.148270090189226,9.64690750252623e-05,-2.52572864428971,-3.90097316924156,38.9232497932056,234,"Anguilla anguilla",298.15,TRUE,-2.60927202633161,-1.29170114290995
"Teleostei","Anguilliformes","Anguillidae","Anguilla","anguilla",80.000000001484,0.080000000001484,25,"C","J. G. Rubalcaba, W. C. E. P. Verberk, A. J. Hendriks. B. Saris, H. A. Woods, Oxygen limitation may affect the temperature and size dependence of metabolism in aquatic ectotherms. Proc. Natl. Acad. Sci. U.S.A. 117, 31963-3196 (2020).","Anguilla anguilla",-5478.17471535787,6923.87195295277,-9.86509190714357,0.148270090189226,9.64690750252623e-05,-2.52572864428971,-3.88570569711077,38.9232497932056,235,"Anguilla anguilla",298.15,TRUE,-2.60927202633161,-1.27643367077916
"Teleostei","Anguilliformes","Anguillidae","Anguilla","anguilla",80.000000001484,0.080000000001484,25,"C","J. G. Rubalcaba, W. C. E. P. Verberk, A. J. Hendriks. B. Saris, H. A. Woods, Oxygen limitation may affect the temperature and size dependence of metabolism in aquatic ectotherms. Proc. Natl. Acad. Sci. U.S.A. 117, 31963-3196 (2020).","Anguilla anguilla",-5478.17471535787,6923.87195295277,-9.86509190714357,0.148270090189226,9.64690750252623e-05,-2.52572864428971,-3.84125393453994,38.9232497932056,236,"Anguilla anguilla",298.15,TRUE,-2.60927202633161,-1.23198190820833
"Teleostei","Anguilliformes","Anguillidae","Anguilla","anguilla",80.000000001484,0.080000000001484,25,"C","J. G. Rubalcaba, W. C. E. P. Verberk, A. J. Hendriks. B. Saris, H. A. Woods, Oxygen limitation may affect the temperature and size dependence of metabolism in aquatic ectotherms. Proc. Natl. Acad. Sci. U.S.A. 117, 31963-3196 (2020).","Anguilla anguilla",-5478.17471535787,6923.87195295277,-9.86509190714357,0.148270090189226,9.64690750252623e-05,-2.52572864428971,-3.79869432012114,38.9232497932056,237,"Anguilla anguilla",298.15,TRUE,-2.60927202633161,-1.18942229378953
"Teleostei","Anguilliformes","Anguillidae","Anguilla","anguilla",80.000000001484,0.080000000001484,25,"C","J. G. Rubalcaba, W. C. E. P. Verberk, A. J. Hendriks. B. Saris, H. A. Woods, Oxygen limitation may affect the temperature and size dependence of metabolism in aquatic ectotherms. Proc. Natl. Acad. Sci. U.S.A. 117, 31963-3196 (2020).","Anguilla anguilla",-5478.17471535787,6923.87195295277,-9.86509190714357,0.148270090189226,9.64690750252623e-05,-2.52572864428971,-3.78490099798881,38.9232497932056,238,"Anguilla anguilla",298.15,TRUE,-2.60927202633161,-1.1756289716572
"Teleostei","Anguilliformes","Anguillidae","Anguilla","anguilla",80.000000001484,0.080000000001484,25,"C","J. G. Rubalcaba, W. C. E. P. Verberk, A. J. Hendriks. B. Saris, H. A. Woods, Oxygen limitation may affect the temperature and size dependence of metabolism in aquatic ectotherms. Proc. Natl. Acad. Sci. U.S.A. 117, 31963-3196 (2020).","Anguilla anguilla",-5478.17471535787,6923.87195295277,-9.86509190714357,0.148270090189226,9.64690750252623e-05,-2.52572864428971,-3.75787232560089,38.9232497932056,239,"Anguilla anguilla",298.15,TRUE,-2.60927202633161,-1.14860029926928
"Teleostei","Anguilliformes","Anguillidae","Anguilla","anguilla",80.000000001484,0.080000000001484,25,"C","J. G. Rubalcaba, W. C. E. P. Verberk, A. J. Hendriks. B. Saris, H. A. Woods, Oxygen limitation may affect the temperature and size dependence of metabolism in aquatic ectotherms. Proc. Natl. Acad. Sci. U.S.A. 117, 31963-3196 (2020).","Anguilla anguilla",-5478.17471535787,6923.87195295277,-9.86509190714357,0.148270090189226,9.64690750252623e-05,-2.52572864428971,-3.74462709885087,38.9232497932056,240,"Anguilla anguilla",298.15,TRUE,-2.60927202633161,-1.13535507251926
"Teleostei","Anguilliformes","Anguillidae","Anguilla","anguilla",80.000000001484,0.080000000001484,25,"C","J. G. Rubalcaba, W. C. E. P. Verberk, A. J. Hendriks. B. Saris, H. A. Woods, Oxygen limitation may affect the temperature and size dependence of metabolism in aquatic ectotherms. Proc. Natl. Acad. Sci. U.S.A. 117, 31963-3196 (2020).","Anguilla anguilla",-5478.17471535787,6923.87195295277,-9.86509190714357,0.148270090189226,9.64690750252623e-05,-2.52572864428971,-3.73155501728352,38.9232497932056,241,"Anguilla anguilla",298.15,TRUE,-2.60927202633161,-1.12228299095191
"Teleostei","Anguilliformes","Anguillidae","Anguilla","anguilla",80.000000001484,0.080000000001484,25,"C","J. G. Rubalcaba, W. C. E. P. Verberk, A. J. Hendriks. B. Saris, H. A. Woods, Oxygen limitation may affect the temperature and size dependence of metabolism in aquatic ectotherms. Proc. Natl. Acad. Sci. U.S.A. 117, 31963-3196 (2020).","Anguilla anguilla",-5478.17471535787,6923.87195295277,-9.86509190714357,0.148270090189226,9.64690750252623e-05,-2.52572864428971,-3.62101314288369,38.9232497932056,242,"Anguilla anguilla",298.15,TRUE,-2.60927202633161,-1.01174111655208
"Teleostei","Anguilliformes","Anguillidae","Anguilla","anguilla",80.000000001484,0.080000000001484,25,"C","J. G. Rubalcaba, W. C. E. P. Verberk, A. J. Hendriks. B. Saris, H. A. Woods, Oxygen limitation may affect the temperature and size dependence of metabolism in aquatic ectotherms. Proc. Natl. Acad. Sci. U.S.A. 117, 31963-3196 (2020).","Anguilla anguilla",-5478.17471535787,6923.87195295277,-9.86509190714357,0.148270090189226,9.64690750252623e-05,-2.52572864428971,-3.58672406940506,38.9232497932056,243,"Anguilla anguilla",298.15,TRUE,-2.60927202633161,-0.977452043073452
"Teleostei","Anguilliformes","Anguillidae","Anguilla","anguilla",80.000000001484,0.080000000001484,25,"C","J. G. Rubalcaba, W. C. E. P. Verberk, A. J. Hendriks. B. Saris, H. A. Woods, Oxygen limitation may affect the temperature and size dependence of metabolism in aquatic ectotherms. Proc. Natl. Acad. Sci. U.S.A. 117, 31963-3196 (2020).","Anguilla anguilla",-5478.17471535787,6923.87195295277,-9.86509190714357,0.148270090189226,9.64690750252623e-05,-2.52572864428971,-3.56450093262035,38.9232497932056,244,"Anguilla anguilla",298.15,TRUE,-2.60927202633161,-0.955228906288739
"Teleostei","Anguilliformes","Anguillidae","Anguilla","anguilla",80.000000001484,0.080000000001484,25,"C","J. G. Rubalcaba, W. C. E. P. Verberk, A. J. Hendriks. B. Saris, H. A. Woods, Oxygen limitation may affect the temperature and size dependence of metabolism in aquatic ectotherms. Proc. Natl. Acad. Sci. U.S.A. 117, 31963-3196 (2020).","Anguilla anguilla",-5478.17471535787,6923.87195295277,-9.86509190714357,0.148270090189226,9.64690750252623e-05,-2.52572864428971,-3.46023992229594,38.9232497932056,245,"Anguilla anguilla",298.15,TRUE,-2.60927202633161,-0.85096789596433
"Teleostei","Anguilliformes","Anguillidae","Anguilla","anguilla",80.000000001484,0.080000000001484,25,"C","J. G. Rubalcaba, W. C. E. P. Verberk, A. J. Hendriks. B. Saris, H. A. Woods, Oxygen limitation may affect the temperature and size dependence of metabolism in aquatic ectotherms. Proc. Natl. Acad. Sci. U.S.A. 117, 31963-3196 (2020).","Anguilla anguilla",-5478.17471535787,6923.87195295277,-9.86509190714357,0.148270090189226,9.64690750252623e-05,-2.52572864428971,-3.05177987328232,38.9232497932056,246,"Anguilla anguilla",298.15,TRUE,-2.60927202633161,-0.442507846950713
"Teleostei","Anguilliformes","Anguillidae","Anguilla","anguilla",80.000000001484,0.080000000001484,25,"C","J. G. Rubalcaba, W. C. E. P. Verberk, A. J. Hendriks. B. Saris, H. A. Woods, Oxygen limitation may affect the temperature and size dependence of metabolism in aquatic ectotherms. Proc. Natl. Acad. Sci. U.S.A. 117, 31963-3196 (2020).","Anguilla anguilla",-5478.17471535787,6923.87195295277,-9.86509190714357,0.148270090189226,9.64690750252623e-05,-2.52572864428971,-3.04522247274077,38.9232497932056,247,"Anguilla anguilla",298.15,TRUE,-2.60927202633161,-0.435950446409162
"Teleostei","Anguilliformes","Anguillidae","Anguilla","anguilla",80.000000001484,0.080000000001484,25,"C","J. G. Rubalcaba, W. C. E. P. Verberk, A. J. Hendriks. B. Saris, H. A. Woods, Oxygen limitation may affect the temperature and size dependence of metabolism in aquatic ectotherms. Proc. Natl. Acad. Sci. U.S.A. 117, 31963-3196 (2020).","Anguilla anguilla",-5478.17471535787,6923.87195295277,-9.86509190714357,0.148270090189226,9.64690750252623e-05,-2.52572864428971,-2.89387684383915,38.9232497932056,248,"Anguilla anguilla",298.15,TRUE,-2.60927202633161,-0.284604817507545
"Teleostei","Anguilliformes","Anguillidae","Anguilla","anguilla",80.000000001484,0.080000000001484,25,"C","J. G. Rubalcaba, W. C. E. P. Verberk, A. J. Hendriks. B. Saris, H. A. Woods, Oxygen limitation may affect the temperature and size dependence of metabolism in aquatic ectotherms. Proc. Natl. Acad. Sci. U.S.A. 117, 31963-3196 (2020).","Anguilla anguilla",-5478.17471535787,6923.87195295277,-9.86509190714357,0.148270090189226,9.64690750252623e-05,-2.52572864428971,-2.88270354295113,38.9232497932056,249,"Anguilla anguilla",298.15,TRUE,-2.60927202633161,-0.273431516619516
"Teleostei","Anguilliformes","Anguillidae","Anguilla","anguilla",80.000000001484,0.080000000001484,25,"C","J. G. Rubalcaba, W. C. E. P. Verberk, A. J. Hendriks. B. Saris, H. A. Woods, Oxygen limitation may affect the temperature and size dependence of metabolism in aquatic ectotherms. Proc. Natl. Acad. Sci. U.S.A. 117, 31963-3196 (2020).","Anguilla anguilla",-5478.17471535787,6923.87195295277,-9.86509190714357,0.148270090189226,9.64690750252623e-05,-2.52572864428971,-2.81816502187558,38.9232497932056,250,"Anguilla anguilla",298.15,TRUE,-2.60927202633161,-0.208892995543967
"Teleostei","Anguilliformes","Anguillidae","Anguilla","anguilla",80.000000001484,0.080000000001484,25,"C","J. G. Rubalcaba, W. C. E. P. Verberk, A. J. Hendriks. B. Saris, H. A. Woods, Oxygen limitation may affect the temperature and size dependence of metabolism in aquatic ectotherms. Proc. Natl. Acad. Sci. U.S.A. 117, 31963-3196 (2020).","Anguilla anguilla",-5478.17471535787,6923.87195295277,-9.86509190714357,0.148270090189226,9.64690750252623e-05,-2.52572864428971,-2.79754573469183,38.9232497932056,251,"Anguilla anguilla",298.15,TRUE,-2.60927202633161,-0.188273708360218
"Teleostei","Anguilliformes","Anguillidae","Anguilla","anguilla",80.000000001484,0.080000000001484,25,"C","J. G. Rubalcaba, W. C. E. P. Verberk, A. J. Hendriks. B. Saris, H. A. Woods, Oxygen limitation may affect the temperature and size dependence of metabolism in aquatic ectotherms. Proc. Natl. Acad. Sci. U.S.A. 117, 31963-3196 (2020).","Anguilla anguilla",-5478.17471535787,6923.87195295277,-9.86509190714357,0.148270090189226,9.64690750252623e-05,-2.52572864428971,-2.73332614244155,38.9232497932056,252,"Anguilla anguilla",298.15,TRUE,-2.60927202633161,-0.124054116109944
"Teleostei","Anguilliformes","Anguillidae","Anguilla","anguilla",80.000000001484,0.080000000001484,25,"C","J. G. Rubalcaba, W. C. E. P. Verberk, A. J. Hendriks. B. Saris, H. A. Woods, Oxygen limitation may affect the temperature and size dependence of metabolism in aquatic ectotherms. Proc. Natl. Acad. Sci. U.S.A. 117, 31963-3196 (2020).","Anguilla anguilla",-5478.17471535787,6923.87195295277,-9.86509190714357,0.148270090189226,9.64690750252623e-05,-2.52572864428971,-2.65071037695885,38.9232497932056,253,"Anguilla anguilla",298.15,TRUE,-2.60927202633161,-0.0414383506272364
"Teleostei","Anguilliformes","Anguillidae","Anguilla","anguilla",80.000000001484,0.080000000001484,25,"C","J. G. Rubalcaba, W. C. E. P. Verberk, A. J. Hendriks. B. Saris, H. A. Woods, Oxygen limitation may affect the temperature and size dependence of metabolism in aquatic ectotherms. Proc. Natl. Acad. Sci. U.S.A. 117, 31963-3196 (2020).","Anguilla anguilla",-5478.17471535787,6923.87195295277,-9.86509190714357,0.148270090189226,9.64690750252623e-05,-2.52572864428971,-2.62892302239745,38.9232497932056,254,"Anguilla anguilla",298.15,TRUE,-2.60927202633161,-0.0196509960658418
"Teleostei","Anguilliformes","Anguillidae","Anguilla","anguilla",80.000000001484,0.080000000001484,25,"C","J. G. Rubalcaba, W. C. E. P. Verberk, A. J. Hendriks. B. Saris, H. A. Woods, Oxygen limitation may affect the temperature and size dependence of metabolism in aquatic ectotherms. Proc. Natl. Acad. Sci. U.S.A. 117, 31963-3196 (2020).","Anguilla anguilla",-5478.17471535787,6923.87195295277,-9.86509190714357,0.148270090189226,9.64690750252623e-05,-2.52572864428971,-2.60760025332172,38.9232497932056,255,"Anguilla anguilla",298.15,TRUE,-2.60927202633161,0.0016717730098903
"Teleostei","Anguilliformes","Anguillidae","Anguilla","anguilla",80.000000001484,0.080000000001484,25,"C","J. G. Rubalcaba, W. C. E. P. Verberk, A. J. Hendriks. B. Saris, H. A. Woods, Oxygen limitation may affect the temperature and size dependence of metabolism in aquatic ectotherms. Proc. Natl. Acad. Sci. U.S.A. 117, 31963-3196 (2020).","Anguilla anguilla",-5478.17471535787,6923.87195295277,-9.86509190714357,0.148270090189226,9.64690750252623e-05,-2.52572864428971,-2.59502147074744,38.9232497932056,256,"Anguilla anguilla",298.15,TRUE,-2.60927202633161,0.0142505555841743
"Teleostei","Anguilliformes","Anguillidae","Anguilla","anguilla",80.000000001484,0.080000000001484,25,"C","J. G. Rubalcaba, W. C. E. P. Verberk, A. J. Hendriks. B. Saris, H. A. Woods, Oxygen limitation may affect the temperature and size dependence of metabolism in aquatic ectotherms. Proc. Natl. Acad. Sci. U.S.A. 117, 31963-3196 (2020).","Anguilla anguilla",-5478.17471535787,6923.87195295277,-9.86509190714357,0.148270090189226,9.64690750252623e-05,-2.52572864428971,-2.52658430959096,38.9232497932056,257,"Anguilla anguilla",298.15,TRUE,-2.60927202633161,0.0826877167406521
"Teleostei","Anguilliformes","Anguillidae","Anguilla","anguilla",89.9999999089575,0.0899999999089575,17,"C","J. G. Rubalcaba, W. C. E. P. Verberk, A. J. Hendriks. B. Saris, H. A. Woods, Oxygen limitation may affect the temperature and size dependence of metabolism in aquatic ectotherms. Proc. Natl. Acad. Sci. U.S.A. 117, 31963-3196 (2020).","Anguilla anguilla",-5478.17471535787,6923.87195295277,-9.86509190714357,0.148270090189226,9.64690750252623e-05,-2.40794560966346,-3.19570342371798,39.9964395169542,258,"Anguilla anguilla",290.15,TRUE,-3.26489076315591,0.0691873394379279
"Teleostei","Anguilliformes","Anguillidae","Anguilla","anguilla",112.49999988411,0.11249999988411,15.5,"C","J. G. Rubalcaba, W. C. E. P. Verberk, A. J. Hendriks. B. Saris, H. A. Woods, Oxygen limitation may affect the temperature and size dependence of metabolism in aquatic ectotherms. Proc. Natl. Acad. Sci. U.S.A. 117, 31963-3196 (2020).","Anguilla anguilla",-5478.17471535787,6923.87195295277,-9.86509190714357,0.148270090189226,9.64690750252623e-05,-2.18480205836779,-3.50062730255825,40.204285209923,259,"Anguilla anguilla",288.65,TRUE,-3.23786541993456,-0.262761882623685
"Teleostei","Anguilliformes","Anguillidae","Anguilla","anguilla",119.999999986841,0.119999999986841,20,"C","J. G. Rubalcaba, W. C. E. P. Verberk, A. J. Hendriks. B. Saris, H. A. Woods, Oxygen limitation may affect the temperature and size dependence of metabolism in aquatic ectotherms. Proc. Natl. Acad. Sci. U.S.A. 117, 31963-3196 (2020).","Anguilla anguilla",-5478.17471535787,6923.87195295277,-9.86509190714357,0.148270090189226,9.64690750252623e-05,-2.12026353630975,-3.13759579286802,39.5871292029482,260,"Anguilla anguilla",293.15,TRUE,-2.75916075057232,-0.378435042295697
"Teleostei","Anguilliformes","Anguillidae","Anguilla","anguilla",149.999999980768,0.149999999980768,20,"C","J. G. Rubalcaba, W. C. E. P. Verberk, A. J. Hendriks. B. Saris, H. A. Woods, Oxygen limitation may affect the temperature and size dependence of metabolism in aquatic ectotherms. Proc. Natl. Acad. Sci. U.S.A. 117, 31963-3196 (2020).","Anguilla anguilla",-5478.17471535787,6923.87195295277,-9.86509190714357,0.148270090189226,9.64690750252623e-05,-1.89711998501409,-3.06502510002294,39.5871292029482,261,"Anguilla anguilla",293.15,TRUE,-2.58762568538272,-0.477399414640227
"Teleostei","Anguilliformes","Anguillidae","Anguilla","anguilla",181.499999844479,0.181499999844479,14,"C","J. G. Rubalcaba, W. C. E. P. Verberk, A. J. Hendriks. B. Saris, H. A. Woods, Oxygen limitation may affect the temperature and size dependence of metabolism in aquatic ectotherms. Proc. Natl. Acad. Sci. U.S.A. 117, 31963-3196 (2020).","Anguilla anguilla",-5478.17471535787,6923.87195295277,-9.86509190714357,0.148270090189226,9.64690750252623e-05,-1.7064996261341,-3.70108331364544,40.4143023710404,262,"Anguilla anguilla",287.15,TRUE,-3.0162039306721,-0.684879382973338
"Teleostei","Anguilliformes","Anguillidae","Anguilla","anguilla",195.500000120693,0.195500000120693,12,"C","J. G. Rubalcaba, W. C. E. P. Verberk, A. J. Hendriks. B. Saris, H. A. Woods, Oxygen limitation may affect the temperature and size dependence of metabolism in aquatic ectotherms. Proc. Natl. Acad. Sci. U.S.A. 117, 31963-3196 (2020).","Anguilla anguilla",-5478.17471535787,6923.87195295277,-9.86509190714357,0.148270090189226,9.64690750252623e-05,-1.63219489893936,-3.59860771099155,40.697762321039,263,"Anguilla anguilla",285.15,TRUE,-3.15616670395511,-0.442441007036434
"Teleostei","Anguilliformes","Anguillidae","Anguilla","anguilla",222.999999975271,0.222999999975271,20,"C","J. G. Rubalcaba, W. C. E. P. Verberk, A. J. Hendriks. B. Saris, H. A. Woods, Oxygen limitation may affect the temperature and size dependence of metabolism in aquatic ectotherms. Proc. Natl. Acad. Sci. U.S.A. 117, 31963-3196 (2020).","Anguilla anguilla",-5478.17471535787,6923.87195295277,-9.86509190714357,0.148270090189226,9.64690750252623e-05,-1.50058350763291,-2.55070558731669,39.5871292029482,264,"Anguilla anguilla",293.15,TRUE,-2.28279989004743,-0.267905697269257
"Teleostei","Anguilliformes","Anguillidae","Anguilla","anguilla",229.999999990683,0.229999999990683,20,"C","J. G. Rubalcaba, W. C. E. P. Verberk, A. J. Hendriks. B. Saris, H. A. Woods, Oxygen limitation may affect the temperature and size dependence of metabolism in aquatic ectotherms. Proc. Natl. Acad. Sci. U.S.A. 117, 31963-3196 (2020).","Anguilla anguilla",-5478.17471535787,6923.87195295277,-9.86509190714357,0.148270090189226,9.64690750252623e-05,-1.46967597009945,-2.56526042333751,39.5871292029482,265,"Anguilla anguilla",293.15,TRUE,-2.25904062640361,-0.306219796933903
"Teleostei","Anguilliformes","Anguillidae","Anguilla","anguilla",430.000000416257,0.430000000416257,17,"C","J. G. Rubalcaba, W. C. E. P. Verberk, A. J. Hendriks. B. Saris, H. A. Woods, Oxygen limitation may affect the temperature and size dependence of metabolism in aquatic ectotherms. Proc. Natl. Acad. Sci. U.S.A. 117, 31963-3196 (2020).","Anguilla anguilla",-5478.17471535787,6923.87195295277,-9.86509190714357,0.148270090189226,9.64690750252623e-05,-0.84397006932649,-1.798781970035,39.9964395169542,266,"Anguilla anguilla",290.15,TRUE,-2.06263040336089,0.263848433325896
"Teleostei","Anguilliformes","Anguillidae","Anguilla","anguilla",485.000000444174,0.485000000444174,17,"C","J. G. Rubalcaba, W. C. E. P. Verberk, A. J. Hendriks. B. Saris, H. A. Woods, Oxygen limitation may affect the temperature and size dependence of metabolism in aquatic ectotherms. Proc. Natl. Acad. Sci. U.S.A. 117, 31963-3196 (2020).","Anguilla anguilla",-5478.17471535787,6923.87195295277,-9.86509190714357,0.148270090189226,9.64690750252623e-05,-0.723606387128832,-1.67841828786818,39.9964395169542,267,"Anguilla anguilla",290.15,TRUE,-1.97010435027823,0.291686062410051
"Teleostei","Anguilliformes","Anguillidae","Anguilla","anguilla",1190.99999867604,1.19099999867604,17,"C","J. G. Rubalcaba, W. C. E. P. Verberk, A. J. Hendriks. B. Saris, H. A. Woods, Oxygen limitation may affect the temperature and size dependence of metabolism in aquatic ectotherms. Proc. Natl. Acad. Sci. U.S.A. 117, 31963-3196 (2020).","Anguilla anguilla",-5478.17471535787,6923.87195295277,-9.86509190714357,0.148270090189226,9.64690750252623e-05,0.174793289261528,-1.23200373299061,39.9964395169542,268,"Anguilla anguilla",290.15,TRUE,-1.27948592926117,0.0474821962705594
"Teleostei","Osteoglossiformes","Osteoglossidae","Arapaima","gigas",2299.99999990683,2.29999999990683,28,"C","J. G. Rubalcaba, W. C. E. P. Verberk, A. J. Hendriks. B. Saris, H. A. Woods, Oxygen limitation may affect the temperature and size dependence of metabolism in aquatic ectotherms. Proc. Natl. Acad. Sci. U.S.A. 117, 31963-3196 (2020).","Arapaima gigas",-5478.17471535787,6923.87195295277,-9.86509190714357,0.148270090189226,9.64690750252623e-05,0.832909122894596,-1.49784684702564,38.5355036554682,285,"Arapaima gigas",301.15,TRUE,0.242172159908176,-1.74001900693381
"Teleostei","Osteoglossiformes","Osteoglossidae","Arapaima","gigas",2299.99999990683,2.29999999990683,28,"C","J. G. Rubalcaba, W. C. E. P. Verberk, A. J. Hendriks. B. Saris, H. A. Woods, Oxygen limitation may affect the temperature and size dependence of metabolism in aquatic ectotherms. Proc. Natl. Acad. Sci. U.S.A. 117, 31963-3196 (2020).","Arapaima gigas",-5478.17471535787,6923.87195295277,-9.86509190714357,0.148270090189226,9.64690750252623e-05,0.832909122894596,-1.34942684190736,38.5355036554682,286,"Arapaima gigas",301.15,TRUE,0.242172159908176,-1.59159900181554
"Teleostei","Osteoglossiformes","Osteoglossidae","Arapaima","gigas",2299.99999990683,2.29999999990683,28,"C","J. G. Rubalcaba, W. C. E. P. Verberk, A. J. Hendriks. B. Saris, H. A. Woods, Oxygen limitation may affect the temperature and size dependence of metabolism in aquatic ectotherms. Proc. Natl. Acad. Sci. U.S.A. 117, 31963-3196 (2020).","Arapaima gigas",-5478.17471535787,6923.87195295277,-9.86509190714357,0.148270090189226,9.64690750252623e-05,0.832909122894596,-1.31552529023168,38.5355036554682,287,"Arapaima gigas",301.15,TRUE,0.242172159908176,-1.55769745013986
"Teleostei","Clupeiformes","Engraulidae","Engraulis","japonicus",243.620000079321,0.243620000079321,16.2,"C","J. G. Rubalcaba, W. C. E. P. Verberk, A. J. Hendriks. B. Saris, H. A. Woods, Oxygen limitation may affect the temperature and size dependence of metabolism in aquatic ectotherms. Proc. Natl. Acad. Sci. U.S.A. 117, 31963-3196 (2020).","Engraulis japonicus",-5478.17471535787,6923.87195295277,-9.86509190714357,0.148270090189226,9.64690750252623e-05,-1.41214564438473,1.01383096568286,40.107022380661,510,"Engraulis japonicus",289.35,TRUE,-2.57628412295331,3.59011508863617
"Teleostei","Clupeiformes","Engraulidae","Engraulis","japonicus",262.359999861057,0.262359999861057,16.2,"C","J. G. Rubalcaba, W. C. E. P. Verberk, A. J. Hendriks. B. Saris, H. A. Woods, Oxygen limitation may affect the temperature and size dependence of metabolism in aquatic ectotherms. Proc. Natl. Acad. Sci. U.S.A. 117, 31963-3196 (2020).","Engraulis japonicus",-5478.17471535787,6923.87195295277,-9.86509190714357,0.148270090189226,9.64690750252623e-05,-1.33803767308619,-1.03003626796249,40.107022380661,511,"Engraulis japonicus",289.35,TRUE,-2.51931579196658,1.48927952400409
"Teleostei","Clupeiformes","Engraulidae","Engraulis","japonicus",262.359999861057,0.262359999861057,16.2,"C","J. G. Rubalcaba, W. C. E. P. Verberk, A. J. Hendriks. B. Saris, H. A. Woods, Oxygen limitation may affect the temperature and size dependence of metabolism in aquatic ectotherms. Proc. Natl. Acad. Sci. U.S.A. 117, 31963-3196 (2020).","Engraulis japonicus",-5478.17471535787,6923.87195295277,-9.86509190714357,0.148270090189226,9.64690750252623e-05,-1.33803767308619,0.940068609691045,40.107022380661,512,"Engraulis japonicus",289.35,TRUE,-2.51931579196658,3.45938440165763
"Teleostei","Clupeiformes","Engraulidae","Engraulis","japonicus",300.64999987434,0.30064999987434,16.2,"C","J. G. Rubalcaba, W. C. E. P. Verberk, A. J. Hendriks. B. Saris, H. A. Woods, Oxygen limitation may affect the temperature and size dependence of metabolism in aquatic ectotherms. Proc. Natl. Acad. Sci. U.S.A. 117, 31963-3196 (2020).","Engraulis japonicus",-5478.17471535787,6923.87195295277,-9.86509190714357,0.148270090189226,9.64690750252623e-05,-1.20180848191452,1.15664692791372,40.107022380661,513,"Engraulis japonicus",289.35,TRUE,-2.4145935938449,3.57124052175862
"Teleostei","Clupeiformes","Engraulidae","Engraulis","japonicus",300.64999987434,0.30064999987434,16.2,"C","J. G. Rubalcaba, W. C. E. P. Verberk, A. J. Hendriks. B. Saris, H. A. Woods, Oxygen limitation may affect the temperature and size dependence of metabolism in aquatic ectotherms. Proc. Natl. Acad. Sci. U.S.A. 117, 31963-3196 (2020).","Engraulis japonicus",-5478.17471535787,6923.87195295277,-9.86509190714357,0.148270090189226,9.64690750252623e-05,-1.20180848191452,2.62326676223246,40.107022380661,514,"Engraulis japonicus",289.35,TRUE,-2.4145935938449,5.03786035607736
"Teleostei","Clupeiformes","Engraulidae","Engraulis","japonicus",394.600000076166,0.394600000076166,16.2,"C","J. G. Rubalcaba, W. C. E. P. Verberk, A. J. Hendriks. B. Saris, H. A. Woods, Oxygen limitation may affect the temperature and size dependence of metabolism in aquatic ectotherms. Proc. Natl. Acad. Sci. U.S.A. 117, 31963-3196 (2020).","Engraulis japonicus",-5478.17471535787,6923.87195295277,-9.86509190714357,0.148270090189226,9.64690750252623e-05,-0.929882685200601,-1.13270690449672,40.107022380661,515,"Engraulis japonicus",289.35,TRUE,-2.20555860719518,1.07285170269846
"Teleostei","Clupeiformes","Engraulidae","Engraulis","japonicus",394.600000076166,0.394600000076166,16.2,"C","J. G. Rubalcaba, W. C. E. P. Verberk, A. J. Hendriks. B. Saris, H. A. Woods, Oxygen limitation may affect the temperature and size dependence of metabolism in aquatic ectotherms. Proc. Natl. Acad. Sci. U.S.A. 117, 31963-3196 (2020).","Engraulis japonicus",-5478.17471535787,6923.87195295277,-9.86509190714357,0.148270090189226,9.64690750252623e-05,-0.929882685200601,1.80670693877459,40.107022380661,516,"Engraulis japonicus",289.35,TRUE,-2.20555860719518,4.01226554596976
"Teleostei","Clupeiformes","Engraulidae","Engraulis","japonicus",628.789999627078,0.628789999627078,16.2,"C","J. G. Rubalcaba, W. C. E. P. Verberk, A. J. Hendriks. B. Saris, H. A. Woods, Oxygen limitation may affect the temperature and size dependence of metabolism in aquatic ectotherms. Proc. Natl. Acad. Sci. U.S.A. 117, 31963-3196 (2020).","Engraulis japonicus",-5478.17471535787,6923.87195295277,-9.86509190714357,0.148270090189226,9.64690750252623e-05,-0.463957941894567,-0.671555439214794,40.107022380661,517,"Engraulis japonicus",289.35,TRUE,-1.84739261605453,1.17583717683974
"Teleostei","Clupeiformes","Engraulidae","Engraulis","japonicus",628.789999627078,0.628789999627078,16.2,"C","J. G. Rubalcaba, W. C. E. P. Verberk, A. J. Hendriks. B. Saris, H. A. Woods, Oxygen limitation may affect the temperature and size dependence of metabolism in aquatic ectotherms. Proc. Natl. Acad. Sci. U.S.A. 117, 31963-3196 (2020).","Engraulis japonicus",-5478.17471535787,6923.87195295277,-9.86509190714357,0.148270090189226,9.64690750252623e-05,-0.463957941894567,-0.408087624734094,40.107022380661,518,"Engraulis japonicus",289.35,TRUE,-1.84739261605453,1.43930499132044
"Teleostei","Clupeiformes","Engraulidae","Engraulis","japonicus",628.789999627078,0.628789999627078,16.2,"C","J. G. Rubalcaba, W. C. E. P. Verberk, A. J. Hendriks. B. Saris, H. A. Woods, Oxygen limitation may affect the temperature and size dependence of metabolism in aquatic ectotherms. Proc. Natl. Acad. Sci. U.S.A. 117, 31963-3196 (2020).","Engraulis japonicus",-5478.17471535787,6923.87195295277,-9.86509190714357,0.148270090189226,9.64690750252623e-05,-0.463957941894567,-0.23933814539746,40.107022380661,519,"Engraulis japonicus",289.35,TRUE,-1.84739261605453,1.60805447065707
"Teleostei","Clupeiformes","Engraulidae","Engraulis","japonicus",634.3499997041,0.6343499997041,16.2,"C","J. G. Rubalcaba, W. C. E. P. Verberk, A. J. Hendriks. B. Saris, H. A. Woods, Oxygen limitation may affect the temperature and size dependence of metabolism in aquatic ectotherms. Proc. Natl. Acad. Sci. U.S.A. 117, 31963-3196 (2020).","Engraulis japonicus",-5478.17471535787,6923.87195295277,-9.86509190714357,0.148270090189226,9.64690750252623e-05,-0.455154426861991,-0.0136216290175039,40.107022380661,520,"Engraulis japonicus",289.35,TRUE,-1.84062517188578,1.82700354286828
"Teleostei","Clupeiformes","Engraulidae","Engraulis","japonicus",634.3499997041,0.6343499997041,16.2,"C","J. G. Rubalcaba, W. C. E. P. Verberk, A. J. Hendriks. B. Saris, H. A. Woods, Oxygen limitation may affect the temperature and size dependence of metabolism in aquatic ectotherms. Proc. Natl. Acad. Sci. U.S.A. 117, 31963-3196 (2020).","Engraulis japonicus",-5478.17471535787,6923.87195295277,-9.86509190714357,0.148270090189226,9.64690750252623e-05,-0.455154426861991,0.168699927682588,40.107022380661,521,"Engraulis japonicus",289.35,TRUE,-1.84062517188578,2.00932509956837
"Teleostei","Clupeiformes","Engraulidae","Engraulis","japonicus",634.3499997041,0.6343499997041,16.2,"C","J. G. Rubalcaba, W. C. E. P. Verberk, A. J. Hendriks. B. Saris, H. A. Woods, Oxygen limitation may affect the temperature and size dependence of metabolism in aquatic ectotherms. Proc. Natl. Acad. Sci. U.S.A. 117, 31963-3196 (2020).","Engraulis japonicus",-5478.17471535787,6923.87195295277,-9.86509190714357,0.148270090189226,9.64690750252623e-05,-0.455154426861991,0.589327283403954,40.107022380661,522,"Engraulis japonicus",289.35,TRUE,-1.84062517188578,2.42995245528973
"Teleostei","Clupeiformes","Engraulidae","Engraulis","japonicus",634.3499997041,0.6343499997041,16.2,"C","J. G. Rubalcaba, W. C. E. P. Verberk, A. J. Hendriks. B. Saris, H. A. Woods, Oxygen limitation may affect the temperature and size dependence of metabolism in aquatic ectotherms. Proc. Natl. Acad. Sci. U.S.A. 117, 31963-3196 (2020).","Engraulis japonicus",-5478.17471535787,6923.87195295277,-9.86509190714357,0.148270090189226,9.64690750252623e-05,-0.455154426861991,0.6149870301796,40.107022380661,523,"Engraulis japonicus",289.35,TRUE,-1.84062517188578,2.45561220206538
"Teleostei","Clupeiformes","Engraulidae","Engraulis","japonicus",634.3499997041,0.6343499997041,16.2,"C","J. G. Rubalcaba, W. C. E. P. Verberk, A. J. Hendriks. B. Saris, H. A. Woods, Oxygen limitation may affect the temperature and size dependence of metabolism in aquatic ectotherms. Proc. Natl. Acad. Sci. U.S.A. 117, 31963-3196 (2020).","Engraulis japonicus",-5478.17471535787,6923.87195295277,-9.86509190714357,0.148270090189226,9.64690750252623e-05,-0.455154426861991,1.88099522523529,40.107022380661,524,"Engraulis japonicus",289.35,TRUE,-1.84062517188578,3.72162039712107
"Teleostei","Osteoglossiformes","Mormyridae","Gnathonemus","petersii",5.849999998893,0.005849999998893,26,"C","J. G. Rubalcaba, W. C. E. P. Verberk, A. J. Hendriks. B. Saris, H. A. Woods, Oxygen limitation may affect the temperature and size dependence of metabolism in aquatic ectotherms. Proc. Natl. Acad. Sci. U.S.A. 117, 31963-3196 (2020).","Gnathonemus petersii",-5478.17471535787,6923.87195295277,-9.86509190714357,0.148270090189226,9.64690750252623e-05,-5.1413136179276,-6.06597259928304,38.7931369742412,748,"Gnathonemus petersii",299.15,TRUE,-4.52946224763206,-1.53651035165098
"Cephalaspidomorphi","Petromyzontiformes","Petromyzontidae","Lampetra","fluviatilis",1.4299999984686,0.0014299999984686,4.4,"C","J. G. Rubalcaba, W. C. E. P. Verberk, A. J. Hendriks. B. Saris, H. A. Woods, Oxygen limitation may affect the temperature and size dependence of metabolism in aquatic ectotherms. Proc. Natl. Acad. Sci. U.S.A. 117, 31963-3196 (2020).","Lampetra fluviatilis",-4787.35547680534,-1628.02388294841,32.4701150460995,-1.88743442551193,-0.0029329313331031,-6.55008083578123,-9.26679926583141,41.8121669099055,836,"Lampetra fluviatilis",277.55,TRUE,-7.71146400494236,-1.55533526088906
"Cephalaspidomorphi","Petromyzontiformes","Petromyzontidae","Lampetra","fluviatilis",1.4299999984686,0.0014299999984686,4.8,"C","J. G. Rubalcaba, W. C. E. P. Verberk, A. J. Hendriks. B. Saris, H. A. Woods, Oxygen limitation may affect the temperature and size dependence of metabolism in aquatic ectotherms. Proc. Natl. Acad. Sci. U.S.A. 117, 31963-3196 (2020).","Lampetra fluviatilis",-4787.35547680534,-1628.02388294841,32.4701150460995,-1.88743442551193,-0.0029329313331031,-6.55008083578123,-8.54466451312912,41.7519946963276,837,"Lampetra fluviatilis",277.95,TRUE,-7.6696278247928,-0.875036688336323
"Cephalaspidomorphi","Petromyzontiformes","Petromyzontidae","Lampetra","fluviatilis",1.4299999984686,0.0014299999984686,9.4,"C","J. G. Rubalcaba, W. C. E. P. Verberk, A. J. Hendriks. B. Saris, H. A. Woods, Oxygen limitation may affect the temperature and size dependence of metabolism in aquatic ectotherms. Proc. Natl. Acad. Sci. U.S.A. 117, 31963-3196 (2020).","Lampetra fluviatilis",-4787.35547680534,-1628.02388294841,32.4701150460995,-1.88743442551193,-0.0029329313331031,-6.55008083578123,-8.38644052741253,41.0722595145789,838,"Lampetra fluviatilis",282.55,TRUE,-7.19702557490482,-1.18941495250771
"Cephalaspidomorphi","Petromyzontiformes","Petromyzontidae","Lampetra","fluviatilis",1.4299999984686,0.0014299999984686,10,"C","J. G. Rubalcaba, W. C. E. P. Verberk, A. J. Hendriks. B. Saris, H. A. Woods, Oxygen limitation may affect the temperature and size dependence of metabolism in aquatic ectotherms. Proc. Natl. Acad. Sci. U.S.A. 117, 31963-3196 (2020).","Lampetra fluviatilis",-4787.35547680534,-1628.02388294841,32.4701150460995,-1.88743442551193,-0.0029329313331031,-6.55008083578123,-8.31582294524243,40.9852266496354,839,"Lampetra fluviatilis",283.15,TRUE,-7.1365138802171,-1.17930906502534
"Cephalaspidomorphi","Petromyzontiformes","Petromyzontidae","Lampetra","fluviatilis",1.4299999984686,0.0014299999984686,10,"C","J. G. Rubalcaba, W. C. E. P. Verberk, A. J. Hendriks. B. Saris, H. A. Woods, Oxygen limitation may affect the temperature and size dependence of metabolism in aquatic ectotherms. Proc. Natl. Acad. Sci. U.S.A. 117, 31963-3196 (2020).","Lampetra fluviatilis",-4787.35547680534,-1628.02388294841,32.4701150460995,-1.88743442551193,-0.0029329313331031,-6.55008083578123,-8.20819228058643,40.9852266496354,840,"Lampetra fluviatilis",283.15,TRUE,-7.1365138802171,-1.07167840036933
"Cephalaspidomorphi","Petromyzontiformes","Petromyzontidae","Lampetra","fluviatilis",1.4299999984686,0.0014299999984686,9.8,"C","J. G. Rubalcaba, W. C. E. P. Verberk, A. J. Hendriks. B. Saris, H. A. Woods, Oxygen limitation may affect the temperature and size dependence of metabolism in aquatic ectotherms. Proc. Natl. Acad. Sci. U.S.A. 117, 31963-3196 (2020).","Lampetra fluviatilis",-4787.35547680534,-1628.02388294841,32.4701150460995,-1.88743442551193,-0.0029329313331031,-6.55008083578123,-7.66919579005067,41.0141965924872,841,"Lampetra fluviatilis",282.95,TRUE,-7.15665593044271,-0.51253985960796
"Cephalaspidomorphi","Petromyzontiformes","Petromyzontidae","Lampetra","fluviatilis",1.4299999984686,0.0014299999984686,14.7,"C","J. G. Rubalcaba, W. C. E. P. Verberk, A. J. Hendriks. B. Saris, H. A. Woods, Oxygen limitation may affect the temperature and size dependence of metabolism in aquatic ectotherms. Proc. Natl. Acad. Sci. U.S.A. 117, 31963-3196 (2020).","Lampetra fluviatilis",-4787.35547680534,-1628.02388294841,32.4701150460995,-1.88743442551193,-0.0029329313331031,-6.55008083578123,-7.15837015914676,40.316021976183,842,"Lampetra fluviatilis",287.85,TRUE,-6.67123321974647,-0.487136939400291
"Cephalaspidomorphi","Petromyzontiformes","Petromyzontidae","Lampetra","fluviatilis",23.299999998604,0.023299999998604,16,"C","J. G. Rubalcaba, W. C. E. P. Verberk, A. J. Hendriks. B. Saris, H. A. Woods, Oxygen limitation may affect the temperature and size dependence of metabolism in aquatic ectotherms. Proc. Natl. Acad. Sci. U.S.A. 117, 31963-3196 (2020).","Lampetra fluviatilis",-4787.35547680534,-1628.02388294841,32.4701150460995,-1.88743442551193,-0.0029329313331031,-3.7593019184704,-4.590734797148,40.1347637068797,843,"Lampetra fluviatilis",289.15,TRUE,-4.39987954336707,-0.190855253780922
"Cephalaspidomorphi","Petromyzontiformes","Petromyzontidae","Lampetra","fluviatilis",28.599999991502,0.028599999991502,16,"C","J. G. Rubalcaba, W. C. E. P. Verberk, A. J. Hendriks. B. Saris, H. A. Woods, Oxygen limitation may affect the temperature and size dependence of metabolism in aquatic ectotherms. Proc. Natl. Acad. Sci. U.S.A. 117, 31963-3196 (2020).","Lampetra fluviatilis",-4787.35547680534,-1628.02388294841,32.4701150460995,-1.88743442551193,-0.0029329313331031,-3.55434856145346,-4.63837219217291,40.1347637068797,844,"Lampetra fluviatilis",289.15,TRUE,-4.24232765691284,-0.396044535260067
"Cephalaspidomorphi","Petromyzontiformes","Petromyzontidae","Lampetra","fluviatilis",29.2999999761097,0.0292999999761097,9.5,"C","J. G. Rubalcaba, W. C. E. P. Verberk, A. J. Hendriks. B. Saris, H. A. Woods, Oxygen limitation may affect the temperature and size dependence of metabolism in aquatic ectotherms. Proc. Natl. Acad. Sci. U.S.A. 117, 31963-3196 (2020).","Lampetra fluviatilis",-4787.35547680534,-1628.02388294841,32.4701150460995,-1.88743442551193,-0.0029329313331031,-3.53016776377448,-5.25145811618703,41.0577283773015,845,"Lampetra fluviatilis",282.65,TRUE,-4.865452785078,-0.386005331109027
"Cephalaspidomorphi","Petromyzontiformes","Petromyzontidae","Lampetra","fluviatilis",30.3000000347233,0.0303000000347233,9.5,"C","J. G. Rubalcaba, W. C. E. P. Verberk, A. J. Hendriks. B. Saris, H. A. Woods, Oxygen limitation may affect the temperature and size dependence of metabolism in aquatic ectotherms. Proc. Natl. Acad. Sci. U.S.A. 117, 31963-3196 (2020).","Lampetra fluviatilis",-4787.35547680534,-1628.02388294841,32.4701150460995,-1.88743442551193,-0.0029329313331031,-3.49660756532083,-5.33296724987816,41.0577283773015,846,"Lampetra fluviatilis",282.65,TRUE,-4.8396543660957,-0.493312883782457
"Cephalaspidomorphi","Petromyzontiformes","Petromyzontidae","Lampetra","fluviatilis",32.8000000217753,0.0328000000217753,9.5,"C","J. G. Rubalcaba, W. C. E. P. Verberk, A. J. Hendriks. B. Saris, H. A. Woods, Oxygen limitation may affect the temperature and size dependence of metabolism in aquatic ectotherms. Proc. Natl. Acad. Sci. U.S.A. 117, 31963-3196 (2020).","Lampetra fluviatilis",-4787.35547680534,-1628.02388294841,32.4701150460995,-1.88743442551193,-0.0029329313331031,-3.41732676292816,-5.38373957541933,41.0577283773015,847,"Lampetra fluviatilis",282.65,TRUE,-4.77870957281018,-0.605030002609154
"Cephalaspidomorphi","Petromyzontiformes","Petromyzontidae","Lampetra","fluviatilis",32.8000000217753,0.0328000000217753,9.5,"C","J. G. Rubalcaba, W. C. E. P. Verberk, A. J. Hendriks. B. Saris, H. A. Woods, Oxygen limitation may affect the temperature and size dependence of metabolism in aquatic ectotherms. Proc. Natl. Acad. Sci. U.S.A. 117, 31963-3196 (2020).","Lampetra fluviatilis",-4787.35547680534,-1628.02388294841,32.4701150460995,-1.88743442551193,-0.0029329313331031,-3.41732676292816,-4.99696660027766,41.0577283773015,848,"Lampetra fluviatilis",282.65,TRUE,-4.77870957281018,-0.218257027467482
"Cephalaspidomorphi","Petromyzontiformes","Petromyzontidae","Lampetra","fluviatilis",33.2000000226251,0.0332000000226251,16,"C","J. G. Rubalcaba, W. C. E. P. Verberk, A. J. Hendriks. B. Saris, H. A. Woods, Oxygen limitation may affect the temperature and size dependence of metabolism in aquatic ectotherms. Proc. Natl. Acad. Sci. U.S.A. 117, 31963-3196 (2020).","Lampetra fluviatilis",-4787.35547680534,-1628.02388294841,32.4701150460995,-1.88743442551193,-0.0029329313331031,-3.40520540237822,-4.62440381256256,40.1347637068797,849,"Lampetra fluviatilis",289.15,TRUE,-4.12767822444656,-0.496725588116002
"Cephalaspidomorphi","Petromyzontiformes","Petromyzontidae","Lampetra","fluviatilis",36.9999999942923,0.0369999999942923,16.5,"C","J. G. Rubalcaba, W. C. E. P. Verberk, A. J. Hendriks. B. Saris, H. A. Woods, Oxygen limitation may affect the temperature and size dependence of metabolism in aquatic ectotherms. Proc. Natl. Acad. Sci. U.S.A. 117, 31963-3196 (2020).","Lampetra fluviatilis",-4787.35547680534,-1628.02388294841,32.4701150460995,-1.88743442551193,-0.0029329313331031,-3.29683736649217,-3.90512669363335,40.0654822228354,850,"Lampetra fluviatilis",289.65,TRUE,-3.99620385314963,0.0910771595162885
"Cephalaspidomorphi","Petromyzontiformes","Petromyzontidae","Lampetra","fluviatilis",39.4000000158242,0.0394000000158242,9.5,"C","J. G. Rubalcaba, W. C. E. P. Verberk, A. J. Hendriks. B. Saris, H. A. Woods, Oxygen limitation may affect the temperature and size dependence of metabolism in aquatic ectotherms. Proc. Natl. Acad. Sci. U.S.A. 117, 31963-3196 (2020).","Lampetra fluviatilis",-4787.35547680534,-1628.02388294841,32.4701150460995,-1.88743442551193,-0.0029329313331031,-3.23398946227662,-4.99973157874964,41.0577283773015,851,"Lampetra fluviatilis",282.65,TRUE,-4.63777439616561,-0.361957182584021
"Cephalaspidomorphi","Petromyzontiformes","Petromyzontidae","Lampetra","fluviatilis",41.1999999968566,0.0411999999968566,9.5,"C","J. G. Rubalcaba, W. C. E. P. Verberk, A. J. Hendriks. B. Saris, H. A. Woods, Oxygen limitation may affect the temperature and size dependence of metabolism in aquatic ectotherms. Proc. Natl. Acad. Sci. U.S.A. 117, 31963-3196 (2020).","Lampetra fluviatilis",-4787.35547680534,-1628.02388294841,32.4701150460995,-1.88743442551193,-0.0029329313331031,-3.18931702270295,-5.15572983440696,41.0577283773015,852,"Lampetra fluviatilis",282.65,TRUE,-4.60343376749876,-0.552296066908204
"Cephalaspidomorphi","Petromyzontiformes","Petromyzontidae","Lampetra","fluviatilis",42.2000000037241,0.0422000000037241,16,"C","J. G. Rubalcaba, W. C. E. P. Verberk, A. J. Hendriks. B. Saris, H. A. Woods, Oxygen limitation may affect the temperature and size dependence of metabolism in aquatic ectotherms. Proc. Natl. Acad. Sci. U.S.A. 117, 31963-3196 (2020).","Lampetra fluviatilis",-4787.35547680534,-1628.02388294841,32.4701150460995,-1.88743442551193,-0.0029329313331031,-3.16533505785192,-4.33324017294517,40.1347637068797,853,"Lampetra fluviatilis",289.15,TRUE,-3.94328492718808,-0.389955245757085
"Cephalaspidomorphi","Petromyzontiformes","Petromyzontidae","Lampetra","fluviatilis",42.6999999975396,0.0426999999975396,9.5,"C","J. G. Rubalcaba, W. C. E. P. Verberk, A. J. Hendriks. B. Saris, H. A. Woods, Oxygen limitation may affect the temperature and size dependence of metabolism in aquatic ectotherms. Proc. Natl. Acad. Sci. U.S.A. 117, 31963-3196 (2020).","Lampetra fluviatilis",-4787.35547680534,-1628.02388294841,32.4701150460995,-1.88743442551193,-0.0029329313331031,-3.15355635880518,-5.09257019549252,41.0577283773015,854,"Lampetra fluviatilis",282.65,TRUE,-4.57594380519731,-0.516626390295207
"Cephalaspidomorphi","Petromyzontiformes","Petromyzontidae","Lampetra","fluviatilis",43.7000000029762,0.0437000000029762,9.5,"C","J. G. Rubalcaba, W. C. E. P. Verberk, A. J. Hendriks. B. Saris, H. A. Woods, Oxygen limitation may affect the temperature and size dependence of metabolism in aquatic ectotherms. Proc. Natl. Acad. Sci. U.S.A. 117, 31963-3196 (2020).","Lampetra fluviatilis",-4787.35547680534,-1628.02388294841,32.4701150460995,-1.88743442551193,-0.0029329313331031,-3.13040717681249,-5.06942101392774,41.0577283773015,855,"Lampetra fluviatilis",282.65,TRUE,-4.55814854999435,-0.511272463933398
"Cephalaspidomorphi","Petromyzontiformes","Petromyzontidae","Lampetra","fluviatilis",44.1999999644714,0.0441999999644714,9.5,"C","J. G. Rubalcaba, W. C. E. P. Verberk, A. J. Hendriks. B. Saris, H. A. Woods, Oxygen limitation may affect the temperature and size dependence of metabolism in aquatic ectotherms. Proc. Natl. Acad. Sci. U.S.A. 117, 31963-3196 (2020).","Lampetra fluviatilis",-4787.35547680534,-1628.02388294841,32.4701150460995,-1.88743442551193,-0.0029329313331031,-3.1190304907023,-5.14260171478556,41.0577283773015,856,"Lampetra fluviatilis",282.65,TRUE,-4.54940305597392,-0.593198658811643
"Cephalaspidomorphi","Petromyzontiformes","Petromyzontidae","Lampetra","fluviatilis",45.2000000196307,0.0452000000196307,16,"C","J. G. Rubalcaba, W. C. E. P. Verberk, A. J. Hendriks. B. Saris, H. A. Woods, Oxygen limitation may affect the temperature and size dependence of metabolism in aquatic ectotherms. Proc. Natl. Acad. Sci. U.S.A. 117, 31963-3196 (2020).","Lampetra fluviatilis",-4787.35547680534,-1628.02388294841,32.4701150460995,-1.88743442551193,-0.0029329313331031,-3.09665819170964,-4.05147009179233,40.1347637068797,857,"Lampetra fluviatilis",289.15,TRUE,-3.89049159911595,-0.160978492676384
"Cephalaspidomorphi","Petromyzontiformes","Petromyzontidae","Lampetra","fluviatilis",45.6999999926498,0.0456999999926498,9.5,"C","J. G. Rubalcaba, W. C. E. P. Verberk, A. J. Hendriks. B. Saris, H. A. Woods, Oxygen limitation may affect the temperature and size dependence of metabolism in aquatic ectotherms. Proc. Natl. Acad. Sci. U.S.A. 117, 31963-3196 (2020).","Lampetra fluviatilis",-4787.35547680534,-1628.02388294841,32.4701150460995,-1.88743442551193,-0.0029329313331031,-3.08565698124281,-4.78544112939423,41.0577283773015,858,"Lampetra fluviatilis",282.65,TRUE,-4.52374814868442,-0.261692980709805
"Cephalaspidomorphi","Petromyzontiformes","Petromyzontidae","Lampetra","fluviatilis",46.7999999920123,0.0467999999920123,9.5,"C","J. G. Rubalcaba, W. C. E. P. Verberk, A. J. Hendriks. B. Saris, H. A. Woods, Oxygen limitation may affect the temperature and size dependence of metabolism in aquatic ectotherms. Proc. Natl. Acad. Sci. U.S.A. 117, 31963-3196 (2020).","Lampetra fluviatilis",-4787.35547680534,-1628.02388294841,32.4701150460995,-1.88743442551193,-0.0029329313331031,-3.06187207622921,-4.97421766617459,41.0577283773015,859,"Lampetra fluviatilis",282.65,TRUE,-4.50546420004084,-0.468753466133752
"Cephalaspidomorphi","Petromyzontiformes","Petromyzontidae","Lampetra","fluviatilis",46.7999999920123,0.0467999999920123,9.5,"C","J. G. Rubalcaba, W. C. E. P. Verberk, A. J. Hendriks. B. Saris, H. A. Woods, Oxygen limitation may affect the temperature and size dependence of metabolism in aquatic ectotherms. Proc. Natl. Acad. Sci. U.S.A. 117, 31963-3196 (2020).","Lampetra fluviatilis",-4787.35547680534,-1628.02388294841,32.4701150460995,-1.88743442551193,-0.0029329313331031,-3.06187207622921,-4.94824217973013,41.0577283773015,860,"Lampetra fluviatilis",282.65,TRUE,-4.50546420004084,-0.442777979689294
"Cephalaspidomorphi","Petromyzontiformes","Petromyzontidae","Lampetra","fluviatilis",46.7999999920123,0.0467999999920123,9.5,"C","J. G. Rubalcaba, W. C. E. P. Verberk, A. J. Hendriks. B. Saris, H. A. Woods, Oxygen limitation may affect the temperature and size dependence of metabolism in aquatic ectotherms. Proc. Natl. Acad. Sci. U.S.A. 117, 31963-3196 (2020).","Lampetra fluviatilis",-4787.35547680534,-1628.02388294841,32.4701150460995,-1.88743442551193,-0.0029329313331031,-3.06187207622921,-4.92292437170669,41.0577283773015,861,"Lampetra fluviatilis",282.65,TRUE,-4.50546420004084,-0.417460171665852
"Cephalaspidomorphi","Petromyzontiformes","Petromyzontidae","Lampetra","fluviatilis",46.7999999920123,0.0467999999920123,9.5,"C","J. G. Rubalcaba, W. C. E. P. Verberk, A. J. Hendriks. B. Saris, H. A. Woods, Oxygen limitation may affect the temperature and size dependence of metabolism in aquatic ectotherms. Proc. Natl. Acad. Sci. U.S.A. 117, 31963-3196 (2020).","Lampetra fluviatilis",-4787.35547680534,-1628.02388294841,32.4701150460995,-1.88743442551193,-0.0029329313331031,-3.06187207622921,-4.89823175907908,41.0577283773015,862,"Lampetra fluviatilis",282.65,TRUE,-4.50546420004084,-0.39276755903824
"Cephalaspidomorphi","Petromyzontiformes","Petromyzontidae","Lampetra","fluviatilis",48.8999999860808,0.0488999999860808,16,"C","J. G. Rubalcaba, W. C. E. P. Verberk, A. J. Hendriks. B. Saris, H. A. Woods, Oxygen limitation may affect the temperature and size dependence of metabolism in aquatic ectotherms. Proc. Natl. Acad. Sci. U.S.A. 117, 31963-3196 (2020).","Lampetra fluviatilis",-4787.35547680534,-1628.02388294841,32.4701150460995,-1.88743442551193,-0.0029329313331031,-3.01797788278596,-3.89508079775064,40.1347637068797,863,"Lampetra fluviatilis",289.15,TRUE,-3.8300084175855,-0.0650723801651321
"Cephalaspidomorphi","Petromyzontiformes","Petromyzontidae","Lampetra","fluviatilis",49.5000000075717,0.0495000000075717,9.5,"C","J. G. Rubalcaba, W. C. E. P. Verberk, A. J. Hendriks. B. Saris, H. A. Woods, Oxygen limitation may affect the temperature and size dependence of metabolism in aquatic ectotherms. Proc. Natl. Acad. Sci. U.S.A. 117, 31963-3196 (2020).","Lampetra fluviatilis",-4787.35547680534,-1628.02388294841,32.4701150460995,-1.88743442551193,-0.0029329313331031,-3.00578260925453,-4.91812819987419,41.0577283773015,864,"Lampetra fluviatilis",282.65,TRUE,-4.46234706616855,-0.455781133705634
"Cephalaspidomorphi","Petromyzontiformes","Petromyzontidae","Lampetra","fluviatilis",49.5000000075717,0.0495000000075717,16,"C","J. G. Rubalcaba, W. C. E. P. Verberk, A. J. Hendriks. B. Saris, H. A. Woods, Oxygen limitation may affect the temperature and size dependence of metabolism in aquatic ectotherms. Proc. Natl. Acad. Sci. U.S.A. 117, 31963-3196 (2020).","Lampetra fluviatilis",-4787.35547680534,-1628.02388294841,32.4701150460995,-1.88743442551193,-0.0029329313331031,-3.00578260925453,-3.9209853710464,40.1347637068797,865,"Lampetra fluviatilis",289.15,TRUE,-3.82063365847608,-0.10035171257032
"Cephalaspidomorphi","Petromyzontiformes","Petromyzontidae","Lampetra","fluviatilis",50.699999961086,0.050699999961086,16,"C","J. G. Rubalcaba, W. C. E. P. Verberk, A. J. Hendriks. B. Saris, H. A. Woods, Oxygen limitation may affect the temperature and size dependence of metabolism in aquatic ectotherms. Proc. Natl. Acad. Sci. U.S.A. 117, 31963-3196 (2020).","Lampetra fluviatilis",-4787.35547680534,-1628.02388294841,32.4701150460995,-1.88743442551193,-0.0029329313331031,-2.98182936915253,-4.20102777781749,40.1347637068797,866,"Lampetra fluviatilis",289.15,TRUE,-3.80222030716684,-0.398807470650654
"Cephalaspidomorphi","Petromyzontiformes","Petromyzontidae","Lampetra","fluviatilis",52.4000000019634,0.0524000000019634,9.5,"C","J. G. Rubalcaba, W. C. E. P. Verberk, A. J. Hendriks. B. Saris, H. A. Woods, Oxygen limitation may affect the temperature and size dependence of metabolism in aquatic ectotherms. Proc. Natl. Acad. Sci. U.S.A. 117, 31963-3196 (2020).","Lampetra fluviatilis",-4787.35547680534,-1628.02388294841,32.4701150460995,-1.88743442551193,-0.0029329313331031,-2.94884868761767,-4.97241991304307,41.0577283773015,867,"Lampetra fluviatilis",282.65,TRUE,-4.41858078252391,-0.55383913051916
"Cephalaspidomorphi","Petromyzontiformes","Petromyzontidae","Lampetra","fluviatilis",53.0000000487185,0.0530000000487185,9.5,"C","J. G. Rubalcaba, W. C. E. P. Verberk, A. J. Hendriks. B. Saris, H. A. Woods, Oxygen limitation may affect the temperature and size dependence of metabolism in aquatic ectotherms. Proc. Natl. Acad. Sci. U.S.A. 117, 31963-3196 (2020).","Lampetra fluviatilis",-4787.35547680534,-1628.02388294841,32.4701150460995,-1.88743442551193,-0.0029329313331031,-2.9374633645108,-4.79851566083044,41.0577283773015,868,"Lampetra fluviatilis",282.65,TRUE,-4.40982864906541,-0.388687011765027
"Cephalaspidomorphi","Petromyzontiformes","Petromyzontidae","Lampetra","fluviatilis",53.0000000487185,0.0530000000487185,16,"C","J. G. Rubalcaba, W. C. E. P. Verberk, A. J. Hendriks. B. Saris, H. A. Woods, Oxygen limitation may affect the temperature and size dependence of metabolism in aquatic ectotherms. Proc. Natl. Acad. Sci. U.S.A. 117, 31963-3196 (2020).","Lampetra fluviatilis",-4787.35547680534,-1628.02388294841,32.4701150460995,-1.88743442551193,-0.0029329313331031,-2.9374633645108,-3.8822249292259,40.1347637068797,869,"Lampetra fluviatilis",289.15,TRUE,-3.76811524137294,-0.114109687852965
"Cephalaspidomorphi","Petromyzontiformes","Petromyzontidae","Lampetra","fluviatilis",54.2000000576093,0.0542000000576093,16,"C","J. G. Rubalcaba, W. C. E. P. Verberk, A. J. Hendriks. B. Saris, H. A. Woods, Oxygen limitation may affect the temperature and size dependence of metabolism in aquatic ectotherms. Proc. Natl. Acad. Sci. U.S.A. 117, 31963-3196 (2020).","Lampetra fluviatilis",-4787.35547680534,-1628.02388294841,32.4701150460995,-1.88743442551193,-0.0029329313331031,-2.91507436947363,-4.05828687308232,40.1347637068797,870,"Lampetra fluviatilis",289.15,TRUE,-3.75090435761255,-0.307382515469772
"Cephalaspidomorphi","Petromyzontiformes","Petromyzontidae","Lampetra","fluviatilis",55.4999999843228,0.0554999999843228,9.5,"C","J. G. Rubalcaba, W. C. E. P. Verberk, A. J. Hendriks. B. Saris, H. A. Woods, Oxygen limitation may affect the temperature and size dependence of metabolism in aquatic ectotherms. Proc. Natl. Acad. Sci. U.S.A. 117, 31963-3196 (2020).","Lampetra fluviatilis",-4787.35547680534,-1628.02388294841,32.4701150460995,-1.88743442551193,-0.0029329313331031,-2.89137225851222,-4.70363438966721,41.0577283773015,871,"Lampetra fluviatilis",282.65,TRUE,-4.37439746216254,-0.329236927504669
"Cephalaspidomorphi","Petromyzontiformes","Petromyzontidae","Lampetra","fluviatilis",55.4999999843228,0.0554999999843228,9.5,"C","J. G. Rubalcaba, W. C. E. P. Verberk, A. J. Hendriks. B. Saris, H. A. Woods, Oxygen limitation may affect the temperature and size dependence of metabolism in aquatic ectotherms. Proc. Natl. Acad. Sci. U.S.A. 117, 31963-3196 (2020).","Lampetra fluviatilis",-4787.35547680534,-1628.02388294841,32.4701150460995,-1.88743442551193,-0.0029329313331031,-2.89137225851222,-4.59115640651443,41.0577283773015,872,"Lampetra fluviatilis",282.65,TRUE,-4.37439746216254,-0.216758944351892
"Cephalaspidomorphi","Petromyzontiformes","Petromyzontidae","Lampetra","fluviatilis",56.0999999669103,0.0560999999669103,9.5,"C","J. G. Rubalcaba, W. C. E. P. Verberk, A. J. Hendriks. B. Saris, H. A. Woods, Oxygen limitation may affect the temperature and size dependence of metabolism in aquatic ectotherms. Proc. Natl. Acad. Sci. U.S.A. 117, 31963-3196 (2020).","Lampetra fluviatilis",-4787.35547680534,-1628.02388294841,32.4701150460995,-1.88743442551193,-0.0029329313331031,-2.88061946704332,-4.87520315455705,41.0577283773015,873,"Lampetra fluviatilis",282.65,TRUE,-4.36613156886256,-0.509071585694482
"Cephalaspidomorphi","Petromyzontiformes","Petromyzontidae","Lampetra","fluviatilis",56.8000000377949,0.0568000000377949,9.5,"C","J. G. Rubalcaba, W. C. E. P. Verberk, A. J. Hendriks. B. Saris, H. A. Woods, Oxygen limitation may affect the temperature and size dependence of metabolism in aquatic ectotherms. Proc. Natl. Acad. Sci. U.S.A. 117, 31963-3196 (2020).","Lampetra fluviatilis",-4787.35547680534,-1628.02388294841,32.4701150460995,-1.88743442551193,-0.0029329313331031,-2.86821895258963,-4.78056454332582,41.0577283773015,874,"Lampetra fluviatilis",282.65,TRUE,-4.35659903680933,-0.423965506516487
"Cephalaspidomorphi","Petromyzontiformes","Petromyzontidae","Lampetra","fluviatilis",56.8000000377949,0.0568000000377949,9.5,"C","J. G. Rubalcaba, W. C. E. P. Verberk, A. J. Hendriks. B. Saris, H. A. Woods, Oxygen limitation may affect the temperature and size dependence of metabolism in aquatic ectotherms. Proc. Natl. Acad. Sci. U.S.A. 117, 31963-3196 (2020).","Lampetra fluviatilis",-4787.35547680534,-1628.02388294841,32.4701150460995,-1.88743442551193,-0.0029329313331031,-2.86821895258963,-4.46690698452171,41.0577283773015,875,"Lampetra fluviatilis",282.65,TRUE,-4.35659903680933,-0.110307947712381
"Cephalaspidomorphi","Petromyzontiformes","Petromyzontidae","Lampetra","fluviatilis",58.7999999896914,0.0587999999896914,9.5,"C","J. G. Rubalcaba, W. C. E. P. Verberk, A. J. Hendriks. B. Saris, H. A. Woods, Oxygen limitation may affect the temperature and size dependence of metabolism in aquatic ectotherms. Proc. Natl. Acad. Sci. U.S.A. 117, 31963-3196 (2020).","Lampetra fluviatilis",-4787.35547680534,-1628.02388294841,32.4701150460995,-1.88743442551193,-0.0029329313331031,-2.83361342425287,-4.74595901401323,41.0577283773015,876,"Lampetra fluviatilis",282.65,TRUE,-4.32999705111581,-0.415961962897418
"Cephalaspidomorphi","Petromyzontiformes","Petromyzontidae","Lampetra","fluviatilis",62.2000000442812,0.0622000000442812,9.5,"C","J. G. Rubalcaba, W. C. E. P. Verberk, A. J. Hendriks. B. Saris, H. A. Woods, Oxygen limitation may affect the temperature and size dependence of metabolism in aquatic ectotherms. Proc. Natl. Acad. Sci. U.S.A. 117, 31963-3196 (2020).","Lampetra fluviatilis",-4787.35547680534,-1628.02388294841,32.4701150460995,-1.88743442551193,-0.0029329313331031,-2.77740027852509,-4.52066953944968,41.0577283773015,877,"Lampetra fluviatilis",282.65,TRUE,-4.28678484282684,-0.233884696622839
"Cephalaspidomorphi","Petromyzontiformes","Petromyzontidae","Lampetra","fluviatilis",63.6000000514878,0.0636000000514878,9.5,"C","J. G. Rubalcaba, W. C. E. P. Verberk, A. J. Hendriks. B. Saris, H. A. Woods, Oxygen limitation may affect the temperature and size dependence of metabolism in aquatic ectotherms. Proc. Natl. Acad. Sci. U.S.A. 117, 31963-3196 (2020).","Lampetra fluviatilis",-4787.35547680534,-1628.02388294841,32.4701150460995,-1.88743442551193,-0.0029329313331031,-2.7551418078265,-4.74972549711038,41.0577283773015,878,"Lampetra fluviatilis",282.65,TRUE,-4.26967429582634,-0.480051201284034
"Teleostei","Osteoglossiformes","Mormyridae","Petrocephalus","catostoma",2.9899999977663,0.0029899999977663,20,"C","J. G. Rubalcaba, W. C. E. P. Verberk, A. J. Hendriks. B. Saris, H. A. Woods, Oxygen limitation may affect the temperature and size dependence of metabolism in aquatic ectotherms. Proc. Natl. Acad. Sci. U.S.A. 117, 31963-3196 (2020).","Petrocephalus catostoma",-5478.17471535787,6923.87195295277,-9.86509190714357,0.148270090189226,9.64690750252623e-05,-5.8124818923266,-6.57128304236092,39.5871292029482,1232,"Petrocephalus catostoma",293.15,TRUE,-5.59744540059326,-0.973837641767669
"Chondrostei","Acipenseriformes","Polyodontidae","Polyodon","spathula",10.0899999944958,0.0100899999944958,26,"C","J. G. Rubalcaba, W. C. E. P. Verberk, A. J. Hendriks. B. Saris, H. A. Woods, Oxygen limitation may affect the temperature and size dependence of metabolism in aquatic ectotherms. Proc. Natl. Acad. Sci. U.S.A. 117, 31963-3196 (2020).","Polyodon spathula",-5478.17471535787,6923.87195295277,-9.86509190714357,0.148270090189226,9.64690750252623e-05,-4.59621044516213,-4.5327141330575,38.7931369742412,1342,"Polyodon spathula",299.15,TRUE,-4.11043015939798,-0.422283973659515
"Chondrostei","Acipenseriformes","Polyodontidae","Polyodon","spathula",10.1600000012188,0.0101600000012188,18,"C","J. G. Rubalcaba, W. C. E. P. Verberk, A. J. Hendriks. B. Saris, H. A. Woods, Oxygen limitation may affect the temperature and size dependence of metabolism in aquatic ectotherms. Proc. Natl. Acad. Sci. U.S.A. 117, 31963-3196 (2020).","Polyodon spathula",-5478.17471535787,6923.87195295277,-9.86509190714357,0.148270090189226,9.64690750252623e-05,-4.58929683671184,-4.79182110094328,39.8590655189568,1343,"Polyodon spathula",291.15,TRUE,-4.84622800870776,0.0544069077644824
"Insecta","Hymenoptera","Apidae","Apis","mellifera",0.0944,9.44e-05,25,"C","A. M. Makarieva et al., Mean mass-specific metabolic rates are strikingly similar across life's major domains: Evidence for life's metabolic optimum. Proc. Natl. Acad. Sci. U.S.A. 105, 16994-16999 (2008).","Apis mellifera",-4787.35547680534,-1628.02388294841,32.4701150460995,-1.88743442551193,-0.0029329313331031,-9.26796948481282,-7.40714652512246,38.9232497932056,1628,"Apis mellifera",298.15,TRUE,-7.7921720715622,0.385025546439738
"Insecta","Hymenoptera","Formicidae","Atta","laevigata",0.015,1.5e-05,25,"C","A. M. Makarieva et al., Mean mass-specific metabolic rates are strikingly similar across life's major domains: Evidence for life's metabolic optimum. Proc. Natl. Acad. Sci. U.S.A. 105, 16994-16999 (2008).","Atta laevigata",-4787.35547680534,-1628.02388294841,32.4701150460995,-1.88743442551193,-0.0029329313331031,-11.1074603568621,-10.2544644753602,38.9232497932056,1629,"Atta laevigata",298.15,TRUE,-9.2062267678352,-1.04823770752503
"Insecta","Hymenoptera","Apidae","Bombus","terrestris",0.74,0.00074,25,"C","A. M. Makarieva et al., Mean mass-specific metabolic rates are strikingly similar across life's major domains: Evidence for life's metabolic optimum. Proc. Natl. Acad. Sci. U.S.A. 105, 16994-16999 (2008).","Bombus terrestris",-4787.35547680534,-1628.02388294841,32.4701150460995,-1.88743442551193,-0.0029329313331031,-7.20886037176606,-7.10401350151509,38.9232497932056,1632,"Bombus terrestris",298.15,TRUE,-6.20929228907185,-0.894721212443236
"Insecta","Lepidoptera","Bombycidae","Bombyx","mori",0.49,0.00049,25,"C","A. M. Makarieva et al., Mean mass-specific metabolic rates are strikingly similar across life's major domains: Evidence for life's metabolic optimum. Proc. Natl. Acad. Sci. U.S.A. 105, 16994-16999 (2008).","Bombyx mori",-4787.35547680534,-1628.02388294841,32.4701150460995,-1.88743442551193,-0.0029329313331031,-7.6211051668596,-5.65710883445853,38.9232497932056,1633,"Bombyx mori",298.15,TRUE,-6.52619339327071,0.86908455881218
"Insecta","Hymenoptera","Formicidae","Cataglyphis","bicolor",0.034,3.4e-05,25,"C","A. M. Makarieva et al., Mean mass-specific metabolic rates are strikingly similar across life's major domains: Evidence for life's metabolic optimum. Proc. Natl. Acad. Sci. U.S.A. 105, 16994-16999 (2008).","Cataglyphis bicolor",-4787.35547680534,-1628.02388294841,32.4701150460995,-1.88743442551193,-0.0029329313331031,-10.2891500333481,-10.1832014553387,38.9232497932056,1634,"Cataglyphis bicolor",298.15,TRUE,-8.57717468959112,-1.60602676574761
"Insecta","Lepidoptera","Sphingidae","Deilephila","elpenor",0.6,6e-04,25,"C","A. M. Makarieva et al., Mean mass-specific metabolic rates are strikingly similar across life's major domains: Evidence for life's metabolic optimum. Proc. Natl. Acad. Sci. U.S.A. 105, 16994-16999 (2008).","Deilephila elpenor",-4787.35547680534,-1628.02388294841,32.4701150460995,-1.88743442551193,-0.0029329313331031,-7.41858090274813,-7.02070003799827,38.9232497932056,1635,"Deilephila elpenor",298.15,TRUE,-6.37050880079593,-0.650191237202343
"Insecta","Diptera","Drosophilidae","Drosophila","americana",0.0011,1.1e-06,25,"C","A. M. Makarieva et al., Mean mass-specific metabolic rates are strikingly similar across life's major domains: Evidence for life's metabolic optimum. Proc. Natl. Acad. Sci. U.S.A. 105, 16994-16999 (2008).","Drosophila americana",-4787.35547680534,-1628.02388294841,32.4701150460995,-1.88743442551193,-0.0029329313331031,-13.7202003781599,-11.0876577295659,38.9232497932056,1637,"Drosophila americana",298.15,TRUE,-11.2146940852842,0.127036355718317
"Insecta","Diptera","Drosophilidae","Drosophila","mimica",0.00244,2.44e-06,25,"C","A. M. Makarieva et al., Mean mass-specific metabolic rates are strikingly similar across life's major domains: Evidence for life's metabolic optimum. Proc. Natl. Acad. Sci. U.S.A. 105, 16994-16999 (2008).","Drosophila mimica",-4787.35547680534,-1628.02388294841,32.4701150460995,-1.88743442551193,-0.0029329313331031,-12.9235125186592,-9.91353788838963,38.9232497932056,1638,"Drosophila mimica",298.15,TRUE,-10.6022636425412,0.688725754151605
"Insecta","Diptera","Drosophilidae","Drosophila","nikananu",0.00049,4.9e-07,25,"C","A. M. Makarieva et al., Mean mass-specific metabolic rates are strikingly similar across life's major domains: Evidence for life's metabolic optimum. Proc. Natl. Acad. Sci. U.S.A. 105, 16994-16999 (2008).","Drosophila nikananu",-4787.35547680534,-1628.02388294841,32.4701150460995,-1.88743442551193,-0.0029329313331031,-14.5288604458417,-10.850237491895,38.9232497932056,1639,"Drosophila nikananu",298.15,TRUE,-11.836327812186,0.986090320291042
"Insecta","Diptera","Drosophilidae","Drosophila","virilis",0.00167,1.67e-06,25,"C","A. M. Makarieva et al., Mean mass-specific metabolic rates are strikingly similar across life's major domains: Evidence for life's metabolic optimum. Proc. Natl. Acad. Sci. U.S.A. 105, 16994-16999 (2008).","Drosophila virilis",-4787.35547680534,-1628.02388294841,32.4701150460995,-1.88743442551193,-0.0029329313331031,-13.3026869315356,-9.99341226006412,38.9232497932056,1640,"Drosophila virilis",298.15,TRUE,-10.8937428596342,0.900330599570047
"Insecta","Hymenoptera","Formicidae","Eciton","hamatum",0.006,6e-06,25,"C","A. M. Makarieva et al., Mean mass-specific metabolic rates are strikingly similar across life's major domains: Evidence for life's metabolic optimum. Proc. Natl. Acad. Sci. U.S.A. 105, 16994-16999 (2008).","Eciton hamatum",-4787.35547680534,-1628.02388294841,32.4701150460995,-1.88743442551193,-0.0029329313331031,-12.0237510887362,-10.5847061622308,38.9232497932056,1641,"Eciton hamatum",298.15,TRUE,-9.91059841340615,-0.674107748824655
"Insecta","Lepidoptera","Sphingidae","Erinnyis","ello",1.21,0.00121,25,"C","A. M. Makarieva et al., Mean mass-specific metabolic rates are strikingly similar across life's major domains: Evidence for life's metabolic optimum. Proc. Natl. Acad. Sci. U.S.A. 105, 16994-16999 (2008).","Erinnyis ello",-4787.35547680534,-1628.02388294841,32.4701150460995,-1.88743442551193,-0.0029329313331031,-6.71713491937349,-5.48817121999763,38.9232497932056,1642,"Erinnyis ello",298.15,TRUE,-5.83129275898554,0.343121538987909
"Insecta","Lepidoptera","Notodontidae","Hapigia","simplex",0.478,0.000478,25,"C","A. M. Makarieva et al., Mean mass-specific metabolic rates are strikingly similar across life's major domains: Evidence for life's metabolic optimum. Proc. Natl. Acad. Sci. U.S.A. 105, 16994-16999 (2008).","Hapigia simplex",-4787.35547680534,-1628.02388294841,32.4701150460995,-1.88743442551193,-0.0029329313331031,-7.64589982547282,-6.4478019855899,38.9232497932056,1643,"Hapigia simplex",298.15,TRUE,-6.54525356040024,0.097451574810334
"Insecta","Coleoptera","Curculionidae","Hylobius","abietis",0.183,0.000183,25,"C","A. M. Makarieva et al., Mean mass-specific metabolic rates are strikingly similar across life's major domains: Evidence for life's metabolic optimum. Proc. Natl. Acad. Sci. U.S.A. 105, 16994-16999 (2008).","Hylobius abietis",-4787.35547680534,-1628.02388294841,32.4701150460995,-1.88743442551193,-0.0029329313331031,-8.60602440512285,-7.77978991960175,38.9232497932056,1646,"Hylobius abietis",298.15,TRUE,-7.28332119177086,-0.496468727830895
"Insecta","Hymenoptera","Formicidae","Lasius","niger",0.00174,1.74e-06,25,"C","A. M. Makarieva et al., Mean mass-specific metabolic rates are strikingly similar across life's major domains: Evidence for life's metabolic optimum. Proc. Natl. Acad. Sci. U.S.A. 105, 16994-16999 (2008).","Lasius niger",-4787.35547680534,-1628.02388294841,32.4701150460995,-1.88743442551193,-0.0029329313331031,-13.2616254447378,-12.007221786785,38.9232497932056,1647,"Lasius niger",298.15,TRUE,-10.8621780450843,-1.14504374170068
"Insecta","Odonata","Libellulidae","Libellula","auripennis",0.464,0.000464,25,"C","A. M. Makarieva et al., Mean mass-specific metabolic rates are strikingly similar across life's major domains: Evidence for life's metabolic optimum. Proc. Natl. Acad. Sci. U.S.A. 105, 16994-16999 (2008).","Libellula auripennis",-4787.35547680535,-1628.02388294842,32.470115046102,-1.88743442551379,-0.0029329313328377,-7.67562600573802,-6.57407264396967,38.9232497932056,1648,"Libellula auripennis",298.15,TRUE,-6.56810469026719,-0.00596795370248415
"Insecta","Odonata","Libellulidae","Libellula","needhami",0.518,0.000518,25,"C","A. M. Makarieva et al., Mean mass-specific metabolic rates are strikingly similar across life's major domains: Evidence for life's metabolic optimum. Proc. Natl. Acad. Sci. U.S.A. 105, 16994-16999 (2008).","Libellula needhami",-4787.35547680535,-1628.02388294842,32.470115046102,-1.88743442551379,-0.0029329313328377,-7.56553531570479,-6.39176302526485,38.9232497932056,1649,"Libellula needhami",298.15,TRUE,-6.4834756988311,0.0917126735662492
"Insecta","Orthoptera","Acrididae","Locusta","migratoria",1.5,0.0015,25,"C","A. M. Makarieva et al., Mean mass-specific metabolic rates are strikingly similar across life's major domains: Evidence for life's metabolic optimum. Proc. Natl. Acad. Sci. U.S.A. 105, 16994-16999 (2008).","Locusta migratoria",-4787.35547680534,-1628.02388294841,32.4701150460995,-1.88743442551193,-0.0029329313331031,-6.50229017087397,-5.31160526087497,38.9232497932056,1650,"Locusta migratoria",298.15,TRUE,-5.66613715522498,0.354531894350004
"Insecta","Lepidoptera","Sphingidae","Manduca","rustica",2.81,0.00281,25,"C","A. M. Makarieva et al., Mean mass-specific metabolic rates are strikingly similar across life's major domains: Evidence for life's metabolic optimum. Proc. Natl. Acad. Sci. U.S.A. 105, 16994-16999 (2008).","Manduca rustica",-4787.35547680534,-1628.02388294841,32.4701150460995,-1.88743442551193,-0.0029329313331031,-5.87457079563648,-5.00491667660282,38.9232497932056,1654,"Manduca rustica",298.15,TRUE,-5.18359628264795,0.178679606045135
"Insecta","Orthoptera","Acrididae","Melanoplus","bivittatus",1.65,0.00165,25,"C","A. M. Makarieva et al., Mean mass-specific metabolic rates are strikingly similar across life's major domains: Evidence for life's metabolic optimum. Proc. Natl. Acad. Sci. U.S.A. 105, 16994-16999 (2008).","Melanoplus bivittatus",-4787.35547680534,-1628.02388294841,32.4701150460995,-1.88743442551193,-0.0029329313331031,-6.40697999106965,-5.28698185688429,38.9232497932056,1655,"Melanoplus bivittatus",298.15,TRUE,-5.59287024784164,0.30588839095735
"Insecta","Lepidoptera","Sphingidae","Mimas","tiliae",0.32,0.00032,25,"C","A. M. Makarieva et al., Mean mass-specific metabolic rates are strikingly similar across life's major domains: Evidence for life's metabolic optimum. Proc. Natl. Acad. Sci. U.S.A. 105, 16994-16999 (2008).","Mimas tiliae",-4787.35547680534,-1628.02388294841,32.4701150460995,-1.88743442551193,-0.0029329313331031,-8.0471895621705,-6.39684965841598,38.9232497932056,1656,"Mimas tiliae",298.15,TRUE,-6.85373328452703,0.456883626111059
"Insecta","Diptera","Muscidae","Musca","domestica",0.018,1.8e-05,25,"C","A. M. Makarieva et al., Mean mass-specific metabolic rates are strikingly similar across life's major domains: Evidence for life's metabolic optimum. Proc. Natl. Acad. Sci. U.S.A. 105, 16994-16999 (2008).","Musca domestica",-4787.35547680534,-1628.02388294841,32.4701150460995,-1.88743442551193,-0.0029329313331031,-10.9251388000681,-7.43946411366455,38.9232497932056,1657,"Musca domestica",298.15,TRUE,-9.06607241451183,1.62660830084728
"Insecta","Lepidoptera","Crambidae","Ostrinia","nubilalis",0.0484,4.84e-05,25,"C","A. M. Makarieva et al., Mean mass-specific metabolic rates are strikingly similar across life's major domains: Evidence for life's metabolic optimum. Proc. Natl. Acad. Sci. U.S.A. 105, 16994-16999 (2008).","Ostrinia nubilalis",-4787.35547680534,-1628.02388294841,32.4701150460995,-1.88743442551193,-0.0029329313331031,-9.93601074424169,-7.63301251346052,38.9232497932056,1665,"Ostrinia nubilalis",298.15,TRUE,-8.3057092108616,0.672696697401074
"Insecta","Hymenoptera","Formicidae","Paraponera","clavata",0.19,0.00019,25,"C","A. M. Makarieva et al., Mean mass-specific metabolic rates are strikingly similar across life's major domains: Evidence for life's metabolic optimum. Proc. Natl. Acad. Sci. U.S.A. 105, 16994-16999 (2008).","Paraponera clavata",-4787.35547680534,-1628.02388294841,32.4701150460995,-1.88743442551193,-0.0029329313331031,-8.56848648580379,-7.74986661268204,38.9232497932056,1666,"Paraponera clavata",298.15,TRUE,-7.25446501645192,-0.495401596230117
"Insecta","Odonata","Libellulidae","Perithemis","tenera",0.061,6.1e-05,25,"C","A. M. Makarieva et al., Mean mass-specific metabolic rates are strikingly similar across life's major domains: Evidence for life's metabolic optimum. Proc. Natl. Acad. Sci. U.S.A. 105, 16994-16999 (2008).","Perithemis tenera",-4787.35547680534,-1628.02388294841,32.4701150460995,-1.88743442551193,-0.0029329313331031,-9.70463669379096,-8.01309011341107,38.9232497932056,1669,"Perithemis tenera",298.15,TRUE,-8.12784719066518,0.114757077254103
"Insecta","Diptera","Calliphoridae","Phormia","regina",0.05,5e-05,25,"C","A. M. Makarieva et al., Mean mass-specific metabolic rates are strikingly similar across life's major domains: Evidence for life's metabolic optimum. Proc. Natl. Acad. Sci. U.S.A. 105, 16994-16999 (2008).","Phormia regina",-4787.35547680534,-1628.02388294841,32.4701150460995,-1.88743442551193,-0.0029329313331031,-9.90348755253613,-7.52116749152323,38.9232497932056,1670,"Phormia regina",298.15,TRUE,-8.2807079604244,0.759540468901176
"Insecta","Coleoptera","Tenebrionidae","Pimelia","grandis",2.098,0.002098,25,"C","A. M. Makarieva et al., Mean mass-specific metabolic rates are strikingly similar across life's major domains: Evidence for life's metabolic optimum. Proc. Natl. Acad. Sci. U.S.A. 105, 16994-16999 (2008).","Pimelia grandis",-4787.35547680534,-1628.02388294841,32.4701150460995,-1.88743442551193,-0.0029329313331031,-6.16677076900803,-5.59024845328926,38.9232497932056,1671,"Pimelia grandis",298.15,TRUE,-5.40821644840968,-0.182032004879584
"Insecta","Coleoptera","Hydrophilidae","Sphaeridium","lunatum",0.034,3.4e-05,25,"C","A. M. Makarieva et al., Mean mass-specific metabolic rates are strikingly similar across life's major domains: Evidence for life's metabolic optimum. Proc. Natl. Acad. Sci. U.S.A. 105, 16994-16999 (2008).","Sphaeridium lunatum",-4787.35547680534,-1628.02388294841,32.4701150460995,-1.88743442551193,-0.0029329313331031,-10.2891500333481,-8.64787151505892,38.9232497932056,1674,"Sphaeridium lunatum",298.15,TRUE,-8.57717468959112,-0.0706968254677989
"Insecta","Coleoptera","Tenebrionidae","Stenocara","gracilipes",0.268,0.000268,25,"C","A. M. Makarieva et al., Mean mass-specific metabolic rates are strikingly similar across life's major domains: Evidence for life's metabolic optimum. Proc. Natl. Acad. Sci. U.S.A. 105, 16994-16999 (2008).","Stenocara gracilipes",-4787.35547680534,-1628.02388294841,32.4701150460995,-1.88743442551193,-0.0029329313331031,-8.22452357745342,-7.64946265015746,38.9232497932056,1675,"Stenocara gracilipes",298.15,TRUE,-6.99005361148816,-0.659409038669298
"Insecta","Lepidoptera","Saturniidae","Syssphinx","molina",1.757,0.001757,25,"C","A. M. Makarieva et al., Mean mass-specific metabolic rates are strikingly similar across life's major domains: Evidence for life's metabolic optimum. Proc. Natl. Acad. Sci. U.S.A. 105, 16994-16999 (2008).","Syssphinx molina",-4787.35547680534,-1628.02388294841,32.4701150460995,-1.88743442551193,-0.0029329313331031,-6.34414746977718,-5.4189720213589,38.9232497932056,1676,"Syssphinx molina",298.15,TRUE,-5.54456958858731,0.125597567228413
"Insecta","Orthoptera","Gryllidae","Teleogryllus","commodus",0.95,0.00095,25,"C","A. M. Makarieva et al., Mean mass-specific metabolic rates are strikingly similar across life's major domains: Evidence for life's metabolic optimum. Proc. Natl. Acad. Sci. U.S.A. 105, 16994-16999 (2008).","Teleogryllus commodus",-4787.35547680534,-1628.02388294841,32.4701150460995,-1.88743442551193,-0.0029329313331031,-6.95904857336969,-5.16958999477552,38.9232497932056,1677,"Teleogryllus commodus",298.15,TRUE,-6.01725679051389,0.847666795738377
"Insecta","Coleoptera","Tenebrionidae","Tenebrio","molitor",0.1,1e-04,25,"C","A. M. Makarieva et al., Mean mass-specific metabolic rates are strikingly similar across life's major domains: Evidence for life's metabolic optimum. Proc. Natl. Acad. Sci. U.S.A. 105, 16994-16999 (2008).","Tenebrio molitor",-4787.35547680534,-1628.02388294841,32.4701150460995,-1.88743442551193,-0.0029329313331031,-9.21034037197618,-7.89607921375612,38.9232497932056,1678,"Tenebrio molitor",298.15,TRUE,-7.74787138005732,-0.148207833698801
"Insecta","Hymenoptera","Formicidae","Tetramorium","caespitum",0.00069,6.9e-07,25,"C","A. M. Makarieva et al., Mean mass-specific metabolic rates are strikingly similar across life's major domains: Evidence for life's metabolic optimum. Proc. Natl. Acad. Sci. U.S.A. 105, 16994-16999 (2008).","Tetramorium caespitum",-4787.35547680534,-1628.02388294841,32.4701150460995,-1.88743442551193,-0.0029329313331031,-14.1865742393551,-12.9400418206104,38.9232497932056,1680,"Tetramorium caespitum",298.15,TRUE,-11.5732053226394,-1.36683649797096
"Insecta","Odonata","Libellulidae","Tramea","carolina",0.383,0.000383,25,"C","A. M. Makarieva et al., Mean mass-specific metabolic rates are strikingly similar across life's major domains: Evidence for life's metabolic optimum. Proc. Natl. Acad. Sci. U.S.A. 105, 16994-16999 (2008).","Tramea carolina",-4787.35547680534,-1628.02388294841,32.4701150460995,-1.88743442551193,-0.0029329313331031,-7.86747556878363,-6.32275025704189,38.9232497932056,1681,"Tramea carolina",298.15,TRUE,-6.71558341915066,0.392833162108763
"Insecta","Coleoptera","Tenebrionidae","Tribolium","confusum",0.0020099999999999,2.01e-06,25,"C","A. M. Makarieva et al., Mean mass-specific metabolic rates are strikingly similar across life's major domains: Evidence for life's metabolic optimum. Proc. Natl. Acad. Sci. U.S.A. 105, 16994-16999 (2008).","Tribolium confusum",-4787.35547680534,-1628.02388294841,32.4701150460995,-1.88743442551193,-0.0029329313331031,-13.1173758358933,-11.0243454501516,38.9232497932056,1682,"Tribolium confusum",298.15,TRUE,-10.7512903859382,-0.273055064213338
"Malacostraca","Isopoda","Armadillidiidae","Armadillidium","vulgare",0.00064,6.4e-07,20,"C","A. M. Makarieva et al., Mean mass-specific metabolic rates are strikingly similar across life's major domains: Evidence for life's metabolic optimum. Proc. Natl. Acad. Sci. U.S.A. 105, 16994-16999 (2008).","Armadillidium vulgare",-4787.35547680534,-1628.02388294841,32.4701150460995,-1.88743442551193,-0.0029329313331031,-14.2617976605927,-12.1893807338498,39.5871292029482,1683,"Armadillidium vulgare",293.15,TRUE,-12.0926092657447,-0.0967714681051426
"Malacostraca","Isopoda","Armadillidiidae","Armadillidium","vulgare",0.004,4e-06,20,"C","A. M. Makarieva et al., Mean mass-specific metabolic rates are strikingly similar across life's major domains: Evidence for life's metabolic optimum. Proc. Natl. Acad. Sci. U.S.A. 105, 16994-16999 (2008).","Armadillidium vulgare",-4787.35547680534,-1628.02388294841,32.4701150460995,-1.88743442551193,-0.0029329313331031,-12.4292161968444,-11.3683057753603,39.5871292029482,1684,"Armadillidium vulgare",293.15,TRUE,-10.6838659746028,-0.684439800757508
"Malacostraca","Isopoda","Armadillidiidae","Armadillidium","vulgare",0.065,6.5e-05,20,"C","A. M. Makarieva et al., Mean mass-specific metabolic rates are strikingly similar across life's major domains: Evidence for life's metabolic optimum. Proc. Natl. Acad. Sci. U.S.A. 105, 16994-16999 (2008).","Armadillidium vulgare",-4787.35547680534,-1628.02388294841,32.4701150460995,-1.88743442551193,-0.0029329313331031,-9.64112328806864,-9.85061051293536,39.5871292029482,1685,"Armadillidium vulgare",293.15,TRUE,-8.54060126413009,-1.31000924880527
"Malacostraca","Isopoda","Armadillidiidae","Armadillidium","vulgare",0.1199999999999,0.0001199999999999,20,"C","A. M. Makarieva et al., Mean mass-specific metabolic rates are strikingly similar across life's major domains: Evidence for life's metabolic optimum. Proc. Natl. Acad. Sci. U.S.A. 105, 16994-16999 (2008).","Armadillidium vulgare",-4787.35547680534,-1628.02388294841,32.4701150460995,-1.88743442551193,-0.0029329313331031,-9.02801881518306,-9.02801881518306,39.5871292029482,1686,"Armadillidium vulgare",293.15,TRUE,-8.069295169404,-0.958723645779065
"Malacostraca","Isopoda","Armadillidiidae","Armadillidium","vulgare",0.1439999999999,0.0001439999999999,20,"C","A. M. Makarieva et al., Mean mass-specific metabolic rates are strikingly similar across life's major domains: Evidence for life's metabolic optimum. Proc. Natl. Acad. Sci. U.S.A. 105, 16994-16999 (2008).","Armadillidium vulgare",-4787.35547680534,-1628.02388294841,32.4701150460995,-1.88743442551193,-0.0029329313331031,-8.84569725838897,-9.43268424311983,39.5871292029482,1687,"Armadillidium vulgare",293.15,TRUE,-7.92914081608052,-1.50354342703931
"Malacostraca","Isopoda","Asellidae","Asellus","aquaticus",0.0168,1.68e-05,10,"C","A. M. Makarieva et al., Mean mass-specific metabolic rates are strikingly similar across life's major domains: Evidence for life's metabolic optimum. Proc. Natl. Acad. Sci. U.S.A. 105, 16994-16999 (2008).","Asellus aquaticus",-4787.35547680534,-1628.02388294841,32.4701150460995,-1.88743442551193,-0.0029329313331031,-10.9941316715551,-10.8897716562308,40.9852266496354,1688,"Asellus aquaticus",283.15,TRUE,-10.5527477144199,-0.337023941810882
"Malacostraca","Isopoda","Cylisticidae","Cylisticus","convexus",0.0384,3.84e-05,20,"C","A. M. Makarieva et al., Mean mass-specific metabolic rates are strikingly similar across life's major domains: Evidence for life's metabolic optimum. Proc. Natl. Acad. Sci. U.S.A. 105, 16994-16999 (2008).","Cylisticus convexus",-4787.35547680534,-1628.02388294841,32.4701150460995,-1.88743442551193,-0.0029329313331031,-10.1674530983706,-9.89483390359586,39.5871292029482,1689,"Cylisticus convexus",293.15,TRUE,-8.94520188017817,-0.949632023417683
"Malacostraca","Amphipoda","Gammaridae","Gammarus","duebeni",0.05,5e-05,10,"C","A. M. Makarieva et al., Mean mass-specific metabolic rates are strikingly similar across life's major domains: Evidence for life's metabolic optimum. Proc. Natl. Acad. Sci. U.S.A. 105, 16994-16999 (2008).","Gammarus duebeni",-4787.35547680534,-1628.02388294841,32.4701150460995,-1.88743442551193,-0.0029329313331031,-9.90348755253613,-9.8081773727318,40.9852266496354,1690,"Gammarus duebeni",283.15,TRUE,-9.71434701241311,-0.0938303603186963
"Malacostraca","Amphipoda","Gammaridae","Gammarus","fossarum",0.0189,1.89e-05,10,"C","A. M. Makarieva et al., Mean mass-specific metabolic rates are strikingly similar across life's major domains: Evidence for life's metabolic optimum. Proc. Natl. Acad. Sci. U.S.A. 105, 16994-16999 (2008).","Gammarus fossarum",-4787.35547680534,-1628.02388294841,32.4701150460995,-1.88743442551193,-0.0029329313331031,-10.8763486358987,-11.202078775988,40.9852266496354,1691,"Gammarus fossarum",283.15,TRUE,-10.4622054577325,-0.739873318255444
"Malacostraca","Isopoda","Idoteidae","Idotea","baltica",0.1385,0.0001385,20,"C","A. M. Makarieva et al., Mean mass-specific metabolic rates are strikingly similar across life's major domains: Evidence for life's metabolic optimum. Proc. Natl. Acad. Sci. U.S.A. 105, 16994-16999 (2008).","Idotea baltica",-4787.35547680534,-1628.02388294841,32.4701150460995,-1.88743442551193,-0.0029329313331031,-8.88464023233688,-8.5130766759044,39.5871292029482,1692,"Idotea baltica",293.15,TRUE,-7.95907708596619,-0.553999589938208
"Malacostraca","Amphipoda","Niphargidae","Niphargus","rhenorhodanensis",0.013,1.3e-05,11,"C","A. M. Makarieva et al., Mean mass-specific metabolic rates are strikingly similar across life's major domains: Evidence for life's metabolic optimum. Proc. Natl. Acad. Sci. U.S.A. 105, 16994-16999 (2008).","Niphargus rhenorhodanensis",-4787.35547680534,-1628.02388294841,32.4701150460995,-1.88743442551193,-0.0029329313331031,-11.2505612005027,-12.0715417525726,40.8409886533319,1693,"Niphargus rhenorhodanensis",284.15,TRUE,-10.6495854598953,-1.4219562926773
"Malacostraca","Amphipoda","Niphargidae","Niphargus","virei",0.093,9.3e-05,11,"C","A. M. Makarieva et al., Mean mass-specific metabolic rates are strikingly similar across life's major domains: Evidence for life's metabolic optimum. Proc. Natl. Acad. Sci. U.S.A. 105, 16994-16999 (2008).","Niphargus virei",-4787.35547680534,-1628.02388294841,32.4701150460995,-1.88743442551193,-0.0029329313331031,-9.28291106481102,-11.0548679067429,40.8409886533319,1694,"Niphargus virei",284.15,TRUE,-9.13701208577603,-1.91785582096687
"Reptilia","Squamata","Iguanidae","Amblyrhynchus","cristatus",489,0.489,30,"C","J. F. Gillooly, J. P. Gomez, E. V. Mavrodiev,  A broad-scale comparison of aerobic activity levels in vertebrates: endotherms versus ectotherms. Proc. Biol. Sci. 284, 20162328 (2017).","Amblyrhynchus cristatus",17293.0298989992,158.924340947614,573.328426214863,-2492.5845468819,-162.16022649679,-0.715392789507265,0.505109316769882,38.2812697537333,1695,"Amblyrhynchus cristatus",303.15,TRUE,-0.771277316853379,1.27638663362326
"Reptilia","Testudines","Chelydridae","Chelydra","serpentina",3473,3.473,30,"C","J. F. Gillooly, J. P. Gomez, E. V. Mavrodiev,  A broad-scale comparison of aerobic activity levels in vertebrates: endotherms versus ectotherms. Proc. Biol. Sci. 284, 20162328 (2017).","Chelydra serpentina",-4787.35547680534,-1628.02388294841,32.4701150460995,-1.88743442551193,-0.0029329313331031,1.24501877376194,2.2464673139764,38.2812697537333,1696,"Chelydra serpentina",303.15,TRUE,0.735731616863411,1.51073569711299
"Reptilia","Squamata","Colubridae","Coluber","constrictor",262,0.262,35,"C","J. F. Gillooly, J. P. Gomez, E. V. Mavrodiev,  A broad-scale comparison of aerobic activity levels in vertebrates: endotherms versus ectotherms. Proc. Biol. Sci. 284, 20162328 (2017).","Coluber constrictor",17553.3198944084,189.648237074449,2662.31232889262,209.094000305564,1107.35748550903,-1.33941077522104,0.395190280167066,37.6601230759184,1697,"Coluber constrictor",308.15,TRUE,-0.819105672717416,1.21429595288448
"Reptilia","Squamata","Diplodactylidae","Diplodactylus","galeatus",4,0.004,20,"C","J. F. Gillooly, J. P. Gomez, E. V. Mavrodiev,  A broad-scale comparison of aerobic activity levels in vertebrates: endotherms versus ectotherms. Proc. Biol. Sci. 284, 20162328 (2017).","Diplodactylus galeatus",17609.1412108943,196.340035609827,3134.81857741097,867.660791418726,206.703257275032,-5.52146091786225,-4.71053070164592,39.5871292029482,1698,"Diplodactylus galeatus",293.15,TRUE,-5.37373155568745,0.663200854041535
"Reptilia","Squamata","Anguidae","Elgaria","multicarinata",257,0.257,30,"C","J. F. Gillooly, J. P. Gomez, E. V. Mavrodiev,  A broad-scale comparison of aerobic activity levels in vertebrates: endotherms versus ectotherms. Proc. Biol. Sci. 284, 20162328 (2017).","Elgaria multicarinata",17293.0298989992,158.924340947614,573.328426214863,-2492.5845468819,-162.16022649679,-1.35867919408692,-0.337027946554936,38.2812697537333,1699,"Elgaria multicarinata",303.15,TRUE,-1.26578488700025,0.928756940445319
"Reptilia","Squamata","Helodermatidae","Heloderma","horridum",803,0.803,31.2,"C","J. F. Gillooly, J. P. Gomez, E. V. Mavrodiev,  A broad-scale comparison of aerobic activity levels in vertebrates: endotherms versus ectotherms. Proc. Biol. Sci. 284, 20162328 (2017).","Heloderma horridum",17293.0298989992,158.924340947614,573.328426214863,-2492.5845468819,-162.16022649679,-0.219400565035375,1.50555778194671,38.130333253965,1700,"Heloderma horridum",304.35,TRUE,-0.285055595487183,1.79061337743389
"Reptilia","Squamata","Helodermatidae","Heloderma","suspectum",464,0.464,25,"C","J. F. Gillooly, J. P. Gomez, E. V. Mavrodiev,  A broad-scale comparison of aerobic activity levels in vertebrates: endotherms versus ectotherms. Proc. Biol. Sci. 284, 20162328 (2017).","Heloderma suspectum",17293.0298989992,158.924340947614,573.328426214863,-2492.5845468819,-162.16022649679,-0.767870726755882,0.425848539834785,38.9232497932056,1701,"Heloderma suspectum",298.15,TRUE,-1.25797027135186,1.68381881118665
"Reptilia","Squamata","Iguanidae","Iguana","iguana",795,0.795,30,"C","J. F. Gillooly, J. P. Gomez, E. V. Mavrodiev,  A broad-scale comparison of aerobic activity levels in vertebrates: endotherms versus ectotherms. Proc. Biol. Sci. 284, 20162328 (2017).","Iguana iguana",17293.0298989992,158.924340947614,573.328426214863,-2492.5845468819,-162.16022649679,-0.229413164327805,0.708856474265125,38.2812697537333,1702,"Iguana iguana",303.15,TRUE,-0.397694723039013,1.10655119730414
"Reptilia","Squamata","Agamidae","Moloch","horridus",28,0.028,35,"C","J. F. Gillooly, J. P. Gomez, E. V. Mavrodiev,  A broad-scale comparison of aerobic activity levels in vertebrates: endotherms versus ectotherms. Proc. Biol. Sci. 284, 20162328 (2017).","Moloch horridus",17293.0298989992,158.924340947614,573.328426214863,-2492.5845468819,-162.16022649679,-3.57555076880693,-1.88168417675604,37.6601230759184,1703,"Moloch horridus",308.15,TRUE,-2.53807275621885,0.656388579462807
"Reptilia","Squamata","Carphodactylidae","Nephrurus","levis",13,0.013,20,"C","J. F. Gillooly, J. P. Gomez, E. V. Mavrodiev,  A broad-scale comparison of aerobic activity levels in vertebrates: endotherms versus ectotherms. Proc. Biol. Sci. 284, 20162328 (2017).","Nephrurus levis",17609.1412108943,196.340035609827,3134.81857741097,867.660791418726,206.703257275032,-4.3428059215206,-3.9691814192681,39.5871292029482,1704,"Nephrurus levis",293.15,TRUE,-4.46767507115279,0.498493651884694
"Reptilia","Squamata","Colubridae","Pituophis","catenifer",548,0.548,30,"C","J. F. Gillooly, J. P. Gomez, E. V. Mavrodiev,  A broad-scale comparison of aerobic activity levels in vertebrates: endotherms versus ectotherms. Proc. Biol. Sci. 284, 20162328 (2017).","Pituophis catenifer",17553.3198944084,189.648237074449,2662.31232889262,209.094000305564,1107.35748550903,-0.601479992034121,0.358295851779772,38.2812697537333,1705,"Pituophis catenifer",303.15,TRUE,-0.683710192340797,1.04200604412057
"Reptilia","Squamata","Gekkonidae","Rhoptropus","bradfieldi",5,0.005,25,"C","J. F. Gillooly, J. P. Gomez, E. V. Mavrodiev,  A broad-scale comparison of aerobic activity levels in vertebrates: endotherms versus ectotherms. Proc. Biol. Sci. 284, 20162328 (2017).","Rhoptropus bradfieldi",17609.1412108943,196.340035609827,3134.81857741097,867.660791418726,206.703257275032,-5.29831736654804,-4.49980967033027,38.9232497932056,1706,"Rhoptropus bradfieldi",298.15,TRUE,-4.74061834781419,0.240808677483922
"Reptilia","Squamata","Iguanidae","Sauromalus","hispidus",574,0.574,30,"C","J. F. Gillooly, J. P. Gomez, E. V. Mavrodiev,  A broad-scale comparison of aerobic activity levels in vertebrates: endotherms versus ectotherms. Proc. Biol. Sci. 284, 20162328 (2017).","Sauromalus hispidus",17293.0298989992,158.924340947614,573.328426214863,-2492.5845468819,-162.16022649679,-0.555125882662571,0.361164849211584,38.2812697537333,1707,"Sauromalus hispidus",303.15,TRUE,-0.648076829303029,1.00924167851461
"Reptilia","Squamata","Diplodactylidae","Strophurus","intermedius",5,0.005,20,"C","J. F. Gillooly, J. P. Gomez, E. V. Mavrodiev,  A broad-scale comparison of aerobic activity levels in vertebrates: endotherms versus ectotherms. Proc. Biol. Sci. 284, 20162328 (2017).","Strophurus intermedius",17609.1412108943,196.340035609827,3134.81857741097,867.660791418726,206.703257275032,-5.29831736654804,-4.36878140792387,39.5871292029482,1708,"Strophurus intermedius",293.15,TRUE,-5.20219649048358,0.833415082559717
"Reptilia","Squamata","Sphaerodactylidae","Teratoscincus","przewalskii",11,0.011,25,"C","J. F. Gillooly, J. P. Gomez, E. V. Mavrodiev,  A broad-scale comparison of aerobic activity levels in vertebrates: endotherms versus ectotherms. Proc. Biol. Sci. 284, 20162328 (2017).","Teratoscincus przewalskii",17609.1412108943,196.340035609827,3134.81857741097,867.660791418726,206.703257275032,-4.50986000618377,-3.43509893333784,38.9232497932056,1709,"Teratoscincus przewalskii",298.15,TRUE,-4.13451486006377,0.69941592672593
"Reptilia","Squamata","Scincidae","Tiliqua","scincoides",493,0.493,30,"C","J. F. Gillooly, J. P. Gomez, E. V. Mavrodiev,  A broad-scale comparison of aerobic activity levels in vertebrates: endotherms versus ectotherms. Proc. Biol. Sci. 284, 20162328 (2017).","Tiliqua scincoides",17592.6270925533,194.370228784986,2997.42145437294,681.054280713025,341.550266344304,-0.707246104939447,-0.419564032487666,38.2812697537333,1710,"Tiliqua scincoides",303.15,TRUE,-0.765014791854085,0.345450759366419
"Reptilia","Squamata","Varanidae","Varanus","caudolineatus",15,0.015,35,"C","J. F. Gillooly, J. P. Gomez, E. V. Mavrodiev,  A broad-scale comparison of aerobic activity levels in vertebrates: endotherms versus ectotherms. Proc. Biol. Sci. 284, 20162328 (2017).","Varanus caudolineatus",17293.0298989992,158.924340947614,573.328426214863,-2492.5845468819,-162.16022649679,-4.19970507787993,-0.649662068620206,37.6601230759184,1711,"Varanus caudolineatus",308.15,TRUE,-3.01787308866653,2.36821102004632
"Reptilia","Squamata","Varanidae","Varanus","gilleni",8,0.008,35,"C","J. F. Gillooly, J. P. Gomez, E. V. Mavrodiev,  A broad-scale comparison of aerobic activity levels in vertebrates: endotherms versus ectotherms. Proc. Biol. Sci. 284, 20162328 (2017).","Varanus gilleni",17293.0298989992,158.924340947614,573.328426214863,-2492.5845468819,-162.16022649679,-4.8283137373023,-1.42019591279557,37.6601230759184,1712,"Varanus gilleni",308.15,TRUE,-3.50109757239763,2.08090165960206
"Reptilia","Squamata","Lacertidae","Acanthodactylus","pardalis",9.6999999999999,0.0096999999999999,40,"C","A. M. Makarieva et al., Mean mass-specific metabolic rates are strikingly similar across life's major domains: Evidence for life's metabolic optimum. Proc. Natl. Acad. Sci. U.S.A. 105, 16994-16999 (2008).","Acanthodactylus pardalis",17293.0298989992,158.924340947614,573.328426214863,-2492.5845468819,-162.16022649679,-4.63562939347281,-3.27747733829919,37.0588118340867,1714,"Acanthodactylus pardalis",313.15,TRUE,-2.93490101266555,-0.342576325633647
"Reptilia","Squamata","Elapidae","Acanthophis","praelongus",105.5,0.1055,30,"C","A. M. Makarieva et al., Mean mass-specific metabolic rates are strikingly similar across life's major domains: Evidence for life's metabolic optimum. Proc. Natl. Acad. Sci. U.S.A. 105, 16994-16999 (2008).","Acanthophis praelongus",17553.8954404959,189.717589425878,2667.2702417175,216.180822006214,1093.3182184021,-2.24904432606602,-3.59227919772546,38.2812697537333,1717,"Acanthophis praelongus",303.15,TRUE,-1.95022698747677,-1.64205221024869
"Reptilia","Squamata","Scincidae","Acontias","meleagris",7.3,0.0073,33,"C","A. M. Makarieva et al., Mean mass-specific metabolic rates are strikingly similar across life's major domains: Evidence for life's metabolic optimum. Proc. Natl. Acad. Sci. U.S.A. 105, 16994-16999 (2008).","Acontias meleagris",17592.6270925533,194.370228784986,2997.42145437294,681.054280713025,341.550266344304,-4.91988093082779,-5.5795933353015,37.9061470711882,1718,"Acontias meleagris",306.15,TRUE,-3.74254127457242,-1.83705206072908
"Reptilia","Squamata","Iguanidae","Amblyrhynchus","cristatus",747.5,0.7475,25,"C","A. M. Makarieva et al., Mean mass-specific metabolic rates are strikingly similar across life's major domains: Evidence for life's metabolic optimum. Proc. Natl. Acad. Sci. U.S.A. 105, 16994-16999 (2008).","Amblyrhynchus cristatus",17293.0298989992,158.924340947614,573.328426214863,-2492.5845468819,-162.16022649679,-0.291020973717295,-1.88557027365765,38.9232497932056,1719,"Amblyrhynchus cristatus",298.15,TRUE,-0.891405999168413,-0.994164274489233
"Reptilia","Squamata","Dactyloidae","Anolis","acutus",4.3,0.0043,30,"C","A. M. Makarieva et al., Mean mass-specific metabolic rates are strikingly similar across life's major domains: Evidence for life's metabolic optimum. Proc. Natl. Acad. Sci. U.S.A. 105, 16994-16999 (2008).","Anolis acutus",17293.0298989992,158.924340947614,573.328426214863,-2492.5845468819,-162.16022649679,-5.44914025628262,-4.97228515208778,38.2812697537333,1720,"Anolis acutus",303.15,TRUE,-4.41020694573869,-0.562078206349089
"Reptilia","Squamata","Gekkonidae","Bunopus","tuberculatus",2.5,0.0025,35,"C","A. M. Makarieva et al., Mean mass-specific metabolic rates are strikingly similar across life's major domains: Evidence for life's metabolic optimum. Proc. Natl. Acad. Sci. U.S.A. 105, 16994-16999 (2008).","Bunopus tuberculatus",17609.1412108943,196.340035609827,3134.81857741097,867.660791418726,206.703257275032,-5.99146454710798,-4.25380933687313,37.6601230759184,1722,"Bunopus tuberculatus",308.15,TRUE,-4.39523566792792,0.141426331054793
"Reptilia","Squamata","Scincidae","Chalcides","sepsoides",7.4,0.0074,30,"C","A. M. Makarieva et al., Mean mass-specific metabolic rates are strikingly similar across life's major domains: Evidence for life's metabolic optimum. Proc. Natl. Acad. Sci. U.S.A. 105, 16994-16999 (2008).","Chalcides sepsoides",17592.6270925533,194.370228784986,2997.42145437294,681.054280713025,341.550266344304,-4.90627527877201,-5.72953114467898,38.2812697537333,1723,"Chalcides sepsoides",303.15,TRUE,-3.99289540450999,-1.73663574016899
"Reptilia","Testudines","Chelydridae","Chelydra","serpentina",3473,3.473,10,"C","A. M. Makarieva et al., Mean mass-specific metabolic rates are strikingly similar across life's major domains: Evidence for life's metabolic optimum. Proc. Natl. Acad. Sci. U.S.A. 105, 16994-16999 (2008).","Chelydra serpentina",-4787.35547680534,-1628.02388294841,32.4701150460995,-1.88743442551193,-0.0029329313331031,1.24501877376194,-2.71829752605376,40.9852266496354,1724,"Chelydra serpentina",283.15,TRUE,-1.14425951338205,-1.57403801267172
"Reptilia","Squamata","Colubridae","Coluber","constrictor",262,0.262,35,"C","A. M. Makarieva et al., Mean mass-specific metabolic rates are strikingly similar across life's major domains: Evidence for life's metabolic optimum. Proc. Natl. Acad. Sci. U.S.A. 105, 16994-16999 (2008).","Coluber constrictor",17553.3198944084,189.648237074449,2662.31232889262,209.094000305564,1107.35748550903,-1.33941077522104,-2.37223532335115,37.6601230759184,1725,"Coluber constrictor",308.15,TRUE,-0.819105672717416,-1.55312965063373
"Reptilia","Squamata","Trogonophidae","Diplometopon","zarudnyi",6.34,0.00634,35,"C","A. M. Makarieva et al., Mean mass-specific metabolic rates are strikingly similar across life's major domains: Evidence for life's metabolic optimum. Proc. Natl. Acad. Sci. U.S.A. 105, 16994-16999 (2008).","Diplometopon zarudnyi",17293.0298989992,158.924340947614,573.328426214863,-2492.5845468819,-162.16022649679,-5.060876510533,-5.22339544003078,37.6601230759184,1727,"Diplometopon zarudnyi",308.15,TRUE,-3.67987338839219,-1.54352205163859
"Reptilia","Squamata","Colubridae","Dipsas","albifrons",22,0.022,20,"C","A. M. Makarieva et al., Mean mass-specific metabolic rates are strikingly similar across life's major domains: Evidence for life's metabolic optimum. Proc. Natl. Acad. Sci. U.S.A. 105, 16994-16999 (2008).","Dipsas albifrons",17552.7604473396,189.580824198604,2657.49299312412,202.205041185754,1121.01029045246,-3.81671282562382,-5.42615073805792,39.5871292029482,1728,"Dipsas albifrons",293.15,TRUE,-4.06325642236608,-1.36289431569184
"Reptilia","Squamata","Anguidae","Elgaria","multicarinata",29,0.029,20,"C","A. M. Makarieva et al., Mean mass-specific metabolic rates are strikingly similar across life's major domains: Evidence for life's metabolic optimum. Proc. Natl. Acad. Sci. U.S.A. 105, 16994-16999 (2008).","Elgaria multicarinata",17293.0298989992,158.924340947614,573.328426214863,-2492.5845468819,-162.16022649679,-3.54045944899566,-4.69247251439089,39.5871292029482,1729,"Elgaria multicarinata",293.15,TRUE,-3.85089473548958,-0.841577778901312
"Reptilia","Squamata","Erycidae","Eryx","colubrinus",85.85,0.08585,20,"C","A. M. Makarieva et al., Mean mass-specific metabolic rates are strikingly similar across life's major domains: Evidence for life's metabolic optimum. Proc. Natl. Acad. Sci. U.S.A. 105, 16994-16999 (2008).","Eryx colubrinus",17564.0686308265,190.943368910398,2754.88716084095,341.383037007667,846.216226545312,-2.45515369163865,-4.95618972335654,39.5871292029482,1730,"Eryx colubrinus",293.15,TRUE,-3.01659774255418,-1.93959198080236
"Reptilia","Squamata","Gekkonidae","Gekko","gecko",61.5,0.0615,30,"C","A. M. Makarieva et al., Mean mass-specific metabolic rates are strikingly similar across life's major domains: Evidence for life's metabolic optimum. Proc. Natl. Acad. Sci. U.S.A. 105, 16994-16999 (2008).","Gekko gecko",17609.1412108943,196.340035609827,3134.81857741097,867.660791418726,206.703257275032,-2.78871810416966,-3.412339222081,38.2812697537333,1731,"Gekko gecko",303.15,TRUE,-2.36508538768873,-1.04725383439227
"Reptilia","Squamata","Colubridae","Helicops","modestus",196,0.196,30,"C","A. M. Makarieva et al., Mean mass-specific metabolic rates are strikingly similar across life's major domains: Evidence for life's metabolic optimum. Proc. Natl. Acad. Sci. U.S.A. 105, 16994-16999 (2008).","Helicops modestus",17293.0298989992,158.924340947614,573.328426214863,-2492.5845468819,-162.16022649679,-1.62964061975162,-2.81381079678138,38.2812697537333,1732,"Helicops modestus",303.15,TRUE,-1.47407854166958,-1.3397322551118
"Reptilia","Squamata","Iguanidae","Iguana","iguana",795,0.795,37,"C","A. M. Makarieva et al., Mean mass-specific metabolic rates are strikingly similar across life's major domains: Evidence for life's metabolic optimum. Proc. Natl. Acad. Sci. U.S.A. 105, 16994-16999 (2008).","Iguana iguana",17293.0298989992,158.924340947614,573.328426214863,-2492.5845468819,-162.16022649679,-0.229413164327805,-0.412134801143099,37.4172720485064,1733,"Iguana iguana",310.15,TRUE,0.203020482458811,-0.615155283601911
"Reptilia","Squamata","Colubridae","Lampropeltis","getula",1217,1.217,26,"C","A. M. Makarieva et al., Mean mass-specific metabolic rates are strikingly similar across life's major domains: Evidence for life's metabolic optimum. Proc. Natl. Acad. Sci. U.S.A. 105, 16994-16999 (2008).","Lampropeltis getula",17553.3198944084,189.648237074449,2662.31232889262,209.094000305564,1107.35748550903,0.19638881400539,-1.66151045772721,38.7931369742412,1734,"Lampropeltis getula",299.15,TRUE,-0.426259939933647,-1.23525051779356
"Reptilia","Squamata","Xantusiidae","Lepidophyma","gaigeae",5,0.005,15,"C","A. M. Makarieva et al., Mean mass-specific metabolic rates are strikingly similar across life's major domains: Evidence for life's metabolic optimum. Proc. Natl. Acad. Sci. U.S.A. 105, 16994-16999 (2008).","Lepidophyma gaigeae",17592.6270925533,194.370228784986,2997.42145437294,681.054280713025,341.550266344304,-5.29831736654804,-7.19543735143392,40.2740479814134,1735,"Lepidophyma gaigeae",288.15,TRUE,-5.67979330893537,-1.51564404249855
"Reptilia","Squamata","Pythonidae","Liasis","olivaceus",3000.7,3.0007,24,"C","A. M. Makarieva et al., Mean mass-specific metabolic rates are strikingly similar across life's major domains: Evidence for life's metabolic optimum. Proc. Natl. Acad. Sci. U.S.A. 105, 16994-16999 (2008).","Liasis olivaceus",17564.0686308265,190.943368910398,2754.88716084095,341.383037007667,846.216226545312,1.09884559478345,-1.39006907640208,39.0542383504771,1736,"Liasis olivaceus",297.15,TRUE,0.0859402432739884,-1.47600931967607
"Reptilia","Squamata","Charinidae","Lichanura","trivirgata",182,0.182,20,"C","A. M. Makarieva et al., Mean mass-specific metabolic rates are strikingly similar across life's major domains: Evidence for life's metabolic optimum. Proc. Natl. Acad. Sci. U.S.A. 105, 16994-16999 (2008).","Lichanura trivirgata",17564.0686308265,190.943368910398,2754.88716084095,341.383037007667,846.216226545312,-1.70374859190534,-4.32104442973909,39.5871292029482,1737,"Lichanura trivirgata",293.15,TRUE,-2.43897709423985,-1.88206733549924
"Reptilia","Squamata","Colubridae","Natrix","maura",22.5,0.0225,5,"C","A. M. Makarieva et al., Mean mass-specific metabolic rates are strikingly similar across life's major domains: Evidence for life's metabolic optimum. Proc. Natl. Acad. Sci. U.S.A. 105, 16994-16999 (2008).","Natrix maura",17293.0298989992,158.924340947614,573.328426214863,-2492.5845468819,-162.16022649679,-3.79423996977176,-7.11847631029779,41.7219734885647,1738,"Natrix maura",278.15,TRUE,-5.53028295949253,-1.58819335080526
"Reptilia","Squamata","Colubridae","Natrix","natrix",82.5,0.0825,5,"C","A. M. Makarieva et al., Mean mass-specific metabolic rates are strikingly similar across life's major domains: Evidence for life's metabolic optimum. Proc. Natl. Acad. Sci. U.S.A. 105, 16994-16999 (2008).","Natrix natrix",17293.0298989992,158.924340947614,573.328426214863,-2492.5845468819,-162.16022649679,-2.4949569856415,-6.31166981126532,41.7219734885647,1739,"Natrix natrix",278.15,TRUE,-4.5314972446984,-1.78017256656693
"Reptilia","Squamata","Colubridae","Pantherophis","guttatus",800,0.8,25,"C","A. M. Makarieva et al., Mean mass-specific metabolic rates are strikingly similar across life's major domains: Evidence for life's metabolic optimum. Proc. Natl. Acad. Sci. U.S.A. 105, 16994-16999 (2008).","Pantherophis guttatus",17553.3198944084,189.648237074449,2662.31232889262,209.094000305564,1107.35748550903,-0.22314355131421,-0.688358663828148,38.9232497932056,1740,"Pantherophis guttatus",298.15,TRUE,-0.839227220040758,0.15086855621261
"Reptilia","Squamata","Colubridae","Pituophis","catenifer",548,0.548,30,"C","A. M. Makarieva et al., Mean mass-specific metabolic rates are strikingly similar across life's major domains: Evidence for life's metabolic optimum. Proc. Natl. Acad. Sci. U.S.A. 105, 16994-16999 (2008).","Pituophis catenifer",17553.3198944084,189.648237074449,2662.31232889262,209.094000305564,1107.35748550903,-0.601479992034121,-2.10655788914398,38.2812697537333,1741,"Pituophis catenifer",303.15,TRUE,-0.683710192340797,-1.42284769680318
"Reptilia","Squamata","Pythonidae","Python","regius",787,0.787,20,"C","A. M. Makarieva et al., Mean mass-specific metabolic rates are strikingly similar across life's major domains: Evidence for life's metabolic optimum. Proc. Natl. Acad. Sci. U.S.A. 105, 16994-16999 (2008).","Python regius",17564.0686308265,190.943368910398,2754.88716084095,341.383037007667,846.216226545312,-0.239527030564734,-3.25546201143624,39.5871292029482,1742,"Python regius",293.15,TRUE,-1.31339968221862,-1.94206232921762
"Reptilia","Squamata","Pythonidae","Python","sebae",16140,16.14,20,"C","A. M. Makarieva et al., Mean mass-specific metabolic rates are strikingly similar across life's major domains: Evidence for life's metabolic optimum. Proc. Natl. Acad. Sci. U.S.A. 105, 16994-16999 (2008).","Python sebae",17564.0686308265,190.943368910398,2754.88716084095,341.383037007667,846.216226545312,2.7813006628418,-0.462892970010688,39.5871292029482,1743,"Python sebae",293.15,TRUE,1.00877307297115,-1.47166604298184
"Reptilia","Squamata","Iguanidae","Sauromalus","hispidus",574,0.574,20,"C","A. M. Makarieva et al., Mean mass-specific metabolic rates are strikingly similar across life's major domains: Evidence for life's metabolic optimum. Proc. Natl. Acad. Sci. U.S.A. 105, 16994-16999 (2008).","Sauromalus hispidus",17293.0298989992,158.924340947614,573.328426214863,-2492.5845468819,-162.16022649679,-0.555125882662571,-2.86776131151012,39.5871292029482,1745,"Sauromalus hispidus",293.15,TRUE,-1.55600705022918,-1.31175426128094
"Reptilia","Squamata","Scincidae","Scelotes","gronovii",1.1,0.0011,33,"C","A. M. Makarieva et al., Mean mass-specific metabolic rates are strikingly similar across life's major domains: Evidence for life's metabolic optimum. Proc. Natl. Acad. Sci. U.S.A. 105, 16994-16999 (2008).","Scelotes gronovii",17592.6270925533,194.370228784986,2997.42145437294,681.054280713025,341.550266344304,-6.81244509917781,-6.58054004219503,37.9061470711882,1746,"Scelotes gronovii",306.15,TRUE,-5.19739451190977,-1.38314553028526
"Reptilia","Squamata","Colubridae","Storeria","dekayi",7.2,0.0072,30,"C","A. M. Makarieva et al., Mean mass-specific metabolic rates are strikingly similar across life's major domains: Evidence for life's metabolic optimum. Proc. Natl. Acad. Sci. U.S.A. 105, 16994-16999 (2008).","Storeria dekayi",17293.0298989992,158.924340947614,573.328426214863,-2492.5845468819,-162.16022649679,-4.93367425296013,-5.03903476861795,38.2812697537333,1747,"Storeria dekayi",303.15,TRUE,-4.0139575629107,-1.02507720570725
"Reptilia","Squamata","Colubridae","Thamnophis","butleri",19.02,0.01902,25,"C","A. M. Makarieva et al., Mean mass-specific metabolic rates are strikingly similar across life's major domains: Evidence for life's metabolic optimum. Proc. Natl. Acad. Sci. U.S.A. 105, 16994-16999 (2008).","Thamnophis butleri",17293.0298989992,158.924340947614,573.328426214863,-2492.5845468819,-162.16022649679,-3.96226422186489,-5.03520876378442,38.9232497932056,1748,"Thamnophis butleri",298.15,TRUE,-3.71356664975122,-1.32164211403321
"Reptilia","Squamata","Colubridae","Thamnophis","proximus",31,0.031,30,"C","A. M. Makarieva et al., Mean mass-specific metabolic rates are strikingly similar across life's major domains: Evidence for life's metabolic optimum. Proc. Natl. Acad. Sci. U.S.A. 105, 16994-16999 (2008).","Thamnophis proximus",17293.0298989992,158.924340947614,573.328426214863,-2492.5845468819,-162.16022649679,-3.47376807449699,-3.65648971131229,38.2812697537333,1749,"Thamnophis proximus",303.15,TRUE,-2.89169747500172,-0.764792236310568
"Reptilia","Squamata","Scincidae","Tiliqua","scincoides",461,0.461,20,"C","A. M. Makarieva et al., Mean mass-specific metabolic rates are strikingly similar across life's major domains: Evidence for life's metabolic optimum. Proc. Natl. Acad. Sci. U.S.A. 105, 16994-16999 (2008).","Tiliqua scincoides",17592.6270925533,194.370228784986,2997.42145437294,681.054280713025,341.550266344304,-0.774357235985488,-2.56411870255087,39.5871292029482,1750,"Tiliqua scincoides",293.15,TRUE,-1.72453472788555,-0.839583974665319
"Reptilia","Squamata","Varanidae","Varanus","albigularis",963,0.963,35,"C","A. M. Makarieva et al., Mean mass-specific metabolic rates are strikingly similar across life's major domains: Evidence for life's metabolic optimum. Proc. Natl. Acad. Sci. U.S.A. 105, 16994-16999 (2008).","Varanus albigularis",17293.0298989992,158.924340947614,573.328426214863,-2492.5845468819,-162.16022649679,-0.0377018671840115,-0.187362641738418,37.6601230759184,1751,"Varanus albigularis",308.15,TRUE,0.181544899981308,-0.368907541719726
"Reptilia","Squamata","Varanidae","Varanus","bengalensis",3440,3.44,30,"C","A. M. Makarieva et al., Mean mass-specific metabolic rates are strikingly similar across life's major domains: Evidence for life's metabolic optimum. Proc. Natl. Acad. Sci. U.S.A. 105, 16994-16999 (2008).","Varanus bengalensis",17293.0298989992,158.924340947614,573.328426214863,-2492.5845468819,-162.16022649679,1.23547147138531,-0.0268369099535924,38.2812697537333,1752,"Varanus bengalensis",303.15,TRUE,0.728392407972763,-0.755229317926355
"Reptilia","Squamata","Varanidae","Varanus","giganteus",2496,2.496,25.9,"C","A. M. Makarieva et al., Mean mass-specific metabolic rates are strikingly similar across life's major domains: Evidence for life's metabolic optimum. Proc. Natl. Acad. Sci. U.S.A. 105, 16994-16999 (2008).","Varanus giganteus",17293.0298989992,158.924340947614,573.328426214863,-2492.5845468819,-162.16022649679,0.914689450507181,-0.520795154803481,38.8061090982921,1753,"Varanus giganteus",299.05,TRUE,0.116893440940558,-0.637688595744039
"Reptilia","Squamata","Varanidae","Varanus","gilleni",27.5,0.0275,37,"C","A. M. Makarieva et al., Mean mass-specific metabolic rates are strikingly similar across life's major domains: Evidence for life's metabolic optimum. Proc. Natl. Acad. Sci. U.S.A. 105, 16994-16999 (2008).","Varanus gilleni",17293.0298989992,158.924340947614,573.328426214863,-2492.5845468819,-162.16022649679,-3.59356927430961,-3.51383430629076,37.4172720485064,1754,"Varanus gilleni",310.15,TRUE,-2.38307593073824,-1.13075837555252
"Reptilia","Squamata","Varanidae","Varanus","mertensi",904,0.904,35,"C","A. M. Makarieva et al., Mean mass-specific metabolic rates are strikingly similar across life's major domains: Evidence for life's metabolic optimum. Proc. Natl. Acad. Sci. U.S.A. 105, 16994-16999 (2008).","Varanus mertensi",17293.0298989992,158.924340947614,573.328426214863,-2492.5845468819,-162.16022649679,-0.100925918589961,-0.937943469569608,37.6601230759184,1755,"Varanus mertensi",308.15,TRUE,0.132943263427173,-1.07088673299678
"Reptilia","Squamata","Xantusiidae","Xantusia","henshawi",3.5,0.0035,15,"C","A. M. Makarieva et al., Mean mass-specific metabolic rates are strikingly similar across life's major domains: Evidence for life's metabolic optimum. Proc. Natl. Acad. Sci. U.S.A. 105, 16994-16999 (2008).","Xantusia henshawi",17592.6270925533,194.370228784986,2997.42145437294,681.054280713025,341.550266344304,-5.65499231048677,-7.23487142067933,40.2740479814134,1756,"Xantusia henshawi",288.15,TRUE,-5.95397671869461,-1.28089470198471
"Reptilia","Squamata","Xantusiidae","Xantusia","vigilis",1.5,0.0015,30,"C","A. M. Makarieva et al., Mean mass-specific metabolic rates are strikingly similar across life's major domains: Evidence for life's metabolic optimum. Proc. Natl. Acad. Sci. U.S.A. 105, 16994-16999 (2008).","Xantusia vigilis",17592.6270925533,194.370228784986,2997.42145437294,681.054280713025,341.550266344304,-6.50229017087397,-6.54415437497267,38.2812697537333,1757,"Xantusia vigilis",303.15,TRUE,-5.21978507696822,-1.32436929800445
"Reptilia","Squamata","Colubridae","Xenodon","guentheri",50,0.05,20,"C","A. M. Makarieva et al., Mean mass-specific metabolic rates are strikingly similar across life's major domains: Evidence for life's metabolic optimum. Proc. Natl. Acad. Sci. U.S.A. 105, 16994-16999 (2008).","Xenodon guentheri",17293.0298989992,158.924340947614,573.328426214863,-2492.5845468819,-162.16022649679,-2.99573227355399,-4.6356293934728,39.5871292029482,1758,"Xenodon guentheri",293.15,TRUE,-3.43215168417847,-1.20347770929433
"Reptilia","Squamata","Colubridae","Xenodon","merremii",502,0.502,20,"C","A. M. Makarieva et al., Mean mass-specific metabolic rates are strikingly similar across life's major domains: Evidence for life's metabolic optimum. Proc. Natl. Acad. Sci. U.S.A. 105, 16994-16999 (2008).","Xenodon merremii",17293.0298989992,158.924340947614,573.328426214863,-2492.5845468819,-162.16022649679,-0.689155159290408,-2.12044688634103,39.5871292029482,1759,"Xenodon merremii",293.15,TRUE,-1.65903812852017,-0.461408757820865
"Arachnida","Araneae","Lycosidae","Pardosa","lugubris",0.0224,2.24e-05,20,"C","Schmitz, 2004","Pardosa lugubris",-4787.35547680534,-1628.02388294841,32.4701150460995,-1.88743442551193,-0.0029329313331031,-10.7064495991033,-10.2414081870925,39.5871292029482,1760,"Pardosa lugubris",293.15,TRUE,-9.35953964326078,-0.881868543831679
"Arachnida","Araneae","Lycosidae","Pardosa","lugubris",0.0214,2.14e-05,20,"C","Schmitz, 2004","Pardosa lugubris",-4787.35547680534,-1628.02388294841,32.4701150460995,-1.88743442551193,-0.0029329313331031,-10.7521196359365,-10.3333292415764,39.5871292029482,1761,"Pardosa lugubris",293.15,TRUE,-9.39464714558342,-0.938682095992988
"Arachnida","Araneae","Uloboridae","Zosis","geniculata",0.0343,3.43e-05,25,"C","Kawamoto, Machado, Kaneto, & Japyassu, 2011","Zosis geniculata",-4787.35547680534,-1628.02388294841,32.4701150460995,-1.88743442551193,-0.0029329313331031,-10.2803652037924,-9.71194934063725,38.9232497932056,1762,"Zosis geniculata",298.15,TRUE,-8.57042160933506,-1.14152773130218
"Arachnida","Araneae","Uloboridae","Zosis","geniculata",0.0301,3.01e-05,25,"C","Kawamoto, Machado, Kaneto, & Japyassu, 2011","Zosis geniculata",-4787.35547680534,-1628.02388294841,32.4701150460995,-1.88743442551193,-0.0029329313331031,-10.4109853862094,-10.112837781718,38.9232497932056,1763,"Zosis geniculata",298.15,TRUE,-8.67083204636491,-1.44200573535309
"Arachnida","Araneae","Uloboridae","Zosis","geniculata",0.0248,2.48e-05,25,"C","Kawamoto, Machado, Kaneto, & Japyassu, 2011","Zosis geniculata",-4787.35547680534,-1628.02388294841,32.4701150460995,-1.88743442551193,-0.0029329313331031,-10.6046669047933,-9.94894992661288,38.9232497932056,1764,"Zosis geniculata",298.15,TRUE,-8.81971903737767,-1.12923088923521
"Arachnida","Araneae","Uloboridae","Zosis","geniculata",0.0286,2.86e-05,25,"C","Kawamoto, Machado, Kaneto, & Japyassu, 2011","Zosis geniculata",-4787.35547680534,-1628.02388294841,32.4701150460995,-1.88743442551193,-0.0029329313331031,-10.4621038401385,-9.88150864581735,38.9232497932056,1765,"Zosis geniculata",298.15,TRUE,-8.71012785964831,-1.17138078616905
"Arachnida","Araneae","Uloboridae","Zosis","geniculata",0.0511,5.11e-05,25,"C","Kawamoto, Machado, Kaneto, & Japyassu, 2011","Zosis geniculata",-4787.35547680534,-1628.02388294841,32.4701150460995,-1.88743442551193,-0.0029329313331031,-9.88172606075462,-9.04200505715725,38.9232497932056,1766,"Zosis geniculata",298.15,TRUE,-8.263979451401,-0.778025605756254
"Arachnida","Araneae","Uloboridae","Zosis","geniculata",0.0532,5.32e-05,25,"C","Kawamoto, Machado, Kaneto, & Japyassu, 2011","Zosis geniculata",-4787.35547680534,-1628.02388294841,32.4701150460995,-1.88743442551193,-0.0029329313331031,-9.84145216161668,-9.70281685707398,38.9232497932056,1767,"Zosis geniculata",298.15,TRUE,-8.23302007178212,-1.46979678529186
"Arachnida","Araneae","Uloboridae","Zosis","geniculata",0.0348,3.48e-05,25,"C","Kawamoto, Machado, Kaneto, & Japyassu, 2011","Zosis geniculata",-4787.35547680534,-1628.02388294841,32.4701150460995,-1.88743442551193,-0.0029329313331031,-10.2658931711838,-10.0465883961768,38.9232497932056,1768,"Zosis geniculata",298.15,TRUE,-8.55929665841214,-1.48729173776466
"Arachnida","Araneae","Uloboridae","Zosis","geniculata",0.0242,2.42e-05,25,"C","Kawamoto, Machado, Kaneto, & Japyassu, 2011","Zosis geniculata",-4787.35547680534,-1628.02388294841,32.4701150460995,-1.88743442551193,-0.0029329313331031,-10.6291579248016,-10.34285421232,38.9232497932056,1769,"Zosis geniculata",298.15,TRUE,-8.83854579122868,-1.5043084210913
"Arachnida","Araneae","Uloboridae","Zosis","geniculata",0.028,2.8e-05,25,"C","Kawamoto, Machado, Kaneto, & Japyassu, 2011","Zosis geniculata",-4787.35547680534,-1628.02388294841,32.4701150460995,-1.88743442551193,-0.0029329313331031,-10.4833060477891,-10.2601624964749,38.9232497932056,1770,"Zosis geniculata",298.15,TRUE,-8.72642643538752,-1.53373606108734
"Arachnida","Araneae","Uloboridae","Zosis","geniculata",0.0273999999999999,2.74e-05,25,"C","Kawamoto, Machado, Kaneto, & Japyassu, 2011","Zosis geniculata",-4787.35547680534,-1628.02388294841,32.4701150460995,-1.88743442551193,-0.0029329313331031,-10.5049675445702,-10.0858091093301,38.9232497932056,1771,"Zosis geniculata",298.15,TRUE,-8.74307807618507,-1.34273103314501
"Arachnida","Araneae","Uloboridae","Zosis","geniculata",0.028,2.8e-05,25,"C","Kawamoto, Machado, Kaneto, & Japyassu, 2011","Zosis geniculata",-4787.35547680534,-1628.02388294841,32.4701150460995,-1.88743442551193,-0.0029329313331031,-10.4833060477891,-9.87069772971314,38.9232497932056,1772,"Zosis geniculata",298.15,TRUE,-8.72642643538752,-1.14427129432562
"Arachnida","Araneae","Uloboridae","Zosis","geniculata",0.0301,3.01e-05,25,"C","Kawamoto, Machado, Kaneto, & Japyassu, 2011","Zosis geniculata",-4787.35547680534,-1628.02388294841,32.4701150460995,-1.88743442551193,-0.0029329313331031,-10.4109853862094,-9.57498348556409,38.9232497932056,1773,"Zosis geniculata",298.15,TRUE,-8.67083204636491,-0.904151439199183
"Arachnida","Araneae","Uloboridae","Zosis","geniculata",0.0443,4.43e-05,25,"C","Kawamoto, Machado, Kaneto, & Japyassu, 2011","Zosis geniculata",-4787.35547680534,-1628.02388294841,32.4701150460995,-1.88743442551193,-0.0029329313331031,-10.0245258809132,-9.29130943450985,38.9232497932056,1774,"Zosis geniculata",298.15,TRUE,-8.37375262798502,-0.91755680652483
"Arachnida","Araneae","Uloboridae","Zosis","geniculata",0.0242,2.42e-05,25,"C","Kawamoto, Machado, Kaneto, & Japyassu, 2011","Zosis geniculata",-4787.35547680534,-1628.02388294841,32.4701150460995,-1.88743442551193,-0.0029329313331031,-10.6291579248016,-10.008848068194,38.9232497932056,1775,"Zosis geniculata",298.15,TRUE,-8.83854579122868,-1.17030227696528
"Arachnida","Araneae","Uloboridae","Zosis","geniculata",0.047,4.7e-05,25,"C","Kawamoto, Machado, Kaneto, & Japyassu, 2011","Zosis geniculata",-4787.35547680534,-1628.02388294841,32.4701150460995,-1.88743442551193,-0.0029329313331031,-9.96536295625422,-9.33439302064616,38.9232497932056,1776,"Zosis geniculata",298.15,TRUE,-8.32827286359453,-1.00612015705163
"Arachnida","Araneae","Uloboridae","Zosis","geniculata",0.0245,2.45e-05,25,"C","Kawamoto, Machado, Kaneto, & Japyassu, 2011","Zosis geniculata",-4787.35547680534,-1628.02388294841,32.4701150460995,-1.88743442551193,-0.0029329313331031,-10.6168374404136,-10.1986046034754,38.9232497932056,1777,"Zosis geniculata",298.15,TRUE,-8.8290747799429,-1.36952982353253
"Arachnida","Araneae","Uloboridae","Zosis","geniculata",0.0287,2.87e-05,25,"C","Kawamoto, Machado, Kaneto, & Japyassu, 2011","Zosis geniculata",-4787.35547680534,-1628.02388294841,32.4701150460995,-1.88743442551193,-0.0029329313331031,-10.4586134351987,-10.1406173458251,38.9232497932056,1778,"Zosis geniculata",298.15,TRUE,-8.7074447131473,-1.43317263267778
"Arachnida","Araneae","Uloboridae","Zosis","geniculata",0.0292,2.92e-05,25,"C","Kawamoto, Machado, Kaneto, & Japyassu, 2011","Zosis geniculata",-4787.35547680534,-1628.02388294841,32.4701150460995,-1.88743442551193,-0.0029329313331031,-10.44134184869,-10.0594918010127,38.9232497932056,1779,"Zosis geniculata",298.15,TRUE,-8.6941676872127,-1.36532411380001
"Arachnida","Araneae","Uloboridae","Zosis","geniculata",0.0637,6.37e-05,25,"C","Kawamoto, Machado, Kaneto, & Japyassu, 2011","Zosis geniculata",-4787.35547680534,-1628.02388294841,32.4701150460995,-1.88743442551193,-0.0029329313331031,-9.66132599538616,-9.32812340763257,38.9232497932056,1780,"Zosis geniculata",298.15,TRUE,-8.09455336061211,-1.23357004702046
"Arachnida","Araneae","Uloboridae","Zosis","geniculata",0.0501,5.01e-05,25,"C","Kawamoto, Machado, Kaneto, & Japyassu, 2011","Zosis geniculata",-4787.35547680534,-1628.02388294841,32.4701150460995,-1.88743442551193,-0.0029329313331031,-9.90148954987345,-9.58301565726136,38.9232497932056,1781,"Zosis geniculata",298.15,TRUE,-8.27917205443473,-1.30384360282662
"Arachnida","Ixodida","Ixodidae","Dermacentor","andersoni",0.0207,2.07e-05,25,"C","Lighton & Fielden, 1995","Dermacentor andersoni",-4787.35547680534,-1628.02388294841,32.4701150460995,-1.88743442551193,-0.0029329313331031,-10.785376857693,-12.5939161522885,38.9232497932056,1782,"Dermacentor andersoni",298.15,TRUE,-8.95863451743999,-3.63528163484853
"Arachnida","Araneae","Sicariidae","Loxosceles","deserta",0.079,7.9e-05,22,"C","Greenstone & Bennett, 1980","Loxosceles deserta",-4787.35547680534,-1628.02388294841,32.4701150460995,-1.88743442551193,-0.0029329313331031,-9.44606270549725,-9.68449356218156,39.3188782850898,1783,"Loxosceles deserta",295.15,TRUE,-8.2041462492523,-1.48034731292926
"Arachnida","Araneae","Sicariidae","Loxosceles","deserta",0.0632,6.32e-05,22,"C","Greenstone & Bennett, 1980","Loxosceles deserta",-4787.35547680534,-1628.02388294841,32.4701150460995,-1.88743442551193,-0.0029329313331031,-9.66920625681146,-10.1178156247927,39.3188782850898,1784,"Loxosceles deserta",295.15,TRUE,-8.37568131445617,-1.74213431033652
"Arachnida","Araneae","Theridiidae","Latrodectus","mactans",0.3505,0.0003505,22,"C","Greenstone & Bennett, 1980","Latrodectus mactans",-4787.35547680534,-1628.02388294841,32.4701150460995,-1.88743442551193,-0.0029329313331031,-7.95614985148963,-7.24166885782791,39.3188782850898,1785,"Latrodectus mactans",295.15,TRUE,-7.05881940895114,-0.182849448876768
"Arachnida","Araneae","Theridiidae","Latrodectus","mactans",0.0482,4.82e-05,22,"C","Greenstone & Bennett, 1980","Latrodectus mactans",-4787.35547680534,-1628.02388294841,32.4701150460995,-1.88743442551193,-0.0029329313331031,-9.94015153690772,-7.83751080219056,39.3188782850898,1786,"Latrodectus mactans",295.15,TRUE,-8.58396255769294,0.746451755502384
"Arachnida","Araneae","Theridiidae","Latrodectus","mactans",0.169,0.000169,22,"C","Greenstone & Bennett, 1980","Latrodectus mactans",-4787.35547680534,-1628.02388294841,32.4701150460995,-1.88743442551193,-0.0029329313331031,-8.6856118430412,-7.41656817101329,39.3188782850898,1787,"Latrodectus mactans",295.15,TRUE,-7.61957193595718,0.203003764943889
"Arachnida","Araneae","Agelenidae","Agelenopsis","aperta",0.6325,0.0006325,22,"C","Greenstone & Bennett, 1980","Agelenopsis aperta",-4787.35547680534,-1628.02388294841,32.4701150460995,-1.88743442551193,-0.0029329313331031,-7.3658303373626,-6.9264329405047,39.3188782850898,1788,"Agelenopsis aperta",295.15,TRUE,-6.60502858349138,-0.321404357013318
"Arachnida","Araneae","Agelenidae","Agelenopsis","aperta",0.715,0.000715,22,"C","Greenstone & Bennett, 1980","Agelenopsis aperta",-4787.35547680534,-1628.02388294841,32.4701150460995,-1.88743442551193,-0.0029329313331031,-7.24322801527027,-6.75755794702647,39.3188782850898,1789,"Agelenopsis aperta",295.15,TRUE,-6.51078164159952,-0.246776305426956
"Arachnida","Araneae","Agelenidae","Agelenopsis","aperta",0.3208,0.0003208,22,"C","Greenstone & Bennett, 1980","Agelenopsis aperta",-4787.35547680534,-1628.02388294841,32.4701150460995,-1.88743442551193,-0.0029329313331031,-8.04469268197191,-7.91870957935697,39.3188782850898,1790,"Agelenopsis aperta",295.15,TRUE,-7.12688411487996,-0.791825464477012
"Arachnida","Araneae","Salticidae","Menemerus","bivittatus",0.0279,2.79e-05,22,"C","Greenstone & Bennett, 1980","Menemerus bivittatus",-4787.35547680534,-1628.02388294841,32.4701150460995,-1.88743442551193,-0.0029329313331031,-10.486883869137,-9.58023255185715,39.3188782850898,1791,"Menemerus bivittatus",295.15,TRUE,-9.00424701451755,-0.575985537339601
"Aves","Passeriformes","Hirundinidae","Hirundo","tahitica",14.07,0.01407,33.5,"C","Bryant, Hails, & Tatner, 1984","Hirundo tahitica",16328.1935774524,58.4047036824013,-3823.20290549704,935.025301861929,-20.6014997015098,-4.26371040785584,-1.45397309646211,37.8443402114602,1792,"Hirundo tahitica",306.65,TRUE,-3.19515670877799,1.74118361231588
"Aves","Anseriformes","Anatidae","Aythya","ferina",816,0.816,22.5,"C","Prinzinger & Hänssler, 1980","Aythya ferina",16326.7570841147,58.2681849286686,-3827.2039838056,937.828094549421,-19.805563713662,-0.20334092401803,1.76072735998033,39.2523826343456,1794,"Aythya ferina",295.65,TRUE,-1.05284206242983,2.81356942241016
"Aves","Anseriformes","Anatidae","Netta","rufina",1237,1.237,22.5,"C","Prinzinger & Hänssler, 1980","Netta rufina",16326.7570841147,58.2681849286686,-3827.2039838056,937.828094549421,-19.805563713662,0.212689093410351,1.96009478404727,39.2523826343456,1795,"Netta rufina",295.65,TRUE,-0.733031179497988,2.69312596354526
"Aves","Psittaciformes","Psittaculidae","Loriculus","galgulus",27,0.027,22.5,"C","Prinzinger & Hänssler, 1980","Loriculus galgulus",16328.1935774524,58.4047036824013,-3823.20290549704,935.025301861929,-20.6014997015098,-3.61191841297781,-0.660357357736954,39.2523826343456,1796,"Loriculus galgulus",295.65,TRUE,-3.67308610881886,3.0127287510819
"Aves","Cuculiformes","Cuculidae","Centropus","senegalensis",175,0.175,22.5,"C","Prinzinger & Hänssler, 1980","Centropus senegalensis",16328.1935774524,58.4047036823886,-3823.20290549705,935.02530186193,-20.6014997015094,-1.74296930505862,0.411005288483778,39.2523826343456,1797,"Centropus senegalensis",295.65,TRUE,-2.23638625707988,2.64739154556366
"Aves","Gruiformes","Rallidae","Fulica","atra",754,0.754,22.5,"C","Prinzinger & Hänssler, 1980","Fulica atra",16328.1935774524,58.4047036824013,-3823.20290549704,935.025301861929,-20.6014997015098,-0.282362910974181,1.47336360680547,39.2523826343456,1798,"Fulica atra",295.65,TRUE,-1.11358789893387,2.58695150573933
"Aves","Charadriiformes","Scolopacidae","Tringa","ochropus",90,0.09,22.5,"C","Prinzinger & Hänssler, 1980","Tringa ochropus",16328.1935774524,58.4047036824013,-3823.20290549704,935.025301861929,-20.6014997015098,-2.40794560865187,-0.0809690625336673,39.2523826343456,1799,"Tringa ochropus",295.65,TRUE,-2.74756730140806,2.66659823887439
"Aves","Passeriformes","Maluridae","Malurus","lamberti",7.8,0.0078,31,"C","Bech, Chappell, Astheimer, Londoño, & Buttemer, 2016","Malurus lamberti",16328.1935774524,58.4047036823886,-3823.20290549705,935.02530186193,-20.6014997015094,-4.85363154528659,-1.69644928942373,38.1554066277964,1801,"Malurus lamberti",304.15,TRUE,-3.86491770877965,2.16846841935591
"Aves","Passeriformes","Meliphagidae","Acanthagenys","rufogularis",43.4,0.0434,31,"C","Bech, Chappell, Astheimer, Londoño, & Buttemer, 2016","Acanthagenys rufogularis",16328.1935774524,58.4047036824013,-3823.20290549704,935.025301861929,-20.6014997015098,-3.13729583787578,-0.456758402495715,38.1554066277964,1802,"Acanthagenys rufogularis",304.15,TRUE,-2.54553493590317,2.08877653340746
"Aves","Passeriformes","Meliphagidae","Acanthorhynchus","tenuirostris",11.3,0.0113,31,"C","Bech, Chappell, Astheimer, Londoño, & Buttemer, 2016","Acanthorhynchus tenuirostris",16328.1935774524,58.4047036824013,-3823.20290549704,935.025301861929,-20.6014997015098,-4.48295255326384,-1.2849418668596,38.1554066277964,1803,"Acanthorhynchus tenuirostris",304.15,TRUE,-3.57996909748505,2.29502723062545
"Aves","Passeriformes","Pardalotidae","Pardalotus","punctatus",7.8,0.0078,31,"C","Bech, Chappell, Astheimer, Londoño, & Buttemer, 2016","Pardalotus punctatus",16328.1935774524,58.4047036824013,-3823.20290549704,935.025301861929,-20.6014997015098,-4.85363154528659,-1.51412773262978,38.1554066277964,1804,"Pardalotus punctatus",304.15,TRUE,-3.86491770877965,2.35078997614987
"Aves","Passeriformes","Acanthizidae","Sericornis","frontalis",13.2,0.0132,31,"C","Bech, Chappell, Astheimer, Londoño, & Buttemer, 2016","Sericornis frontalis",16328.1935774524,58.4047036824013,-3823.20290549704,935.025301861929,-20.6014997015098,-4.32753844938981,-1.13943428318836,38.1554066277964,1805,"Sericornis frontalis",304.15,TRUE,-3.46049905999294,2.32106477680457
"Aves","Passeriformes","Acanthizidae","Acanthiza","pusilla",6.4,0.0064,31,"C","Bech, Chappell, Astheimer, Londoño, & Buttemer, 2016","Acanthiza pusilla",16328.1935774524,58.4047036824013,-3823.20290549704,935.025301861929,-20.6014997015098,-5.05145728861651,-1.49908985526524,38.1554066277964,1806,"Acanthiza pusilla",304.15,TRUE,-4.01699045110738,2.51790059584215
"Aves","Passeriformes","Acanthizidae","Acanthiza","chrysorrhoa",8.3,0.0083,31,"C","Bech, Chappell, Astheimer, Londoño, & Buttemer, 2016","Acanthiza chrysorrhoa",16328.1935774524,58.4047036824013,-3823.20290549704,935.025301861929,-20.6014997015098,-4.79149976417958,-1.49908985526524,38.1554066277964,1807,"Acanthiza chrysorrhoa",304.15,TRUE,-3.81715572300567,2.31806586774044
"Aves","Passeriformes","Petroicidae","Eopsaltria","australis",19.2,0.0192,31,"C","Bech, Chappell, Astheimer, Londoño, & Buttemer, 2016","Eopsaltria australis",16328.1935774524,58.4047036824013,-3823.20290549704,935.025301861929,-20.6014997015098,-3.9528449999484,-1.04982212449868,38.1554066277964,1808,"Eopsaltria australis",304.15,TRUE,-3.17246445221307,2.12264232771439
"Aves","Passeriformes","Psophodidae","Psophodes","olivaceus",61,0.061,31,"C","Bech, Chappell, Astheimer, Londoño, & Buttemer, 2016","Psophodes olivaceus",16328.1935774524,58.4047036824013,-3823.20290549704,935.025301861929,-20.6014997015098,-2.79688141480883,-0.347196199984188,38.1554066277964,1809,"Psophodes olivaceus",304.15,TRUE,-2.28385132500238,1.9366551250182
"Aves","Passeriformes","Dicruridae","Rhipidura","fuliginosa",8.9,0.0089,31,"C","Bech, Chappell, Astheimer, Londoño, & Buttemer, 2016","Rhipidura fuliginosa",16328.1935774524,58.4047036824013,-3823.20290549704,935.025301861929,-20.6014997015098,-4.72170400224404,-1.81196217654558,38.1554066277964,1810,"Rhipidura fuliginosa",304.15,TRUE,-3.76350227658495,1.95154010003937
"Aves","Passeriformes","Artamidae","Cracticus","torquatus",93.7,0.0937,31,"C","Bech, Chappell, Astheimer, Londoño, & Buttemer, 2016","Cracticus torquatus",16328.1935774524,58.4047036824013,-3823.20290549704,935.025301861929,-20.6014997015098,-2.36765708973776,-0.342490308946776,38.1554066277964,1811,"Cracticus torquatus",304.15,TRUE,-1.95389770476768,1.6114073958209
"Aves","Passeriformes","Passeridae","Passer","domesticus",23,0.023,31,"C","Bech, Chappell, Astheimer, Londoño, & Buttemer, 2016","Passer domesticus",16328.1935774524,58.4047036824013,-3823.20290549704,935.025301861929,-20.6014997015098,-3.77226106305299,-1.1604876923862,38.1554066277964,1812,"Passer domesticus",304.15,TRUE,-3.03364584326071,1.87315815087452
"Aves","Passeriformes","Zosteropidae","Zosterops","lateralis",10.4,0.0104,31,"C","Bech, Chappell, Astheimer, Londoño, & Buttemer, 2016","Zosterops lateralis",16328.1935774524,58.4047036824013,-3823.20290549704,935.025301861929,-20.6014997015098,-4.56594947283481,-1.56064774826467,38.1554066277964,1813,"Zosterops lateralis",304.15,TRUE,-3.6437705469398,2.08312279867513
"Aves","Passeriformes","Turdidae","Zoothera","lunulata",113.2,0.1132,31,"C","Bech, Chappell, Astheimer, Londoño, & Buttemer, 2016","Zoothera lunulata",16328.1935774524,58.4047036824013,-3823.20290549704,935.025301861929,-20.6014997015098,-2.17859911321305,0.0230652729309929,38.1554066277964,1814,"Zoothera lunulata",304.15,TRUE,-1.80856492620661,1.83163019913761
"Aves","Passeriformes","Turdidae","Turdus","merula",85.1,0.0851,31,"C","Bech, Chappell, Astheimer, Londoño, & Buttemer, 2016","Turdus merula",16328.1935774524,58.4047036824013,-3823.20290549704,935.025301861929,-20.6014997015098,-2.46392824340281,-0.0408219945202552,38.1554066277964,1815,"Turdus merula",304.15,TRUE,-2.02790333264232,1.98708133812207
"Aves","Spheniscoformes","Spheniscidae","Pygoscelis","adeliae",3500,3.5,8.5,"C","Ricklefs & Matthew, 1983","Pygoscelis adeliae",16328.1935774524,58.4047036824013,-3823.20290549704,935.025301861929,-20.6014997015098,1.25276296849537,2.88417978764824,41.2035040860794,1816,"Pygoscelis adeliae",281.65,TRUE,-1.2900690334128,4.17424882106105
"Aves","Galliformes","Phasianidae","Alectoris","chukar",475,0.475,24,"C","Marder & Bernstein, 1983","Alectoris chukar",-4787.35547680534,-1628.02388294841,32.4701150460995,-1.88743442551193,-0.0029329313331031,-0.744440474947496,0.655647208304731,39.0542383504771,1817,"Alectoris chukar",297.15,TRUE,-1.33103189998754,1.98667910829227
"Aves","Procellariiformes","Diomedeidae","Phoebetria","fusca",2875,2.875,4.8,"C","Adams & Brown, 1984","Phoebetria fusca",16328.1935774524,58.4047036824013,-3823.20290549704,935.025301861929,-20.6014997015098,1.05605267424931,2.113294866884,41.7519946963276,1818,"Phoebetria fusca",277.95,TRUE,-1.82263560875849,3.93593047564249
"Aves","Passeriformes","Nectariniidae","Aethopyga","siparaja",6.8,0.0068,25,"C","Prinzinger, Lübben, & Schuchmann, 1989","Aethopyga siparaja",16328.1935774524,58.4047036824013,-3823.20290549704,935.025301861929,-20.6014997015098,-4.99083266680008,-0.916124079094833,38.9232497932056,1819,"Aethopyga siparaja",298.15,TRUE,-4.50424849661383,3.588124417519
"Aves","Passeriformes","Nectariniidae","Cinnyris","venustus",7.1,0.0071,25,"C","Prinzinger, Lübben, & Schuchmann, 1989","Cinnyris venustus",16328.1935774524,58.4047036824013,-3823.20290549704,935.025301861929,-20.6014997015098,-4.94766049493487,-1.11540245797558,38.9232497932056,1820,"Cinnyris venustus",298.15,TRUE,-4.47106115477815,3.35565869680257
"Aves","Passeriformes","Nectariniidae","Nectarinia","tacazze",13.5,0.0135,25,"C","Prinzinger, Lübben, & Schuchmann, 1989","Nectarinia tacazze",16328.1935774524,58.4047036824013,-3823.20290549704,935.025301861929,-20.6014997015098,-4.30506559353775,-0.523404405972851,38.9232497932056,1821,"Nectarinia tacazze",298.15,TRUE,-3.97708515743635,3.4536807514635
"Aves","Galliformes","Phasianidae","Coturnix","pectoralis",95.8,0.0958,25,"C","Roberts & Baudinette, 1986","Coturnix pectoralis",-4787.35547680534,-1628.02388294841,32.4701150460995,-1.88743442551193,-0.0029329313331031,-2.34549259400532,-0.456740858789958,38.9232497932056,1822,"Coturnix pectoralis",298.15,TRUE,-2.47072084501566,2.0139799862257
"Aves","Passeriformes","Meliphagidae","Gliciphila","melanops",18.8,0.0188,30,"C","Vitali, Withers, & Richardson, 1999","Gliciphila melanops",16328.1935774524,58.4047036824013,-3823.20290549704,935.025301861929,-20.6014997015098,-3.97389840914623,-1.23305838522103,38.2812697537333,1823,"Gliciphila melanops",303.15,TRUE,-3.2761580119934,2.04309962677236
"Aves","Passeriformes","Meliphagidae","Phylidonyris","novaehollandiae",17.4,0.0174,35,"C","Weathers, Paton, & Seymour, 1996","Phylidonyris novaehollandiae",16328.1935774524,58.4047036824013,-3823.20290549704,935.025301861929,-20.6014997015098,-4.05128507276165,-1.14844466241598,37.6601230759184,1824,"Phylidonyris novaehollandiae",308.15,TRUE,-2.90377955961055,1.75533489719456
"Aves","Passeriformes","Meliphagidae","Acanthorhynchus","tenuirostris",9.7,0.0097,35,"C","Weathers, Paton, & Seymour, 1996","Acanthorhynchus tenuirostris",16328.1935774524,58.4047036824013,-3823.20290549704,935.025301861929,-20.6014997015098,-4.6356293934728,-1.39093474067639,37.6601230759184,1825,"Acanthorhynchus tenuirostris",308.15,TRUE,-3.35297713025222,1.96204238957583
"Aves","Passeriformes","Pipridae","Manacus","vitellinus",18.2,0.0182,30,"C","Vleck & Vleck, 1979","Manacus vitellinus",16328.1935774524,58.4047036824013,-3823.20290549704,935.025301861929,-20.6014997015098,-4.00633368489939,-1.44190573694636,38.2812697537333,1826,"Manacus vitellinus",303.15,TRUE,-3.30109167961881,1.85918594267245
"Aves","Passeriformes","Pipridae","Manacus","vitellinus",15,0.015,30,"C","Vleck & Vleck, 1979","Manacus vitellinus",16328.1935774524,58.4047036824013,-3823.20290549704,935.025301861929,-20.6014997015098,-4.19970507787993,-1.25040512539341,38.2812697537333,1827,"Manacus vitellinus",303.15,TRUE,-3.44974027066312,2.19933514526971
"Aves","Cuculiformes","Chloropseidae","Chloropsis","sonnerati",39.7,0.0397,33,"C","Hails, 1983","Chloropsis sonnerati",16328.1935774524,58.4047036824013,-3823.20290549704,935.025301861929,-20.6014997015098,-3.22640409128899,-0.971612597906803,37.9061470711882,1828,"Chloropsis sonnerati",306.15,TRUE,-2.44073058642715,1.46911798852034
"Aves","Passeriformes","Acrocephalidae","Acrocephalus","arundinaceus",26.9,0.0269,33,"C","Hails, 1983","Acrocephalus arundinaceus",16328.1935774524,58.4047036824013,-3823.20290549704,935.025301861929,-20.6014997015098,-3.61562899237434,-1.3634100672863,37.9061470711882,1829,"Acrocephalus arundinaceus",306.15,TRUE,-2.73993582177196,1.37652575448566
"Aves","Passeriformes","Acrocephalidae","Acrocephalus","bistrigiceps",21.9,0.0219,33,"C","Hails, 1983","Acrocephalus bistrigiceps",16328.1935774524,58.4047036824013,-3823.20290549704,935.025301861929,-20.6014997015098,-3.82126864215968,-2.05204256749172,37.9061470711882,1830,"Acrocephalus bistrigiceps",306.15,TRUE,-2.89801527567811,0.845972708186386
"Aves","Passeriformes","Muscicapidae","Larvivora","cyane",7.9,0.0079,33,"C","Hails, 1983","Larvivora cyane",16328.1935774524,58.4047036824013,-3823.20290549704,935.025301861929,-20.6014997015098,-4.84089251950916,-1.7509374747078,37.9061470711882,1831,"Larvivora cyane",306.15,TRUE,-3.6818212483557,1.9308837736479
"Aves","Procellariiformes","Procellariidae","Puffinus","nativitatis",307.6,0.3076,28.4,"C","Pettit, Ellis, & Whittow, 1985","Puffinus nativitatis",16328.1935774524,58.4047036824013,-3823.20290549704,935.025301861929,-20.6014997015098,-1.17895504135065,0.396581319407769,38.4843870862022,1833,"Puffinus nativitatis",301.55,TRUE,-1.26884942741613,1.66543074682389
"Aves","Charadriiformes","Laridae","Onychoprion","lunatus",131.7,0.1317,29.1,"C","Pettit, Ellis, & Whittow, 1985","Onychoprion lunatus",16328.1935774524,58.4047036824013,-3823.20290549704,935.025301861929,-20.6014997015098,-2.0272286702329,-0.342889449625683,38.3952586463003,1834,"Onychoprion lunatus",302.25,TRUE,-1.85896622487153,1.51607677524584
"Aves","Apodiformes","Trochilidae","Ocreatus","underwoodii",2.7,0.0027,25,"C","Krüger, Prinzinger, & Schuchmann, 1982","Ocreatus underwoodii",16582.5702711779,85.0069295329861,-2644.61557252984,13.6198099048089,-53.5764018460687,-5.91450350597185,-0.994928177391228,38.9232497932056,1835,"Ocreatus underwoodii",298.15,TRUE,-5.21429338337438,4.21936520598315
"Aves","Apodiformes","Trochilidae","Urosticte","benjamini",3.9,0.0039,25,"C","Krüger, Prinzinger, & Schuchmann, 1982","Urosticte benjamini",16582.5702711779,85.0069295329861,-2644.61557252984,13.6198099048089,-53.5764018460687,-5.54677872584654,-1.21458446492053,38.9232497932056,1836,"Urosticte benjamini",298.15,TRUE,-4.93161573589419,3.71703127097366
"Aves","Apodiformes","Trochilidae","Florisuga","mellivora",6.9,0.0069,25,"C","Krüger, Prinzinger, & Schuchmann, 1982","Florisuga mellivora",16582.6287269012,85.0130951455379,-2644.33435275762,13.4043833308435,-53.5763783876411,-4.97623386737892,-0.255752834879838,38.9232497932056,1837,"Florisuga mellivora",298.15,TRUE,-4.49302609741897,4.23727326253913
"Aves","Apodiformes","Trochilidae","Aglaeactis","cupripennis",7.2,0.0072,25,"C","Krüger, Prinzinger, & Schuchmann, 1982","Aglaeactis cupripennis",16582.5702711779,85.0069295329861,-2644.61557252984,13.6198099048089,-53.5764018460687,-4.93367425296013,-0.705219761794215,38.9232497932056,1838,"Aglaeactis cupripennis",298.15,TRUE,-4.46030964116746,3.75508987937324
"Aves","Apodiformes","Trochilidae","Anthracothorax","nigricollis",7.7,0.0077,25,"C","Krüger, Prinzinger, & Schuchmann, 1982","Anthracothorax nigricollis",16328.1935774524,58.4047036824013,-3823.20290549704,935.025301861929,-20.6014997015098,-4.8665349501225,-0.556481815073707,38.9232497932056,1839,"Anthracothorax nigricollis",298.15,TRUE,-4.40869826982301,3.85221645474931
"Aves","Apodiformes","Trochilidae","Oreotrochilus","estella",8.5,0.0085,25,"C","Krüger, Prinzinger, & Schuchmann, 1982","Oreotrochilus estella",16582.5702711779,85.0069295329861,-2644.61557252984,13.6198099048089,-53.5764018460687,-4.76768911548587,-0.378742037967411,38.9232497932056,1840,"Oreotrochilus estella",298.15,TRUE,-4.33271343140996,3.95397139344255
"Aves","Apodiformes","Trochilidae","Oreotrochilus","estella",8.9,0.0089,25,"C","Krüger, Prinzinger, & Schuchmann, 1982","Oreotrochilus estella",16582.5702711779,85.0069295329861,-2644.61557252984,13.6198099048089,-53.5764018460687,-4.72170400224404,-0.622740494165648,38.9232497932056,1841,"Oreotrochilus estella",298.15,TRUE,-4.29736372333241,3.67462322916677
"Aves","Apodiformes","Trochilidae","Eulampis","jugularis",9.5,0.0095,25,"C","Krüger, Prinzinger, & Schuchmann, 1982","Eulampis jugularis",16582.0562147865,84.9527094778089,-2647.08860362555,15.5142592603917,-53.5766081381813,-4.65646348037564,-0.61927733199349,38.9232497932056,1842,"Eulampis jugularis",298.15,TRUE,-4.24721198420879,3.6279346522153
"Aves","Apodiformes","Trochilidae","Patagona","gigas",17.5,0.0175,25,"C","Krüger, Prinzinger, & Schuchmann, 1982","Patagona gigas",16582.5702711779,85.0069295329861,-2644.61557252984,13.6198099048089,-53.5764018460687,-4.04555439805267,-0.0432845147767443,38.9232497932056,1843,"Patagona gigas",298.15,TRUE,-3.7775935316354,3.73430901685866
"Aves","Struthioniformes","Struthionidae","Struthio","camelus",95400,95.4,20,"C","Withers, 1983","Struthio camelus",16687.6512451382,95.9686159193579,-2163.05827604092,-361.851009356103,-68.0925520712482,4.55807857845424,4.09250954627637,39.5871292029482,1844,"Struthio camelus",293.15,TRUE,2.37461902196842,1.71789052430795
"Insecta","Hymenoptera","Formicidae","Paraponera","clavata",0.19,0.00019,28,"C","Fewell, Harrison, Lighton, & Breed, 1996","Paraponera clavata",-4787.35547680534,-1628.02388294841,32.4701150460995,-1.88743442551193,-0.0029329313331031,-8.56848648580379,-7.79560138696011,38.5355036554682,1845,"Paraponera clavata",301.15,TRUE,-6.98487517911465,-0.810726207845463
"Insecta","Lepidoptera","Crambidae","Ostrinia","nubilalis",0.04,4e-05,26.7,"C","Lewis, Mutchmor, & Lynch, 1971","Ostrinia nubilalis",-4787.35547680534,-1628.02388294841,32.4701150460995,-1.88743442551193,-0.0029329313331031,-10.1266311038503,-7.80696171365229,38.7025743733342,1847,"Ostrinia nubilalis",299.85,TRUE,-8.29881312715236,0.491851413500069
"Insecta","Lepidoptera","Crambidae","Ostrinia","nubilalis",0.0665,6.65e-05,26.7,"C","Lewis, Mutchmor, & Lynch, 1971","Ostrinia nubilalis",-4787.35547680534,-1628.02388294841,32.4701150460995,-1.88743442551193,-0.0029329313331031,-9.61830861030247,-7.26053937387208,38.7025743733342,1848,"Ostrinia nubilalis",299.85,TRUE,-7.90805510810234,0.647515734230254
"Insecta","Lepidoptera","Crambidae","Ostrinia","nubilalis",0.0336,3.36e-05,26.7,"C","Lewis, Mutchmor, & Lynch, 1971","Ostrinia nubilalis",-4787.35547680534,-1628.02388294841,32.4701150460995,-1.88743442551193,-0.0029329313331031,-10.3009844909951,-7.98618129044828,38.7025743733342,1849,"Ostrinia nubilalis",299.85,TRUE,-8.43284218358825,0.446660893139965
"Insecta","Lepidoptera","Crambidae","Ostrinia","nubilalis",0.0621999999999999,6.22e-05,26.7,"C","Lewis, Mutchmor, & Lynch, 1971","Ostrinia nubilalis",-4787.35547680534,-1628.02388294841,32.4701150460995,-1.88743442551193,-0.0029329313331031,-9.68515555821914,-7.52287834177239,38.7025743733342,1850,"Ostrinia nubilalis",299.85,TRUE,-7.95944174016961,0.436563398397213
"Insecta","Lepidoptera","Crambidae","Ostrinia","nubilalis",0.0327999999999999,3.28e-05,26.7,"C","Lewis, Mutchmor, & Lynch, 1971","Ostrinia nubilalis",-4787.35547680534,-1628.02388294841,32.4701150460995,-1.88743442551193,-0.0029329313331031,-10.3250820425742,-8.34968219945749,38.7025743733342,1851,"Ostrinia nubilalis",299.85,TRUE,-8.45136647011601,0.10168427065852
"Insecta","Lepidoptera","Crambidae","Ostrinia","nubilalis",0.0564999999999999,5.65e-05,26.7,"C","Lewis, Mutchmor, & Lynch, 1971","Ostrinia nubilalis",-4787.35547680534,-1628.02388294841,32.4701150460995,-1.88743442551193,-0.0029329313331031,-9.78126991981188,-7.99368615280667,38.7025743733342,1852,"Ostrinia nubilalis",299.85,TRUE,-8.03332683873391,0.0396406859272389
"Insecta","Hymenoptera","Formicidae","Eciton","hamatum",0.00206,2.06e-06,28,"C","Chown et al., 2007","Eciton hamatum",-4787.35547680534,-1628.02388294841,32.4701150460995,-1.88743442551193,-0.0029329313331031,-13.0928045751628,-11.4740095412067,38.5355036554682,1857,"Eciton hamatum",301.15,TRUE,-10.4628121120464,-1.01119742916027
"Insecta","Hymenoptera","Formicidae","Eciton","hamatum",0.00282,2.82e-06,28,"C","Chown et al., 2007","Eciton hamatum",-4787.35547680534,-1628.02388294841,32.4701150460995,-1.88743442551193,-0.0029329313331031,-12.7787736730143,-10.8537691314548,38.5355036554682,1858,"Eciton hamatum",301.15,TRUE,-10.2214100596061,-0.632359071848757
"Insecta","Hymenoptera","Formicidae","Eciton","hamatum",0.00453,4.53e-06,28,"C","Chown et al., 2007","Eciton hamatum",-4787.35547680534,-1628.02388294841,32.4701150460995,-1.88743442551193,-0.0029329313331031,-12.3047886184693,-11.1330829542361,38.5355036554682,1859,"Eciton hamatum",301.15,TRUE,-9.85704794043133,-1.27603501380476
"Insecta","Hymenoptera","Formicidae","Eciton","hamatum",0.00553,5.53e-06,28,"C","Chown et al., 2007","Eciton hamatum",-4787.35547680534,-1628.02388294841,32.4701150460995,-1.88743442551193,-0.0029329313331031,-12.10532274243,-10.6700479943065,38.5355036554682,1860,"Eciton hamatum",301.15,TRUE,-9.7037143941521,-0.966333600154348
"Insecta","Hymenoptera","Formicidae","Eciton","hamatum",0.00563,5.63e-06,28,"C","Chown et al., 2007","Eciton hamatum",-4787.35547680534,-1628.02388294841,32.4701150460995,-1.88743442551193,-0.0029329313331031,-12.0874011158127,-10.8045788872641,38.5355036554682,1861,"Eciton hamatum",301.15,TRUE,-9.68993766893525,-1.1146412183288
"Insecta","Hymenoptera","Formicidae","Eciton","hamatum",0.00563,5.63e-06,28,"C","Chown et al., 2007","Eciton hamatum",-4787.35547680534,-1628.02388294841,32.4701150460995,-1.88743442551193,-0.0029329313331031,-12.0874011158127,-10.5959400221527,38.5355036554682,1862,"Eciton hamatum",301.15,TRUE,-9.68993766893525,-0.906002353217472
"Insecta","Hymenoptera","Formicidae","Eciton","hamatum",0.006,6e-06,28,"C","Chown et al., 2007","Eciton hamatum",-4787.35547680534,-1628.02388294841,32.4701150460995,-1.88743442551193,-0.0029329313331031,-12.0237510887362,-10.5089286451631,38.5355036554682,1863,"Eciton hamatum",301.15,TRUE,-9.64100857606887,-0.867920069094232
"Insecta","Hymenoptera","Formicidae","Eciton","hamatum",0.0067399999999999,6.74e-06,28,"C","Chown et al., 2007","Eciton hamatum",-4787.35547680534,-1628.02388294841,32.4701150460995,-1.88743442551193,-0.0029329313331031,-11.9074506330401,-10.7276178461279,38.5355036554682,1864,"Eciton hamatum",301.15,TRUE,-9.55160600927459,-1.17601183685334
"Insecta","Hymenoptera","Formicidae","Eciton","hamatum",0.0080299999999999,8.03e-06,28,"C","Chown et al., 2007","Eciton hamatum",-4787.35547680534,-1628.02388294841,32.4701150460995,-1.88743442551193,-0.0029329313331031,-11.7323260300056,-11.1442562548342,38.5355036554682,1865,"Eciton hamatum",301.15,TRUE,-9.41698410322624,-1.72727215160798
"Insecta","Hymenoptera","Formicidae","Eciton","hamatum",0.0080299999999999,8.03e-06,28,"C","Chown et al., 2007","Eciton hamatum",-4787.35547680534,-1628.02388294841,32.4701150460995,-1.88743442551193,-0.0029329313331031,-11.7323260300056,-10.6700479943065,38.5355036554682,1866,"Eciton hamatum",301.15,TRUE,-9.41698410322624,-1.25306389108021
"Insecta","Hymenoptera","Formicidae","Eciton","hamatum",0.00824,8.24e-06,28,"C","Chown et al., 2007","Eciton hamatum",-4787.35547680534,-1628.02388294841,32.4701150460995,-1.88743442551193,-0.0029329313331031,-11.7065102140429,-10.8166514684983,38.5355036554682,1867,"Eciton hamatum",301.15,TRUE,-9.39713895131226,-1.41951251718607
"Insecta","Hymenoptera","Formicidae","Eciton","hamatum",0.00866,8.66e-06,28,"C","Chown et al., 2007","Eciton hamatum",-4787.35547680534,-1628.02388294841,32.4701150460995,-1.88743442551193,-0.0029329313331031,-11.6567958353899,-10.8879604962031,38.5355036554682,1868,"Eciton hamatum",301.15,TRUE,-9.35892247974684,-1.52903801645626
"Insecta","Hymenoptera","Formicidae","Eciton","hamatum",0.00908,9.08e-06,28,"C","Chown et al., 2007","Eciton hamatum",-4787.35547680534,-1628.02388294841,32.4701150460995,-1.88743442551193,-0.0029329313331031,-11.6094363653511,-11.0737663770797,38.5355036554682,1869,"Eciton hamatum",301.15,TRUE,-9.3225162751611,-1.75125010191858
"Insecta","Hymenoptera","Formicidae","Eciton","hamatum",0.00908,9.08e-06,28,"C","Chown et al., 2007","Eciton hamatum",-4787.35547680534,-1628.02388294841,32.4701150460995,-1.88743442551193,-0.0029329313331031,-11.6094363653511,-10.2302152426941,38.5355036554682,1870,"Eciton hamatum",301.15,TRUE,-9.3225162751611,-0.907698967532982
"Insecta","Hymenoptera","Formicidae","Eciton","hamatum",0.00923,9.23e-06,28,"C","Chown et al., 2007","Eciton hamatum",-4787.35547680534,-1628.02388294841,32.4701150460995,-1.88743442551193,-0.0029329313331031,-11.5930515094495,-10.8288715798331,38.5355036554682,1871,"Eciton hamatum",301.15,TRUE,-9.30992089739249,-1.51895068244061
"Insecta","Hymenoptera","Formicidae","Eciton","hamatum",0.00971,9.71e-06,28,"C","Chown et al., 2007","Eciton hamatum",-4787.35547680534,-1628.02388294841,32.4701150460995,-1.88743442551193,-0.0029329313331031,-11.542354275661,-10.4179568669574,38.5355036554682,1872,"Eciton hamatum",301.15,TRUE,-9.27094888474707,-1.1470079822103
"Insecta","Hymenoptera","Formicidae","Eciton","hamatum",0.01164,1.164e-05,28,"C","Chown et al., 2007","Eciton hamatum",-4787.35547680534,-1628.02388294841,32.4701150460995,-1.88743442551193,-0.0029329313331031,-11.361063115661,-10.2599317150226,38.5355036554682,1873,"Eciton hamatum",301.15,TRUE,-9.13158661876025,-1.12834509626231
"Insecta","Hymenoptera","Formicidae","Eciton","hamatum",0.0121199999999999,1.212e-05,28,"C","Chown et al., 2007","Eciton hamatum",-4787.35547680534,-1628.02388294841,32.4701150460995,-1.88743442551193,-0.0029329313331031,-11.3206535773231,-10.4567428919925,38.5355036554682,1874,"Eciton hamatum",301.15,TRUE,-9.10052297048172,-1.35621992151081
"Insecta","Hymenoptera","Formicidae","Eciton","hamatum",0.0140299999999999,1.403e-05,28,"C","Chown et al., 2007","Eciton hamatum",-4787.35547680534,-1628.02388294841,32.4701150460995,-1.88743442551193,-0.0029329313331031,-11.1743126638499,-10.2035469956119,38.5355036554682,1875,"Eciton hamatum",301.15,TRUE,-8.98802768219408,-1.21551931341783
"Insecta","Hymenoptera","Formicidae","Eciton","hamatum",0.01465,1.465e-05,28,"C","Chown et al., 2007","Eciton hamatum",-4787.35547680534,-1628.02388294841,32.4701150460995,-1.88743442551193,-0.0029329313331031,-11.1310702225012,-9.53481834240012,38.5355036554682,1876,"Eciton hamatum",301.15,TRUE,-8.95478632275242,-0.580032019647701
"Insecta","Hymenoptera","Formicidae","Eciton","hamatum",0.01487,1.487e-05,28,"C","Chown et al., 2007","Eciton hamatum",-4787.35547680534,-1628.02388294841,32.4701150460995,-1.88743442551193,-0.0029329313331031,-11.1161647974922,-9.99810302139711,38.5355036554682,1877,"Eciton hamatum",301.15,TRUE,-8.94332821412346,-1.05477480727364
"Insecta","Hymenoptera","Formicidae","Eciton","hamatum",0.01863,1.863e-05,28,"C","Chown et al., 2007","Eciton hamatum",-4787.35547680534,-1628.02388294841,32.4701150460995,-1.88743442551193,-0.0029329313331031,-10.8907373733508,-9.57962767655293,38.5355036554682,1878,"Eciton hamatum",301.15,TRUE,-8.77003748861918,-0.809590187933745
"Insecta","Hymenoptera","Formicidae","Eciton","hamatum",0.0225,2.25e-05,28,"C","Chown et al., 2007","Eciton hamatum",-4787.35547680534,-1628.02388294841,32.4701150460995,-1.88743442551193,-0.0029329313331031,-10.7019952487539,-9.31663087241767,38.5355036554682,1879,"Eciton hamatum",301.15,TRUE,-8.62494751197068,-0.691683360446985
"Insecta","Hymenoptera","Formicidae","Eciton","hamatum",0.0238199999999999,2.382e-05,28,"C","Chown et al., 2007","Eciton hamatum",-4787.35547680534,-1628.02388294841,32.4701150460995,-1.88743442551193,-0.0029329313331031,-10.6449849940371,-9.3202507858728,38.5355036554682,1880,"Eciton hamatum",301.15,TRUE,-8.58112254950801,-0.739128236364788
"Insecta","Hymenoptera","Formicidae","Eciton","hamatum",0.02388,2.388e-05,28,"C","Chown et al., 2007","Eciton hamatum",-4787.35547680534,-1628.02388294841,32.4701150460995,-1.88743442551193,-0.0029329313331031,-10.6424692694399,-9.47168530287128,38.5355036554682,1881,"Eciton hamatum",301.15,TRUE,-8.57918865995449,-0.892496642916797
"Insecta","Orthoptera","Gryllidae","Teleogryllus","commodus",0.95,0.00095,24,"C","Full, Zuccarello, & Tullis, 1990","Teleogryllus commodus",-4787.35547680534,-1628.02388294841,32.4701150460995,-1.88743442551193,-0.0029329313331031,-6.95904857336969,-5.18498576307527,39.0542383504771,1883,"Teleogryllus commodus",297.15,TRUE,-6.10832973853579,0.923343975460517
"Insecta","Lepidoptera","Sphingidae","Manduca","rustica",2.916,0.002916,23,"C","Bartholomew & Casey, 1978","Manduca rustica",-4787.35547680534,-1628.02388294841,32.4701150460995,-1.88743442551193,-0.0029329313331031,-5.83754246483573,-5.16861656118036,39.1861115172861,1884,"Manduca rustica",296.15,TRUE,-5.33789278068943,0.16927621950907
"Insecta","Lepidoptera","Sphingidae","Manduca","rustica",2.704,0.002704,23,"C","Bartholomew & Casey, 1978","Manduca rustica",-4787.35547680534,-1628.02388294841,32.4701150460995,-1.88743442551193,-0.0029329313331031,-5.91302312080142,-4.77216052301456,39.1861115172861,1885,"Manduca rustica",296.15,TRUE,-5.39591632278353,0.623755799768967
"Insecta","Lepidoptera","Sphingidae","Erinnyis","ello",1.21,0.00121,23,"C","Bartholomew & Casey, 1978","Erinnyis ello",-4787.35547680534,-1628.02388294841,32.4701150460995,-1.88743442551193,-0.0029329313331031,-6.71713491937349,-5.43412477613782,39.1861115172861,1886,"Erinnyis ello",296.15,TRUE,-6.01405370110748,0.579928924969663
"Insecta","Lepidoptera","Saturniidae","Syssphinx","molina",2.205,0.002205,23,"C","Bartholomew & Casey, 1978","Syssphinx molina",-4787.35547680534,-1628.02388294841,32.4701150460995,-1.88743442551193,-0.0029329313331031,-6.11702777008333,-5.39260127334606,39.1861115172861,1893,"Syssphinx molina",296.15,TRUE,-5.5527389179711,0.160137644625033
"Insecta","Lepidoptera","Saturniidae","Syssphinx","molina",1.436,0.001436,23,"C","Bartholomew & Casey, 1978","Syssphinx molina",-4787.35547680534,-1628.02388294841,32.4701150460995,-1.88743442551193,-0.0029329313331031,-6.5458938083561,-5.7198594283052,39.1861115172861,1894,"Syssphinx molina",296.15,TRUE,-5.88241711573026,0.16255768742506
"Insecta","Lepidoptera","Saturniidae","Syssphinx","molina",1.63,0.00163,23,"C","Bartholomew & Casey, 1978","Syssphinx molina",-4787.35547680534,-1628.02388294841,32.4701150460995,-1.88743442551193,-0.0029329313331031,-6.41917526416347,-5.08272688929993,39.1861115172861,1895,"Syssphinx molina",296.15,TRUE,-5.78500594873661,0.702279059436674
"Insecta","Lepidoptera","Notodontidae","Hapigia","simplex",0.478,0.000478,23,"C","Bartholomew & Casey, 1978","Hapigia simplex",-4787.35547680534,-1628.02388294841,32.4701150460995,-1.88743442551193,-0.0029329313331031,-7.64589982547282,-6.3937381899993,39.1861115172861,1896,"Hapigia simplex",296.15,TRUE,-6.72801450252218,0.33427631252288
"Insecta","Hymenoptera","Formicidae","Tetramorium","caespitum",0.00023,2.3e-07,25,"C","Jensen & Nielsen, 1975","Tetramorium caespitum",-4787.35547680534,-1628.02388294841,32.4701150460995,-1.88743442551193,-0.0029329313331031,-15.2851865280232,-12.9444496690648,38.9232497932056,1897,"Tetramorium caespitum",298.15,TRUE,-12.4177313215337,-0.526718347531068
"Insecta","Hymenoptera","Formicidae","Lasius","niger",0.00058,5.8e-07,25,"C","Jensen & Nielsen, 1975","Lasius niger",-4787.35547680534,-1628.02388294841,32.4701150460995,-1.88743442551193,-0.0029329313331031,-14.3602377334059,-12.0302536662238,38.9232497932056,1898,"Lasius niger",298.15,TRUE,-11.7067040439786,-0.323549622245142
"Insecta","Diptera","Drosophilidae","Drosophila","virilis",0.00167,1.67e-06,24,"C","Lehmann, Dickinson, & Staunton, 2000","Drosophila virilis",-4787.35547680534,-1628.02388294841,32.4701150460995,-1.88743442551193,-0.0029329313331031,-13.3026869315356,-10.3066328114126,39.0542383504771,1899,"Drosophila virilis",297.15,TRUE,-10.9848158076561,0.678182996243482
"Insecta","Diptera","Drosophilidae","Drosophila","mimica",0.00244,2.44e-06,24,"C","Lehmann, Dickinson, & Staunton, 2000","Drosophila mimica",-4787.35547680534,-1628.02388294841,32.4701150460995,-1.88743442551193,-0.0029329313331031,-12.9235125186592,-10.3064902495761,39.0542383504771,1900,"Drosophila mimica",297.15,TRUE,-10.6933365905631,0.386846340986994
"Insecta","Odonata","Libellulidae","Libellula","auripennis",0.464,0.000464,30,"C","(May, 1979)","Libellula auripennis",-4787.35547680535,-1628.02388294842,32.470115046102,-1.88743442551379,-0.0029329313328377,-7.67562600573802,-6.58935256566892,38.2812697537333,1901,"Libellula auripennis",303.15,TRUE,-6.12175261201043,-0.467599953658484
"Insecta","Odonata","Libellulidae","Libellula","needhami",0.518,0.000518,30,"C","(May, 1979)","Libellula needhami",-4787.35547680535,-1628.02388294842,32.470115046102,-1.88743442551379,-0.0029329313328377,-7.56553531570479,-6.40703100887491,38.2812697537333,1902,"Libellula needhami",303.15,TRUE,-6.03712362057434,-0.369907388300571
"Insecta","Odonata","Libellulidae","Perithemis","tenera",0.061,6.1e-05,30,"C","(May, 1979)","Perithemis tenera",-4787.35547680534,-1628.02388294841,32.4701150460995,-1.88743442551193,-0.0029329313331031,-9.70463669379096,-8.02844511235581,38.2812697537333,1903,"Perithemis tenera",303.15,TRUE,-7.68149511240842,-0.346949999947395
"Insecta","Odonata","Libellulidae","Tramea","carolina",0.383,0.000383,30,"C","(May, 1979)","Tramea carolina",-4787.35547680534,-1628.02388294841,32.4701150460995,-1.88743442551193,-0.0029329313331031,-7.86747556878363,-6.33803813738799,38.2812697537333,1904,"Tramea carolina",303.15,TRUE,-6.2692313408939,-0.0688067964940906
"Malacostraca","Isopoda","Trichoniscidae","Trichoniscus","pusillus",6e-04,6e-07,5,"C","Meyer & Phillipson, 1983","Trichoniscus pusillus",-4787.35547680534,-1628.02388294841,32.4701150460995,-1.88743442551193,-0.0029329313331031,-14.3263361817303,-13.1223633774043,41.7219734885647,1905,"Trichoniscus pusillus",278.15,TRUE,-13.6265232488111,0.50415987140682
"Malacostraca","Isopoda","Trichoniscidae","Trichoniscus","pusillus",6e-04,6e-07,5,"C","Meyer & Phillipson, 1983","Trichoniscus pusillus",-4787.35547680534,-1628.02388294841,32.4701150460995,-1.88743442551193,-0.0029329313331031,-14.3263361817303,-13.0170028617465,41.7219734885647,1906,"Trichoniscus pusillus",278.15,TRUE,-13.6265232488111,0.609520387064645
"Malacostraca","Isopoda","Trichoniscidae","Trichoniscus","pusillus",7e-04,7e-07,5,"C","Meyer & Phillipson, 1983","Trichoniscus pusillus",-4787.35547680534,-1628.02388294841,32.4701150460995,-1.88743442551193,-0.0029329313331031,-14.172185501903,-13.5278284855125,41.7219734885647,1907,"Trichoniscus pusillus",278.15,TRUE,-13.5080244315267,-0.0198040539858138
"Malacostraca","Isopoda","Trichoniscidae","Trichoniscus","pusillus",0.0006799999999999,6.8e-07,5,"C","Meyer & Phillipson, 1983","Trichoniscus pusillus",-4787.35547680534,-1628.02388294841,32.4701150460995,-1.88743442551193,-0.0029329313331031,-14.2011730387763,-13.3736778056852,41.7219734885647,1908,"Trichoniscus pusillus",278.15,TRUE,-13.5303077509342,0.156629945248927
"Malacostraca","Isopoda","Trichoniscidae","Trichoniscus","pusillus",7e-04,7e-07,5,"C","Meyer & Phillipson, 1983","Trichoniscus pusillus",-4787.35547680534,-1628.02388294841,32.4701150460995,-1.88743442551193,-0.0029329313331031,-14.172185501903,-13.1223633774043,41.7219734885647,1909,"Trichoniscus pusillus",278.15,TRUE,-13.5080244315267,0.385661054122354
"Malacostraca","Isopoda","Trichoniscidae","Trichoniscus","pusillus",0.0006799999999999,6.8e-07,5,"C","Meyer & Phillipson, 1983","Trichoniscus pusillus",-4787.35547680534,-1628.02388294841,32.4701150460995,-1.88743442551193,-0.0029329313331031,-14.2011730387763,-13.7101500423064,41.7219734885647,1910,"Trichoniscus pusillus",278.15,TRUE,-13.5303077509342,-0.179842291372291
"Malacostraca","Isopoda","Trichoniscidae","Trichoniscus","pusillus",0.00078,7.8e-07,5,"C","Meyer & Phillipson, 1983","Trichoniscus pusillus",-4787.35547680534,-1628.02388294841,32.4701150460995,-1.88743442551193,-0.0029329313331031,-14.0639719172628,-13.2401464130607,41.7219734885647,1911,"Trichoniscus pusillus",278.15,TRUE,-13.4248384098474,0.184691996786729
"Malacostraca","Isopoda","Trichoniscidae","Trichoniscus","pusillus",0.0012,1.2e-06,5,"C","Meyer & Phillipson, 1983","Trichoniscus pusillus",-4787.35547680534,-1628.02388294841,32.4701150460995,-1.88743442551193,-0.0029329313331031,-13.6331890011703,-13.1223633774043,41.7219734885647,1912,"Trichoniscus pusillus",278.15,TRUE,-13.0936866684441,-0.0286767089602602
"Malacostraca","Isopoda","Trichoniscidae","Trichoniscus","pusillus",0.00117,1.17e-06,5,"C","Meyer & Phillipson, 1983","Trichoniscus pusillus",-4787.35547680534,-1628.02388294841,32.4701150460995,-1.88743442551193,-0.0029329313331031,-13.6585068091546,-12.3751489755741,41.7219734885647,1913,"Trichoniscus pusillus",278.15,TRUE,-13.1131489913202,0.738000015746096
"Malacostraca","Isopoda","Trichoniscidae","Trichoniscus","pusillus",0.0012,1.2e-06,5,"C","Meyer & Phillipson, 1983","Trichoniscus pusillus",-4787.35547680534,-1628.02388294841,32.4701150460995,-1.88743442551193,-0.0029329313331031,-13.6331890011703,-12.6805306251253,41.7219734885647,1914,"Trichoniscus pusillus",278.15,TRUE,-13.0936866684441,0.413156043318779
"Malacostraca","Isopoda","Trichoniscidae","Trichoniscus","pusillus",0.0012,1.2e-06,5,"C","Meyer & Phillipson, 1983","Trichoniscus pusillus",-4787.35547680534,-1628.02388294841,32.4701150460995,-1.88743442551193,-0.0029329313331031,-13.6331890011703,-12.5469992325008,41.7219734885647,1915,"Trichoniscus pusillus",278.15,TRUE,-13.0936866684441,0.546687435943303
"Malacostraca","Isopoda","Trichoniscidae","Trichoniscus","pusillus",0.00133,1.33e-06,5,"C","Meyer & Phillipson, 1983","Trichoniscus pusillus",-4787.35547680534,-1628.02388294841,32.4701150460995,-1.88743442551193,-0.0029329313331031,-13.5303316157306,-12.754638597279,41.7219734885647,1916,"Trichoniscus pusillus",278.15,TRUE,-13.0146180679213,0.259979470642268
"Malacostraca","Isopoda","Trichoniscidae","Trichoniscus","pusillus",0.0013,1.3e-06,5,"C","Meyer & Phillipson, 1983","Trichoniscus pusillus",-4787.35547680534,-1628.02388294841,32.4701150460995,-1.88743442551193,-0.0029329313331031,-13.5531462934968,-12.9216926819422,41.7219734885647,1917,"Trichoniscus pusillus",278.15,TRUE,-13.0321561828037,0.110463500861549
"Malacostraca","Isopoda","Trichoniscidae","Trichoniscus","pusillus",0.0013,1.3e-06,5,"C","Meyer & Phillipson, 1983","Trichoniscus pusillus",-4787.35547680534,-1628.02388294841,32.4701150460995,-1.88743442551193,-0.0029329313331031,-13.5531462934968,-13.3736778056852,41.7219734885647,1918,"Trichoniscus pusillus",278.15,TRUE,-13.0321561828037,-0.341521622881507
"Malacostraca","Isopoda","Trichoniscidae","Trichoniscus","pusillus",0.00137,1.37e-06,5,"C","Meyer & Phillipson, 1983","Trichoniscus pusillus",-4787.35547680534,-1628.02388294841,32.4701150460995,-1.88743442551193,-0.0029329313331031,-13.5006998181242,-13.1223633774043,41.7219734885647,1919,"Trichoniscus pusillus",278.15,TRUE,-12.9918394919572,-0.130523885447177
"Malacostraca","Isopoda","Trichoniscidae","Trichoniscus","pusillus",0.00137,1.37e-06,5,"C","Meyer & Phillipson, 1983","Trichoniscus pusillus",-4787.35547680534,-1628.02388294841,32.4701150460995,-1.88743442551193,-0.0029329313331031,-13.5006998181242,-12.3238556811866,41.7219734885647,1920,"Trichoniscus pusillus",278.15,TRUE,-12.9918394919572,0.667983810770595
"Malacostraca","Isopoda","Trichoniscidae","Trichoniscus","pusillus",0.0015,1.5e-06,5,"C","Meyer & Phillipson, 1983","Trichoniscus pusillus",-4787.35547680534,-1628.02388294841,32.4701150460995,-1.88743442551193,-0.0029329313331031,-13.4100454498561,-12.5469992325008,41.7219734885647,1921,"Trichoniscus pusillus",278.15,TRUE,-12.9221516032402,0.375152370739434
"Malacostraca","Isopoda","Trichoniscidae","Trichoniscus","pusillus",0.0015999999999999,1.6e-06,5,"C","Meyer & Phillipson, 1983","Trichoniscus pusillus",-4787.35547680534,-1628.02388294841,32.4701150460995,-1.88743442551193,-0.0029329313331031,-13.3455069287185,-12.4292161968444,41.7219734885647,1922,"Trichoniscus pusillus",278.15,TRUE,-12.8725395066042,0.443323309759844
"Malacostraca","Isopoda","Trichoniscidae","Trichoniscus","pusillus",0.0017,1.7e-06,5,"C","Meyer & Phillipson, 1983","Trichoniscus pusillus",-4787.35547680534,-1628.02388294841,32.4701150460995,-1.88743442551193,-0.0029329313331031,-13.2848823069021,-11.8230803932741,41.7219734885647,1923,"Trichoniscus pusillus",278.15,TRUE,-12.8259361053632,1.00285571208914
"Malacostraca","Isopoda","Trichoniscidae","Trichoniscus","pusillus",0.0018,1.8e-06,5,"C","Meyer & Phillipson, 1983","Trichoniscus pusillus",-4787.35547680534,-1628.02388294841,32.4701150460995,-1.88743442551193,-0.0029329313331031,-13.2277238930622,-11.8856007502554,41.7219734885647,1924,"Trichoniscus pusillus",278.15,TRUE,-12.7819972499168,0.896396499661433
"Malacostraca","Isopoda","Trichoniscidae","Trichoniscus","pusillus",0.0019,1.9e-06,5,"C","Meyer & Phillipson, 1983","Trichoniscus pusillus",-4787.35547680534,-1628.02388294841,32.4701150460995,-1.88743442551193,-0.0029329313331031,-13.1736566717919,-11.3877623220162,41.7219734885647,1925,"Trichoniscus pusillus",278.15,TRUE,-12.740434658162,1.35267233614581
"Malacostraca","Isopoda","Trichoniscidae","Trichoniscus","pusillus",0.0019,1.9e-06,5,"C","Meyer & Phillipson, 1983","Trichoniscus pusillus",-4787.35547680534,-1628.02388294841,32.4701150460995,-1.88743442551193,-0.0029329313331031,-13.1736566717919,-12.0614914167191,41.7219734885647,1926,"Trichoniscus pusillus",278.15,TRUE,-12.740434658162,0.678943241442967
"Malacostraca","Isopoda","Trichoniscidae","Trichoniscus","pusillus",0.002,2e-06,5,"C","Meyer & Phillipson, 1983","Trichoniscus pusillus",-4787.35547680534,-1628.02388294841,32.4701150460995,-1.88743442551193,-0.0029329313331031,-13.1223633774043,-12.1007121298723,41.7219734885647,1927,"Trichoniscus pusillus",278.15,TRUE,-12.7010044414004,0.60029231152801
"Malacostraca","Isopoda","Trichoniscidae","Trichoniscus","pusillus",0.002,2e-06,5,"C","Meyer & Phillipson, 1983","Trichoniscus pusillus",-4787.35547680534,-1628.02388294841,32.4701150460995,-1.88743442551193,-0.0029329313331031,-13.1223633774043,-12.6805306251253,41.7219734885647,1928,"Trichoniscus pusillus",278.15,TRUE,-12.7010044414004,0.0204738162750679
"Malacostraca","Isopoda","Trichoniscidae","Trichoniscus","pusillus",0.0021,2.1e-06,5,"C","Meyer & Phillipson, 1983","Trichoniscus pusillus",-4787.35547680534,-1628.02388294841,32.4701150460995,-1.88743442551193,-0.0029329313331031,-13.0735732132349,-11.4909465582515,41.7219734885647,1929,"Trichoniscus pusillus",278.15,TRUE,-12.6634984326324,1.17255187438091
"Mammalia","Rodentia","Sciuridae","Tamias","striatus",87.4,0.0874,30,"C","Wang & Hudson, 1971","Tamias striatus",-4787.35547680534,-1628.02388294841,32.4701150460995,-1.88743442551193,-0.0029329313331031,-2.43725999632065,-0.692902765987177,38.2812697537333,1936,"Tamias striatus",303.15,TRUE,-2.09491226777894,1.40200950179177
"Mammalia","Artiodactyla","Tragulidae","Tragulus","javanicus",1613,1.613,26.8,"C","Whittow, Scammell, Leong, & Rand, 1977","Tragulus javanicus",-4787.35547680534,-1628.02388294841,32.4701150460995,-1.88743442551193,-0.0029329313331031,0.478095799143072,2.20581045250155,38.6896713647083,1937,"Tragulus javanicus",299.95,TRUE,-0.137768995363722,2.34357944786527
"Mammalia","Artiodactyla","Tragulidae","Tragulus","javanicus",1613,1.613,29.6,"C","Whittow, Scammell, Leong, & Rand, 1977","Tragulus javanicus",-4787.35547680534,-1628.02388294841,32.4701150460995,-1.88743442551193,-0.0029329313331031,0.478095799143072,2.19189372690141,38.3318478145145,1938,"Tragulus javanicus",302.75,TRUE,0.111016442590877,2.08087728431054
"Mammalia","Artiodactyla","Bovidae","Raphicerus","campestris",9550,9.55,31.5,"C","Haim & Skinner, 1991","Raphicerus campestris",-4787.35547680534,-1628.02388294841,32.4701150460995,-1.88743442551193,-0.0029329313331031,2.25654115449264,3.01682763789021,38.0927849198893,1942,"Raphicerus campestris",304.65,TRUE,1.64435841999797,1.37246921789224
"Mammalia","Macroscelidea","Macroscelididae","Macroscelides","proboscideus",39,0.039,38,"C","Roxburgh & Perrin, 1994","Macroscelides proboscideus",17903.2601481251,229.146876740232,5020.97288235926,2083.94888836777,-643.539723465955,-3.24419363285249,-1.23672559079775,37.2970172773397,1943,"Macroscelides proboscideus",311.15,TRUE,-2.03089362102026,0.794168030222513
"Mammalia","Macroscelidea","Macroscelididae","Elephantulus","brachyrhynchus",45.3,0.0453,35,"C","Downs & Perrin, 1995b","Elephantulus brachyrhynchus",17903.2601481251,229.146876740232,5020.97288235926,2083.94888836777,-643.539723465955,-3.09444824649315,-1.41538062835702,37.6601230759184,1944,"Elephantulus brachyrhynchus",308.15,TRUE,-2.16823929229483,0.752858663937809
"Mammalia","Monotremata","Tachyglossidae","Zaglossus","bruijni",13630,13.63,20,"C","Dawson, Grant, & Fanning, 1979","Zaglossus bruijni",17903.2601481251,229.146876740232,5020.97288235926,2083.94888836777,-643.539723465955,2.61227324570844,1.81376554949067,39.5871292029482,1950,"Zaglossus bruijni",293.15,TRUE,0.878838199888548,0.934927349602121
"Mammalia","Monotremata","Tachyglossidae","Tachyglossus","aculeatus",3430,3.43,25,"C","Dawson, Grant, & Fanning, 1979","Tachyglossus aculeatus",17903.2601481251,229.146876740232,5020.97288235926,2083.94888836777,-643.539723465955,1.23256026117785,0.922405332874008,38.9232497932056,1951,"Tachyglossus aculeatus",298.15,TRUE,0.279802422190482,0.642602910683526
"Mammalia","Notoryctemorphia","Notoryctidae","Notoryctes","caurinus",34,0.034,30,"C","Withers, Thompson, & Seymour, 2000","Notoryctes caurinus",-4787.35547680534,-1628.02388294841,32.4701150460995,-1.88743442551193,-0.0029329313331031,-3.38139475436598,-2.12863178587061,38.2812697537333,1952,"Notoryctes caurinus",303.15,TRUE,-2.82068819241904,0.692056406548437
"Mammalia","Eulipotyphla","Erinaceidae","Echinosorex","gymnura",721.2,0.7212,29.9,"C","Whittow, Gould, & Rand, 1977","Echinosorex gymnura",-4787.35547680534,-1628.02388294841,32.4701150460995,-1.88743442551193,-0.0029329313331031,-0.326838787652975,1.03128469650022,38.2939017516722,1953,"Echinosorex gymnura",303.05,TRUE,-0.481370516314978,1.5126552128152
"Mammalia","Rodentia","Aplodontiidae","Aplodontia","rufa",630,0.63,26.5,"C","McNab, 1979","Aplodontia rufa",-4787.35547680534,-1628.02388294841,32.4701150460995,-1.88743442551193,-0.0029329313331031,-0.462035459596559,0.431782416425538,38.7284062267454,1955,"Aplodontia rufa",299.65,TRUE,-0.887398692628508,1.31918110905405
"Mammalia","Afrosoricida","Chrysochloridae","Eremitalpa","granti",20.62,0.02062,32.08,"C","Seymour, Withers, & Weathers, 1998","Eremitalpa granti",17903.2601481251,229.146876740232,5020.97288235926,2083.94888836777,-643.539723465955,-3.88149380039332,-2.80695014975709,38.0204007661248,1956,"Eremitalpa granti",305.23,TRUE,-3.02374923308532,0.21679908332823
"Reptilia","Squamata","Iguanidae","Sauromalus","hispidus",574,0.574,28.5,"C","Bennett, Dawson, & Bartholomew, 1975","Sauromalus hispidus",17293.0298989992,158.924340947614,573.328426214863,-2492.5845468819,-162.16022649679,-0.555125882662571,-1.58294523283136,38.4716291259548,1959,"Sauromalus hispidus",301.65,TRUE,-0.780428765784631,-0.802516467046732
"Reptilia","Squamata","Gekkonidae","Bunopus","tuberculatus",2.2,0.0022,20,"C","Al-Sadoon & Abdo, 1989","Bunopus tuberculatus",17609.1412108943,196.340035609827,3134.81857741097,867.660791418726,206.703257275032,-6.11929791861787,-4.71352305515142,39.5871292029482,1960,"Bunopus tuberculatus",293.15,TRUE,-5.83330122867119,1.11977817351977
"Reptilia","Testudines","Chelydridae","Chelydra","serpentina",3473,3.473,30,"C","Gatten Jr, 1978","Chelydra serpentina",-4787.35547680534,-1628.02388294841,32.4701150460995,-1.88743442551193,-0.0029329313331031,1.24501877376194,-1.66608426838244,38.2812697537333,1961,"Chelydra serpentina",303.15,TRUE,0.735731616863411,-2.40181588524585
"Reptilia","Squamata","Varanidae","Varanus","giganteus",2496,2.496,25,"C","Thompson, Heger, Heger, & Withers, 1995","Varanus giganteus",17293.0298989992,158.924340947614,573.328426214863,-2492.5845468819,-162.16022649679,0.914689450507181,-0.519395574449058,38.9232497932056,1962,"Varanus giganteus",298.15,TRUE,0.0354485526133956,-0.554844127062454
"Reptilia","Squamata","Varanidae","Varanus","albigularis",963,0.963,35,"C","Louw, Young, & Bligh, 1976","Varanus albigularis",17293.0298989992,158.924340947614,573.328426214863,-2492.5845468819,-162.16022649679,-0.0377018671840115,-1.07923164046009,37.6601230759184,1963,"Varanus albigularis",308.15,TRUE,0.181544899981308,-1.26077654044139
"Reptilia","Squamata","Acrochordidae","Acrochordus","arafurae",1047.4,1.0474,30,"C","Bedford & Christian, 1999","Acrochordus arafurae",17293.0298989992,158.924340947614,573.328426214863,-2492.5845468819,-162.16022649679,0.0463109028632504,-2.43377337280657,38.2812697537333,1964,"Acrochordus arafurae",303.15,TRUE,-0.185739927279329,-2.24803344552724
"Reptilia","Squamata","Pythonidae","Liasis","olivaceus",3323.2,3.3232,30,"C","Bedford & Christian, 1999","Liasis olivaceus",17564.0686308265,190.943368910398,2754.88716084095,341.383037007667,846.216226545312,1.20092817413971,-0.925649025950096,38.2812697537333,1965,"Liasis olivaceus",303.15,TRUE,0.701838260606717,-1.62748728655681
"Reptilia","Squamata","Varanidae","Varanus","mertensi",904,0.904,35,"C","Christian & Conley, 1994","Varanus mertensi",17293.0298989992,158.924340947614,573.328426214863,-2492.5845468819,-162.16022649679,-0.100925918589961,-1.80828877117927,37.6601230759184,1966,"Varanus mertensi",308.15,TRUE,0.132943263427173,-1.94123203460644
"Reptilia","Squamata","Colubridae","Thamnophis","butleri",19.04,0.01904,25,"C","Kamel & Gatten, 1983","Thamnophis butleri",17293.0298989992,158.924340947614,573.328426214863,-2492.5845468819,-162.16022649679,-3.96121324961892,-5.07493917609709,38.9232497932056,1967,"Thamnophis butleri",298.15,TRUE,-3.71275874563892,-1.36218043045817
"Reptilia","Squamata","Varanidae","Varanus","gilleni",27.5,0.0275,37,"C","Bickler & Anderson, 1986","Varanus gilleni",17293.0298989992,158.924340947614,573.328426214863,-2492.5845468819,-162.16022649679,-3.59356927430961,-4.5839242138022,37.4172720485064,1968,"Varanus gilleni",310.15,TRUE,-2.38307593073824,-2.20084828306396
"Reptilia","Squamata","Colubridae","Natrix","maura",22.5,0.0225,25,"C","Hailey & Davies, 1986","Natrix maura",17293.0298989992,158.924340947614,573.328426214863,-2492.5845468819,-162.16022649679,-3.79423996977176,-4.38202663467388,38.9232497932056,1969,"Natrix maura",298.15,TRUE,-3.58440293039263,-0.797623704281246
"Reptilia","Squamata","Colubridae","Natrix","natrix",37.5,0.0375,25,"C","Hailey & Davies, 1986","Natrix natrix",17293.0298989992,158.924340947614,573.328426214863,-2492.5845468819,-162.16022649679,-3.28341434600577,-3.68887945411394,38.9232497932056,1970,"Natrix natrix",298.15,TRUE,-3.19172070334892,-0.497158750765016
"Reptilia","Squamata","Dactyloidae","Anolis","sagrei",0.4,4e-04,26.5,"C","Dunson & Bramham, 1981","Anolis sagrei",17293.0298989992,158.924340947614,573.328426214863,-2492.5845468819,-162.16022649679,-7.82404601085629,-7.84749765958329,38.7284062267454,1971,"Anolis sagrei",299.65,TRUE,-6.54672853883906,-1.30076912074422
"Reptilia","Squamata","Eublepharidae","Coleonyx","switaki",9.46,0.00946,25,"C","Putnam & Murphy, 1982","Coleonyx switaki",17609.1412108943,196.340035609827,3134.81857741097,867.660791418726,206.703257275032,-4.66068289591835,-5.54957465360439,38.9232497932056,1972,"Coleonyx switaki",298.15,TRUE,-4.25045553624503,-1.29911911735936
"Mammalia","Monotremata","Tachyglossidae","Tachyglossus","aculeatus",2140,2.14,30.4,"C","McNab (1984)","Tachyglossus aculeatus",17903.2601481251,229.146876740232,5020.97288235926,2083.94888836777,-643.539723465955,0.76080582903376,0.447175596689535,38.2308249904275,1973,"Tachyglossus aculeatus",303.55,TRUE,0.398580043025678,0.0485955536638566
"Mammalia","Didelphimorphia","Didelphidae","Caluromys","derbianus",357,0.357,34,"C","McNab (1978a)","Caluromys derbianus",-4787.35547680534,-1628.02388294841,32.4701150460995,-1.88743442551193,-0.0029329313331031,-1.0300194972025,0.127611124592646,37.7827345786888,1974,"Caluromys derbianus",307.15,TRUE,-0.666518794549919,0.794129919142565
"Mammalia","Didelphimorphia","Didelphidae","Monodelphis","domestica",104,0.104,32.6,"C","Dawson and Olson (1988)","Monodelphis domestica",-4787.35547680534,-1628.02388294841,32.4701150460995,-1.88743442551193,-0.0029329313331031,-2.26336437984076,-1.09031348585341,37.9557381057866,1975,"Monodelphis domestica",305.75,TRUE,-1.73490139364291,0.6445879077895
"Mammalia","Didelphimorphia","Didelphidae","Monodelphis","brevicaudata",111,0.111,33.5,"C","McNab (1978a)","Monodelphis brevicaudata",-4787.35547680534,-1628.02388294841,32.4701150460995,-1.88743442551193,-0.0029329313331031,-2.1982250776698,-0.862223510603879,37.8443402114602,1976,"Monodelphis brevicaudata",306.65,TRUE,-1.60737539623536,0.745151885631479
"Mammalia","Didelphimorphia","Didelphidae","Marmosa","robinsoni",122,0.122,34,"C","McNab (1978a)","Marmosa robinsoni",-4787.35547680534,-1628.02388294841,32.4701150460995,-1.88743442551193,-0.0029329313331031,-2.10373423424888,-0.607989372219639,37.7827345786888,1977,"Marmosa robinsoni",307.15,TRUE,-1.49190553032999,0.883916158110352
"Mammalia","Didelphimorphia","Didelphidae","Metachirus","nudicaudatus",336,0.336,35,"C","McNab (1978a)","Metachirus nudicaudatus",-4787.35547680534,-1628.02388294841,32.4701150460995,-1.88743442551193,-0.0029329313331031,-1.09064411901893,0.134919317899371,37.6601230759184,1978,"Metachirus nudicaudatus",308.15,TRUE,-0.627873596590373,0.762792914489743
"Mammalia","Didelphimorphia","Didelphidae","Philander","opossum",751,0.751,35.8,"C","McNab (1978a)","Philander opossum",-4787.35547680534,-1628.02388294841,32.4701150460995,-1.88743442551193,-0.0029329313331031,-0.286349627218002,0.63451709610854,37.5626053595865,1979,"Philander opossum",308.95,TRUE,0.0582057618395773,0.576311334268963
"Mammalia","Didelphimorphia","Didelphidae","Didelphis","marsupialis",1329,1.329,35,"C","McNab (1978a)","Didelphis marsupialis",-4787.35547680534,-1628.02388294841,32.4701150460995,-1.88743442551193,-0.0029329313331031,0.284426779731108,1.22703807725693,37.6601230759184,1980,"Didelphis marsupialis",308.15,TRUE,0.429171856383078,0.797866220873854
"Mammalia","Notoryctemorphia","Notoryctidae","Notoryctes","caurinus",34.2,0.0342,30.6,"C","Withers et al. (2000)","Notoryctes caurinus",-4787.35547680534,-1628.02388294841,32.4701150460995,-1.88743442551193,-0.0029329313331031,-3.37552963491358,-2.12490391575659,38.205652430763,1981,"Notoryctes caurinus",303.75,TRUE,-2.76360478943518,0.638700873678591
"Mammalia","Dasyuromorphia","Myrmecobiidae","Myrmecobius","fasciatus",480,0.48,33.9,"C","McNab (1984)","Myrmecobius fasciatus",-4787.35547680534,-1628.02388294841,32.4701150460995,-1.88743442551193,-0.0029329313331031,-0.7339691750802,0.0354743881936597,37.7950396542721,1982,"Myrmecobius fasciatus",307.05,TRUE,-0.447494186078472,0.482968574272132
"Mammalia","Dasyuromorphia","Dasyuridae","Pseudantechinus","macdonnellensis",43.1,0.0431,34.2,"C","MacMillen and Nelson (1969)","Pseudantechinus macdonnellensis",-4787.35547680534,-1628.02388294841,32.4701150460995,-1.88743442551193,-0.0029329313331031,-3.14423228187243,-1.87877084621768,37.7581484491435,1983,"Pseudantechinus macdonnellensis",307.35,TRUE,-2.27466381114474,0.395892964927056
"Mammalia","Dasyuromorphia","Dasyuridae","Antechinus","flavipes",46.5,0.0465,35.1,"C","Geiser (1988)","Antechinus flavipes",-4787.35547680534,-1628.02388294841,32.4701150460995,-1.88743442551193,-0.0029329313331031,-3.06830296638883,-1.37524452493331,37.6479056799489,1984,"Antechinus flavipes",308.25,TRUE,-2.13964643579355,0.764401910860246
"Mammalia","Dasyuromorphia","Dasyuridae","Antechinus","swainsonii",66.9,0.0669,36,"C","Chappell and Dawson (1994)","Antechinus swainsonii",-4787.35547680534,-1628.02388294841,32.4701150460995,-1.88743442551193,-0.0029329313331031,-2.70455631184795,-1.03407376753054,37.538304790051,1985,"Antechinus swainsonii",309.15,TRUE,-1.7838241983983,0.749750430867764
"Mammalia","Dasyuromorphia","Dasyuridae","Phascogale","tapoatafa",157.2,0.1572,37.4,"C","MacMillen and Nelson (1969)","Phascogale tapoatafa",-4787.35547680534,-1628.02388294841,32.4701150460995,-1.88743442551193,-0.0029329313331031,-1.85023639898703,-0.34484048629173,37.3690772044575,1986,"Phascogale tapoatafa",310.55,TRUE,-1.00943125063317,0.664590764341437
"Mammalia","Dasyuromorphia","Dasyuridae","Dasyurus","hallucatus",584.4,0.5844,38.1,"C","MacMillen and Nelson (1969)","Dasyurus hallucatus",-4787.35547680534,-1628.02388294841,32.4701150460995,-1.88743442551193,-0.0029329313331031,-0.537169599105593,0.507486722500476,37.2850342999012,1987,"Dasyurus hallucatus",311.25,TRUE,0.0583832212894961,0.44910350121098
"Mammalia","Dasyuromorphia","Dasyuridae","Dasyurus","viverrinus",909.9,0.9099,36.7,"C","MacMillen and Nelson (1969)","Dasyurus viverrinus",-4787.35547680534,-1628.02388294841,32.4701150460995,-1.88743442551193,-0.0029329313331031,-0.0944205756194919,0.825636363606024,37.4534998413563,1988,"Dasyurus viverrinus",309.85,TRUE,0.281603833507841,0.544032530098183
"Mammalia","Dasyuromorphia","Dasyuridae","Dasyurus","maculatus",1782,1.782,36.9,"C","MacMillen and Nelson (1969)","Dasyurus maculatus",-4787.35547680534,-1628.02388294841,32.4701150460995,-1.88743442551193,-0.0029329313331031,0.577736329048618,1.18801278474721,37.4293401897896,1989,"Dasyurus maculatus",310.05,TRUE,0.815102333864811,0.372910450882396
"Mammalia","Dasyuromorphia","Dasyuridae","Sarcophilus","harrisii",5050,5.05,36.8,"C","MacMillen and Nelson (1969)","Sarcophilus harrisii",-4787.35547680534,-1628.02388294841,32.4701150460995,-1.88743442551193,-0.0029329313331031,1.61938824328727,2.06510312502282,37.4414161182264,1990,"Sarcophilus harrisii",309.95,TRUE,1.60744563432909,0.457657490693726
"Mammalia","Peramelemorphia","Thylacomyidae","Macrotis","lagotis",1011,1.011,34.9,"C","Hulbert and Dawson (1974)","Macrotis lagotis",-4787.35547680534,-1628.02388294841,32.4701150460995,-1.88743442551193,-0.0029329313331031,0.0109399400383343,0.680568398353085,37.6723484039742,1992,"Macrotis lagotis",308.05,TRUE,0.210436910035941,0.470131488317144
"Mammalia","Diprotodontia","Vombatidae","Lasiorhinus","latifrons",25000,25,35.3,"C","Wells (1978)","Lasiorhinus latifrons",-4787.35547680534,-1628.02388294841,32.4701150460995,-1.88743442551193,-0.0029329313331031,3.2188758248682,2.63508118123562,37.6234946534098,1993,"Lasiorhinus latifrons",308.45,TRUE,2.71041034987912,-0.0753291686434996
"Mammalia","Diprotodontia","Burramyidae","Cercartetus","nanus",70,0.07,35.5,"C","Bartholomew and Hudson (1962)","Cercartetus nanus",-4787.35547680534,-1628.02388294841,32.4701150460995,-1.88743442551193,-0.0029329313331031,-2.65926003693278,-1.09031348585341,37.5991152627386,1994,"Cercartetus nanus",308.65,TRUE,-1.7912839597578,0.700970473904387
"Mammalia","Diprotodontia","Petauridae","Petaurus","breviceps",128.1,0.1281,36.4,"C","Dawson and Hulbert (1970)","Petaurus breviceps",-4787.35547680534,-1628.02388294841,32.4701150460995,-1.88743442551193,-0.0029329313331031,-2.05494407007945,-0.704320481158071,37.4897978544476,1995,"Petaurus breviceps",309.55,TRUE,-1.2507282115159,0.546407730357832
"Mammalia","Diprotodontia","Tarsipedidae","Tarsipes","rostratus",10,0.01,37,"C","Withers et al. (1990)","Tarsipes rostratus",-4787.35547680534,-1628.02388294841,32.4701150460995,-1.88743442551193,-0.0029329313331031,-4.60517018598809,-1.82566102090374,37.4172720485064,1996,"Tarsipes rostratus",310.15,TRUE,-3.16071448369253,1.33505346278879
"Mammalia","Afrosoricida","Chrysochloridae","Eremitalpa","granti",26.1,0.0261,34.7,"C","Fielden et al. (1990)","Eremitalpa granti",17903.2601481251,229.146876740232,5020.97288235926,2083.94888836777,-643.539723465955,-3.64581996465349,-2.45211682696501,37.6968228872641,2000,"Eremitalpa granti",307.85,TRUE,-2.61760656847761,0.165489741512602
"Mammalia","Macroscelidea","Macroscelididae","Macroscelides","proboscideus",38.7999999999999,0.0387999999999999,39.1,"C","Roxburgh and Perrin (1994)","Macroscelides proboscideus",17903.2601481251,229.146876740232,5020.97288235926,2083.94888836777,-643.539723465955,-3.24933503235291,-1.24171313230878,37.1656266640329,2001,"Macroscelides proboscideus",312.25,TRUE,-1.94349343404244,0.701780301733662
"Mammalia","Tubulidentata","Orycteropodidae","Orycteropus","afer",48000,48,34.5,"C","McNab (1984)","Orycteropus afer",17903.2601481251,229.146876740232,5020.97288235926,2083.94888836777,-643.539723465955,3.87120101090789,3.53425412462131,37.7213291917577,2002,"Orycteropus afer",307.65,TRUE,3.14384440019084,0.390409724430469
"Mammalia","Hyracoidea","Procaviidae","Heterohyrax","brucei",2000,2,37.8,"C","Taylor and Sale (1969)","Heterohyrax brucei",17903.2601481251,229.146876740232,5020.97288235926,2083.94888836777,-643.539723465955,0.693147180559945,1.39045237126855,37.3210063542186,2003,"Heterohyrax brucei",310.95,TRUE,0.979142750856607,0.411309620411948
"Mammalia","Cingulata","Dasypodidae","Zaedyus","pichiy",1740,1.74,35.2,"C","McNab (1980)","Zaedyus pichiy",17903.2601481251,229.146876740232,5020.97288235926,2083.94888836777,-643.539723465955,0.553885113226438,0.80349523772881,37.6356962083485,2004,"Zaedyus pichiy",308.35,TRUE,0.653293420759983,0.150201816968828
"Mammalia","Cingulata","Dasypodidae","Chaetophractus","villosus",4540,4.54,35.1,"C","McNab (1980)","Chaetophractus villosus",17903.2601481251,229.146876740232,5020.97288235926,2083.94888836777,-643.539723465955,1.51292701205326,1.50592753606444,37.6479056799489,2005,"Chaetophractus villosus",308.25,TRUE,1.38203984390288,0.123887692161551
"Mammalia","Cingulata","Dasypodidae","Euphractus","sexcinctus",8190,8.19,34.2,"C","McNab (1980)","Euphractus sexcinctus",17903.2601481251,229.146876740232,5020.97288235926,2083.94888836777,-643.539723465955,2.10291389786498,1.93111875405801,37.7581484491435,2006,"Euphractus sexcinctus",307.35,TRUE,1.75892603169192,0.172192722366086
"Mammalia","Cingulata","Dasypodidae","Tolypeutes","matacus",1160,1.16,33,"C","McNab (1980)","Tolypeutes matacus",17903.2601481251,229.146876740232,5020.97288235926,2083.94888836777,-643.539723465955,0.148420005118273,0.158901282585856,37.9061470711882,2007,"Tolypeutes matacus",306.15,TRUE,0.153566528678194,0.00533475390766178
"Mammalia","Cingulata","Dasypodidae","Cabassous","centralis",3810,3.81,33.6,"C","McNab (1980)","Cabassous centralis",17903.2601481251,229.146876740232,5020.97288235926,2083.94888836777,-643.539723465955,1.33762918913861,1.49602033428736,37.8320030182372,2008,"Cabassous centralis",306.75,TRUE,1.11928667351867,0.376733660768691
"Mammalia","Pilosa","Megalonychidae","Choloepus","hoffmanni",4250,4.25,34.5,"C","McNab (1978b)","Choloepus hoffmanni",17903.2601481251,229.146876740232,5020.97288235926,2083.94888836777,-643.539723465955,1.44691898293633,1.4941517569763,37.7213291917577,2009,"Choloepus hoffmanni",307.65,TRUE,1.28024864180339,0.213903115172918
"Mammalia","Pilosa","Cyclopedidae","Cyclopes","didactylus",249,0.249,33,"C","McNab (1984)","Cyclopes didactylus",17903.2601481251,229.146876740232,5020.97288235926,2083.94888836777,-643.539723465955,-1.39030238251743,-0.443686320928362,37.9061470711882,2010,"Cyclopes didactylus",306.15,TRUE,-1.02928121009461,0.585594889166247
"Mammalia","Pilosa","Myrmecophagidae","Tamandua","tetradactyla",3500,3.5,35,"C","McNab (1984)","Tamandua tetradactyla",17903.2601481251,229.146876740232,5020.97288235926,2083.94888836777,-643.539723465955,1.25276296849537,1.58525905673694,37.6601230759184,2011,"Tamandua tetradactyla",308.15,TRUE,1.17355192159524,0.411707135141701
"Mammalia","Scandentia","Tupaiidae","Tupaia","glis",123,0.123,37,"C","Bradley and Hudson (1974)","Tupaia glis",17903.2601481251,229.146876740232,5020.97288235926,2083.94888836777,-643.539723465955,-2.09557092360972,-0.649662068620207,37.4172720485064,2012,"Tupaia glis",310.15,TRUE,-1.23153360182383,0.581871533203624
"Mammalia","Primates","Cheirogaleidae","Cheirogaleus","medius",300,0.3,35,"C","McCormick (1981)","Cheirogaleus medius",-4787.35547680534,-1628.02388294841,32.4701150460995,-1.88743442551193,-0.0029329313331031,-1.20397280432594,0.0851578083403068,37.6601230759184,2013,"Cheirogaleus medius",308.15,TRUE,-0.714991701994336,0.800149510334643
"Mammalia","Primates","Lemuridae","Eulemur","fulvus",2330,2.33,38.2,"C","Daniels (1984)","Eulemur fulvus",-4787.35547680534,-1628.02388294841,32.4701150460995,-1.88743442551193,-0.0029329313331031,0.845868267577609,0.590868331439527,37.2730590198949,2014,"Eulemur fulvus",311.35,TRUE,1.12987914909846,-0.539010817658937
"Mammalia","Primates","Cebidae","Callimico","goeldii",557,0.557,36,"C","Kalin et al. (2003)","Callimico goeldii",-4787.35547680534,-1628.02388294841,32.4701150460995,-1.88743442551193,-0.0029329313331031,-0.585190039054853,0.440045441704943,37.538304790051,2015,"Callimico goeldii",309.15,TRUE,-0.154623490363775,0.594668932068719
"Mammalia","Primates","Cercopithecidae","Cercopithecus","mitis",8500,8.5,38,"C","Müller et al. (1983)","Cercopithecus mitis",17903.2601481251,229.146876740232,5020.97288235926,2083.94888836777,-643.539723465955,2.14006616349627,2.94253658596812,37.2970172773397,2016,"Cercopithecus mitis",311.15,TRUE,2.10809829607419,0.834438289893932
"Mammalia","Primates","Colobinae","Colobus","guereza",10500,10.5,37.3,"C","Müller et al. (1983)","Colobus guereza",17903.2601481251,229.146876740232,5020.97288235926,2083.94888836777,-643.539723465955,2.35137525716348,2.81490959288377,37.3811142723281,2017,"Colobus guereza",310.45,TRUE,2.21206550838533,0.60284408449844
"Mammalia","Rodentia","Aplodontiidae","Aplodontia","rufa",630,0.63,38,"C","McNab (1979b)","Aplodontia rufa",-4787.35547680534,-1628.02388294841,32.4701150460995,-1.88743442551193,-0.0029329313331031,-0.462035459596559,0.436461208477128,37.2970172773397,2018,"Aplodontia rufa",311.15,TRUE,0.107808935456212,0.328652273020916
"Mammalia","Rodentia","Sciuridae","Tamias","amoenus",57.3,0.0573,37,"C","Jones and Wang (1976)","Tamias amoenus",-4787.35547680534,-1628.02388294841,32.4701150460995,-1.88743442551193,-0.0029329313331031,-2.85945465526144,-0.618245872386828,37.4172720485064,2019,"Tamias amoenus",310.15,TRUE,-1.81874683270294,1.20050096031611
"Mammalia","Rodentia","Sciuridae","Tamias","merriami",75,0.075,37,"C","Wunder (1970)","Tamias merriami",-4787.35547680534,-1628.02388294841,32.4701150460995,-1.88743442551193,-0.0029329313331031,-2.59026716544583,-0.823508998423189,37.4172720485064,2020,"Tamias merriami",310.15,TRUE,-1.61181683922726,0.788307840804074
"Mammalia","Rodentia","Sciuridae","Tamias","striatus",87.4,0.0874,38.2,"C","Wang and Hudson (1971)","Tamias striatus",-4787.35547680534,-1628.02388294841,32.4701150460995,-1.88743442551193,-0.0029329313331031,-2.43725999632065,-0.68760700018433,37.2730590198949,2021,"Tamias striatus",311.35,TRUE,-1.39392948217788,0.706322481993552
"Mammalia","Rodentia","Sciuridae","Paraxerus","cepapi",223.6,0.2236,39.45,"C","Viljoen (1985)","Paraxerus cepapi",-4787.35547680534,-1628.02388294841,32.4701150460995,-1.88743442551193,-0.0029329313331031,-1.49789653770119,-0.209350229181874,37.1240144780687,2022,"Paraxerus cepapi",312.6,TRUE,-0.568194548149176,0.358844318967302
"Mammalia","Rodentia","Sciuridae","Xerus","princeps",627,0.627,36.1,"C","Haim et al. (1987)","Xerus princeps",-4787.35547680534,-1628.02388294841,32.4701150460995,-1.88743442551193,-0.0029329313331031,-0.466808738349216,0.680568398353085,37.5261662921399,2023,"Xerus princeps",309.25,TRUE,-0.0551817520439108,0.735750150396996
"Mammalia","Rodentia","Heteromyidae","Microdipodops","megacephalus",11,0.011,32.8,"C","Hinds and MacMillen (1985)","Microdipodops megacephalus",-4787.35547680534,-1628.02388294841,32.4701150460995,-1.88743442551193,-0.0029329313331031,-4.50986000618377,-1.77523016727684,37.9309263796184,2024,"Microdipodops megacephalus",305.95,TRUE,-3.44457811635821,1.66934794908137
"Mammalia","Rodentia","Heteromyidae","Dipodomys","agilis",60.6,0.0606,37,"C","Carpenter (1966)","Dipodomys agilis",-4787.35547680534,-1628.02388294841,32.4701150460995,-1.88743442551193,-0.0029329313331031,-2.80346038590687,-1.03407376753054,37.4172720485064,2025,"Dipodomys agilis",310.15,TRUE,-1.77570287921106,0.741629111680525
"Mammalia","Rodentia","Geomyidae","Thomomys","talpoides",106,0.106,35.5,"C","Bradley et al. (1975)","Thomomys talpoides",-4787.35547680534,-1628.02388294841,32.4701150460995,-1.88743442551344,-0.0029329313328372,-2.24431618487007,-0.497032301633655,37.5991152627386,2028,"Thomomys talpoides",308.65,TRUE,-1.47230803461759,0.975275732983939
"Mammalia","Lagomorpha","Ochotonidae","Ochotona","princeps",109,0.109,40.1,"C","MacArthur and Wang (1973)","Ochotona princeps",-4787.35547680534,-1628.02388294841,32.4701150460995,-1.88743442551193,-0.0029329313331031,-2.21640739675299,-0.0719734996250892,37.0469814073241,2080,"Ochotona princeps",313.25,TRUE,-1.06696961597705,0.994996116351962
"Mammalia","Lagomorpha","Leporidae","Lepus","americanus",1577,1.577,39.8,"C","Hart et al. (1965)","Lepus americanus",-4787.35547680534,-1628.02388294841,32.4701150460995,-1.88743442551193,-0.0029329313331031,0.455524307980901,1.90003240633292,37.0824953693697,2081,"Lepus americanus",312.95,TRUE,0.962307636210564,0.937724770122352
"Mammalia","Lagomorpha","Leporidae","Lepus","californicus",1989,1.989,38.75,"C","Hinds (1977)","Lepus californicus",-4787.35547680534,-1628.02388294841,32.4701150460995,-1.88743442551193,-0.0029329313331031,0.687631999871835,1.8303567687262,37.2073322406036,2082,"Lepus californicus",311.9,TRUE,1.0539377815616,0.776418987164595
"Mammalia","Lagomorpha","Leporidae","Lepus","townsendii",2430,2.43,38.2,"C","Rogowitz (1990)","Lepus townsendii",-4787.35547680534,-1628.02388294841,32.4701150460995,-1.88743442551193,-0.0029329313331031,0.887891257352457,1.95263352814913,37.2730590198949,2083,"Lepus townsendii",311.35,TRUE,1.16218309088229,0.790450437266839
"Mammalia","Lagomorpha","Leporidae","Lepus","timidus",3150,3.15,39.7,"C","Pyörnilä et al. (1992)","Lepus timidus",-4787.35547680534,-1628.02388294841,32.4701150460995,-1.88743442551193,-0.0029329313331031,1.14740245283754,2.56366648364865,37.0943484923902,2084,"Lepus timidus",312.85,TRUE,1.48592751342695,1.0777389702217
"Mammalia","Erinaceomorpha","Erinaceidae","Hemiechinus","auritus",397,0.397,33.75,"C","Shkolnik and Schmidt-Nielsen (1976)","Hemiechinus auritus",-4787.35547680534,-1628.02388294841,32.4701150460995,-1.88743442551193,-0.0029329313331031,-0.923818998294947,-0.165792254842744,37.8135123031745,2085,"Hemiechinus auritus",306.9,TRUE,-0.606279227457691,0.440486972614947
"Mammalia","Erinaceomorpha","Erinaceidae","Echinosorex","gymnura",721.2,0.7212,36.3,"C","Whittow et al. (1977)","Echinosorex gymnura",-4787.35547680534,-1628.02388294841,32.4701150460995,-1.88743442551193,-0.0029329313331031,-0.326838787652975,1.03555415270097,37.5019128319414,2086,"Echinosorex gymnura",309.45,TRUE,0.0692788474389943,0.966275305261979
"Mammalia","Soricomorpha","Soricidae","Crocidura","suaveolens",6.5,0.0065,35.1,"C","Sparti (1990)","Crocidura suaveolens",-4787.35547680534,-1628.02388294841,32.4701150460995,-1.88743442551193,-0.0029329313331031,-5.03595310208055,-2.24851787172377,37.6479056799489,2087,"Crocidura suaveolens",308.25,TRUE,-3.65221980991279,1.40370193818902
"Mammalia","Soricomorpha","Soricidae","Crocidura","hildegardeae",10,0.01,35.7,"C","Sparti (1990)","Crocidura hildegardeae",-4787.35547680534,-1628.02388294841,32.4701150460995,-1.88743442551193,-0.0029329313331031,-4.60517018598809,-1.93486031286873,37.5747674464765,2088,"Crocidura hildegardeae",308.85,TRUE,-3.2702169508683,1.33535663799957
"Mammalia","Soricomorpha","Soricidae","Crocidura","jouvenetae",10.1999999999999,0.0101999999999999,34.3,"C","Sparti (1990)","Crocidura jouvenetae",-4787.35547680534,-1628.02388294841,32.4701150460995,-1.88743442551193,-0.0029329313331031,-4.58536755869192,-2.07944154167984,37.7458673795552,2089,"Crocidura jouvenetae",307.45,TRUE,-3.37395560925012,1.29451406757029
"Mammalia","Soricomorpha","Soricidae","Crocidura","russula",10.4,0.0104,34.7,"C","Sparti (1990)","Crocidura russula",-4787.35547680534,-1628.02388294841,32.4701150460995,-1.88743442551193,-0.0029329313331031,-4.56594947283481,-2.05746263496106,37.6968228872641,2090,"Crocidura russula",307.85,TRUE,-3.32492916082822,1.26746652586716
"Mammalia","Soricomorpha","Soricidae","Notiosorex","crawfordi",4,0.004,37.6,"C","Lindstedt (1980)","Notiosorex crawfordi",-4787.35547680534,-1628.02388294841,32.4701150460995,-1.88743442551193,-0.0029329313331031,-5.52146091786225,-2.62800749342867,37.3450263100378,2091,"Notiosorex crawfordi",310.75,TRUE,-3.81485554026083,1.18684804683216
"Mammalia","Soricomorpha","Soricidae","Sorex","coronatus",9.1,0.0091,37.6,"C","Sparti and Genoud (1989)","Sorex coronatus",-4787.35547680534,-1628.02388294841,32.4701150460995,-1.88743442551193,-0.0029329313331031,-4.69948086545933,-1.24171313230878,37.3450263100378,2092,"Sorex coronatus",310.75,TRUE,-3.18298246548542,1.94126933317663
"Mammalia","Soricomorpha","Soricidae","Blarina","brevicauda",21,0.021,38.5,"C","Platt (1974)","Blarina brevicauda",-4787.35547680534,-1628.02388294841,32.4701150460995,-1.88743442551193,-0.0029329313331031,-3.86323284125871,-1.23214368129263,37.2371792903715,2093,"Blarina brevicauda",311.65,TRUE,-2.46515806869053,1.2330143873979
"Mammalia","Chiroptera","Pteropodidae","Rousettus","amplexicaudatus",91.5,0.0915,36.5,"C","McNab and Bonaccorso (2001)","Rousettus amplexicaudatus",-4787.35547680534,-1628.02388294841,32.4701150460995,-1.88743442551193,-0.0029329313331031,-2.39141630670066,-0.538996500732687,37.477690701903,2095,"Rousettus amplexicaudatus",309.65,TRUE,-1.50096359283466,0.961967092101971
"Mammalia","Chiroptera","Pteropodidae","Dobsonia","moluccensis",404.3,0.4043,36.8,"C","McNab and Bonaccorso (2001)","Dobsonia moluccensis",-4787.35547680534,-1628.02388294841,32.4701150460995,-1.88743442551193,-0.0029329313331031,-0.905598102335412,0.719193889498046,37.4414161182264,2096,"Dobsonia moluccensis",309.95,TRUE,-0.33356361682057,1.05275750631862
"Mammalia","Chiroptera","Hipposideridae","Aselliscus","tricuspidatus",4.2,0.0042,36.2,"C","Bonaccorso and McNab (2003)","Aselliscus tricuspidatus",-4787.35547680534,-1628.02388294841,32.4701150460995,-1.88743442551193,-0.0029329313331031,-5.47267075369281,-3.2470467018349,37.5140356419727,2098,"Aselliscus tricuspidatus",309.35,TRUE,-3.89485733845819,0.647810636623289
"Mammalia","Chiroptera","Hipposideridae","Hipposideros","galeritus",8.5,0.0085,33.3,"C","McNab (1989)","Hipposideros galeritus",-4787.35547680534,-1628.02388294841,32.4701150460995,-1.88743442551193,-0.0029329313331031,-4.76768911548587,-2.94166505228372,37.8690387529589,2099,"Hipposideros galeritus",306.45,TRUE,-3.59974782531086,0.65808277302714
"Mammalia","Chiroptera","Emballonuridae","Saccopteryx","bilineata",7.8,0.0078,35.5,"C","Genoud and Bonaccorso (1986)","Saccopteryx bilineata",-4787.35547680534,-1628.02388294841,32.4701150460995,-1.88743442551193,-0.0029329313331031,-4.85363154528659,-2.51880820146368,37.5991152627386,2100,"Saccopteryx bilineata",308.65,TRUE,-3.47814274438367,0.959334542919989
"Mammalia","Chiroptera","Phyllostomidae","Diphylla","ecaudata",27.8,0.0278,32.4,"C","McNab (1969)","Diphylla ecaudata",-4787.35547680534,-1628.02388294841,32.4701150460995,-1.88743442551193,-0.0029329313331031,-3.58271925828555,-1.66659632627405,37.9805823133506,2101,"Diphylla ecaudata",305.55,TRUE,-2.76639032236496,1.09979399609091
"Mammalia","Chiroptera","Phyllostomidae","Desmodus","rotundus",29.4,0.0294,35,"C","McNab (1969)","Desmodus rotundus",-4787.35547680534,-1628.02388294841,32.4701150460995,-1.88743442551193,-0.0029329313331031,-3.5267606046375,-1.89711998488588,37.6601230759184,2102,"Desmodus rotundus",308.15,TRUE,-2.50056674745086,0.603446762564976
"Mammalia","Chiroptera","Phyllostomidae","Glossophaga","soricina",9.6,0.0096,35.5,"C","McNab (1989)","Glossophaga soricina",-4787.35547680534,-1628.02388294841,32.4701150460995,-1.88743442551193,-0.0029329313331031,-4.64599218050835,-2.12490391575659,37.5991152627386,2103,"Glossophaga soricina",308.65,TRUE,-3.31852606818417,1.19362215242758
"Mammalia","Chiroptera","Phyllostomidae","Glossophaga","longirostris",13.5,0.0135,37.4,"C","Arends et al. (1995)","Glossophaga longirostris",-4787.35547680534,-1628.02388294841,32.4701150460995,-1.88743442551193,-0.0029329313331031,-4.30506559353775,-1.91581211789803,37.3690772044575,2104,"Glossophaga longirostris",310.55,TRUE,-2.89650924805504,0.980697130157006
"Mammalia","Chiroptera","Phyllostomidae","Tonatia","bidens",27.3999999999999,0.0273999999999999,37,"C","McNab (1969)","Tonatia bidens",-4787.35547680534,-1628.02388294841,32.4701150460995,-1.88743442551193,-0.0029329313331031,-3.59721226558812,-1.51665617898313,37.4172720485064,2105,"Tonatia bidens",310.15,TRUE,-2.38587637351516,0.869220194532029
"Mammalia","Chiroptera","Phyllostomidae","Phyllostomus","elongatus",35.6,0.0356,35.7,"C","McNab (1969)","Phyllostomus elongatus",-4787.35547680534,-1628.02388294841,32.4701150460995,-1.88743442551193,-0.0029329313328233,-3.33540964112415,-1.52939520476056,37.5747674464765,2106,"Phyllostomus elongatus",308.85,TRUE,-2.29412574601945,0.764730541258886
"Mammalia","Chiroptera","Phyllostomidae","Phyllostomus","hastatus",84.2,0.0842,34.7,"C","McNab (1969)","Phyllostomus hastatus",-4787.35547680534,-1628.02388294841,32.4701150460995,-1.88743442551193,-0.0029329313328233,-2.47456035773386,-0.930276973848895,37.6968228872641,2107,"Phyllostomus hastatus",307.85,TRUE,-1.71723507281779,0.786958098968894
"Mammalia","Chiroptera","Phyllostomidae","Chrotopterus","auritus",96.0999999999999,0.0960999999999999,37.2,"C","McNab (1969)","Chrotopterus auritus",-4787.35547680534,-1628.02388294841,32.4701150460995,-1.88743442551193,-0.0029329313331031,-2.34236596300589,-0.563094052311748,37.393159097291,2108,"Chrotopterus auritus",310.35,TRUE,-1.40448494545803,0.841390893146283
"Mammalia","Chiroptera","Phyllostomidae","Rhinophylla","fischerae",9.5,0.0095,34.7,"C","McNab (1969)","Rhinophylla fischerae",-4787.35547680534,-1628.02388294841,32.4701150460995,-1.88743442551193,-0.0029329313331031,-4.65646348037564,-2.38959646998368,37.6968228872641,2109,"Rhinophylla fischerae",307.85,TRUE,-3.39450915134974,1.00491268136606
"Mammalia","Chiroptera","Phyllostomidae","Artibeus","concolor",19.7,0.0197,35.3,"C","McNab (1969)","Artibeus concolor",-4787.35547680534,-1628.02388294841,32.4701150460995,-1.88743442551193,-0.0029329313331031,-3.92713664323819,-1.69644928942373,37.6234946534098,2110,"Artibeus concolor",308.45,TRUE,-2.78287730035757,1.08642801093384
"Mammalia","Chiroptera","Phyllostomidae","Artibeus","jamaicensis",45.2,0.0452,36.4,"C","McNab (1969)","Artibeus jamaicensis",-4787.35547680534,-1628.02388294841,32.4701150460995,-1.88743442551193,-0.0029329313331031,-3.09665819214395,-1.14990558305566,37.4897978544476,2111,"Artibeus jamaicensis",309.55,TRUE,-2.05151541239948,0.901609829343822
"Mammalia","Chiroptera","Noctilionidae","Noctilio","leporinus",61,0.061,33.8,"C","McNab (1969)","Noctilio leporinus",-4787.35547680534,-1628.02388294841,32.4701150460995,-1.88743442551193,-0.0029329313331031,-2.79688141480883,-1.34280924918015,37.8073527474972,2112,"Noctilio leporinus",306.95,TRUE,-2.04185848524905,0.699049236068895
"Mammalia","Artiodactyla","Tragulidae","Tragulus","javanicus",1625,1.625,38.4,"C","Whittow et al. (1977)","Tragulus javanicus",-4787.35547680534,-1628.02388294841,32.4701150460995,-1.88743442551193,-0.0029329313331031,0.485507815781701,1.5863967132874,37.2491315225301,2127,"Tragulus javanicus",311.55,TRUE,0.869498781791201,0.716897931496202
"Mammalia","Artiodactyla","Cervidae","Alces","americanus",350000,350,38.6,"C","Reneckker and Hudson (1986)","Alces americanus",-4787.35547680534,-1628.02388294841,32.4701150460995,-1.88743442551193,-0.0029329313331031,5.85793315448346,5.76340780766279,37.2252347260441,2128,"Alces americanus",311.75,TRUE,5.01600812949025,0.747399678172539
"Mammalia","Artiodactyla","Bovidae","Raphicerus","campestris",8500,8.5,39.4,"C","Haim and Skinner (1991)","Raphicerus campestris",-4787.35547680534,-1628.02388294841,32.4701150460995,-1.88743442551193,-0.0029329313331031,2.14006616349627,2.90431727544771,37.1299533701624,2129,"Raphicerus campestris",312.55,TRUE,2.22425349964032,0.680063775807393
"Mammalia","Artiodactyla","Bovidae","Philantomba","monticola",4400,4.4,39.1,"C","Haim and Skinner (1991)","Philantomba monticola",-4787.35547680534,-1628.02388294841,32.4701150460995,-1.88743442551193,-0.0029329313331031,1.48160454092422,2.35638912173747,37.1656266640329,2130,"Philantomba monticola",312.25,TRUE,1.69327770900957,0.663111412727899
"Mammalia","Artiodactyla","Bovidae","Kobus","ellipsiprymnus",1e+05,100,38.7,"C","Taylor et al. (1969a)","Kobus ellipsiprymnus",-4787.35547680534,-1628.02388294841,32.4701150460995,-1.88743442551193,-0.0029329313331031,4.60517018598809,5.00346147553337,37.2132978221718,2131,"Kobus ellipsiprymnus",311.85,TRUE,4.06128273311238,0.942178742420984
