model,rmse,mae,r2
xgboost_residual,1.1693186565339035,0.17615657569690052,0.6887072541666481
random_forest_residual,1.3093156993271335,0.18924977065608475,0.609705893833226
power_law_3_4,1.8773004349816822,0.2771158113300487,0.1976371653892497
