group,class_filter,test_rows,best_model,best_rmse,best_mae,best_r2
all,ALL,1702,xgboost,0.8622560820182167,0.13025182778418792,0.9622676505641452
a,Teleostei,1190,xgboost,0.8344326826190037,0.10655856622479483,0.44438231211418633
b,Mammalia,140,random_forest,2.4012167379241736,0.5854991918967666,0.9721945670839517
c,Insecta,78,xgboost,0.0009830337590955166,0.0004227206440260137,0.6214501738423812
