group,class_filter,test_rows,best_model,best_rmse,best_mae,best_r2
all,ALL,1702,xgboost,1.0324905621487641,0.13909786740919183,0.9458979780819449
a,Teleostei,1190,xgboost,0.8100102966414349,0.09947281454509603,0.4764302699537818
b,Mammalia,140,xgboost,1.9982332296716396,0.5393452899679618,0.9807443008981198
c,Insecta,78,xgboost,0.0009598231807575317,0.0004281936779596253,0.6391151465556089
