group,class_filter,test_rows,best_model,best_rmse,best_mae,best_r2
all,ALL,1702,xgboost,0.9466173915097204,0.13725474109856206,0.9545231606694914
a,Teleostei,1190,random_forest,0.8384864388079529,0.11558752940556541,0.4389707079680236
b,Mammalia,140,random_forest,2.4006304817430593,0.5852078927499021,0.9722081427988829
c,Insecta,78,xgboost,0.0009878379278077576,0.00042428726251110023,0.6177411229950155
