split,best_model,best_rmse,best_mae,best_r2
A,power_law_3_4,0.9636797987494793,0.16957539195026364,0.25767348268948076
B,xgboost,21.223231453638455,4.447433523757727,0.20170783911872658
C,power_law_3_4,0.0010642804032970302,0.0005383655436961709,0.6734285087168704
