group,class_filter,test_rows,best_model,best_rmse,best_mae,best_r2
all,ALL,1466,xgboost,1.5598799743146716,0.33642253752833856,0.5121578120526933
Teleostei,Teleostei,977,xgboost,1.5985676818373837,0.3490208070611878,0.24056455230362228
Mammalia,Mammalia,138,xgboost,1.9073228168891898,0.6767309538224869,0.7080529415962682
Insecta,Insecta,67,xgboost,0.0007160751095928739,0.00036794811681147683,0.7100512702400519
