group,class_filter,test_rows,best_model,best_rmse,best_mae,best_r2
Teleostei,Teleostei,977,xgboost,1.6166478244916256,0.35554784656911714,0.22328864966538808
Mammalia,Mammalia,138,xgboost,1.9130115360500966,0.6895048929745239,0.7063088408686082
Insecta,Insecta,67,xgboost,0.0007453512374942811,0.0003916511311725605,0.6858579974273904
