model,rmse,mae,r2
pytorch_nn_residual,1.0197219245456246,0.1908672926228083,0.7632626639197762
power_law_3_4,1.8773004349816822,0.2771158113300487,0.1976371653892497
