feature,mean_abs_shap
log_mass,0.29323393
temperature,0.23329991
pc5,0.08097703
pc3,0.044411704
pc1,0.043164898
base_log_pred,0.038760845
pc2,0.038695496
pc4,0.027820611
