model,rmse,mae,r2
xgboost,1.9073228168891898,0.6767309538224869,0.7080529415962682
random_forest,2.759068888467607,0.9103298499335464,0.3890850071402092
