model,rmse,mae,r2
xgboost,1.9073228168891898,0.6767309538224869,0.7080529415962682
random_forest,2.759068888467608,0.9103298499335466,0.389085007140209
