model,rmse,mae,r2
xgboost,1.9130115360500966,0.6895048929745239,0.7063088408686082
random_forest,2.759068888467607,0.9103298499335464,0.3890850071402092
