model,rmse,mae,r2
xgboost,0.0007453512374942811,0.0003916511311725605,0.6858579974273904
random_forest,0.0008302466810319322,0.00044209422597178287,0.6102210776746231
