model,rmse,mae,r2
xgboost,0.0007160751095928739,0.00036794811681147683,0.7100512702400519
random_forest,0.0008302466810319321,0.0004420942259717828,0.6102210776746231
