"taxon_name","class","order","family","Genus","species","wet_Mass_g","wet_Mass_kg","temperature","temperature_unit","Reference","log_mass","log_BMR","inv_kT","row_id","temp_K","pc1","pc2","pc3","pc4","pc5","removed_due_bad_branch","in_phylogeny","fixed_only_log_BMR","conditional_log_BMR"
"Agalychnis callidryas","Amphibia","Anura","Phyllomedusidae","Agalychnis","callidryas",6,0.006,20,"C","J. F. Gillooly, J. P. Gomez, E. V. Mavrodiev,  A broad-scale comparison of aerobic activity levels in vertebrates: endotherms versus ectotherms. Proc. Biol. Sci. 284, 20162328 (2017).",-5.11599580975408,-4.09768346348762,39.5871292029482,0,293.15,-4787.35547680534,-1628.02388294841,32.4701150460995,-1.88743442551193,-0.00293293133310313,FALSE,TRUE,-5.45670107487008,-5.18086670236797
"Agalychnis callidryas","Amphibia","Anura","Phyllomedusidae","Agalychnis","callidryas",5.65,0.00565,20,"C","A. M. Makarieva et al., Mean mass-specific metabolic rates are strikingly similar across life's major domains: Evidence for life's metabolic optimum. Proc. Natl. Acad. Sci. U.S.A. 105, 16994-16999 (2008).",-5.17609973382379,-6.28173663742886,39.5871292029482,37,293.15,-4787.35547680534,-1628.02388294841,32.4701150460995,-1.88743442551193,-0.00293293133310313,FALSE,TRUE,-5.50373957396032,-5.22790520145819
"Ambystoma jeffersonianum","Amphibia","Caudata","Ambystomatidae","Ambystoma","jeffersonianum",5,0.005,15,"C","J. F. Gillooly, J. P. Gomez, E. V. Mavrodiev,  A broad-scale comparison of aerobic activity levels in vertebrates: endotherms versus ectotherms. Proc. Biol. Sci. 284, 20162328 (2017).",-5.29831736654804,-6.08455497017403,40.2740479814134,1,288.15,-5161.75961412521,3001.3884308578,9.63443467555201,-0.806028876738105,-0.00210493701184144,FALSE,TRUE,-5.88492044659436,-6.76579580675578
"Ambystoma jeffersonianum","Amphibia","Caudata","Ambystomatidae","Ambystoma","jeffersonianum",8.9199999999999,0.0089199999999999,15,"C","A. M. Makarieva et al., Mean mass-specific metabolic rates are strikingly similar across life's major domains: Evidence for life's metabolic optimum. Proc. Natl. Acad. Sci. U.S.A. 105, 16994-16999 (2008).",-4.71945933239023,-6.34401088263437,40.2740479814134,38,288.15,-5161.75961412521,3001.3884308578,9.63443467555201,-0.806028876738105,-0.00210493701184144,FALSE,TRUE,-5.4318948990189,-6.3127702591803
"Ambystoma tigrinum","Amphibia","Caudata","Ambystomatidae","Ambystoma","tigrinum",38,0.038,15,"C","J. F. Gillooly, J. P. Gomez, E. V. Mavrodiev,  A broad-scale comparison of aerobic activity levels in vertebrates: endotherms versus ectotherms. Proc. Biol. Sci. 284, 20162328 (2017).",-3.27016911925575,-4.17050592318767,40.2740479814134,2,288.15,-5161.75961412521,3001.3884308578,9.63443467555201,-0.806028876738105,-0.00210493701184144,FALSE,TRUE,-4.29765221142062,-5.26292453499576
"Ambystoma tigrinum","Amphibia","Caudata","Ambystomatidae","Ambystoma","tigrinum",10.78,0.01078,15,"C","A. M. Makarieva et al., Mean mass-specific metabolic rates are strikingly similar across life's major domains: Evidence for life's metabolic optimum. Proc. Natl. Acad. Sci. U.S.A. 105, 16994-16999 (2008).",-4.53006271350129,-7.17513811544224,40.2740479814134,40,288.15,-5161.75961412521,3001.3884308578,9.63443467555201,-0.806028876738105,-0.00210493701184144,FALSE,TRUE,-5.28366942417352,-6.24894174774866
"Amphiuma means","Amphibia","Caudata","Amphiumidae","Amphiuma","means",125,0.125,18,"C","J. F. Gillooly, J. P. Gomez, E. V. Mavrodiev,  A broad-scale comparison of aerobic activity levels in vertebrates: endotherms versus ectotherms. Proc. Biol. Sci. 284, 20162328 (2017).",-2.07944154167984,-2.50171376810438,39.8590655189568,3,291.15,-4787.35547680534,-1628.02388294841,32.4701150460995,-1.88743442551193,-0.00293293133310313,FALSE,TRUE,-3.193270240048,-3.86139687718143
"Amphiuma means","Amphibia","Caudata","Amphiumidae","Amphiuma","means",352,0.352,5,"C","A. M. Makarieva et al., Mean mass-specific metabolic rates are strikingly similar across life's major domains: Evidence for life's metabolic optimum. Proc. Natl. Acad. Sci. U.S.A. 105, 16994-16999 (2008).",-1.04412410338404,-5.31282205275092,41.7219734885647,41,278.15,-4787.35547680534,-1628.02388294841,32.4701150460995,-1.88743442551193,-0.00293293133310313,FALSE,TRUE,-3.15736415388513,-3.82549079101856
"Anaxyrus americanus","Amphibia","Anura","Bufonidae","Anaxyrus","americanus",30,0.03,20,"C","J. F. Gillooly, J. P. Gomez, E. V. Mavrodiev,  A broad-scale comparison of aerobic activity levels in vertebrates: endotherms versus ectotherms. Proc. Biol. Sci. 284, 20162328 (2017).",-3.50655789731998,-1.68470039693465,39.5871292029482,4,293.15,-4787.35547680534,-1628.02388294841,32.4701150460995,-1.88743442551193,-0.00293293133310313,FALSE,TRUE,-4.19712368534662,-3.53965042640194
"Anaxyrus americanus","Amphibia","Anura","Bufonidae","Anaxyrus","americanus",50,0.05,20,"C","A. M. Makarieva et al., Mean mass-specific metabolic rates are strikingly similar across life's major domains: Evidence for life's metabolic optimum. Proc. Natl. Acad. Sci. U.S.A. 105, 16994-16999 (2008).",-2.99573227355399,-4.8665349501225,39.5871292029482,42,293.15,-4787.35547680534,-1628.02388294841,32.4701150460995,-1.88743442551193,-0.00293293133310313,FALSE,TRUE,-3.79734162434636,-3.13986836540169
"Anaxyrus cognatus","Amphibia","Anura","Bufonidae","Anaxyrus","cognatus",40,0.04,20,"C","J. F. Gillooly, J. P. Gomez, E. V. Mavrodiev,  A broad-scale comparison of aerobic activity levels in vertebrates: endotherms versus ectotherms. Proc. Biol. Sci. 284, 20162328 (2017).",-3.2188758248682,-1.35716715146165,39.5871292029482,5,293.15,-4787.35547680534,-1628.02388294841,32.4701150460995,-1.88743442551193,-0.00293293133310313,FALSE,TRUE,-3.97197810437576,-3.27387638675885
"Anaxyrus cognatus","Amphibia","Anura","Bufonidae","Anaxyrus","cognatus",40.2,0.0402,25,"C","A. M. Makarieva et al., Mean mass-specific metabolic rates are strikingly similar across life's major domains: Evidence for life's metabolic optimum. Proc. Natl. Acad. Sci. U.S.A. 105, 16994-16999 (2008).",-3.21388828335716,-4.1079284062965,38.9232497932056,43,298.15,-4787.35547680534,-1628.02388294841,32.4701150460995,-1.88743442551193,-0.00293293133310313,FALSE,TRUE,-3.69212053540685,-2.99401881778992
"Anaxyrus woodhousii","Amphibia","Anura","Bufonidae","Anaxyrus","woodhousii",71,0.071,20,"C","J. F. Gillooly, J. P. Gomez, E. V. Mavrodiev,  A broad-scale comparison of aerobic activity levels in vertebrates: endotherms versus ectotherms. Proc. Biol. Sci. 284, 20162328 (2017).",-2.64507540194082,-0.691260073378395,39.5871292029482,6,293.15,-4787.35547680534,-1628.02388294841,32.4701150460995,-1.88743442551193,-0.00293293133310313,FALSE,TRUE,-3.52291074164336,-2.8619054415912
"Anaxyrus woodhousii","Amphibia","Anura","Bufonidae","Anaxyrus","woodhousii",56.2999999999999,0.0562999999999999,25,"C","A. M. Makarieva et al., Mean mass-specific metabolic rates are strikingly similar across life's major domains: Evidence for life's metabolic optimum. Proc. Natl. Acad. Sci. U.S.A. 105, 16994-16999 (2008).",-2.87706074383649,-4.38665332130088,38.9232497932056,45,298.15,-4787.35547680534,-1628.02388294841,32.4701150460995,-1.88743442551193,-0.00293293133310313,FALSE,TRUE,-3.42851275677101,-2.76750745671886
"Aneides lugubris","Amphibia","Caudata","Plethodontidae","Aneides","lugubris",5.58,0.00558,15,"C","A. M. Makarieva et al., Mean mass-specific metabolic rates are strikingly similar across life's major domains: Evidence for life's metabolic optimum. Proc. Natl. Acad. Sci. U.S.A. 105, 16994-16999 (2008).",-5.18856650258892,-7.09237547562572,40.2740479814134,47,288.15,-4787.35547680534,-1628.02388294841,32.4701150460995,-1.88743442551193,-0.00293293133310313,FALSE,TRUE,-5.79902728746373,-6.20329793490954
"Aneides lugubris","Amphibia","Caudata","Plethodontidae","Aneides","lugubris",5,0.005,23,"C","J. F. Gillooly, J. P. Gomez, E. V. Mavrodiev,  A broad-scale comparison of aerobic activity levels in vertebrates: endotherms versus ectotherms. Proc. Biol. Sci. 284, 20162328 (2017).",-5.29831736654804,-3.86323284125872,39.1861115172861,7,296.15,-4787.35547680534,-1628.02388294841,32.4701150460995,-1.88743442551193,-0.00293293133310313,FALSE,TRUE,-5.43269876869272,-5.83696941613851
"Bolitoglossa rostrata","Amphibia","Caudata","Plethodontidae","Bolitoglossa","rostrata",3,0.003,15,"C","J. F. Gillooly, J. P. Gomez, E. V. Mavrodiev,  A broad-scale comparison of aerobic activity levels in vertebrates: endotherms versus ectotherms. Proc. Biol. Sci. 284, 20162328 (2017).",-5.80914299031403,-6.54003049885685,40.2740479814134,8,288.15,-4787.35547680534,-1628.02388294841,32.4701150460995,-1.88743442551193,-0.00293293133310313,FALSE,TRUE,-6.28470250759462,-7.01969640249092
"Bolitoglossa subpalmata","Amphibia","Caudata","Plethodontidae","Bolitoglossa","subpalmata",1.63,0.00163,5,"C","A. M. Makarieva et al., Mean mass-specific metabolic rates are strikingly similar across life's major domains: Evidence for life's metabolic optimum. Proc. Natl. Acad. Sci. U.S.A. 105, 16994-16999 (2008).",-6.41917526416347,-9.33794649658133,41.7219734885647,48,278.15,-4787.35547680534,-1628.02388294841,32.4701150460995,-1.88743442551193,-0.00293293133310313,FALSE,TRUE,-7.36398365585164,-8.08911961502302
"Bolitoglossa subpalmata","Amphibia","Caudata","Plethodontidae","Bolitoglossa","subpalmata",2,0.002,13,"C","J. F. Gillooly, J. P. Gomez, E. V. Mavrodiev,  A broad-scale comparison of aerobic activity levels in vertebrates: endotherms versus ectotherms. Proc. Biol. Sci. 284, 20162328 (2017).",-6.21460809842219,-6.08455497017403,40.5555370464591,9,286.15,-4787.35547680534,-1628.02388294841,32.4701150460995,-1.88743442551193,-0.00293293133310313,FALSE,TRUE,-6.71903371538317,-7.44416967455455
"Bombina orientalis","Amphibia","Anura","Bombinatoridae","Bombina","orientalis",3,0.003,20,"C","J. F. Gillooly, J. P. Gomez, E. V. Mavrodiev,  A broad-scale comparison of aerobic activity levels in vertebrates: endotherms versus ectotherms. Proc. Biol. Sci. 284, 20162328 (2017).",-5.80914299031403,-4.98594268150589,39.5871292029482,10,293.15,-4787.35547680534,-1628.02388294841,32.4701150460995,-1.88743442551193,-0.00293293133310313,FALSE,TRUE,-5.99917152961711,-5.95743212223916
"Bombina orientalis","Amphibia","Anura","Bombinatoridae","Bombina","orientalis",2.6,0.0026,20,"C","A. M. Makarieva et al., Mean mass-specific metabolic rates are strikingly similar across life's major domains: Evidence for life's metabolic optimum. Proc. Natl. Acad. Sci. U.S.A. 105, 16994-16999 (2008).",-5.9522438339547,-7.12020620075773,39.5871292029482,49,293.15,-4787.35547680534,-1628.02388294841,32.4701150460995,-1.88743442551193,-0.00293293133310313,FALSE,TRUE,-6.11116503099979,-6.06942562362184
"Dendrobates auratus","Amphibia","Anura","Dendrobatidae","Dendrobates","auratus",2,0.002,25,"C","J. F. Gillooly, J. P. Gomez, E. V. Mavrodiev,  A broad-scale comparison of aerobic activity levels in vertebrates: endotherms versus ectotherms. Proc. Biol. Sci. 284, 20162328 (2017).",-6.21460809842219,-4.48000704303409,38.9232497932056,11,298.15,-4787.35547680534,-1628.02388294841,32.4701150460995,-1.88743442551193,-0.00293293133310313,FALSE,TRUE,-6.04054218134324,-5.87988057922867
"Dendrobates auratus","Amphibia","Anura","Dendrobatidae","Dendrobates","auratus",11,0.011,25,"C","A. M. Makarieva et al., Mean mass-specific metabolic rates are strikingly similar across life's major domains: Evidence for life's metabolic optimum. Proc. Natl. Acad. Sci. U.S.A. 105, 16994-16999 (2008).",-4.50986000618377,-5.72052179866053,38.9232497932056,52,298.15,-4787.35547680534,-1628.02388294841,32.4701150460995,-1.88743442551193,-0.00293293133310313,FALSE,TRUE,-4.70637319276183,-4.54571159064727
"Desmognathus ochrophaeus","Amphibia","Caudata","Plethodontidae","Desmognathus","ochrophaeus",2,0.002,21,"C","J. F. Gillooly, J. P. Gomez, E. V. Mavrodiev,  A broad-scale comparison of aerobic activity levels in vertebrates: endotherms versus ectotherms. Proc. Biol. Sci. 284, 20162328 (2017).",-6.21460809842219,-5.94797943516825,39.4525477676161,12,294.15,-4787.35547680534,-1628.02388294841,32.4701150460995,-1.88743442551193,-0.00293293133310313,FALSE,TRUE,-6.26055504605571,-6.77340266965391
"Dryophytes chrysoscelis","Amphibia","Anura","Hylidae","Dryophytes","chrysoscelis",5,0.005,20,"C","J. F. Gillooly, J. P. Gomez, E. V. Mavrodiev,  A broad-scale comparison of aerobic activity levels in vertebrates: endotherms versus ectotherms. Proc. Biol. Sci. 284, 20162328 (2017).",-5.29831736654804,-3.51026847671652,39.5871292029482,13,293.15,-4787.35547680534,-1628.02388294841,32.4701150460995,-1.88743442551193,-0.00293293133310313,FALSE,TRUE,-5.59938946861685,-5.01733275006015
"Dryophytes chrysoscelis","Amphibia","Anura","Hylidae","Dryophytes","chrysoscelis",3.37,0.00337,10,"C","A. M. Makarieva et al., Mean mass-specific metabolic rates are strikingly similar across life's major domains: Evidence for life's metabolic optimum. Proc. Natl. Acad. Sci. U.S.A. 105, 16994-16999 (2008).",-5.69284253461787,-6.39604005103131,40.9852266496354,54,283.15,-4787.35547680534,-1628.02388294841,32.4701150460995,-1.88743442551193,-0.00293293133310313,FALSE,TRUE,-6.48929857758482,-5.9072418590281
"Dryophytes gratiosus","Amphibia","Anura","Hylidae","Dryophytes","gratiosus",1.15,0.00115,29,"C","A. M. Makarieva et al., Mean mass-specific metabolic rates are strikingly similar across life's major domains: Evidence for life's metabolic optimum. Proc. Natl. Acad. Sci. U.S.A. 105, 16994-16999 (2008).",-6.76799333660698,-7.26065165641752,38.4079659965059,55,302.15,-4787.35547680534,-1628.02388294841,32.4701150460995,-1.88743442551193,-0.00293293133310313,FALSE,TRUE,-6.25944462103125,-5.8172944313124
"Dryophytes gratiosus","Amphibia","Anura","Hylidae","Dryophytes","gratiosus",14,0.014,29,"C","J. F. Gillooly, J. P. Gomez, E. V. Mavrodiev,  A broad-scale comparison of aerobic activity levels in vertebrates: endotherms versus ectotherms. Proc. Biol. Sci. 284, 20162328 (2017).",-4.26869794936688,-2.34514470741284,38.4079659965059,14,302.15,-4787.35547680534,-1628.02388294841,32.4701150460995,-1.88743442551193,-0.00293293133310313,FALSE,TRUE,-4.30344747744041,-3.86129728772157
"Dryophytes versicolor","Amphibia","Anura","Hylidae","Dryophytes","versicolor",9,0.009,19.3,"C","J. F. Gillooly, J. P. Gomez, E. V. Mavrodiev,  A broad-scale comparison of aerobic activity levels in vertebrates: endotherms versus ectotherms. Proc. Biol. Sci. 284, 20162328 (2017).",-4.71053070164592,-2.95972183603096,39.6818838291819,15,292.45,-4787.35547680534,-1628.02388294841,32.4701150460995,-1.88743442551193,-0.00293293133310313,FALSE,TRUE,-5.17876278062063,-4.59545565392831
"Dryophytes versicolor","Amphibia","Anura","Hylidae","Dryophytes","versicolor",2.2,0.0022,19,"C","A. M. Makarieva et al., Mean mass-specific metabolic rates are strikingly similar across life's major domains: Evidence for life's metabolic optimum. Proc. Natl. Acad. Sci. U.S.A. 105, 16994-16999 (2008).",-6.11929791861787,-6.20594572534354,39.7226319556538,56,292.15,-4787.35547680534,-1628.02388294841,32.4701150460995,-1.88743442551193,-0.00293293133310313,FALSE,TRUE,-6.29822912492695,-5.71492199823458
"Eleutherodactylus coqui","Amphibia","Anura","Eleutherodactylidae","Eleutherodactylus","coqui",30.6999999999999,0.0306999999999999,20,"C","A. M. Makarieva et al., Mean mass-specific metabolic rates are strikingly similar across life's major domains: Evidence for life's metabolic optimum. Proc. Natl. Acad. Sci. U.S.A. 105, 16994-16999 (2008).",-3.48349262438899,-5.06337173458156,39.5871292029482,57,293.15,-4787.35547680534,-1628.02388294841,32.4701150460995,-1.88743442551193,-0.00293293133310313,FALSE,TRUE,-4.17907235447973,-4.23492020990464
"Eleutherodactylus coqui","Amphibia","Anura","Eleutherodactylidae","Eleutherodactylus","coqui",5,0.005,20,"C","J. F. Gillooly, J. P. Gomez, E. V. Mavrodiev,  A broad-scale comparison of aerobic activity levels in vertebrates: endotherms versus ectotherms. Proc. Biol. Sci. 284, 20162328 (2017).",-5.29831736654804,-4.87087335172111,39.5871292029482,16,293.15,-4787.35547680534,-1628.02388294841,32.4701150460995,-1.88743442551193,-0.00293293133310313,FALSE,TRUE,-5.59938946861685,-5.65523732404176
"Epidalea calamita","Amphibia","Anura","Bufonidae","Epidalea","calamita",8.7,0.0087,20,"C","A. M. Makarieva et al., Mean mass-specific metabolic rates are strikingly similar across life's major domains: Evidence for life's metabolic optimum. Proc. Natl. Acad. Sci. U.S.A. 105, 16994-16999 (2008).",-4.7444322533216,-5.87763598675933,39.5871292029482,59,293.15,-4787.35547680534,-1628.02388294841,32.4701150460995,-1.88743442551193,-0.00293293133310313,FALSE,TRUE,-5.16590821430831,-4.59049917032226
"Epidalea calamita","Amphibia","Anura","Bufonidae","Epidalea","calamita",9,0.009,20,"C","J. F. Gillooly, J. P. Gomez, E. V. Mavrodiev,  A broad-scale comparison of aerobic activity levels in vertebrates: endotherms versus ectotherms. Proc. Biol. Sci. 284, 20162328 (2017).",-4.71053070164592,-3.27897974893791,39.5871292029482,17,293.15,-4787.35547680534,-1628.02388294841,32.4701150460995,-1.88743442551193,-0.00293293133310313,FALSE,TRUE,-5.13937620109391,-4.56396715710786
"Eurycea longicauda","Amphibia","Caudata","Plethodontidae","Eurycea","longicauda",1,0.001,15,"C","J. F. Gillooly, J. P. Gomez, E. V. Mavrodiev,  A broad-scale comparison of aerobic activity levels in vertebrates: endotherms versus ectotherms. Proc. Biol. Sci. 284, 20162328 (2017).",-6.90775527898214,-6.46592252670313,40.2740479814134,18,288.15,-4787.35547680534,-1628.02388294841,32.4701150460995,-1.88743442551193,-0.00293293133310313,FALSE,TRUE,-7.14449783611782,-7.98173285277338
"Eurycea longicauda","Amphibia","Caudata","Plethodontidae","Eurycea","longicauda",1.14,0.00114,15,"C","A. M. Makarieva et al., Mean mass-specific metabolic rates are strikingly similar across life's major domains: Evidence for life's metabolic optimum. Proc. Natl. Acad. Sci. U.S.A. 105, 16994-16999 (2008).",-6.77672701657573,-9.34067687370419,40.2740479814134,61,288.15,-4787.35547680534,-1628.02388294841,32.4701150460995,-1.88743442551193,-0.00293293133310313,FALSE,TRUE,-7.0419525714384,-7.87918758809394
"Hydromantes platycephalus","Amphibia","Caudata","Plethodontidae","Hydromantes","platycephalus",2,0.002,15,"C","J. F. Gillooly, J. P. Gomez, E. V. Mavrodiev,  A broad-scale comparison of aerobic activity levels in vertebrates: endotherms versus ectotherms. Proc. Biol. Sci. 284, 20162328 (2017).",-6.21460809842219,-6.13456539074869,40.2740479814134,19,288.15,-4787.35547680534,-1628.02388294841,32.4701150460995,-1.88743442551193,-0.00293293133310313,FALSE,TRUE,-6.60202738137079,-7.13552637395836
"Hyperolius viridiflavus","Amphibia","Anura","Hyperoliidae","Hyperolius","viridiflavus",1,0.001,20,"C","A. M. Makarieva et al., Mean mass-specific metabolic rates are strikingly similar across life's major domains: Evidence for life's metabolic optimum. Proc. Natl. Acad. Sci. U.S.A. 105, 16994-16999 (2008).",-6.90775527898214,-7.88326537051626,39.5871292029482,67,293.15,-4787.35547680534,-1628.02388294841,32.4701150460995,-1.88743442551193,-0.00293293133310313,FALSE,TRUE,-6.85896685814031,-6.7521634137509
"Hyperolius viridiflavus","Amphibia","Anura","Hyperoliidae","Hyperolius","viridiflavus",1,0.001,20,"C","J. F. Gillooly, J. P. Gomez, E. V. Mavrodiev,  A broad-scale comparison of aerobic activity levels in vertebrates: endotherms versus ectotherms. Proc. Biol. Sci. 284, 20162328 (2017).",-6.90775527898214,-5.60847229485189,39.5871292029482,20,293.15,-4787.35547680534,-1628.02388294841,32.4701150460995,-1.88743442551193,-0.00293293133310313,FALSE,TRUE,-6.85896685814031,-6.75216341375089
"Incilius alvarius","Amphibia","Anura","Bufonidae","Incilius","alvarius",174,0.174,26,"C","J. F. Gillooly, J. P. Gomez, E. V. Mavrodiev,  A broad-scale comparison of aerobic activity levels in vertebrates: endotherms versus ectotherms. Proc. Biol. Sci. 284, 20162328 (2017).",-1.74869997976761,0.253176890352045,38.7931369742412,21,299.15,-4787.35547680534,-1628.02388294841,32.4701150460995,-1.88743442551193,-0.00293293133310313,FALSE,TRUE,-2.4913518020865,-1.71766302998529
"Incilius alvarius","Amphibia","Anura","Bufonidae","Incilius","alvarius",150.8,0.1508,15,"C","A. M. Makarieva et al., Mean mass-specific metabolic rates are strikingly similar across life's major domains: Evidence for life's metabolic optimum. Proc. Natl. Acad. Sci. U.S.A. 105, 16994-16999 (2008).",-1.89180082340828,-2.71962290729483,40.2740479814134,68,288.15,-4787.35547680534,-1628.02388294841,32.4701150460995,-1.88743442551193,-0.00293293133310313,FALSE,TRUE,-3.21891439465098,-2.44522562254977
"Kaloula pulchra","Amphibia","Anura","Microhylidae","Kaloula","pulchra",31,0.031,20,"C","J. F. Gillooly, J. P. Gomez, E. V. Mavrodiev,  A broad-scale comparison of aerobic activity levels in vertebrates: endotherms versus ectotherms. Proc. Biol. Sci. 284, 20162328 (2017).",-3.47376807449699,-2.13096878155915,39.5871292029482,22,293.15,-4787.35547680534,-1628.02388294841,32.4701150460995,-1.88743442551193,-0.00293293133310313,FALSE,TRUE,-4.17146173273867,-3.82457820774819
"Kaloula pulchra","Amphibia","Anura","Microhylidae","Kaloula","pulchra",0.9,9e-04,20,"C","A. M. Makarieva et al., Mean mass-specific metabolic rates are strikingly similar across life's major domains: Evidence for life's metabolic optimum. Proc. Natl. Acad. Sci. U.S.A. 105, 16994-16999 (2008).",-7.01311579463996,-7.66320348573946,39.5871292029482,69,293.15,-4787.35547680534,-1628.02388294841,32.4701150460995,-1.88743442551193,-0.00293293133310313,FALSE,TRUE,-6.9414240453644,-6.59454052037391
"Necturus maculosus","Amphibia","Caudata","Proteidae","Necturus","maculosus",102,0.102,15,"C","J. F. Gillooly, J. P. Gomez, E. V. Mavrodiev,  A broad-scale comparison of aerobic activity levels in vertebrates: endotherms versus ectotherms. Proc. Biol. Sci. 284, 20162328 (2017).",-2.28278246569787,-4.04238482329139,40.2740479814134,24,288.15,-4787.35547680534,-1628.02388294841,32.4701150460995,-1.88743442551193,-0.00293293133310313,FALSE,TRUE,-3.52490422659293,-4.33108861494995
"Necturus maculosus","Amphibia","Caudata","Proteidae","Necturus","maculosus",125,0.125,25,"C","A. M. Makarieva et al., Mean mass-specific metabolic rates are strikingly similar across life's major domains: Evidence for life's metabolic optimum. Proc. Natl. Acad. Sci. U.S.A. 105, 16994-16999 (2008).",-2.07944154167984,-4.28671645486956,38.9232497932056,74,298.15,-4787.35547680534,-1628.02388294841,32.4701150460995,-1.88743442551193,-0.00293293133310313,FALSE,TRUE,-2.8042804675199,-3.61046485587693
"Notophthalmus viridescens","Amphibia","Caudata","Salamandridae","Notophthalmus","viridescens",1,0.001,15,"C","J. F. Gillooly, J. P. Gomez, E. V. Mavrodiev,  A broad-scale comparison of aerobic activity levels in vertebrates: endotherms versus ectotherms. Proc. Biol. Sci. 284, 20162328 (2017).",-6.90775527898214,-6.70708458352,40.2740479814134,25,288.15,-4787.35547680534,-1628.02388294841,32.4701150460995,-1.88743442551193,-0.00293293133310313,FALSE,TRUE,-7.14449783611782,-7.66825669576844
"Notophthalmus viridescens","Amphibia","Caudata","Salamandridae","Notophthalmus","viridescens",3,0.003,20,"C","A. M. Makarieva et al., Mean mass-specific metabolic rates are strikingly similar across life's major domains: Evidence for life's metabolic optimum. Proc. Natl. Acad. Sci. U.S.A. 105, 16994-16999 (2008).",-5.80914299031403,-7.19543735143392,39.5871292029482,75,293.15,-4787.35547680534,-1628.02388294841,32.4701150460995,-1.88743442551193,-0.00293293133310313,FALSE,TRUE,-5.99917152961711,-6.52293038926775
"Odontophrynus americanus","Amphibia","Anura","Odontophrynidae","Odontophrynus","americanus",15,0.015,20,"C","J. F. Gillooly, J. P. Gomez, E. V. Mavrodiev,  A broad-scale comparison of aerobic activity levels in vertebrates: endotherms versus ectotherms. Proc. Biol. Sci. 284, 20162328 (2017).",-4.19970507787993,-3.01934213919313,39.5871292029482,26,293.15,-4787.35547680534,-1628.02388294841,32.4701150460995,-1.88743442551193,-0.00293293133310313,FALSE,TRUE,-4.73959414009365,-4.491467025697
"Odontophrynus americanus","Amphibia","Anura","Odontophrynidae","Odontophrynus","americanus",15.24,0.01524,20,"C","A. M. Makarieva et al., Mean mass-specific metabolic rates are strikingly similar across life's major domains: Evidence for life's metabolic optimum. Proc. Natl. Acad. Sci. U.S.A. 105, 16994-16999 (2008).",-4.18383172872364,-5.79326964115774,39.5871292029482,77,293.15,-4787.35547680534,-1628.02388294841,32.4701150460995,-1.88743442551193,-0.00293293133310313,FALSE,TRUE,-4.72717134854711,-4.47904423415048
"Osteopilus septentrionalis","Amphibia","Anura","Hylidae","Osteopilus","septentrionalis",5,0.005,20,"C","A. M. Makarieva et al., Mean mass-specific metabolic rates are strikingly similar across life's major domains: Evidence for life's metabolic optimum. Proc. Natl. Acad. Sci. U.S.A. 105, 16994-16999 (2008).",-5.29831736654804,-6.3007107974756,39.5871292029482,78,293.15,-4787.35547680534,-1628.02388294841,32.4701150460995,-1.88743442551193,-0.00293293133310313,FALSE,TRUE,-5.59938946861685,-5.16842037104168
"Osteopilus septentrionalis","Amphibia","Anura","Hylidae","Osteopilus","septentrionalis",16,0.016,21,"C","J. F. Gillooly, J. P. Gomez, E. V. Mavrodiev,  A broad-scale comparison of aerobic activity levels in vertebrates: endotherms versus ectotherms. Proc. Biol. Sci. 284, 20162328 (2017).",-4.13516655674236,-2.47429647067599,39.4525477676161,27,294.15,-4787.35547680534,-1628.02388294841,32.4701150460995,-1.88743442551193,-0.00293293133310313,FALSE,TRUE,-4.63314368181462,-4.20217458423946
"Plethodon yonahlossee","Amphibia","Caudata","Plethodontidae","Plethodon","yonahlossee",5,0.005,22,"C","J. F. Gillooly, J. P. Gomez, E. V. Mavrodiev,  A broad-scale comparison of aerobic activity levels in vertebrates: endotherms versus ectotherms. Proc. Biol. Sci. 284, 20162328 (2017).",-5.29831736654804,-5.46739369659198,39.3188782850898,28,295.15,-4787.35547680534,-1628.02388294841,32.4701150460995,-1.88743442551193,-0.00293293133310313,FALSE,TRUE,-5.48788582463349,-6.1432386581273
"Pseudacris crucifer","Amphibia","Anura","Hylidae","Pseudacris","crucifer",1,0.001,21,"C","J. F. Gillooly, J. P. Gomez, E. V. Mavrodiev,  A broad-scale comparison of aerobic activity levels in vertebrates: endotherms versus ectotherms. Proc. Biol. Sci. 284, 20162328 (2017).",-6.90775527898214,-5.18300652003704,39.4525477676161,29,294.15,-4787.35547680534,-1628.02388294841,32.4701150460995,-1.88743442551193,-0.00293293133310313,FALSE,TRUE,-6.80302550080274,-6.26116810042828
"Pseudacris crucifer","Amphibia","Anura","Hylidae","Pseudacris","crucifer",1,0.001,20,"C","J. F. Gillooly, J. P. Gomez, E. V. Mavrodiev,  A broad-scale comparison of aerobic activity levels in vertebrates: endotherms versus ectotherms. Proc. Biol. Sci. 284, 20162328 (2017).",-6.90775527898214,-4.88547215114226,39.5871292029482,30,293.15,-4787.35547680534,-1628.02388294841,32.4701150460995,-1.88743442551193,-0.00293293133310313,FALSE,TRUE,-6.85896685814031,-6.31710945776584
"Pseudacris crucifer","Amphibia","Anura","Hylidae","Pseudacris","crucifer",9.9,0.0099,20,"C","A. M. Makarieva et al., Mean mass-specific metabolic rates are strikingly similar across life's major domains: Evidence for life's metabolic optimum. Proc. Natl. Acad. Sci. U.S.A. 105, 16994-16999 (2008).",-4.61522052184159,-5.05527707471938,39.5871292029482,80,293.15,-4787.35547680534,-1628.02388294841,32.4701150460995,-1.88743442551193,-0.00293293133310313,FALSE,TRUE,-5.06478460203597,-4.52292720166151
"Pseudacris regilla","Amphibia","Anura","Hylidae","Pseudacris","regilla",4,0.004,21,"C","J. F. Gillooly, J. P. Gomez, E. V. Mavrodiev,  A broad-scale comparison of aerobic activity levels in vertebrates: endotherms versus ectotherms. Proc. Biol. Sci. 284, 20162328 (2017).",-5.52146091786225,-3.59559151969038,39.4525477676161,32,294.15,-4787.35547680534,-1628.02388294841,32.4701150460995,-1.88743442551193,-0.00293293133310313,FALSE,TRUE,-5.71808459130868,-5.12465181145773
"Pseudacris regilla","Amphibia","Anura","Hylidae","Pseudacris","regilla",41.4,0.0414,21,"C","A. M. Makarieva et al., Mean mass-specific metabolic rates are strikingly similar across life's major domains: Evidence for life's metabolic optimum. Proc. Natl. Acad. Sci. U.S.A. 105, 16994-16999 (2008).",-3.18447439815087,-3.82313339342674,39.4525477676161,82,294.15,-4787.35547680534,-1628.02388294841,32.4701150460995,-1.88743442551193,-0.00293293133310313,FALSE,TRUE,-3.88911352190119,-3.29568074205024
"Pseudacris regilla","Amphibia","Anura","Hylidae","Pseudacris","regilla",4,0.004,23,"C","J. F. Gillooly, J. P. Gomez, E. V. Mavrodiev,  A broad-scale comparison of aerobic activity levels in vertebrates: endotherms versus ectotherms. Proc. Biol. Sci. 284, 20162328 (2017).",-5.52146091786225,-3.76264560435355,39.1861115172861,31,296.15,-4787.35547680534,-1628.02388294841,32.4701150460995,-1.88743442551193,-0.00293293133310313,FALSE,TRUE,-5.60733524872211,-5.01390246887117
"Pseudoeurycea gadovii","Amphibia","Caudata","Plethodontidae","Pseudoeurycea","gadovii",2,0.002,15,"C","J. F. Gillooly, J. P. Gomez, E. V. Mavrodiev,  A broad-scale comparison of aerobic activity levels in vertebrates: endotherms versus ectotherms. Proc. Biol. Sci. 284, 20162328 (2017).",-6.21460809842219,-6.57925121201017,40.2740479814134,33,288.15,-4787.35547680534,-1628.02388294841,32.4701150460995,-1.88743442551193,-0.00293293133310313,FALSE,TRUE,-6.60202738137079,-7.40556091981989
"Pseudoeurycea gadovii","Amphibia","Caudata","Plethodontidae","Pseudoeurycea","gadovii",2.8799999999999,0.0028799999999999,15,"C","A. M. Makarieva et al., Mean mass-specific metabolic rates are strikingly similar across life's major domains: Evidence for life's metabolic optimum. Proc. Natl. Acad. Sci. U.S.A. 105, 16994-16999 (2008).",-5.84996498483432,-7.65785383599222,40.2740479814134,86,288.15,-4787.35547680534,-1628.02388294841,32.4701150460995,-1.88743442551193,-0.00293293133310313,FALSE,TRUE,-6.31665059387727,-7.12018413232637
"Salamandra salamandra","Amphibia","Caudata","Salamandridae","Salamandra","salamandra",8,0.008,15,"C","J. F. Gillooly, J. P. Gomez, E. V. Mavrodiev,  A broad-scale comparison of aerobic activity levels in vertebrates: endotherms versus ectotherms. Proc. Biol. Sci. 284, 20162328 (2017).",-4.8283137373023,-5.14416668672078,40.2740479814134,34,288.15,-4787.35547680534,-1628.02388294841,32.4701150460995,-1.88743442551193,-0.00293293133310313,FALSE,TRUE,-5.51708647187673,-6.05417675988082
"Salamandra salamandra","Amphibia","Caudata","Salamandridae","Salamandra","salamandra",75,0.075,16,"C","A. M. Makarieva et al., Mean mass-specific metabolic rates are strikingly similar across life's major domains: Evidence for life's metabolic optimum. Proc. Natl. Acad. Sci. U.S.A. 105, 16994-16999 (2008).",-2.59026716544583,-5.06720564558465,40.1347637068797,91,289.15,-4787.35547680534,-1628.02388294841,32.4701150460995,-1.88743442551193,-0.00293293133310313,FALSE,TRUE,-3.70765154580926,-4.24474183381342
"Smilisca fodiens","Amphibia","Anura","Hylidae","Smilisca","fodiens",15,0.015,20,"C","J. F. Gillooly, J. P. Gomez, E. V. Mavrodiev,  A broad-scale comparison of aerobic activity levels in vertebrates: endotherms versus ectotherms. Proc. Biol. Sci. 284, 20162328 (2017).",-4.19970507787993,-3.40286543876285,39.5871292029482,35,293.15,-4787.35547680534,-1628.02388294841,32.4701150460995,-1.88743442551193,-0.00293293133310313,FALSE,TRUE,-4.73959414009365,-4.45141333813595
"Smilisca fodiens","Amphibia","Anura","Hylidae","Smilisca","fodiens",15.0999999999999,0.0150999999999999,20,"C","A. M. Makarieva et al., Mean mass-specific metabolic rates are strikingly similar across life's major domains: Evidence for life's metabolic optimum. Proc. Natl. Acad. Sci. U.S.A. 105, 16994-16999 (2008).",-4.19306053516126,-5.91903226385135,39.5871292029482,93,293.15,-4787.35547680534,-1628.02388294841,32.4701150460995,-1.88743442551193,-0.00293293133310313,FALSE,TRUE,-4.73439399182606,-4.44621318986833
"Acris crepitans","Amphibia","Anura","Hylidae","Acris","crepitans",1.59,0.00159,15,"C","A. M. Makarieva et al., Mean mass-specific metabolic rates are strikingly similar across life's major domains: Evidence for life's metabolic optimum. Proc. Natl. Acad. Sci. U.S.A. 105, 16994-16999 (2008).",-6.44402126275,-8.23378272931538,40.2740479814134,36,288.15,-4787.35547680534,-1628.02388294841,32.4701150460995,-1.88743442551193,-0.00293293133310313,FALSE,TRUE,-6.78157058239387,-6.44408174923115
"Ambystoma mexicanum","Amphibia","Caudata","Ambystomatidae","Ambystoma","mexicanum",21.3,0.0213,22,"C","A. M. Makarieva et al., Mean mass-specific metabolic rates are strikingly similar across life's major domains: Evidence for life's metabolic optimum. Proc. Natl. Acad. Sci. U.S.A. 105, 16994-16999 (2008).",-3.84904820626676,-6.3379628774523,39.3188782850898,39,295.15,-5161.75961412521,3001.3884308578,9.63443467555201,-0.806028876738105,-0.00210493701184144,FALSE,TRUE,-4.35365961340729,-5.32385581155635
"Anaxyrus terrestris","Amphibia","Anura","Bufonidae","Anaxyrus","terrestris",19.8,0.0198,25,"C","A. M. Makarieva et al., Mean mass-specific metabolic rates are strikingly similar across life's major domains: Evidence for life's metabolic optimum. Proc. Natl. Acad. Sci. U.S.A. 105, 16994-16999 (2008).",-3.92207334128165,-4.38569736356334,38.9232497932056,44,298.15,-4787.35547680534,-1628.02388294841,32.4701150460995,-1.88743442551193,-0.00293293133310313,FALSE,TRUE,-4.2463599252389,-3.59059581199216
"Aneides flavipunctatus","Amphibia","Caudata","Plethodontidae","Aneides","flavipunctatus",4.57,0.00457,15,"C","A. M. Makarieva et al., Mean mass-specific metabolic rates are strikingly similar across life's major domains: Evidence for life's metabolic optimum. Proc. Natl. Acad. Sci. U.S.A. 105, 16994-16999 (2008).",-5.38824207407602,-7.31239073134982,40.2740479814134,46,288.15,-4787.35547680534,-1628.02388294841,32.4701150460995,-1.88743442551193,-0.00293293133310313,FALSE,TRUE,-5.95529727038277,-6.44380805322006
"Conraua goliath","Amphibia","Anura","Conrauidae","Conraua","goliath",1,0.001,25,"C","A. M. Makarieva et al., Mean mass-specific metabolic rates are strikingly similar across life's major domains: Evidence for life's metabolic optimum. Proc. Natl. Acad. Sci. U.S.A. 105, 16994-16999 (2008).",-6.90775527898214,-6.79710875889507,38.9232497932056,50,298.15,-4787.35547680534,-1628.02388294841,32.4701150460995,-1.88743442551193,-0.00293293133310313,FALSE,TRUE,-6.58301263609027,-6.58634292141284
"Crinia parinsignifera","Amphibia","Anura","Myobatrachidae","Crinia","parinsignifera",251,0.251,30,"C","A. M. Makarieva et al., Mean mass-specific metabolic rates are strikingly similar across life's major domains: Evidence for life's metabolic optimum. Proc. Natl. Acad. Sci. U.S.A. 105, 16994-16999 (2008).",-1.38230233985035,-2.25697139703369,38.2812697537333,51,303.15,-4787.35547680534,-1628.02388294841,32.4701150460995,-1.88743442551193,-0.00293293133310313,FALSE,TRUE,-1.99183445097743,-1.88191878480645
"Dicamptodon ensatus","Amphibia","Caudata","Ambystomatidae","Dicamptodon","ensatus",23.41,0.02341,15,"C","A. M. Makarieva et al., Mean mass-specific metabolic rates are strikingly similar across life's major domains: Evidence for life's metabolic optimum. Proc. Natl. Acad. Sci. U.S.A. 105, 16994-16999 (2008).",-3.75459199747932,-6.99878563033181,40.2740479814134,53,288.15,-5162.89832173827,3015.65332852805,9.56130099965396,-0.801998798795783,-0.0020745904098176,FALSE,TRUE,-4.67677097062486,-5.55797155773662
"Eleutherodactylus portoricensis","Amphibia","Anura","Eleutherodactylidae","Eleutherodactylus","portoricensis",4.0599999999999,0.0040599999999999,15,"C","A. M. Makarieva et al., Mean mass-specific metabolic rates are strikingly similar across life's major domains: Evidence for life's metabolic optimum. Proc. Natl. Acad. Sci. U.S.A. 105, 16994-16999 (2008).",-5.50657230536852,-6.9806055807965,40.2740479814134,58,288.15,-4787.35547680534,-1628.02388294841,32.4701150460995,-1.88743442551193,-0.00293293133310313,FALSE,TRUE,-6.04790480912759,-6.10044528008821
"Eurycea bislineata","Amphibia","Caudata","Plethodontidae","Eurycea","bislineata",5.3,0.0053,5,"C","A. M. Makarieva et al., Mean mass-specific metabolic rates are strikingly similar across life's major domains: Evidence for life's metabolic optimum. Proc. Natl. Acad. Sci. U.S.A. 105, 16994-16999 (2008).",-5.24004845842406,-6.22354793999167,41.7219734885647,60,278.15,-4787.35547680534,-1628.02388294841,32.4701150460995,-1.88743442551193,-0.00293293133310313,FALSE,TRUE,-6.44117610147748,-7.28199786667885
"Eurycea nana","Amphibia","Caudata","Plethodontidae","Eurycea","nana",0.7099999999999,0.0007099999999999,25,"C","A. M. Makarieva et al., Mean mass-specific metabolic rates are strikingly similar across life's major domains: Evidence for life's metabolic optimum. Proc. Natl. Acad. Sci. U.S.A. 105, 16994-16999 (2008).",-7.25024558792905,-9.36221032131431,38.9232497932056,62,298.15,-4787.35547680534,-1628.02388294841,32.4701150460995,-1.88743442551193,-0.00293293133310312,FALSE,TRUE,-6.8510522081344,-7.8473781385695
"Eurycea neotenes","Amphibia","Caudata","Plethodontidae","Eurycea","neotenes",0.154,0.000154,25,"C","A. M. Makarieva et al., Mean mass-specific metabolic rates are strikingly similar across life's major domains: Evidence for life's metabolic optimum. Proc. Natl. Acad. Sci. U.S.A. 105, 16994-16999 (2008).",-8.77855795555064,-9.52089538030136,38.9232497932056,63,298.15,-4787.35547680534,-1628.02388294841,32.4701150460995,-1.88743442551193,-0.00293293133310312,FALSE,TRUE,-8.04713916962136,-9.04346510005642
"Hyla arborea","Amphibia","Anura","Hylidae","Hyla","arborea",3.23,0.00323,18.5,"C","A. M. Makarieva et al., Mean mass-specific metabolic rates are strikingly similar across life's major domains: Evidence for life's metabolic optimum. Proc. Natl. Acad. Sci. U.S.A. 105, 16994-16999 (2008).",-5.73527314174757,-7.28173625502028,39.7907317875682,64,291.65,-4787.35547680534,-1628.02388294841,32.4701150460995,-1.88743442551193,-0.00293293133310313,FALSE,TRUE,-6.02599087360782,-5.6666846367693
"Lepidobatrachus llanensis","Amphibia","Anura","Ceratophryidae","Lepidobatrachus","llanensis",6.25,0.00625,25,"C","A. M. Makarieva et al., Mean mass-specific metabolic rates are strikingly similar across life's major domains: Evidence for life's metabolic optimum. Proc. Natl. Acad. Sci. U.S.A. 105, 16994-16999 (2008).",-5.07517381523383,-6.33748219657273,38.9232497932056,70,298.15,-4787.35547680534,-1628.02388294841,32.4701150460995,-1.88743442551193,-0.00293293133310313,FALSE,TRUE,-5.14879876653742,-4.93672667029419
"Lissotriton vulgaris","Amphibia","Caudata","Salamandridae","Lissotriton","vulgaris",8.75,0.00875,25,"C","A. M. Makarieva et al., Mean mass-specific metabolic rates are strikingly similar across life's major domains: Evidence for life's metabolic optimum. Proc. Natl. Acad. Sci. U.S.A. 105, 16994-16999 (2008).",-4.73870157861261,-4.70623438847511,38.9232497932056,71,298.15,-4787.35547680534,-1628.02388294841,32.4701150460995,-1.88743442551193,-0.00293293133310313,FALSE,TRUE,-4.88546905485597,-5.41351855200691
"Mannophryne trinitatis","Amphibia","Anura","Aromobatidae","Mannophryne","trinitatis",5.0999999999999,0.0050999999999999,25,"C","A. M. Makarieva et al., Mean mass-specific metabolic rates are strikingly similar across life's major domains: Evidence for life's metabolic optimum. Proc. Natl. Acad. Sci. U.S.A. 105, 16994-16999 (2008).",-5.27851473925188,-5.72636556385646,38.9232497932056,73,298.15,-4787.35547680534,-1628.02388294841,32.4701150460995,-1.88743442551193,-0.00293293133310313,FALSE,TRUE,-5.30793732558291,-5.17322440857907
"Occidozyga martensii","Amphibia","Anura","Dicroglossidae","Occidozyga","martensii",9.3,0.0093,35,"C","A. M. Makarieva et al., Mean mass-specific metabolic rates are strikingly similar across life's major domains: Evidence for life's metabolic optimum. Proc. Natl. Acad. Sci. U.S.A. 105, 16994-16999 (2008).",-4.67774087882293,-5.11779743170071,37.6601230759184,76,308.15,-4787.35547680534,-1628.02388294841,32.4701150460995,-1.88743442551193,-0.00293293133310313,FALSE,TRUE,-4.31271715644423,-4.31604744176687
"Plethodon dorsalis","Amphibia","Caudata","Plethodontidae","Plethodon","dorsalis",0.69,0.00069,25,"C","A. M. Makarieva et al., Mean mass-specific metabolic rates are strikingly similar across life's major domains: Evidence for life's metabolic optimum. Proc. Natl. Acad. Sci. U.S.A. 105, 16994-16999 (2008).",-7.27881896037297,-8.92907886732733,38.9232497932056,79,298.15,-4787.35547680534,-1628.02388294841,32.4701150460995,-1.88743442551193,-0.00293293133310313,FALSE,TRUE,-6.87341428472942,-7.52876711822315
"Pseudacris nigrita","Amphibia","Anura","Hylidae","Pseudacris","nigrita",1,0.001,25,"C","A. M. Makarieva et al., Mean mass-specific metabolic rates are strikingly similar across life's major domains: Evidence for life's metabolic optimum. Proc. Natl. Acad. Sci. U.S.A. 105, 16994-16999 (2008).",-6.90775527898214,-7.01311579463996,38.9232497932056,81,298.15,-4787.35547680534,-1628.02388294841,32.4701150460995,-1.88743442551193,-0.00293293133310313,FALSE,TRUE,-6.58301263609027,-6.34420145757588
"Pseudacris triseriata","Amphibia","Anura","Hylidae","Pseudacris","triseriata",0.94,0.00094,5,"C","A. M. Makarieva et al., Mean mass-specific metabolic rates are strikingly similar across life's major domains: Evidence for life's metabolic optimum. Proc. Natl. Acad. Sci. U.S.A. 105, 16994-16999 (2008).",-6.96963068270022,-9.45854535388576,41.7219734885647,83,278.15,-4787.35547680534,-1628.02388294841,32.4701150460995,-1.88743442551193,-0.00293293133310313,FALSE,TRUE,-7.7947807644403,-7.55596958592595
"Pseudoeurycea brunnata","Amphibia","Caudata","Plethodontidae","Pseudoeurycea","brunnata",3.33,0.00333,15,"C","A. M. Makarieva et al., Mean mass-specific metabolic rates are strikingly similar across life's major domains: Evidence for life's metabolic optimum. Proc. Natl. Acad. Sci. U.S.A. 105, 16994-16999 (2008).",-5.70478297498978,-5.61402861172132,40.2740479814134,84,288.15,-4787.35547680534,-1628.02388294841,32.4701150460995,-1.88743442551193,-0.00293293133310313,FALSE,TRUE,-6.20302833137621,-6.99008205138411
"Pseudoeurycea cochranae","Amphibia","Caudata","Plethodontidae","Pseudoeurycea","cochranae",2.2299999999999,0.0022299999999999,15,"C","A. M. Makarieva et al., Mean mass-specific metabolic rates are strikingly similar across life's major domains: Evidence for life's metabolic optimum. Proc. Natl. Acad. Sci. U.S.A. 105, 16994-16999 (2008).",-6.10575369351015,-8.27731052409775,40.2740479814134,85,288.15,-4787.35547680534,-1628.02388294841,32.4701150460995,-1.88743442551193,-0.00293293133310313,FALSE,TRUE,-6.51683580851299,-7.32725898556483
"Pseudoeurycea leprosa","Amphibia","Caudata","Plethodontidae","Pseudoeurycea","leprosa",2.46,0.00246,15,"C","A. M. Makarieva et al., Mean mass-specific metabolic rates are strikingly similar across life's major domains: Evidence for life's metabolic optimum. Proc. Natl. Acad. Sci. U.S.A. 105, 16994-16999 (2008).",-6.00759392903787,-8.07906730106852,40.2740479814134,87,288.15,-4787.35547680534,-1628.02388294841,32.4701150460995,-1.88743442551193,-0.00293293133310313,FALSE,TRUE,-6.44001406911252,-7.22496403571944
"Pseudoeurycea rex","Amphibia","Caudata","Plethodontidae","Pseudoeurycea","rex",1.86,0.00186,15,"C","A. M. Makarieva et al., Mean mass-specific metabolic rates are strikingly similar across life's major domains: Evidence for life's metabolic optimum. Proc. Natl. Acad. Sci. U.S.A. 105, 16994-16999 (2008).",-6.28717879125703,-8.43276013544141,40.2740479814134,88,288.15,-4787.35547680534,-1628.02388294841,32.4701150460995,-1.88743442551193,-0.00293293133310313,FALSE,TRUE,-6.65882261598693,-7.44587633599484
"Rhyacotriton olympicus","Amphibia","Caudata","Rhyacotritonidae","Rhyacotriton","olympicus",2.6,0.0026,15,"C","A. M. Makarieva et al., Mean mass-specific metabolic rates are strikingly similar across life's major domains: Evidence for life's metabolic optimum. Proc. Natl. Acad. Sci. U.S.A. 105, 16994-16999 (2008).",-5.9522438339547,-6.58147768877099,40.2740479814134,90,288.15,-4787.35547680534,-1628.02388294841,32.4701150460995,-1.88743442551193,-0.00293293133310313,FALSE,TRUE,-6.3966960089773,-6.98502109258276
"Silverstoneia nubicola","Amphibia","Anura","Dendrobatidae","Silverstoneia","nubicola",0.27,0.00027,25,"C","A. M. Makarieva et al., Mean mass-specific metabolic rates are strikingly similar across life's major domains: Evidence for life's metabolic optimum. Proc. Natl. Acad. Sci. U.S.A. 105, 16994-16999 (2008).",-8.2170885989659,-8.32802015967318,38.9232497932056,92,298.15,-4787.35547680534,-1628.02388294841,32.4701150460995,-1.88743442551193,-0.00293293133310313,FALSE,TRUE,-7.60772233906165,-7.47750713368535
"Taricha granulosa","Amphibia","Caudata","Salamandridae","Taricha","granulosa",6.56,0.00656,15,"C","A. M. Makarieva et al., Mean mass-specific metabolic rates are strikingly similar across life's major domains: Evidence for life's metabolic optimum. Proc. Natl. Acad. Sci. U.S.A. 105, 16994-16999 (2008).",-5.02676467602614,-7.02186506927222,40.2740479814134,94,288.15,-4787.35547680534,-1628.02388294841,32.4701150460995,-1.88743442551193,-0.00293293133310313,FALSE,TRUE,-5.67239803339463,-6.34749190021012
"Taricha rivularis","Amphibia","Caudata","Salamandridae","Taricha","rivularis",10.83,0.01083,15,"C","A. M. Makarieva et al., Mean mass-specific metabolic rates are strikingly similar across life's major domains: Evidence for life's metabolic optimum. Proc. Natl. Acad. Sci. U.S.A. 105, 16994-16999 (2008).",-4.52543521796924,-6.39623789453775,40.2740479814134,95,288.15,-4787.35547680534,-1628.02388294841,32.4701150460995,-1.88743442551193,-0.00293293133310313,FALSE,TRUE,-5.28004785623526,-5.95514172305078
"Telmatobius marmoratus","Amphibia","Anura","Telmatobiidae","Telmatobius","marmoratus",18.4,0.0184,10,"C","A. M. Makarieva et al., Mean mass-specific metabolic rates are strikingly similar across life's major domains: Evidence for life's metabolic optimum. Proc. Natl. Acad. Sci. U.S.A. 105, 16994-16999 (2008).",-3.9954046143672,-5.2755387796587,40.9852266496354,96,283.15,-4787.35547680534,-1628.02388294841,32.4701150460995,-1.88743442551193,-0.00293293133310313,FALSE,TRUE,-5.16085067167344,-4.94914884869988
"Triturus cristatus","Amphibia","Caudata","Salamandridae","Triturus","cristatus",7,0.007,10,"C","A. M. Makarieva et al., Mean mass-specific metabolic rates are strikingly similar across life's major domains: Evidence for life's metabolic optimum. Proc. Natl. Acad. Sci. U.S.A. 105, 16994-16999 (2008).",-4.96184512992682,-6.14601530695658,40.9852266496354,97,283.15,-4787.35547680534,-1628.02388294841,32.4701150460995,-1.88743442551193,-0.00293293133310313,FALSE,TRUE,-5.91720580181776,-6.44525529896871
"Lolliguncula brevis","Cephalopoda","Teuthida","Loliginidae","Lolliguncula","brevis",41.1,0.0411,5,"C","A. M. Makarieva et al., Mean mass-specific metabolic rates are strikingly similar across life's major domains: Evidence for life's metabolic optimum. Proc. Natl. Acad. Sci. U.S.A. 105, 16994-16999 (2008).",-3.19174715747995,-3.92488334625626,41.7219734885647,99,278.15,-4787.35547680534,-1628.02388294841,32.4701150460995,-1.88743442551193,-0.00293293133310313,FALSE,TRUE,-4.83813569484339,-4.39464800630223
"Octopus bimaculoides","Cephalopoda","Octopoda","Octopodidae","Octopus","bimaculoides",360,0.36,5,"C","A. M. Makarieva et al., Mean mass-specific metabolic rates are strikingly similar across life's major domains: Evidence for life's metabolic optimum. Proc. Natl. Acad. Sci. U.S.A. 105, 16994-16999 (2008).",-1.02165124753198,-3.66813609297604,41.7219734885647,100,278.15,-4787.35547680534,-1628.02388294841,32.4701150460995,-1.88743442551193,-0.00293293133310313,FALSE,TRUE,-3.13977646013777,-3.18211502622552
"Octopus cyanea","Cephalopoda","Octopoda","Octopodidae","Octopus","cyanea",1150,1.15,5,"C","A. M. Makarieva et al., Mean mass-specific metabolic rates are strikingly similar across life's major domains: Evidence for life's metabolic optimum. Proc. Natl. Acad. Sci. U.S.A. 105, 16994-16999 (2008).",0.139761942375159,-1.95418428550756,41.7219734885647,101,278.15,-4787.35547680534,-1628.02388294841,32.4701150460995,-1.88743442551193,-0.00293293133310313,FALSE,TRUE,-2.23083192577615,-2.27114180853927
"Octopus rubescens","Cephalopoda","Octopoda","Octopodidae","Octopus","rubescens",0.096,9.6e-05,5,"C","A. M. Makarieva et al., Mean mass-specific metabolic rates are strikingly similar across life's major domains: Evidence for life's metabolic optimum. Proc. Natl. Acad. Sci. U.S.A. 105, 16994-16999 (2008).",-9.25116236649644,-9.33356619275125,41.7219734885647,102,278.15,-4787.35547680534,-1628.02388294841,32.4701150460995,-1.88743442551193,-0.00293293133310313,FALSE,TRUE,-9.58035180150182,-9.5967957027661
"Octopus vulgaris","Cephalopoda","Octopoda","Octopodidae","Octopus","vulgaris",2160,2.16,5,"C","A. M. Makarieva et al., Mean mass-specific metabolic rates are strikingly similar across life's major domains: Evidence for life's metabolic optimum. Proc. Natl. Acad. Sci. U.S.A. 105, 16994-16999 (2008).",0.770108221696074,-2.28113676178818,41.7219734885647,103,278.15,-4787.35547680534,-1628.02388294841,32.4701150460995,-1.88743442551193,-0.00293293133310313,FALSE,TRUE,-1.73751067686754,-1.77984924295529
"Sthenoteuthis pteropus","Cephalopoda","Teuthida","Ommastrephidae","Sthenoteuthis","pteropus",1300,1.3,5,"C","A. M. Makarieva et al., Mean mass-specific metabolic rates are strikingly similar across life's major domains: Evidence for life's metabolic optimum. Proc. Natl. Acad. Sci. U.S.A. 105, 16994-16999 (2008).",0.262364264467491,-0.756790102865903,41.7219734885647,104,278.15,-4787.35547680534,-1628.02388294841,32.4701150460995,-1.88743442551193,-0.00293293133310313,FALSE,TRUE,-2.13488096574377,-1.69139327720263
"Calanus finmarchicus","Maxillopoda","Calanoida","Calanidae","Calanus","finmarchicus",0.00094,9.4e-07,7.5,"C","A. M. Makarieva et al., Mean mass-specific metabolic rates are strikingly similar across life's major domains: Evidence for life's metabolic optimum. Proc. Natl. Acad. Sci. U.S.A. 105, 16994-16999 (2008).",-13.8773859616824,-13.8191170535584,41.3503186383191,105,280.65,-4787.35547680534,-1628.02388294841,32.4701150460995,-1.88743442551193,-0.00293293133310313,FALSE,TRUE,-13.0464388235866,-13.7122900738636
"Calanus finmarchicus","Maxillopoda","Calanoida","Calanidae","Calanus","finmarchicus",0.0015,1.5e-06,0.1,"C","A. M. Makarieva et al., Mean mass-specific metabolic rates are strikingly similar across life's major domains: Evidence for life's metabolic optimum. Proc. Natl. Acad. Sci. U.S.A. 105, 16994-16999 (2008).",-13.4100454498561,-13.1869018985419,42.4701442848829,106,273.25,-4787.35547680534,-1628.02388294841,32.4701150460995,-1.88743442551193,-0.00293293133310313,FALSE,TRUE,-13.14616608512,-13.812017335397
"Calanus finmarchicus","Maxillopoda","Calanoida","Calanidae","Calanus","finmarchicus",0.0017,1.7e-06,8,"C","A. M. Makarieva et al., Mean mass-specific metabolic rates are strikingly similar across life's major domains: Evidence for life's metabolic optimum. Proc. Natl. Acad. Sci. U.S.A. 105, 16994-16999 (2008).",-13.2848823069021,-13.978029487462,41.2767808139579,107,281.15,-4787.35547680534,-1628.02388294841,32.4701150460995,-1.88743442551193,-0.00293293133310313,FALSE,TRUE,-12.55216653961,-13.2180177898871
"Euphausia tricantha","Malacostraca","Euphausiacea","Euphausiidae","Euphausia","tricantha",0.32,0.00032,0.1,"C","A. M. Makarieva et al., Mean mass-specific metabolic rates are strikingly similar across life's major domains: Evidence for life's metabolic optimum. Proc. Natl. Acad. Sci. U.S.A. 105, 16994-16999 (2008).",-8.0471895621705,-8.86817011424033,42.4701442848829,111,273.25,-4787.35547680534,-1628.02388294841,32.4701150460995,-1.88743442551193,-0.00293293133310313,FALSE,TRUE,-8.94909084089047,-9.12348646354822
"Oncaea mediterranea","Maxillopoda","Poecilostomatoida","Oncaeidae","Oncaea","mediterranea",6.2e-05,6.2e-08,20,"C","A. M. Makarieva et al., Mean mass-specific metabolic rates are strikingly similar across life's major domains: Evidence for life's metabolic optimum. Proc. Natl. Acad. Sci. U.S.A. 105, 16994-16999 (2008).",-16.5961314519013,-15.0472931615961,39.5871292029482,112,293.15,-4787.35547680534,-1628.02388294841,32.4701150460995,-1.88743442551193,-0.00293293133310313,FALSE,TRUE,-14.4412783436146,-14.8467371806715
"Triops cancriformis","Branchiopoda","Notostraca","Triopsidae","Triops","cancriformis",0.16,0.00016,20,"C","A. M. Makarieva et al., Mean mass-specific metabolic rates are strikingly similar across life's major domains: Evidence for life's metabolic optimum. Proc. Natl. Acad. Sci. U.S.A. 105, 16994-16999 (2008).",-8.74033674273045,-7.82404601085629,39.5871292029482,123,293.15,-4787.35547680534,-1628.02388294841,32.4701150460995,-1.88743442551193,-0.00293293133310313,FALSE,TRUE,-8.29318072769316,-8.21707749643414
"Triops cancriformis","Branchiopoda","Notostraca","Triopsidae","Triops","cancriformis",0.19,0.00019,20,"C","A. M. Makarieva et al., Mean mass-specific metabolic rates are strikingly similar across life's major domains: Evidence for life's metabolic optimum. Proc. Natl. Acad. Sci. U.S.A. 105, 16994-16999 (2008).",-8.56848648580379,-7.78002912543952,39.5871292029482,124,293.15,-4787.35547680534,-1628.02388294841,32.4701150460995,-1.88743442551193,-0.00293293133310313,FALSE,TRUE,-8.15868737673111,-8.0825841454721
"Triops cancriformis","Branchiopoda","Notostraca","Triopsidae","Triops","cancriformis",0.23,0.00023,20,"C","A. M. Makarieva et al., Mean mass-specific metabolic rates are strikingly similar across life's major domains: Evidence for life's metabolic optimum. Proc. Natl. Acad. Sci. U.S.A. 105, 16994-16999 (2008).",-8.37743124904108,-8.28212106923675,39.5871292029482,125,293.15,-4787.35547680534,-1628.02388294841,32.4701150460995,-1.88743442551193,-0.00293293133310313,FALSE,TRUE,-8.00916383530266,-7.93306060404364
"Triops cancriformis","Branchiopoda","Notostraca","Triopsidae","Triops","cancriformis",0.34,0.00034,20,"C","A. M. Makarieva et al., Mean mass-specific metabolic rates are strikingly similar across life's major domains: Evidence for life's metabolic optimum. Proc. Natl. Acad. Sci. U.S.A. 105, 16994-16999 (2008).",-7.98656494035407,-7.80424338356011,39.5871292029482,126,293.15,-4787.35547680534,-1628.02388294841,32.4701150460995,-1.88743442551193,-0.00293293133310313,FALSE,TRUE,-7.70326426567959,-7.62716103442057
"Triops cancriformis","Branchiopoda","Notostraca","Triopsidae","Triops","cancriformis",0.41,0.00041,20,"C","A. M. Makarieva et al., Mean mass-specific metabolic rates are strikingly similar across life's major domains: Evidence for life's metabolic optimum. Proc. Natl. Acad. Sci. U.S.A. 105, 16994-16999 (2008).",-7.79935339826592,-7.58424201864898,39.5871292029482,127,293.15,-4787.35547680534,-1628.02388294841,32.4701150460995,-1.88743442551193,-0.00293293133310313,FALSE,TRUE,-7.55674887440524,-7.48064564314622
"Cherax destructor","Malacostraca","Decapoda","Parastacidae","Cherax","destructor",53,0.053,20,"C","A. M. Makarieva et al., Mean mass-specific metabolic rates are strikingly similar across life's major domains: Evidence for life's metabolic optimum. Proc. Natl. Acad. Sci. U.S.A. 105, 16994-16999 (2008).",-2.93746336543002,-4.14143616975596,39.5871292029482,139,293.15,-4787.35547680534,-1628.02388294841,32.4701150460995,-1.88743442551193,-0.00293293133310313,FALSE,TRUE,-3.75173924439859,-3.90823522301456
"Homarus americanus","Malacostraca","Decapoda","Nephropidae","Homarus","americanus",180,0.18,20,"C","A. M. Makarieva et al., Mean mass-specific metabolic rates are strikingly similar across life's major domains: Evidence for life's metabolic optimum. Proc. Natl. Acad. Sci. U.S.A. 105, 16994-16999 (2008).",-1.71479842809193,-3.12456614539746,39.5871292029482,142,293.15,-4787.35547680534,-1628.02388294841,32.4701150460995,-1.88743442551193,-0.00293293133310313,FALSE,TRUE,-2.79485790207639,-2.95135388069237
"Macrobrachium acanthurus","Malacostraca","Decapoda","Palaemonidae","Macrobrachium","acanthurus",1.7,0.0017,20,"C","A. M. Makarieva et al., Mean mass-specific metabolic rates are strikingly similar across life's major domains: Evidence for life's metabolic optimum. Proc. Natl. Acad. Sci. U.S.A. 105, 16994-16999 (2008).",-6.37712702791997,-6.46050863685902,39.5871292029482,143,293.15,-4787.35547680534,-1628.02388294841,32.4701150460995,-1.88743442551193,-0.00293293133310313,FALSE,TRUE,-6.44368687615613,-6.20477206461755
"Oplophorus spinosus","Malacostraca","Decapoda","Oplophoridae","Oplophorus","spinosus",2.92,0.00292,10,"C","A. M. Makarieva et al., Mean mass-specific metabolic rates are strikingly similar across life's major domains: Evidence for life's metabolic optimum. Proc. Natl. Acad. Sci. U.S.A. 105, 16994-16999 (2008).",-5.83617166270195,-6.29503754753728,40.9852266496354,148,283.15,-4787.35547680534,-1628.02388294841,32.4701150460995,-1.88743442551193,-0.00293293133310313,FALSE,TRUE,-6.60147073880959,-5.92080000443463
"Oplophorus spinosus","Malacostraca","Decapoda","Oplophoridae","Oplophorus","spinosus",2.92,0.00292,5,"C","A. M. Makarieva et al., Mean mass-specific metabolic rates are strikingly similar across life's major domains: Evidence for life's metabolic optimum. Proc. Natl. Acad. Sci. U.S.A. 105, 16994-16999 (2008).",-5.83617166270195,-5.78738149853251,41.7219734885647,149,278.15,-4787.35547680534,-1628.02388294841,32.4701150460995,-1.88743442551193,-0.00293293133310313,FALSE,TRUE,-6.90771370673564,-6.22704297236069
"Oplophorus spinosus","Malacostraca","Decapoda","Oplophoridae","Oplophorus","spinosus",2.92,0.00292,20,"C","A. M. Makarieva et al., Mean mass-specific metabolic rates are strikingly similar across life's major domains: Evidence for life's metabolic optimum. Proc. Natl. Acad. Sci. U.S.A. 105, 16994-16999 (2008).",-5.83617166270195,-4.76458804642176,39.5871292029482,150,293.15,-4787.35547680534,-1628.02388294841,32.4701150460995,-1.88743442551193,-0.00293293133310313,FALSE,TRUE,-6.02032469392723,-5.33965395955228
"Palaemon adspersus","Malacostraca","Decapoda","Palaemonidae","Palaemon","adspersus",0.1,1e-04,20,"C","A. M. Makarieva et al., Mean mass-specific metabolic rates are strikingly similar across life's major domains: Evidence for life's metabolic optimum. Proc. Natl. Acad. Sci. U.S.A. 105, 16994-16999 (2008).",-9.21034037197618,-8.28429734865935,39.5871292029482,151,293.15,-4787.35547680534,-1628.02388294841,32.4701150460995,-1.88743442551193,-0.00293293133310313,FALSE,TRUE,-8.66101470241079,-8.34123535256955
"Palaemon adspersus","Malacostraca","Decapoda","Palaemonidae","Palaemon","adspersus",0.132,0.000132,20,"C","A. M. Makarieva et al., Mean mass-specific metabolic rates are strikingly similar across life's major domains: Evidence for life's metabolic optimum. Proc. Natl. Acad. Sci. U.S.A. 105, 16994-16999 (2008).",-8.9327086353779,-8.05495085322053,39.5871292029482,152,293.15,-4787.35547680534,-1628.02388294841,32.4701150460995,-1.88743442551193,-0.00293293133310313,FALSE,TRUE,-8.44373470960607,-8.12395535976483
"Palaemon adspersus","Malacostraca","Decapoda","Palaemonidae","Palaemon","adspersus",3.2,0.0032,20,"C","A. M. Makarieva et al., Mean mass-specific metabolic rates are strikingly similar across life's major domains: Evidence for life's metabolic optimum. Proc. Natl. Acad. Sci. U.S.A. 105, 16994-16999 (2008).",-5.74460446917646,-5.66450022493479,39.5871292029482,153,293.15,-4787.35547680534,-1628.02388294841,32.4701150460995,-1.88743442551193,-0.00293293133310313,FALSE,TRUE,-5.94866242867564,-5.62888307883439
"Palaemon adspersus","Malacostraca","Decapoda","Palaemonidae","Palaemon","adspersus",3.28,0.00328,20,"C","A. M. Makarieva et al., Mean mass-specific metabolic rates are strikingly similar across life's major domains: Evidence for life's metabolic optimum. Proc. Natl. Acad. Sci. U.S.A. 105, 16994-16999 (2008).",-5.71991185658608,-5.54848274095855,39.5871292029482,154,293.15,-4787.35547680534,-1628.02388294841,32.4701150460995,-1.88743442551193,-0.00293293133310313,FALSE,TRUE,-5.92933751016415,-5.6095581603229
"Acipenser fulvescens","Chondrostei","Acipenseriformes","Acipenseridae","Acipenser","fulvescens",30.5100000251215,0.0305100000251215,17,"C","J. G. Rubalcaba, W. C. E. P. Verberk, A. J. Hendriks. B. Saris, H. A. Woods, Oxygen limitation may affect the temperature and size dependence of metabolism in aquatic ectotherms. Proc. Natl. Acad. Sci. U.S.A. 117, 31963-3196 (2020).",-3.48970077943017,-3.21522266357273,39.9964395169542,207,290.15,-5478.17471535787,6923.87195295277,-9.86509190714357,0.148270090189226,9.64690750252623e-05,FALSE,TRUE,-4.35406866736984,-3.67888887773759
"Acipenser nudiventris","Chondrostei","Acipenseriformes","Acipenseridae","Acipenser","nudiventris",89.0000000727681,0.0890000000727681,19,"C","J. G. Rubalcaba, W. C. E. P. Verberk, A. J. Hendriks. B. Saris, H. A. Woods, Oxygen limitation may affect the temperature and size dependence of metabolism in aquatic ectotherms. Proc. Natl. Acad. Sci. U.S.A. 117, 31963-3196 (2020).",-2.41911890843238,-3.05639577339006,39.7226319556538,208,292.15,-5478.17471535787,6923.87195295277,-9.86509190714357,0.148270090189226,9.64690750252623e-05,FALSE,TRUE,-3.40239711897515,-2.70735236815938
"Acipenser ruthenus","Chondrostei","Acipenseriformes","Acipenseridae","Acipenser","ruthenus",287.000000175789,0.287000000175789,10,"C","J. G. Rubalcaba, W. C. E. P. Verberk, A. J. Hendriks. B. Saris, H. A. Woods, Oxygen limitation may affect the temperature and size dependence of metabolism in aquatic ectotherms. Proc. Natl. Acad. Sci. U.S.A. 117, 31963-3196 (2020).",-1.24827306261001,-2.54970957067611,40.9852266496354,211,283.15,-5478.17471535787,6923.87195295277,-9.86509190714357,0.148270090189226,9.64690750252623e-05,FALSE,TRUE,-3.01089212906236,-2.3969443776996
"Acipenser ruthenus","Chondrostei","Acipenseriformes","Acipenseridae","Acipenser","ruthenus",258.000000021844,0.258000000021844,20,"C","J. G. Rubalcaba, W. C. E. P. Verberk, A. J. Hendriks. B. Saris, H. A. Woods, Oxygen limitation may affect the temperature and size dependence of metabolism in aquatic ectotherms. Proc. Natl. Acad. Sci. U.S.A. 117, 31963-3196 (2020).",-1.35479569397585,-3.34937938236464,39.5871292029482,210,293.15,-5478.17471535787,6923.87195295277,-9.86509190714357,0.148270090189226,9.64690750252623e-05,FALSE,TRUE,-2.51311276574278,-1.89916501438002
"Acipenser ruthenus","Chondrostei","Acipenseriformes","Acipenseridae","Acipenser","ruthenus",204.999999973682,0.204999999973683,20.7,"C","J. G. Rubalcaba, W. C. E. P. Verberk, A. J. Hendriks. B. Saris, H. A. Woods, Oxygen limitation may affect the temperature and size dependence of metabolism in aquatic ectotherms. Proc. Natl. Acad. Sci. U.S.A. 117, 31963-3196 (2020).",-1.58474529997211,-2.11079652894964,39.4928260195483,209,293.85,-5478.17471535787,6923.87195295277,-9.86509190714357,0.148270090189226,9.64690750252623e-05,FALSE,TRUE,-2.6538768677954,-2.03992911643266
"Acipenser ruthenus","Chondrostei","Acipenseriformes","Acipenseridae","Acipenser","ruthenus",304.000000273867,0.304000000273867,6.5,"C","J. G. Rubalcaba, W. C. E. P. Verberk, A. J. Hendriks. B. Saris, H. A. Woods, Oxygen limitation may affect the temperature and size dependence of metabolism in aquatic ectotherms. Proc. Natl. Acad. Sci. U.S.A. 117, 31963-3196 (2020).",-1.19072757667504,-2.3339400801492,41.4981831784168,212,279.65,-5478.17471535787,6923.87195295277,-9.86509190714357,0.148270090189226,9.64690750252623e-05,FALSE,TRUE,-3.17907614248728,-2.56512839112454
"Acipenser stellatus","Chondrostei","Acipenseriformes","Acipenseridae","Acipenser","stellatus",0.2299999999906,0.0002299999999906,25,"C","J. G. Rubalcaba, W. C. E. P. Verberk, A. J. Hendriks. B. Saris, H. A. Woods, Oxygen limitation may affect the temperature and size dependence of metabolism in aquatic ectotherms. Proc. Natl. Acad. Sci. U.S.A. 117, 31963-3196 (2020).",-8.37743124908195,-7.18566230546925,38.9232497932056,220,298.15,-5478.17471535787,6923.87195295277,-9.86509190714357,0.148270090189226,9.64690750252623e-05,FALSE,TRUE,-7.73320961328461,-6.93514853753688
"Acipenser stellatus","Chondrostei","Acipenseriformes","Acipenseridae","Acipenser","stellatus",0.4300000004162,0.0004300000004162,20,"C","J. G. Rubalcaba, W. C. E. P. Verberk, A. J. Hendriks. B. Saris, H. A. Woods, Oxygen limitation may affect the temperature and size dependence of metabolism in aquatic ectotherms. Proc. Natl. Acad. Sci. U.S.A. 117, 31963-3196 (2020).",-7.75172534830876,-6.8355123723634,39.5871292029482,221,293.15,-5478.17471535787,6923.87195295277,-9.86509190714357,0.148270090189226,9.64690750252623e-05,FALSE,TRUE,-7.51947423686274,-6.72141316111501
"Acipenser stellatus","Chondrostei","Acipenseriformes","Acipenseridae","Acipenser","stellatus",6500.00000534532,6.50000000534532,20,"C","J. G. Rubalcaba, W. C. E. P. Verberk, A. J. Hendriks. B. Saris, H. A. Woods, Oxygen limitation may affect the temperature and size dependence of metabolism in aquatic ectotherms. Proc. Natl. Acad. Sci. U.S.A. 117, 31963-3196 (2020).",1.87180217772395,0.555976931511077,39.5871292029482,232,293.15,-5478.17471535787,6923.87195295277,-9.86509190714357,0.148270090189226,9.64690750252623e-05,FALSE,TRUE,0.0120854372316899,0.810146512979408
"Acipenser stellatus","Chondrostei","Acipenseriformes","Acipenseridae","Acipenser","stellatus",0.0899999999089575,8.99999999089575e-05,22.1,"C","J. G. Rubalcaba, W. C. E. P. Verberk, A. J. Hendriks. B. Saris, H. A. Woods, Oxygen limitation may affect the temperature and size dependence of metabolism in aquatic ectotherms. Proc. Natl. Acad. Sci. U.S.A. 117, 31963-3196 (2020).",-9.31570088864559,-7.92347593739797,39.3055611374912,217,295.25,-5478.17471535787,6923.87195295277,-9.86509190714357,0.148270090189226,9.64690750252623e-05,FALSE,TRUE,-8.62643271837654,-7.82837164262883
"Acipenser stellatus","Chondrostei","Acipenseriformes","Acipenseridae","Acipenser","stellatus",0.2299999999906,0.0002299999999906,18,"C","J. G. Rubalcaba, W. C. E. P. Verberk, A. J. Hendriks. B. Saris, H. A. Woods, Oxygen limitation may affect the temperature and size dependence of metabolism in aquatic ectotherms. Proc. Natl. Acad. Sci. U.S.A. 117, 31963-3196 (2020).",-8.37743124908195,-7.66969541053832,39.8590655189568,219,291.15,-5478.17471535787,6923.87195295277,-9.86509190714357,0.148270090189226,9.64690750252623e-05,FALSE,TRUE,-8.12219938581271,-7.324138310065
"Acipenser stellatus","Chondrostei","Acipenseriformes","Acipenseridae","Acipenser","stellatus",0.8000000000148,0.0008000000000148,21,"C","J. G. Rubalcaba, W. C. E. P. Verberk, A. J. Hendriks. B. Saris, H. A. Woods, Oxygen limitation may affect the temperature and size dependence of metabolism in aquatic ectotherms. Proc. Natl. Acad. Sci. U.S.A. 117, 31963-3196 (2020).",-7.13089883027785,-6.39669641908453,39.4525477676161,223,294.15,-5478.17471535787,6923.87195295277,-9.86509190714357,0.148270090189226,9.64690750252623e-05,FALSE,TRUE,-6.97766198081766,-6.17960090506995
"Acipenser stellatus","Chondrostei","Acipenseriformes","Acipenseridae","Acipenser","stellatus",1.750000001264,0.001750000001264,17,"C","J. G. Rubalcaba, W. C. E. P. Verberk, A. J. Hendriks. B. Saris, H. A. Woods, Oxygen limitation may affect the temperature and size dependence of metabolism in aquatic ectotherms. Proc. Natl. Acad. Sci. U.S.A. 117, 31963-3196 (2020).",-6.34813949032443,-6.12975024577842,39.9964395169542,224,290.15,-5478.17471535787,6923.87195295277,-9.86509190714357,0.148270090189226,9.64690750252623e-05,FALSE,TRUE,-6.59113835596425,-5.79307728021652
"Acipenser stellatus","Chondrostei","Acipenseriformes","Acipenseridae","Acipenser","stellatus",10399.9999928451,10.3999999928451,22.5,"C","J. G. Rubalcaba, W. C. E. P. Verberk, A. J. Hendriks. B. Saris, H. A. Woods, Oxygen limitation may affect the temperature and size dependence of metabolism in aquatic ectotherms. Proc. Natl. Acad. Sci. U.S.A. 117, 31963-3196 (2020).",2.34180580545936,1.44583440649914,39.2523826343456,234,295.65,-5478.17471535787,6923.87195295277,-9.86509190714357,0.148270090189226,9.64690750252623e-05,FALSE,TRUE,0.519063248589443,1.31712432433715
"Acipenser stellatus","Chondrostei","Acipenseriformes","Acipenseridae","Acipenser","stellatus",7520.0000070709,7.5200000070709,22.4,"C","J. G. Rubalcaba, W. C. E. P. Verberk, A. J. Hendriks. B. Saris, H. A. Woods, Oxygen limitation may affect the temperature and size dependence of metabolism in aquatic ectotherms. Proc. Natl. Acad. Sci. U.S.A. 117, 31963-3196 (2020).",2.01756613890203,1.47158069410871,39.2656637653333,233,295.55,-5478.17471535787,6923.87195295277,-9.86509190714357,0.148270090189226,9.64690750252623e-05,FALSE,TRUE,0.259786426907773,1.05784750265549
"Acipenser stellatus","Chondrostei","Acipenseriformes","Acipenseridae","Acipenser","stellatus",0.0599999999469976,5.99999999469977e-05,21.7,"C","J. G. Rubalcaba, W. C. E. P. Verberk, A. J. Hendriks. B. Saris, H. A. Woods, Oxygen limitation may affect the temperature and size dependence of metabolism in aquatic ectotherms. Proc. Natl. Acad. Sci. U.S.A. 117, 31963-3196 (2020).",-9.72116599662555,-8.31741352917008,39.3588839268925,216,294.85,-5478.17471535787,6923.87195295277,-9.86509190714357,0.148270090189226,9.64690750252623e-05,FALSE,TRUE,-8.96592223317672,-8.16786115742902
"Acipenser stellatus","Chondrostei","Acipenseriformes","Acipenseridae","Acipenser","stellatus",0.1600000001267,0.0001600000001267,20.5,"C","J. G. Rubalcaba, W. C. E. P. Verberk, A. J. Hendriks. B. Saris, H. A. Woods, Oxygen limitation may affect the temperature and size dependence of metabolism in aquatic ectotherms. Proc. Natl. Acad. Sci. U.S.A. 117, 31963-3196 (2020).",-8.74033674193857,-7.34329250455562,39.5197239088856,218,293.65,-5478.17471535787,6923.87195295277,-9.86509190714357,0.148270090189226,9.64690750252623e-05,FALSE,TRUE,-8.26516242252575,-7.46710134677803
"Acipenser stellatus","Chondrostei","Acipenseriformes","Acipenseridae","Acipenser","stellatus",3.6200000038912,0.0036200000038912,20,"C","J. G. Rubalcaba, W. C. E. P. Verberk, A. J. Hendriks. B. Saris, H. A. Woods, Oxygen limitation may affect the temperature and size dependence of metabolism in aquatic ectotherms. Proc. Natl. Acad. Sci. U.S.A. 117, 31963-3196 (2020).",-5.62128125206954,-4.89645098163902,39.5871292029482,225,293.15,-5478.17471535787,6923.87195295277,-9.86509190714357,0.148270090189226,9.64690750252623e-05,FALSE,TRUE,-5.85214728219432,-5.0540862064466
"Acipenser stellatus","Chondrostei","Acipenseriformes","Acipenseridae","Acipenser","stellatus",3.7399999982735,0.0037399999982735,23,"C","J. G. Rubalcaba, W. C. E. P. Verberk, A. J. Hendriks. B. Saris, H. A. Woods, Oxygen limitation may affect the temperature and size dependence of metabolism in aquatic ectotherms. Proc. Natl. Acad. Sci. U.S.A. 117, 31963-3196 (2020).",-5.58866966801733,-4.12648612324552,39.1861115172861,226,296.15,-5478.17471535787,6923.87195295277,-9.86509190714357,0.148270090189226,9.64690750252623e-05,FALSE,TRUE,-5.6599341227883,-4.86187304704057
"Acipenser stellatus","Chondrostei","Acipenseriformes","Acipenseridae","Acipenser","stellatus",0.6500000005345,0.0006500000005345,17,"C","J. G. Rubalcaba, W. C. E. P. Verberk, A. J. Hendriks. B. Saris, H. A. Woods, Oxygen limitation may affect the temperature and size dependence of metabolism in aquatic ectotherms. Proc. Natl. Acad. Sci. U.S.A. 117, 31963-3196 (2020).",-7.33853819425228,-6.58219465970517,39.9964395169542,222,290.15,-5478.17471535787,6923.87195295277,-9.86509190714357,0.148270090189226,9.64690750252623e-05,FALSE,TRUE,-7.36624362995035,-6.56818255420264
"Acipenser stellatus","Chondrostei","Acipenseriformes","Acipenseridae","Acipenser","stellatus",0.0499999999613144,4.99999999613144e-05,21.1,"C","J. G. Rubalcaba, W. C. E. P. Verberk, A. J. Hendriks. B. Saris, H. A. Woods, Oxygen limitation may affect the temperature and size dependence of metabolism in aquatic ectotherms. Proc. Natl. Acad. Sci. U.S.A. 117, 31963-3196 (2020).",-9.90348755330984,-8.50933208768393,39.4391399348998,215,294.25,-5478.17471535787,6923.87195295277,-9.86509190714357,0.148270090189226,9.64690750252623e-05,FALSE,TRUE,-9.14197057734898,-8.34390950160125
"Acipenser stellatus","Chondrostei","Acipenseriformes","Acipenseridae","Acipenser","stellatus",0.0200000000154742,2.00000000154742e-05,20,"C","J. G. Rubalcaba, W. C. E. P. Verberk, A. J. Hendriks. B. Saris, H. A. Woods, Oxygen limitation may affect the temperature and size dependence of metabolism in aquatic ectotherms. Proc. Natl. Acad. Sci. U.S.A. 117, 31963-3196 (2020).",-10.8197782836366,-9.21041815277881,39.5871292029482,213,293.15,-5478.17471535787,6923.87195295277,-9.86509190714357,0.148270090189226,9.64690750252623e-05,FALSE,TRUE,-9.92059209132873,-9.12253101558102
"Acipenser stellatus","Chondrostei","Acipenseriformes","Acipenseridae","Acipenser","stellatus",0.030000000019365,3.0000000019365e-05,21,"C","J. G. Rubalcaba, W. C. E. P. Verberk, A. J. Hendriks. B. Saris, H. A. Woods, Oxygen limitation may affect the temperature and size dependence of metabolism in aquatic ectotherms. Proc. Natl. Acad. Sci. U.S.A. 117, 31963-3196 (2020).",-10.4143131756566,-9.05648964189192,39.4525477676161,214,294.15,-5478.17471535787,6923.87195295277,-9.86509190714357,0.148270090189226,9.64690750252623e-05,FALSE,TRUE,-9.54732586031534,-8.74926478456765
"Acipenser stellatus","Chondrostei","Acipenseriformes","Acipenseridae","Acipenser","stellatus",6.1199999979487,0.0061199999979487,18,"C","J. G. Rubalcaba, W. C. E. P. Verberk, A. J. Hendriks. B. Saris, H. A. Woods, Oxygen limitation may affect the temperature and size dependence of metabolism in aquatic ectotherms. Proc. Natl. Acad. Sci. U.S.A. 117, 31963-3196 (2020).",-5.09619318279308,-4.53244275237108,39.8590655189568,227,291.15,-5478.17471535787,6923.87195295277,-9.86509190714357,0.148270090189226,9.64690750252623e-05,FALSE,TRUE,-5.55423870462654,-4.75617762887884
"Acipenser stellatus","Chondrostei","Acipenseriformes","Acipenseridae","Acipenser","stellatus",3699.99999942924,3.69999999942924,24.4,"C","J. G. Rubalcaba, W. C. E. P. Verberk, A. J. Hendriks. B. Saris, H. A. Woods, Oxygen limitation may affect the temperature and size dependence of metabolism in aquatic ectotherms. Proc. Natl. Acad. Sci. U.S.A. 117, 31963-3196 (2020).",1.30833281949592,1.25965928036899,39.0017372738843,230,297.55,-5478.17471535787,6923.87195295277,-9.86509190714357,0.148270090189226,9.64690750252623e-05,FALSE,TRUE,-0.185567239608176,0.612493836139521
"Acipenser stellatus","Chondrostei","Acipenseriformes","Acipenseridae","Acipenser","stellatus",6.1199999979487,0.0061199999979487,25,"C","J. G. Rubalcaba, W. C. E. P. Verberk, A. J. Hendriks. B. Saris, H. A. Woods, Oxygen limitation may affect the temperature and size dependence of metabolism in aquatic ectotherms. Proc. Natl. Acad. Sci. U.S.A. 117, 31963-3196 (2020).",-5.09619318279308,-4.05719845470389,38.9232497932056,228,298.15,-5478.17471535787,6923.87195295277,-9.86509190714357,0.148270090189226,9.64690750252623e-05,FALSE,TRUE,-5.16524893209844,-4.36718785635074
"Acipenser stellatus","Chondrostei","Acipenseriformes","Acipenseridae","Acipenser","stellatus",6050.00000484134,6.05000000484134,21.8,"C","J. G. Rubalcaba, W. C. E. P. Verberk, A. J. Hendriks. B. Saris, H. A. Woods, Oxygen limitation may affect the temperature and size dependence of metabolism in aquatic ectotherms. Proc. Natl. Acad. Sci. U.S.A. 117, 31963-3196 (2020).",1.80005827284297,1.39179007876672,39.3455396706027,231,294.95,-5478.17471535787,6923.87195295277,-9.86509190714357,0.148270090189226,9.64690750252623e-05,FALSE,TRUE,0.056358590177048,0.854419665924749
"Acipenser stellatus","Chondrostei","Acipenseriformes","Acipenseridae","Acipenser","stellatus",10.4200000008756,0.0104200000008756,22,"C","J. G. Rubalcaba, W. C. E. P. Verberk, A. J. Hendriks. B. Saris, H. A. Woods, Oxygen limitation may affect the temperature and size dependence of metabolism in aquatic ectotherms. Proc. Natl. Acad. Sci. U.S.A. 117, 31963-3196 (2020).",-4.56402824257289,-3.55576218961752,39.3188782850898,229,295.15,-5478.17471535787,6923.87195295277,-9.86509190714357,0.148270090189226,9.64690750252623e-05,FALSE,TRUE,-4.91321688538048,-4.11515580963287
"Anguilla australis","Teleostei","Anguilliformes","Anguillidae","Anguilla","australis",646.499999677844,0.646499999677844,17.5,"C","J. G. Rubalcaba, W. C. E. P. Verberk, A. J. Hendriks. B. Saris, H. A. Woods, Oxygen limitation may affect the temperature and size dependence of metabolism in aquatic ectotherms. Proc. Natl. Acad. Sci. U.S.A. 117, 31963-3196 (2020).",-0.436182081268533,-2.5849164490579,39.9276343569388,287,290.65,-5478.18439334769,6923.99176021787,-9.86568499971395,0.148298609282861,9.65115158503995e-05,FALSE,TRUE,-1.93572540367536,-2.09558956468828
"Anguilla australis","Teleostei","Anguilliformes","Anguillidae","Anguilla","australis",699.999999977021,0.699999999977021,20,"C","J. G. Rubalcaba, W. C. E. P. Verberk, A. J. Hendriks. B. Saris, H. A. Woods, Oxygen limitation may affect the temperature and size dependence of metabolism in aquatic ectotherms. Proc. Natl. Acad. Sci. U.S.A. 117, 31963-3196 (2020).",-0.35667494397156,-2.81526428540936,39.5871292029482,289,293.15,-5478.18439334769,6923.99176021787,-9.86568499971395,0.148298609282861,9.65115158503995e-05,FALSE,TRUE,-1.73196406842012,-1.89182822943299
"Anguilla australis","Teleostei","Anguilliformes","Anguillidae","Anguilla","australis",699.999999977021,0.699999999977021,20,"C","J. G. Rubalcaba, W. C. E. P. Verberk, A. J. Hendriks. B. Saris, H. A. Woods, Oxygen limitation may affect the temperature and size dependence of metabolism in aquatic ectotherms. Proc. Natl. Acad. Sci. U.S.A. 117, 31963-3196 (2020).",-0.35667494397156,-2.81556424040992,39.5871292029482,288,293.15,-5478.18439334769,6923.99176021787,-9.86568499971395,0.148298609282861,9.65115158503995e-05,FALSE,TRUE,-1.73196406842012,-1.89182822943307
"Anguilla japonica","Teleostei","Anguilliformes","Anguillidae","Anguilla","japonica",325.000000015809,0.325000000015809,13,"C","J. G. Rubalcaba, W. C. E. P. Verberk, A. J. Hendriks. B. Saris, H. A. Woods, Oxygen limitation may affect the temperature and size dependence of metabolism in aquatic ectotherms. Proc. Natl. Acad. Sci. U.S.A. 117, 31963-3196 (2020).",-1.12393009660376,-3.62903945375792,40.5555370464591,292,286.15,-5478.17471535787,6923.87195295277,-9.86509190714357,0.148270090189226,9.64690750252623e-05,FALSE,TRUE,-2.73497017438124,-3.01786914875585
"Anguilla japonica","Teleostei","Anguilliformes","Anguillidae","Anguilla","japonica",325.000000015809,0.325000000015809,14.5,"C","J. G. Rubalcaba, W. C. E. P. Verberk, A. J. Hendriks. B. Saris, H. A. Woods, Oxygen limitation may affect the temperature and size dependence of metabolism in aquatic ectotherms. Proc. Natl. Acad. Sci. U.S.A. 117, 31963-3196 (2020).",-1.12393009660376,-3.67782961792735,40.3440532794864,291,287.65,-5478.17471535787,6923.87195295277,-9.86509190714357,0.148270090189226,9.64690750252623e-05,FALSE,TRUE,-2.64706288649926,-2.92996186087386
"Anguilla japonica","Teleostei","Anguilliformes","Anguillidae","Anguilla","japonica",325.000000015809,0.325000000015809,19,"C","J. G. Rubalcaba, W. C. E. P. Verberk, A. J. Hendriks. B. Saris, H. A. Woods, Oxygen limitation may affect the temperature and size dependence of metabolism in aquatic ectotherms. Proc. Natl. Acad. Sci. U.S.A. 117, 31963-3196 (2020).",-1.12393009660376,-2.72231817289992,39.7226319556538,304,292.15,-5478.17471535787,6923.87195295277,-9.86509190714357,0.148270090189226,9.64690750252623e-05,FALSE,TRUE,-2.38875718298297,-2.67165615735761
"Anguilla japonica","Teleostei","Anguilliformes","Anguillidae","Anguilla","japonica",100,0.1,25,"C","J. G. Rubalcaba, W. C. E. P. Verberk, A. J. Hendriks. B. Saris, H. A. Woods, Oxygen limitation may affect the temperature and size dependence of metabolism in aquatic ectotherms. Proc. Natl. Acad. Sci. U.S.A. 117, 31963-3196 (2020).",-2.30258509299405,-3.36388047302468,38.9232497932056,290,298.15,-5478.17471535787,6923.87195295277,-9.86509190714357,0.148270090189226,9.64690750252623e-05,FALSE,TRUE,-2.97891694754929,-3.26181592192387
"Anguilla japonica","Teleostei","Anguilliformes","Anguillidae","Anguilla","japonica",325.000000015809,0.325000000015809,20,"C","J. G. Rubalcaba, W. C. E. P. Verberk, A. J. Hendriks. B. Saris, H. A. Woods, Oxygen limitation may affect the temperature and size dependence of metabolism in aquatic ectotherms. Proc. Natl. Acad. Sci. U.S.A. 117, 31963-3196 (2020).",-1.12393009660376,-2.88937225756308,39.5871292029482,302,293.15,-5478.17471535787,6923.87195295277,-9.86509190714357,0.148270090189226,9.64690750252623e-05,FALSE,TRUE,-2.33243286239135,-2.61533183676596
"Anguilla japonica","Teleostei","Anguilliformes","Anguillidae","Anguilla","japonica",325.000000015809,0.325000000015809,17,"C","J. G. Rubalcaba, W. C. E. P. Verberk, A. J. Hendriks. B. Saris, H. A. Woods, Oxygen limitation may affect the temperature and size dependence of metabolism in aquatic ectotherms. Proc. Natl. Acad. Sci. U.S.A. 117, 31963-3196 (2020).",-1.12393009660376,-2.93589227319797,39.9964395169542,301,290.15,-5478.17471535787,6923.87195295277,-9.86509190714357,0.148270090189226,9.64690750252623e-05,FALSE,TRUE,-2.50257055249141,-2.78546952686604
"Anguilla japonica","Teleostei","Anguilliformes","Anguillidae","Anguilla","japonica",325.000000015809,0.325000000015809,20,"C","J. G. Rubalcaba, W. C. E. P. Verberk, A. J. Hendriks. B. Saris, H. A. Woods, Oxygen limitation may affect the temperature and size dependence of metabolism in aquatic ectotherms. Proc. Natl. Acad. Sci. U.S.A. 117, 31963-3196 (2020).",-1.12393009660376,-2.86689940171102,39.5871292029482,303,293.15,-5478.17471535787,6923.87195295277,-9.86509190714357,0.148270090189226,9.64690750252623e-05,FALSE,TRUE,-2.33243286239135,-2.61533183676594
"Anguilla japonica","Teleostei","Anguilliformes","Anguillidae","Anguilla","japonica",325.000000015809,0.325000000015809,24,"C","J. G. Rubalcaba, W. C. E. P. Verberk, A. J. Hendriks. B. Saris, H. A. Woods, Oxygen limitation may affect the temperature and size dependence of metabolism in aquatic ectotherms. Proc. Natl. Acad. Sci. U.S.A. 117, 31963-3196 (2020).",-1.12393009660376,-2.25472128368475,39.0542383504771,308,297.15,-5478.17471535787,6923.87195295277,-9.86509190714357,0.148270090189226,9.64690750252623e-05,FALSE,TRUE,-2.1109265489356,-2.3938255233102
"Anguilla japonica","Teleostei","Anguilliformes","Anguillidae","Anguilla","japonica",325.000000015809,0.325000000015809,18,"C","J. G. Rubalcaba, W. C. E. P. Verberk, A. J. Hendriks. B. Saris, H. A. Woods, Oxygen limitation may affect the temperature and size dependence of metabolism in aquatic ectotherms. Proc. Natl. Acad. Sci. U.S.A. 117, 31963-3196 (2020).",-1.12393009660376,-2.95998982477704,39.8590655189568,300,291.15,-5478.17471535787,6923.87195295277,-9.86509190714357,0.148270090189226,9.64690750252623e-05,FALSE,TRUE,-2.44546841286941,-2.72836738724403
"Anguilla japonica","Teleostei","Anguilliformes","Anguillidae","Anguilla","japonica",325.000000015809,0.325000000015809,20,"C","J. G. Rubalcaba, W. C. E. P. Verberk, A. J. Hendriks. B. Saris, H. A. Woods, Oxygen limitation may affect the temperature and size dependence of metabolism in aquatic ectotherms. Proc. Natl. Acad. Sci. U.S.A. 117, 31963-3196 (2020).",-1.12393009660376,-2.57921732925924,39.5871292029482,306,293.15,-5478.17471535787,6923.87195295277,-9.86509190714357,0.148270090189226,9.64690750252623e-05,FALSE,TRUE,-2.33243286239135,-2.61533183676592
"Anguilla japonica","Teleostei","Anguilliformes","Anguillidae","Anguilla","japonica",325.000000015809,0.325000000015809,25,"C","J. G. Rubalcaba, W. C. E. P. Verberk, A. J. Hendriks. B. Saris, H. A. Woods, Oxygen limitation may affect the temperature and size dependence of metabolism in aquatic ectotherms. Proc. Natl. Acad. Sci. U.S.A. 117, 31963-3196 (2020).",-1.12393009660376,-2.36949679827717,38.9232497932056,307,298.15,-5478.17471535787,6923.87195295277,-9.86509190714357,0.148270090189226,9.64690750252623e-05,FALSE,TRUE,-2.05647864034131,-2.33937761471593
"Anguilla japonica","Teleostei","Anguilliformes","Anguillidae","Anguilla","japonica",325.000000015809,0.325000000015809,30,"C","J. G. Rubalcaba, W. C. E. P. Verberk, A. J. Hendriks. B. Saris, H. A. Woods, Oxygen limitation may affect the temperature and size dependence of metabolism in aquatic ectotherms. Proc. Natl. Acad. Sci. U.S.A. 117, 31963-3196 (2020).",-1.12393009660376,-1.83727998452987,38.2812697537333,312,303.15,-5478.17471535787,6923.87195295277,-9.86509190714357,0.148270090189226,9.64690750252623e-05,FALSE,TRUE,-1.78962731197591,-2.07252628635053
"Anguilla japonica","Teleostei","Anguilliformes","Anguillidae","Anguilla","japonica",325.000000015809,0.325000000015809,29,"C","J. G. Rubalcaba, W. C. E. P. Verberk, A. J. Hendriks. B. Saris, H. A. Woods, Oxygen limitation may affect the temperature and size dependence of metabolism in aquatic ectotherms. Proc. Natl. Acad. Sci. U.S.A. 117, 31963-3196 (2020).",-1.12393009660376,-1.75358096565322,38.4079659965059,313,302.15,-5478.17471535787,6923.87195295277,-9.86509190714357,0.148270090189226,9.64690750252623e-05,FALSE,TRUE,-1.84229103764339,-2.125190012018
"Anguilla japonica","Teleostei","Anguilliformes","Anguillidae","Anguilla","japonica",325.000000015809,0.325000000015809,14.5,"C","J. G. Rubalcaba, W. C. E. P. Verberk, A. J. Hendriks. B. Saris, H. A. Woods, Oxygen limitation may affect the temperature and size dependence of metabolism in aquatic ectotherms. Proc. Natl. Acad. Sci. U.S.A. 117, 31963-3196 (2020).",-1.12393009660376,-3.30626606149487,40.3440532794864,295,287.65,-5478.17471535787,6923.87195295277,-9.86509190714357,0.148270090189226,9.64690750252623e-05,FALSE,TRUE,-2.64706288649926,-2.9299618608739
"Anguilla japonica","Teleostei","Anguilliformes","Anguillidae","Anguilla","japonica",325.000000015809,0.325000000015809,20,"C","J. G. Rubalcaba, W. C. E. P. Verberk, A. J. Hendriks. B. Saris, H. A. Woods, Oxygen limitation may affect the temperature and size dependence of metabolism in aquatic ectotherms. Proc. Natl. Acad. Sci. U.S.A. 117, 31963-3196 (2020).",-1.12393009660376,-2.61311888093492,39.5871292029482,305,293.15,-5478.17471535787,6923.87195295277,-9.86509190714357,0.148270090189226,9.64690750252623e-05,FALSE,TRUE,-2.33243286239135,-2.61533183676595
"Anguilla japonica","Teleostei","Anguilliformes","Anguillidae","Anguilla","japonica",325.000000015809,0.325000000015809,14.5,"C","J. G. Rubalcaba, W. C. E. P. Verberk, A. J. Hendriks. B. Saris, H. A. Woods, Oxygen limitation may affect the temperature and size dependence of metabolism in aquatic ectotherms. Proc. Natl. Acad. Sci. U.S.A. 117, 31963-3196 (2020).",-1.12393009660376,-3.58251943812303,40.3440532794864,293,287.65,-5478.17471535787,6923.87195295277,-9.86509190714357,0.148270090189226,9.64690750252623e-05,FALSE,TRUE,-2.64706288649926,-2.92996186087385
"Anguilla japonica","Teleostei","Anguilliformes","Anguillidae","Anguilla","japonica",325.000000015809,0.325000000015809,15,"C","J. G. Rubalcaba, W. C. E. P. Verberk, A. J. Hendriks. B. Saris, H. A. Woods, Oxygen limitation may affect the temperature and size dependence of metabolism in aquatic ectotherms. Proc. Natl. Acad. Sci. U.S.A. 117, 31963-3196 (2020).",-1.12393009660376,-3.41546535345986,40.2740479814134,294,288.15,-5478.17471535787,6923.87195295277,-9.86509190714357,0.148270090189226,9.64690750252623e-05,FALSE,TRUE,-2.61796384036886,-2.90086281474347
"Anguilla japonica","Teleostei","Anguilliformes","Anguillidae","Anguilla","japonica",325.000000015809,0.325000000015809,18,"C","J. G. Rubalcaba, W. C. E. P. Verberk, A. J. Hendriks. B. Saris, H. A. Woods, Oxygen limitation may affect the temperature and size dependence of metabolism in aquatic ectotherms. Proc. Natl. Acad. Sci. U.S.A. 117, 31963-3196 (2020).",-1.12393009660376,-3.06264397883712,39.8590655189568,299,291.15,-5478.17471535787,6923.87195295277,-9.86509190714357,0.148270090189226,9.64690750252623e-05,FALSE,TRUE,-2.44546841286941,-2.72836738724403
"Anguilla japonica","Teleostei","Anguilliformes","Anguillidae","Anguilla","japonica",325.000000015809,0.325000000015809,15,"C","J. G. Rubalcaba, W. C. E. P. Verberk, A. J. Hendriks. B. Saris, H. A. Woods, Oxygen limitation may affect the temperature and size dependence of metabolism in aquatic ectotherms. Proc. Natl. Acad. Sci. U.S.A. 117, 31963-3196 (2020).",-1.12393009660376,-3.2395746869962,40.2740479814134,296,288.15,-5478.17471535787,6923.87195295277,-9.86509190714357,0.148270090189226,9.64690750252623e-05,FALSE,TRUE,-2.61796384036886,-2.90086281474349
"Anguilla japonica","Teleostei","Anguilliformes","Anguillidae","Anguilla","japonica",325.000000015809,0.325000000015809,19,"C","J. G. Rubalcaba, W. C. E. P. Verberk, A. J. Hendriks. B. Saris, H. A. Woods, Oxygen limitation may affect the temperature and size dependence of metabolism in aquatic ectotherms. Proc. Natl. Acad. Sci. U.S.A. 117, 31963-3196 (2020).",-1.12393009660376,-3.17705433001486,39.7226319556538,297,292.15,-5478.17471535787,6923.87195295277,-9.86509190714357,0.148270090189226,9.64690750252623e-05,FALSE,TRUE,-2.38875718298297,-2.67165615735756
"Anguilla japonica","Teleostei","Anguilliformes","Anguillidae","Anguilla","japonica",325.000000015809,0.325000000015809,16,"C","J. G. Rubalcaba, W. C. E. P. Verberk, A. J. Hendriks. B. Saris, H. A. Woods, Oxygen limitation may affect the temperature and size dependence of metabolism in aquatic ectotherms. Proc. Natl. Acad. Sci. U.S.A. 117, 31963-3196 (2020).",-1.12393009660376,-3.09004295302523,40.1347637068797,298,289.15,-5478.17471535787,6923.87195295277,-9.86509190714357,0.148270090189226,9.64690750252623e-05,FALSE,TRUE,-2.56006765763042,-2.84296663200503
"Anguilla japonica","Teleostei","Anguilliformes","Anguillidae","Anguilla","japonica",325.000000015809,0.325000000015809,27.5,"C","J. G. Rubalcaba, W. C. E. P. Verberk, A. J. Hendriks. B. Saris, H. A. Woods, Oxygen limitation may affect the temperature and size dependence of metabolism in aquatic ectotherms. Proc. Natl. Acad. Sci. U.S.A. 117, 31963-3196 (2020).",-1.12393009660376,-1.91138795668359,38.5995906397614,311,300.65,-5478.17471535787,6923.87195295277,-9.86509190714357,0.148270090189226,9.64690750252623e-05,FALSE,TRUE,-1.92194349948987,-2.20484247386448
"Anguilla japonica","Teleostei","Anguilliformes","Anguillidae","Anguilla","japonica",325.000000015809,0.325000000015809,26,"C","J. G. Rubalcaba, W. C. E. P. Verberk, A. J. Hendriks. B. Saris, H. A. Woods, Oxygen limitation may affect the temperature and size dependence of metabolism in aquatic ectotherms. Proc. Natl. Acad. Sci. U.S.A. 117, 31963-3196 (2020).",-1.12393009660376,-1.92862976311809,38.7931369742412,310,299.15,-5478.17471535787,6923.87195295277,-9.86509190714357,0.148270090189226,9.64690750252623e-05,FALSE,TRUE,-2.00239474918706,-2.28529372356166
"Anguilla japonica","Teleostei","Anguilliformes","Anguillidae","Anguilla","japonica",325.000000015809,0.325000000015809,29,"C","J. G. Rubalcaba, W. C. E. P. Verberk, A. J. Hendriks. B. Saris, H. A. Woods, Oxygen limitation may affect the temperature and size dependence of metabolism in aquatic ectotherms. Proc. Natl. Acad. Sci. U.S.A. 117, 31963-3196 (2020).",-1.12393009660376,-1.99143066435712,38.4079659965059,309,302.15,-5478.17471535787,6923.87195295277,-9.86509190714357,0.148270090189226,9.64690750252623e-05,FALSE,TRUE,-1.84229103764339,-2.125190012018
"Anguilla rostrata","Teleostei","Anguilliformes","Anguillidae","Anguilla","rostrata",4.8199999973491,0.0048199999973491,15,"C","J. G. Rubalcaba, W. C. E. P. Verberk, A. J. Hendriks. B. Saris, H. A. Woods, Oxygen limitation may affect the temperature and size dependence of metabolism in aquatic ectotherms. Proc. Natl. Acad. Sci. U.S.A. 117, 31963-3196 (2020).",-5.33498135146961,-6.50288646714179,40.2740479814134,318,288.15,-5478.17471535787,6923.87195295277,-9.86509190714357,0.148270090189226,9.64690750252623e-05,FALSE,TRUE,-5.91361439375458,-5.75555196250169
"Anguilla rostrata","Teleostei","Anguilliformes","Anguillidae","Anguilla","rostrata",0.9599999999125,0.0009599999999125,20,"C","J. G. Rubalcaba, W. C. E. P. Verberk, A. J. Hendriks. B. Saris, H. A. Woods, Oxygen limitation may affect the temperature and size dependence of metabolism in aquatic ectotherms. Proc. Natl. Acad. Sci. U.S.A. 117, 31963-3196 (2020).",-6.94857727359354,-6.2446802130249,39.5871292029482,316,293.15,-5478.17471535787,6923.87195295277,-9.86509190714357,0.148270090189226,9.64690750252623e-05,FALSE,TRUE,-6.89091494449426,-6.73285251324138
"Anguilla rostrata","Teleostei","Anguilliformes","Anguillidae","Anguilla","rostrata",4.6000000033727,0.0046000000033727,25,"C","J. G. Rubalcaba, W. C. E. P. Verberk, A. J. Hendriks. B. Saris, H. A. Woods, Oxygen limitation may affect the temperature and size dependence of metabolism in aquatic ectotherms. Proc. Natl. Acad. Sci. U.S.A. 117, 31963-3196 (2020).",-5.38169897475389,-5.16330972924798,38.9232497932056,317,298.15,-5478.17471535787,6923.87195295277,-9.86509190714357,0.148270090189226,9.64690750252623e-05,FALSE,TRUE,-5.38869131366129,-5.23062888240842
"Anguilla rostrata","Teleostei","Anguilliformes","Anguillidae","Anguilla","rostrata",223.999999827646,0.223999999827646,15,"C","J. G. Rubalcaba, W. C. E. P. Verberk, A. J. Hendriks. B. Saris, H. A. Woods, Oxygen limitation may affect the temperature and size dependence of metabolism in aquatic ectotherms. Proc. Natl. Acad. Sci. U.S.A. 117, 31963-3196 (2020).",-1.49610922789654,-1.52858808057294,40.2740479814134,327,288.15,-5478.17471535787,6923.87195295277,-9.86509190714357,0.148270090189226,9.64690750252623e-05,FALSE,TRUE,-2.90923846177993,-2.75117603052707
"Anguilla rostrata","Teleostei","Anguilliformes","Anguillidae","Anguilla","rostrata",5.0799999966789,0.0050799999966789,25,"C","J. G. Rubalcaba, W. C. E. P. Verberk, A. J. Hendriks. B. Saris, H. A. Woods, Oxygen limitation may affect the temperature and size dependence of metabolism in aquatic ectotherms. Proc. Natl. Acad. Sci. U.S.A. 117, 31963-3196 (2020).",-5.28244401804551,-4.97444261273048,38.9232497932056,319,298.15,-5478.17471535787,6923.87195295277,-9.86509190714357,0.148270090189226,9.64690750252623e-05,FALSE,TRUE,-5.31101245553191,-5.15295002427903
"Anguilla rostrata","Teleostei","Anguilliformes","Anguillidae","Anguilla","rostrata",261.999999807105,0.261999999807105,15,"C","J. G. Rubalcaba, W. C. E. P. Verberk, A. J. Hendriks. B. Saris, H. A. Woods, Oxygen limitation may affect the temperature and size dependence of metabolism in aquatic ectotherms. Proc. Natl. Acad. Sci. U.S.A. 117, 31963-3196 (2020).",-1.33941077595728,-1.51870449687362,40.2740479814134,330,288.15,-5478.17471535787,6923.87195295277,-9.86509190714357,0.148270090189226,9.64690750252623e-05,FALSE,TRUE,-2.78660320787473,-2.62854077662185
"Anguilla rostrata","Teleostei","Anguilliformes","Anguillidae","Anguilla","rostrata",0.8199999992754,0.0008199999992754,25,"C","J. G. Rubalcaba, W. C. E. P. Verberk, A. J. Hendriks. B. Saris, H. A. Woods, Oxygen limitation may affect the temperature and size dependence of metabolism in aquatic ectotherms. Proc. Natl. Acad. Sci. U.S.A. 117, 31963-3196 (2020).",-7.10620621858963,-5.8209533814517,38.9232497932056,315,298.15,-5478.17471535787,6923.87195295277,-9.86509190714357,0.148270090189226,9.64690750252623e-05,FALSE,TRUE,-6.73832419829974,-6.58026176704686
"Anguilla rostrata","Teleostei","Anguilliformes","Anguillidae","Anguilla","rostrata",261.999999807105,0.261999999807105,15,"C","J. G. Rubalcaba, W. C. E. P. Verberk, A. J. Hendriks. B. Saris, H. A. Woods, Oxygen limitation may affect the temperature and size dependence of metabolism in aquatic ectotherms. Proc. Natl. Acad. Sci. U.S.A. 117, 31963-3196 (2020).",-1.33941077595728,-1.30961269912994,40.2740479814134,331,288.15,-5478.17471535787,6923.87195295277,-9.86509190714357,0.148270090189226,9.64690750252623e-05,FALSE,TRUE,-2.78660320787473,-2.62854077662186
"Anguilla rostrata","Teleostei","Anguilliformes","Anguillidae","Anguilla","rostrata",5.4099999986724,0.0054099999986724,20,"C","J. G. Rubalcaba, W. C. E. P. Verberk, A. J. Hendriks. B. Saris, H. A. Woods, Oxygen limitation may affect the temperature and size dependence of metabolism in aquatic ectotherms. Proc. Natl. Acad. Sci. U.S.A. 117, 31963-3196 (2020).",-5.21950618636914,-5.82779551278996,39.5871292029482,320,293.15,-5478.17471535787,6923.87195295277,-9.86509190714357,0.148270090189226,9.64690750252623e-05,FALSE,TRUE,-5.53771030732205,-5.37964787606915
"Anguilla rostrata","Teleostei","Anguilliformes","Anguillidae","Anguilla","rostrata",6.1999999928869,0.0061999999928869,15,"C","J. G. Rubalcaba, W. C. E. P. Verberk, A. J. Hendriks. B. Saris, H. A. Woods, Oxygen limitation may affect the temperature and size dependence of metabolism in aquatic ectotherms. Proc. Natl. Acad. Sci. U.S.A. 117, 31963-3196 (2020).",-5.08320598807837,-5.84564599371415,40.2740479814134,321,288.15,-5478.17471535787,6923.87195295277,-9.86509190714357,0.148270090189226,9.64690750252623e-05,FALSE,TRUE,-5.71657010113752,-5.55850766988465
"Anguilla rostrata","Teleostei","Anguilliformes","Anguillidae","Anguilla","rostrata",261.999999807105,0.261999999807105,15,"C","J. G. Rubalcaba, W. C. E. P. Verberk, A. J. Hendriks. B. Saris, H. A. Woods, Oxygen limitation may affect the temperature and size dependence of metabolism in aquatic ectotherms. Proc. Natl. Acad. Sci. U.S.A. 117, 31963-3196 (2020).",-1.33941077595728,-1.80793815996167,40.2740479814134,329,288.15,-5478.17471535787,6923.87195295277,-9.86509190714357,0.148270090189226,9.64690750252623e-05,FALSE,TRUE,-2.78660320787473,-2.62854077662184
"Anguilla rostrata","Teleostei","Anguilliformes","Anguillidae","Anguilla","rostrata",213.999999827935,0.213999999827935,15,"C","J. G. Rubalcaba, W. C. E. P. Verberk, A. J. Hendriks. B. Saris, H. A. Woods, Oxygen limitation may affect the temperature and size dependence of metabolism in aquatic ectotherms. Proc. Natl. Acad. Sci. U.S.A. 117, 31963-3196 (2020).",-1.54177926476433,-3.75920654861403,40.2740479814134,323,288.15,-5478.17471535787,6923.87195295277,-9.86509190714357,0.148270090189226,9.64690750252623e-05,FALSE,TRUE,-2.94498072022492,-2.78691828897205
"Anguilla rostrata","Teleostei","Anguilliformes","Anguillidae","Anguilla","rostrata",261.999999807105,0.261999999807105,15,"C","J. G. Rubalcaba, W. C. E. P. Verberk, A. J. Hendriks. B. Saris, H. A. Woods, Oxygen limitation may affect the temperature and size dependence of metabolism in aquatic ectotherms. Proc. Natl. Acad. Sci. U.S.A. 117, 31963-3196 (2020).",-1.33941077595728,-2.07715816967012,40.2740479814134,328,288.15,-5478.17471535787,6923.87195295277,-9.86509190714357,0.148270090189226,9.64690750252623e-05,FALSE,TRUE,-2.78660320787473,-2.62854077662185
"Anguilla rostrata","Teleostei","Anguilliformes","Anguillidae","Anguilla","rostrata",223.999999827646,0.223999999827646,15,"C","J. G. Rubalcaba, W. C. E. P. Verberk, A. J. Hendriks. B. Saris, H. A. Woods, Oxygen limitation may affect the temperature and size dependence of metabolism in aquatic ectotherms. Proc. Natl. Acad. Sci. U.S.A. 117, 31963-3196 (2020).",-1.49610922789654,-2.02216045630262,40.2740479814134,324,288.15,-5478.17471535787,6923.87195295277,-9.86509190714357,0.148270090189226,9.64690750252623e-05,FALSE,TRUE,-2.90923846177993,-2.75117603052706
"Anguilla rostrata","Teleostei","Anguilliformes","Anguillidae","Anguilla","rostrata",6.7700000049081,0.0067700000049081,20,"C","J. G. Rubalcaba, W. C. E. P. Verberk, A. J. Hendriks. B. Saris, H. A. Woods, Oxygen limitation may affect the temperature and size dependence of metabolism in aquatic ectotherms. Proc. Natl. Acad. Sci. U.S.A. 117, 31963-3196 (2020).",-4.99525419133298,-5.19807841071631,39.5871292029482,322,293.15,-5478.17471535787,6923.87195295277,-9.86509190714357,0.148270090189226,9.64690750252623e-05,FALSE,TRUE,-5.36220633769337,-5.20414390644051
"Anguilla rostrata","Teleostei","Anguilliformes","Anguillidae","Anguilla","rostrata",223.999999827646,0.223999999827646,15,"C","J. G. Rubalcaba, W. C. E. P. Verberk, A. J. Hendriks. B. Saris, H. A. Woods, Oxygen limitation may affect the temperature and size dependence of metabolism in aquatic ectotherms. Proc. Natl. Acad. Sci. U.S.A. 117, 31963-3196 (2020).",-1.49610922789654,-1.53261223076729,40.2740479814134,326,288.15,-5478.17471535787,6923.87195295277,-9.86509190714357,0.148270090189226,9.64690750252623e-05,FALSE,TRUE,-2.90923846177993,-2.75117603052706
"Anguilla rostrata","Teleostei","Anguilliformes","Anguillidae","Anguilla","rostrata",315.000000152606,0.315000000152606,15,"C","J. G. Rubalcaba, W. C. E. P. Verberk, A. J. Hendriks. B. Saris, H. A. Woods, Oxygen limitation may affect the temperature and size dependence of metabolism in aquatic ectotherms. Proc. Natl. Acad. Sci. U.S.A. 117, 31963-3196 (2020).",-1.15518263967204,-3.66029199726203,40.2740479814134,332,288.15,-5478.17471535787,6923.87195295277,-9.86509190714357,0.148270090189226,9.64690750252623e-05,FALSE,TRUE,-2.64242268796391,-2.48436025671102
"Anguilla rostrata","Teleostei","Anguilliformes","Anguillidae","Anguilla","rostrata",0.7699999996941,0.0007699999996941,15,"C","J. G. Rubalcaba, W. C. E. P. Verberk, A. J. Hendriks. B. Saris, H. A. Woods, Oxygen limitation may affect the temperature and size dependence of metabolism in aquatic ectotherms. Proc. Natl. Acad. Sci. U.S.A. 117, 31963-3196 (2020).",-7.16912004351382,-7.58325335857045,40.2740479814134,314,288.15,-5478.17471535787,6923.87195295277,-9.86509190714357,0.148270090189226,9.64690750252623e-05,FALSE,TRUE,-7.34904698043637,-7.19098454918349
"Anguilla rostrata","Teleostei","Anguilliformes","Anguillidae","Anguilla","rostrata",223.999999827646,0.223999999827646,15,"C","J. G. Rubalcaba, W. C. E. P. Verberk, A. J. Hendriks. B. Saris, H. A. Woods, Oxygen limitation may affect the temperature and size dependence of metabolism in aquatic ectotherms. Proc. Natl. Acad. Sci. U.S.A. 117, 31963-3196 (2020).",-1.49610922789654,-1.77304141843449,40.2740479814134,325,288.15,-5478.17471535787,6923.87195295277,-9.86509190714357,0.148270090189226,9.64690750252623e-05,FALSE,TRUE,-2.90923846177993,-2.75117603052699
"Brevoortia tyrannus","Teleostei","Clupeiformes","Clupeidae","Brevoortia","tyrannus",24.5999999941442,0.0245999999941442,25,"C","J. G. Rubalcaba, W. C. E. P. Verberk, A. J. Hendriks. B. Saris, H. A. Woods, Oxygen limitation may affect the temperature and size dependence of metabolism in aquatic ectotherms. Proc. Natl. Acad. Sci. U.S.A. 117, 31963-3196 (2020).",-3.70500883628186,-3.41721013878729,38.9232497932056,343,298.15,-5478.17471535787,6923.87195295277,-9.86509190714357,0.148270090189226,9.64690750252623e-05,FALSE,TRUE,-4.07648102500078,-3.14315334556552
"Brevoortia tyrannus","Teleostei","Clupeiformes","Clupeidae","Brevoortia","tyrannus",22.4999999942305,0.0224999999942305,10,"C","J. G. Rubalcaba, W. C. E. P. Verberk, A. J. Hendriks. B. Saris, H. A. Woods, Oxygen limitation may affect the temperature and size dependence of metabolism in aquatic ectotherms. Proc. Natl. Acad. Sci. U.S.A. 117, 31963-3196 (2020).",-3.79423997002819,-4.57348709525968,40.9852266496354,342,283.15,-5478.17471535787,6923.87195295277,-9.86509190714357,0.148270090189226,9.64690750252623e-05,FALSE,TRUE,-5.00341531140052,-4.07008763196522
"Brevoortia tyrannus","Teleostei","Clupeiformes","Clupeidae","Brevoortia","tyrannus",21.7000000075683,0.0217000000075683,15,"C","J. G. Rubalcaba, W. C. E. P. Verberk, A. J. Hendriks. B. Saris, H. A. Woods, Oxygen limitation may affect the temperature and size dependence of metabolism in aquatic ectotherms. Proc. Natl. Acad. Sci. U.S.A. 117, 31963-3196 (2020).",-3.83044301808695,-4.09210773744763,40.2740479814134,340,288.15,-5478.17471535787,6923.87195295277,-9.86509190714357,0.148270090189226,9.64690750252623e-05,FALSE,TRUE,-4.73613345350881,-3.80280577407351
"Brevoortia tyrannus","Teleostei","Clupeiformes","Clupeidae","Brevoortia","tyrannus",79.2999999420071,0.0792999999420071,15,"C","J. G. Rubalcaba, W. C. E. P. Verberk, A. J. Hendriks. B. Saris, H. A. Woods, Oxygen limitation may affect the temperature and size dependence of metabolism in aquatic ectotherms. Proc. Natl. Acad. Sci. U.S.A. 117, 31963-3196 (2020).",-2.53451715107265,-2.91966292625785,40.2740479814134,355,288.15,-5478.17471535787,6923.87195295277,-9.86509190714357,0.148270090189226,9.64690750252623e-05,FALSE,TRUE,-3.72191668380373,-2.78858900436843
"Brevoortia tyrannus","Teleostei","Clupeiformes","Clupeidae","Brevoortia","tyrannus",26.9999999901158,0.0269999999901158,17,"C","J. G. Rubalcaba, W. C. E. P. Verberk, A. J. Hendriks. B. Saris, H. A. Woods, Oxygen limitation may affect the temperature and size dependence of metabolism in aquatic ectotherms. Proc. Natl. Acad. Sci. U.S.A. 117, 31963-3196 (2020).",-3.61191841334389,-3.76822261648932,39.9964395169542,346,290.15,-5478.17471535787,6923.87195295277,-9.86509190714357,0.148270090189226,9.64690750252623e-05,FALSE,TRUE,-4.44971856295727,-3.51639088352195
"Brevoortia tyrannus","Teleostei","Clupeiformes","Clupeidae","Brevoortia","tyrannus",26.9999999901158,0.0269999999901158,9,"C","J. G. Rubalcaba, W. C. E. P. Verberk, A. J. Hendriks. B. Saris, H. A. Woods, Oxygen limitation may affect the temperature and size dependence of metabolism in aquatic ectotherms. Proc. Natl. Acad. Sci. U.S.A. 117, 31963-3196 (2020).",-3.61191841334389,-4.37435842005963,41.1304870666109,344,282.15,-5478.17471535787,6923.87195295277,-9.86509190714357,0.148270090189226,9.64690750252623e-05,FALSE,TRUE,-4.92110719881604,-3.98777951938077
"Brevoortia tyrannus","Teleostei","Clupeiformes","Clupeidae","Brevoortia","tyrannus",80.9000000722256,0.0809000000722256,25,"C","J. G. Rubalcaba, W. C. E. P. Verberk, A. J. Hendriks. B. Saris, H. A. Woods, Oxygen limitation may affect the temperature and size dependence of metabolism in aquatic ectotherms. Proc. Natl. Acad. Sci. U.S.A. 117, 31963-3196 (2020).",-2.51454145402491,-2.34744550351978,38.9232497932056,356,298.15,-5478.17471535787,6923.87195295277,-9.86509190714357,0.148270090189226,9.64690750252623e-05,FALSE,TRUE,-3.14479811504111,-2.21147043560579
"Brevoortia tyrannus","Teleostei","Clupeiformes","Clupeidae","Brevoortia","tyrannus",78.400000056966,0.078400000056966,10,"C","J. G. Rubalcaba, W. C. E. P. Verberk, A. J. Hendriks. B. Saris, H. A. Woods, Oxygen limitation may affect the temperature and size dependence of metabolism in aquatic ectotherms. Proc. Natl. Acad. Sci. U.S.A. 117, 31963-3196 (2020).",-2.54593135089917,-3.47089028811642,40.9852266496354,354,283.15,-5478.17471535787,6923.87195295277,-9.86509190714357,0.148270090189226,9.64690750252623e-05,FALSE,TRUE,-4.02646472532656,-3.09313704589129
"Brevoortia tyrannus","Teleostei","Clupeiformes","Clupeidae","Brevoortia","tyrannus",22.1999999769645,0.0221999999769645,20,"C","J. G. Rubalcaba, W. C. E. P. Verberk, A. J. Hendriks. B. Saris, H. A. Woods, Oxygen limitation may affect the temperature and size dependence of metabolism in aquatic ectotherms. Proc. Natl. Acad. Sci. U.S.A. 117, 31963-3196 (2020).",-3.80766299114154,-3.70862050179951,39.5871292029482,341,293.15,-5478.17471535787,6923.87195295277,-9.86509190714357,0.148270090189226,9.64690750252623e-05,FALSE,TRUE,-4.43277438371645,-3.49944670428116
"Brevoortia tyrannus","Teleostei","Clupeiformes","Clupeidae","Brevoortia","tyrannus",26.9999999901158,0.0269999999901158,17,"C","J. G. Rubalcaba, W. C. E. P. Verberk, A. J. Hendriks. B. Saris, H. A. Woods, Oxygen limitation may affect the temperature and size dependence of metabolism in aquatic ectotherms. Proc. Natl. Acad. Sci. U.S.A. 117, 31963-3196 (2020).",-3.61191841334389,-3.52706055967243,39.9964395169542,347,290.15,-5478.17471535787,6923.87195295277,-9.86509190714357,0.148270090189226,9.64690750252623e-05,FALSE,TRUE,-4.44971856295727,-3.51639088352196
"Brevoortia tyrannus","Teleostei","Clupeiformes","Clupeidae","Brevoortia","tyrannus",26.9999999901158,0.0269999999901158,25,"C","J. G. Rubalcaba, W. C. E. P. Verberk, A. J. Hendriks. B. Saris, H. A. Woods, Oxygen limitation may affect the temperature and size dependence of metabolism in aquatic ectotherms. Proc. Natl. Acad. Sci. U.S.A. 117, 31963-3196 (2020).",-3.61191841334389,-3.49196923986116,38.9232497932056,348,298.15,-5478.17471535787,6923.87195295277,-9.86509190714357,0.148270090189226,9.64690750252623e-05,FALSE,TRUE,-4.00362665080718,-3.07029897137192
"Brevoortia tyrannus","Teleostei","Clupeiformes","Clupeidae","Brevoortia","tyrannus",26.9999999901158,0.0269999999901158,25,"C","J. G. Rubalcaba, W. C. E. P. Verberk, A. J. Hendriks. B. Saris, H. A. Woods, Oxygen limitation may affect the temperature and size dependence of metabolism in aquatic ectotherms. Proc. Natl. Acad. Sci. U.S.A. 117, 31963-3196 (2020).",-3.61191841334389,-3.22167891012125,38.9232497932056,349,298.15,-5478.17471535787,6923.87195295277,-9.86509190714357,0.148270090189226,9.64690750252623e-05,FALSE,TRUE,-4.00362665080718,-3.07029897137191
"Brevoortia tyrannus","Teleostei","Clupeiformes","Clupeidae","Brevoortia","tyrannus",26.9999999901158,0.0269999999901158,9,"C","J. G. Rubalcaba, W. C. E. P. Verberk, A. J. Hendriks. B. Saris, H. A. Woods, Oxygen limitation may affect the temperature and size dependence of metabolism in aquatic ectotherms. Proc. Natl. Acad. Sci. U.S.A. 117, 31963-3196 (2020).",-3.61191841334389,-4.22020774023237,41.1304870666109,345,282.15,-5478.17471535787,6923.87195295277,-9.86509190714357,0.148270090189226,9.64690750252623e-05,FALSE,TRUE,-4.92110719881604,-3.98777951938079
"Brevoortia tyrannus","Teleostei","Clupeiformes","Clupeidae","Brevoortia","tyrannus",5.4400000037806,0.0054400000037806,20,"C","J. G. Rubalcaba, W. C. E. P. Verberk, A. J. Hendriks. B. Saris, H. A. Woods, Oxygen limitation may affect the temperature and size dependence of metabolism in aquatic ectotherms. Proc. Natl. Acad. Sci. U.S.A. 117, 31963-3196 (2020).",-5.21397621741932,-4.60904987392059,39.5871292029482,336,293.15,-5478.17471535787,6923.87195295277,-9.86509190714357,0.148270090189226,9.64690750252623e-05,FALSE,TRUE,-5.53338244614757,-4.60005476671231
"Brevoortia tyrannus","Teleostei","Clupeiformes","Clupeidae","Brevoortia","tyrannus",6.1699999995277,0.0061699999995277,15,"C","J. G. Rubalcaba, W. C. E. P. Verberk, A. J. Hendriks. B. Saris, H. A. Woods, Oxygen limitation may affect the temperature and size dependence of metabolism in aquatic ectotherms. Proc. Natl. Acad. Sci. U.S.A. 117, 31963-3196 (2020).",-5.08805644114139,-4.95440842391583,40.2740479814134,337,288.15,-5478.17471535787,6923.87195295277,-9.86509190714357,0.148270090189226,9.64690750252623e-05,FALSE,TRUE,-5.72036615997268,-4.78703848053741
"Brevoortia tyrannus","Teleostei","Clupeiformes","Clupeidae","Brevoortia","tyrannus",74.3000000409612,0.0743000000409612,20,"C","J. G. Rubalcaba, W. C. E. P. Verberk, A. J. Hendriks. B. Saris, H. A. Woods, Oxygen limitation may affect the temperature and size dependence of metabolism in aquatic ectotherms. Proc. Natl. Acad. Sci. U.S.A. 117, 31963-3196 (2020).",-2.59964432670713,-2.71149676786244,39.5871292029482,353,293.15,-5478.17471535787,6923.87195295277,-9.86509190714357,0.148270090189226,9.64690750252623e-05,FALSE,TRUE,-3.48735549921741,-2.55402781978214
"Brevoortia tyrannus","Teleostei","Clupeiformes","Clupeidae","Brevoortia","tyrannus",6.9800000060565,0.0069800000060565,25,"C","J. G. Rubalcaba, W. C. E. P. Verberk, A. J. Hendriks. B. Saris, H. A. Woods, Oxygen limitation may affect the temperature and size dependence of metabolism in aquatic ectotherms. Proc. Natl. Acad. Sci. U.S.A. 117, 31963-3196 (2020).",-4.96470636134016,-4.34922025800942,38.9232497932056,339,298.15,-5478.17471535787,6923.87195295277,-9.86509190714357,0.148270090189226,9.64690750252623e-05,FALSE,TRUE,-5.06234479019717,-4.1290171107619
"Brevoortia tyrannus","Teleostei","Clupeiformes","Clupeidae","Brevoortia","tyrannus",50.9999999884991,0.0509999999884991,24,"C","J. G. Rubalcaba, W. C. E. P. Verberk, A. J. Hendriks. B. Saris, H. A. Woods, Oxygen limitation may affect the temperature and size dependence of metabolism in aquatic ectotherms. Proc. Natl. Acad. Sci. U.S.A. 117, 31963-3196 (2020).",-2.97592964648332,-1.19939578229774,39.0542383504771,352,297.15,-5478.17471535787,6923.87195295277,-9.86509190714357,0.148270090189226,9.64690750252623e-05,FALSE,TRUE,-3.56033739008318,-2.62700971064789
"Brevoortia tyrannus","Teleostei","Clupeiformes","Clupeidae","Brevoortia","tyrannus",50.9999999884991,0.0509999999884991,14,"C","J. G. Rubalcaba, W. C. E. P. Verberk, A. J. Hendriks. B. Saris, H. A. Woods, Oxygen limitation may affect the temperature and size dependence of metabolism in aquatic ectotherms. Proc. Natl. Acad. Sci. U.S.A. 117, 31963-3196 (2020).",-2.97592964648332,-1.86656747624645,40.4143023710404,350,287.15,-5478.17471535787,6923.87195295277,-9.86509190714357,0.148270090189226,9.64690750252623e-05,FALSE,TRUE,-4.12567411121806,-3.19234643178282
"Brevoortia tyrannus","Teleostei","Clupeiformes","Clupeidae","Brevoortia","tyrannus",50.9999999884991,0.0509999999884991,19,"C","J. G. Rubalcaba, W. C. E. P. Verberk, A. J. Hendriks. B. Saris, H. A. Woods, Oxygen limitation may affect the temperature and size dependence of metabolism in aquatic ectotherms. Proc. Natl. Acad. Sci. U.S.A. 117, 31963-3196 (2020).",-2.97592964648332,-1.61810611717067,39.7226319556538,351,292.15,-5478.17471535787,6923.87195295277,-9.86509190714357,0.148270090189226,9.64690750252623e-05,FALSE,TRUE,-3.83816802413056,-2.90484034469527
"Brevoortia tyrannus","Teleostei","Clupeiformes","Clupeidae","Brevoortia","tyrannus",6.1999999928869,0.0061999999928869,10,"C","J. G. Rubalcaba, W. C. E. P. Verberk, A. J. Hendriks. B. Saris, H. A. Woods, Oxygen limitation may affect the temperature and size dependence of metabolism in aquatic ectotherms. Proc. Natl. Acad. Sci. U.S.A. 117, 31963-3196 (2020).",-5.08320598807837,-5.45698800434556,40.9852266496354,338,283.15,-5478.17471535787,6923.87195295277,-9.86509190714357,0.148270090189226,9.64690750252623e-05,FALSE,TRUE,-6.01218516804236,-5.07885748860711
"Chiloscyllium plagiosum","Chondrichthyes","Orectolobiformes","Hemiscylliidae","Chiloscyllium","plagiosum",879.999999695718,0.879999999695718,23,"C","J. G. Rubalcaba, W. C. E. P. Verberk, A. J. Hendriks. B. Saris, H. A. Woods, Oxygen limitation may affect the temperature and size dependence of metabolism in aquatic ectotherms. Proc. Natl. Acad. Sci. U.S.A. 117, 31963-3196 (2020).",-0.12783337185566,-1.82761751980701,39.1861115172861,449,296.15,-4787.35547680532,-1628.02388294853,32.4701150459517,-1.88743442538637,-0.00293293133035651,FALSE,TRUE,-1.38617750664677,-1.54170902284667
"Chiloscyllium plagiosum","Chondrichthyes","Orectolobiformes","Hemiscylliidae","Chiloscyllium","plagiosum",879.999999695718,0.879999999695718,23,"C","J. G. Rubalcaba, W. C. E. P. Verberk, A. J. Hendriks. B. Saris, H. A. Woods, Oxygen limitation may affect the temperature and size dependence of metabolism in aquatic ectotherms. Proc. Natl. Acad. Sci. U.S.A. 117, 31963-3196 (2020).",-0.12783337185566,-1.63471385348855,39.1861115172861,450,296.15,-4787.35547680532,-1628.02388294853,32.4701150459517,-1.88743442538637,-0.00293293133035651,FALSE,TRUE,-1.38617750664677,-1.54170902284666
"Chiloscyllium plagiosum","Chondrichthyes","Orectolobiformes","Hemiscylliidae","Chiloscyllium","plagiosum",879.999999695718,0.879999999695718,23,"C","J. G. Rubalcaba, W. C. E. P. Verberk, A. J. Hendriks. B. Saris, H. A. Woods, Oxygen limitation may affect the temperature and size dependence of metabolism in aquatic ectotherms. Proc. Natl. Acad. Sci. U.S.A. 117, 31963-3196 (2020).",-0.12783337185566,-1.51888203791447,39.1861115172861,451,296.15,-4787.35547680532,-1628.02388294853,32.4701150459517,-1.88743442538637,-0.00293293133035651,FALSE,TRUE,-1.38617750664677,-1.54170902284664
"Conger conger","Teleostei","Anguilliformes","Congridae","Conger","conger",544.999999652839,0.544999999652839,13,"C","J. G. Rubalcaba, W. C. E. P. Verberk, A. J. Hendriks. B. Saris, H. A. Woods, Oxygen limitation may affect the temperature and size dependence of metabolism in aquatic ectotherms. Proc. Natl. Acad. Sci. U.S.A. 117, 31963-3196 (2020).",-0.606969484955886,-1.702553937962,40.5555370464591,625,286.15,-5478.17471535787,6923.87195295277,-9.86509190714357,0.148270090189226,9.64690750252623e-05,FALSE,TRUE,-2.3303867526318,-1.9773812015027
"Conger conger","Teleostei","Anguilliformes","Congridae","Conger","conger",160.000000126762,0.160000000126762,18.5,"C","J. G. Rubalcaba, W. C. E. P. Verberk, A. J. Hendriks. B. Saris, H. A. Woods, Oxygen limitation may affect the temperature and size dependence of metabolism in aquatic ectotherms. Proc. Natl. Acad. Sci. U.S.A. 117, 31963-3196 (2020).",-1.83258146295605,-2.7381223142736,39.7907317875682,624,291.65,-5478.17471535787,6923.87195295277,-9.86509190714357,0.148270090189226,9.64690750252623e-05,FALSE,TRUE,-2.97166851739303,-2.61866296626394
"Conger conger","Teleostei","Anguilliformes","Congridae","Conger","conger",80.000000001484,0.080000000001484,18.5,"C","J. G. Rubalcaba, W. C. E. P. Verberk, A. J. Hendriks. B. Saris, H. A. Woods, Oxygen limitation may affect the temperature and size dependence of metabolism in aquatic ectotherms. Proc. Natl. Acad. Sci. U.S.A. 117, 31963-3196 (2020).",-2.52572864428971,-3.13401797158645,39.7907317875682,621,291.65,-5478.17471535787,6923.87195295277,-9.86509190714357,0.148270090189226,9.64690750252623e-05,FALSE,TRUE,-3.51413897274558,-3.16113342161648
"Conger conger","Teleostei","Anguilliformes","Congridae","Conger","conger",148.299999990308,0.148299999990308,16,"C","J. G. Rubalcaba, W. C. E. P. Verberk, A. J. Hendriks. B. Saris, H. A. Woods, Oxygen limitation may affect the temperature and size dependence of metabolism in aquatic ectotherms. Proc. Natl. Acad. Sci. U.S.A. 117, 31963-3196 (2020).",-1.9085180299036,-2.77631855297404,40.1347637068797,623,289.15,-5478.17471535787,6923.87195295277,-9.86509190714357,0.148270090189226,9.64690750252623e-05,FALSE,TRUE,-3.17410142261288,-2.82109587148378
"Conger conger","Teleostei","Anguilliformes","Congridae","Conger","conger",107.999999878906,0.107999999878906,18.5,"C","J. G. Rubalcaba, W. C. E. P. Verberk, A. J. Hendriks. B. Saris, H. A. Woods, Oxygen limitation may affect the temperature and size dependence of metabolism in aquatic ectotherms. Proc. Natl. Acad. Sci. U.S.A. 117, 31963-3196 (2020).",-2.22562405297916,-2.98806405893974,39.7907317875682,622,291.65,-5478.17471535787,6923.87195295277,-9.86509190714357,0.148270090189226,9.64690750252623e-05,FALSE,TRUE,-3.27927128708553,-2.9262657359564
"Dorosoma cepedianum","Teleostei","Clupeiformes","Clupeidae","Dorosoma","cepedianum",1.6999999985192,0.0016999999985192,12.4,"C","J. G. Rubalcaba, W. C. E. P. Verberk, A. J. Hendriks. B. Saris, H. A. Woods, Oxygen limitation may affect the temperature and size dependence of metabolism in aquatic ectotherms. Proc. Natl. Acad. Sci. U.S.A. 117, 31963-3196 (2020).",-6.37712702879103,-4.73262192641425,40.640752673242,645,285.55,-5478.17471535787,6923.87195295277,-9.86509190714357,0.148270090189226,9.64690750252623e-05,FALSE,TRUE,-6.88164570009966,-5.63225250861538
"Dorosoma cepedianum","Teleostei","Clupeiformes","Clupeidae","Dorosoma","cepedianum",47.099999986021,0.047099999986021,20.2,"C","J. G. Rubalcaba, W. C. E. P. Verberk, A. J. Hendriks. B. Saris, H. A. Woods, Oxygen limitation may affect the temperature and size dependence of metabolism in aquatic ectotherms. Proc. Natl. Acad. Sci. U.S.A. 117, 31963-3196 (2020).",-3.05548227825656,-2.63670646772437,39.5601395119968,683,293.35,-5478.17471535787,6923.87195295277,-9.86509190714357,0.148270090189226,9.64690750252623e-05,FALSE,TRUE,-3.83288435605997,-2.58349116457574
"Dorosoma cepedianum","Teleostei","Clupeiformes","Clupeidae","Dorosoma","cepedianum",0.699999999977,0.000699999999977,16.8,"C","J. G. Rubalcaba, W. C. E. P. Verberk, A. J. Hendriks. B. Saris, H. A. Woods, Oxygen limitation may affect the temperature and size dependence of metabolism in aquatic ectotherms. Proc. Natl. Acad. Sci. U.S.A. 117, 31963-3196 (2020).",-7.26443022295373,-3.7720852857491,40.0240280249845,644,289.95,-5478.17471535787,6923.87195295277,-9.86509190714357,0.148270090189226,9.64690750252623e-05,FALSE,TRUE,-7.31971298434835,-6.07031979286411
"Dorosoma cepedianum","Teleostei","Clupeiformes","Clupeidae","Dorosoma","cepedianum",36.0000000192902,0.0360000000192902,16,"C","J. G. Rubalcaba, W. C. E. P. Verberk, A. J. Hendriks. B. Saris, H. A. Woods, Oxygen limitation may affect the temperature and size dependence of metabolism in aquatic ectotherms. Proc. Natl. Acad. Sci. U.S.A. 117, 31963-3196 (2020).",-3.32423633999019,-3.3935291670479,40.1347637068797,681,289.15,-5478.17471535787,6923.87195295277,-9.86509190714357,0.148270090189226,9.64690750252623e-05,FALSE,TRUE,-4.28207008641956,-3.0326768949353
"Dorosoma cepedianum","Teleostei","Clupeiformes","Clupeidae","Dorosoma","cepedianum",36.4999999616358,0.0364999999616358,17,"C","J. G. Rubalcaba, W. C. E. P. Verberk, A. J. Hendriks. B. Saris, H. A. Woods, Oxygen limitation may affect the temperature and size dependence of metabolism in aquatic ectotherms. Proc. Natl. Acad. Sci. U.S.A. 117, 31963-3196 (2020).",-3.31044301944477,-2.8764384873105,39.9964395169542,682,290.15,-5478.17471535787,6923.87195295277,-9.86509190714357,0.148270090189226,9.64690750252623e-05,FALSE,TRUE,-4.21377806055,-2.96438486906574
"Dorosoma cepedianum","Teleostei","Clupeiformes","Clupeidae","Dorosoma","cepedianum",5.4000000022012,0.0054000000022012,9.4,"C","J. G. Rubalcaba, W. C. E. P. Verberk, A. J. Hendriks. B. Saris, H. A. Woods, Oxygen limitation may affect the temperature and size dependence of metabolism in aquatic ectotherms. Proc. Natl. Acad. Sci. U.S.A. 117, 31963-3196 (2020).",-5.22135632500428,-5.05755526978388,41.0722595145789,656,282.55,-5478.17471535787,6923.87195295277,-9.86509190714357,0.148270090189226,9.64690750252623e-05,FALSE,TRUE,-6.15648118785883,-4.90708799637456
"Dorosoma cepedianum","Teleostei","Clupeiformes","Clupeidae","Dorosoma","cepedianum",33.3000000378534,0.0333000000378534,21,"C","J. G. Rubalcaba, W. C. E. P. Verberk, A. J. Hendriks. B. Saris, H. A. Woods, Oxygen limitation may affect the temperature and size dependence of metabolism in aquatic ectotherms. Proc. Natl. Acad. Sci. U.S.A. 117, 31963-3196 (2020).",-3.402197880859,-2.56525031274404,39.4525477676161,680,294.15,-5478.17471535787,6923.87195295277,-9.86509190714357,0.148270090189226,9.64690750252623e-05,FALSE,TRUE,-4.05950815090101,-2.81011495941675
"Dorosoma cepedianum","Teleostei","Clupeiformes","Clupeidae","Dorosoma","cepedianum",3.1000000011829,0.0031000000011829,18.8,"C","J. G. Rubalcaba, W. C. E. P. Verberk, A. J. Hendriks. B. Saris, H. A. Woods, Oxygen limitation may affect the temperature and size dependence of metabolism in aquatic ectotherms. Proc. Natl. Acad. Sci. U.S.A. 117, 31963-3196 (2020).",-5.77635316710946,-3.86177508261222,39.7498438973943,647,291.95,-5478.17471535787,6923.87195295277,-9.86509190714357,0.148270090189226,9.64690750252623e-05,FALSE,TRUE,-6.04114506331102,-4.79175187182681
"Dorosoma cepedianum","Teleostei","Clupeiformes","Clupeidae","Dorosoma","cepedianum",3.3000000009278,0.0033000000009278,19.3,"C","J. G. Rubalcaba, W. C. E. P. Verberk, A. J. Hendriks. B. Saris, H. A. Woods, Oxygen limitation may affect the temperature and size dependence of metabolism in aquatic ectotherms. Proc. Natl. Acad. Sci. U.S.A. 117, 31963-3196 (2020).",-5.71383281022855,-3.76600285971046,39.6818838291819,648,292.45,-5478.17471535787,6923.87195295277,-9.86509190714357,0.148270090189226,9.64690750252623e-05,FALSE,TRUE,-5.96396650986585,-4.71457331838156
"Dorosoma cepedianum","Teleostei","Clupeiformes","Clupeidae","Dorosoma","cepedianum",3.899999999762,0.003899999999762,14.4,"C","J. G. Rubalcaba, W. C. E. P. Verberk, A. J. Hendriks. B. Saris, H. A. Woods, Oxygen limitation may affect the temperature and size dependence of metabolism in aquatic ectotherms. Proc. Natl. Acad. Sci. U.S.A. 117, 31963-3196 (2020).",-5.54677872590756,-4.15552042060817,40.3580835536229,649,287.55,-5478.17471535787,6923.87195295277,-9.86509190714357,0.148270090189226,9.64690750252623e-05,FALSE,TRUE,-6.11430213418227,-4.86490894269801
"Dorosoma cepedianum","Teleostei","Clupeiformes","Clupeidae","Dorosoma","cepedianum",32.2999999753747,0.0322999999753747,13.2,"C","J. G. Rubalcaba, W. C. E. P. Verberk, A. J. Hendriks. B. Saris, H. A. Woods, Oxygen limitation may affect the temperature and size dependence of metabolism in aquatic ectotherms. Proc. Natl. Acad. Sci. U.S.A. 117, 31963-3196 (2020).",-3.43268804951592,-4.08477999850679,40.5272111955448,678,286.35,-5478.17471535787,6923.87195295277,-9.86509190714357,0.148270090189226,9.64690750252623e-05,FALSE,TRUE,-4.53007483505036,-3.28068164356613
"Dorosoma cepedianum","Teleostei","Clupeiformes","Clupeidae","Dorosoma","cepedianum",32.7000000255786,0.0327000000255786,11.7,"C","J. G. Rubalcaba, W. C. E. P. Verberk, A. J. Hendriks. B. Saris, H. A. Woods, Oxygen limitation may affect the temperature and size dependence of metabolism in aquatic ectotherms. Proc. Natl. Acad. Sci. U.S.A. 117, 31963-3196 (2020).",-3.42038020029671,-3.30388526283322,40.7406246299605,679,284.85,-5478.17471535787,6923.87195295277,-9.86509190714357,0.148270090189226,9.64690750252623e-05,FALSE,TRUE,-4.60915186425079,-3.35975867276652
"Dorosoma cepedianum","Teleostei","Clupeiformes","Clupeidae","Dorosoma","cepedianum",17.5000000126408,0.0175000000126408,12.8,"C","J. G. Rubalcaba, W. C. E. P. Verberk, A. J. Hendriks. B. Saris, H. A. Woods, Oxygen limitation may affect the temperature and size dependence of metabolism in aquatic ectotherms. Proc. Natl. Acad. Sci. U.S.A. 117, 31963-3196 (2020).",-4.04555439733034,-4.74345588402055,40.5839025208752,666,285.95,-5478.17471535787,6923.87195295277,-9.86509190714357,0.148270090189226,9.64690750252623e-05,FALSE,TRUE,-5.03328078759498,-3.78388759611074
"Dorosoma cepedianum","Teleostei","Clupeiformes","Clupeidae","Dorosoma","cepedianum",4.9999999961314,0.0049999999961314,9.1,"C","J. G. Rubalcaba, W. C. E. P. Verberk, A. J. Hendriks. B. Saris, H. A. Woods, Oxygen limitation may affect the temperature and size dependence of metabolism in aquatic ectotherms. Proc. Natl. Acad. Sci. U.S.A. 117, 31963-3196 (2020).",-5.29831736732176,-4.85928769924349,41.1159147062684,655,282.25,-5478.17471535787,6923.87195295277,-9.86509190714357,0.148270090189226,9.64690750252623e-05,FALSE,TRUE,-6.23485851383955,-4.98546532235528
"Dorosoma cepedianum","Teleostei","Clupeiformes","Clupeidae","Dorosoma","cepedianum",24.2000000010904,0.0242000000010904,24.5,"C","J. G. Rubalcaba, W. C. E. P. Verberk, A. J. Hendriks. B. Saris, H. A. Woods, Oxygen limitation may affect the temperature and size dependence of metabolism in aquatic ectotherms. Proc. Natl. Acad. Sci. U.S.A. 117, 31963-3196 (2020).",-3.72140264577444,-2.72025406035252,38.9886340528952,668,297.65,-5478.17471535787,6923.87195295277,-9.86509190714357,0.148270090189226,9.64690750252623e-05,FALSE,TRUE,-4.11648936173159,-2.86709617024734
"Dorosoma cepedianum","Teleostei","Clupeiformes","Clupeidae","Dorosoma","cepedianum",1.6999999985192,0.0016999999985192,13.4,"C","J. G. Rubalcaba, W. C. E. P. Verberk, A. J. Hendriks. B. Saris, H. A. Woods, Oxygen limitation may affect the temperature and size dependence of metabolism in aquatic ectotherms. Proc. Natl. Acad. Sci. U.S.A. 117, 31963-3196 (2020).",-6.37712702879103,-4.40519952549326,40.4989248851658,646,286.55,-5478.17471535787,6923.87195295277,-9.86509190714357,0.148270090189226,9.64690750252623e-05,FALSE,TRUE,-6.82269225712599,-5.57329906564172
"Dorosoma cepedianum","Teleostei","Clupeiformes","Clupeidae","Dorosoma","cepedianum",25.6999999803951,0.0256999999803951,23.8,"C","J. G. Rubalcaba, W. C. E. P. Verberk, A. J. Hendriks. B. Saris, H. A. Woods, Oxygen limitation may affect the temperature and size dependence of metabolism in aquatic ectotherms. Proc. Natl. Acad. Sci. U.S.A. 117, 31963-3196 (2020).",-3.6612642878438,-3.34472798004403,39.0805419290933,670,296.95,-5478.17471535787,6923.87195295277,-9.86509190714357,0.148270090189226,9.64690750252623e-05,FALSE,TRUE,-4.10762718725406,-2.85823399576979
"Dorosoma cepedianum","Teleostei","Clupeiformes","Clupeidae","Dorosoma","cepedianum",49.9000000432721,0.0499000000432721,17.8,"C","J. G. Rubalcaba, W. C. E. P. Verberk, A. J. Hendriks. B. Saris, H. A. Woods, Oxygen limitation may affect the temperature and size dependence of metabolism in aquatic ectotherms. Proc. Natl. Acad. Sci. U.S.A. 117, 31963-3196 (2020).",-2.99773427535749,-2.53639885167564,39.8864647734809,684,290.95,-5478.17471535787,6923.87195295277,-9.86509190714357,0.148270090189226,9.64690750252623e-05,FALSE,TRUE,-3.92333300650801,-2.67393981502376
"Dorosoma cepedianum","Teleostei","Clupeiformes","Clupeidae","Dorosoma","cepedianum",53.8999999768239,0.0538999999768239,15,"C","J. G. Rubalcaba, W. C. E. P. Verberk, A. J. Hendriks. B. Saris, H. A. Woods, Oxygen limitation may affect the temperature and size dependence of metabolism in aquatic ectotherms. Proc. Natl. Acad. Sci. U.S.A. 117, 31963-3196 (2020).",-2.92062480149717,-2.15519854939521,40.2740479814134,685,288.15,-5478.17471535787,6923.87195295277,-9.86509190714357,0.148270090189226,9.64690750252623e-05,FALSE,TRUE,-4.02409203498657,-2.77469884350233
"Dorosoma cepedianum","Teleostei","Clupeiformes","Clupeidae","Dorosoma","cepedianum",4.3999999950742,0.0043999999950742,23,"C","J. G. Rubalcaba, W. C. E. P. Verberk, A. J. Hendriks. B. Saris, H. A. Woods, Oxygen limitation may affect the temperature and size dependence of metabolism in aquatic ectotherms. Proc. Natl. Acad. Sci. U.S.A. 117, 31963-3196 (2020).",-5.42615073917742,-4.21450971925306,39.1861115172861,650,296.15,-5478.17471535787,6923.87195295277,-9.86509190714357,0.148270090189226,9.64690750252623e-05,FALSE,TRUE,-5.53274365054031,-4.28335045905602
"Dorosoma cepedianum","Teleostei","Clupeiformes","Clupeidae","Dorosoma","cepedianum",4.3999999950742,0.0043999999950742,23,"C","J. G. Rubalcaba, W. C. E. P. Verberk, A. J. Hendriks. B. Saris, H. A. Woods, Oxygen limitation may affect the temperature and size dependence of metabolism in aquatic ectotherms. Proc. Natl. Acad. Sci. U.S.A. 117, 31963-3196 (2020).",-5.42615073917742,-3.36522969746461,39.1861115172861,651,296.15,-5478.17471535787,6923.87195295277,-9.86509190714357,0.148270090189226,9.64690750252623e-05,FALSE,TRUE,-5.53274365054031,-4.28335045905601
"Dorosoma cepedianum","Teleostei","Clupeiformes","Clupeidae","Dorosoma","cepedianum",63.2999999974704,0.0632999999974704,23.9,"C","J. G. Rubalcaba, W. C. E. P. Verberk, A. J. Hendriks. B. Saris, H. A. Woods, Oxygen limitation may affect the temperature and size dependence of metabolism in aquatic ectotherms. Proc. Natl. Acad. Sci. U.S.A. 117, 31963-3196 (2020).",-2.75986994987197,-2.35137700674834,39.0673857123187,688,297.05,-5478.17471535787,6923.87195295277,-9.86509190714357,0.148270090189226,9.64690750252623e-05,FALSE,TRUE,-3.39670982577534,-2.14731663429108
"Dorosoma cepedianum","Teleostei","Clupeiformes","Clupeidae","Dorosoma","cepedianum",68.4999999223312,0.0684999999223312,10.4,"C","J. G. Rubalcaba, W. C. E. P. Verberk, A. J. Hendriks. B. Saris, H. A. Woods, Oxygen limitation may affect the temperature and size dependence of metabolism in aquatic ectotherms. Proc. Natl. Acad. Sci. U.S.A. 117, 31963-3196 (2020).",-2.68092153484781,-2.14863437315745,40.9274093664054,689,283.55,-5478.17471535787,6923.87195295277,-9.86509190714357,0.148270090189226,9.64690750252623e-05,FALSE,TRUE,-4.10807780303337,-2.85868461154914
"Dorosoma cepedianum","Teleostei","Clupeiformes","Clupeidae","Dorosoma","cepedianum",4.6000000033727,0.0046000000033727,13.4,"C","J. G. Rubalcaba, W. C. E. P. Verberk, A. J. Hendriks. B. Saris, H. A. Woods, Oxygen limitation may affect the temperature and size dependence of metabolism in aquatic ectotherms. Proc. Natl. Acad. Sci. U.S.A. 117, 31963-3196 (2020).",-5.38169897475389,-4.51489844296722,40.4989248851658,652,286.55,-5478.17471535787,6923.87195295277,-9.86509190714357,0.148270090189226,9.64690750252623e-05,FALSE,TRUE,-6.04365091599948,-4.79425772451519
"Dorosoma cepedianum","Teleostei","Clupeiformes","Clupeidae","Dorosoma","cepedianum",4.6000000033727,0.0046000000033727,13,"C","J. G. Rubalcaba, W. C. E. P. Verberk, A. J. Hendriks. B. Saris, H. A. Woods, Oxygen limitation may affect the temperature and size dependence of metabolism in aquatic ectotherms. Proc. Natl. Acad. Sci. U.S.A. 117, 31963-3196 (2020).",-5.38169897475389,-4.38915876484548,40.5555370464591,653,286.15,-5478.17471535787,6923.87195295277,-9.86509190714357,0.148270090189226,9.64690750252623e-05,FALSE,TRUE,-6.06718284770122,-4.81778965621698
"Dorosoma cepedianum","Teleostei","Clupeiformes","Clupeidae","Dorosoma","cepedianum",81.0000000226329,0.0810000000226329,13.5,"C","J. G. Rubalcaba, W. C. E. P. Verberk, A. J. Hendriks. B. Saris, H. A. Woods, Oxygen limitation may affect the temperature and size dependence of metabolism in aquatic ectotherms. Proc. Natl. Acad. Sci. U.S.A. 117, 31963-3196 (2020).",-2.51330612403028,-2.48728877078668,40.4847965318132,691,286.65,-5478.17471535787,6923.87195295277,-9.86509190714357,0.148270090189226,9.64690750252623e-05,FALSE,TRUE,-3.79291820280489,-2.54352501132065
"Dorosoma cepedianum","Teleostei","Clupeiformes","Clupeidae","Dorosoma","cepedianum",19.0000000020636,0.0190000000020636,23,"C","J. G. Rubalcaba, W. C. E. P. Verberk, A. J. Hendriks. B. Saris, H. A. Woods, Oxygen limitation may affect the temperature and size dependence of metabolism in aquatic ectotherms. Proc. Natl. Acad. Sci. U.S.A. 117, 31963-3196 (2020).",-3.96331629970709,-2.88256466371895,39.1861115172861,667,296.15,-5478.17471535787,6923.87195295277,-9.86509190714357,0.148270090189226,9.64690750252623e-05,FALSE,TRUE,-4.38790098818101,-3.13850779669675
"Dorosoma cepedianum","Teleostei","Clupeiformes","Clupeidae","Dorosoma","cepedianum",4.9999999961314,0.0049999999961314,9.8,"C","J. G. Rubalcaba, W. C. E. P. Verberk, A. J. Hendriks. B. Saris, H. A. Woods, Oxygen limitation may affect the temperature and size dependence of metabolism in aquatic ectotherms. Proc. Natl. Acad. Sci. U.S.A. 117, 31963-3196 (2020).",-5.29831736732176,-5.25726213629603,41.0141965924872,654,282.95,-5478.17471535787,6923.87195295277,-9.86509190714357,0.148270090189226,9.64690750252623e-05,FALSE,TRUE,-6.19257742702626,-4.94318423554197
"Dorosoma cepedianum","Teleostei","Clupeiformes","Clupeidae","Dorosoma","cepedianum",87.699999926083,0.087699999926083,13.4,"C","J. G. Rubalcaba, W. C. E. P. Verberk, A. J. Hendriks. B. Saris, H. A. Woods, Oxygen limitation may affect the temperature and size dependence of metabolism in aquatic ectotherms. Proc. Natl. Acad. Sci. U.S.A. 117, 31963-3196 (2020).",-2.43383338044684,-3.88942056733026,40.4989248851658,694,286.55,-5478.17471535787,6923.87195295277,-9.86509190714357,0.148270090189226,9.64690750252623e-05,FALSE,TRUE,-3.73659401044437,-2.48720081896016
"Dorosoma cepedianum","Teleostei","Clupeiformes","Clupeidae","Dorosoma","cepedianum",256.899999842447,0.256899999842447,16.7,"C","J. G. Rubalcaba, W. C. E. P. Verberk, A. J. Hendriks. B. Saris, H. A. Woods, Oxygen limitation may affect the temperature and size dependence of metabolism in aquatic ectotherms. Proc. Natl. Acad. Sci. U.S.A. 117, 31963-3196 (2020).",-1.35906837547958,-1.58112395588896,40.0378365563024,695,289.85,-5478.17471535787,6923.87195295277,-9.86509190714357,0.148270090189226,9.64690750252623e-05,FALSE,TRUE,-2.70380181358679,-1.45440862210255
"Dorosoma cepedianum","Teleostei","Clupeiformes","Clupeidae","Dorosoma","cepedianum",26.9999999901158,0.0269999999901158,16.8,"C","J. G. Rubalcaba, W. C. E. P. Verberk, A. J. Hendriks. B. Saris, H. A. Woods, Oxygen limitation may affect the temperature and size dependence of metabolism in aquatic ectotherms. Proc. Natl. Acad. Sci. U.S.A. 117, 31963-3196 (2020).",-3.61191841334389,-4.01435568615131,40.0240280249845,671,289.95,-5478.17471535787,6923.87195295277,-9.86509190714357,0.148270090189226,9.64690750252623e-05,FALSE,TRUE,-4.46118625597396,-3.21179306448972
"Dorosoma cepedianum","Teleostei","Clupeiformes","Clupeidae","Dorosoma","cepedianum",27.5999999958553,0.0275999999958553,16,"C","J. G. Rubalcaba, W. C. E. P. Verberk, A. J. Hendriks. B. Saris, H. A. Woods, Oxygen limitation may affect the temperature and size dependence of metabolism in aquatic ectotherms. Proc. Natl. Acad. Sci. U.S.A. 117, 31963-3196 (2020).",-3.5899395064092,-4.11599073532507,40.1347637068797,672,289.15,-5478.17471535787,6923.87195295277,-9.86509190714357,0.148270090189226,9.64690750252623e-05,FALSE,TRUE,-4.49001454837151,-3.24062135688728
"Dorosoma cepedianum","Teleostei","Clupeiformes","Clupeidae","Dorosoma","cepedianum",59.9999999469976,0.0599999999469976,14.6,"C","J. G. Rubalcaba, W. C. E. P. Verberk, A. J. Hendriks. B. Saris, H. A. Woods, Oxygen limitation may affect the temperature and size dependence of metabolism in aquatic ectotherms. Proc. Natl. Acad. Sci. U.S.A. 117, 31963-3196 (2020).",-2.81341071764341,-2.0089724259186,40.3300327570609,686,287.75,-5478.17471535787,6923.87195295277,-9.86509190714357,0.148270090189226,9.64690750252623e-05,FALSE,TRUE,-3.96345535608175,-2.71406216459748
"Dorosoma cepedianum","Teleostei","Clupeiformes","Clupeidae","Dorosoma","cepedianum",61.9999999288691,0.0619999999288691,22.7,"C","J. G. Rubalcaba, W. C. E. P. Verberk, A. J. Hendriks. B. Saris, H. A. Woods, Oxygen limitation may affect the temperature and size dependence of metabolism in aquatic ectotherms. Proc. Natl. Acad. Sci. U.S.A. 117, 31963-3196 (2020).",-2.78062089508432,-1.16197274648374,39.2258473072309,687,295.85,-5478.17471535787,6923.87195295277,-9.86509190714357,0.148270090189226,9.64690750252623e-05,FALSE,TRUE,-3.47881752291765,-2.22942433143336
"Dorosoma cepedianum","Teleostei","Clupeiformes","Clupeidae","Dorosoma","cepedianum",29.8999999776639,0.0298999999776639,14.2,"C","J. G. Rubalcaba, W. C. E. P. Verberk, A. J. Hendriks. B. Saris, H. A. Woods, Oxygen limitation may affect the temperature and size dependence of metabolism in aquatic ectotherms. Proc. Natl. Acad. Sci. U.S.A. 117, 31963-3196 (2020).",-3.50989679933252,-3.49914691733716,40.3861733977528,675,287.35,-5478.17471535787,6923.87195295277,-9.86509190714357,0.148270090189226,9.64690750252623e-05,FALSE,TRUE,-4.53187483485503,-3.28248164337076
"Dorosoma cepedianum","Teleostei","Clupeiformes","Clupeidae","Dorosoma","cepedianum",29.8999999776639,0.0298999999776639,15.2,"C","J. G. Rubalcaba, W. C. E. P. Verberk, A. J. Hendriks. B. Saris, H. A. Woods, Oxygen limitation may affect the temperature and size dependence of metabolism in aquatic ectotherms. Proc. Natl. Acad. Sci. U.S.A. 117, 31963-3196 (2020).",-3.50989679933252,-3.42861676666968,40.2461138402784,676,288.35,-5478.17471535787,6923.87195295277,-9.86509190714357,0.148270090189226,9.64690750252623e-05,FALSE,TRUE,-4.4736563908781,-3.22426319939387
"Dorosoma cepedianum","Teleostei","Clupeiformes","Clupeidae","Dorosoma","cepedianum",31.9999999764284,0.0319999999764284,21.2,"C","J. G. Rubalcaba, W. C. E. P. Verberk, A. J. Hendriks. B. Saris, H. A. Woods, Oxygen limitation may affect the temperature and size dependence of metabolism in aquatic ectotherms. Proc. Natl. Acad. Sci. U.S.A. 117, 31963-3196 (2020).",-3.44201937691902,-2.59836037171176,39.4257412123128,677,294.35,-5478.17471535787,6923.87195295277,-9.86509190714357,0.148270090189226,9.64690750252623e-05,FALSE,TRUE,-4.07953056829058,-2.83013737680635
"Dorosoma cepedianum","Teleostei","Clupeiformes","Clupeidae","Dorosoma","cepedianum",74.1000000035271,0.0741000000035271,23.9,"C","J. G. Rubalcaba, W. C. E. P. Verberk, A. J. Hendriks. B. Saris, H. A. Woods, Oxygen limitation may affect the temperature and size dependence of metabolism in aquatic ectotherms. Proc. Natl. Acad. Sci. U.S.A. 117, 31963-3196 (2020).",-2.6023397466325,-1.76707709766573,39.0673857123187,690,297.05,-5478.17471535787,6923.87195295277,-9.86509190714357,0.148270090189226,9.64690750252623e-05,FALSE,TRUE,-3.27342362713759,-2.02403043565333
"Dorosoma cepedianum","Teleostei","Clupeiformes","Clupeidae","Dorosoma","cepedianum",17.2000000036614,0.0172000000036614,11.5,"C","J. G. Rubalcaba, W. C. E. P. Verberk, A. J. Hendriks. B. Saris, H. A. Woods, Oxygen limitation may affect the temperature and size dependence of metabolism in aquatic ectotherms. Proc. Natl. Acad. Sci. U.S.A. 117, 31963-3196 (2020).",-4.06284589494986,-4.80059328979228,40.7692496955709,665,284.65,-5478.17471535787,6923.87195295277,-9.86509190714357,0.148270090189226,9.64690750252623e-05,FALSE,TRUE,-5.12385656121298,-3.87446336972873
"Dorosoma cepedianum","Teleostei","Clupeiformes","Clupeidae","Dorosoma","cepedianum",9.300000009552,0.009300000009552,23,"C","J. G. Rubalcaba, W. C. E. P. Verberk, A. J. Hendriks. B. Saris, H. A. Woods, Oxygen limitation may affect the temperature and size dependence of metabolism in aquatic ectotherms. Proc. Natl. Acad. Sci. U.S.A. 117, 31963-3196 (2020).",-4.67774087779583,-3.71000135564313,39.1861115172861,657,296.15,-5478.17471535787,6923.87195295277,-9.86509190714357,0.148270090189226,9.64690750252623e-05,FALSE,TRUE,-4.947023547758,-3.69763035627375
"Dorosoma cepedianum","Teleostei","Clupeiformes","Clupeidae","Dorosoma","cepedianum",9.300000009552,0.009300000009552,23,"C","J. G. Rubalcaba, W. C. E. P. Verberk, A. J. Hendriks. B. Saris, H. A. Woods, Oxygen limitation may affect the temperature and size dependence of metabolism in aquatic ectotherms. Proc. Natl. Acad. Sci. U.S.A. 117, 31963-3196 (2020).",-4.67774087779583,-3.16291360090813,39.1861115172861,658,296.15,-5478.17471535787,6923.87195295277,-9.86509190714357,0.148270090189226,9.64690750252623e-05,FALSE,TRUE,-4.947023547758,-3.69763035627376
"Dorosoma cepedianum","Teleostei","Clupeiformes","Clupeidae","Dorosoma","cepedianum",85.9999999517682,0.0859999999517682,24.2,"C","J. G. Rubalcaba, W. C. E. P. Verberk, A. J. Hendriks. B. Saris, H. A. Woods, Oxygen limitation may affect the temperature and size dependence of metabolism in aquatic ectotherms. Proc. Natl. Acad. Sci. U.S.A. 117, 31963-3196 (2020).",-2.45340798328946,-2.00937830534148,39.0279701558576,693,297.35,-5478.17471535787,6923.87195295277,-9.86509190714357,0.148270090189226,9.64690750252623e-05,FALSE,TRUE,-3.14048290191579,-1.89108971043153
"Dorosoma cepedianum","Teleostei","Clupeiformes","Clupeidae","Dorosoma","cepedianum",25.000000018879,0.025000000018879,22,"C","J. G. Rubalcaba, W. C. E. P. Verberk, A. J. Hendriks. B. Saris, H. A. Woods, Oxygen limitation may affect the temperature and size dependence of metabolism in aquatic ectotherms. Proc. Natl. Acad. Sci. U.S.A. 117, 31963-3196 (2020).",-3.68887945335878,-3.40400046697091,39.3188782850898,669,295.15,-5478.17471535787,6923.87195295277,-9.86509190714357,0.148270090189226,9.64690750252623e-05,FALSE,TRUE,-4.22830843451903,-2.97891524303481
"Dorosoma cepedianum","Teleostei","Clupeiformes","Clupeidae","Dorosoma","cepedianum",13.699999995066,0.013699999995066,17.2,"C","J. G. Rubalcaba, W. C. E. P. Verberk, A. J. Hendriks. B. Saris, H. A. Woods, Oxygen limitation may affect the temperature and size dependence of metabolism in aquatic ectotherms. Proc. Natl. Acad. Sci. U.S.A. 117, 31963-3196 (2020).",-4.2903594465082,-3.27643566941774,39.9688890161676,661,290.35,-5478.17471535787,6923.87195295277,-9.86509190714357,0.148270090189226,9.64690750252623e-05,FALSE,TRUE,-4.96922780636393,-3.71983461487971
"Dorosoma cepedianum","Teleostei","Clupeiformes","Clupeidae","Dorosoma","cepedianum",14.6000000072467,0.0146000000072467,17.2,"C","J. G. Rubalcaba, W. C. E. P. Verberk, A. J. Hendriks. B. Saris, H. A. Woods, Oxygen limitation may affect the temperature and size dependence of metabolism in aquatic ectotherms. Proc. Natl. Acad. Sci. U.S.A. 117, 31963-3196 (2020).",-4.2267337497715,-4.9403835930456,39.9688890161676,662,290.35,-5478.17471535787,6923.87195295277,-9.86509190714357,0.148270090189226,9.64690750252623e-05,FALSE,TRUE,-4.91943309953922,-3.67003990805494
"Dorosoma cepedianum","Teleostei","Clupeiformes","Clupeidae","Dorosoma","cepedianum",10,0.01,13.9,"C","J. G. Rubalcaba, W. C. E. P. Verberk, A. J. Hendriks. B. Saris, H. A. Woods, Oxygen limitation may affect the temperature and size dependence of metabolism in aquatic ectotherms. Proc. Natl. Acad. Sci. U.S.A. 117, 31963-3196 (2020).",-4.60517018598809,-3.4312694950053,40.4283815566775,659,287.05,-5478.17471535787,6923.87195295277,-9.86509190714357,0.148270090189226,9.64690750252623e-05,FALSE,TRUE,-5.40660170535614,-4.15720851387185
"Dorosoma cepedianum","Teleostei","Clupeiformes","Clupeidae","Dorosoma","cepedianum",11.2000000085056,0.0112000000085056,20.3,"C","J. G. Rubalcaba, W. C. E. P. Verberk, A. J. Hendriks. B. Saris, H. A. Woods, Oxygen limitation may affect the temperature and size dependence of metabolism in aquatic ectotherms. Proc. Natl. Acad. Sci. U.S.A. 117, 31963-3196 (2020).",-4.49184149992166,-4.53644171434059,39.5466584625805,660,293.45,-5478.17471535787,6923.87195295277,-9.86509190714357,0.148270090189226,9.64690750252623e-05,FALSE,TRUE,-4.95140334141809,-3.70201014993386
"Dorosoma cepedianum","Teleostei","Clupeiformes","Clupeidae","Dorosoma","cepedianum",81.5000000487961,0.0815000000487961,12.2,"C","J. G. Rubalcaba, W. C. E. P. Verberk, A. J. Hendriks. B. Saris, H. A. Woods, Oxygen limitation may affect the temperature and size dependence of metabolism in aquatic ectotherms. Proc. Natl. Acad. Sci. U.S.A. 117, 31963-3196 (2020).",-2.50715225813659,-3.0072280012947,40.6692375182907,692,285.35,-5478.17471535787,6923.87195295277,-9.86509190714357,0.148270090189226,9.64690750252623e-05,FALSE,TRUE,-3.86476850474912,-2.61537531326487
"Dorosoma cepedianum","Teleostei","Clupeiformes","Clupeidae","Dorosoma","cepedianum",28.599999991502,0.028599999991502,10,"C","J. G. Rubalcaba, W. C. E. P. Verberk, A. J. Hendriks. B. Saris, H. A. Woods, Oxygen limitation may affect the temperature and size dependence of metabolism in aquatic ectotherms. Proc. Natl. Acad. Sci. U.S.A. 117, 31963-3196 (2020).",-3.55434856145346,-4.61564394143735,40.9852266496354,673,283.15,-5478.17471535787,6923.87195295277,-9.86509190714357,0.148270090189226,9.64690750252623e-05,FALSE,TRUE,-4.81567163278625,-3.56627844130196
"Dorosoma cepedianum","Teleostei","Clupeiformes","Clupeidae","Dorosoma","cepedianum",15.0999999898067,0.0150999999898067,20,"C","J. G. Rubalcaba, W. C. E. P. Verberk, A. J. Hendriks. B. Saris, H. A. Woods, Oxygen limitation may affect the temperature and size dependence of metabolism in aquatic ectotherms. Proc. Natl. Acad. Sci. U.S.A. 117, 31963-3196 (2020).",-4.19306053583631,-3.82948927932907,39.5871292029482,663,293.15,-5478.17471535787,6923.87195295277,-9.86509190714357,0.148270090189226,9.64690750252623e-05,FALSE,TRUE,-4.73439399235436,-3.48500080087013
"Dorosoma cepedianum","Teleostei","Clupeiformes","Clupeidae","Dorosoma","cepedianum",15.2000000019329,0.0152000000019329,12,"C","J. G. Rubalcaba, W. C. E. P. Verberk, A. J. Hendriks. B. Saris, H. A. Woods, Oxygen limitation may affect the temperature and size dependence of metabolism in aquatic ectotherms. Proc. Natl. Acad. Sci. U.S.A. 117, 31963-3196 (2020).",-4.18645985100274,-4.67379656809287,40.697762321039,664,285.15,-5478.17471535787,6923.87195295277,-9.86509190714357,0.148270090189226,9.64690750252623e-05,FALSE,TRUE,-5.19088414597991,-3.94149095449568
"Dorosoma cepedianum","Teleostei","Clupeiformes","Clupeidae","Dorosoma","cepedianum",29.1000000009442,0.0291000000009442,13.5,"C","J. G. Rubalcaba, W. C. E. P. Verberk, A. J. Hendriks. B. Saris, H. A. Woods, Oxygen limitation may affect the temperature and size dependence of metabolism in aquatic ectotherms. Proc. Natl. Acad. Sci. U.S.A. 117, 31963-3196 (2020).",-3.53701710477224,-4.36844998346505,40.4847965318132,674,286.65,-5478.17471535787,6923.87195295277,-9.86509190714357,0.148270090189226,9.64690750252623e-05,FALSE,TRUE,-4.59409431204623,-3.34470112056197
"Lampetra planeri","Cephalaspidomorphi","Petromyzontiformes","Petromyzontidae","Lampetra","planeri",2.7899999982423,0.0027899999982423,10,"C","J. G. Rubalcaba, W. C. E. P. Verberk, A. J. Hendriks. B. Saris, H. A. Woods, Oxygen limitation may affect the temperature and size dependence of metabolism in aquatic ectotherms. Proc. Natl. Acad. Sci. U.S.A. 117, 31963-3196 (2020).",-5.88171368377886,-8.06434960292628,40.9852266496354,1055,283.15,-4787.35547680534,-1628.02388294841,32.4701150460995,-1.88743442551193,-0.00293293133310313,FALSE,TRUE,-6.63711280960866,-7.47552278281405
"Lampetra planeri","Cephalaspidomorphi","Petromyzontiformes","Petromyzontidae","Lampetra","planeri",2.7899999982423,0.0027899999982423,10,"C","J. G. Rubalcaba, W. C. E. P. Verberk, A. J. Hendriks. B. Saris, H. A. Woods, Oxygen limitation may affect the temperature and size dependence of metabolism in aquatic ectotherms. Proc. Natl. Acad. Sci. U.S.A. 117, 31963-3196 (2020).",-5.88171368377886,-7.71807337008535,40.9852266496354,1059,283.15,-4787.35547680534,-1628.02388294841,32.4701150460995,-1.88743442551193,-0.00293293133310313,FALSE,TRUE,-6.63711280960866,-7.47552278281406
"Lampetra planeri","Cephalaspidomorphi","Petromyzontiformes","Petromyzontidae","Lampetra","planeri",2.7899999982423,0.0027899999982423,15.6,"C","J. G. Rubalcaba, W. C. E. P. Verberk, A. J. Hendriks. B. Saris, H. A. Woods, Oxygen limitation may affect the temperature and size dependence of metabolism in aquatic ectotherms. Proc. Natl. Acad. Sci. U.S.A. 117, 31963-3196 (2020).",-5.88171368377886,-6.7969164467407,40.1903616479455,1069,288.75,-4787.35547680534,-1628.02388294841,32.4701150460995,-1.88743442551193,-0.00293293133310313,FALSE,TRUE,-6.30671191155821,-7.1451218847636
"Lampetra planeri","Cephalaspidomorphi","Petromyzontiformes","Petromyzontidae","Lampetra","planeri",2.7899999982423,0.0027899999982423,10,"C","J. G. Rubalcaba, W. C. E. P. Verberk, A. J. Hendriks. B. Saris, H. A. Woods, Oxygen limitation may affect the temperature and size dependence of metabolism in aquatic ectotherms. Proc. Natl. Acad. Sci. U.S.A. 117, 31963-3196 (2020).",-5.88171368377886,-7.84812649347548,40.9852266496354,1058,283.15,-4787.35547680534,-1628.02388294841,32.4701150460995,-1.88743442551193,-0.00293293133310313,FALSE,TRUE,-6.63711280960866,-7.47552278281406
"Lampetra planeri","Cephalaspidomorphi","Petromyzontiformes","Petromyzontidae","Lampetra","planeri",2.7899999982423,0.0027899999982423,10,"C","J. G. Rubalcaba, W. C. E. P. Verberk, A. J. Hendriks. B. Saris, H. A. Woods, Oxygen limitation may affect the temperature and size dependence of metabolism in aquatic ectotherms. Proc. Natl. Acad. Sci. U.S.A. 117, 31963-3196 (2020).",-5.88171368377886,-7.96590952735336,40.9852266496354,1057,283.15,-4787.35547680534,-1628.02388294841,32.4701150460995,-1.88743442551193,-0.00293293133310313,FALSE,TRUE,-6.63711280960866,-7.47552278281406
"Lampetra planeri","Cephalaspidomorphi","Petromyzontiformes","Petromyzontidae","Lampetra","planeri",2.7899999982423,0.0027899999982423,10.3,"C","J. G. Rubalcaba, W. C. E. P. Verberk, A. J. Hendriks. B. Saris, H. A. Woods, Oxygen limitation may affect the temperature and size dependence of metabolism in aquatic ectotherms. Proc. Natl. Acad. Sci. U.S.A. 117, 31963-3196 (2020).",-5.88171368377886,-8.09944091769156,40.9418483889372,1054,283.45,-4787.35547680534,-1628.02388294841,32.4701150460995,-1.88743442551193,-0.00293293133310313,FALSE,TRUE,-6.61908180275836,-7.45749177596375
"Lampetra planeri","Cephalaspidomorphi","Petromyzontiformes","Petromyzontidae","Lampetra","planeri",2.7899999982423,0.0027899999982423,10,"C","J. G. Rubalcaba, W. C. E. P. Verberk, A. J. Hendriks. B. Saris, H. A. Woods, Oxygen limitation may affect the temperature and size dependence of metabolism in aquatic ectotherms. Proc. Natl. Acad. Sci. U.S.A. 117, 31963-3196 (2020).",-5.88171368377886,-7.02492618327918,40.9852266496354,1067,283.15,-4787.35547680534,-1628.02388294841,32.4701150460995,-1.88743442551193,-0.00293293133310313,FALSE,TRUE,-6.63711280960866,-7.47552278281406
"Lampetra planeri","Cephalaspidomorphi","Petromyzontiformes","Petromyzontidae","Lampetra","planeri",2.7899999982423,0.0027899999982423,10,"C","J. G. Rubalcaba, W. C. E. P. Verberk, A. J. Hendriks. B. Saris, H. A. Woods, Oxygen limitation may affect the temperature and size dependence of metabolism in aquatic ectotherms. Proc. Natl. Acad. Sci. U.S.A. 117, 31963-3196 (2020).",-5.88171368377886,-6.81652491537196,40.9852266496354,1068,283.15,-4787.35547680534,-1628.02388294841,32.4701150460995,-1.88743442551193,-0.00293293133310313,FALSE,TRUE,-6.63711280960866,-7.47552278281406
"Lampetra planeri","Cephalaspidomorphi","Petromyzontiformes","Petromyzontidae","Lampetra","planeri",2.7899999982423,0.0027899999982423,10,"C","J. G. Rubalcaba, W. C. E. P. Verberk, A. J. Hendriks. B. Saris, H. A. Woods, Oxygen limitation may affect the temperature and size dependence of metabolism in aquatic ectotherms. Proc. Natl. Acad. Sci. U.S.A. 117, 31963-3196 (2020).",-5.88171368377886,-7.60300403296816,40.9852266496354,1060,283.15,-4787.35547680534,-1628.02388294841,32.4701150460995,-1.88743442551193,-0.00293293133310313,FALSE,TRUE,-6.63711280960866,-7.47552278281406
"Lampetra planeri","Cephalaspidomorphi","Petromyzontiformes","Petromyzontidae","Lampetra","planeri",2.7899999982423,0.0027899999982423,10,"C","J. G. Rubalcaba, W. C. E. P. Verberk, A. J. Hendriks. B. Saris, H. A. Woods, Oxygen limitation may affect the temperature and size dependence of metabolism in aquatic ectotherms. Proc. Natl. Acad. Sci. U.S.A. 117, 31963-3196 (2020).",-5.88171368377886,-7.40629374627755,40.9852266496354,1061,283.15,-4787.35547680534,-1628.02388294841,32.4701150460995,-1.88743442551193,-0.00293293133310313,FALSE,TRUE,-6.63711280960866,-7.47552278281406
"Lampetra planeri","Cephalaspidomorphi","Petromyzontiformes","Petromyzontidae","Lampetra","planeri",2.7899999982423,0.0027899999982423,5.7,"C","J. G. Rubalcaba, W. C. E. P. Verberk, A. J. Hendriks. B. Saris, H. A. Woods, Oxygen limitation may affect the temperature and size dependence of metabolism in aquatic ectotherms. Proc. Natl. Acad. Sci. U.S.A. 117, 31963-3196 (2020).",-5.88171368377886,-8.03044805596049,41.617238392843,1056,278.85,-4787.35547680534,-1628.02388294841,32.4701150460995,-1.88743442551193,-0.00293293133310313,FALSE,TRUE,-6.89982062425676,-7.73823059746217
"Lampetra planeri","Cephalaspidomorphi","Petromyzontiformes","Petromyzontidae","Lampetra","planeri",2.7899999982423,0.0027899999982423,5.3,"C","J. G. Rubalcaba, W. C. E. P. Verberk, A. J. Hendriks. B. Saris, H. A. Woods, Oxygen limitation may affect the temperature and size dependence of metabolism in aquatic ectotherms. Proc. Natl. Acad. Sci. U.S.A. 117, 31963-3196 (2020).",-5.88171368377886,-8.79258809825151,41.6770225384962,1053,278.45,-4787.35547680534,-1628.02388294841,32.4701150460995,-1.88743442551193,-0.00293293133310313,FALSE,TRUE,-6.92467105215458,-7.76308102535998
"Lampetra planeri","Cephalaspidomorphi","Petromyzontiformes","Petromyzontidae","Lampetra","planeri",2.7899999982423,0.0027899999982423,10,"C","J. G. Rubalcaba, W. C. E. P. Verberk, A. J. Hendriks. B. Saris, H. A. Woods, Oxygen limitation may affect the temperature and size dependence of metabolism in aquatic ectotherms. Proc. Natl. Acad. Sci. U.S.A. 117, 31963-3196 (2020).",-5.88171368377886,-7.16896555288636,40.9852266496354,1065,283.15,-4787.35547680534,-1628.02388294841,32.4701150460995,-1.88743442551193,-0.00293293133310313,FALSE,TRUE,-6.63711280960866,-7.47552278281406
"Lampetra planeri","Cephalaspidomorphi","Petromyzontiformes","Petromyzontidae","Lampetra","planeri",2.7899999982423,0.0027899999982423,15.2,"C","J. G. Rubalcaba, W. C. E. P. Verberk, A. J. Hendriks. B. Saris, H. A. Woods, Oxygen limitation may affect the temperature and size dependence of metabolism in aquatic ectotherms. Proc. Natl. Acad. Sci. U.S.A. 117, 31963-3196 (2020).",-5.88171368377886,-7.33730086686388,40.2461138402784,1062,288.35,-4787.35547680534,-1628.02388294841,32.4701150460995,-1.88743442551193,-0.00293293133310313,FALSE,TRUE,-6.32988638065157,-7.16829635385697
"Lampetra planeri","Cephalaspidomorphi","Petromyzontiformes","Petromyzontidae","Lampetra","planeri",2.7899999982423,0.0027899999982423,10,"C","J. G. Rubalcaba, W. C. E. P. Verberk, A. J. Hendriks. B. Saris, H. A. Woods, Oxygen limitation may affect the temperature and size dependence of metabolism in aquatic ectotherms. Proc. Natl. Acad. Sci. U.S.A. 117, 31963-3196 (2020).",-5.88171368377886,-7.30451104872215,40.9852266496354,1063,283.15,-4787.35547680534,-1628.02388294841,32.4701150460995,-1.88743442551193,-0.00293293133310313,FALSE,TRUE,-6.63711280960866,-7.47552278281406
"Lampetra planeri","Cephalaspidomorphi","Petromyzontiformes","Petromyzontidae","Lampetra","planeri",2.7899999982423,0.0027899999982423,10.6,"C","J. G. Rubalcaba, W. C. E. P. Verberk, A. J. Hendriks. B. Saris, H. A. Woods, Oxygen limitation may affect the temperature and size dependence of metabolism in aquatic ectotherms. Proc. Natl. Acad. Sci. U.S.A. 117, 31963-3196 (2020).",-5.88171368377886,-7.18315019313415,40.8985618531956,1064,283.75,-4787.35547680534,-1628.02388294841,32.4701150460995,-1.88743442551193,-0.00293293133310313,FALSE,TRUE,-6.60108892314721,-7.43949889635262
"Lampetra planeri","Cephalaspidomorphi","Petromyzontiformes","Petromyzontidae","Lampetra","planeri",2.7899999982423,0.0027899999982423,10,"C","J. G. Rubalcaba, W. C. E. P. Verberk, A. J. Hendriks. B. Saris, H. A. Woods, Oxygen limitation may affect the temperature and size dependence of metabolism in aquatic ectotherms. Proc. Natl. Acad. Sci. U.S.A. 117, 31963-3196 (2020).",-5.88171368377886,-7.15497931291541,40.9852266496354,1066,283.15,-4787.35547680534,-1628.02388294841,32.4701150460995,-1.88743442551193,-0.00293293133310313,FALSE,TRUE,-6.63711280960866,-7.47552278281407
"Petromyzon marinus","Cephalaspidomorphi","Petromyzontiformes","Petromyzontidae","Petromyzon","marinus",3.5399999997898,0.0035399999997898,22.5,"C","J. G. Rubalcaba, W. C. E. P. Verberk, A. J. Hendriks. B. Saris, H. A. Woods, Oxygen limitation may affect the temperature and size dependence of metabolism in aquatic ectotherms. Proc. Natl. Acad. Sci. U.S.A. 117, 31963-3196 (2020).",-5.64362855189583,-5.39750255060422,39.2523826343456,2125,295.65,-4787.35547680534,-1628.02388294841,32.4701150460995,-1.88743442551193,-0.00293293133310313,FALSE,TRUE,-5.73049287553362,-5.68526594718296
"Petromyzon marinus","Cephalaspidomorphi","Petromyzontiformes","Petromyzontidae","Petromyzon","marinus",3.8800000036253,0.0038800000036253,18,"C","J. G. Rubalcaba, W. C. E. P. Verberk, A. J. Hendriks. B. Saris, H. A. Woods, Oxygen limitation may affect the temperature and size dependence of metabolism in aquatic ectotherms. Proc. Natl. Acad. Sci. U.S.A. 117, 31963-3196 (2020).",-5.5519201244126,-5.8869161171025,39.8590655189568,2126,291.15,-4787.35547680534,-1628.02388294841,32.4701150460995,-1.88743442551193,-0.00293293133310313,FALSE,TRUE,-5.91089946614201,-5.86567253779135
"Petromyzon marinus","Cephalaspidomorphi","Petromyzontiformes","Petromyzontidae","Petromyzon","marinus",3.4400000033938,0.0034400000033938,22.5,"C","J. G. Rubalcaba, W. C. E. P. Verberk, A. J. Hendriks. B. Saris, H. A. Woods, Oxygen limitation may affect the temperature and size dependence of metabolism in aquatic ectotherms. Proc. Natl. Acad. Sci. U.S.A. 117, 31963-3196 (2020).",-5.67228380661026,-4.92510623784026,39.2523826343456,2124,295.65,-4787.35547680534,-1628.02388294841,32.4701150460995,-1.88743442551193,-0.00293293133310313,FALSE,TRUE,-5.75291903478492,-5.70769210643426
"Petromyzon marinus","Cephalaspidomorphi","Petromyzontiformes","Petromyzontidae","Petromyzon","marinus",35.6999999907774,0.0356999999907774,15,"C","J. G. Rubalcaba, W. C. E. P. Verberk, A. J. Hendriks. B. Saris, H. A. Woods, Oxygen limitation may affect the temperature and size dependence of metabolism in aquatic ectotherms. Proc. Natl. Acad. Sci. U.S.A. 117, 31963-3196 (2020).",-3.33260459045488,-4.13760421152119,40.2740479814134,2129,288.15,-4787.35547680534,-1628.02388294841,32.4701150460995,-1.88743442551193,-0.00293293133310313,FALSE,TRUE,-4.34651542460772,-4.30128849625706
"Petromyzon marinus","Cephalaspidomorphi","Petromyzontiformes","Petromyzontidae","Petromyzon","marinus",75.6000000868277,0.0756000000868277,20,"C","J. G. Rubalcaba, W. C. E. P. Verberk, A. J. Hendriks. B. Saris, H. A. Woods, Oxygen limitation may affect the temperature and size dependence of metabolism in aquatic ectotherms. Proc. Natl. Acad. Sci. U.S.A. 117, 31963-3196 (2020).",-2.58229899464814,-3.31194918009207,39.5871292029482,2130,293.15,-4787.35547680534,-1628.02388294841,32.4701150460995,-1.88743442551193,-0.00293293133310313,FALSE,TRUE,-3.47378070524338,-3.42855377689273
"Petromyzon marinus","Cephalaspidomorphi","Petromyzontiformes","Petromyzontidae","Petromyzon","marinus",22.7999999999761,0.0227999999999761,5,"C","J. G. Rubalcaba, W. C. E. P. Verberk, A. J. Hendriks. B. Saris, H. A. Woods, Oxygen limitation may affect the temperature and size dependence of metabolism in aquatic ectotherms. Proc. Natl. Acad. Sci. U.S.A. 117, 31963-3196 (2020).",-3.78099474302279,-5.36063457943336,41.7219734885647,2127,278.15,-4787.35547680534,-1628.02388294841,32.4701150460995,-1.88743442551193,-0.00293293133310313,FALSE,TRUE,-5.29929230725259,-5.25406537890194
"Petromyzon marinus","Cephalaspidomorphi","Petromyzontiformes","Petromyzontidae","Petromyzon","marinus",34.8000000042804,0.0348000000042804,10,"C","J. G. Rubalcaba, W. C. E. P. Verberk, A. J. Hendriks. B. Saris, H. A. Woods, Oxygen limitation may affect the temperature and size dependence of metabolism in aquatic ectotherms. Proc. Natl. Acad. Sci. U.S.A. 117, 31963-3196 (2020).",-3.35813789207871,-4.73368237243668,40.9852266496354,2128,283.15,-4787.35547680534,-1628.02388294841,32.4701150460995,-1.88743442551193,-0.00293293133310313,FALSE,TRUE,-4.66211334960034,-4.61688642124969
"Squalus acanthias","Chondrichthyes","Squaliformes","Squalidae","Squalus","acanthias",100,0.1,13,"C","J. G. Rubalcaba, W. C. E. P. Verberk, A. J. Hendriks. B. Saris, H. A. Woods, Oxygen limitation may affect the temperature and size dependence of metabolism in aquatic ectotherms. Proc. Natl. Acad. Sci. U.S.A. 117, 31963-3196 (2020).",-2.30258509299405,-2.86891022107708,40.5555370464591,2399,286.15,-4787.35547680535,-1628.02388294841,32.4701150461039,-1.88743442551529,-0.00293293133330422,FALSE,TRUE,-3.65740848158922,-3.26980424939332
"Squalus acanthias","Chondrichthyes","Squaliformes","Squalidae","Squalus","acanthias",640.000000023745,0.640000000023745,13,"C","J. G. Rubalcaba, W. C. E. P. Verberk, A. J. Hendriks. B. Saris, H. A. Woods, Oxygen limitation may affect the temperature and size dependence of metabolism in aquatic ectotherms. Proc. Natl. Acad. Sci. U.S.A. 117, 31963-3196 (2020).",-0.446287102591318,-2.04497513371366,40.5555370464591,2400,286.15,-4787.35547680535,-1628.02388294841,32.4701150461039,-1.88743442551529,-0.00293293133330422,FALSE,TRUE,-2.20463359734849,-1.8170293651526
"Squalus acanthias","Chondrichthyes","Squaliformes","Squalidae","Squalus","acanthias",940.000000866425,0.940000000866425,13,"C","J. G. Rubalcaba, W. C. E. P. Verberk, A. J. Hendriks. B. Saris, H. A. Woods, Oxygen limitation may affect the temperature and size dependence of metabolism in aquatic ectotherms. Proc. Natl. Acad. Sci. U.S.A. 117, 31963-3196 (2020).",-0.061875402796359,-1.6044739682164,40.5555370464591,2401,286.15,-4787.35547680535,-1628.02388294841,32.4701150461039,-1.88743442551529,-0.00293293133330422,FALSE,TRUE,-1.90378553008896,-1.51618129789306
"Squalus acanthias","Chondrichthyes","Squaliformes","Squalidae","Squalus","acanthias",1049.99999983091,1.04999999983091,13,"C","J. G. Rubalcaba, W. C. E. P. Verberk, A. J. Hendriks. B. Saris, H. A. Woods, Oxygen limitation may affect the temperature and size dependence of metabolism in aquatic ectotherms. Proc. Natl. Acad. Sci. U.S.A. 117, 31963-3196 (2020).",0.0487901640083945,-1.3902677215831,40.5555370464591,2402,286.15,-4787.35547680535,-1628.02388294841,32.4701150461039,-1.88743442551529,-0.00293293133330422,FALSE,TRUE,-1.81717650673418,-1.42957227453828
"Squalus acanthias","Chondrichthyes","Squaliformes","Squalidae","Squalus","acanthias",1120.00000085057,1.12000000085057,13,"C","J. G. Rubalcaba, W. C. E. P. Verberk, A. J. Hendriks. B. Saris, H. A. Woods, Oxygen limitation may affect the temperature and size dependence of metabolism in aquatic ectotherms. Proc. Natl. Acad. Sci. U.S.A. 117, 31963-3196 (2020).",0.113328686066438,-1.27771998126069,40.5555370464591,2403,286.15,-4787.35547680535,-1628.02388294841,32.4701150461039,-1.88743442551529,-0.00293293133330422,FALSE,TRUE,-1.76666740507233,-1.37906317287643
"Squalus acanthias","Chondrichthyes","Squaliformes","Squalidae","Squalus","acanthias",1239.99999953679,1.23999999953679,13,"C","J. G. Rubalcaba, W. C. E. P. Verberk, A. J. Hendriks. B. Saris, H. A. Woods, Oxygen limitation may affect the temperature and size dependence of metabolism in aquatic ectotherms. Proc. Natl. Acad. Sci. U.S.A. 117, 31963-3196 (2020).",0.215111379243386,-1.38357665166221,40.5555370464591,2404,286.15,-4787.35547680535,-1628.02388294841,32.4701150461039,-1.88743442551529,-0.00293293133330422,FALSE,TRUE,-1.68701029125637,-1.29940605906048
"Squalus acanthias","Chondrichthyes","Squaliformes","Squalidae","Squalus","acanthias",1549.99999939223,1.54999999939223,13,"C","J. G. Rubalcaba, W. C. E. P. Verberk, A. J. Hendriks. B. Saris, H. A. Woods, Oxygen limitation may affect the temperature and size dependence of metabolism in aquatic ectotherms. Proc. Natl. Acad. Sci. U.S.A. 117, 31963-3196 (2020).",0.438254930539045,-1.24047580791812,40.5555370464591,2405,286.15,-4787.35547680535,-1628.02388294841,32.4701150461039,-1.88743442551529,-0.00293293133330422,FALSE,TRUE,-1.5123738112415,-1.12476957904561
"Squalus acanthias","Chondrichthyes","Squaliformes","Squalidae","Squalus","acanthias",1615.00000123787,1.61500000123787,9,"C","J. G. Rubalcaba, W. C. E. P. Verberk, A. J. Hendriks. B. Saris, H. A. Woods, Oxygen limitation may affect the temperature and size dependence of metabolism in aquatic ectotherms. Proc. Natl. Acad. Sci. U.S.A. 117, 31963-3196 (2020).",0.479334957441101,-1.97955433971325,41.1304870666109,2406,282.15,-4787.35547680535,-1628.02388294841,32.4701150461039,-1.88743442551529,-0.00293293133330422,FALSE,TRUE,-1.71921279777098,-1.33160856557509
"Squalus acanthias","Chondrichthyes","Squaliformes","Squalidae","Squalus","acanthias",1750.00000126408,1.75000000126408,13,"C","J. G. Rubalcaba, W. C. E. P. Verberk, A. J. Hendriks. B. Saris, H. A. Woods, Oxygen limitation may affect the temperature and size dependence of metabolism in aquatic ectotherms. Proc. Natl. Acad. Sci. U.S.A. 117, 31963-3196 (2020).",0.559615788657757,-0.982982776698722,40.5555370464591,2407,286.15,-4787.35547680535,-1628.02388294841,32.4701150461039,-1.88743442551529,-0.00293293133330422,FALSE,TRUE,-1.41739444504258,-1.0297902128467
"Squalus acanthias","Chondrichthyes","Squaliformes","Squalidae","Squalus","acanthias",1811.99999857811,1.81199999857811,9,"C","J. G. Rubalcaba, W. C. E. P. Verberk, A. J. Hendriks. B. Saris, H. A. Woods, Oxygen limitation may affect the temperature and size dependence of metabolism in aquatic ectotherms. Proc. Natl. Acad. Sci. U.S.A. 117, 31963-3196 (2020).",0.594431206836081,-1.91097810436443,41.1304870666109,2408,282.15,-4787.35547680535,-1628.02388294841,32.4701150461039,-1.88743442551529,-0.00293293133330422,FALSE,TRUE,-1.62913623611126,-1.24153200391538
"Squalus acanthias","Chondrichthyes","Squaliformes","Squalidae","Squalus","acanthias",1854.00000081761,1.85400000081761,10,"C","J. G. Rubalcaba, W. C. E. P. Verberk, A. J. Hendriks. B. Saris, H. A. Woods, Oxygen limitation may affect the temperature and size dependence of metabolism in aquatic ectotherms. Proc. Natl. Acad. Sci. U.S.A. 117, 31963-3196 (2020).",0.617345467584659,-1.43607872130511,40.9852266496354,2409,283.15,-4787.35547680535,-1628.02388294841,32.4701150461039,-1.88743442551529,-0.00293293133330422,FALSE,TRUE,-1.55082280923676,-1.16321857704085
"Squalus acanthias","Chondrichthyes","Squaliformes","Squalidae","Squalus","acanthias",1854.00000081761,1.85400000081761,10,"C","J. G. Rubalcaba, W. C. E. P. Verberk, A. J. Hendriks. B. Saris, H. A. Woods, Oxygen limitation may affect the temperature and size dependence of metabolism in aquatic ectotherms. Proc. Natl. Acad. Sci. U.S.A. 117, 31963-3196 (2020).",0.617345467584659,-1.00076064989613,40.9852266496354,2410,283.15,-4787.35547680535,-1628.02388294841,32.4701150461039,-1.88743442551529,-0.00293293133330422,FALSE,TRUE,-1.55082280923676,-1.16321857704087
"Squalus acanthias","Chondrichthyes","Squaliformes","Squalidae","Squalus","acanthias",1854.00000081761,1.85400000081761,10,"C","J. G. Rubalcaba, W. C. E. P. Verberk, A. J. Hendriks. B. Saris, H. A. Woods, Oxygen limitation may affect the temperature and size dependence of metabolism in aquatic ectotherms. Proc. Natl. Acad. Sci. U.S.A. 117, 31963-3196 (2020).",0.617345467584659,-0.443949913241521,40.9852266496354,2411,283.15,-4787.35547680535,-1628.02388294841,32.4701150461039,-1.88743442551529,-0.00293293133330422,FALSE,TRUE,-1.55082280923676,-1.16321857704086
"Squalus acanthias","Chondrichthyes","Squaliformes","Squalidae","Squalus","acanthias",1870.00000199576,1.87000000199576,13,"C","J. G. Rubalcaba, W. C. E. P. Verberk, A. J. Hendriks. B. Saris, H. A. Woods, Oxygen limitation may affect the temperature and size dependence of metabolism in aquatic ectotherms. Proc. Natl. Acad. Sci. U.S.A. 117, 31963-3196 (2020).",0.625938431933746,-0.935009272404794,40.5555370464591,2412,286.15,-4787.35547680535,-1628.02388294841,32.4701150461039,-1.88743442551529,-0.00293293133330422,FALSE,TRUE,-1.36548905544136,-0.977884823245462
"Squalus acanthias","Chondrichthyes","Squaliformes","Squalidae","Squalus","acanthias",2059.99999824899,2.05999999824899,10,"C","J. G. Rubalcaba, W. C. E. P. Verberk, A. J. Hendriks. B. Saris, H. A. Woods, Oxygen limitation may affect the temperature and size dependence of metabolism in aquatic ectotherms. Proc. Natl. Acad. Sci. U.S.A. 117, 31963-3196 (2020).",0.722705981951484,-0.915202761567431,40.9852266496354,2413,283.15,-4787.35547680535,-1628.02388294841,32.4701150461039,-1.88743442551529,-0.00293293133330422,FALSE,TRUE,-1.46836562302303,-1.08076139082714
"Squalus acanthias","Chondrichthyes","Squaliformes","Squalidae","Squalus","acanthias",2699.99999901158,2.69999999901158,13,"C","J. G. Rubalcaba, W. C. E. P. Verberk, A. J. Hendriks. B. Saris, H. A. Woods, Oxygen limitation may affect the temperature and size dependence of metabolism in aquatic ectotherms. Proc. Natl. Acad. Sci. U.S.A. 117, 31963-3196 (2020).",0.993251772644202,-0.706532375143525,40.5555370464591,2414,286.15,-4787.35547680535,-1628.02388294841,32.4701150461039,-1.88743442551529,-0.00293293133330422,FALSE,TRUE,-1.07802249630613,-0.690418264110241
"Squalus acanthias","Chondrichthyes","Squaliformes","Squalidae","Squalus","acanthias",3300.00000092788,3.30000000092788,13,"C","J. G. Rubalcaba, W. C. E. P. Verberk, A. J. Hendriks. B. Saris, H. A. Woods, Oxygen limitation may affect the temperature and size dependence of metabolism in aquatic ectotherms. Proc. Natl. Acad. Sci. U.S.A. 117, 31963-3196 (2020).",1.19392246875361,-0.424183648638804,40.5555370464591,2415,286.15,-4787.35547680535,-1628.02388294841,32.4701150461039,-1.88743442551529,-0.00293293133330422,FALSE,TRUE,-0.92097370951754,-0.533369477321639
"Squalus acanthias","Chondrichthyes","Squaliformes","Squalidae","Squalus","acanthias",3499.99999717711,3.49999999717711,11,"C","J. G. Rubalcaba, W. C. E. P. Verberk, A. J. Hendriks. B. Saris, H. A. Woods, Oxygen limitation may affect the temperature and size dependence of metabolism in aquatic ectotherms. Proc. Natl. Acad. Sci. U.S.A. 117, 31963-3196 (2020).",1.25276296768883,-0.219631337475594,40.8409886533319,2416,284.15,-4787.35547680535,-1628.02388294841,32.4701150461039,-1.88743442551529,-0.00293293133330422,FALSE,TRUE,-0.993577432089181,-0.605973199893281
"Squalus acanthias","Chondrichthyes","Squaliformes","Squalidae","Squalus","acanthias",4600.00000337274,4.60000000337274,13,"C","J. G. Rubalcaba, W. C. E. P. Verberk, A. J. Hendriks. B. Saris, H. A. Woods, Oxygen limitation may affect the temperature and size dependence of metabolism in aquatic ectotherms. Proc. Natl. Acad. Sci. U.S.A. 117, 31963-3196 (2020).",1.52605630422825,-0.173727844741991,40.5555370464591,2417,286.15,-4787.35547680535,-1628.02388294841,32.4701150461039,-1.88743442551529,-0.00293293133330422,FALSE,TRUE,-0.661039314889756,-0.273435082693871
"Squalus acanthias","Chondrichthyes","Squaliformes","Squalidae","Squalus","acanthias",5759.99999438699,5.75999999438699,13,"C","J. G. Rubalcaba, W. C. E. P. Verberk, A. J. Hendriks. B. Saris, H. A. Woods, Oxygen limitation may affect the temperature and size dependence of metabolism in aquatic ectotherms. Proc. Natl. Acad. Sci. U.S.A. 117, 31963-3196 (2020).",1.75093747373332,0.0928260231030765,40.5555370464591,2418,286.15,-4787.35547680535,-1628.02388294841,32.4701150461039,-1.88743442551529,-0.00293293133330422,FALSE,TRUE,-0.485042941093774,-0.097438708897891
"Squalus acanthias","Chondrichthyes","Squaliformes","Squalidae","Squalus","acanthias",7039.99999769634,7.03999999769634,13,"C","J. G. Rubalcaba, W. C. E. P. Verberk, A. J. Hendriks. B. Saris, H. A. Woods, Oxygen limitation may affect the temperature and size dependence of metabolism in aquatic ectotherms. Proc. Natl. Acad. Sci. U.S.A. 117, 31963-3196 (2020).",1.95160816984273,0.272877431313587,40.5555370464591,2419,286.15,-4787.35547680535,-1628.02388294841,32.4701150461039,-1.88743442551529,-0.00293293133330422,FALSE,TRUE,-0.327994154305181,0.0596100778907157
"Squalus acanthias","Chondrichthyes","Squaliformes","Squalidae","Squalus","acanthias",7850.00000460464,7.85000000460464,13,"C","J. G. Rubalcaba, W. C. E. P. Verberk, A. J. Hendriks. B. Saris, H. A. Woods, Oxygen limitation may affect the temperature and size dependence of metabolism in aquatic ectotherms. Proc. Natl. Acad. Sci. U.S.A. 117, 31963-3196 (2020).",2.06051353238089,0.174143428171602,40.5555370464591,2420,286.15,-4787.35547680535,-1628.02388294841,32.4701150461039,-1.88743442551529,-0.00293293133330422,FALSE,TRUE,-0.242762701018815,0.144841531177065
"Squalus acanthias","Chondrichthyes","Squaliformes","Squalidae","Squalus","acanthias",8969.99999908931,8.96999999908931,13,"C","J. G. Rubalcaba, W. C. E. P. Verberk, A. J. Hendriks. B. Saris, H. A. Woods, Oxygen limitation may affect the temperature and size dependence of metabolism in aquatic ectotherms. Proc. Natl. Acad. Sci. U.S.A. 117, 31963-3196 (2020).",2.19388567596918,-0.137170249048868,40.5555370464591,2421,286.15,-4787.35547680535,-1628.02388294841,32.4701150461039,-1.88743442551529,-0.00293293133330422,FALSE,TRUE,-0.138383069373376,0.249221162822514
"Acheta domesticus","Insecta","Orthoptera","Gryllidae","Acheta","domesticus",0.3689999999999,0.0003689999999999,25,"C","A. M. Makarieva et al., Mean mass-specific metabolic rates are strikingly similar across life's major domains: Evidence for life's metabolic optimum. Proc. Natl. Acad. Sci. U.S.A. 105, 16994-16999 (2008).",-7.90471391392402,-6.77795584144738,38.9232497932056,2463,298.15,-4787.35547680534,-1628.02388294841,32.4701150460995,-1.88743442551193,-0.00293293133310313,FALSE,TRUE,-7.3632518395795,-6.8557247422035
"Acheta domesticus","Insecta","Orthoperta","Gryllidae","Acheta","domesticus",0.369,0.000369,25,"C","Hack, 1997",-7.90471391392375,-6.79322196239198,38.9232497932056,2757,298.15,-4787.35547680534,-1628.02388294841,32.4701150460995,-1.88743442551193,-0.00293293133310313,FALSE,TRUE,-7.36325183957929,-6.85572474220329
"Amara quenseli","Insecta","Coleoptera","Carabidae","Amara","quenseli",0.015,1.5e-05,25,"C","A. M. Makarieva et al., Mean mass-specific metabolic rates are strikingly similar across life's major domains: Evidence for life's metabolic optimum. Proc. Natl. Acad. Sci. U.S.A. 105, 16994-16999 (2008).",-11.1074603568621,-13.4790383213431,38.9232497932056,2464,298.15,-4787.35547680534,-1628.02388294841,32.4701150460995,-1.88743442551193,-0.00293293133310313,FALSE,TRUE,-9.86978345085508,-10.3764418434841
"Anax junius","Insecta","Odonata","Aeshnidae","Anax","junius",1.019,0.001019,25,"C","A. M. Makarieva et al., Mean mass-specific metabolic rates are strikingly similar across life's major domains: Evidence for life's metabolic optimum. Proc. Natl. Acad. Sci. U.S.A. 105, 16994-16999 (2008).",-6.88893352474155,-5.48503256124872,38.9232497932056,2465,298.15,-4787.35547680534,-1628.02388294841,32.4701150460995,-1.88743442551193,-0.00293293133310313,FALSE,TRUE,-6.56828236542282,-5.73006634590867
"Anax junius","Insecta","Odonata","Aeschnidae","Anax","junius",1.019,0.001019,30,"C","(May, 1979)",-6.88893352474155,-5.5003097280169,38.2812697537333,2783,303.15,-4787.35547680534,-1628.02388294841,32.4701150460995,-1.88743442551193,-0.00293293133310313,FALSE,TRUE,-6.30143103705742,-5.46321501754327
"Aphaenogaster cockerelli","Insecta","Hymenoptera","Formicidae","Aphaenogaster","cockerelli",0.00472,4.72e-06,25,"C","A. M. Makarieva et al., Mean mass-specific metabolic rates are strikingly similar across life's major domains: Evidence for life's metabolic optimum. Proc. Natl. Acad. Sci. U.S.A. 105, 16994-16999 (2008).",-12.2637017583668,-9.40271226462364,38.9232497932056,2466,298.15,-4787.35547680535,-1628.02388294842,32.470115046102,-1.88743442551379,-0.0029329313328378,FALSE,TRUE,-10.7746804430998,-9.87440414216499
"Aphaenogaster cockerelli","Insecta","Hymenoptera","Formicidae","Aphaenogaster","cockerelli",0.0047199999999999,4.72e-06,25,"C","Nielsen, 1986",-12.2637017583668,-9.41750121878378,38.9232497932056,2745,298.15,-4787.35547680535,-1628.02388294842,32.470115046102,-1.88743442551379,-0.0029329313328378,FALSE,TRUE,-10.7746804430998,-9.87440414216499
"Blaps gigas","Insecta","Coleoptera","Tenebrionidae","Blaps","gigas",1.776,0.001776,25,"C","A. M. Makarieva et al., Mean mass-specific metabolic rates are strikingly similar across life's major domains: Evidence for life's metabolic optimum. Proc. Natl. Acad. Sci. U.S.A. 105, 16994-16999 (2008).",-6.33339163441216,-5.40183513666038,38.9232497932056,2471,298.15,-4787.35547680534,-1628.02388294841,32.4701150460995,-1.88743442551193,-0.00293293133310313,FALSE,TRUE,-6.13350448515422,-5.85374595458837
"Brachymesia gravida","Insecta","Odonata","Libellulidae","Brachymesia","gravida",0.344,0.000344,25,"C","A. M. Makarieva et al., Mean mass-specific metabolic rates are strikingly similar across life's major domains: Evidence for life's metabolic optimum. Proc. Natl. Acad. Sci. U.S.A. 105, 16994-16999 (2008).",-7.97486890059088,-6.46589395568275,38.9232497932056,2473,298.15,-4787.35547680534,-1628.02388294841,32.4701150460995,-1.88743442551193,-0.00293293133310313,FALSE,TRUE,-7.4181564955996,-6.65344427771168
"Brachymesia gravida","Insecta","Odonata","Libellulidae","Brachymesia","gravida",0.344,0.000344,30,"C","(May, 1979)",-7.97486890059088,-6.48113898102866,38.2812697537333,2784,303.15,-4787.35547680534,-1628.02388294841,32.4701150460995,-1.88743442551193,-0.00293293133310313,FALSE,TRUE,-7.1513051672342,-6.38659294934628
"Camponotus vafer","Insecta","Hymenoptera","Formicidae","Camponotus","vafer",0.00451,4.51e-06,25,"C","A. M. Makarieva et al., Mean mass-specific metabolic rates are strikingly similar across life's major domains: Evidence for life's metabolic optimum. Proc. Natl. Acad. Sci. U.S.A. 105, 16994-16999 (2008).",-12.3092134044497,-9.74136870305969,38.9232497932056,2475,298.15,-4787.35547680534,-1628.02388294841,32.4701150460995,-1.88743442551193,-0.00293293133310313,FALSE,TRUE,-10.8102987418382,-10.0301993926153
"Camponotus vafer","Insecta","Hymenoptera","Formicidae","Camponotus","vafer",0.00451,4.51e-06,25,"C","Nielsen, 1986",-12.3092134044497,-9.75716745182406,38.9232497932056,2746,298.15,-4787.35547680534,-1628.02388294841,32.4701150460995,-1.88743442551193,-0.00293293133310313,FALSE,TRUE,-10.8102987418382,-10.0301993926153
"Cicindela longilabris","Insecta","Coleoptera","Carabidae","Cicindela","longilabris",0.1242999999999,0.0001242999999999,25,"C","A. M. Makarieva et al., Mean mass-specific metabolic rates are strikingly similar across life's major domains: Evidence for life's metabolic optimum. Proc. Natl. Acad. Sci. U.S.A. 105, 16994-16999 (2008).",-8.99281255944841,-8.21857117892612,38.9232497932056,2477,298.15,-4787.35547680534,-1628.02388294841,32.4701150460995,-1.88743442551193,-0.00293293133310313,FALSE,TRUE,-8.21481898664691,-8.50927367818181
"Cicindela repanda","Insecta","Coleoptera","Carabidae","Cicindela","repanda",0.055,5.5e-05,25,"C","May, Pearson, & Casey, 1986",-9.8081773727318,-9.0561896921495,38.9232497932056,2753,298.15,-4787.35547680534,-1628.02388294841,32.4701150460995,-1.88743442551193,-0.00293293133310313,FALSE,TRUE,-8.85293933604984,-9.11496979599623
"Cicindela repanda","Insecta","Coleoptera","Carabidae","Cicindela","repanda",0.0634,6.34e-05,25,"C","A. M. Makarieva et al., Mean mass-specific metabolic rates are strikingly similar across life's major domains: Evidence for life's metabolic optimum. Proc. Natl. Acad. Sci. U.S.A. 105, 16994-16999 (2008).",-9.66604669652109,-8.83533447135341,38.9232497932056,2478,298.15,-4787.35547680534,-1628.02388294841,32.4701150460995,-1.88743442551193,-0.00293293133310313,FALSE,TRUE,-8.74170510655295,-9.00373556649934
"Cicindela repanda","Insecta","Coleoptera","Carabidae","Cicindela","repanda",0.085,8.5e-05,25,"C","May, Pearson, & Casey, 1986",-9.37285930147396,-8.57435160525666,38.9232497932056,2751,298.15,-4787.35547680534,-1628.02388294841,32.4701150460995,-1.88743442551193,-0.00293293133310313,FALSE,TRUE,-8.51225095312361,-8.77428141307
"Cicindela repanda","Insecta","Coleoptera","Carabidae","Cicindela","repanda",0.059,5.9e-05,25,"C","May, Pearson, & Casey, 1986",-9.73797311405855,-9.32812340763257,38.9232497932056,2752,298.15,-4787.35547680534,-1628.02388294841,32.4701150460995,-1.88743442551193,-0.00293293133310313,FALSE,TRUE,-8.79799611879995,-9.06002657874634
"Cicindela repanda","Insecta","Coleoptera","Carabidae","Cicindela","repanda",0.049,4.9e-05,25,"C","May, Pearson, & Casey, 1986",-9.92369025985365,-9.00966967651421,38.9232497932056,2755,298.15,-4787.35547680534,-1628.02388294841,32.4701150460995,-1.88743442551193,-0.00293293133310313,FALSE,TRUE,-8.94334196649192,-9.20537242643831
"Cicindela repanda","Insecta","Coleoptera","Carabidae","Cicindela","repanda",0.0689999999999999,6.9e-05,25,"C","May, Pearson, & Casey, 1986",-9.58140405336701,-8.88183630500479,38.9232497932056,2754,298.15,-4787.35547680534,-1628.02388294841,32.4701150460995,-1.88743442551193,-0.00293293133310313,FALSE,TRUE,-8.67546212899991,-8.93749258894631
"Conocephalus fasciatus","Insecta","Orthoptera","Tettigoniidae","Conocephalus","fasciatus",0.05137,5.137e-05,25,"C","A. M. Makarieva et al., Mean mass-specific metabolic rates are strikingly similar across life's major domains: Evidence for life's metabolic optimum. Proc. Natl. Acad. Sci. U.S.A. 105, 16994-16999 (2008).",-9.8764562134851,-7.24029525707575,38.9232497932056,2480,298.15,-4787.35547680534,-1628.02388294841,32.4701150460995,-1.88743442551193,-0.00293293133310313,FALSE,TRUE,-8.90637568381529,-8.24329559204427
"Corydalus cornutus","Insecta","Megaloptera","Corydalidae","Corydalus","cornutus",0.326,0.000326,25,"C","A. M. Makarieva et al., Mean mass-specific metabolic rates are strikingly similar across life's major domains: Evidence for life's metabolic optimum. Proc. Natl. Acad. Sci. U.S.A. 105, 16994-16999 (2008).",-8.02861317659757,-5.35499354374161,38.9232497932056,2482,298.15,-4787.35547680534,-1628.02388294841,32.4701150460995,-1.88743442551193,-0.00293293133310313,FALSE,TRUE,-7.46021781051665,-6.83571523944698
"Culex tarsalis","Insecta","Diptera","Culicidae","Culex","tarsalis",0.0022299999999999,2.23e-06,25,"C","A. M. Makarieva et al., Mean mass-specific metabolic rates are strikingly similar across life's major domains: Evidence for life's metabolic optimum. Proc. Natl. Acad. Sci. U.S.A. 105, 16994-16999 (2008).",-13.0135089724922,-8.35167875293866,38.9232497932056,2483,298.15,-4787.35547680534,-1628.02388294841,32.4701150460995,-1.88743442551193,-0.00293293133310313,FALSE,TRUE,-11.3614941412969,-10.3031351219333
"Cystosoma saundersii","Insecta","Hemiptera","Cicadidae","Cystosoma","saundersii",1.158,0.001158,25,"C","A. M. Makarieva et al., Mean mass-specific metabolic rates are strikingly similar across life's major domains: Evidence for life's metabolic optimum. Proc. Natl. Acad. Sci. U.S.A. 105, 16994-16999 (2008).",-6.76106089983133,-6.05542723406992,38.9232497932056,2484,298.15,-4787.35547680534,-1628.02388294841,32.4701150460995,-1.88743442551193,-0.00293293133310313,FALSE,TRUE,-6.46820676397738,-5.96703714702964
"Dasymutilla gloriosa","Insecta","Hymenoptera","Mutillidae","Dasymutilla","gloriosa",0.07645,7.645e-05,25,"C","A. M. Makarieva et al., Mean mass-specific metabolic rates are strikingly similar across life's major domains: Evidence for life's metabolic optimum. Proc. Natl. Acad. Sci. U.S.A. 105, 16994-16999 (2008).",-9.4788736255892,-6.28208426354716,38.9232497932056,2485,298.15,-4787.35547680534,-1628.02388294841,32.4701150460995,-1.88743442551193,-0.00293293133310313,FALSE,TRUE,-8.59521982355317,-7.90639010552306
"Drosophila melanogaster","Insecta","Diptera","Drosophilidae","Drosophila","melanogaster",0.00095,9.5e-07,24,"C","Lehmann, Dickinson, & Staunton, 2000",-13.8668038523518,-10.6240756835044,39.0542383504771,2780,297.15,-4787.35547680534,-1628.02388294841,32.4701150460995,-1.88743442551193,-0.00293293133310313,FALSE,TRUE,-12.0837472065634,-10.8353116720931
"Drosophila melanogaster","Insecta","Diptera","Drosophilidae","Drosophila","melanogaster",0.00095,9.5e-07,25,"C","A. M. Makarieva et al., Mean mass-specific metabolic rates are strikingly similar across life's major domains: Evidence for life's metabolic optimum. Proc. Natl. Acad. Sci. U.S.A. 105, 16994-16999 (2008).",-13.8668038523518,-10.3497746551645,38.9232497932056,2486,298.15,-4787.35547680534,-1628.02388294841,32.4701150460995,-1.88743442551193,-0.00293293133310313,FALSE,TRUE,-12.0292992979691,-10.7808637634988
"Drosophila repleta","Insecta","Diptera","Drosophilidae","Drosophila","repleta",0.00343,3.43e-06,25,"C","A. M. Makarieva et al., Mean mass-specific metabolic rates are strikingly similar across life's major domains: Evidence for life's metabolic optimum. Proc. Natl. Acad. Sci. U.S.A. 105, 16994-16999 (2008).",-12.5829502967864,-10.3404433277357,38.9232497932056,2487,298.15,-4787.35547680534,-1628.02388294841,32.4701150460995,-1.88743442551193,-0.00293293133310313,FALSE,TRUE,-11.024530553828,-9.84809594453485
"Eacles imperialis","Insecta","Lepidoptera","Saturniidae","Eacles","imperialis",1.105,0.001105,25,"C","A. M. Makarieva et al., Mean mass-specific metabolic rates are strikingly similar across life's major domains: Evidence for life's metabolic optimum. Proc. Natl. Acad. Sci. U.S.A. 105, 16994-16999 (2008).",-6.80790994401242,-5.71902810087177,38.9232497932056,2488,298.15,-4787.35547680534,-1628.02388294841,32.4701150460995,-1.88743442551193,-0.00293293133310313,FALSE,TRUE,-6.50487173645963,-5.63898051874153
"Eacles imperialis","Insecta","Lepidoptera","Saturniidae","Eacles","imperialis",1.357,0.001357,23,"C","Bartholomew & Casey, 1978",-6.60247889812941,-5.35543250756216,39.1861115172861,2777,296.15,-4787.35547680534,-1628.02388294841,32.4701150460995,-1.88743442551193,-0.00293293133310313,FALSE,TRUE,-6.45336092954724,-5.58746971182914
"Eacles imperialis","Insecta","Lepidoptera","Saturniidae","Eacles","imperialis",0.838,0.000838,23,"C","Bartholomew & Casey, 1978",-7.08449245748219,-5.92182798248296,39.1861115172861,2776,296.15,-4787.35547680534,-1628.02388294841,32.4701150460995,-1.88743442551193,-0.00293293133310313,FALSE,TRUE,-6.83059410897835,-5.96470289126025
"Eacles imperialis","Insecta","Lepidoptera","Saturniidae","Eacles","imperialis",1.12,0.00112,23,"C","Bartholomew & Casey, 1978",-6.79442659367513,-5.80934999905626,39.1861115172861,2775,296.15,-4787.35547680534,-1628.02388294841,32.4701150460995,-1.88743442551193,-0.00293293133310313,FALSE,TRUE,-6.60358292656412,-5.73769170884602
"Enyo ocypete","Insecta","Lepidoptera","Sphingidae","Enyo","ocypete",0.575,0.000575,23,"C","Bartholomew & Casey, 1978",-7.46114051716692,-6.74714693615144,39.1861115172861,2769,296.15,-4787.35547680534,-1628.02388294841,32.4701150460995,-1.88743442551193,-0.00293293133310313,FALSE,TRUE,-7.12536620060211,-6.42010844624828
"Enyo ocypete","Insecta","Lepidoptera","Sphingidae","Enyo","ocypete",0.397,0.000397,23,"C","Bartholomew & Casey, 1978",-7.83157427727708,-6.78593296118657,39.1861115172861,2771,296.15,-4787.35547680534,-1628.02388294841,32.4701150460995,-1.88743442551193,-0.00293293133310313,FALSE,TRUE,-7.41527486060456,-6.71001710625073
"Enyo ocypete","Insecta","Lepidoptera","Sphingidae","Enyo","ocypete",0.388,0.000388,23,"C","Bartholomew & Casey, 1978",-7.854505218341,-6.61974844179556,39.1861115172861,2770,296.15,-4787.35547680534,-1628.02388294841,32.4701150460995,-1.88743442551193,-0.00293293133310313,FALSE,TRUE,-7.43322106074155,-6.72796330638773
"Enyo ocypete","Insecta","Lepidoptera","Sphingidae","Enyo","ocypete",0.45333,0.00045333,25,"C","A. M. Makarieva et al., Mean mass-specific metabolic rates are strikingly similar across life's major domains: Evidence for life's metabolic optimum. Proc. Natl. Acad. Sci. U.S.A. 105, 16994-16999 (2008).",-7.6988902208705,-6.76912441081292,38.9232497932056,2489,298.15,-4787.35547680534,-1628.02388294841,32.4701150460995,-1.88743442551193,-0.00293293133310313,FALSE,TRUE,-7.20217021723451,-6.49691246288068
"Galleria mellonella","Insecta","Lepidoptera","Pyralidae","Galleria","mellonella",0.0536,5.36e-05,25,"C","A. M. Makarieva et al., Mean mass-specific metabolic rates are strikingly similar across life's major domains: Evidence for life's metabolic optimum. Proc. Natl. Acad. Sci. U.S.A. 105, 16994-16999 (2008).",-9.83396148988752,-7.36188555907174,38.9232497932056,2490,298.15,-4787.35547680534,-1628.02388294841,32.4701150460995,-1.88743442551193,-0.00293293133310313,FALSE,TRUE,-8.87311848724744,-8.00519892035472
"Hypera postica","Insecta","Coleoptera","Curculionidae","Hypera","postica",0.0058,5.8e-06,25,"C","A. M. Makarieva et al., Mean mass-specific metabolic rates are strikingly similar across life's major domains: Evidence for life's metabolic optimum. Proc. Natl. Acad. Sci. U.S.A. 105, 16994-16999 (2008).",-12.0576526404119,-8.74346663573938,38.9232497932056,2494,298.15,-4787.35547680534,-1628.02388294841,32.4701150460995,-1.88743442551193,-0.00293293133310313,FALSE,TRUE,-10.6134223988459,-9.47474379986947
"Leptogenys attenuata","Insecta","Hymenoptera","Formicidae","Leptogenys","attenuata",0.004,4e-06,25,"C","A. M. Makarieva et al., Mean mass-specific metabolic rates are strikingly similar across life's major domains: Evidence for life's metabolic optimum. Proc. Natl. Acad. Sci. U.S.A. 105, 16994-16999 (2008).",-12.4292161968444,-11.3059112955859,38.9232497932056,2495,298.15,-4787.35547680534,-1628.02388294841,32.4701150460995,-1.88743442551193,-0.00293293133310313,FALSE,TRUE,-10.9042152594077,-10.7038863023827
"Leptogenys attenuata","Insecta","Hymenoptera","Formicidae","Leptogenys","attenuata",0.00538,5.38e-06,25,"C","Duncan & Crewe, 1993",-12.1328221837906,-10.7490309528888,38.9232497932056,2756,298.15,-4787.35547680534,-1628.02388294841,32.4701150460995,-1.88743442551193,-0.00293293133310313,FALSE,TRUE,-10.672251544406,-10.4719225873811
"Oecanthus quadripunctatus","Insecta","Orthoptera","Oecanthidae","Oecanthus","quadripunctatus",0.05,5e-05,25,"C","A. M. Makarieva et al., Mean mass-specific metabolic rates are strikingly similar across life's major domains: Evidence for life's metabolic optimum. Proc. Natl. Acad. Sci. U.S.A. 105, 16994-16999 (2008).",-9.90348755253613,-8.91543445443508,38.9232497932056,2500,298.15,-4787.35547680534,-1628.02388294841,32.4701150460995,-1.88743442551193,-0.00293293133310313,FALSE,TRUE,-8.92753093510779,-8.46726534825289
"Oryba achemenides","Insecta","Lepidoptera","Sphingidae","Oryba","achemenides",3.387,0.003387,23,"C","Bartholomew & Casey, 1978",-5.6878107051465,-4.8473132453939,39.1861115172861,2773,296.15,-4787.35547680534,-1628.02388294841,32.4701150460995,-1.88743442551193,-0.00293293133310313,FALSE,TRUE,-5.73752382524097,-4.96583205238013
"Oryba achemenides","Insecta","Lepidoptera","Sphingidae","Oryba","achemenides",2.8085,0.0028085,25,"C","A. M. Makarieva et al., Mean mass-specific metabolic rates are strikingly similar across life's major domains: Evidence for life's metabolic optimum. Proc. Natl. Acad. Sci. U.S.A. 105, 16994-16999 (2008).",-5.87510474599179,-5.10637556637709,38.9232497932056,2503,298.15,-4787.35547680534,-1628.02388294841,32.4701150460995,-1.88743442551193,-0.00293293133310313,FALSE,TRUE,-5.7748402595201,-5.00314848665927
"Oryba achemenides","Insecta","Lepidoptera","Sphingidae","Oryba","achemenides",2.23,0.00223,23,"C","Bartholomew & Casey, 1978",-6.10575369351011,-5.31051082017064,39.1861115172861,2772,296.15,-4787.35547680534,-1628.02388294841,32.4701150460995,-1.88743442551193,-0.00293293133310313,FALSE,TRUE,-6.06461413061131,-5.29292235775047
"Pachydiplax longipennis","Insecta","Odonata","Libellulidae","Pachydiplax","longipennis",0.192,0.000192,40,"C","(May, 1979)",-8.55801518593649,-7.07664769202473,37.0588118340867,2790,313.15,-4787.35547680534,-1628.02388294841,32.4701150460995,-1.88743442551193,-0.00293293133310313,FALSE,TRUE,-7.09954868005247,-6.4450141805479
"Pachydiplax longipennis","Insecta","Odonata","Libellulidae","Pachydiplax","longipennis",0.19,0.00019,30,"C","(May, 1979)",-8.56848648580379,-7.25432886926218,38.2812697537333,2788,303.15,-4787.35547680534,-1628.02388294841,32.4701150460995,-1.88743442551193,-0.00293293133310313,FALSE,TRUE,-7.61588182631568,-6.9613473268111
"Pachydiplax longipennis","Insecta","Odonata","Libellulidae","Pachydiplax","longipennis",0.187,0.000187,35,"C","(May, 1979)",-8.58440194110969,-7.19543735143392,37.6601230759184,2789,308.15,-4787.35547680534,-1628.02388294841,32.4701150460995,-1.88743442551193,-0.00293293133310313,FALSE,TRUE,-7.37014602932694,-6.71561152982237
"Pachydiplax longipennis","Insecta","Odonata","Libellulidae","Pachydiplax","longipennis",0.2,2e-04,25,"C","(May, 1979)",-8.51719319141624,-7.15906970726314,38.9232497932056,2787,298.15,-4787.35547680534,-1628.02388294841,32.4701150460995,-1.88743442551193,-0.00293293133310313,FALSE,TRUE,-7.84259002561372,-7.18805552610915
"Pachydiplax longipennis","Insecta","Odonata","Libellulidae","Pachydiplax","longipennis",0.186,0.000186,20,"C","(May, 1979)",-8.58976388425107,-7.38469068712539,39.5871292029482,2786,293.15,-4787.35547680534,-1628.02388294841,32.4701150460995,-1.88743442551193,-0.00293293133310313,FALSE,TRUE,-8.17533948227991,-7.52080498277534
"Pachydiplax longipennis","Insecta","Odonata","Libellulidae","Pachydiplax","longipennis",0.2,2e-04,25,"C","A. M. Makarieva et al., Mean mass-specific metabolic rates are strikingly similar across life's major domains: Evidence for life's metabolic optimum. Proc. Natl. Acad. Sci. U.S.A. 105, 16994-16999 (2008).",-8.51719319141624,-6.33949128056888,38.9232497932056,2504,298.15,-4787.35547680534,-1628.02388294841,32.4701150460995,-1.88743442551193,-0.00293293133310313,FALSE,TRUE,-7.84259002561372,-7.18805552610915
"Pachydiplax longipennis","Insecta","Odonata","Libellulidae","Pachydiplax","longipennis",0.2,2e-04,15,"C","(May, 1979)",-8.51719319141624,-7.53636393840457,40.2740479814134,2785,288.15,-4787.35547680534,-1628.02388294841,32.4701150460995,-1.88743442551193,-0.00293293133310313,FALSE,TRUE,-8.40407522564128,-7.7495407261367
"Pantala flavescens","Insecta","Odonata","Libellulidae","Pantala","flavescens",0.339,0.000339,25,"C","A. M. Makarieva et al., Mean mass-specific metabolic rates are strikingly similar across life's major domains: Evidence for life's metabolic optimum. Proc. Natl. Acad. Sci. U.S.A. 105, 16994-16999 (2008).",-7.98951045058382,-6.39176302526485,38.9232497932056,2505,298.15,-4787.35547680534,-1628.02388294841,32.4701150460995,-1.88743442551193,-0.00293293133310313,FALSE,TRUE,-7.42961525718103,-6.62720870445261
"Pantala flavescens","Insecta","Odonata","Libellulidae","Pantala","flavescens",0.339,0.000339,30,"C","(May, 1979)",-7.98951045058382,-6.40703100887491,38.2812697537333,2791,303.15,-4787.35547680534,-1628.02388294841,32.4701150460995,-1.88743442551193,-0.00293293133310313,FALSE,TRUE,-7.16276392881563,-6.36035737608721
"Perigonia lusca","Insecta","Lepidoptera","Sphingidae","Perigonia","lusca",0.419,0.000419,23,"C","Bartholomew & Casey, 1978",-7.77763963804214,-6.21268970785213,39.1861115172861,2767,296.15,-4787.35547680534,-1628.02388294841,32.4701150460995,-1.88743442551193,-0.00293293133310313,FALSE,TRUE,-7.37306456372538,-6.52730592776929
"Perigonia lusca","Insecta","Lepidoptera","Sphingidae","Perigonia","lusca",0.858,0.000858,23,"C","Bartholomew & Casey, 1978",-7.06090645847631,-5.57184202669502,39.1861115172861,2768,296.15,-4787.35547680534,-1628.02388294841,32.4701150460995,-1.88743442551193,-0.00293293133310313,FALSE,TRUE,-6.812135247765,-5.9663766118089
"Perigonia lusca","Insecta","Lepidoptera","Sphingidae","Perigonia","lusca",0.398,0.000398,23,"C","Bartholomew & Casey, 1978",-7.82905855267984,-6.59610667873852,39.1861115172861,2766,296.15,-4787.35547680534,-1628.02388294841,32.4701150460995,-1.88743442551193,-0.00293293133310313,FALSE,TRUE,-7.41330600564192,-6.56754736968582
"Perigonia lusca","Insecta","Lepidoptera","Sphingidae","Perigonia","lusca",0.55833,0.00055833,25,"C","A. M. Makarieva et al., Mean mass-specific metabolic rates are strikingly similar across life's major domains: Evidence for life's metabolic optimum. Proc. Natl. Acad. Sci. U.S.A. 105, 16994-16999 (2008).",-7.49056037254029,-6.09009222372467,38.9232497932056,2506,298.15,-4787.35547680534,-1628.02388294841,32.4701150460995,-1.88743442551193,-0.00293293133310313,FALSE,TRUE,-7.03912722906312,-6.19336859310702
"Physosterna cribripes","Insecta","Coleoptera","Tenebrionidae","Physosterna","cribripes",1.2259999999999,0.0012259999999999,25,"C","A. M. Makarieva et al., Mean mass-specific metabolic rates are strikingly similar across life's major domains: Evidence for life's metabolic optimum. Proc. Natl. Acad. Sci. U.S.A. 105, 16994-16999 (2008).",-6.7039984414682,-6.01424199479801,38.9232497932056,2509,298.15,-4787.35547680534,-1628.02388294841,32.4701150460995,-1.88743442551193,-0.00293293133310313,FALSE,TRUE,-6.42354857505966,-6.72374503757781
"Physosterna cribripes","Insecta","Coleoptera","Tenebrionidae","Physosterna","cribripes",1.226,0.001226,22,"C","Bartholomew, Lighton, & Louw, 1985",-6.70399844146812,-7.15641164503719,39.3188782850898,2741,295.15,-4787.35547680534,-1628.02388294841,32.4701150460995,-1.88743442551193,-0.00293293133310313,FALSE,TRUE,-6.58799915312628,-6.88819561564443
"Physosterna cribripes","Insecta","Coleoptera","Tenebrionidae","Physosterna","cribripes",1.226,0.001226,35,"C","Bartholomew, Lighton, & Louw, 1985",-6.70399844146812,-6.64468186431171,37.6601230759184,2739,308.15,-4787.35547680534,-1628.02388294841,32.4701150460995,-1.88743442551193,-0.00293293133310313,FALSE,TRUE,-5.89850570506791,-6.19870216758606
"Physosterna cribripes","Insecta","Coleoptera","Tenebrionidae","Physosterna","cribripes",1.285,0.001285,35,"C","Bartholomew, Lighton, & Louw, 1985",-6.65699656063495,-6.88361837632554,37.6601230759184,2740,308.15,-4787.35547680534,-1628.02388294841,32.4701150460995,-1.88743442551193,-0.00293293133310313,FALSE,TRUE,-5.86172111965138,-6.16191758216953
"Protambulyx strigilis","Insecta","Lepidoptera","Sphingidae","Protambulyx","strigilis",1.261,0.001261,23,"C","Bartholomew & Casey, 1978",-6.67585022199935,-6.16906908537622,39.1861115172861,2765,296.15,-4787.35547680534,-1628.02388294841,32.4701150460995,-1.88743442551193,-0.00293293133310313,FALSE,TRUE,-6.51078275357164,-5.81966608907069
"Protambulyx strigilis","Insecta","Lepidoptera","Sphingidae","Protambulyx","strigilis",1.0953299999999,0.0010953299999999,25,"C","A. M. Makarieva et al., Mean mass-specific metabolic rates are strikingly similar across life's major domains: Evidence for life's metabolic optimum. Proc. Natl. Acad. Sci. U.S.A. 105, 16994-16999 (2008).",-6.81669959125353,-6.09633629334416,38.9232497932056,2512,298.15,-4787.35547680534,-1628.02388294841,32.4701150460995,-1.88743442551193,-0.00293293133310313,FALSE,TRUE,-6.51175068521637,-5.82063402071542
"Protambulyx strigilis","Insecta","Lepidoptera","Sphingidae","Protambulyx","strigilis",0.901,0.000901,23,"C","Bartholomew & Casey, 1978",-7.01200530035594,-6.02983750631235,39.1861115172861,2763,296.15,-4787.35547680534,-1628.02388294841,32.4701150460995,-1.88743442551193,-0.00293293133310313,FALSE,TRUE,-6.77386425103125,-6.0827475865303
"Protambulyx strigilis","Insecta","Lepidoptera","Sphingidae","Protambulyx","strigilis",1.124,0.001124,23,"C","Bartholomew & Casey, 1978",-6.79086152751064,-5.94105934441085,39.1861115172861,2764,296.15,-4787.35547680534,-1628.02388294841,32.4701150460995,-1.88743442551193,-0.00293293133310313,FALSE,TRUE,-6.60079283649711,-5.90967617199615
"Protophormia terraenovae","Insecta","Diptera","Calliphoridae","Protophormia","terraenovae",0.025,2.5e-05,25,"C","A. M. Makarieva et al., Mean mass-specific metabolic rates are strikingly similar across life's major domains: Evidence for life's metabolic optimum. Proc. Natl. Acad. Sci. U.S.A. 105, 16994-16999 (2008).",-10.5966347330961,-8.39852166169918,38.9232497932056,2513,298.15,-4787.35547680534,-1628.02388294841,32.4701150460995,-1.88743442551193,-0.00293293133310313,FALSE,TRUE,-9.47000138985482,-8.32043365275716
"Requena verticalis","Insecta","Orthoptera","Tettigoniidae","Requena","verticalis",0.37,0.00037,25,"C","A. M. Makarieva et al., Mean mass-specific metabolic rates are strikingly similar across life's major domains: Evidence for life's metabolic optimum. Proc. Natl. Acad. Sci. U.S.A. 105, 16994-16999 (2008).",-7.902007552326,-7.28901569839348,38.9232497932056,2514,298.15,-4787.35547680534,-1628.02388294841,32.4701150460995,-1.88743442551193,-0.00293293133310313,FALSE,TRUE,-7.36113378839505,-6.90549591173554
"Requena verticalis","Insecta","Orthoptera","Tettigonildae","Requena","verticalis",0.371,0.000371,21,"C","Bailey, Withers, Endersby, & Gaull, 1993",-7.89930849535684,-7.30157772785819,39.4525477676161,2734,294.15,-4787.35547680534,-1628.02388294841,32.4701150460995,-1.88743442551193,-0.00293293133310313,FALSE,TRUE,-7.57903431866758,-7.12339644200806
"Rhodnius prolixus","Insecta","Hemiptera","Reduviidae","Rhodnius","prolixus",0.06675,6.675e-05,25,"C","A. M. Makarieva et al., Mean mass-specific metabolic rates are strikingly similar across life's major domains: Evidence for life's metabolic optimum. Proc. Natl. Acad. Sci. U.S.A. 105, 16994-16999 (2008).",-9.61455626068392,-9.28614208539246,38.9232497932056,2516,298.15,-4787.35547680534,-1628.02388294841,32.4701150460995,-1.88743442551193,-0.00293293133310313,FALSE,TRUE,-8.7014076907557,-8.35200671666574
"Rhodnius prolixus","Insecta","Hemiptera","Reduviidae","Rhodnius","prolixus",0.02,2e-05,20,"C","Bradley, Brethorst, Robinsom, & Hetz, 2003",-10.8197782844103,-8.7775890854556,39.5871292029482,2750,293.15,-4787.35547680534,-1628.02388294841,32.4701150460995,-1.88743442551193,-0.00293293133310313,FALSE,TRUE,-9.92059209193425,-9.57119111784429
"Sitophilus granarius","Insecta","Coleoptera","Curculionidae","Sitophilus","granarius",0.00368,3.68e-06,25,"C","A. M. Makarieva et al., Mean mass-specific metabolic rates are strikingly similar across life's major domains: Evidence for life's metabolic optimum. Proc. Natl. Acad. Sci. U.S.A. 105, 16994-16999 (2008).",-12.5125978057834,-8.87672936763672,38.9232497932056,2519,298.15,-4787.35547680534,-1628.02388294841,32.4701150460995,-1.88743442551193,-0.00293293133310313,FALSE,TRUE,-10.969471327076,-9.83079272809954
"Solenopsis invicta","Insecta","Hymenoptera","Formicidae","Solenopsis","invicta",0.00296,2.96e-06,25,"C","Vogt & Appel, 1999",-12.7303212896283,-11.9218632625574,38.9232497932056,2749,298.15,-4787.35547680534,-1628.02388294841,32.4701150460995,-1.88743442551193,-0.00293293133310313,FALSE,TRUE,-11.1398659569654,-11.2570544750295
"Solenopsis invicta","Insecta","Hymenoptera","Formicidae","Solenopsis","invicta",0.00296,2.96e-06,25,"C","A. M. Makarieva et al., Mean mass-specific metabolic rates are strikingly similar across life's major domains: Evidence for life's metabolic optimum. Proc. Natl. Acad. Sci. U.S.A. 105, 16994-16999 (2008).",-12.7303212896283,-12.0927439602232,38.9232497932056,2520,298.15,-4787.35547680534,-1628.02388294841,32.4701150460995,-1.88743442551193,-0.00293293133310313,FALSE,TRUE,-11.1398659569654,-11.2570544750295
"Sphaeroderus stenostomus","Insecta","Coleoptera","Carabidae","Sphaeroderus","stenostomus",0.1696,0.0001696,25,"C","A. M. Makarieva et al., Mean mass-specific metabolic rates are strikingly similar across life's major domains: Evidence for life's metabolic optimum. Proc. Natl. Acad. Sci. U.S.A. 105, 16994-16999 (2008).",-8.68206783460647,-8.24678444763491,38.9232497932056,2521,298.15,-4787.35547680534,-1628.02388294841,32.4701150460995,-1.88743442551193,-0.00293293133310313,FALSE,TRUE,-7.97162412569534,-8.45609546632922
"Sphinx ligustri","Insecta","Lepidoptera","Sphingidae","Sphinx","ligustri",1.4,0.0014,25,"C","A. M. Makarieva et al., Mean mass-specific metabolic rates are strikingly similar across life's major domains: Evidence for life's metabolic optimum. Proc. Natl. Acad. Sci. U.S.A. 105, 16994-16999 (2008).",-6.57128304236092,-4.89106718596353,38.9232497932056,2522,298.15,-4787.35547680534,-1628.02388294841,32.4701150460995,-1.88743442551193,-0.00293293133310313,FALSE,TRUE,-6.31968292440882,-5.54245888701415
"Tanaocerus koebeli","Insecta","Orthoptera","Tanaoceridae","Tanaocerus","koebeli",0.1025,0.0001025,25,"C","A. M. Makarieva et al., Mean mass-specific metabolic rates are strikingly similar across life's major domains: Evidence for life's metabolic optimum. Proc. Natl. Acad. Sci. U.S.A. 105, 16994-16999 (2008).",-9.18564775938581,-7.37631994403362,38.9232497932056,2523,298.15,-4787.35547680534,-1628.02388294841,32.4701150460995,-1.88743442551193,-0.00293293133310313,FALSE,TRUE,-8.36573556184926,-7.42105855823732
"Tanaocerus koebeli","Insecta","Orthoptera","Tanaoceridae","Tanaocerus","koebeli",0.1025,0.0001025,20,"C","Mispagel, 1981",-9.18564775938581,-7.33870735172616,39.5871292029482,2845,293.15,-4787.35547680534,-1628.02388294841,32.4701150460995,-1.88743442551193,-0.00293293133310313,FALSE,TRUE,-8.6416897838993,-7.69701278028736
"Tribolium castaneum","Insecta","Coleoptera","Tenebrionidae","Tribolium","castaneum",0.0024,2.4e-06,25,"C","A. M. Makarieva et al., Mean mass-specific metabolic rates are strikingly similar across life's major domains: Evidence for life's metabolic optimum. Proc. Natl. Acad. Sci. U.S.A. 105, 16994-16999 (2008).",-12.9400418206104,-11.2505612005027,38.9232497932056,2524,298.15,-4787.35547680534,-1628.02388294841,32.4701150460995,-1.88743442551193,-0.00293293133310313,FALSE,TRUE,-11.3039973204079,-10.9740793903571
"Trimerotropis pallidipennis","Insecta","Orthoptera","Acrididae","Trimerotropis","pallidipennis",0.2213499999999,0.0002213499999999,25,"C","A. M. Makarieva et al., Mean mass-specific metabolic rates are strikingly similar across life's major domains: Evidence for life's metabolic optimum. Proc. Natl. Acad. Sci. U.S.A. 105, 16994-16999 (2008).",-8.41576539878658,-7.20441082623316,38.9232497932056,2525,298.15,-4787.35547680534,-1628.02388294841,32.4701150460995,-1.88743442551193,-0.00293293133310313,FALSE,TRUE,-7.76321066386352,-7.2200702976145
"Trimerotropis saxatilis","Insecta","Orthoptera","Acrididae","Trimerotropis","saxatilis",0.155,0.000155,25,"C","A. M. Makarieva et al., Mean mass-specific metabolic rates are strikingly similar across life's major domains: Evidence for life's metabolic optimum. Proc. Natl. Acad. Sci. U.S.A. 105, 16994-16999 (2008).",-8.77208544104503,-8.04158032340599,38.9232497932056,2526,298.15,-4787.35547680534,-1628.02388294841,32.4701150460995,-1.88743442551193,-0.00293293133310313,FALSE,TRUE,-8.04207365397664,-7.49893328772762
"Xylophanes chiron","Insecta","Lepidoptera","Sphingidae","Xylophanes","chiron",0.708,0.000708,23,"C","Bartholomew & Casey, 1978",-7.25306646427055,-6.55491092230029,39.1861115172861,2774,296.15,-4787.35547680534,-1628.02388294841,32.4701150460995,-1.88743442551193,-0.00293293133310313,FALSE,TRUE,-6.96252340290859,-6.29318690997527
"Xylophanes chiron","Insecta","Lepidoptera","Sphingidae","Xylophanes","chiron",0.708,0.000708,25,"C","A. M. Makarieva et al., Mean mass-specific metabolic rates are strikingly similar across life's major domains: Evidence for life's metabolic optimum. Proc. Natl. Acad. Sci. U.S.A. 105, 16994-16999 (2008).",-7.25306646427055,-6.60898490954494,38.9232497932056,2527,298.15,-4787.35547680534,-1628.02388294841,32.4701150460995,-1.88743442551193,-0.00293293133310313,FALSE,TRUE,-6.85325988078269,-6.18392338784936
"Zophosis orbicularis","Insecta","Coleoptera","Tenebrionidae","Zophosis","orbicularis",0.103,0.000103,25,"C","A. M. Makarieva et al., Mean mass-specific metabolic rates are strikingly similar across life's major domains: Evidence for life's metabolic optimum. Proc. Natl. Acad. Sci. U.S.A. 105, 16994-16999 (2008).",-9.18078156973464,-9.01641967933888,38.9232497932056,2528,298.15,-4787.35547680534,-1628.02388294841,32.4701150460995,-1.88743442551193,-0.00293293133310313,FALSE,TRUE,-8.36192718725438,-8.55783859945221
"Bathyporeia pilosa","Malacostraca","Amphipoda","Pontoporeiidae","Bathyporeia","pilosa",0.00219,2.19e-06,20,"C","A. M. Makarieva et al., Mean mass-specific metabolic rates are strikingly similar across life's major domains: Evidence for life's metabolic optimum. Proc. Natl. Acad. Sci. U.S.A. 105, 16994-16999 (2008).",-13.0316090141359,-18.5530699319981,39.5871292029482,2531,293.15,-4787.35547680534,-1628.02388294841,32.4701150460995,-1.88743442551193,-0.00293293133310313,FALSE,TRUE,-11.6516138077096,-12.645530023945
"Bathyporeia pilosa","Malacostraca","Amphipoda","Pontoporeiidae","Bathyporeia","pilosa",0.00444,4.44e-06,20,"C","A. M. Makarieva et al., Mean mass-specific metabolic rates are strikingly similar across life's major domains: Evidence for life's metabolic optimum. Proc. Natl. Acad. Sci. U.S.A. 105, 16994-16999 (2008).",-12.3248561815201,-11.5019973944385,39.5871292029482,2533,293.15,-4787.35547680534,-1628.02388294841,32.4701150460995,-1.88743442551193,-0.00293293133310313,FALSE,TRUE,-11.0984953052393,-12.0924115214747
"Bathyporeia pilosa","Malacostraca","Amphipoda","Pontoporeiidae","Bathyporeia","pilosa",0.00089,8.9e-07,20,"C","A. M. Makarieva et al., Mean mass-specific metabolic rates are strikingly similar across life's major domains: Evidence for life's metabolic optimum. Proc. Natl. Acad. Sci. U.S.A. 105, 16994-16999 (2008).",-13.9320443742202,-11.9089351171309,39.5871292029482,2529,293.15,-4787.35547680534,-1628.02388294841,32.4701150460995,-1.88743442551193,-0.00293293133310313,FALSE,TRUE,-12.3563120203758,-13.3502282366113
"Bathyporeia pilosa","Malacostraca","Amphipoda","Pontoporeiidae","Bathyporeia","pilosa",0.00133,1.33e-06,20,"C","A. M. Makarieva et al., Mean mass-specific metabolic rates are strikingly similar across life's major domains: Evidence for life's metabolic optimum. Proc. Natl. Acad. Sci. U.S.A. 105, 16994-16999 (2008).",-13.5303316157306,-11.6849050052536,39.5871292029482,2530,293.15,-4787.35547680534,-1628.02388294841,32.4701150460995,-1.88743442551193,-0.00293293133310313,FALSE,TRUE,-12.0419238083377,-13.0358400245731
"Bathyporeia pilosa","Malacostraca","Amphipoda","Pontoporeiidae","Bathyporeia","pilosa",0.00222,2.22e-06,20,"C","A. M. Makarieva et al., Mean mass-specific metabolic rates are strikingly similar across life's major domains: Evidence for life's metabolic optimum. Proc. Natl. Acad. Sci. U.S.A. 105, 16994-16999 (2008).",-13.0180033620801,-11.4490125144612,39.5871292029482,2532,293.15,-4787.35547680534,-1628.02388294841,32.4701150460995,-1.88743442551193,-0.00293293133310313,FALSE,TRUE,-11.6409657599863,-12.6348819762218
"Dikerogammarus haemobaphes","Malacostraca","Amphipoda","Gammaridae","Dikerogammarus","haemobaphes",0.008,8e-06,20,"C","A. M. Makarieva et al., Mean mass-specific metabolic rates are strikingly similar across life's major domains: Evidence for life's metabolic optimum. Proc. Natl. Acad. Sci. U.S.A. 105, 16994-16999 (2008).",-11.7360690162844,-10.5758286878235,39.5871292029482,2534,293.15,-4787.35547680534,-1628.02388294841,32.4701150460995,-1.88743442551193,-0.00293293133310313,FALSE,TRUE,-10.6376990267107,-11.0039166681144
"Eurythenes gryllus","Malacostraca","Amphipoda","Lysianassidae","Eurythenes","gryllus",0.95,0.00095,-1,"C","A. M. Makarieva et al., Mean mass-specific metabolic rates are strikingly similar across life's major domains: Evidence for life's metabolic optimum. Proc. Natl. Acad. Sci. U.S.A. 105, 16994-16999 (2008).",-6.95904857336969,-7.64026718306436,42.6418038796409,2535,272.15,-4787.35547680534,-1628.02388294841,32.4701150460995,-1.88743442551193,-0.00293293133310313,FALSE,TRUE,-8.16884416129446,-8.79349250170336
"Gammarus locusta","Malacostraca","Amphipoda","Gammaridae","Gammarus","locusta",0.015,1.5e-05,20,"C","A. M. Makarieva et al., Mean mass-specific metabolic rates are strikingly similar across life's major domains: Evidence for life's metabolic optimum. Proc. Natl. Acad. Sci. U.S.A. 105, 16994-16999 (2008).",-11.1074603568621,-10.6116062490262,39.5871292029482,2536,293.15,-4787.35547680534,-1628.02388294841,32.4701150460995,-1.88743442551193,-0.00293293133310313,FALSE,TRUE,-10.1457376729051,-10.364779869316
"Gammarus locusta","Malacostraca","Amphipoda","Gammaridae","Gammarus","locusta",0.05,5e-05,15,"C","A. M. Makarieva et al., Mean mass-specific metabolic rates are strikingly similar across life's major domains: Evidence for life's metabolic optimum. Proc. Natl. Acad. Sci. U.S.A. 105, 16994-16999 (2008).",-9.90348755253613,-9.02801881518223,40.2740479814134,2538,288.15,-4787.35547680534,-1628.02388294841,32.4701150460995,-1.88743442551193,-0.00293293133310313,FALSE,TRUE,-9.48901613513534,-9.70805833154622
"Gammarus locusta","Malacostraca","Amphipoda","Gammaridae","Gammarus","locusta",0.015,1.5e-05,20,"C","A. M. Makarieva et al., Mean mass-specific metabolic rates are strikingly similar across life's major domains: Evidence for life's metabolic optimum. Proc. Natl. Acad. Sci. U.S.A. 105, 16994-16999 (2008).",-11.1074603568621,-10.4875830382299,39.5871292029482,2537,293.15,-4787.35547680534,-1628.02388294841,32.4701150460995,-1.88743442551193,-0.00293293133310313,FALSE,TRUE,-10.1457376729051,-10.364779869316
"Gammarus oceanicus","Malacostraca","Amphipoda","Gammaridae","Gammarus","oceanicus",0.05,5e-05,15,"C","A. M. Makarieva et al., Mean mass-specific metabolic rates are strikingly similar across life's major domains: Evidence for life's metabolic optimum. Proc. Natl. Acad. Sci. U.S.A. 105, 16994-16999 (2008).",-9.90348755253613,-9.56701531591492,40.2740479814134,2539,288.15,-4787.35547680534,-1628.02388294841,32.4701150460995,-1.88743442551193,-0.00293293133310313,FALSE,TRUE,-9.48901613513534,-9.70513140109014
"Gammarus salinus","Malacostraca","Amphipoda","Gammaridae","Gammarus","salinus",0.05,5e-05,10,"C","A. M. Makarieva et al., Mean mass-specific metabolic rates are strikingly similar across life's major domains: Evidence for life's metabolic optimum. Proc. Natl. Acad. Sci. U.S.A. 105, 16994-16999 (2008).",-9.90348755253613,-9.72116599574217,40.9852266496354,2540,283.15,-4787.35547680534,-1628.02388294841,32.4701150460995,-1.88743442551193,-0.00293293133310313,FALSE,TRUE,-9.78463120204018,-10.000746467995
"Glyptonotus antarcticus","Malacostraca","Isopoda","Chaetiliidae","Glyptonotus","antarcticus",33,0.033,0,"C","A. M. Makarieva et al., Mean mass-specific metabolic rates are strikingly similar across life's major domains: Evidence for life's metabolic optimum. Proc. Natl. Acad. Sci. U.S.A. 105, 16994-16999 (2008).",-3.41124771751566,-6.27595172866324,42.4856925712768,2541,273.15,-4787.35547680534,-1628.02388294841,32.4701150460995,-1.88743442551193,-0.00293293133310313,FALSE,TRUE,-5.32737559797412,-5.55913567987242
"Niphargus krameri","Malacostraca","Amphipoda","Niphargidae","Niphargus","krameri",0.0149,1.49e-05,10,"C","A. M. Makarieva et al., Mean mass-specific metabolic rates are strikingly similar across life's major domains: Evidence for life's metabolic optimum. Proc. Natl. Acad. Sci. U.S.A. 105, 16994-16999 (2008).",-11.1141493450129,-12.0557578848713,40.9852266496354,2542,283.15,-4787.35547680534,-1628.02388294841,32.4701150460995,-1.88743442551193,-0.00293293133310313,FALSE,TRUE,-10.732118649914,-11.5268898999881
"Niphargus stygius","Malacostraca","Amphipoda","Niphargidae","Niphargus","stygius",0.0304,3.04e-05,10,"C","A. M. Makarieva et al., Mean mass-specific metabolic rates are strikingly similar across life's major domains: Evidence for life's metabolic optimum. Proc. Natl. Acad. Sci. U.S.A. 105, 16994-16999 (2008).",-10.4010679495521,-11.5097305740737,40.9852266496354,2543,283.15,-4787.35547680534,-1628.02388294841,32.4701150460995,-1.88743442551193,-0.00293293133310313,FALSE,TRUE,-10.1740472911663,-10.9688185412404
"Oniscus asellus","Malacostraca","Isopoda","Oniscidae","Oniscus","asellus",0.15,0.00015,20,"C","A. M. Makarieva et al., Mean mass-specific metabolic rates are strikingly similar across life's major domains: Evidence for life's metabolic optimum. Proc. Natl. Acad. Sci. U.S.A. 105, 16994-16999 (2008).",-8.80487526386802,-9.20984049693553,39.5871292029482,2551,293.15,-4787.35547680534,-1628.02388294841,32.4701150460995,-1.88743442551193,-0.00293293133310313,FALSE,TRUE,-8.34368982863463,-8.3963256307548
"Oniscus asellus","Malacostraca","Isopoda","Oniscidae","Oniscus","asellus",0.0018,1.8e-06,20,"C","A. M. Makarieva et al., Mean mass-specific metabolic rates are strikingly similar across life's major domains: Evidence for life's metabolic optimum. Proc. Natl. Acad. Sci. U.S.A. 105, 16994-16999 (2008).",-13.2277238930622,-11.0682011829099,39.5871292029482,2544,293.15,-4787.35547680534,-1628.02388294841,32.4701150460995,-1.88743442551193,-0.00293293133310313,FALSE,TRUE,-11.8050971234288,-11.857732925549
"Oniscus asellus","Malacostraca","Isopoda","Oniscidae","Oniscus","asellus",0.018,1.8e-05,20,"C","A. M. Makarieva et al., Mean mass-specific metabolic rates are strikingly similar across life's major domains: Evidence for life's metabolic optimum. Proc. Natl. Acad. Sci. U.S.A. 105, 16994-16999 (2008).",-10.9251388000681,-10.1267311088507,39.5871292029482,2547,293.15,-4787.35547680534,-1628.02388294841,32.4701150460995,-1.88743442551193,-0.00293293133310313,FALSE,TRUE,-10.0030492791583,-10.0556850812785
"Oniscus asellus","Malacostraca","Isopoda","Oniscidae","Oniscus","asellus",0.06,6e-05,20,"C","A. M. Makarieva et al., Mean mass-specific metabolic rates are strikingly similar across life's major domains: Evidence for life's metabolic optimum. Proc. Natl. Acad. Sci. U.S.A. 105, 16994-16999 (2008).",-9.72116599574217,-9.02801881518306,39.5871292029482,2549,293.15,-4787.35547680534,-1628.02388294841,32.4701150460995,-1.88743442551193,-0.00293293133310313,FALSE,TRUE,-9.06079676341105,-9.11343256553123
"Oniscus asellus","Malacostraca","Isopoda","Oniscidae","Oniscus","asellus",0.1,1e-04,20,"C","A. M. Makarieva et al., Mean mass-specific metabolic rates are strikingly similar across life's major domains: Evidence for life's metabolic optimum. Proc. Natl. Acad. Sci. U.S.A. 105, 16994-16999 (2008).",-9.21034037197618,-9.10507986131869,39.5871292029482,2550,293.15,-4787.35547680534,-1628.02388294841,32.4701150460995,-1.88743442551193,-0.00293293133310313,FALSE,TRUE,-8.66101470241079,-8.71365050453097
"Oniscus asellus","Malacostraca","Isopoda","Oniscidae","Oniscus","asellus",0.0061,6.1e-06,20,"C","A. M. Makarieva et al., Mean mass-specific metabolic rates are strikingly similar across life's major domains: Evidence for life's metabolic optimum. Proc. Natl. Acad. Sci. U.S.A. 105, 16994-16999 (2008).",-12.007221786785,-10.3977838743509,39.5871292029482,2545,293.15,-4787.35547680534,-1628.02388294841,32.4701150460995,-1.88743442551193,-0.00293293133310313,FALSE,TRUE,-10.8499084547293,-10.9025442568495
"Oniscus asellus","Malacostraca","Isopoda","Oniscidae","Oniscus","asellus",0.01,1e-05,20,"C","A. M. Makarieva et al., Mean mass-specific metabolic rates are strikingly similar across life's major domains: Evidence for life's metabolic optimum. Proc. Natl. Acad. Sci. U.S.A. 105, 16994-16999 (2008).",-11.5129254649702,-9.97240899800255,39.5871292029482,2546,293.15,-4787.35547680534,-1628.02388294841,32.4701150460995,-1.88743442551193,-0.00293293133310313,FALSE,TRUE,-10.4630625466813,-10.5156983488015
"Oniscus asellus","Malacostraca","Isopoda","Oniscidae","Oniscus","asellus",0.02,2e-05,20,"C","A. M. Makarieva et al., Mean mass-specific metabolic rates are strikingly similar across life's major domains: Evidence for life's metabolic optimum. Proc. Natl. Acad. Sci. U.S.A. 105, 16994-16999 (2008).",-10.8197782844103,-10.3087526806416,39.5871292029482,2548,293.15,-4787.35547680534,-1628.02388294841,32.4701150460995,-1.88743442551193,-0.00293293133310313,FALSE,TRUE,-9.92059209193425,-9.97322789405443
"Porcellio scaber","Malacostraca","Isopoda","Porcellionidae","Porcellio","scaber",0.25,0.00025,20,"C","A. M. Makarieva et al., Mean mass-specific metabolic rates are strikingly similar across life's major domains: Evidence for life's metabolic optimum. Proc. Natl. Acad. Sci. U.S.A. 105, 16994-16999 (2008).",-8.29404964010203,-8.00661759890546,39.5871292029482,2555,293.15,-4787.35547680534,-1628.02388294841,32.4701150460995,-1.88743442551193,-0.00293293133310313,FALSE,TRUE,-7.94390776763437,-8.35164252100959
"Porcellio scaber","Malacostraca","Isopoda","Porcellionidae","Porcellio","scaber",0.1,1e-04,20,"C","A. M. Makarieva et al., Mean mass-specific metabolic rates are strikingly similar across life's major domains: Evidence for life's metabolic optimum. Proc. Natl. Acad. Sci. U.S.A. 105, 16994-16999 (2008).",-9.21034037197618,-9.10507986131869,39.5871292029482,2554,293.15,-4787.35547680534,-1628.02388294841,32.4701150460995,-1.88743442551193,-0.00293293133310313,FALSE,TRUE,-8.66101470241079,-9.06874945578601
"Porcellio scaber","Malacostraca","Isopoda","Porcellionidae","Porcellio","scaber",0.06,6e-05,20,"C","A. M. Makarieva et al., Mean mass-specific metabolic rates are strikingly similar across life's major domains: Evidence for life's metabolic optimum. Proc. Natl. Acad. Sci. U.S.A. 105, 16994-16999 (2008).",-9.72116599574217,-10.1261312288087,39.5871292029482,2553,293.15,-4787.35547680534,-1628.02388294841,32.4701150460995,-1.88743442551193,-0.00293293133310313,FALSE,TRUE,-9.06079676341105,-9.46853151678627
"Porcellio scaber","Malacostraca","Isopoda","Porcellionidae","Porcellio","scaber",0.007,7e-06,20,"C","A. M. Makarieva et al., Mean mass-specific metabolic rates are strikingly similar across life's major domains: Evidence for life's metabolic optimum. Proc. Natl. Acad. Sci. U.S.A. 105, 16994-16999 (2008).",-11.869600408909,-11.0711927176915,39.5871292029482,2552,293.15,-4787.35547680534,-1628.02388294841,32.4701150460995,-1.88743442551193,-0.00293293133310313,FALSE,TRUE,-10.7422032897469,-11.1499380431221
"Alligator mississippiensis","Reptilia","Crocodilia","Alligatoridae","Alligator","mississippiensis",2620,2.62,30,"C","J. F. Gillooly, J. P. Gomez, E. V. Mavrodiev,  A broad-scale comparison of aerobic activity levels in vertebrates: endotherms versus ectotherms. Proc. Biol. Sci. 284, 20162328 (2017).",0.963174317773006,0.980829253011726,38.2812697537333,2556,303.15,17168.2845239937,145.984591742166,15.8713494841097,-2058.98464940383,-140.998696747543,FALSE,TRUE,-0.1562188346351,1.14334876659044
"Chalcides ocellatus","Reptilia","Squamata","Scincidae","Chalcides","ocellatus",19,0.019,33,"C","J. F. Gillooly, J. P. Gomez, E. V. Mavrodiev,  A broad-scale comparison of aerobic activity levels in vertebrates: endotherms versus ectotherms. Proc. Biol. Sci. 284, 20162328 (2017).",-3.9633162998157,-1.66512681829469,37.9061470711882,2557,306.15,17592.6270925533,194.370228784986,2997.42145437294,681.054280713025,341.550266344304,FALSE,TRUE,-3.85585919303753,-3.57404101583299
"Chalcides ocellatus","Reptilia","Squamata","Scincidae","Chalcides","ocellatus",22.06,0.02206,33,"C","A. M. Makarieva et al., Mean mass-specific metabolic rates are strikingly similar across life's major domains: Evidence for life's metabolic optimum. Proc. Natl. Acad. Sci. U.S.A. 105, 16994-16999 (2008).",-3.81398926515678,-4.46407695625628,37.9061470711882,2592,306.15,17592.6270925533,194.370228784986,2997.42145437294,681.054280713025,341.550266344304,FALSE,TRUE,-3.73899295355862,-3.45717477635404
"Chondrodactylus bibronii","Reptilia","Squamata","Gekkonidae","Chondrodactylus","bibronii",15,0.015,25,"C","J. F. Gillooly, J. P. Gomez, E. V. Mavrodiev,  A broad-scale comparison of aerobic activity levels in vertebrates: endotherms versus ectotherms. Proc. Biol. Sci. 284, 20162328 (2017).",-4.19970507787993,-3.1298987884609,38.9232497932056,2558,298.15,17609.1412108943,196.340035609827,3134.81857741097,867.660791418726,206.703257275032,FALSE,TRUE,-4.46363991804362,-4.48450694053227
"Cnemidophorus murinus","Reptilia","Squamata","Teiidae","Cnemidophorus","murinus",55.2,0.0552,40,"C","Bennett & Gleeson, 1979",-2.89679232569909,-3.98966692662377,37.0588118340867,2863,313.15,17293.0298989992,158.924340947614,573.328426214863,-2492.5845468819,-162.16022649679,FALSE,TRUE,-2.66896564437397,-2.50097897307623
"Cnemidophorus murinus","Reptilia","Squamata","Teiidae","Cnemidophorus","murinus",55,0.055,40,"C","J. F. Gillooly, J. P. Gomez, E. V. Mavrodiev,  A broad-scale comparison of aerobic activity levels in vertebrates: endotherms versus ectotherms. Proc. Biol. Sci. 284, 20162328 (2017).",-2.90042209374967,-0.693369427477184,37.0588118340867,2559,313.15,17293.0298989992,158.924340947614,573.328426214863,-2492.5845468819,-162.16022649679,FALSE,TRUE,-2.67180637139451,-2.50381970009677
"Cnemidophorus murinus","Reptilia","Squamata","Teiidae","Cnemidophorus","murinus",85,0.085,40,"C","A. M. Makarieva et al., Mean mass-specific metabolic rates are strikingly similar across life's major domains: Evidence for life's metabolic optimum. Proc. Natl. Acad. Sci. U.S.A. 105, 16994-16999 (2008).",-2.46510402249182,-2.4482469054254,37.0588118340867,2594,313.15,17293.0298989992,158.924340947614,573.328426214863,-2492.5845468819,-162.16022649679,FALSE,TRUE,-2.33111798846828,-2.16313131717054
"Coleonyx variegatus","Reptilia","Squamata","Eublepharidae","Coleonyx","variegatus",4,0.004,25,"C","J. F. Gillooly, J. P. Gomez, E. V. Mavrodiev,  A broad-scale comparison of aerobic activity levels in vertebrates: endotherms versus ectotherms. Proc. Biol. Sci. 284, 20162328 (2017).",-5.52146091786225,-4.45101950616084,38.9232497932056,2560,298.15,17609.1412108943,196.340035609827,3134.81857741097,867.660791418726,206.703257275032,FALSE,TRUE,-5.4980717265962,-5.28750176033473
"Coleonyx variegatus","Reptilia","Squamata","Eublepharidae","Coleonyx","variegatus",3.62,0.00362,25,"C","Putnam & Murphy, 1982",-5.62128125314446,-5.83063148232634,38.9232497932056,2868,298.15,17609.1412108943,196.340035609827,3134.81857741097,867.660791418726,206.703257275032,FALSE,TRUE,-5.57619306098553,-5.36562309472405
"Coleonyx variegatus","Reptilia","Squamata","Eublepharidae","Coleonyx","variegatus",3.43,0.00343,25,"C","A. M. Makarieva et al., Mean mass-specific metabolic rates are strikingly similar across life's major domains: Evidence for life's metabolic optimum. Proc. Natl. Acad. Sci. U.S.A. 105, 16994-16999 (2008).",-5.67519501780429,-5.88098993078389,38.9232497932056,2595,298.15,17609.1412108943,196.340035609827,3134.81857741097,867.660791418726,206.703257275032,FALSE,TRUE,-5.61838702101653,-5.40781705475504
"Crocodylus porosus","Reptilia","Crocodilia","Crocodylidae","Crocodylus","porosus",1003,1.003,32,"C","J. F. Gillooly, J. P. Gomez, E. V. Mavrodiev,  A broad-scale comparison of aerobic activity levels in vertebrates: endotherms versus ectotherms. Proc. Biol. Sci. 284, 20162328 (2017).",0.00299550897979837,0.827095153069684,38.0303684281313,2561,305.15,17168.2845239937,145.984591742166,15.8713494841097,-2058.98464940383,-140.998696747543,FALSE,TRUE,-0.803381478489982,0.496186122735408
"Crotalus viridis","Reptilia","Squamata","Viperidae","Crotalus","viridis",301,0.301,35,"C","A. M. Makarieva et al., Mean mass-specific metabolic rates are strikingly similar across life's major domains: Evidence for life's metabolic optimum. Proc. Natl. Acad. Sci. U.S.A. 105, 16994-16999 (2008).",-1.20064501423326,-2.23346956236337,37.6601230759184,2596,308.15,17293.0298989992,158.924340947614,573.328426214863,-2492.5845468819,-162.16022649679,FALSE,TRUE,-1.59147435583264,-1.51886618831087
"Crotalus viridis","Reptilia","Squamata","Viperidae","Crotalus","viridis",301,0.301,35,"C","J. F. Gillooly, J. P. Gomez, E. V. Mavrodiev,  A broad-scale comparison of aerobic activity levels in vertebrates: endotherms versus ectotherms. Proc. Biol. Sci. 284, 20162328 (2017).",-1.20064501423326,-0.139773053547999,37.6601230759184,2562,308.15,17293.0298989992,158.924340947614,573.328426214863,-2492.5845468819,-162.16022649679,FALSE,TRUE,-1.59147435583264,-1.51886618831087
"Cyclura nubila","Reptilia","Squamata","Iguanidae","Cyclura","nubila",1254,1.254,38,"C","J. F. Gillooly, J. P. Gomez, E. V. Mavrodiev,  A broad-scale comparison of aerobic activity levels in vertebrates: endotherms versus ectotherms. Proc. Biol. Sci. 284, 20162328 (2017).",0.226338442210729,1.72870133326092,37.2970172773397,2563,311.15,17293.0298989992,158.924340947614,573.328426214863,-2492.5845468819,-162.16022649679,FALSE,TRUE,-0.32375747333761,-0.129951446207267
"Intellagama lesueurii","Reptilia","Squamata","Agamidae","Intellagama","lesueurii",549,0.549,30,"C","J. F. Gillooly, J. P. Gomez, E. V. Mavrodiev,  A broad-scale comparison of aerobic activity levels in vertebrates: endotherms versus ectotherms. Proc. Biol. Sci. 284, 20162328 (2017).",-0.599656837472606,0.338612801120324,38.2812697537333,2564,303.15,17293.0298989992,158.924340947614,573.328426214863,-2492.5845468819,-162.16022649679,FALSE,TRUE,-1.37932087018554,-1.22014836559045
"Lacerta viridis","Reptilia","Squamata","Lacertidae","Lacerta","viridis",31,0.031,20,"C","A. M. Makarieva et al., Mean mass-specific metabolic rates are strikingly similar across life's major domains: Evidence for life's metabolic optimum. Proc. Natl. Acad. Sci. U.S.A. 105, 16994-16999 (2008).",-3.47376807449699,-5.37088805938287,39.5871292029482,2607,293.15,17293.0298989992,158.924340947614,573.328426214863,-2492.5845468819,-162.16022649679,FALSE,TRUE,-4.17146173273867,-3.67555933417731
"Lacerta viridis","Reptilia","Squamata","Lacertidae","Lacerta","viridis",10,0.01,14.9,"C","J. F. Gillooly, J. P. Gomez, E. V. Mavrodiev,  A broad-scale comparison of aerobic activity levels in vertebrates: endotherms versus ectotherms. Proc. Biol. Sci. 284, 20162328 (2017).",-4.60517018598809,-2.4915956379388,40.2880295984873,2565,288.05,17293.0298989992,158.924340947614,573.328426214863,-2492.5845468819,-162.16022649679,FALSE,TRUE,-5.34826171940811,-4.85235932084674
"Masticophis flagellum","Reptilia","Squamata","Colubridae","Masticophis","flagellum",262,0.262,35,"C","A. M. Makarieva et al., Mean mass-specific metabolic rates are strikingly similar across life's major domains: Evidence for life's metabolic optimum. Proc. Natl. Acad. Sci. U.S.A. 105, 16994-16999 (2008).",-1.33941077522104,0.21303341569294,37.6601230759184,2610,308.15,17553.3198944084,189.648237074449,2662.31232889262,209.094000305564,1107.35748550903,FALSE,TRUE,-1.7000751372793,-1.28979113703972
"Masticophis flagellum","Reptilia","Squamata","Colubridae","Masticophis","flagellum",262,0.262,35,"C","J. F. Gillooly, J. P. Gomez, E. V. Mavrodiev,  A broad-scale comparison of aerobic activity levels in vertebrates: endotherms versus ectotherms. Proc. Biol. Sci. 284, 20162328 (2017).",-1.33941077522104,0.395190280167066,37.6601230759184,2566,308.15,17553.3198944084,189.648237074449,2662.31232889262,209.094000305564,1107.35748550903,FALSE,TRUE,-1.7000751372793,-1.28979113703968
"Naultinus manukanus","Reptilia","Squamata","Diplodactylidae","Naultinus","manukanus",7,0.007,25,"C","J. F. Gillooly, J. P. Gomez, E. V. Mavrodiev,  A broad-scale comparison of aerobic activity levels in vertebrates: endotherms versus ectotherms. Proc. Biol. Sci. 284, 20162328 (2017).",-4.96184512992682,-4.71053070164592,38.9232497932056,2567,298.15,17609.1412108943,196.340035609827,3134.81857741097,867.660791418726,206.703257275032,FALSE,TRUE,-5.06010553488536,-4.82655655593473
"Nephrurus asper","Reptilia","Squamata","Carphodactylidae","Nephrurus","asper",25,0.025,20,"C","J. F. Gillooly, J. P. Gomez, E. V. Mavrodiev,  A broad-scale comparison of aerobic activity levels in vertebrates: endotherms versus ectotherms. Proc. Biol. Sci. 284, 20162328 (2017).",-3.68887945411394,-3.1349943408875,39.5871292029482,2568,293.15,17609.1412108943,196.340035609827,3134.81857741097,867.660791418726,206.703257275032,FALSE,TRUE,-4.3398120790934,-4.10594762653868
"Phelsuma madagascariensis","Reptilia","Squamata","Gekkonidae","Phelsuma","madagascariensis",24,0.024,25,"C","J. F. Gillooly, J. P. Gomez, E. V. Mavrodiev,  A broad-scale comparison of aerobic activity levels in vertebrates: endotherms versus ectotherms. Proc. Biol. Sci. 284, 20162328 (2017).",-3.72970144863419,-2.7637391069628,38.9232497932056,2569,298.15,17609.1412108943,196.340035609827,3134.81857741098,867.66079141873,206.70325727503,FALSE,TRUE,-4.09580594332598,-4.11667296581485
"Phrynosoma douglasii","Reptilia","Squamata","Phrynosomatidae","Phrynosoma","douglasii",5,0.005,35,"C","J. F. Gillooly, J. P. Gomez, E. V. Mavrodiev,  A broad-scale comparison of aerobic activity levels in vertebrates: endotherms versus ectotherms. Proc. Biol. Sci. 284, 20162328 (2017).",-5.29831736654804,-3.59356927430961,37.6601230759184,2570,308.15,17293.0298989992,158.924340947614,573.328426214863,-2492.5845468819,-162.16022649679,FALSE,TRUE,-4.79839237657512,-4.80658954243038
"Sceloporus occidentalis","Reptilia","Squamata","Phrynosomatidae","Sceloporus","occidentalis",15.2,0.0152,35,"C","Gleeson, 1979",-4.18645985112991,-4.7107331103097,37.6601230759184,2850,308.15,17293.0298989992,158.924340947614,573.328426214863,-2492.5845468819,-162.16022649679,FALSE,TRUE,-3.9282310761778,-4.16200417552574
"Sceloporus occidentalis","Reptilia","Squamata","Phrynosomatidae","Sceloporus","occidentalis",12.8,0.0128,35,"C","Francis & Brooks, 1970",-4.35831010805657,-4.64720724748652,37.6601230759184,2851,308.15,17293.0298989992,158.924340947614,573.328426214863,-2492.5845468819,-162.16022649679,FALSE,TRUE,-4.06272442713985,-4.29649752648779
"Sceloporus occidentalis","Reptilia","Squamata","Iguanidae","Sceloporus","occidentalis",13,0.013,30,"C","J. F. Gillooly, J. P. Gomez, E. V. Mavrodiev,  A broad-scale comparison of aerobic activity levels in vertebrates: endotherms versus ectotherms. Proc. Biol. Sci. 284, 20162328 (2017).",-4.3428059215206,-2.34282855119501,38.2812697537333,2572,303.15,17293.0298989992,158.924340947614,573.328426214863,-2492.5845468819,-162.16022649679,FALSE,TRUE,-4.30878209106089,-4.54255519040881
"Sceloporus occidentalis","Reptilia","Squamata","Iguanidae","Sceloporus","occidentalis",10.105,0.010105,25,"C","A. M. Makarieva et al., Mean mass-specific metabolic rates are strikingly similar across life's major domains: Evidence for life's metabolic optimum. Proc. Natl. Acad. Sci. U.S.A. 105, 16994-16999 (2008).",-4.59472492812655,-5.10555055189254,38.9232497932056,2624,298.15,17293.0298989992,158.924340947614,573.328426214863,-2492.5845468819,-162.16022649679,FALSE,TRUE,-4.77279013001488,-5.00656322936281
"Sceloporus occidentalis","Reptilia","Squamata","Phrynosomatidae","Sceloporus","occidentalis",13.1,0.0131,35,"C","Gleeson, 1979",-4.33514304877503,-4.93945901562837,37.6601230759184,2849,308.15,17293.0298989992,158.924340947614,573.328426214863,-2492.5845468819,-162.16022649679,FALSE,TRUE,-4.04459343629682,-4.27836653564476
"Spalerosophis diadema","Reptilia","Squamata","Colubridae","Spalerosophis","diadema",386,0.386,30,"C","J. F. Gillooly, J. P. Gomez, E. V. Mavrodiev,  A broad-scale comparison of aerobic activity levels in vertebrates: endotherms versus ectotherms. Proc. Biol. Sci. 284, 20162328 (2017).",-0.951917909517306,-0.204703507687085,38.2812697537333,2573,303.15,17557.1080270817,190.104693368661,2694.94254604895,255.731736444338,1015.06095060671,FALSE,TRUE,-1.65500723132372,-1.69079249877483
"Sphenodon punctatus","Reptilia","Rhynchocephalia","Sphenodontidae","Sphenodon","punctatus",520,0.52,30,"C","J. F. Gillooly, J. P. Gomez, E. V. Mavrodiev,  A broad-scale comparison of aerobic activity levels in vertebrates: endotherms versus ectotherms. Proc. Biol. Sci. 284, 20162328 (2017).",-0.653926467406664,-0.771709503063048,38.2812697537333,2574,303.15,17293.0298989992,158.924340947614,573.328426214863,-2492.5845468819,-162.16022649679,FALSE,TRUE,-1.42179333729634,-0.802556357583944
"Tiliqua rugosa","Reptilia","Squamata","Scincidae","Tiliqua","rugosa",421,0.421,30,"C","J. F. Gillooly, J. P. Gomez, E. V. Mavrodiev,  A broad-scale comparison of aerobic activity levels in vertebrates: endotherms versus ectotherms. Proc. Biol. Sci. 284, 20162328 (2017).",-0.865122445299756,0.0731471932931747,38.2812697537333,2575,303.15,17592.6270925533,194.370228784986,2997.42145437294,681.054280713025,341.550266344304,FALSE,TRUE,-1.58707941416657,-1.43324810517967
"Tiliqua rugosa","Reptilia","Squamata","Scincidae","Tiliqua","rugosa",493,0.493,35,"C","A. M. Makarieva et al., Mean mass-specific metabolic rates are strikingly similar across life's major domains: Evidence for life's metabolic optimum. Proc. Natl. Acad. Sci. U.S.A. 105, 16994-16999 (2008).",-0.707246104939447,-2.60436608982533,37.6601230759184,2630,308.15,17592.6270925533,194.370228784986,2997.42145437294,681.054280713025,341.550266344304,FALSE,TRUE,-1.20533078026462,-1.05149947127773
"Tiliqua rugosa","Reptilia","Squamata","Scincidae","Tiliqua","rugosa",508.6,0.5086,20,"C","A. M. Makarieva et al., Mean mass-specific metabolic rates are strikingly similar across life's major domains: Evidence for life's metabolic optimum. Proc. Natl. Acad. Sci. U.S.A. 105, 16994-16999 (2008).",-0.676093425994118,-0.899236977308327,39.5871292029482,2631,293.15,17592.6270925533,194.370228784986,2997.42145437294,681.054280713025,341.550266344304,FALSE,TRUE,-1.98194718031478,-1.82811587132792
"Tiliqua rugosa","Reptilia","Squamata","Scincidae","Tiliqua","rugosa",548,0.548,35,"C","Christian & Conley, 1994",-0.601479992034121,-1.52060669872748,37.6601230759184,2859,308.15,17592.6270925533,194.370228784986,2997.42145437294,681.054280713025,341.550266344304,FALSE,TRUE,-1.1225561647519,-0.96872485576501
"Varanus acanthurus","Reptilia","Squamata","Varanidae","Varanus","acanthurus",74,0.074,35,"C","J. F. Gillooly, J. P. Gomez, E. V. Mavrodiev,  A broad-scale comparison of aerobic activity levels in vertebrates: endotherms versus ectotherms. Proc. Biol. Sci. 284, 20162328 (2017).",-2.60369018577797,-0.0571584138399486,37.6601230759184,2576,308.15,17293.0298989992,158.924340947614,573.328426214863,-2492.5845468819,-162.16022649679,FALSE,TRUE,-2.68952477511536,-1.56648541769921
"Varanus eremius","Reptilia","Squamata","Varanidae","Varanus","eremius",40,0.04,35,"C","J. F. Gillooly, J. P. Gomez, E. V. Mavrodiev,  A broad-scale comparison of aerobic activity levels in vertebrates: endotherms versus ectotherms. Proc. Biol. Sci. 284, 20162328 (2017).",-3.2188758248682,-0.672255821528569,37.6601230759184,2577,308.15,17293.0298989992,158.924340947613,573.328426214852,-2492.58454688194,-162.160226496791,FALSE,TRUE,-3.17098101233403,-2.04794165491793
"Varanus gouldii","Reptilia","Squamata","Varanidae","Varanus","gouldii",674,0.674,30,"C","J. F. Gillooly, J. P. Gomez, E. V. Mavrodiev,  A broad-scale comparison of aerobic activity levels in vertebrates: endotherms versus ectotherms. Proc. Biol. Sci. 284, 20162328 (2017).",-0.39452516806983,0.758154341868555,38.2812697537333,2579,303.15,17293.0298989992,158.924340947614,573.328426214863,-2492.5845468819,-162.16022649679,FALSE,TRUE,-1.21878083899902,-0.45467284217365
"Varanus gouldii","Reptilia","Squamata","Varanidae","Varanus","gouldii",169,0.169,30,"C","Thompson & Withers, 1992",-1.77785656405906,-3.20025023965548,38.2812697537333,2864,303.15,17293.0298989992,158.924340947614,573.328426214863,-2492.5845468819,-162.16022649679,FALSE,TRUE,-2.30140287439692,-1.53729487757159
"Varanus gouldii","Reptilia","Squamata","Varanidae","Varanus","gouldii",674,0.674,28.5,"C","Bennett, Dawson, & Bartholomew, 1975",-0.39452516806983,-1.19015113140449,38.4716291259548,2847,301.65,17293.0298989992,158.924340947614,573.328426214863,-2492.5845468819,-162.16022649679,FALSE,TRUE,-1.29790736664908,-0.533799369823737
"Varanus gouldii","Reptilia","Squamata","Varanidae","Varanus","gouldii",402,0.402,35,"C","J. F. Gillooly, J. P. Gomez, E. V. Mavrodiev,  A broad-scale comparison of aerobic activity levels in vertebrates: endotherms versus ectotherms. Proc. Biol. Sci. 284, 20162328 (2017).",-0.911303190363116,0.936093359170335,37.6601230759184,2578,308.15,17293.0298989992,158.924340947614,573.328426214863,-2492.5845468819,-162.16022649679,FALSE,TRUE,-1.36502982114467,-0.600921824319312
"Varanus gouldii","Reptilia","Squamata","Varanidae","Varanus","gouldii",1086,1.086,35,"C","Christian & Conley, 1994",0.0825012215117438,-1.34875644180082,37.6601230759184,2860,308.15,17293.0298989992,158.924340947614,573.328426214863,-2492.5845468819,-162.16022649679,FALSE,TRUE,-0.58725917392967,0.176848822895692
"Varanus panoptes","Reptilia","Squamata","Varanidae","Varanus","panoptes",931,0.931,35,"C","Christian & Conley, 1994",-0.0714960017050699,-1.24867298324384,37.6601230759184,2861,308.15,17293.0298989992,158.924340947614,573.328426214863,-2492.5845468819,-162.16022649679,FALSE,TRUE,-0.7077803937386,0.0471074938043277
"Varanus panoptes","Reptilia","Squamata","Varanidae","Varanus","panoptes",2003,2.003,30,"C","Thompson & Withers, 1992",0.694646056683681,-0.456797671339225,38.2812697537333,2865,303.15,17293.0298989992,158.924340947614,573.328426214863,-2492.5845468819,-162.16022649679,FALSE,TRUE,-0.366374270581444,0.388513616961477
"Varanus panoptes","Reptilia","Squamata","Varanidae","Varanus","panoptes",2240,2.24,35,"C","J. F. Gillooly, J. P. Gomez, E. V. Mavrodiev,  A broad-scale comparison of aerobic activity levels in vertebrates: endotherms versus ectotherms. Proc. Biol. Sci. 284, 20162328 (2017).",0.806475865866949,2.57515352763578,37.6601230759184,2580,308.15,17293.0298989992,158.924340947614,573.328426214863,-2492.5845468819,-162.16022649679,FALSE,TRUE,-0.0206625468880297,0.734225340654833
"Varanus panoptes","Reptilia","Squamata","Varanidae","Varanus","panoptes",2005,2.005,20.5,"C","A. M. Makarieva et al., Mean mass-specific metabolic rates are strikingly similar across life's major domains: Evidence for life's metabolic optimum. Proc. Natl. Acad. Sci. U.S.A. 105, 16994-16999 (2008).",0.695644060758532,-1.18823069737733,39.5197239088856,2634,293.65,17293.0298989992,158.924340947614,573.328426214863,-2492.5845468819,-162.16022649679,FALSE,TRUE,-0.880380459064137,-0.125492571521204
"Varanus tristis","Reptilia","Squamata","Varanidae","Varanus","tristis",103,0.103,35,"C","J. F. Gillooly, J. P. Gomez, E. V. Mavrodiev,  A broad-scale comparison of aerobic activity levels in vertebrates: endotherms versus ectotherms. Proc. Biol. Sci. 284, 20162328 (2017).",-2.2730262907525,0.543615446588982,37.6601230759184,2581,308.15,17293.0298989992,158.924340947613,573.328426214852,-2492.58454688194,-162.160226496791,FALSE,TRUE,-2.43074078445123,-1.33779501443138
"Acrantophis dumerili","Reptilia","Squamata","Sanziniidae","Acrantophis","dumerili",2548.5,2.5485,20,"C","A. M. Makarieva et al., Mean mass-specific metabolic rates are strikingly similar across life's major domains: Evidence for life's metabolic optimum. Proc. Natl. Acad. Sci. U.S.A. 105, 16994-16999 (2008).",0.935504950797959,-2.23458070990081,39.5871292029482,2583,293.15,17564.0686308265,190.943368910398,2754.88716084095,341.383037007667,846.216226545312,FALSE,TRUE,-0.720678969396376,-1.01261227957876
"Anguis fragilis","Reptilia","Squamata","Anguidae","Anguis","fragilis",12.067,0.012067,30,"C","A. M. Makarieva et al., Mean mass-specific metabolic rates are strikingly similar across life's major domains: Evidence for life's metabolic optimum. Proc. Natl. Acad. Sci. U.S.A. 105, 16994-16999 (2008).",-4.41728082489067,-5.53507593297556,38.2812697537333,2584,303.15,17293.0298989992,158.924340947614,573.328426214863,-2492.5845468819,-162.16022649679,FALSE,TRUE,-4.36706759785004,-4.49700211513685
"Anniella pulchra","Reptilia","Squamata","Anniellidae","Anniella","pulchra",4.5,0.0045,20,"C","Fusari, 1984",-5.40367788220586,-5.8199023731572,39.5871292029482,2852,293.15,17293.0298989992,158.924340947614,573.328426214863,-2492.5845468819,-162.16022649679,FALSE,TRUE,-5.68184665584094,-6.05841383360643
"Anniella pulchra","Reptilia","Squamata","Anniellidae","Anniella","pulchra",4.94,0.00494,25,"C","Kamel & Gatten, 1983",-5.31038994778231,-6.31066633572957,38.9232497932056,2862,298.15,17293.0298989992,158.924340947614,573.328426214863,-2492.5845468819,-162.16022649679,FALSE,TRUE,-5.33288348327007,-5.70945066103555
"Anniella pulchra","Reptilia","Squamata","Anniellidae","Anniella","pulchra",4.8465999999999,0.0048465999999999,25,"C","A. M. Makarieva et al., Mean mass-specific metabolic rates are strikingly similar across life's major domains: Evidence for life's metabolic optimum. Proc. Natl. Acad. Sci. U.S.A. 105, 16994-16999 (2008).",-5.32947785079768,-6.342830295515,38.9232497932056,2585,298.15,17293.0298989992,158.924340947614,573.328426214863,-2492.5845468819,-162.16022649679,FALSE,TRUE,-5.34782204714124,-5.72438922490672
"Anolis carolinensis","Reptilia","Squamata","Dactyloidae","Anolis","carolinensis",4.5,0.0045,30,"C","A. M. Makarieva et al., Mean mass-specific metabolic rates are strikingly similar across life's major domains: Evidence for life's metabolic optimum. Proc. Natl. Acad. Sci. U.S.A. 105, 16994-16999 (2008).",-5.40367788220586,-5.35966099678911,38.2812697537333,2586,303.15,17293.0298989992,158.924340947614,573.328426214863,-2492.5845468819,-162.16022649679,FALSE,TRUE,-5.13904110542551,-5.26347959419707
"Anolis limifrons","Reptilia","Squamata","Dactyloidae","Anolis","limifrons",1.5,0.0015,20,"C","A. M. Makarieva et al., Mean mass-specific metabolic rates are strikingly similar across life's major domains: Evidence for life's metabolic optimum. Proc. Natl. Acad. Sci. U.S.A. 105, 16994-16999 (2008).",-6.50229017087397,-7.31422088742389,39.5871292029482,2587,293.15,17293.0298989992,158.924340947614,573.328426214863,-2492.5845468819,-162.16022649679,FALSE,TRUE,-6.54164198436414,-6.6660804731357
"Antaresia childreni","Reptilia","Squamata","Pythonidae","Antaresia","childreni",331.7,0.3317,24,"C","A. M. Makarieva et al., Mean mass-specific metabolic rates are strikingly similar across life's major domains: Evidence for life's metabolic optimum. Proc. Natl. Acad. Sci. U.S.A. 105, 16994-16999 (2008).",-1.10352433302913,-2.74342145294794,39.0542383504771,2588,297.15,17564.0686308265,190.943368910398,2754.88716084095,341.383037007667,846.216226545312,FALSE,TRUE,-2.09495660177828,-2.7711666373211
"Antaresia childreni","Reptilia","Squamata","Pythonidae","Antaresia","childreni",331.7,0.3317,30,"C","Bedford & Christian, 1999",-1.10352433302913,-2.45095170934165,38.2812697537333,2854,303.15,17564.0686308265,190.943368910398,2754.88716084095,341.383037007667,846.216226545312,FALSE,TRUE,-1.77365736481859,-2.44986740036143
"Antaresia stimsoni","Reptilia","Squamata","Pythonidae","Antaresia","stimsoni",349.9,0.3499,30,"C","A. M. Makarieva et al., Mean mass-specific metabolic rates are strikingly similar across life's major domains: Evidence for life's metabolic optimum. Proc. Natl. Acad. Sci. U.S.A. 105, 16994-16999 (2008).",-1.05010787960849,-2.19896138471335,38.2812697537333,2589,303.15,17564.0686308265,190.943368910398,2754.88716084095,341.383037007667,846.216226545312,FALSE,TRUE,-1.73185261022858,-2.4087374878186
"Antaresia stimsoni","Reptilia","Squamata","Pythonidae","Antaresia","stimsoni",349.9,0.3499,30,"C","Bedford & Christian, 1999",-1.05010787960849,-2.63228365695044,38.2812697537333,2856,303.15,17564.0686308265,190.943368910398,2754.88716084095,341.383037007667,846.216226545312,FALSE,TRUE,-1.73185261022858,-2.40873748781861
"Aspidites melanocephalus","Reptilia","Squamata","Pythonidae","Aspidites","melanocephalus",1027.5,1.0275,24,"C","A. M. Makarieva et al., Mean mass-specific metabolic rates are strikingly similar across life's major domains: Evidence for life's metabolic optimum. Proc. Natl. Acad. Sci. U.S.A. 105, 16994-16999 (2008).",0.0271286673882527,-1.56250661774967,39.0542383504771,2590,297.15,17564.0686308265,190.943368910398,2754.88716084095,341.383037007667,846.216226545312,FALSE,TRUE,-1.21008558953232,-1.86069307380494
"Aspidites melanocephalus","Reptilia","Squamata","Pythonidae","Aspidites","melanocephalus",1027.5,1.0275,30,"C","Bedford & Christian, 1999",0.0271286673882527,-1.32306903837343,38.2812697537333,2853,303.15,17564.0686308265,190.943368910398,2754.88716084095,341.383037007667,846.216226545312,FALSE,TRUE,-0.888786352572632,-1.53939383684524
"Blanus cinereus","Reptilia","Squamata","Blanidae","Blanus","cinereus",2.4,0.0024,30,"C","A. M. Makarieva et al., Mean mass-specific metabolic rates are strikingly similar across life's major domains: Evidence for life's metabolic optimum. Proc. Natl. Acad. Sci. U.S.A. 105, 16994-16999 (2008).",-6.03228654162824,-6.05453215057556,38.2812697537333,2591,303.15,17293.0298989992,158.924340947614,573.328426214863,-2492.5845468819,-162.16022649679,FALSE,TRUE,-5.63100245923107,-5.46773421462662
"Crotaphytus collaris","Reptilia","Squamata","Crotaphytidae","Crotaphytus","collaris",30,0.03,37,"C","A. M. Makarieva et al., Mean mass-specific metabolic rates are strikingly similar across life's major domains: Evidence for life's metabolic optimum. Proc. Natl. Acad. Sci. U.S.A. 105, 16994-16999 (2008).",-3.50655789731998,-3.06443947156378,37.4172720485064,2597,310.15,17293.0298989992,158.924340947614,573.328426214863,-2492.5845468819,-162.16022649679,FALSE,TRUE,-3.2951809014216,-3.31355707951398
"Ctenotus labillardieri","Reptilia","Squamata","Scincidae","Ctenotus","labillardieri",2.8,0.0028,20,"C","A. M. Makarieva et al., Mean mass-specific metabolic rates are strikingly similar across life's major domains: Evidence for life's metabolic optimum. Proc. Natl. Acad. Sci. U.S.A. 105, 16994-16999 (2008).",-5.87813586180098,-6.80195486009593,39.5871292029482,2598,293.15,17592.6270925533,194.370228784986,2997.42145437294,681.054280713025,341.550266344304,FALSE,TRUE,-6.05316669171183,-5.97224856681583
"Diadophis punctatus","Reptilia","Squamata","Colubridae","Diadophis","punctatus",4.4,0.0044,30,"C","A. M. Makarieva et al., Mean mass-specific metabolic rates are strikingly similar across life's major domains: Evidence for life's metabolic optimum. Proc. Natl. Acad. Sci. U.S.A. 105, 16994-16999 (2008).",-5.42615073805792,-5.73676031515341,38.2812697537333,2599,303.15,17293.0298989992,158.924340947614,573.328426214863,-2492.5845468819,-162.16022649679,FALSE,TRUE,-5.15662879917286,-5.2004357639199
"Dipsosaurus dorsalis","Reptilia","Squamata","Iguanidae","Dipsosaurus","dorsalis",40.36,0.04036,45,"C","A. M. Makarieva et al., Mean mass-specific metabolic rates are strikingly similar across life's major domains: Evidence for life's metabolic optimum. Proc. Natl. Acad. Sci. U.S.A. 105, 16994-16999 (2008).",-3.20991608349673,-2.88133201972452,36.4764008355941,2600,318.15,17293.0298989992,158.924340947614,573.328426214863,-2492.5845468819,-162.16022649679,FALSE,TRUE,-2.67193206989814,-2.5673383237642
"Hemidactylus frenatus","Reptilia","Squamata","Gekkonidae","Hemidactylus","frenatus",2,0.002,27,"C","A. M. Makarieva et al., Mean mass-specific metabolic rates are strikingly similar across life's major domains: Evidence for life's metabolic optimum. Proc. Natl. Acad. Sci. U.S.A. 105, 16994-16999 (2008).",-6.21460809842219,-6.75417619105384,38.6638911405773,2604,300.15,17609.1412108943,196.340035609827,3134.81857741097,867.660791418726,206.703257275032,FALSE,TRUE,-5.93273477811955,-5.96486278960223
"Hydrophis platurus","Reptilia","Squamata","Elapidae","Hydrophis","platurus",116,0.116,30,"C","A. M. Makarieva et al., Mean mass-specific metabolic rates are strikingly similar across life's major domains: Evidence for life's metabolic optimum. Proc. Natl. Acad. Sci. U.S.A. 105, 16994-16999 (2008).",-2.15416508787577,-3.25377787687747,38.2812697537333,2605,303.15,17553.8954404959,189.717589425878,2667.2702417175,216.180822006214,1093.3182184021,FALSE,TRUE,-2.59590923865152,-2.69831179526755
"Lacerta agilis","Reptilia","Squamata","Lacertidae","Lacerta","agilis",8.4,0.0084,35,"C","A. M. Makarieva et al., Mean mass-specific metabolic rates are strikingly similar across life's major domains: Evidence for life's metabolic optimum. Proc. Natl. Acad. Sci. U.S.A. 105, 16994-16999 (2008).",-4.77952357313287,-3.78405204338427,37.6601230759184,2606,308.15,17293.0298989992,158.924340947614,573.328426214863,-2492.5845468819,-162.16022649679,FALSE,TRUE,-4.3923742711469,-3.94984607063246
"Liasis fuscus","Reptilia","Squamata","Pythonidae","Liasis","fuscus",1306.9,1.3069,30,"C","A. M. Makarieva et al., Mean mass-specific metabolic rates are strikingly similar across life's major domains: Evidence for life's metabolic optimum. Proc. Natl. Acad. Sci. U.S.A. 105, 16994-16999 (2008).",0.267657920620853,-1.83607631362803,38.2812697537333,2608,303.15,17564.0686308265,190.943368910398,2754.88716084095,341.383037007667,846.216226545312,FALSE,TRUE,-0.700543484332661,-1.45217054431323
"Liasis fuscus","Reptilia","Squamata","Pythonidae","Liasis","fuscus",1306.9,1.3069,30,"C","Bedford & Christian, 1999",0.267657920620853,-2.26000409782793,38.2812697537333,2855,303.15,17564.0686308265,190.943368910398,2754.88716084095,341.383037007667,846.216226545312,FALSE,TRUE,-0.700543484332661,-1.45217054431325
"Malayopython reticulatus","Reptilia","Squamata","Pythonidae","Malayopython","reticulatus",14326,14.326,20,"C","A. M. Makarieva et al., Mean mass-specific metabolic rates are strikingly similar across life's major domains: Evidence for life's metabolic optimum. Proc. Natl. Acad. Sci. U.S.A. 105, 16994-16999 (2008).",2.66207606819226,-0.333656205361731,39.5871292029482,2609,293.15,17564.0686308265,190.943368910398,2754.88716084095,341.383037007667,846.216226545312,FALSE,TRUE,0.630569142800159,-0.0349407130549766
"Morelia spilota","Reptilia","Squamata","Morelia","Morelia","spilota",2173.5,2.1735,30,"C","A. M. Makarieva et al., Mean mass-specific metabolic rates are strikingly similar across life's major domains: Evidence for life's metabolic optimum. Proc. Natl. Acad. Sci. U.S.A. 105, 16994-16999 (2008).",0.77633877144671,-1.16160320795943,38.2812697537333,2611,303.15,17564.0686308265,190.943368910398,2754.88716084095,341.383037007667,846.216226545312,FALSE,TRUE,-0.302439964318783,-0.987528190535875
"Morelia spilota","Reptilia","Squamata","Pythonidae","Morelia","spilota",1516.5,1.5165,30,"C","Bedford & Christian, 1999",0.416405048146499,-1.240809853989,38.2812697537333,2857,303.15,17564.0686308265,190.943368910398,2754.88716084095,341.383037007667,846.216226545312,FALSE,TRUE,-0.584131091446684,-1.26921931766379
"Nerodia rhombifer","Reptilia","Squamata","Colubridae","Nerodia","rhombifer",238,0.238,30,"C","A. M. Makarieva et al., Mean mass-specific metabolic rates are strikingly similar across life's major domains: Evidence for life's metabolic optimum. Proc. Natl. Acad. Sci. U.S.A. 105, 16994-16999 (2008).",-1.43548460531066,-2.07414360058654,38.2812697537333,2612,303.15,17293.0298989992,158.924340947614,573.328426214863,-2492.5845468819,-162.16022649679,FALSE,TRUE,-2.03345592551827,-2.05002763721594
"Oxyrhopus trigeminus","Reptilia","Squamata","Colubridae","Oxyrhopus","trigeminus",98,0.098,20,"C","A. M. Makarieva et al., Mean mass-specific metabolic rates are strikingly similar across life's major domains: Evidence for life's metabolic optimum. Proc. Natl. Acad. Sci. U.S.A. 105, 16994-16999 (2008).",-2.32278780031156,-3.96268492023037,39.5871292029482,2613,293.15,17293.0298989992,158.924340947614,573.328426214863,-2492.5845468819,-162.16022649679,FALSE,TRUE,-3.27068220098347,-3.31872939558823
"Petrosaurus mearnsi","Reptilia","Squamata","Iguanidae","Petrosaurus","mearnsi",14,0.014,20,"C","A. M. Makarieva et al., Mean mass-specific metabolic rates are strikingly similar across life's major domains: Evidence for life's metabolic optimum. Proc. Natl. Acad. Sci. U.S.A. 105, 16994-16999 (2008).",-4.26869794936688,-5.79655587480856,39.5871292029482,2614,293.15,17293.0298989992,158.924340947614,573.328426214863,-2492.5845468819,-162.16022649679,FALSE,TRUE,-4.79358930218837,-4.95999471597871
"Philodryas olfersii","Reptilia","Squamata","Colubridae","Philodryas","olfersii",176,0.176,20,"C","A. M. Makarieva et al., Mean mass-specific metabolic rates are strikingly similar across life's major domains: Evidence for life's metabolic optimum. Proc. Natl. Acad. Sci. U.S.A. 105, 16994-16999 (2008).",-1.73727128394399,-3.26512920938566,39.5871292029482,2615,293.15,17293.0298989992,158.924340947614,573.328426214863,-2492.5845468819,-162.16022649679,FALSE,TRUE,-2.81244559582375,-2.8692340579067
"Philodryas patagoniensis","Reptilia","Squamata","Colubridae","Philodryas","patagoniensis",388,0.388,20,"C","A. M. Makarieva et al., Mean mass-specific metabolic rates are strikingly similar across life's major domains: Evidence for life's metabolic optimum. Proc. Natl. Acad. Sci. U.S.A. 105, 16994-16999 (2008).",-0.946749939358864,-2.20905832069776,39.5871292029482,2616,293.15,17293.0298989992,158.924340947614,573.328426214863,-2492.5845468819,-162.16022649679,FALSE,TRUE,-2.19376822785422,-2.25055668993719
"Phrynosoma cornutum","Reptilia","Squamata","Phrynosomatidae","Phrynosoma","cornutum",35,0.035,35,"C","A. M. Makarieva et al., Mean mass-specific metabolic rates are strikingly similar across life's major domains: Evidence for life's metabolic optimum. Proc. Natl. Acad. Sci. U.S.A. 105, 16994-16999 (2008).",-3.35240721749272,-3.43361727291827,37.6601230759184,2617,308.15,17293.0298989992,158.924340947614,573.328426214863,-2492.5845468819,-162.16022649679,FALSE,TRUE,-3.27548527537022,-3.28368244122535
"Psammodromus algirus","Reptilia","Squamata","Lacertidae","Psammodromus","algirus",5.2,0.0052,20,"C","A. M. Makarieva et al., Mean mass-specific metabolic rates are strikingly similar across life's major domains: Evidence for life's metabolic optimum. Proc. Natl. Acad. Sci. U.S.A. 105, 16994-16999 (2008).",-5.25909665339476,-5.6403570728061,39.5871292029482,2618,293.15,17293.0298989992,158.924340947614,573.328426214863,-2492.5845468819,-162.16022649679,FALSE,TRUE,-5.56869457625276,-5.30229797409521
"Pseudonaja nuchalis","Reptilia","Squamata","Elapidae","Pseudonaja","nuchalis",214.1,0.2141,30,"C","Bedford & Christian, 1999",-1.5413120833865,-2.97172766396081,38.2812697537333,2858,303.15,17553.8954404959,189.717589425878,2667.2702417175,216.180822006214,1093.3182184021,FALSE,TRUE,-2.11627856660606,-2.30303957292702
"Pseudonaja nuchalis","Reptilia","Squamata","Elapidae","Pseudonaja","nuchalis",214.1,0.2141,33,"C","A. M. Makarieva et al., Mean mass-specific metabolic rates are strikingly similar across life's major domains: Evidence for life's metabolic optimum. Proc. Natl. Acad. Sci. U.S.A. 105, 16994-16999 (2008).",-1.5413120833865,-2.4304741478724,37.9061470711882,2619,306.15,17553.8954404959,189.717589425878,2667.2702417175,216.180822006214,1093.3182184021,FALSE,TRUE,-1.96035162186889,-2.14711262818984
"Ptyodactylus hasselquistii","Reptilia","Squamata","Phyllodactylidae","Ptyodactylus","hasselquistii",8.5,0.0085,30,"C","A. M. Makarieva et al., Mean mass-specific metabolic rates are strikingly similar across life's major domains: Evidence for life's metabolic optimum. Proc. Natl. Acad. Sci. U.S.A. 105, 16994-16999 (2008).",-4.76768911548587,-4.97717634035259,38.2812697537333,2620,303.15,17609.1412108943,196.340035609827,3134.81857741098,867.66079141873,206.70325727503,FALSE,TRUE,-4.64130393621724,-4.77010450700986
"Ptyodactylus hasselquistii","Reptilia","Squamata","Phyllodactylidae","Ptyodactylus","hasselquistii",6.4,0.0064,20,"C","Al-Sadoon & Abdo, 1989",-5.05145728861651,-5.65528039346266,39.5871292029482,2848,293.15,17609.1412108943,196.340035609827,3134.81857741098,867.66079141873,206.70325727503,FALSE,TRUE,-5.40619197392861,-5.53499254472123
"Python molurus","Reptilia","Squamata","Pythonidae","Python","molurus",29777.25,29.77725,20,"C","A. M. Makarieva et al., Mean mass-specific metabolic rates are strikingly similar across life's major domains: Evidence for life's metabolic optimum. Proc. Natl. Acad. Sci. U.S.A. 105, 16994-16999 (2008).",3.39374467913697,-0.181806089669963,39.5871292029482,2621,293.15,17564.0686308265,190.943368910398,2754.88716084095,341.383037007667,846.216226545312,FALSE,TRUE,1.20318721762616,0.552103294175709
"Sauromalus ater","Reptilia","Squamata","Iguanidae","Sauromalus","ater",150,0.15,20,"C","A. M. Makarieva et al., Mean mass-specific metabolic rates are strikingly similar across life's major domains: Evidence for life's metabolic optimum. Proc. Natl. Acad. Sci. U.S.A. 105, 16994-16999 (2008).",-1.89711998488588,-3.72347089888356,39.5871292029482,2622,293.15,17293.0298989992,158.924340947614,573.328426214863,-2492.5845468819,-162.16022649679,FALSE,TRUE,-2.93754629582317,-2.74374026869282
"Sceloporus graciosus","Reptilia","Squamata","Iguanidae","Sceloporus","graciosus",5,0.005,25,"C","A. M. Makarieva et al., Mean mass-specific metabolic rates are strikingly similar across life's major domains: Evidence for life's metabolic optimum. Proc. Natl. Acad. Sci. U.S.A. 105, 16994-16999 (2008).",-5.29831736654804,-6.0137101560553,38.9232497932056,2623,298.15,17293.0298989992,158.924340947614,573.328426214863,-2492.5845468819,-162.16022649679,FALSE,TRUE,-5.32343524656681,-5.56010433306504
"Sceloporus olivaceus","Reptilia","Squamata","Iguanidae","Sceloporus","olivaceus",24,0.024,20,"C","A. M. Makarieva et al., Mean mass-specific metabolic rates are strikingly similar across life's major domains: Evidence for life's metabolic optimum. Proc. Natl. Acad. Sci. U.S.A. 105, 16994-16999 (2008).",-3.72970144863419,-4.73482339421496,39.5871292029482,2625,293.15,17293.0298989992,158.924340947614,573.328426214863,-2492.5845468819,-162.16022649679,FALSE,TRUE,-4.37176016537602,-4.62532814380669
"Sceloporus undulatus","Reptilia","Squamata","Iguanidae","Sceloporus","undulatus",3.8,0.0038,20,"C","A. M. Makarieva et al., Mean mass-specific metabolic rates are strikingly similar across life's major domains: Evidence for life's metabolic optimum. Proc. Natl. Acad. Sci. U.S.A. 105, 16994-16999 (2008).",-5.5727542122498,-7.10061213769147,39.5871292029482,2626,293.15,17293.0298989992,158.924340947614,573.328426214863,-2492.5845468819,-162.16022649679,FALSE,TRUE,-5.81416907771359,-6.07370084338039
"Scincus mitranus","Reptilia","Squamata","Scincidae","Scincus","mitranus",14.6,0.0146,35,"C","A. M. Makarieva et al., Mean mass-specific metabolic rates are strikingly similar across life's major domains: Evidence for life's metabolic optimum. Proc. Natl. Acad. Sci. U.S.A. 105, 16994-16999 (2008).",-4.22673375026785,-4.40945538708314,37.6601230759184,2627,308.15,17592.6270925533,194.370228784986,2997.42145437294,681.054280713025,341.550266344304,FALSE,TRUE,-3.95975021236205,-3.87236606229459
"Sphaerodactylus cinereus","Reptilia","Squamata","Sphaerodactylidae","Sphaerodactylus","cinereus",0.54,0.00054,26.5,"C","Dunson & Bramham, 1981",-7.52394141840595,-8.28634978372421,38.7284062267454,2866,299.65,17609.1412108943,196.340035609827,3134.81857741097,867.660791418726,206.703257275032,FALSE,TRUE,-6.98426141524006,-7.54053861221217
"Sphaerodactylus cinereus","Reptilia","Squamata","Sphaerodactylidae","Sphaerodactylus","cinereus",0.4,4e-04,27,"C","A. M. Makarieva et al., Mean mass-specific metabolic rates are strikingly similar across life's major domains: Evidence for life's metabolic optimum. Proc. Natl. Acad. Sci. U.S.A. 105, 16994-16999 (2008).",-7.82404601085629,-8.41103299558785,38.6638911405773,2628,300.15,17609.1412108943,196.340035609827,3134.81857741097,867.660791418726,206.703257275032,FALSE,TRUE,-7.19231216764301,-7.74858936461511
"Sphaerodactylus macrolepis","Reptilia","Squamata","Sphaerodactylidae","Sphaerodactylus","macrolepis",0.5,5e-04,30,"C","A. M. Makarieva et al., Mean mass-specific metabolic rates are strikingly similar across life's major domains: Evidence for life's metabolic optimum. Proc. Natl. Acad. Sci. U.S.A. 105, 16994-16999 (2008).",-7.60090245954208,-7.23279313797769,38.2812697537333,2629,303.15,17609.1412108943,196.340035609827,3134.81857741097,867.660791418726,206.703257275032,FALSE,TRUE,-6.8586317624719,-7.24854890666476
"Uta stansburiana","Reptilia","Squamata","Iguanidae","Uta","stansburiana",3.625,0.003625,37,"C","A. M. Makarieva et al., Mean mass-specific metabolic rates are strikingly similar across life's major domains: Evidence for life's metabolic optimum. Proc. Natl. Acad. Sci. U.S.A. 105, 16994-16999 (2008).",-5.6199009906755,-5.10887538690684,37.4172720485064,2632,310.15,17293.0298989992,158.924340947614,573.328426214863,-2492.5845468819,-162.16022649679,FALSE,TRUE,-4.94912427887709,-5.1140884793169
"Varanus exanthematicus","Reptilia","Squamata","Varanidae","Varanus","exanthematicus",3836,3.836,25,"C","A. M. Makarieva et al., Mean mass-specific metabolic rates are strikingly similar across life's major domains: Evidence for life's metabolic optimum. Proc. Natl. Acad. Sci. U.S.A. 105, 16994-16999 (2008).",1.34443015702119,2.35348236897666,38.9232497932056,2633,298.15,17293.0298989992,158.924340947614,573.328426214863,-2492.5845468819,-162.16022649679,FALSE,TRUE,-0.124691933538685,0.820905376195805
"Varanus varius","Reptilia","Squamata","Varanidae","Varanus","varius",4410,4.41,30,"C","A. M. Makarieva et al., Mean mass-specific metabolic rates are strikingly similar across life's major domains: Evidence for life's metabolic optimum. Proc. Natl. Acad. Sci. U.S.A. 105, 16994-16999 (2008).",1.48387468945875,0.203740524167255,38.2812697537333,2635,303.15,17293.0298989992,158.924340947614,573.328426214863,-2492.5845468819,-162.16022649679,FALSE,TRUE,0.251291396001825,1.18625927339943
"Vipera berus","Reptilia","Squamata","Viperidae","Vipera","berus",63,0.063,25,"C","A. M. Makarieva et al., Mean mass-specific metabolic rates are strikingly similar across life's major domains: Evidence for life's metabolic optimum. Proc. Natl. Acad. Sci. U.S.A. 105, 16994-16999 (2008).",-2.7646205525906,-3.45776773315055,38.9232497932056,2636,298.15,17293.0298989992,158.924340947614,573.328426214863,-2492.5845468819,-162.16022649679,FALSE,TRUE,-3.34051487783897,-3.35253514216714
"Xantusia riversiana","Reptilia","Squamata","Xantusiidae","Xantusia","riversiana",19,0.019,35,"C","A. M. Makarieva et al., Mean mass-specific metabolic rates are strikingly similar across life's major domains: Evidence for life's metabolic optimum. Proc. Natl. Acad. Sci. U.S.A. 105, 16994-16999 (2008).",-3.9633162998157,-6.16154137748555,37.6601230759184,2637,308.15,17592.6270925533,194.370228784986,2997.42145437294,681.054280713025,341.550266344304,FALSE,TRUE,-3.75359459614841,-3.71128092058736
"Xenodon neuwiedii","Reptilia","Squamata","Colubridae","Xenodon","neuwiedii",53,0.053,20,"C","A. M. Makarieva et al., Mean mass-specific metabolic rates are strikingly similar across life's major domains: Evidence for life's metabolic optimum. Proc. Natl. Acad. Sci. U.S.A. 105, 16994-16999 (2008).",-2.93746336543002,-4.51734247562258,39.5871292029482,2638,293.15,17293.0298989992,158.924340947614,573.328426214863,-2492.5845468819,-162.16022649679,FALSE,TRUE,-3.75173924439859,-3.79934416473199
"Zygoballus rufipes","Arachnida","Araneae","Salticidae","Zygoballus","rufipes",0.003,3e-06,20,"C","Anderson, 1996",-12.7168982692962,-12.2649641633584,39.5871292029482,2639,293.15,-4787.35547680534,-1628.02388294841,32.4701150460995,-1.88743442551193,-0.00293293133310313,FALSE,TRUE,-11.4053150624286,-12.000548897114
"Tetranychus cinnabarinus","Arachnida","Trombidiformes","Tetranychidae","Tetranychus","cinnabarinus",4.94e-06,4.94e-09,25,"C","Thurling, 1980",-19.1259005057466,-17.4623953720422,38.9232497932056,2640,298.15,-4787.35547680534,-1628.02388294841,32.4701150460995,-1.88743442551193,-0.00293293133310313,FALSE,TRUE,-16.145170548893,-16.5949742880072
"Damon annulatipes","Arachnida","Amblypygi","Phrynichidae","Damon","annulatipes",0.64,0.00064,21,"C","Terblanche, Klok, & Chown, 2004",-7.35404238161056,-8.08644523383185,39.4525477676161,2641,294.15,-4787.35547680534,-1628.02388294841,32.4701150460995,-1.88743442551193,-0.00293293133310313,FALSE,TRUE,-7.15229846086153,-7.73497850561239
"Micrathena sagittata","Arachnida","Araneae","Araneidae","Micrathena","sagittata",0.052,5.2e-05,25,"C","Anderson & Prestwich, 1982",-9.86426683938285,-9.90348755253613,38.9232497932056,2642,298.15,-4787.35547680534,-1628.02388294841,32.4701150460995,-1.88743442551193,-0.00293293133310313,FALSE,TRUE,-8.89683604274369,-9.38882775351779
"Ornithodoros moubata","Arachnida","Ixodida","Argasidae","Ornithodoros","moubata",0.0132,1.32e-05,25,"C","Lighton & Fielden, 1995",-11.2352937283719,-12.8134952849492,38.9232497932056,2643,298.15,-4787.35547680534,-1628.02388294841,32.4701150460995,-1.88743442551193,-0.00293293133310313,FALSE,TRUE,-9.96982833182652,-10.4196320709407
"Loxosceles laeta","Arachnida","Araneae","Sicariidae","Loxosceles","laeta",0.1979,0.0001979,22,"C","Greenstone & Bennett, 1980",-8.52774870535575,-8.57858197103217,39.3188782850898,2648,295.15,-4787.35547680534,-1628.02388294841,32.4701150460995,-1.88743442551193,-0.00293293133310313,FALSE,TRUE,-8.01530155403475,-8.66957060389168
"Loxosceles laeta","Arachnida","Araneae","Sicariidae","Loxosceles","laeta",0.2917,0.0002917,22,"C","Greenstone & Bennett, 1980",-8.1397846810906,-8.63467143768338,39.3188782850898,2649,295.15,-4787.35547680534,-1628.02388294841,32.4701150460995,-1.88743442551193,-0.00293293133310313,FALSE,TRUE,-7.7116733686058,-8.36594241846273
"Loxosceles laeta","Arachnida","Araneae","Sicariidae","Loxosceles","laeta",0.1839,0.0001839,22,"C","Greenstone & Bennett, 1980",-8.601118426354,-8.3812225368736,39.3188782850898,2652,295.15,-4787.35547680534,-1628.02388294841,32.4701150460995,-1.88743442551193,-0.00293293133310313,FALSE,TRUE,-8.0727221236206,-8.72699117347753
"Loxosceles laeta","Arachnida","Araneae","Sicariidae","Loxosceles","laeta",0.3279,0.0003279,22,"C","Greenstone & Bennett, 1980",-8.02280187411367,-8.01948579859266,39.3188782850898,2650,295.15,-4787.35547680534,-1628.02388294841,32.4701150460995,-1.88743442551193,-0.00293293133310313,FALSE,TRUE,-7.6201203503174,-8.27438940017433
"Loxosceles laeta","Arachnida","Araneae","Sicariidae","Loxosceles","laeta",0.0761999999999999,7.62e-05,22,"C","Greenstone & Bennett, 1980",-9.48214909527167,-9.90489362755002,39.3188782850898,2647,295.15,-4787.35547680534,-1628.02388294841,32.4701150460995,-1.88743442551193,-0.00293293133310313,FALSE,TRUE,-8.76223384785176,-9.41650289770869
"Loxosceles laeta","Arachnida","Araneae","Sicariidae","Loxosceles","laeta",0.0961,9.61e-05,22,"C","Greenstone & Bennett, 1980",-9.25012124198803,-9.17147254785303,39.3188782850898,2645,295.15,-4787.35547680534,-1628.02388294841,32.4701150460995,-1.88743442551193,-0.00293293133310313,FALSE,TRUE,-8.58064434043563,-9.23491339029256
"Loxosceles laeta","Arachnida","Araneae","Sicariidae","Loxosceles","laeta",0.0972,9.72e-05,22,"C","Greenstone & Bennett, 1980",-9.23873984649788,-9.53191397458634,39.3188782850898,2644,295.15,-4787.35547680534,-1628.02388294841,32.4701150460995,-1.88743442551193,-0.00293293133310313,FALSE,TRUE,-8.57173703912885,-9.22600608898578
"Loxosceles laeta","Arachnida","Araneae","Sicariidae","Loxosceles","laeta",0.1655,0.0001655,22,"C","Greenstone & Bennett, 1980",-8.70653936314716,-8.72729292756337,39.3188782850898,2651,295.15,-4787.35547680534,-1628.02388294841,32.4701150460995,-1.88743442551193,-0.00293293133310313,FALSE,TRUE,-8.15522659759948,-8.80949564745641
"Loxosceles laeta","Arachnida","Araneae","Sicariidae","Loxosceles","laeta",0.1112,0.0001112,22,"C","Greenstone & Bennett, 1980",-9.10418017614779,-8.87723307485484,39.3188782850898,2646,295.15,-4787.35547680534,-1628.02388294841,32.4701150460995,-1.88743442551193,-0.00293293133310313,FALSE,TRUE,-8.46642802596016,-9.12069707581709
"Plectreurys tristis","Arachnida","Araneae","Plectreuridae","Plectreurys","tristis",0.3404,0.0003404,22,"C","Greenstone & Bennett, 1980",-7.98538916126506,-8.85301881673371,39.3188782850898,2653,295.15,-4787.35547680534,-1628.02388294841,32.4701150460995,-1.88743442551193,-0.00293293133310313,FALSE,TRUE,-7.59084043413003,-8.55485364727
"Plectreurys tristis","Arachnida","Araneae","Plectreuridae","Plectreurys","tristis",0.081,8.1e-05,22,"C","Greenstone & Bennett, 1980",-9.42106140329184,-9.72944495004383,39.3188782850898,2654,295.15,-4787.35547680534,-1628.02388294841,32.4701150460995,-1.88743442551193,-0.00293293133310313,FALSE,TRUE,-8.71442543287562,-9.6784386460156
"Argiope aurantia","Arachnida","Araneae","Araneidae","Argiope","aurantia",0.858,0.000858,22,"C","Greenstone & Bennett, 1980",-7.06090645847631,-6.86167667304073,39.3188782850898,2656,295.15,-4787.35547680534,-1628.02388294841,32.4701150460995,-1.88743442551193,-0.00293293133310313,FALSE,TRUE,-6.86732230370577,-7.05658592480078
"Argiope aurantia","Arachnida","Araneae","Araneidae","Argiope","aurantia",0.258,0.000258,22,"C","Greenstone & Bennett, 1980",-8.26255097304266,-7.81015866970092,39.3188782850898,2655,295.15,-4787.35547680534,-1628.02388294841,32.4701150460995,-1.88743442551193,-0.00293293133310313,FALSE,TRUE,-7.80775265463715,-7.99701627573215
"Argiope aurantia","Arachnida","Araneae","Araneidae","Argiope","aurantia",0.853,0.000853,22,"C","Greenstone & Bennett, 1980",-7.0667510104726,-6.72683979720209,39.3188782850898,2657,295.15,-4787.35547680534,-1628.02388294841,32.4701150460995,-1.88743442551193,-0.00293293133310313,FALSE,TRUE,-6.8718963636863,-7.06115998478131
"Apteryx australis","Aves","Apterygiformes","Apterygidae","Apteryx","australis",2080,2.08,10,"C","Calder III & Dawson, 1978",0.732367893713227,1.47932922708708,40.9852266496354,2661,283.15,16687.6512451382,95.9686159193579,-2163.05827604092,-361.851009356103,-68.0925520712482,FALSE,TRUE,-1.46080402310007,0.988658818648652
"Apteryx australis","Aves","Apterygiformes","Apterygidae","Apteryx","australis",2150,2.15,17.5,"C","Calder III & Dawson, 1978",0.765467842139571,1.41827740697294,39.9276343569388,2660,290.65,16687.6512451382,95.9686159193579,-2163.05827604092,-361.851009356103,-68.0925520712482,FALSE,TRUE,-0.995290819679305,1.45417202206943
"Apteryx australis","Aves","Apterygiformes","Apterygidae","Apteryx","australis",2680,2.68,18,"C","Calder III & Dawson, 1978",0.985816794522765,1.41585316336144,39.8590655189568,2663,291.15,16687.6512451382,95.9686159193579,-2163.05827604092,-361.851009356103,-68.0925520712482,FALSE,TRUE,-0.79433949317014,1.65512334857858
"Apteryx australis","Aves","Apterygiformes","Apterygidae","Apteryx","australis",2220,2.22,18,"C","Calder III & Dawson, 1978",0.797507195884188,1.51292701205326,39.8590655189568,2662,291.15,16687.6512451382,95.9686159193579,-2163.05827604092,-361.851009356103,-68.0925520712482,FALSE,TRUE,-0.941714244841464,1.50774859690724
"Apteryx australis","Aves","Apterygiformes","Apterygidae","Apteryx","australis",1850,1.85,17.5,"C","Calder III & Dawson, 1978",0.615185639090233,1.27536280041261,39.9276343569388,2658,290.65,16687.6512451382,95.9686159193579,-2163.05827604092,-361.851009356103,-68.0925520712482,FALSE,TRUE,-1.11290459250415,1.33655824924457
"Apteryx australis","Aves","Apterygiformes","Apterygidae","Apteryx","australis",3070,3.07,17.5,"C","Calder III & Dawson, 1978",1.12167756159911,1.35840915763035,39.9276343569388,2659,290.65,16687.6512451382,95.9686159193579,-2163.05827604092,-361.851009356103,-68.0925520712482,FALSE,TRUE,-0.716514170332731,1.73294867141597
"Dromaius novaehollandiae","Aves","Casuariiformes","Casuariidae","Dromaius","novaehollandiae",35410,35.41,19.5,"C","Calder III & Dawson, 1978",3.56699426612381,3.74667655284015,39.654764824344,2666,292.65,16687.6512451382,95.9686159193579,-2163.05827604092,-361.851009356103,-68.0925520712482,FALSE,TRUE,1.31066166696352,3.82176698028702
"Dromaius novaehollandiae","Aves","Casuariiformes","Casuariidae","Dromaius","novaehollandiae",38760,38.76,18,"C","Calder III & Dawson, 1978",3.65738878702257,3.66047997959224,39.8590655189568,2665,291.15,16687.6512451382,95.9686159193579,-2163.05827604092,-361.851009356103,-68.0925520712482,FALSE,TRUE,1.29648466987421,3.80758998319771
"Dromaius novaehollandiae","Aves","Casuariiformes","Casuariidae","Dromaius","novaehollandiae",44610,44.61,13,"C","Calder III & Dawson, 1978",3.79795804914017,3.82907608460722,40.5555370464591,2664,286.15,16687.6512451382,95.9686159193579,-2163.05827604092,-361.851009356103,-68.0925520712482,FALSE,TRUE,1.11699514484409,3.62810045816763
"Dromaius novaehollandiae","Aves","Casuariiformes","Casuariidae","Dromaius","novaehollandiae",36920,36.92,18,"C","Calder III & Dawson, 1978",3.60875340963465,3.84117126445619,39.8590655189568,2667,291.15,16687.6512451382,95.9686159193579,-2163.05827604092,-361.851009356103,-68.0925520712482,FALSE,TRUE,1.25842167830711,3.76952699163062
"Psaltriparus minimus","Aves","Passeriformes","Aegithalidae","Psaltriparus","minimus",5.5,0.0055,30,"C","Chaplin, 1982",-5.20300718674371,-2.1119647333854,38.2812697537333,2668,303.15,16328.1935774524,58.4047036824013,-3823.20290549704,935.025301861929,-20.6014997015098,FALSE,TRUE,-4.98199231914347,-2.32990230183906
"Himatione sanguinea","Aves","Passeriformes","Fringillidae","Himatione","sanguinea",12.9,0.0129,25.1,"C","MacMillen, 1981",-4.35052796761451,-1.39781041708114,38.91019924843,2669,298.25,16328.1935774524,58.4047036824013,-3823.20290549704,935.025301861929,-20.6014997015098,FALSE,TRUE,-4.57625213329159,-1.90920762122769
"Amazona viridigenalis","Aves","Psittaciformes","Psittacidae","Amazona","viridigenalis",341.9,0.3419,25,"C","Bucher, 1985",-1.07323698233688,0.699791723278612,38.9232497932056,2670,298.15,16328.1935774524,58.4047036824013,-3823.20290549704,935.025301861929,-20.6014997015098,FALSE,TRUE,-2.01680522390084,0.925722180172826
"Aythya fuligula","Aves","Anseriformes","Anatidae","Aythya","fuligula",571,0.571,22.5,"C","Prinzinger & Hänssler, 1980",-0.560366069326127,0.99428005073585,39.2523826343456,2672,295.65,16326.7570841147,58.2681849286686,-3827.2039838056,937.828094549421,-19.805563713662,FALSE,TRUE,-1.75223286401557,0.921854949712392
"Melopsittacus undulatus","Aves","Psittaciformes","Psittaculidae","Melopsittacus","undulatus",39,0.039,22.5,"C","Prinzinger & Hänssler, 1980",-3.24419363285249,-0.474457979595116,39.2523826343456,2674,295.65,16328.1935774524,58.4047036824013,-3823.20290549704,935.025301861929,-20.6014997015098,FALSE,TRUE,-3.85264847513101,-0.888781263202316
"Neophema pulchella","Aves","Psittaciformes","Psittaculidae","Neophema","pulchella",40,0.04,22.5,"C","Prinzinger & Hänssler, 1980",-3.2188758248682,-0.543769779485346,39.2523826343456,2675,295.65,16328.1935774524,58.4047036824013,-3823.20290549704,935.025301861929,-20.6014997015098,FALSE,TRUE,-3.83283426655363,-0.868967054624892
"Cuculus canorus","Aves","Cuculiformes","Cuculidae","Cuculus","canorus",128,0.128,22.5,"C","Prinzinger & Hänssler, 1980",-2.05572501506252,0.227578148382079,39.2523826343456,2676,295.65,16328.1935774524,58.4047036824013,-3823.20290549704,935.025301861929,-20.6014997015098,FALSE,TRUE,-2.92252983708897,-0.274219751629719
"Coturnix japonica","Aves","Galliformes","Phasianidae","Coturnix","japonica",115,0.115,22.5,"C","Prinzinger & Hänssler, 1980",-2.16282315061889,-0.0224728558520584,39.2523826343456,2678,295.65,-4787.35547680534,-1628.02388294841,32.4701150460995,-1.88743442551193,-0.00293293133310313,FALSE,TRUE,-3.00634691941611,-0.479886325555357
"Malurus cyaneus","Aves","Passeriformes","Maluridae","Malurus","cyaneus",8.7,0.0087,31,"C","Bech, Chappell, Astheimer, Londoño, & Buttemer, 2016",-4.7444322533216,-1.73349056110408,38.1554066277964,2680,304.15,16328.1935774524,58.4047036823886,-3823.20290549705,935.02530186193,-20.6014997015094,FALSE,TRUE,-4.57078523923258,-1.74282278637824
"Manorina flavigula","Aves","Passeriformes","Meliphagidae","Manorina","flavigula",41.1,0.0411,31,"C","Bech, Chappell, Astheimer, Londoño, & Buttemer, 2016",-3.19174715747995,-0.49429632181478,38.1554066277964,2681,304.15,16328.1935774524,58.4047036824013,-3823.20290549704,935.025301861929,-20.6014997015098,FALSE,TRUE,-3.35562370695925,-0.517486847685754
"Meliphaga lewinii","Aves","Passeriformes","Meliphagidae","Meliphaga","lewinii",36.2,0.0362,31,"C","Bech, Chappell, Astheimer, Londoño, & Buttemer, 2016",-3.31869616015041,-0.628608659422375,38.1554066277964,2682,304.15,16328.1935774524,58.4047036824013,-3823.20290549704,935.025301861929,-20.6014997015098,FALSE,TRUE,-3.45497646368935,-0.616839604415794
"Smicrornis brevirostris","Aves","Passeriformes","Acanthizidae","Smicrornis","brevirostris",5.9,0.0059,31,"C","Bech, Chappell, Astheimer, Londoño, & Buttemer, 2016",-5.13280292807046,-1.81196217654558,38.1554066277964,2683,304.15,16328.1935774524,58.4047036824013,-3823.20290549704,935.025301861929,-20.6014997015098,FALSE,TRUE,-4.87473167723328,-2.02145005131216
"Acanthiza uropygialis","Aves","Passeriformes","Acanthizidae","Acanthiza","uropygialis",6.6,0.0066,31,"C","Bech, Chappell, Astheimer, Londoño, & Buttemer, 2016",-5.02068562994976,-1.73349056110408,38.1554066277964,2684,304.15,16328.1935774524,58.4047036824013,-3823.20290549704,935.025301861929,-20.6014997015098,FALSE,TRUE,-4.7869865007364,-1.92977827663503
"Acanthiza lineata","Aves","Passeriformes","Acanthizidae","Acanthiza","lineata",7.3,0.0073,31,"C","Bech, Chappell, Astheimer, Londoño, & Buttemer, 2016",-4.91988093082779,-1.83258146374831,38.1554066277964,2685,304.15,16328.1935774524,58.4047036824013,-3823.20290549704,935.025301861929,-20.6014997015098,FALSE,TRUE,-4.70809478407508,-1.85088655997369
"Pachycephala pectoralis","Aves","Passeriformes","Pachycephalidae","Pachycephala","pectoralis",24,0.024,31,"C","Bech, Chappell, Astheimer, Londoño, & Buttemer, 2016",-3.72970144863419,-1.02165124753198,38.1554066277964,2686,304.15,16328.1935774524,58.4047036824013,-3823.20290549704,935.025301861929,-20.6014997015098,FALSE,TRUE,-3.77663719030028,-1.11503718494919
"Strepera graculina","Aves","Passeriformes","Artamidae","Strepera","graculina",306.7,0.3067,31,"C","Bech, Chappell, Astheimer, Londoño, & Buttemer, 2016",-1.18188520786193,0.633043256490238,38.1554066277964,2687,304.15,16328.1935774524,58.4047036824013,-3823.20290549704,935.025301861929,-20.6014997015098,FALSE,TRUE,-1.78266668373761,0.884377828326289
"Neochmia temporalis","Aves","Passeriformes","Estrildidae","Neochmia","temporalis",9.6,0.0096,31,"C","Bech, Chappell, Astheimer, Londoño, & Buttemer, 2016",-4.64599218050835,-1.73349056110408,38.1554066277964,2688,304.15,16328.1935774524,58.4047036824013,-3823.20290549704,935.025301861929,-20.6014997015098,FALSE,TRUE,-4.49374412507671,-1.76216680731985
"Sturnus vulgaris","Aves","Passeriformes","Sturnidae","Sturnus","vulgaris",57.5,0.0575,31,"C","Bech, Chappell, Astheimer, Londoño, & Buttemer, 2016",-2.85597033117883,-0.533298479618049,38.1554066277964,2689,304.15,16328.1935774524,58.4047036824013,-3823.20290549704,935.025301861929,-20.6014997015098,FALSE,TRUE,-3.09283823690953,-0.449414812186923
"Acridotheres tristis","Aves","Passeriformes","Sturnidae","Acridotheres","tristis",102.3,0.1023,31,"C","Bech, Chappell, Astheimer, Londoño, & Buttemer, 2016",-2.27984560602456,-0.124052648669979,38.1554066277964,2690,304.15,16328.1935774524,58.4047036824013,-3823.20290549704,935.025301861929,-20.6014997015098,FALSE,TRUE,-2.6419518300818,0.00147159464085389
"Calamospiza melanocorys","Aves","Passeriformes","Passerellidae","Calamospiza","melanocorys",32.6,0.0326,30,"C","Wunder, 1979",-3.42344299060947,-0.788361809373856,38.2812697537333,2692,303.15,16328.1935774524,58.4047036824013,-3823.20290549704,935.025301861929,-20.6014997015098,FALSE,TRUE,-3.58927079361028,-0.936579138708626
"Stercorarius maccormicki","Aves","Charadriiformes","Stercorariidae","Stercorarius","maccormicki",1130,1.13,5.5,"C","Ricklefs & Matthew, 1983",0.122217632724249,2.09938032528367,41.6471090107456,2693,278.65,16328.1935774524,58.4047036824013,-3823.20290549704,935.025301861929,-20.6014997015098,FALSE,TRUE,-2.21344358600063,0.696503523375493
"Phoebastria immutabilis","Aves","Procellariiformes","Diomedediae","Phoebastria","immutabilis",2522,2.522,19.35,"C","Grant & Whittow, 1983",0.925052237542728,2.00497239319869,39.675100601177,2694,292.5,16328.1935774524,58.4047036824013,-3823.20290549704,935.025301861929,-20.6014997015098,FALSE,TRUE,-0.765426466516928,2.18251356198705
"Thalassarche chrysostoma","Aves","Procellariiformes","Diomedeidae","Thalassarche","chrysostoma",3753,3.753,4.9,"C","Adams & Brown, 1984",1.32255552015288,2.14088282340283,41.7369786939193,2695,278.05,16328.1935774524,58.4047036824013,-3823.20290549704,935.025301861929,-20.6014997015098,FALSE,TRUE,-1.31139188602235,1.63654814248164
"Pelecanoides georgicus","Aves","Procellariiformes","Procellariidae","Pelecanoides","georgicus",127,0.127,16.6,"C","Adams & Brown, 1984",-2.06356819252355,-0.0163364193196938,40.0516546189621,2698,289.75,16328.1935774524,58.4047036823993,-3823.20290549705,935.02530186193,-20.6014997015094,FALSE,TRUE,-3.26090080531198,-0.326982704641318
"Lichmera indistincta","Aves","Passeriformes","Meliphagidae","Lichmera","indistincta",10.1,0.0101,30,"C","Vitali, Withers, & Richardson, 1999",-4.59521985513492,-1.55334642558308,38.2812697537333,2699,303.15,16328.1935774524,58.4047036824013,-3823.20290549704,935.025301861929,-20.6014997015098,FALSE,TRUE,-4.50632614114508,-1.66752314146843
"Melithreptus lunatus","Aves","Passeriformes","Meliphagidae","Melithreptus","lunatus",14.3,0.0143,30,"C","Vitali, Withers, & Richardson, 1999",-4.24749574171628,-1.39486431180296,38.2812697537333,2700,303.15,16328.1935774524,58.4047036824013,-3823.20290549704,935.025301861929,-20.6014997015098,FALSE,TRUE,-4.23419049200295,-1.39538749232632
"Auriparus flaviceps","Aves","Passeriformes","Remizidae","Auriparus","flaviceps",6.8,0.0068,25,"C","Goldstein, 1974",-4.99083266680008,-1.80815989059583,38.9232497932056,2701,298.15,16328.1935774524,58.4047036824013,-3823.20290549704,935.025301861929,-20.6014997015098,FALSE,TRUE,-5.08279174461203,-2.42299088583323
"Leptotila verreauxi","Aves","Columbiformes","Columbidae","Leptotila","verreauxi",131,0.131,30,"C","Vleck & Vleck, 1979",-2.03255795578099,-0.120149896964043,38.2812697537333,2702,303.15,16328.1935774524,58.4047036824013,-3823.20290549704,935.025301861929,-20.6014997015098,FALSE,TRUE,-2.50073713365262,0.403726218109467
"Ceratopipra mentalis","Aves","Passeriformes","Pipridae","Ceratopipra","mentalis",14.5,0.0145,30,"C","Vleck & Vleck, 1979",-4.23360662955561,-1.21222621465237,38.2812697537333,2703,303.15,16328.1935774524,58.4047036824013,-3823.20290549704,935.025301861929,-20.6014997015098,FALSE,TRUE,-4.22332060289261,-1.55313015842204
"Xiphorhynchus guttatus","Aves","Passeriformes","Furnariidade","Xiphorhynchus","guttatus",45.2,0.0452,30,"C","Vleck & Vleck, 1979",-3.09665819214395,-0.806761106544203,38.2812697537333,2704,303.15,16328.1935774524,58.4047036824013,-3823.20290549704,935.025301861929,-20.6014997015098,FALSE,TRUE,-3.33352265930379,-0.663240918988866
"Thamnophilus punctatus","Aves","Passeriformes","Thamnophilidae","Thamnophilus","punctatus",21,0.021,30,"C","Vleck & Vleck, 1979",-3.86323284125871,-1.07402333998724,38.2812697537333,2705,303.15,16328.1935774524,58.4047036824013,-3823.20290549704,935.025301861929,-20.6014997015098,FALSE,TRUE,-3.93345887799677,-1.26317713768182
"Lonchura malacca","Aves","Passeriformes","Estrildidae","Lonchura","malacca",11.8,0.0118,33,"C","Hails, 1983",-4.43965574751052,-1.95919241352826,37.9061470711882,2706,306.15,16328.1935774524,58.4047036824013,-3823.20290549704,935.025301861929,-20.6014997015098,FALSE,TRUE,-4.22865170240937,-1.63215927737568
"Lonchura maja","Aves","Passeriformes","Estrildidae","Lonchura","maja",12.8,0.0128,33,"C","Hails, 1983",-4.35831010805657,-1.88256591718624,37.9061470711882,2707,306.15,16328.1935774524,58.4047036824013,-3823.20290549704,935.025301861929,-20.6014997015098,FALSE,TRUE,-4.16498902402897,-1.56849659899526
"Passer montanus","Aves","Passeriformes","Passeridae","Passer","montanus",17.5,0.0175,33,"C","Hails, 1983",-4.04555439805267,-1.62107948744959,37.9061470711882,2708,306.15,16328.1935774524,58.4047036824013,-3823.20290549704,935.025301861929,-20.6014997015098,FALSE,TRUE,-3.92022032700637,-1.26752867210467
"Copsychus saularis","Aves","Passeriformes","Muscicapidae","Copsychus","saularis",33.5,0.0335,33,"C","Hails, 1983",-3.39620984015112,-1.46475652838229,37.9061470711882,2709,306.15,16328.1935774524,58.4047036824013,-3823.20290549704,935.025301861929,-20.6014997015098,FALSE,TRUE,-3.41203065605105,-0.765152486148494
"Pycnonotus finlaysoni","Aves","Passeriformes","Pycnonotidae","Pycnonotus","finlaysoni",26.3,0.0263,33,"C","Hails, 1983",-3.63818633979842,-1.49216941242066,37.9061470711882,2710,306.15,16328.1935774524,58.4047036824013,-3823.20290549704,935.025301861929,-20.6014997015098,FALSE,TRUE,-3.60140616746224,-0.958501246685602
"Alophoixus bres","Aves","Passeriformes","Pycnonotidae","Alophoixus","bres",35,0.035,33,"C","Hails, 1983",-3.35240721749272,-1.03505080717837,37.9061470711882,2711,306.15,16328.1935774524,58.4047036824013,-3823.20290549704,935.025301861929,-20.6014997015098,FALSE,TRUE,-3.37774987225934,-0.734844951482684
"Hypothymis azurea","Aves","Passeriformes","Monarchidae","Hypothymis","azurea",10.8,0.0108,33,"C","Hails, 1983",-4.52820914485196,-1.97408102602201,37.9061470711882,2712,306.15,16328.1935774524,58.4047036824013,-3823.20290549704,935.025301861929,-20.6014997015098,FALSE,TRUE,-4.29795531219453,-1.64567725956198
"Cacomantis variolosus","Aves","Cuculiformes","Cuculidae","Cacomantis","variolosus",23.8,0.0238,33,"C","Hails, 1983",-3.73806969830471,-2.10761241864653,37.9061470711882,2713,306.15,16328.1935774524,58.4047036824013,-3823.20290549704,935.025301861929,-20.6014997015098,FALSE,TRUE,-3.67957682505158,-1.03126673959235
"Lanius cristatus","Aves","Passeriformes","Laniidae","Lanius","cristatus",26.8,0.0268,33,"C","Hails, 1983",-3.61935339146533,-1.37707770601497,37.9061470711882,2714,306.15,16328.1935774524,58.4047036824013,-3823.20290549704,935.025301861929,-20.6014997015098,FALSE,TRUE,-3.58666713608044,-0.925997037091629
"Callipepla gambelii","Aves","Galliformes","Odontophoridae","Callipepla","gambelii",145,0.145,40.5,"C","Goldstein & Nagy, 1985",-1.93102153656156,-0.62341384254527,36.999735137396,2719,313.65,-4787.35547680534,-1628.02388294841,32.4701150460995,-1.88743442551193,-0.00293293133310313,FALSE,TRUE,-1.88857829198894,0.438940048924745
"Callipepla gambelii","Aves","Galliformes","Odontophoridae","Callipepla","gambelii",145,0.145,40.5,"C","Goldstein & Nagy, 1985",-1.93102153656156,-0.31015492830384,36.999735137396,2720,313.65,-4787.35547680534,-1628.02388294841,32.4701150460995,-1.88743442551193,-0.00293293133310313,FALSE,TRUE,-1.88857829198894,0.43894004892473
"Phaethon rubricauda","Aves","Phaethontiformes","Phaethontidae","Phaethon","rubricauda",593.2,0.5932,29.5,"C","Pettit, Ellis, & Whittow, 1985",-0.52222366871836,1.21237738666975,38.3445132193764,2721,302.65,16328.1935774524,58.4047036824013,-3823.20290549704,935.025301861929,-20.6014997015098,FALSE,TRUE,-1.34500852807801,1.56346678835614
"Gygis alba","Aves","Charadriiformes","Laridae","Gygis","alba",98.1,0.0981,29.1,"C","Pettit, Ellis, & Whittow, 1985",-2.32176791241082,-0.19485983349206,38.3952586463003,2722,302.25,16328.1935774524,58.4047036824013,-3823.20290549704,935.025301861929,-20.6014997015098,FALSE,TRUE,-2.77446013806982,0.00346258057559767
"Anous minutus","Aves","Charadriiformes","Laridae","Anous","minutus",90.2,0.0902,28.8,"C","Pettit, Ellis, & Whittow, 1985",-2.40572585191356,-0.444067345890107,38.4334059474889,2723,301.95,16328.1935774524,58.4047036824013,-3823.20290549704,935.025301861929,-20.6014997015098,FALSE,TRUE,-2.85602391134252,-0.0736178432619305
"Orthorhyncus cristatus","Aves","Apodiformes","Trochilidae","Orthorhyncus","cristatus",2.9,0.0029,25,"C","Krüger, Prinzinger, & Schuchmann, 1982",-5.84304454198971,-1.19705236148136,38.9232497932056,2724,298.15,16582.5702711779,85.0069295329861,-2644.61557252984,13.6198099048089,-53.5764018460687,FALSE,TRUE,-5.74974932078146,-1.66467156223606
"Orthorhyncus cristatus","Aves","Apodiformes","Trochilidae","Orthorhyncus","cristatus",2.9,0.0029,25,"C","Krüger, Prinzinger, & Schuchmann, 1982",-5.84304454198971,-1.42019591279557,38.9232497932056,2725,298.15,16582.5702711779,85.0069295329861,-2644.61557252984,13.6198099048089,-53.5764018460687,FALSE,TRUE,-5.74974932078146,-1.66467156223606
"Archilochus alexandri","Aves","Apodiformes","Trochilidae","Archilochus","alexandri",3.2,0.0032,25,"C","Krüger, Prinzinger, & Schuchmann, 1982",-5.74460446917646,-0.855927582147064,38.9232497932056,2727,298.15,16582.5702711779,85.0069295329861,-2644.61557252984,13.6198099048089,-53.5764018460687,FALSE,TRUE,-5.6727082066256,-1.55450681123536
"Archilochus alexandri","Aves","Apodiformes","Trochilidae","Archilochus","alexandri",2.9,0.0029,25,"C","Krüger, Prinzinger, & Schuchmann, 1982",-5.84304454198971,-0.956461896563432,38.9232497932056,2726,298.15,16582.5702711779,85.0069295329861,-2644.61557252984,13.6198099048089,-53.5764018460687,FALSE,TRUE,-5.74974932078146,-1.63154792539122
"Trochilus scitulus","Aves","Apodiformes","Trochilidae","Trochilus","scitulus",4,0.004,25,"C","Krüger, Prinzinger, & Schuchmann, 1982",-5.52146091786225,-0.562118918153541,38.9232497932056,2728,298.15,16582.5702711779,85.0069295329861,-2644.61557252984,13.6198099048089,-53.5764018460687,FALSE,TRUE,-5.4980717265962,-1.4143285585648
"Chrysuronia oenone","Aves","Apodiformes","Trochilidae","Chrysuronia","oenone",5,0.005,25,"C","Krüger, Prinzinger, & Schuchmann, 1982",-5.29831736654804,-0.513143121906353,38.9232497932056,2729,298.15,16582.5702711779,85.0069295329861,-2644.61557252984,13.6198099048089,-53.5764018460687,FALSE,TRUE,-5.32343524656681,-1.23969207853542
"Boissonneaua matthewsii","Aves","Apodiformes","Trochilidae","Boissonneaua","matthewsii",7.2,0.0072,25,"C","Krüger, Prinzinger, & Schuchmann, 1982",-4.93367425296013,-0.594207232705042,38.9232497932056,2730,298.15,16582.5702711779,85.0069295329861,-2644.61557252984,13.6198099048089,-53.5764018460687,FALSE,TRUE,-5.03805845907327,-1.04008761573586
"Lampornis clemenciae","Aves","Apodiformes","Trochilidae","Lampornis","clemenciae",8.3,0.0083,25,"C","Krüger, Prinzinger, & Schuchmann, 1982",-4.79149976417958,-0.362006592266779,38.9232497932056,2732,298.15,16582.5702711779,85.0069295329861,-2644.61557252984,13.6198099048089,-53.5764018460687,FALSE,TRUE,-4.92678994100773,-0.83546817690181
"Lampornis clemenciae","Aves","Apodiformes","Trochilidae","Lampornis","clemenciae",8,0.008,25,"C","Krüger, Prinzinger, & Schuchmann, 1982",-4.8283137373023,-0.579818495252942,38.9232497932056,2731,298.15,16582.5702711779,85.0069295329861,-2644.61557252984,13.6198099048089,-53.5764018460687,FALSE,TRUE,-4.95560127184917,-0.864279507743249
"Onychoprion fuscatus","Aves","Charadriiformes","Laridae","Onychoprion","fuscatus",150.4,0.1504,30,"C","MacMillen, Whittow, Christopher, & Ebisu, 1977",-1.8944568674664,-0.210117646859179,38.2812697537333,2733,303.15,16328.1935774524,58.4047036824013,-3823.20290549704,935.025301861929,-20.6014997015098,FALSE,TRUE,-2.39265653795784,0.385266180687602
"Callipepla californica","Aves","Galliformes","Odontophoridae","Callipepla","californica",149.6,0.1496,22.5,"C","Brush, 1965",-1.89979021344176,-0.225813779870088,39.2523826343456,2742,295.65,-4787.35547680534,-1628.02388294841,32.4701150460995,-1.88743442551193,-0.00293293133310313,FALSE,TRUE,-2.80049223076448,-0.457382848238073
"Callipepla californica","Aves","Galliformes","Odontophoridae","Callipepla","californica",127.4,0.1274,22.5,"C","Brush, 1965",-2.06042353584407,-0.296834943582715,39.2523826343456,2743,295.65,-4787.35547680534,-1628.02388294841,32.4701150460995,-1.88743442551193,-0.00293293133310313,FALSE,TRUE,-2.92620699076786,-0.58309760824145
"Encoptolophus sordidus","Insecta","Orthoptera","Acrididae","Encoptolophus","sordidus",0.0582,5.82e-05,25,"C","Bailey & Riegert, 1973",-9.75162520322688,-7.69394654221856,38.9232497932056,2758,298.15,-4787.35547680534,-1628.02388294841,32.4701150460995,-1.88743442551193,-0.00293293133310313,FALSE,TRUE,-8.80868050910996,-8.14795621844421
"Otospermophilus beecheyi","Mammalia","Rodentia","Sciuridae","Otospermophilus","beecheyi",599.6,0.5996,28,"C","Baudinette, 1972",-0.511492512753694,0.568427642902263,38.5355036554682,2805,301.15,-4787.35547680534,-1628.02388294841,32.4701150460995,-1.88743442551193,-0.00293293133310313,FALSE,TRUE,-1.41599895832439,0.414244563302612
"Erinaceus concolor","Mammalia","Eulipotyphla","Erinaceidae","Erinaceus","concolor",822.7,0.8227,29.5,"C","Król, 1994",-0.195163664807252,0.656884798338547,38.3445132193764,2806,302.65,-4787.35547680534,-1628.02388294841,32.4701150460995,-1.88743442551193,-0.00293293133310313,FALSE,TRUE,-1.08904501264122,0.548732076879626
"Erinaceus concolor","Mammalia","Erinaceomorpha","Erinaceidae","Erinaceus","concolor",822.7,0.8227,35.2,"C","Król (1994)",-0.195163664807252,0.660681379310368,37.6356962083485,2997,308.35,-4787.35547680534,-1628.02388294841,32.4701150460995,-1.88743442551193,-0.00293293133310313,FALSE,TRUE,-0.794411613889046,0.843365475631804
"Rhinonicteris aurantia","Mammalia","Chiroptera","Hipposideridae","Rhinonicteris","aurantia",8.27,0.00827,32.5,"C","Baudinette, Churchill, Christian, Nelson, & Hudson, 2000",-4.79512076994654,-2.40737786861218,37.968156145409,2807,305.65,-4787.35547680534,-1628.02388294841,32.4701150460995,-1.88743442551193,-0.00293293133310313,FALSE,TRUE,-4.53262079956415,-2.70786718267844
"Rhinonicteris aurantia","Mammalia","Chiroptera","Hipposideridae","Rhinonicteris","aurantia",8.3,0.0083,36.1,"C","Baudinette et al. (2000)",-4.79149976417958,-2.38959646998368,37.5261662921399,3019,309.25,-4787.35547680534,-1628.02388294841,32.4701150460995,-1.88743442551193,-0.00293293133310313,FALSE,TRUE,-4.34606536208901,-2.52131174520335
"Cynomys ludovicianus","Mammalia","Rodentia","Sciuridae","Cynomys","ludovicianus",1112.3,1.1123,36.7,"C","Reinking et al. (1977)",0.106429943615846,0.857955154861192,37.4534998413563,2912,309.85,-4787.35547680534,-1628.02388294841,32.4701150460995,-1.88743442551193,-0.00293293133310313,FALSE,TRUE,-0.482645176687557,1.32537288824697
"Cynomys ludovicianus","Mammalia","Rodentia","Sciuridae","Cynomys","ludovicianus",1112.3,1.1123,30.2,"C","Rfinking, Kilgore Jr, Fairbanks, & Hamilton, 1977",0.106429943615847,0.861482495379161,38.2560307428524,2809,303.35,-4787.35547680534,-1628.02388294841,32.4701150460995,-1.88743442551193,-0.00293293133310313,FALSE,TRUE,-0.81623255316506,0.99178551176944
"Lama glama","Mammalia","Artiodactyla","Camelidae","Lama","glama",115000,115,27,"C","El-Nouty, Yousef, Magdub, & Johnson, 1978",4.74493212836325,4.99179220629478,38.6638911405773,2810,300.15,-4787.35547680534,-1628.02388294841,32.4701150460995,-1.88743442551193,-0.00293293133310313,FALSE,TRUE,2.64441440084695,4.43809934165031
"Madoqua kirkii","Mammalia","Artiodactyla","Bovidae","Madoqua","kirkii",3970,3.97,30,"C","Maskrey & Hoppe, 1979",1.3787660946991,2.43963805538436,38.2812697537333,2811,303.15,-4787.35547680534,-1628.02388294841,32.4701150460995,-1.88743442551193,-0.00293293133310313,FALSE,TRUE,0.169031366968696,2.00730705067199
"Madoqua kirkii","Mammalia","Artiodactyla","Bovidae","Madoqua","kirkii",4600,4.6,37.9,"C","Kamau (1988)",1.52605630349505,2.37748640116716,37.3090079596343,3067,311.05,-4787.35547680534,-1628.02388294841,32.4701150460995,-1.88743442551193,-0.00293293133310313,FALSE,TRUE,0.688442827483096,2.52671851118635
"Ictidomys tridecemlineatus","Mammalia","Rodentia","Sciuridae","Ictidomys","tridecemlineatus",233.8,0.2338,30.5,"C","Maclean, 1981",-1.45328922994417,0.00532579275534763,38.2182345655994,2815,303.65,-4787.35547680534,-1628.02388294841,32.4701150460995,-1.88743442551193,-0.00293293133310313,FALSE,TRUE,-2.02118838466782,-0.197524889989282
"Peropteryx macrotis","Mammalia","Chrioptera","Emballonuridae","Peropteryx","macrotis",5.1,0.0051,30.5,"C","Genoud, Bonaccorso, & Anends, 1990",-5.27851473925186,-2.72646878662623,38.2182345655994,2817,303.65,-4787.35547680534,-1628.02388294841,32.4701150460995,-1.88743442551193,-0.00293293133310313,FALSE,TRUE,-5.0148842110979,-3.10034268499424
"Peropteryx macrotis","Mammalia","Chiroptera","Emballonuridae","Peropteryx","macrotis",5.0999999999999,0.0050999999999999,35,"C","Genoud et al. (1990)",-5.27851473925188,-2.70805020110221,37.6601230759184,3022,308.15,-4787.35547680534,-1628.02388294841,32.4701150460995,-1.88743442551193,-0.00293293133310313,FALSE,TRUE,-4.78289445559122,-2.86835292948756
"Natalus tumidirostris","Mammalia","Chiroptera","Natalidae","Natalus","tumidirostris",5.4,0.0054,32.2,"C","Genoud et al. (1990)",-5.22135632541191,-3.05289068739394,38.0054590661348,3035,305.35,-4787.35547680534,-1628.02388294841,32.4701150460995,-1.88743442551193,-0.00293293133310313,FALSE,TRUE,-4.88170670426775,-3.04292903788823
"Natalus tumidirostris","Mammalia","Chrioptera","Natalidae","Natalus","tumidirostris",5.4,0.0054,28,"C","Genoud, Bonaccorso, & Anends, 1990",-5.22135632541191,-3.07477548089444,38.5355036554682,2818,301.15,-4787.35547680534,-1628.02388294841,32.4701150460995,-1.88743442551193,-0.00293293133310313,FALSE,TRUE,-5.10202991380677,-3.26325224742725
"Tamiasciurus hudsonicus","Mammalia","Rodentia","Sciuridae","Tamiasciurus","hudsonicus",224,0.224,27.5,"C","Pauls, 1981",-1.4961092271271,0.304866897205878,38.5995906397614,2820,300.65,-4787.35547680534,-1628.02388294841,32.4701150460995,-1.88743442551193,-0.00293293133310313,FALSE,TRUE,-2.21321812029876,-0.20767633654312
"Tamiasciurus hudsonicus","Mammalia","Rodentia","Sciuridae","Tamiasciurus","hudsonicus",231,0.231,25,"C","Pauls, 1981",-1.46533756846034,0.371678492355835,38.9232497932056,2821,298.15,-4787.35547680534,-1628.02388294841,32.4701150460995,-1.88743442551193,-0.00293293133310313,FALSE,TRUE,-2.32367076303373,-0.318128979278053
"Petrodromus tetradactylus","Mammalia","Macroscelidea","Macroscelididae","Petrodromus","tetradactylus",206.11,0.20611,33,"C","Downs & Perrin, 1995b",-1.57934527212693,-0.00266014616463855,37.9061470711882,2822,306.15,17903.2601481251,229.146876740232,5020.97288235926,2083.94888836777,-643.539723465955,FALSE,TRUE,-1.99011713454808,-0.338421066273758
"Geomys bursarius","Mammalia","Rodentia","Geomyidae","Geomys","bursarius",197,0.197,31.5,"C","Bradley & Yousef, 1975",-1.62455155024415,-0.266428066090954,38.0927849198893,2823,304.65,-4787.35547680534,-1628.02388294841,32.4701150460995,-1.88743442551193,-0.00293293133310313,FALSE,TRUE,-2.10307605133347,-0.321541415135053
"Geomys bursarius","Mammalia","Rodentia","Geomyidae","Geomys","bursarius",197,0.197,35,"C","Bradley and Yousef (1975)",-1.62455155024415,-0.262086525262817,37.6601230759184,2929,308.15,-4787.35547680534,-1628.02388294841,32.4701150460995,-1.88743442551193,-0.00293293133310313,FALSE,TRUE,-1.92323184949264,-0.141697213294246
"Ornithorhynchus anatinus","Mammalia","Monotremata","Ornithorhynchidae","Ornithorhynchus","anatinus",1300,1.3,32.2,"C","Grant and Dawson (1978)",0.262364264467491,0.959775843813894,38.0054590661348,2869,305.35,17903.2601481251,229.146876740232,5020.97288235926,2083.94888836777,-643.539723465955,FALSE,TRUE,-0.590040395108941,1.01701331211067
"Ornithorhynchus anatinus","Mammalia","Monotremata","Ornithorhynchisae","Ornithorhynchus","anatinus",1320,1.32,25,"C","Dawson, Grant, & Fanning, 1979",0.27763173659828,0.97907771997292,38.9232497932056,2828,298.15,17903.2601481251,229.146876740232,5020.97288235926,2083.94888836777,-643.539723465955,FALSE,TRUE,-0.959589110474086,0.647464596745523
"Lepus arcticus","Mammalia","Lagomorpha","Leporidae","Lepus","arcticus",3004,3.004,38.9,"C","Wang et al. (1973)",1.09994473390189,1.79729964960367,37.1894469663332,2993,312.05,-4787.35547680534,-1628.02388294841,32.4701150460995,-1.88743442551193,-0.00293293133310313,FALSE,TRUE,0.404657453926681,2.25630756868953
"Lepus arcticus","Mammalia","Lagomorpha","Leporidae","Lepus","arcticus",3004.4,3.0044,12,"C","Wang, Jones, MacArthur, & Fuller, 1973",1.10007788082972,1.79322506138966,40.697762321039,2838,285.15,-4787.35547680534,-1628.02388294841,32.4701150460995,-1.88743442551193,-0.00293293133310313,FALSE,TRUE,-1.05353697375625,0.798113141006593
"Cebuella pygmaea","Mammalia","Primates","Callitrichidae","Cebuella","pygmaea",133,0.133,33,"C","Morrison & Middleton, 1967",-2.01740615076038,-0.207297542864131,37.9061470711882,2840,306.15,-4787.35547680534,-1628.02388294841,32.4701150460995,-1.88743442551193,-0.00293293133310313,FALSE,TRUE,-2.33295209183262,-0.550471711838969
"Cebuella pygmaea","Mammalia","Primates","Callitrichidae","Cebuella","pygmaea",96,0.096,33,"C","Morrison & Middleton, 1967",-2.3434070875143,-0.648811366739893,37.9061470711882,2839,306.15,-4787.35547680534,-1628.02388294841,32.4701150460995,-1.88743442551193,-0.00293293133310313,FALSE,TRUE,-2.58808676072934,-0.805606380735691
"Neurotrichus gibbsii","Mammalia","Eulipotyphla","Talpidae","Neurotrichus","gibbsii",11.8,0.0118,28.45,"C","Campbell & Hochachka, 2000",-4.43965574751052,-1.35367659610875,38.4780070485552,2841,301.6,-4787.35547680534,-1628.02388294841,32.4701150460995,-1.88743442551193,-0.00293293133310313,FALSE,TRUE,-4.46635628077109,-2.2064701106475
"Neurotrichus gibbsii","Mammalia","Soricomorpha","Talpidae","Neurotrichus","gibbsii",11.8,0.0118,38.4,"C","Campbell and Hochachka (2000)",-4.43965574751052,-1.3535045382969,37.2491315225301,3008,311.55,-4787.35547680534,-1628.02388294841,32.4701150460995,-1.88743442551193,-0.00293293133310313,FALSE,TRUE,-3.95555057599393,-1.69566440587033
"Scalopus aquaticus","Mammalia","Eulipotyphla","Talpidae","Scalopus","aquaticus",48,0.048,26,"C","McNab, 1979",-3.03655426807425,-0.978166135592243,38.7931369742412,2842,299.15,-4787.35547680534,-1628.02388294841,32.4701150460995,-1.88743442551193,-0.00293293133310313,FALSE,TRUE,-3.4992515974247,-1.36270545975939
"Scalopus aquaticus","Mammalia","Soricomorpha","Talpidae","Scalopus","aquaticus",48,0.048,36,"C","McNab (1979b)",-3.03655426807425,-0.973449145714104,37.538304790051,3007,309.15,-4787.35547680534,-1628.02388294841,32.4701150460995,-1.88743442551193,-0.00293293133310313,FALSE,TRUE,-2.97765650935613,-0.841110371690844
"Sphaerodactylus notatus","Reptilia","Squamata","Sphaerodactylidae","Sphaerodactylus","notatus",0.33,0.00033,26.5,"C","Dunson & Bramham, 1981",-8.01641790350375,-8.76846348178645,38.7284062267454,2867,299.65,17609.1412108943,196.340035609827,3134.81857741097,867.660791418726,206.703257275032,FALSE,TRUE,-7.36968308370506,-7.70768070322746
"Gracilinanus microtarsus","Mammalia","Didelphimorphia","Didelphidae","Gracilinanus","microtarsus",13,0.013,34.7,"C","Morrison and McNab (1962)",-4.3428059215206,-2.24851787172377,37.6968228872641,2870,307.85,-4787.35547680534,-1628.02388294841,32.4701150460995,-1.88743442551193,-0.00293293133310313,FALSE,TRUE,-4.06584553059634,-2.4964617842074
"Lutreolina crassicaudata","Mammalia","Didelphimorphia","Didelphidae","Lutreolina","crassicaudata",812,0.812,35.8,"C","McNab (1978a)",-0.208254938820459,0.817084081790707,37.5626053595865,2871,308.95,-4787.35547680534,-1628.02388294841,32.4701150460995,-1.88743442551193,-0.00293293133310313,FALSE,TRUE,-0.774275484847534,0.79425954702123
"Didelphis virginiana","Mammalia","Didelphimorphia","Didelphidae","Didelphis","virginiana",3257,3.257,34.8,"C","McNab (1978a)",1.1808065262941,1.79083311436792,37.6845816718437,2872,307.95,-4787.35547680534,-1628.02388294841,32.4701150460995,-1.88743442551193,-0.00293293133310313,FALSE,TRUE,0.262129218077272,1.83066424994606
"Dromiciops gliroides","Mammalia","Microbiotheria","Microbiotheriidae","Dromiciops","gliroides",40,0.04,35.15,"C","Bozinovic et al. (2004)",-3.2188758248682,-1.72722094809048,37.6417999540845,2873,308.3,-4787.35547680534,-1628.02388294841,32.4701150460995,-1.88743442551193,-0.00293293133310313,FALSE,TRUE,-3.16336465497003,-1.64513173290351
"Antechinus stuartii","Mammalia","Dasyuromorphia","Dasyuridae","Antechinus","stuartii",36.5,0.0365,34.4,"C","Dawson and Hulbert (1970)",-3.31044301839369,-1.59564459030176,37.7335942963559,2875,307.55,-4787.35547680534,-1628.02388294841,32.4701150460995,-1.88743442551193,-0.00293293133310313,FALSE,TRUE,-3.27318300088681,-1.72612067618548
"Dasycercus cristicauda","Mammalia","Dasyuromorphia","Dasyuridae","Dasycercus","cristicauda",88.8,0.0888,37.7,"C","MacMillen and Nelson (1969)",-2.42136862898401,-1.3535045382969,37.3330124685355,2876,310.85,-4787.35547680534,-1628.02388294841,32.4701150460995,-1.88743442551193,-0.00293293133310313,FALSE,TRUE,-2.41086657742531,-0.878474114929803
"Dasyuroides byrnei","Mammalia","Dasyuromorphia","Dasyuridae","Dasyuroides","byrnei",118.2,0.1182,34.3,"C","Geiser and Baudinette (1987)",-2.13537717401014,-0.774116243093612,37.7458673795552,2877,307.45,-4787.35547680534,-1628.02388294841,32.4701150460995,-1.88743442551193,-0.00293293133310313,FALSE,TRUE,-2.35865517644886,-0.82626271395333
"Planigale tenuirostris","Mammalia","Dasyuromorphia","Dasyuridae","Planigale","tenuirostris",7.0999999999999,0.0070999999999999,34.5,"C","Dawson and Wolfers (1978)",-4.94766049493488,-2.75060981552101,37.7213291917577,2878,307.65,-4787.35547680534,-1628.02388294841,32.4701150460995,-1.88743442551193,-0.00293293133310313,FALSE,TRUE,-4.54940299097728,-2.96550426755341
"Planigale ingrami","Mammalia","Dasyuromorphia","Dasyuridae","Planigale","ingrami",7.0999999999999,0.0070999999999999,34.5,"C","Dawson and Wolfers (1978)",-4.94766049493488,-2.75060981552101,37.7213291917577,2879,307.65,-4787.35547680534,-1628.02388294841,32.4701150460995,-1.88743442551193,-0.00293293133310313,FALSE,TRUE,-4.54940299097728,-2.96453944456661
"Planigale gilesi","Mammalia","Dasyuromorphia","Dasyuridae","Planigale","gilesi",9.4,0.0094,35.9,"C","Dawson and Wolfers (1978)",-4.66704558970618,-2.62800749342867,37.5504511433239,2880,309.05,-4787.35547680534,-1628.02388294841,32.4701150460995,-1.88743442551193,-0.00293293133310313,FALSE,TRUE,-4.25875957101642,-2.67389602460568
"Ningaui yvonnae","Mammalia","Dasyuromorphia","Dasyuridae","Ningaui","yvonnae",11.6,0.0116,34.4,"C","Geiser and Baudinette (1988)",-4.45675018086982,-2.42036812865043,37.7335942963559,2881,307.55,-4787.35547680534,-1628.02388294841,32.4701150460995,-1.88743442551193,-0.00293293133310316,FALSE,TRUE,-4.1703052645969,-2.60850084850944
"Planigale maculata","Mammalia","Dasyuromorphia","Dasyuridae","Planigale","maculata",13.0999999999999,0.0130999999999999,34.2,"C","Morton and Lee (1978)",-4.33514304877504,-2.59026716544583,37.7581484491435,2882,307.35,-4787.35547680534,-1628.02388294841,32.4701150460995,-1.88743442551193,-0.00293293133310313,FALSE,TRUE,-4.08533956460344,-2.50584051977654
"Isoodon auratus","Mammalia","Peramelemorphia","Peramelidae","Isoodon","auratus",428,0.428,33.8,"C","Withers (1992)",-0.84863208340034,-0.17899376670128,37.8073527474972,2884,306.95,-4787.35547680534,-1628.02388294841,32.4701150460995,-1.88743442551193,-0.00293293133310313,FALSE,TRUE,-1.37718103438815,0.12275009213188
"Perameles nasuta","Mammalia","Peramelemorphia","Peramelidae","Perameles","nasuta",645,0.645,36.1,"C","Hulbert and Dawson (1974)",-0.438504962186365,0.567520967442536,37.5261662921399,2885,309.25,-4787.35547680534,-1628.02388294841,32.4701150460995,-1.88743442551193,-0.00293293133310313,FALSE,TRUE,-0.939327030063861,0.573171769926499
"Perameles gunnii","Mammalia","Peramelemorphia","Peramelidae","Perameles","gunnii",837.3,0.8373,35.2,"C","Hinds et al. (1993)",-0.177572849771751,0.852048463145801,37.6356962083485,2886,308.35,-4787.35547680534,-1628.02388294841,32.4701150460995,-1.88743442551193,-0.00293293133310313,FALSE,TRUE,-0.780644700166667,0.731854099823699
"Isoodon macrourus","Mammalia","Peramelemorphia","Peramelidae","Isoodon","macrourus",1551,1.551,35.9,"C","Hulbert and Dawson (1974)",0.438899884194402,1.26616482458238,37.5504511433239,2887,309.05,-4787.35547680534,-1628.02388294841,32.4701150460995,-1.88743442551193,-0.00293293133310313,FALSE,TRUE,-0.262747409641332,1.23718371687871
"Echymipera kalubu","Mammalia","Peramelemorphia","Peramelidae","Echymipera","kalubu",695,0.695,35,"C","Hulbert and Dawson (1974)",-0.363843433417345,0.641853886172395,37.6601230759184,2888,308.15,-4787.35547680534,-1628.02388294841,32.4701150460995,-1.88743442551193,-0.00293293133310313,FALSE,TRUE,-0.936577175537483,0.578094671026785
"Echymipera rufescens","Mammalia","Peramelemorphia","Peramelidae","Echymipera","rufescens",1276,1.276,35.2,"C","Hulbert and Dawson (1974)",0.243730184922598,1.10415246904372,37.6356962083485,2889,308.35,-4787.35547680534,-1628.02388294841,32.4701150460995,-1.88743442551193,-0.00293293133310313,FALSE,TRUE,-0.450924757235754,1.06374708932852
"Phascolarctos cinereus","Mammalia","Diprotodontia","Phascolarctidae","Phascolarctos","cinereus",4765,4.765,35.75,"C","Degabriele and Dawson (1979)",1.56129753710617,1.76596671466633,37.5686854187254,2890,308.9,-4787.35547680534,-1628.02388294841,32.4701150460995,-1.88743442551193,-0.00293293133310313,FALSE,TRUE,0.60808338056631,2.11784929795881
"Cercartetus lepidus","Mammalia","Diprotodontia","Burramyidae","Cercartetus","lepidus",12.6,0.0126,33.7,"C","Geiser (1987)",-4.3740584650247,-2.24851787172377,37.8196738662026,2891,306.85,-4787.35547680534,-1628.02388294841,32.4701150460995,-1.88743442551193,-0.00293293133310313,FALSE,TRUE,-4.14136974646457,-2.57465063088555
"Cercartetus concinnus","Mammalia","Diprotodontia","Burramyidae","Cercartetus","concinnus",18.6,0.0186,34.4,"C","Geiser (1987)",-3.98459369826298,-2.07944154167984,37.7335942963559,2892,307.55,-4787.35547680534,-1628.02388294841,32.4701150460995,-1.88743442551193,-0.00293293133310313,FALSE,TRUE,-3.80078642499839,-2.2340673094194
"Burramys parvus","Mammalia","Diprotodontia","Burramyidae","Burramys","parvus",44.3,0.0443,36.1,"C","Fleming (1985a)",-3.11677060193105,-1.58203893824599,37.5261662921399,2893,309.25,-4787.35547680534,-1628.02388294841,32.4701150460995,-1.88743442551193,-0.00293293133310313,FALSE,TRUE,-3.03538977153237,-1.51148850581383
"Spilocuscus maculatus","Mammalia","Diprotodontia","Phalangeridae","Spilocuscus","maculatus",4250,4.25,34.6,"C","Dawson and Degabriele (1972)",1.44691898293633,1.73701480661204,37.709072057983,2894,307.75,-4787.35547680534,-1628.02388294841,32.4701150460995,-1.88743442551193,-0.00293293133310313,FALSE,TRUE,0.460214099338568,1.97198579158295
"Petauroides volans","Mammalia","Diprotodontia","Pseudocheiridae","Petauroides","volans",1141,1.141,35.4,"C","Rübsamen et al. (1984)",0.131905070879939,1.15705588453818,37.6113010074356,2895,308.55,-4787.35547680534,-1628.02388294841,32.4701150460995,-1.88743442551193,-0.00293293133310313,FALSE,TRUE,-0.5283009311875,0.984033920421857
"Acrobates pygmaeus","Mammalia","Diprotodontia","Acrobatidae","Acrobates","pygmaeus",14,0.014,36.7,"C","Fleming (1985b)",-4.26869794936688,-2.484906649788,37.4534998413563,2896,309.85,-4787.35547680534,-1628.02388294841,32.4701150460995,-1.88743442551193,-0.00293293133310313,FALSE,TRUE,-3.90670529587534,-2.39437044426597
"Bettongia gaimardi","Mammalia","Diprotodontia","Potoroidae","Bettongia","gaimardi",1385,1.385,35.6,"C","Hinds et al. (1993)",0.325700139639302,1.27474187521414,37.5869374116413,2897,308.75,-4787.35547680534,-1628.02388294841,32.4701150460995,-1.88743442551193,-0.00293293133310313,FALSE,TRUE,-0.366505947657341,1.12175700459574
"Lagorchestes conspicillatus","Mammalia","Diprotodontia","Macropodidae","Lagorchestes","conspicillatus",2660,2.66,36,"C","Dawson and Bennett (1978)",0.978326122793608,1.55755965166544,37.538304790051,2898,309.15,-4787.35547680534,-1628.02388294841,32.4701150460995,-1.88743442551193,-0.00293293133310313,FALSE,TRUE,0.164466913305139,1.63548317401686
"Dendrolagus matschiei","Mammalia","Diprotodontia","Macropodidae","Dendrolagus","matschiei",6960,6.96,36.5,"C","McNab (1988)",1.94017947434633,2.09835870081204,37.477690701903,2899,309.65,-4787.35547680534,-1628.02388294841,32.4701150460995,-1.88743442551193,-0.00293293133310313,FALSE,TRUE,0.942427449175925,2.41344370988768
"Setifer setosus","Mammalia","Afrosoricida","Tenrecidae","Setifer","setosus",530,0.53,32.2,"C","McNab (1980)",-0.63487827243597,-0.384845820905429,38.0054590661348,2902,305.35,17903.2601481251,229.146876740232,5020.97288235926,2083.94888836777,-643.539723465955,FALSE,TRUE,-1.29223984230168,0.359456225972622
"Chaetophractus vellerosus","Mammalia","Cingulata","Dasypodidae","Chaetophractus","vellerosus",1110,1.11,34.4,"C","McNab (1980)",0.104360015324243,0.550046336919272,37.7335942963559,2903,307.55,17903.2601481251,229.146876740232,5020.97288235926,2083.94888836777,-643.539723465955,FALSE,TRUE,-0.600691780369893,0.999298355658147
"Bradypus variegatus","Mammalia","Pilosa","Bradypodidae","Bradypus","variegatus",3790,3.79,33,"C","McNab (1978b)",1.33236601909433,1.34228442012345,37.9061470711882,2904,306.15,17903.2601481251,229.146876740232,5020.97288235926,2083.94888836777,-643.539723465955,FALSE,TRUE,0.288644710757104,1.88863484678515
"Ptilocercus lowii","Mammalia","Scandentia","Ptilocercidae","Ptilocercus","lowii",58,0.058,35.7,"C","Whittow and Gould (1976)",-2.84731226843572,-1.42019591279557,37.5747674464765,2905,308.85,17903.2601481251,229.146876740232,5020.97288235926,2083.94888836777,-643.539723465955,FALSE,TRUE,-2.8447084457073,-1.11435463758194
"Loris tardigradus","Mammalia","Primates","Lorisidae","Loris","tardigradus",263,0.263,36,"C","Müller et al. (1985)",-1.33560124680437,-0.413833357778681,37.538304790051,2906,309.15,-4787.35547680534,-1628.02388294841,32.4701150460995,-1.88743442551193,-0.00293293133310313,FALSE,TRUE,-1.64645761707151,-0.0887575736793991
"Nycticebus coucang","Mammalia","Primates","Lorisidae","Nycticebus","coucang",1300,1.3,34.5,"C","Müller (1979b)",0.262364264467491,0.554842509182765,37.7213291917577,2907,307.65,-4787.35547680534,-1628.02388294841,32.4701150460995,-1.88743442551193,-0.00293293133310313,FALSE,TRUE,-0.471936357998782,1.08576368539334
"Aotus trivirgatus","Mammalia","Primates","Aotidae","Aotus","trivirgatus",1020,1.02,37.7,"C","LeMaho et al. (1981)",0.0198026272961797,0.940441192106438,37.3330124685355,2908,310.85,-4787.35547680534,-1628.02388294841,32.4701150460995,-1.88743442551193,-0.00293293133310313,FALSE,TRUE,-0.500358508359923,1.25106211460087
"Sciurus aberti","Mammalia","Rodentia","Sciuridae","Sciurus","aberti",624,0.624,38.6,"C","Golightly and Ohmart (1978)",-0.471604910612709,0.876625475481724,37.2252347260441,2909,311.75,-4787.35547680534,-1628.02388294841,32.4701150460995,-1.88743442551193,-0.00293293133310313,FALSE,TRUE,-0.84014371015844,1.10511478338245
"Tamias minimus","Mammalia","Rodentia","Sciuridae","Tamias","minimus",46.6,0.0466,37,"C","Jones and Wang (1976)",-3.06615473785054,-0.849151429036527,37.4172720485064,2910,310.15,-4787.35547680534,-1628.02388294841,32.4701150460995,-1.88743442551193,-0.00293293133310313,FALSE,TRUE,-2.95051282963283,-1.09439837158868
"Xerus inauris","Mammalia","Rodentia","Sciuridae","Xerus","inauris",515.3,0.5153,34.8,"C","Haim et al. (1987)",-0.663006023647958,0.548442487337298,37.6845816718437,2911,307.95,-4787.35547680534,-1628.02388294841,32.4701150460995,-1.88743442551193,-0.00293293133310313,FALSE,TRUE,-1.18087431780575,0.681693259680071
"Marmota flaviventris","Mammalia","Rodentia","Sciuridae","Marmota","flaviventris",4294,4.294,36.5,"C","Reinking et al. (1977)",1.45721869945659,2.15466496291742,37.477690701903,2913,309.65,-4787.35547680534,-1628.02388294841,32.4701150460995,-1.88743442551193,-0.00293293133310313,FALSE,TRUE,0.564452960456562,2.39469648208357
"Graphiurus ocularis","Mammalia","Rodentia","Gliridae","Graphiurus","ocularis",67.8,0.0678,34.5,"C","Perrin and Ridgard (1999)",-2.69119308403579,-0.995754903228402,37.7213291917577,2914,307.65,-4787.35547680534,-1628.02388294841,32.4701150460995,-1.88743442551193,-0.00293293133310313,FALSE,TRUE,-2.78344774100649,-0.970592978058596
"Castor canadensis","Mammalia","Rodentia","Castoridae","Castor","canadensis",15270,15.27,37.1,"C","MacArthur (1989)",2.72589011923054,3.25649268843951,37.4052116868469,2915,310.25,-4787.35547680534,-1628.02388294841,32.4701150460995,-1.88743442551193,-0.00293293133310313,FALSE,TRUE,1.58746716414978,3.37283697291776
"Microdipodops pallidus","Mammalia","Rodentia","Heteromyidae","Microdipodops","pallidus",15.2,0.0152,39.3,"C","Bartholomew and MacMillen (1961)",-4.18645985112991,-2.19722457733622,37.1418368565987,2916,312.45,-4787.35547680534,-1628.02388294841,32.4701150460995,-1.88743442551193,-0.00293293133310313,FALSE,TRUE,-3.71279545887631,-1.91998836523583
"Dipodomys merriami","Mammalia","Rodentia","Heteromyidae","Dipodomys","merriami",38.2999999999999,0.0382999999999999,37,"C","Carpenter (1966)",-3.26230538279554,-1.42019591279557,37.4172720485064,2917,310.15,-4787.35547680534,-1628.02388294841,32.4701150460995,-1.88743442551193,-0.00293293133310313,FALSE,TRUE,-3.10402413653345,-1.30698244980242
"Dipodomys microps","Mammalia","Rodentia","Heteromyidae","Dipodomys","microps",57.2,0.0572,35,"C","Breyen et al. (1973)",-2.86120138059638,-0.988264231499244,37.6601230759184,2918,308.15,-4787.35547680534,-1628.02388294841,32.4701150460995,-1.88743442551193,-0.00293293133310313,FALSE,TRUE,-2.89105804088259,-1.09273735044989
"Dipodomys panamintinus","Mammalia","Rodentia","Heteromyidae","Dipodomys","panamintinus",64.2,0.0642,33.9,"C","Hinds and MacMillen (1985)",-2.74575206828622,-0.8754687373539,37.7950396542721,2919,307.05,-4787.35547680534,-1628.02388294841,32.4701150460995,-1.88743442551193,-0.00293293133310313,FALSE,TRUE,-2.85678583129238,-1.05846514085967
"Dipodomys deserti","Mammalia","Rodentia","Heteromyidae","Dipodomys","deserti",106,0.106,36.8,"C","McNab (1979a)",-2.24431618487007,-0.665748206371831,37.4414161182264,2920,309.95,-4787.35547680534,-1628.02388294841,32.4701150460995,-1.88743442551193,-0.00293293133310313,FALSE,TRUE,-2.31736195183198,-0.523337369849215
"Heteromys anomalus","Mammalia","Rodentia","Heteromyidae","Heteromys","anomalus",69.3,0.0693,36,"C","McNab (1979a)",-2.66931037278628,-0.577836334048951,37.538304790051,2921,309.15,-4787.35547680534,-1628.02388294841,32.4701150460995,-1.88743442551193,-0.00293293133310313,FALSE,TRUE,-2.69024429955821,-0.847033090642659
"Heteromys desmarestianus","Mammalia","Rodentia","Heteromyidae","Heteromys","desmarestianus",75.7999999999999,0.0757999999999999,33.8,"C","Hinds and MacMillen (1985)",-2.57965698633381,-0.592799206725663,37.8073527474972,2922,306.95,-4787.35547680534,-1628.02388294841,32.4701150460995,-1.88743442551193,-0.00293293133310313,FALSE,TRUE,-2.73191476570648,-0.88870355679101
"Thomomys umbrinus","Mammalia","Rodentia","Geomyidae","Thomomys","umbrinus",85,0.085,34.6,"C","Bradley et al. (1975)",-2.46510402249182,-0.909370289029582,37.709072057983,2927,307.75,-4787.35547680534,-1628.02388294841,32.4701150460995,-1.88743442551344,-0.00293293133283722,FALSE,TRUE,-2.60141113445537,-0.820903086310064
"Thomomys bottae","Mammalia","Rodentia","Geomyidae","Thomomys","bottae",143,0.143,36,"C","Vleck (1979)",-1.94491064872223,-0.401307097959501,37.538304790051,2928,309.15,-4787.35547680534,-1628.02388294841,32.4701150460995,-1.88743442551344,-0.00293293133283722,FALSE,TRUE,-2.12331499687504,-0.342806948729731
"Sylvilagus audubonii","Mammalia","Lagomorpha","Leporidae","Sylvilagus","audubonii",672.4,0.6724,38.25,"C","Hinds (1973)",-0.396901877447677,0.892680866235021,37.2670742641113,2992,311.4,-4787.35547680534,-1628.02388294841,32.4701150460995,-1.88743442551193,-0.00293293133310313,FALSE,TRUE,-0.799071071805875,1.02619716253658
"Lepus alleni","Mammalia","Lagomorpha","Leporidae","Lepus","alleni",3362,3.362,38.1,"C","Hinds (1977)",1.21253603498642,2.13515214869384,37.2850342999012,2994,311.25,-4787.35547680534,-1628.02388294841,32.4701150460995,-1.88743442551193,-0.00293293133310313,FALSE,TRUE,0.453040884038408,2.29409106154927
"Paraechinus aethiopicus","Mammalia","Erinaceomorpha","Erinaceidae","Paraechinus","aethiopicus",453,0.453,34.19,"C","Shkolnik and Schmidt-Nielsen (1976)",-0.791863153499103,-0.46556903217787,37.7593769956539,2995,307.34,-4787.35547680534,-1628.02388294841,32.4701150460995,-1.88743442551193,-0.00293293133310313,FALSE,TRUE,-1.31281052424036,0.339002448045218
"Atelerix albiventris","Mammalia","Erinaceomorpha","Erinaceidae","Atelerix","albiventris",450,0.45,35.2,"C","McNab (1980b)",-0.798507696217772,-0.189010544944751,37.6356962083485,2996,308.35,-4787.35547680534,-1628.02388294841,32.4701150460995,-1.88743442551193,-0.00293293133310313,FALSE,TRUE,-1.2666003787972,0.37473401225974
"Crocidura luna","Mammalia","Soricomorpha","Soricidae","Crocidura","luna",11.8,0.0118,34.8,"C","Sparti (1990)",-4.43965574751052,-1.97408102602201,37.6845816718437,2998,307.95,-4787.35547680534,-1628.02388294841,32.4701150460995,-1.88743442551193,-0.00293293133310313,FALSE,TRUE,-4.13655379048132,-2.05204790010411
"Crocidura viaria","Mammalia","Soricomorpha","Soricidae","Crocidura","viaria",14.7,0.0147,34.5,"C","Sparti (1990)",-4.21990778519745,-2.10191439753189,37.7213291917577,2999,307.65,-4787.35547680534,-1628.02388294841,32.4701150460995,-1.88743442551193,-0.00293293133310313,FALSE,TRUE,-3.97984957654121,-1.90224081173902
"Crocidura poensis","Mammalia","Soricomorpha","Soricidae","Crocidura","poensis",17.3,0.0173,35.5,"C","Sparti (1990)",-4.0570487774784,-1.74296930505862,37.5991152627386,3000,308.65,-4787.35547680534,-1628.02388294841,32.4701150460995,-1.88743442551193,-0.00293293133310313,FALSE,TRUE,-3.80159238605018,-1.71349570495718
"Crocidura olivieri","Mammalia","Soricomorpha","Soricidae","Crocidura","olivieri",38.9,0.0389,35.3,"C","Sparti (1990)",-3.24676102835774,-1.1239300966524,37.6234946534098,3001,308.45,-4787.35547680534,-1628.02388294841,32.4701150460995,-1.88743442551193,-0.00293293133310313,FALSE,TRUE,-3.17757920750982,-1.09997044270765
"Myosorex varius","Mammalia","Soricomorpha","Soricidae","Myosorex","varius",12.3,0.0123,35.6,"C","Brown et al. (1997)",-4.39815601660377,-2.01490302054227,37.5869374116413,3002,308.75,-4787.35547680534,-1628.02388294841,32.4701150460995,-1.88743442551193,-0.00293293133310313,FALSE,TRUE,-4.06348758316891,-1.97344313509939
"Sorex minutus","Mammalia","Soricomorpha","Soricidae","Sorex","minutus",3.3,0.0033,38.5,"C","Sparti and Genoud (1989)",-5.7138328105097,-1.84305276361561,37.2371792903715,3003,311.65,-4787.35547680534,-1628.02388294841,32.4701150460995,-1.88743442551193,-0.00293293133310313,FALSE,TRUE,-4.94777813423119,-2.67590276757428
"Sorex alpinus","Mammalia","Soricomorpha","Soricidae","Sorex","alpinus",7.9,0.0079,38.6,"C","Sparti (1990)",-4.84089251950916,-1.31139305294677,37.2252347260441,3004,311.75,-4787.35547680534,-1628.02388294841,32.4701150460995,-1.88743442551193,-0.00293293133310313,FALSE,TRUE,-4.25963310951501,-1.99269370775584
"Neomys fodiens","Mammalia","Soricomorpha","Soricidae","Neomys","fodiens",13.5,0.0135,37.9,"C","Sparti (1990)",-4.30506559353775,-1.51665617898313,37.3090079596343,3005,311.05,-4787.35547680534,-1628.02388294841,32.4701150460995,-1.88743442551193,-0.00293293133310313,FALSE,TRUE,-3.87510649636097,-1.67550602484989
"Sorex palustris","Mammalia","Soricomorpha","Soricidae","Sorex","palustris",14.4,0.0144,38.6,"C","Gusztak et al. (2005)",-4.24052707240018,-0.944461608840852,37.2252347260441,3006,311.75,-4787.35547680534,-1628.02388294841,32.4701150460995,-1.88743442551193,-0.00293293133310313,FALSE,TRUE,-3.7897754425697,-1.51790007591281
"Macroglossus minimus","Mammalia","Chiroptera","Pteropodidae","Macroglossus","minimus",16.3999999999999,0.0163999999999999,37.1,"C","Bonaccorso and McNab (1997)",-4.11047394415199,-2.51880820146368,37.4052116868469,3009,310.25,-4787.35547680534,-1628.02388294841,32.4701150460995,-1.88743442551193,-0.00293293133310313,FALSE,TRUE,-3.76280421585284,-2.06473288765811
"Syconycteris australis","Mammalia","Chiroptera","Pteropodidae","Syconycteris","australis",16.5,0.0165,36.5,"C","Bonaccorso and McNab (1997)",-4.1043948980756,-2.33075596996074,37.477690701903,3010,309.65,-4787.35547680534,-1628.02388294841,32.4701150460995,-1.88743442551193,-0.00293293133310313,FALSE,TRUE,-3.78817393033354,-2.09010260213881
"Melonycteris melanops","Mammalia","Chiroptera","Pteropodidae","Melonycteris","melanops",53.3,0.0533,34.9,"C","Bonaccorso and McNab (1997)",-2.93181894781034,-1.42019591279557,37.6723484039742,3011,308.05,-4787.35547680534,-1628.02388294841,32.4701150460995,-1.88743442551193,-0.00293293133310313,FALSE,TRUE,-2.95140641374159,-1.24813940370504
"Cynopterus brachyotis","Mammalia","Chiroptera","Pteropodidae","Cynopterus","brachyotis",37.3999999999999,0.0373999999999999,36.5,"C","McNab (1989)",-3.28608457456165,-1.33222713984961,37.477690701903,3012,309.65,-4787.35547680534,-1628.02388294841,32.4701150460995,-1.88743442551193,-0.00293293133310313,FALSE,TRUE,-3.1477483673785,-1.44261669718986
"Dobsonia minor","Mammalia","Chiroptera","Pteropodidae","Dobsonia","minor",73.7,0.0737,36.5,"C","McNab and Bonaccorso (2001)",-2.60775247978685,-0.8754687373539,37.477690701903,3013,309.65,-4787.35547680534,-1628.02388294841,32.4701150460995,-1.88743442551193,-0.00293293133310313,FALSE,TRUE,-2.61687248669652,-0.915680529421287
"Rousettus aegyptiacus","Mammalia","Chiroptera","Pteropodidae","Rousettus","aegyptiacus",146,0.146,34.8,"C","Noll (1979)",-1.9241486572738,-0.380772495517793,37.6845816718437,3014,307.95,-4787.35547680534,-1628.02388294841,32.4701150460995,-1.88743442551193,-0.00293293133310313,FALSE,TRUE,-2.16786905305263,-0.46555009411711
"Dobsonia praedatrix","Mammalia","Chiroptera","Pteropodidae","Dobsonia","praedatrix",179.5,0.1795,37.1,"C","McNab and Bonaccorso (2001)",-1.7175800710538,-0.22314355131421,37.4052116868469,3015,310.25,-4787.35547680534,-1628.02388294841,32.4701150460995,-1.88743442551193,-0.00293293133310313,FALSE,TRUE,-1.89007896513144,-0.188887007856233
"Hipposideros cervinus","Mammalia","Chiroptera","Hipposideridae","Hipposideros","cervinus",8.3,0.0083,36.6,"C","Bonaccorso and McNab (2003)",-4.79149976417958,-2.99573227355399,37.4655913667289,3020,309.75,-4787.35547680534,-1628.02388294841,32.4701150460995,-1.88743442551193,-0.00293293133310313,FALSE,TRUE,-4.32088623140318,-2.5905985271446
"Hipposideros diadema","Mammalia","Chiroptera","Hipposideridae","Hipposideros","diadema",37.2,0.0372,36.9,"C","Bonaccorso and McNab (2003)",-3.29144651770304,-1.69644928942373,37.4293401897896,3021,310.05,-4787.35547680534,-1628.02388294841,32.4701150460995,-1.88743442551193,-0.00293293133310313,FALSE,TRUE,-3.13184690967965,-1.40155920542109
"Diaemus youngi","Mammalia","Chiroptera","Phyllostomidae","Diaemus","youngi",36.6,0.0366,31.3,"C","McNab (1969)",-3.30770703857482,-1.66659632627405,38.1178089204936,3023,304.45,-4787.35547680534,-1628.02388294841,32.4701150460995,-1.88743442551193,-0.00293293133310313,FALSE,TRUE,-3.43074795471747,-1.58998279530252
"Choeroniscus godmani","Mammalia","Chiroptera","Phyllostomidae","Choeroniscus","godmani",10.1,0.0101,36.6,"C","Arends et al. (1995)",-4.59521985513492,-2.24851787172377,37.4655913667289,3024,309.75,-4787.35547680534,-1628.02388294841,32.4701150460995,-1.88743442551193,-0.00293293133310313,FALSE,TRUE,-4.16727375990593,-2.31532793541824
"Leptonycteris curasoae","Mammalia","Chiroptera","Phyllostomidae","Leptonycteris","curasoae",24,0.024,35.3,"C","Arends et al. (1995)",-3.72970144863419,-1.66659632627405,37.6234946534098,3025,308.45,-4787.35547680534,-1628.02388294841,32.4701150460995,-1.88743442551193,-0.00293293133310313,FALSE,TRUE,-3.55553776631324,-1.70359194182556
"Carollia perspicillata","Mammalia","Chiroptera","Phyllostomidae","Carollia","perspicillata",14.9,0.0149,36.4,"C","McNab (1969)",-4.20639406603072,-1.74296930505862,37.4897978544476,3026,309.55,-4787.35547680534,-1628.02388294841,32.4701150460995,-1.88743442551193,-0.00293293133310313,FALSE,TRUE,-3.87303303191062,-2.01677547206672
"Uroderma bilobatum","Mammalia","Chiroptera","Phyllostomidae","Uroderma","bilobatum",16.2,0.0162,35.1,"C","McNab (1969)",-4.1227440367438,-1.91581211789803,37.6479056799489,3027,308.25,-4787.35547680534,-1628.02388294841,32.4701150460995,-1.88743442551193,-0.00293293133310313,FALSE,TRUE,-3.87328744634066,-2.01064246581534
"Platyrrhinus lineatus","Mammalia","Chiroptera","Phyllostomidae","Platyrrhinus","lineatus",21.9,0.0219,36.4,"C","McNab (1969)",-3.82126864215968,-1.71171676155452,37.4897978544476,3028,309.55,-4787.35547680534,-1628.02388294841,32.4701150460995,-1.88743442551193,-0.00293293133310313,FALSE,TRUE,-3.571626390318,-1.70898140979268
"Sturnira lilium","Mammalia","Chiroptera","Phyllostomidae","Sturnira","lilium",21.9,0.0219,36.4,"C","McNab (1969)",-3.82126864215968,-1.51665617898313,37.4897978544476,3029,309.55,-4787.35547680534,-1628.02388294841,32.4701150460995,-1.88743442551193,-0.00293293133310313,FALSE,TRUE,-3.571626390318,-1.71161134569356
"Artibeus lituratus","Mammalia","Chiroptera","Phyllostomidae","Artibeus","lituratus",69.7,0.0697,37.3,"C","McNab (1969)",-2.66355496121566,-0.727048732235627,37.3811142723281,3030,310.45,-4787.35547680534,-1628.02388294841,32.4701150460995,-1.88743442551193,-0.00293293133310313,FALSE,TRUE,-2.62040074611684,-0.758729615823796
"Pteronotus quadridens","Mammalia","Chiroptera","Mormoopidae","Pteronotus","quadridens",4.9,0.0049,31.1910447761194,"C","Rodriguez-Duran (1995)",-5.31852007386556,-3.40119738166216,38.1314552375975,3031,304.341044776119,-4787.35547680534,-1628.02388294841,32.4701150460995,-1.88743442551193,-0.00293293133310313,FALSE,TRUE,-5.01012166976189,-3.21979090976947
"Pteronotus davyi","Mammalia","Chiroptera","Mormoopidae","Pteronotus","davyi",9.4,0.0094,38.8,"C","Bonaccorso et al. (1992)",-4.66704558970618,-2.45211682696501,37.2013685713873,3032,311.95,-4787.35547680534,-1628.02388294841,32.4701150460995,-1.88743442551193,-0.00293293133310313,FALSE,TRUE,-4.11365669818088,-2.32332593818845
"Pteronotus personatus","Mammalia","Chiroptera","Mormoopidae","Pteronotus","personatus",14,0.014,37.5,"C","Bonaccorso et al. (1992)",-4.26869794936688,-2.05746263496106,37.3570478861879,3033,310.65,-4787.35547680534,-1628.02388294841,32.4701150460995,-1.88743442551193,-0.00293293133310313,FALSE,TRUE,-3.86661318899098,-2.07407511812696
"Mormoops megalophylla","Mammalia","Chiroptera","Mormoopidae","Mormoops","megalophylla",16.5,0.0165,36.9,"C","Bonaccorso et al. (1992)",-4.1043948980756,-1.99428373333953,37.4293401897896,3034,310.05,-4787.35547680534,-1628.02388294841,32.4701150460995,-1.88743442551193,-0.00293293133310313,FALSE,TRUE,-3.76807611172346,-1.95394846537697
"Molossus molossus","Mammalia","Chiroptera","Molossidae","Molossus","molossus",15.6,0.0156,31.4,"C","McNab (1969)",-4.16048436472665,-2.33075596996074,38.1052928118347,3036,304.55,-4787.35547680534,-1628.02388294841,32.4701150460995,-1.88743442551193,-0.00293293133310313,FALSE,TRUE,-4.0929455029467,-2.31433601657631
"Eumops perotis","Mammalia","Chiroptera","Molossidae","Eumops","perotis",56,0.056,33.4,"C","Leitner (1966)",-2.88240358824699,-1.50407739677627,37.8566854537409,3037,306.55,-4787.35547680534,-1628.02388294841,32.4701150460995,-1.88743442551193,-0.00293293133310313,FALSE,TRUE,-2.98935622666819,-1.21074674029779
"Camelus dromedarius","Mammalia","Artiodactyla","Camelidae","Camelus","dromedarius",407000,407,38.13,"C","Schmidt-Nielsen et al. (1967)",6.00881318544259,5.41496395422283,37.2814409080065,3065,311.28,-4787.35547680534,-1628.02388294841,32.4701150460995,-1.88743442551193,-0.00293293133310313,FALSE,TRUE,4.20819425944363,6.00187920024701
"Oryx leucoryx","Mammalia","Artiodactyla","Bovidae","Oryx","leucoryx",84100,84.1,38.6,"C","Williams et al. (2001)",4.4320065669789,4.64377639413252,37.2252347260441,3066,311.75,-4787.35547680534,-1628.02388294841,32.4701150460995,-1.88743442551193,-0.00293293133310313,FALSE,TRUE,2.99751793336582,4.81755952492336
