model,rmse,mae,r2
xgboost,0.8622560820182167,0.13025182778418792,0.9622676505641452
random_forest,0.9876226040872016,0.14321334154253954,0.9504979302887965
