model,rmse,mae,r2
xgboost,1.0324905621487641,0.13909786740919183,0.9458979780819449
random_forest,1.041202502339405,0.15914899752268302,0.9449811230447137
