model,rmse,mae,r2
xgboost,0.9466173915097204,0.13725474109856206,0.9545231606694914
random_forest,0.9877040865684602,0.14312494576282445,0.950489761747813
