model,rmse,mae,r2
xgboost,1.5598799743146716,0.33642253752833856,0.5121578120526933
random_forest,1.8637114692267656,0.38892522617197683,0.3036070830657379
