model,rmse,mae,r2
xgboost_residual,0.9512380818755969,0.18731656561661628,0.27671755987646396
power_law_3_4,0.9636797987494793,0.16957539195026364,0.25767348268948076
random_forest_residual,0.987702260175558,0.18019083347799947,0.22020300093310985
