model,rmse,mae,r2
power_law_3_4,0.9636797987494793,0.16957539195026364,0.25767348268948076
xgboost,1.0177486777641582,0.17710233720626828,0.17203770811132868
random_forest,1.0440169917727093,0.18429227657796948,0.12874637422311852
