model,rmse,mae,r2
random_forest,0.8384864388079529,0.11558752940556541,0.4389707079680236
xgboost,0.8462218203555332,0.10839087549522433,0.4285715087987336
