model,rmse,mae,r2
xgboost,0.8344326826190037,0.10655856622479483,0.44438231211418633
random_forest,0.8386918263878265,0.11554735606537896,0.4386958256185389
