model,rmse,mae,r2
xgboost,0.8100102966414349,0.09947281454509603,0.4764302699537818
random_forest,0.8895554800035642,0.1259184089012027,0.36854918249589685
