model,rmse,mae,r2
xgboost,0.8344326826190037,0.10655856622479483,0.44438231211418633
random_forest,0.8386918263878265,0.11554735606537896,0.43869582561853904
power_law_3_4,1.0444763230889569,0.16157413078024624,0.12945615347693495
