taxon_name,class,order,family,Genus,species,log_mass,inv_kT,pc1,pc2,pc3,pc4,pc5,fold,y_true,random_forest,xgboost
Acinonyx jubatus,Mammalia,Carnivora,Felidae,Acinonyx,jubatus,1.5786392099680724,38.92324979320565,-2756.047650778884,216.10347744287705,-1994.1446024056083,-588.522102691723,179.2283583714183,f_1,1.699898401496259,1.7333496118626177,1.725038778133801
Acinonyx jubatus,Mammalia,Carnivora,Felidae,Acinonyx,jubatus,1.591064607026499,38.92324979320565,-2756.047650778884,216.10347744287705,-1994.1446024056083,-588.522102691723,179.2283583714183,f_1,1.8816585012325302,1.7428073755926117,1.734496541863795
Ailurus fulgens,Mammalia,Carnivora,Ailuridae,Ailurus,fulgens,0.7589118923979735,38.92324979320565,-2756.047650778884,216.10347744287705,-1994.1446024056083,-588.522102691723,179.2283583714183,f_1,0.6900187807886953,0.9507864277046766,1.0247918857859677
Akodon albiventer,Mammalia,Rodentia,Cricetidae,Akodon,albiventer,-1.5086383061657274,38.92324979320565,-2756.047650778884,216.10347744287705,-1994.1446024056083,-588.522102691723,179.2283583714183,f_1,-0.5867002359187482,-0.6720833677545357,-0.633267964317604
Ammospermophilus leucurus,Mammalia,Rodentia,Sciuridae,Ammospermophilus,leucurus,-1.1214782044987934,38.92324979320565,-2762.4552385025554,218.3717657788936,-2025.413014017376,-610.0258245105548,199.7655186548644,f_1,-0.35753547975787864,-0.3698548850379922,-0.37112707779058063
Ammospermophilus leucurus,Mammalia,Rodentia,Sciuridae,Ammospermophilus,leucurus,-1.0190880622231564,38.92324979320565,-2762.4552385025554,218.3717657788936,-2025.413014017376,-610.0258245105548,199.7655186548644,f_1,-0.28066871301627333,-0.29004919793681283,-0.30213279446671315
Ammospermophilus leucurus,Mammalia,Rodentia,Sciuridae,Ammospermophilus,leucurus,-1.0177287669604316,38.92324979320565,-2762.4552385025554,218.3717657788936,-2025.413014017376,-610.0258245105548,199.7655186548644,f_1,-0.26760624017703144,-0.2890145514483583,-0.3110006326932435
Ammospermophilus leucurus,Mammalia,Rodentia,Sciuridae,Ammospermophilus,leucurus,-0.9476909003526766,38.92324979320565,-2762.4552385025554,218.3717657788936,-2025.413014017376,-610.0258245105548,199.7655186548644,f_1,-0.2596373105057561,-0.23672950355876646,-0.25443059596951834
Antechinus flavipes,Mammalia,Dasyuromorphia,Dasyuridae,Antechinus,flavipes,-1.332547047110046,38.92324979320565,-2756.047650778884,216.10347744287705,-1994.1446024056083,-588.522102691723,179.2283583714183,f_1,-0.5985994592184559,-0.542032902505615,-0.49610674234864494
Apodemus agrarius,Mammalia,Rodentia,Muridae,Apodemus,agrarius,-1.6736641390712486,38.92324979320565,-2756.047650778884,216.10347744287705,-1994.1446024056083,-588.522102691723,179.2283583714183,f_1,-0.4282911681913124,-0.7976950749399723,-0.7486303026566241
Arctictis binturong,Mammalia,Carnivora,Viverridae,Arctictis,binturong,1.1547282074401555,38.92324979320565,-2756.047650778884,216.10347744287705,-1994.1446024056083,-588.522102691723,179.2283583714183,f_1,1.1054079858091768,1.6150132302539175,1.5866785658463025
Arvicola amphibius,Mammalia,Rodentia,Cricetidae,Arvicola,amphibius,-1.0362121726544447,38.92324979320565,-2756.047650778884,216.10347744287705,-1994.1446024056083,-588.522102691723,179.2283583714183,f_1,-0.22548303427145044,-0.31882225061163405,-0.27758102331626566
Arvicola amphibius,Mammalia,Rodentia,Cricetidae,Arvicola,amphibius,-1.0109953843014632,38.92324979320565,-2756.047650778884,216.10347744287705,-1994.1446024056083,-588.522102691723,179.2283583714183,f_1,-0.19997064075586568,-0.29962814155014383,-0.2664809642449526
Auliscomys boliviensis,Mammalia,Rodentia,Cricetidae,Auliscomys,boliviensis,-1.114638779968488,38.92324979320565,-2756.047650778884,216.10347744287705,-1994.1446024056083,-588.522102691723,179.2283583714183,f_1,-0.20971483596675833,-0.37899717313560416,-0.33199067423584916
Callithrix jacchus,Mammalia,Primates,Callitrichidae,Callithrix,jacchus,-0.721246399047171,38.92324979320565,-3655.337037865597,-5944.340167150048,4120.696289745943,301.925623364948,-31.88199990414605,f_1,-0.07160414774328619,-0.13245431423976675,-0.21435685178406505
Callospermophilus saturatus,Mammalia,Rodentia,Sciuridae,Callospermophilus,saturatus,-0.5982549177629373,38.92324979320565,-2762.4552385025554,218.3717657788936,-2025.413014017376,-610.0258245105548,199.7655186548644,f_1,-0.045757490560675115,0.003468531969971475,0.01845208503367557
Callospermophilus saturatus,Mammalia,Rodentia,Sciuridae,Callospermophilus,saturatus,-0.5831099698269876,38.92324979320565,-2762.4552385025554,218.3717657788936,-2025.413014017376,-610.0258245105548,199.7655186548644,f_1,-0.09691001300805639,0.02028383470257978,0.029979872725911294
Cavia porcellus,Mammalia,Rodentia,Caviidae,Cavia,porcellus,-0.24412514432750865,38.92324979320565,-3727.984307889352,-6512.39244757889,4734.26894534594,428.6245147082449,-225.76243791941903,f_1,0.3475251599986895,0.21129296762385336,0.21697588256893052
Cavia porcellus,Mammalia,Rodentia,Caviidae,Cavia,porcellus,-0.20134935455473107,38.92324979320565,-3727.984307889352,-6512.39244757889,4734.26894534594,428.6245147082449,-225.76243791941903,f_1,0.28555730900777376,0.2919290949883675,0.24404001388315466
Cavia porcellus,Mammalia,Rodentia,Caviidae,Cavia,porcellus,-0.13786862068696282,38.92324979320565,-3727.984307889352,-6512.39244757889,4734.26894534594,428.6245147082449,-225.76243791941903,f_1,0.3521825181113625,0.25680388124660003,0.2851656898522832
Chaetodipus baileyi,Mammalia,Rodentia,Heteromyidae,Chaetodipus,baileyi,-1.5361070110140926,38.92324979320565,-3727.984307889352,-6512.39244757889,4734.26894534594,428.6245147082449,-225.76243791941903,f_1,-0.7166987712964504,-0.7374815217388023,-0.7319171666320092
Chaetodipus intermedius,Mammalia,Rodentia,Heteromyidae,Chaetodipus,intermedius,-1.8356471442155629,38.92324979320565,-3727.984307889352,-6512.39244757889,4734.26894534594,428.6245147082449,-225.76243791941903,f_1,-1.0604807473813815,-0.9700398122080445,-0.953696199561135
Chaetodipus intermedius,Mammalia,Rodentia,Heteromyidae,Chaetodipus,intermedius,-1.8239087409443189,38.92324979320565,-3727.984307889352,-6512.39244757889,4734.26894534594,428.6245147082449,-225.76243791941903,f_1,-1.0,-0.961104963350919,-0.9454435687043024
Chaetodipus intermedius,Mammalia,Rodentia,Heteromyidae,Chaetodipus,intermedius,-1.7375489102695705,38.92324979320565,-3727.984307889352,-6512.39244757889,4734.26894534594,428.6245147082449,-225.76243791941903,f_1,-0.8664610916297825,-0.8953709775118,-0.8885708880572962
Chionomys nivalis,Mammalia,Rodentia,Cricetidae,Chionomys,nivalis,-1.4841261562883223,38.92324979320565,-2756.047650778884,216.10347744287705,-1994.1446024056083,-588.522102691723,179.2283583714183,f_1,-0.3448615651886179,-0.6544685361597726,-0.608342019722107
Chiroderma doriae,Mammalia,Chiroptera,Phyllostomidae,Chiroderma,doriae,-1.7011469235902956,38.92324979320565,-2756.047650778884,216.10347744287705,-1994.1446024056083,-588.522102691723,179.2283583714183,f_1,-0.7619538968712046,-0.8186139784889901,-0.7709749865615723
Chrotopterus auritus,Mammalia,Chiroptera,Phyllostomidae,Chrotopterus,auritus,-1.0172766123314552,38.92324979320565,-2756.047650778884,216.10347744287705,-1994.1446024056083,-588.522102691723,179.2283583714183,f_1,-0.10347378251044466,-0.304409185597472,-0.27126200829228075
Cricetomys gambianus,Mammalia,Rodentia,Nesomyidae,Cricetomys,gambianus,0.18224341191900045,38.92324979320565,-3727.984307889352,-6512.39244757889,4734.26894534594,428.6245147082449,-225.76243791941903,f_1,0.7561033715851055,0.4943422847099987,0.5132016924669108
Cricetomys gambianus,Mammalia,Rodentia,Nesomyidae,Cricetomys,gambianus,0.27184160653649897,38.92324979320565,-3727.984307889352,-6512.39244757889,4734.26894534594,428.6245147082449,-225.76243791941903,f_1,0.8037301709745439,0.5532771294913503,0.5814006040462895
Crocidura hildegardeae,Mammalia,Soricomorpha,Soricidae,Crocidura,hildegardeae,-2.0,38.92324979320565,-2756.047650778884,216.10347744287705,-1994.1446024056083,-588.522102691723,179.2283583714183,f_1,-0.8386319977650252,-1.0436592647303125,-1.0099777603602464
Crocidura hildegardeae,Mammalia,Soricomorpha,Soricidae,Crocidura,hildegardeae,-1.9393021596463884,38.92324979320565,-2756.047650778884,216.10347744287705,-1994.1446024056083,-588.522102691723,179.2283583714183,f_1,-0.7772835288524167,-0.9974582596206983,-0.964825230754554
Crocidura luna,Mammalia,Soricomorpha,Soricidae,Crocidura,luna,-1.9281179926938745,38.92324979320565,-2756.047650778884,216.10347744287705,-1994.1446024056083,-588.522102691723,179.2283583714183,f_1,-0.8601209135987634,-0.9889452754435092,-0.9563122465773648
Crocidura luna,Mammalia,Soricomorpha,Soricidae,Crocidura,luna,-1.8927900303521317,38.92324979320565,-2756.047650778884,216.10347744287705,-1994.1446024056083,-588.522102691723,179.2283583714183,f_1,-0.8239087409443188,-0.9620549057177602,-0.9269483362475013
Dasycercus cristicauda,Mammalia,Dasyuromorphia,Dasyuridae,Dasycercus,cristicauda,-1.0655015487564323,38.92324979320565,-2756.047650778884,216.10347744287705,-1994.1446024056083,-588.522102691723,179.2283583714183,f_1,-0.619788758288394,-0.341595686409308,-0.29918750704004005
Dasycercus cristicauda,Mammalia,Dasyuromorphia,Dasyuridae,Dasycercus,cristicauda,-1.0515870342213989,38.92324979320565,-2756.047650778884,216.10347744287705,-1994.1446024056083,-588.522102691723,179.2283583714183,f_1,-0.585026652029182,-0.3291344535013273,-0.2898599812641114
Dasycercus cristicauda,Mammalia,Dasyuromorphia,Dasyuridae,Dasycercus,cristicauda,-1.0506099933550872,38.92324979320565,-2756.047650778884,216.10347744287705,-1994.1446024056083,-588.522102691723,179.2283583714183,f_1,-0.5883802940367698,-0.3283907652614527,-0.2891162930242368
Dasycercus cristicauda,Mammalia,Dasyuromorphia,Dasyuridae,Dasycercus,cristicauda,-0.9956786262173574,38.92324979320565,-2756.047650778884,216.10347744287705,-1994.1446024056083,-588.522102691723,179.2283583714183,f_1,-0.5451551399914898,-0.2879695781748428,-0.2548224008696516
Dasypus novemcinctus,Mammalia,Cingulata,Dasypodidae,Dasypus,novemcinctus,0.5211380837040362,38.92324979320565,-3655.337037865597,-5944.340167150048,4120.696289745943,301.925623364948,-31.88199990414605,f_1,0.6522463410033232,0.6616504008789039,0.6309567131031365
Dasypus novemcinctus,Mammalia,Cingulata,Dasypodidae,Dasypus,novemcinctus,0.5453071164658241,38.92324979320565,-3655.337037865597,-5944.340167150048,4120.696289745943,301.925623364948,-31.88199990414605,f_1,0.6834973176798114,0.6642092004062026,0.649353308428712
Dasyurus maculatus,Mammalia,Dasyuromorphia,Dasyuridae,Dasyurus,maculatus,0.25090769970085597,38.92324979320565,-2756.047650778884,216.10347744287705,-1994.1446024056083,-588.522102691723,179.2283583714183,f_1,0.47856649559384334,0.5797319055737811,0.6440935830524923
Dasyurus maculatus,Mammalia,Dasyuromorphia,Dasyuridae,Dasyurus,maculatus,0.25090769970085597,38.92324979320565,-2756.047650778884,216.10347744287705,-1994.1446024056083,-588.522102691723,179.2283583714183,f_1,0.5160062303860478,0.5797319055737811,0.6440935830524923
Dasyurus viverrinus,Mammalia,Dasyuromorphia,Dasyuridae,Dasyurus,viverrinus,-0.04100633496967404,38.92324979320565,-2756.047650778884,216.10347744287705,-1994.1446024056083,-588.522102691723,179.2283583714183,f_1,0.36361197989214433,0.42892377514361313,0.471294915536987
Dasyurus viverrinus,Mammalia,Dasyuromorphia,Dasyuridae,Dasyurus,viverrinus,-0.00788851221305034,38.92324979320565,-2756.047650778884,216.10347744287705,-1994.1446024056083,-588.522102691723,179.2283583714183,f_1,0.3443922736851107,0.4350330922282326,0.4855113440477008
Dobsonia praedatrix,Mammalia,Chiroptera,Pteropodidae,Dobsonia,praedatrix,-0.745935547085662,38.92324979320565,-2756.047650778884,216.10347744287705,-1994.1446024056083,-588.522102691723,179.2283583714183,f_1,-0.09963287134352969,-0.0978741611413183,-0.054909666707945615
Elephantulus brachyrhynchus,Mammalia,Macroscelidea,Macroscelididae,Elephantulus,brachyrhynchus,-1.3439017979871681,38.92324979320565,-3655.337037865597,-5944.340167150048,4120.696289745943,301.925623364948,-31.88199990414605,f_1,-0.6126101736612706,-0.6032040054564385,-0.6829366038759637
Enhydra lutris,Mammalia,Carnivora,Mustelidae,Enhydra,lutris,1.255272505103306,38.92324979320565,-2756.047650778884,216.10347744287705,-1994.1446024056083,-588.522102691723,179.2283583714183,f_1,1.8278730725360788,1.691543920357809,1.4544265011117274
Enhydra lutris,Mammalia,Carnivora,Mustelidae,Enhydra,lutris,1.6020599913279623,38.92324979320565,-2756.047650778884,216.10347744287705,-1994.1446024056083,-588.522102691723,179.2283583714183,f_1,2.1588146467242266,1.751176665230177,1.7428658315013603
Erinaceus concolor,Mammalia,Erinaceomorpha,Erinaceidae,Erinaceus,concolor,-0.08475850269380554,38.92324979320565,-2756.047650778884,216.10347744287705,-1994.1446024056083,-588.522102691723,179.2283583714183,f_1,0.2871296207191108,0.3917587770631605,0.4379923447568226
Erophylla sezekorni,Mammalia,Chiroptera,Phyllostomidae,Erophylla,sezekorni,-1.7931741239681502,38.92324979320565,-2756.047650778884,216.10347744287705,-1994.1446024056083,-588.522102691723,179.2283583714183,f_1,-1.00436480540245,-0.8886617615750272,-0.8608304957924
Eumops perotis,Mammalia,Chiroptera,Molossidae,Eumops,perotis,-1.2518119729937995,38.92324979320565,-2764.627306005197,219.14067844833644,-2036.0124944536992,-617.3152347165119,206.72728029932367,f_1,-0.6536470255493614,-0.48053976750505645,-0.4991105810290555
Euneomys chinchilloides,Mammalia,Rodentia,Cricetidae,Euneomys,chinchilloides,-1.1844222516757328,38.92324979320565,-2756.047650778884,216.10347744287705,-1994.1446024056083,-588.522102691723,179.2283583714183,f_1,-0.3269790928711038,-0.42928565497831533,-0.3786329656999463
Genetta tigrina,Mammalia,Carnivora,Viverridae,Genetta,tigrina,0.22993768590793387,38.92324979320565,-2756.047650778884,216.10347744287705,-1994.1446024056083,-588.522102691723,179.2283583714183,f_1,0.619823500457278,0.5658329501770152,0.6281319654932637
Genetta tigrina,Mammalia,Carnivora,Viverridae,Genetta,tigrina,0.2304489213782739,38.92324979320565,-2756.047650778884,216.10347744287705,-1994.1446024056083,-588.522102691723,179.2283583714183,f_1,0.6242820958356683,0.5662220841633283,0.6285210994795768
Geomys pinetis,Mammalia,Rodentia,Geomyidae,Geomys,pinetis,-0.7619538968712046,38.92324979320565,-3727.984307889352,-6512.39244757889,4734.26894534594,428.6245147082449,-225.76243791941903,f_1,-0.1290111862394247,-0.15635781788416028,-0.13799925627198872
Geomys pinetis,Mammalia,Rodentia,Geomyidae,Geomys,pinetis,-0.6989700043360187,38.92324979320565,-3727.984307889352,-6512.39244757889,4734.26894534594,428.6245147082449,-225.76243791941903,f_1,-0.10127481841050648,-0.10841675237196127,-0.08758549952186323
Geomys pinetis,Mammalia,Rodentia,Geomyidae,Geomys,pinetis,-0.6925039620867871,38.92324979320565,-3727.984307889352,-6512.39244757889,4734.26894534594,428.6245147082449,-225.76243791941903,f_1,-0.11350927482751812,-0.10349503441205779,-0.08266378156195975
Gerbilliscus afra,Mammalia,Rodentia,Muridae,Gerbilliscus,afra,-0.9726503922252435,38.92324979320565,-3727.984307889352,-6512.39244757889,4734.26894534594,428.6245147082449,-225.76243791941903,f_1,0.006893707947900456,-0.3112888487874219,-0.3000195390784439
Gerbillus nanus,Mammalia,Rodentia,Muridae,Gerbillus,nanus,-1.5466816599529638,38.92324979320565,-3727.984307889352,-6512.39244757889,4734.26894534594,428.6245147082449,-225.76243791941903,f_1,-0.906578314837765,-0.7432343890422298,-0.73996620769856
Gerbillus nanus,Mammalia,Rodentia,Muridae,Gerbillus,nanus,-1.5086383061657274,38.92324979320565,-3727.984307889352,-6512.39244757889,4734.26894534594,428.6245147082449,-225.76243791941903,f_1,-0.8696662315049939,-0.7184238190529713,-0.7036255421928606
Gerbillus pyramidum,Mammalia,Rodentia,Muridae,Gerbillus,pyramidum,-0.9645702618154517,38.92324979320565,-3727.984307889352,-6512.39244757889,4734.26894534594,428.6245147082449,-225.76243791941903,f_1,-0.34294414714289606,-0.305138545182313,-0.293869235473335
Glis glis,Mammalia,Rodentia,Gliridae,Glis,glis,-0.8181564120552275,38.92324979320565,-2762.4552385025554,218.3717657788936,-2025.413014017376,-610.0258245105548,199.7655186548644,f_1,-0.3010299956639812,-0.14002011134344688,-0.1473147519988125
Glis glis,Mammalia,Rodentia,Gliridae,Glis,glis,-0.6989700043360187,38.92324979320565,-2762.4552385025554,218.3717657788936,-2025.413014017376,-610.0258245105548,199.7655186548644,f_1,-0.05502409158795209,-0.04929971997611198,-0.05880367384530283
Golunda ellioti,Mammalia,Rodentia,Muridae,Golunda,ellioti,-1.250263684430939,38.92324979320565,-2756.047650778884,216.10347744287705,-1994.1446024056083,-588.522102691723,179.2283583714183,f_1,-0.4698003017969178,-0.47940177695935976,-0.4315196829335046
Graphiurus ocularis,Mammalia,Rodentia,Gliridae,Graphiurus,ocularis,-1.1687703061329366,38.92324979320565,-2762.4552385025554,218.3717657788936,-2025.413014017376,-610.0258245105548,199.7655186548644,f_1,-0.431798275933005,-0.40474070940844753,-0.4040078460946348
Heterohyrax brucei,Mammalia,Hyracoidea,Procaviidae,Heterohyrax,brucei,0.10957854690438666,38.92324979320565,-3655.337037865597,-5944.340167150048,4120.696289745943,301.925623364948,-31.88199990414605,f_1,0.5720579899263045,0.36750757095802195,0.34828985311395044
Heterohyrax brucei,Mammalia,Hyracoidea,Procaviidae,Heterohyrax,brucei,0.3010299956639812,38.92324979320565,-3655.337037865597,-5944.340167150048,4120.696289745943,301.925623364948,-31.88199990414605,f_1,0.6039018317316714,0.5154871786611863,0.4433009198936245
Hyaena hyaena,Mammalia,Carnivora,Hyaenidae,Hyaena,hyaena,1.5352941200427705,38.92324979320565,-2756.047650778884,216.10347744287705,-1994.1446024056083,-588.522102691723,179.2283583714183,f_1,1.504525230857272,1.734034441522423,1.6920460602801028
Hydrochoerus hydrochaeris,Mammalia,Rodentia,Caviidae,Hydrochoerus,hydrochaeris,1.4213570985131425,38.92324979320565,-3727.984307889352,-6512.39244757889,4734.26894534594,428.6245147082449,-225.76243791941903,f_1,1.5658242150711366,1.3886565984653445,1.4517451914626347
Ictidomys tridecemlineatus,Mammalia,Rodentia,Sciuridae,Ictidomys,tridecemlineatus,-0.7399286120149252,38.92324979320565,-2762.4552385025554,218.3717657788936,-2025.413014017376,-610.0258245105548,199.7655186548644,f_1,-0.23732143627256383,-0.08047593368703726,-0.09245257879415458
Ictidomys tridecemlineatus,Mammalia,Rodentia,Sciuridae,Ictidomys,tridecemlineatus,-0.6873995607387406,38.92324979320565,-2762.4552385025554,218.3717657788936,-2025.413014017376,-610.0258245105548,199.7655186548644,f_1,-0.10623823794205658,-0.04049271596008646,-0.04999666982927731
Ictidomys tridecemlineatus,Mammalia,Rodentia,Sciuridae,Ictidomys,tridecemlineatus,-0.679853713888946,38.92324979320565,-2762.4552385025554,218.3717657788936,-2025.413014017376,-610.0258245105548,199.7655186548644,f_1,0.3220124385824005,-0.034749089715186914,-0.03508403872683763
Isoodon macrourus,Mammalia,Peramelemorphia,Peramelidae,Isoodon,macrourus,0.19061179781360493,38.92324979320565,-2756.047650778884,216.10347744287705,-1994.1446024056083,-588.522102691723,179.2283583714183,f_1,0.505421327583281,0.5353887359513635,0.5981985189949802
Lagorchestes conspicillatus,Mammalia,Diprotodontia,Macropodidae,Lagorchestes,conspicillatus,0.424881636631067,38.92324979320565,-2756.047650778884,216.10347744287705,-1994.1446024056083,-588.522102691723,179.2283583714183,f_1,0.6766021695820184,0.6920568267298451,0.777597831285703
Lagostomus maximus,Mammalia,Rodentia,Chinchillidae,Lagostomus,maximus,0.8314858392486574,38.92324979320565,-3727.984307889352,-6512.39244757889,4734.26894534594,428.6245147082449,-225.76243791941903,f_1,1.0251829343354493,0.9768821540617816,1.0070147263111453
Lagostomus maximus,Mammalia,Rodentia,Chinchillidae,Lagostomus,maximus,0.8327643049405314,38.92324979320565,-3727.984307889352,-6512.39244757889,4734.26894534594,428.6245147082449,-225.76243791941903,f_1,1.0273496077747566,0.9778552759985526,1.0079878482479163
Lemmus sibiricus,Mammalia,Rodentia,Cricetidae,Lemmus,sibiricus,-1.2992962828549806,38.92324979320565,-2756.047650778884,216.10347744287705,-1994.1446024056083,-588.522102691723,179.2283583714183,f_1,-0.2984320149440726,-0.5167236209842758,-0.46884152695842074
Lemmus sibiricus,Mammalia,Rodentia,Cricetidae,Lemmus,sibiricus,-1.193820026016113,38.92324979320565,-2756.047650778884,216.10347744287705,-1994.1446024056083,-588.522102691723,179.2283583714183,f_1,-0.054531414868180264,-0.4364389015813149,-0.38578621230294585
Lemmus sibiricus,Mammalia,Rodentia,Cricetidae,Lemmus,sibiricus,-1.154901959985743,38.92324979320565,-2756.047650778884,216.10347744287705,-1994.1446024056083,-588.522102691723,179.2283583714183,f_1,-0.17392519729917355,-0.40681587451724904,-0.35952128112320314
Lepus americanus,Mammalia,Lagomorpha,Leporidae,Lepus,americanus,0.13987908640123647,38.92324979320565,-2763.255529574752,218.65506910344627,-2029.3183574529687,-612.7115835407454,202.3305566585363,f_1,0.7189166860148611,0.5562334561996235,0.5849816321354733
Lepus americanus,Mammalia,Lagomorpha,Leporidae,Lepus,americanus,0.17026171539495738,38.92324979320565,-2763.255529574752,218.65506910344627,-2029.3183574529687,-612.7115835407454,202.3305566585363,f_1,0.819872821950546,0.5769414730563062,0.5636646295354981
Lepus americanus,Mammalia,Lagomorpha,Leporidae,Lepus,americanus,0.19390340255274682,38.92324979320565,-2763.255529574752,218.65506910344627,-2029.3183574529687,-612.7115835407454,202.3305566585363,f_1,0.8435442119456351,0.6041566191440476,0.581659828422536
Lepus americanus,Mammalia,Lagomorpha,Leporidae,Lepus,americanus,0.19893186993220904,38.92324979320565,-2763.255529574752,218.65506910344627,-2029.3183574529687,-612.7115835407454,202.3305566585363,f_1,0.9277808493473744,0.6079841070042188,0.5854873162827072
Lepus americanus,Mammalia,Lagomorpha,Leporidae,Lepus,americanus,0.3222192947339193,38.92324979320565,-2763.255529574752,218.65506910344627,-2029.3183574529687,-612.7115835407454,202.3305566585363,f_1,0.8228216453031046,0.6565952925290217,0.6144264592743134
Lepus townsendii,Mammalia,Lagomorpha,Leporidae,Lepus,townsendii,0.38560627359831223,38.92324979320565,-2763.255529574752,218.65506910344627,-2029.3183574529687,-612.7115835407454,202.3305566585363,f_1,0.8482507146770425,0.733477695325283,0.6980452109750539
Lepus townsendii,Mammalia,Lagomorpha,Leporidae,Lepus,townsendii,0.41830129131974547,38.92324979320565,-2763.255529574752,218.65506910344627,-2029.3183574529687,-612.7115835407454,202.3305566585363,f_1,0.924486043733915,0.7741754462602131,0.7533444707579022
Limnogale mergulus,Mammalia,Afrosoricida,Tenrecidae,Limnogale,mergulus,-1.1095789811990857,38.92324979320565,-3655.337037865597,-5944.340167150048,4120.696289745943,301.925623364948,-31.88199990414605,f_1,-0.5058454059815573,-0.42767411340002864,-0.5130941303137264
Limnogale mergulus,Mammalia,Afrosoricida,Tenrecidae,Limnogale,mergulus,-1.1095789811990857,38.92324979320565,-3655.337037865597,-5944.340167150048,4120.696289745943,301.925623364948,-31.88199990414605,f_1,-0.393618634889395,-0.42767411340002864,-0.5130941303137264
Loris tardigradus,Mammalia,Primates,Lorisidae,Loris,tardigradus,-0.5466816599529624,38.92324979320565,-3655.337037865597,-5944.340167150048,4120.696289745943,301.925623364948,-31.88199990414605,f_1,-0.14630178822382564,-0.008046430306624289,-0.07514952796753338
Lycaon pictus,Mammalia,Carnivora,Canidae,Lycaon,pictus,0.9420080530223133,38.92324979320565,-2756.047650778884,216.10347744287705,-1994.1446024056083,-588.522102691723,179.2283583714183,f_1,1.5186455243303114,1.0989330643127808,1.1774371806269306
Lynx rufus,Mammalia,Carnivora,Felidae,Lynx,rufus,0.9731278535996987,38.92324979320565,-2756.047650778884,216.10347744287705,-1994.1446024056083,-588.522102691723,179.2283583714183,f_1,1.3718433553666967,1.1283735079462676,1.201124449516727
Macroscelides proboscideus,Mammalia,Macroscelidea,Macroscelididae,Macroscelides,proboscideus,-1.408935392973501,38.92324979320565,-3655.337037865597,-5944.340167150048,4120.696289745943,301.925623364948,-31.88199990414605,f_1,-0.5346171485515817,-0.6527052304877718,-0.729419658312128
Malacothrix typica,Mammalia,Rodentia,Nesomyidae,Malacothrix,typica,-1.6635402661514704,38.92324979320565,-3727.984307889352,-6512.39244757889,4734.26894534594,428.6245147082449,-225.76243791941903,f_1,-0.9393021596463883,-0.832182941917032,-0.8272667890028704
Marmosa robinsoni,Mammalia,Didelphimorphia,Didelphidae,Marmosa,robinsoni,-0.9136401693252518,38.92324979320565,-2756.047650778884,216.10347744287705,-1994.1446024056083,-588.522102691723,179.2283583714183,f_1,-0.2620126736665692,-0.2255248660734599,-0.19375998753583534
Martes martes,Mammalia,Carnivora,Mustelidae,Martes,martes,-0.036212172654444715,38.92324979320565,-2756.047650778884,216.10347744287705,-1994.1446024056083,-588.522102691723,179.2283583714183,f_1,0.6020599913279624,0.4325649824819157,0.4749440588398104
Megadontomys thomasi,Mammalia,Rodentia,Cricetidae,Megadontomys,thomasi,-0.9554602396075891,38.92324979320565,-2758.0116502138903,216.79871975347584,-2003.728412737407,-595.1126928034295,185.52164266823863,f_1,-0.15989390554324223,-0.25523045187219784,-0.20080821478030342
Megaloglossus woermanni,Mammalia,Chiroptera,Pteropodidae,Megaloglossus,woermanni,-1.9065783148377649,38.92324979320565,-2756.047650778884,216.10347744287705,-1994.1446024056083,-588.522102691723,179.2283583714183,f_1,-0.9172146296835499,-0.9725500501621479,-0.937443480691889
Melonycteris melanops,Mammalia,Chiroptera,Pteropodidae,Melonycteris,melanops,-1.2732727909734278,38.92324979320565,-2756.047650778884,216.10347744287705,-1994.1446024056083,-588.522102691723,179.2283583714183,f_1,-0.6161846340195687,-0.4969154783158514,-0.4490333842899963
Melursus ursinus,Mammalia,Carnivora,Ursidae,Melursus,ursinus,1.8257959869112335,38.92324979320565,-2756.047650778884,216.10347744287705,-1994.1446024056083,-588.522102691723,179.2283583714183,f_1,1.67268883537939,1.9302989014546168,1.9131655952973572
Meriones tristrami,Mammalia,Rodentia,Muridae,Meriones,tristrami,-0.9507819773298184,38.92324979320565,-3727.984307889352,-6512.39244757889,4734.26894534594,428.6245147082449,-225.76243791941903,f_1,-0.2596373105057561,-0.2946434007379253,-0.2833740910289473
Microdipodops pallidus,Mammalia,Rodentia,Heteromyidae,Microdipodops,pallidus,-1.8181564120552274,38.92324979320565,-3727.984307889352,-6512.39244757889,4734.26894534594,428.6245147082449,-225.76243791941903,f_1,-0.958607314841775,-0.9567264982383412,-0.9410651035917246
Microtus agrestis,Mammalia,Rodentia,Cricetidae,Microtus,agrestis,-1.6516951369518393,38.92324979320565,-2757.7344390476355,216.7005758957281,-2002.375402282432,-594.1819529922352,184.6319096616944,f_1,-0.42021640338318983,-0.778846721376101,-0.6958321702108194
Microtus agrestis,Mammalia,Rodentia,Cricetidae,Microtus,agrestis,-1.5528419686577808,38.92324979320565,-2757.7344390476355,216.7005758957281,-2002.375402282432,-594.1819529922352,184.6319096616944,f_1,-0.44977164694490596,-0.7036032579044462,-0.6283017563893569
Miniopterus schreibersii,Mammalia,Chiroptera,Miniopteridae,Miniopterus,schreibersii,-1.9621752494116582,38.92324979320565,-2764.627306005197,219.14067844833644,-2036.0124944536992,-617.3152347165119,206.72728029932367,f_1,-0.8386319977650252,-1.016348499298085,-1.0595561816550072
Monodelphis brevicaudata,Mammalia,Didelphimorphia,Didelphidae,Monodelphis,brevicaudata,-1.1220530483708118,38.92324979320565,-2756.047650778884,216.10347744287705,-1994.1446024056083,-588.522102691723,179.2283583714183,f_1,-0.4975728800155673,-0.3846406466157842,-0.3376341477160292
Monodelphis brevicaudata,Mammalia,Didelphimorphia,Didelphidae,Monodelphis,brevicaudata,-0.9546770212133425,38.92324979320565,-2756.047650778884,216.10347744287705,-1994.1446024056083,-588.522102691723,179.2283583714183,f_1,-0.3757179041643317,-0.25676063645208935,-0.22035373327819618
Mormoops megalophylla,Mammalia,Chiroptera,Mormoopidae,Mormoops,megalophylla,-1.7825160557860937,38.92324979320565,-2756.047650778884,216.10347744287705,-1994.1446024056083,-588.522102691723,179.2283583714183,f_1,-0.8664610916297825,-0.8805492247916902,-0.852717959009063
Mustela erminea,Mammalia,Carnivora,Mustelidae,Mustela,erminea,-1.1249387366083,38.92324979320565,-2756.047650778884,216.10347744287705,-1994.1446024056083,-588.522102691723,179.2283583714183,f_1,-0.03151705144606486,-0.38683712833948697,-0.33983062943973197
Mustela erminea,Mammalia,Carnivora,Mustelidae,Mustela,erminea,-0.6777807052660807,38.92324979320565,-2756.047650778884,216.10347744287705,-1994.1446024056083,-588.522102691723,179.2283583714183,f_1,0.24303804868629444,-0.04599715568598305,0.008609034842856245
Myotis nigricans,Mammalia,Chiroptera,Vespertilionidae,Myotis,nigricans,-2.431798275933005,38.92324979320565,-2764.627306005197,219.14067844833644,-2036.0124944536992,-617.3152347165119,206.72728029932367,f_1,-1.5686362358410126,-1.324103174503924,-1.3889239344284383
Myotis vivesi,Mammalia,Chiroptera,Vespertilionidae,Myotis,vivesi,-1.6020599913279623,38.92324979320565,-2764.627306005197,219.14067844833644,-2036.0124944536992,-617.3152347165119,206.72728029932367,f_1,-0.7011469235902933,-0.7509236264154076,-0.7752036739520531
Myotis yumanensis,Mammalia,Chiroptera,Vespertilionidae,Myotis,yumanensis,-2.3010299956639813,38.92324979320565,-2764.627306005197,219.14067844833644,-2036.0124944536992,-617.3152347165119,206.72728029932367,f_1,-1.3279021420642825,-1.2352522096981884,-1.2903530550047009
Neurotrichus gibbsii,Mammalia,Soricomorpha,Talpidae,Neurotrichus,gibbsii,-1.9281179926938745,38.92324979320565,-2756.047650778884,216.10347744287705,-1994.1446024056083,-588.522102691723,179.2283583714183,f_1,-0.5867002359187482,-0.9889452754435092,-0.9563122465773648
Notiosorex crawfordi,Mammalia,Soricomorpha,Soricidae,Notiosorex,crawfordi,-2.3979400086720375,38.92324979320565,-2756.047650778884,216.10347744287705,-1994.1446024056083,-588.522102691723,179.2283583714183,f_1,-1.1307682802690238,-1.309750470826628,-1.2978615615298157
Ochotona dauurica,Mammalia,Lagomorpha,Ochotonidae,Ochotona,dauurica,-0.8938091027365846,38.92324979320565,-2763.255529574752,218.65506910344635,-2029.3183574529687,-612.7115835407451,202.3305566585364,f_1,0.14270224573761559,-0.19760420870775158,-0.20228809514143942
Ochotona princeps,Mammalia,Lagomorpha,Ochotonidae,Ochotona,princeps,-0.9625735020593764,38.92324979320565,-2763.255529574752,218.65506910344635,-2029.3183574529687,-612.7115835407451,202.3305566585364,f_1,-0.030584087646018613,-0.24805760277102554,-0.25477689328449005
Octodon degus,Mammalia,Rodentia,Octodontidae,Octodon,degus,-0.7144426909922262,38.92324979320565,-3727.984307889352,-6512.39244757889,4734.26894534594,428.6245147082449,-225.76243791941903,f_1,-0.022733787572707352,-0.12019400294790142,-0.09936275009780338
Octodon degus,Mammalia,Rodentia,Octodontidae,Octodon,degus,-0.6852903070448263,38.92324979320565,-3727.984307889352,-6512.39244757889,4734.26894534594,428.6245147082449,-225.76243791941903,f_1,-0.015022873584506671,-0.09800426058038572,-0.06800401777390874
Ondatra zibethicus,Mammalia,Rodentia,Cricetidae,Ondatra,zibethicus,-0.07468790850035051,38.92324979320565,-2756.047650778884,216.10347744287705,-1994.1446024056083,-588.522102691723,179.2283583714183,f_1,0.5899496013257077,0.40443738383881966,0.4456577175456746
Ondatra zibethicus,Mammalia,Rodentia,Cricetidae,Ondatra,zibethicus,0.001993173823530478,38.92324979320565,-2756.047650778884,216.10347744287705,-1994.1446024056083,-588.522102691723,179.2283583714183,f_1,0.5546102852261641,0.4276844215586285,0.47338156968191347
Ondatra zibethicus,Mammalia,Rodentia,Cricetidae,Ondatra,zibethicus,0.04139268515822508,38.92324979320565,-2756.047650778884,216.10347744287705,-1994.1446024056083,-588.522102691723,179.2283583714183,f_1,0.7746629225378223,0.10702141488830441,0.49204982381040474
Onychomys torridus,Mammalia,Rodentia,Cricetidae,Onychomys,torridus,-1.7189666327522726,38.92324979320565,-2758.0116502138903,216.79871975347584,-2003.728412737407,-595.1126928034295,185.52164266823863,f_1,-0.7825160557860937,-0.8300513557271849,-0.7659224468520187
Panthera onca,Mammalia,Carnivora,Felidae,Panthera,onca,1.7024305364455252,38.92324979320565,-2756.047650778884,216.10347744287705,-1994.1446024056083,-588.522102691723,179.2283583714183,f_1,1.7953168066561203,1.8258866434977026,1.8192642674393746
Panthera tigris,Mammalia,Carnivora,Felidae,Panthera,tigris,2.13956426617585,38.92324979320565,-2756.047650778884,216.10347744287705,-1994.1446024056083,-588.522102691723,179.2283583714183,f_1,2.1266475762621018,2.140042520939077,2.1519946835991233
Paraxerus cepapi,Mammalia,Rodentia,Sciuridae,Paraxerus,cepapi,-0.6505282007856144,38.92324979320565,-2762.4552385025554,218.3717657788936,-2025.413014017376,-610.0258245105548,199.7655186548644,f_1,-0.09097914578884395,-0.012427567683498113,-0.008514434057361964
Perodicticus potto,Mammalia,Primates,Lorisidae,Perodicticus,potto,-0.030351159519274785,38.92324979320565,-3655.337037865597,-5944.340167150048,4120.696289745943,301.925623364948,-31.88199990414605,f_1,0.287801729930226,0.2940034010179112,0.3228003495212497
Perodicticus potto,Mammalia,Primates,Lorisidae,Perodicticus,potto,-0.01592296609716924,38.92324979320565,-3655.337037865597,-5944.340167150048,4120.696289745943,301.925623364948,-31.88199990414605,f_1,0.2610248339923974,0.30310678673746666,0.3287536362630674
Perodicticus potto,Mammalia,Primates,Lorisidae,Perodicticus,potto,0.00475115559100102,38.92324979320565,-3655.337037865597,-5944.340167150048,4120.696289745943,301.925623364948,-31.88199990414605,f_1,0.3159703454569177,0.2934591119515172,0.3148241589781262
Peromyscus gossypinus,Mammalia,Rodentia,Cricetidae,Peromyscus,gossypinus,-1.6675615400843946,38.92324979320565,-2758.0116502138903,216.79871975347584,-2003.728412737407,-595.1126928034295,185.52164266823863,f_1,-0.6861327796308466,-0.7909236547221281,-0.7272282802307357
Petaurus breviceps,Mammalia,Diprotodontia,Petauridae,Petaurus,breviceps,-0.8961962790440431,38.92324979320565,-2756.047650778884,216.10347744287705,-1994.1446024056083,-588.522102691723,179.2283583714183,f_1,-0.29929628285498067,-0.21224720645132944,-0.17363712189144231
Petaurus breviceps,Mammalia,Diprotodontia,Petauridae,Petaurus,breviceps,-0.8924508702553138,38.92324979320565,-2756.047650778884,216.10347744287705,-1994.1446024056083,-588.522102691723,179.2283583714183,f_1,-0.3010299956639812,-0.20939633647675415,-0.17078625191686703
Petaurus breviceps,Mammalia,Diprotodontia,Petauridae,Petaurus,breviceps,-0.8860566476931632,38.92324979320565,-2756.047650778884,216.10347744287705,-1994.1446024056083,-588.522102691723,179.2283583714183,f_1,-0.28232949699773785,-0.2045292850702316,-0.16591920051034448
Petaurus breviceps,Mammalia,Diprotodontia,Petauridae,Petaurus,breviceps,-0.8787685448503789,38.92324979320565,-2756.047650778884,216.10347744287705,-1994.1446024056083,-588.522102691723,179.2283583714183,f_1,-0.2628073572952627,-0.19898184425986298,-0.1629724221102351
Phoca vitulina,Mammalia,Carnivora,Phocidae,Phoca,vitulina,1.437750562820388,38.92324979320565,-2756.047650778884,216.10347744287705,-1994.1446024056083,-588.522102691723,179.2283583714183,f_1,1.8650447216930992,1.7122959381737302,1.5933222118629522
Phyllostomus elongatus,Mammalia,Chiroptera,Phyllostomidae,Phyllostomus,elongatus,-1.448550002027125,38.92324979320565,-2756.047650778884,216.10347744287705,-1994.1446024056083,-588.522102691723,179.2283583714183,f_1,-0.6655462488490691,-0.6273892517037454,-0.5872708983606003
Procavia capensis,Mammalia,Hyracoidea,Procaviidae,Procavia,capensis,0.3521825181113625,38.92324979320565,-3655.337037865597,-5944.340167150048,4120.696289745943,301.925623364948,-31.88199990414605,f_1,0.7007902213743469,0.5388253124767595,0.4684560032090377
Procavia capensis,Mammalia,Hyracoidea,Procaviidae,Procavia,capensis,0.38021124171160603,38.92324979320565,-3655.337037865597,-5944.340167150048,4120.696289745943,301.925623364948,-31.88199990414605,f_1,0.5660837841679959,0.5627688197817147,0.5110352500106062
Procavia capensis,Mammalia,Hyracoidea,Procaviidae,Procavia,capensis,0.43933269383026263,38.92324979320565,-3655.337037865597,-5944.340167150048,4120.696289745943,301.925623364948,-31.88199990414605,f_1,0.8180278418592563,0.6155048382328414,0.5887986543447985
Propithecus verreauxi,Mammalia,Primates,Indriidae,Propithecus,verreauxi,0.5250448070368452,38.92324979320565,-3655.337037865597,-5944.340167150048,4120.696289745943,301.925623364948,-31.88199990414605,f_1,0.5726392970428132,0.6623494448424577,0.6339303698858068
Pseudantechinus macdonnellensis,Mammalia,Dasyuromorphia,Dasyuridae,Pseudantechinus,macdonnellensis,-1.3655227298392685,38.92324979320565,-2756.047650778884,216.10347744287705,-1994.1446024056083,-588.522102691723,179.2283583714183,f_1,-0.8181564120552275,-0.5671328018989077,-0.5195914229237499
Pseudocheirus peregrinus,Mammalia,Diprotodontia,Pseudocheiridae,Pseudocheirus,peregrinus,-0.08196966321511988,38.92324979320565,-2756.047650778884,216.10347744287705,-1994.1446024056083,-588.522102691723,179.2283583714183,f_1,0.3443922736851107,0.3996185168523537,0.44011510870120696
Pseudocheirus peregrinus,Mammalia,Diprotodontia,Pseudocheiridae,Pseudocheirus,peregrinus,-0.07831352451639793,38.92324979320565,-2756.047650778884,216.10347744287705,-1994.1446024056083,-588.522102691723,179.2283583714183,f_1,0.3412366232386923,0.4024014376567354,0.44289802950558865
Pseudocheirus peregrinus,Mammalia,Diprotodontia,Pseudocheiridae,Pseudocheirus,peregrinus,-0.06499684854634524,38.92324979320565,-2756.047650778884,216.10347744287705,-1994.1446024056083,-588.522102691723,179.2283583714183,f_1,0.35831564008219585,0.41282097829943387,0.45303420257123994
Pseudocheirus peregrinus,Mammalia,Diprotodontia,Pseudocheiridae,Pseudocheirus,peregrinus,-0.0381045263321496,38.92324979320565,-2756.047650778884,216.10347744287705,-1994.1446024056083,-588.522102691723,179.2283583714183,f_1,0.3805730030668873,0.4311325271339367,0.47350366752731055
Pseudomys gracilicaudatus,Mammalia,Rodentia,Muridae,Pseudomys,gracilicaudatus,-1.0979971086492706,38.92324979320565,-2756.047650778884,216.10347744287705,-1994.1446024056083,-588.522102691723,179.2283583714183,f_1,-0.33068311943388784,-0.3663301336302039,-0.3193236347304489
Pseudomys hermannsburgensis,Mammalia,Rodentia,Muridae,Pseudomys,hermannsburgensis,-1.9136401693252554,38.92324979320565,-2756.047650778884,216.10347744287705,-1994.1446024056083,-588.522102691723,179.2283583714183,f_1,-0.8860566476931632,-0.977925278891196,-0.9358489147899327
Pteropus hypomelanus,Mammalia,Chiroptera,Pteropodidae,Pteropus,hypomelanus,-0.2833290244398645,38.92324979320565,-2756.047650778884,216.10347744287705,-1994.1446024056083,-588.522102691723,179.2283583714183,f_1,0.20897851727625352,0.21157563853084468,0.26059060432459225
Raphicerus campestris,Mammalia,Artiodactyla,Bovidae,Raphicerus,campestris,0.9822712330395684,38.92324979320565,-2756.047650778884,216.10347744287705,-1994.1446024056083,-588.522102691723,179.2283583714183,f_1,1.3142675986287224,1.141980098132352,1.2080840599041736
Rattus colletti,Mammalia,Rodentia,Muridae,Rattus,colletti,-0.7806774915806632,38.92324979320565,-2756.047650778884,216.10347744287705,-1994.1446024056083,-588.522102691723,179.2283583714183,f_1,-0.16367588429324828,-0.12431847523520445,-0.08135398080183176
Rattus norvegicus,Mammalia,Rodentia,Muridae,Rattus,norvegicus,-0.7958800173440752,38.92324979320565,-2756.047650778884,216.10347744287705,-1994.1446024056083,-588.522102691723,179.2283583714183,f_1,0.06781451116184012,-0.1358900890913577,-0.08805429330500725
Rattus norvegicus,Mammalia,Rodentia,Muridae,Rattus,norvegicus,-0.7958800173440752,38.92324979320565,-2756.047650778884,216.10347744287705,-1994.1446024056083,-588.522102691723,179.2283583714183,f_1,0.12678057701200895,-0.1358900890913577,-0.08805429330500725
Rattus norvegicus,Mammalia,Rodentia,Muridae,Rattus,norvegicus,-0.769551078621726,38.92324979320565,-2756.047650778884,216.10347744287705,-1994.1446024056083,-588.522102691723,179.2283583714183,f_1,-0.023191662661933767,-0.11584945131322022,-0.07288495687984753
Rattus norvegicus,Mammalia,Rodentia,Muridae,Rattus,norvegicus,-0.769551078621726,38.92324979320565,-2756.047650778884,216.10347744287705,-1994.1446024056083,-588.522102691723,179.2283583714183,f_1,-0.017728766960431602,-0.11584945131322022,-0.07288495687984753
Rattus norvegicus,Mammalia,Rodentia,Muridae,Rattus,norvegicus,-0.6478174818886375,38.92324979320565,-2756.047650778884,216.10347744287705,-1994.1446024056083,-588.522102691723,179.2283583714183,f_1,0.17782497186468177,-0.023190231612623118,0.035664041554003045
Rattus norvegicus,Mammalia,Rodentia,Muridae,Rattus,norvegicus,-0.6020599913279624,38.92324979320565,-2756.047650778884,216.10347744287705,-1994.1446024056083,-588.522102691723,179.2283583714183,f_1,0.3205616801952366,0.011638718525980314,0.08640892941433576
Rattus norvegicus,Mammalia,Rodentia,Muridae,Rattus,norvegicus,-0.4089353929735008,38.92324979320565,-2756.047650778884,216.10347744287705,-1994.1446024056083,-588.522102691723,179.2283583714183,f_1,0.3789426986134373,0.12004922521146283,0.1498817130387704
Rattus sordidus,Mammalia,Rodentia,Muridae,Rattus,sordidus,-0.7281583934635011,38.92324979320565,-2756.047650778884,216.10347744287705,-1994.1446024056083,-588.522102691723,179.2283583714183,f_1,-0.22548303427145044,-0.08434283349362937,-0.041378339060256675
Rhinophylla fischerae,Mammalia,Chiroptera,Phyllostomidae,Rhinophylla,fischerae,-2.0222763947111524,38.92324979320565,-2756.047650778884,216.10347744287705,-1994.1446024056083,-588.522102691723,179.2283583714183,f_1,-1.0409586076789064,-1.0502680491380554,-1.0161311958149155
Rousettus amplexicaudatus,Mammalia,Chiroptera,Pteropodidae,Rousettus,amplexicaudatus,-1.0385789059335517,38.92324979320565,-2756.047650778884,216.10347744287705,-1994.1446024056083,-588.522102691723,179.2283583714183,f_1,-0.23507701535011155,-0.3206237225533719,-0.2793824952580035
Saccostomus campestris,Mammalia,Rodentia,Nesomyidae,Saccostomus,campestris,-1.212539525481585,38.92324979320565,-3727.984307889352,-6512.39244757889,4734.26894534594,428.6245147082449,-225.76243791941903,f_1,-0.5421181032660077,-0.493044115267111,-0.4748849615934694
Saccostomus campestris,Mammalia,Rodentia,Nesomyidae,Saccostomus,campestris,-1.1209041204999273,38.92324979320565,-3727.984307889352,-6512.39244757889,4734.26894534594,428.6245147082449,-225.76243791941903,f_1,-0.583359492661719,-0.4241342353388129,-0.4142247739354179
Scalopus aquaticus,Mammalia,Soricomorpha,Talpidae,Scalopus,aquaticus,-1.3187587626244128,38.92324979320565,-2756.047650778884,216.10347744287705,-1994.1446024056083,-588.522102691723,179.2283583714183,f_1,-0.4225082001627747,-0.5315377580612268,-0.4856115979042568
Scapanus latimanus,Mammalia,Soricomorpha,Talpidae,Scapanus,latimanus,-1.214670164989233,38.92324979320565,-2756.047650778884,216.10347744287705,-1994.1446024056083,-588.522102691723,179.2283583714183,f_1,-0.37161106994968846,-0.45230927475474797,-0.4033709715223117
Scotinomys xerampelinus,Mammalia,Rodentia,Cricetidae,Scotinomys,xerampelinus,-1.8181564120552274,38.92324979320565,-2758.0116502138903,216.79871975347584,-2003.728412737407,-595.1126928034295,185.52164266823863,f_1,-0.7495799976911061,-0.9055510353483986,-0.8501916535509073
Sekeetamys calurus,Mammalia,Rodentia,Muridae,Sekeetamys,calurus,-1.2448877336049289,38.92324979320565,-3727.984307889352,-6512.39244757889,4734.26894534594,428.6245147082449,-225.76243791941903,f_1,-0.6055483191737837,-0.5176664036399217,-0.49950724996628004
Sekeetamys calurus,Mammalia,Rodentia,Muridae,Sekeetamys,calurus,-1.1475200063631437,38.92324979320565,-3727.984307889352,-6512.39244757889,4734.26894534594,428.6245147082449,-225.76243791941903,f_1,-0.518557371497695,-0.44355360427832946,-0.4313675549922096
Sminthopsis macroura,Mammalia,Dasyuromorphia,Dasyuridae,Sminthopsis,macroura,-1.7133190306450699,38.92324979320565,-2756.047650778884,216.10347744287705,-1994.1446024056083,-588.522102691723,179.2283583714183,f_1,-0.8996294548824371,-0.8278789470110361,-0.7802399550836183
Sminthopsis macroura,Mammalia,Dasyuromorphia,Dasyuridae,Sminthopsis,macroura,-1.6575773191777938,38.92324979320565,-2756.047650778884,216.10347744287705,-1994.1446024056083,-588.522102691723,179.2283583714183,f_1,-0.8827287043442357,-0.7854503683117782,-0.73638559602843
Sorex araneus,Mammalia,Soricomorpha,Soricidae,Sorex,araneus,-2.0942041196321317,38.92324979320565,-2756.047650778884,216.10347744287705,-1994.1446024056083,-588.522102691723,179.2283583714183,f_1,-0.4736607226101559,-1.0824469310995586,-1.0111827729111815
Sorex araneus,Mammalia,Soricomorpha,Soricidae,Sorex,araneus,-2.0604807473813813,38.92324979320565,-2756.047650778884,216.10347744287705,-1994.1446024056083,-588.522102691723,179.2283583714183,f_1,-0.4424927980943421,-1.0678869798111081,-1.0031141912812358
Spalacopus cyanus,Mammalia,Rodentia,Octodontidae,Spalacopus,cyanus,-0.9605858808238629,38.92324979320565,-3727.984307889352,-6512.39244757889,4734.26894534594,428.6245147082449,-225.76243791941903,f_1,-0.28399665636520083,-0.3021057781929337,-0.2908364684839557
Spalacopus cyanus,Mammalia,Rodentia,Octodontidae,Spalacopus,cyanus,-0.8696662315049939,38.92324979320565,-3727.984307889352,-6512.39244757889,4734.26894534594,428.6245147082449,-225.76243791941903,f_1,-0.22475374025976358,-0.23834455899047693,-0.2225759141886987
Spalacopus cyanus,Mammalia,Rodentia,Octodontidae,Spalacopus,cyanus,-0.8664610916297825,38.92324979320565,-3727.984307889352,-6512.39244757889,4734.26894534594,428.6245147082449,-225.76243791941903,f_1,-0.24412514432750865,-0.2359049222111618,-0.22013627740938357
Spilocuscus maculatus,Mammalia,Diprotodontia,Phalangeridae,Spilocuscus,maculatus,0.6283889300503115,38.92324979320565,-2756.047650778884,216.10347744287705,-1994.1446024056083,-588.522102691723,179.2283583714183,f_1,0.7898626300463817,0.8417010670434687,0.9003100684336881
Spilocuscus maculatus,Mammalia,Diprotodontia,Phalangeridae,Spilocuscus,maculatus,0.6283889300503115,38.92324979320565,-2756.047650778884,216.10347744287705,-1994.1446024056083,-588.522102691723,179.2283583714183,f_1,0.8046845149069404,0.8417010670434687,0.9003100684336881
Suncus etruscus,Mammalia,Soricomorpha,Soricidae,Suncus,etruscus,-2.619788758288394,38.92324979320565,-2756.047650778884,216.10347744287705,-1994.1446024056083,-588.522102691723,179.2283583714183,f_1,-1.0969100130080565,-1.454027134109349,-1.44306094337754
Suncus etruscus,Mammalia,Soricomorpha,Soricidae,Suncus,etruscus,-2.6020599913279625,38.92324979320565,-2756.047650778884,216.10347744287705,-1994.1446024056083,-588.522102691723,179.2283583714183,f_1,-1.3010299956639813,-1.4405326366419886,-1.4022390722863318
Tadarida brasiliensis,Mammalia,Chiroptera,Molossidae,Tadarida,brasiliensis,-1.9829666607012197,38.92324979320565,-2764.627306005197,219.14067844833644,-2036.0124944536992,-617.3152347165119,206.72728029932367,f_1,-0.9208187539523752,-1.032174171078645,-1.0753818534355672
Tadarida brasiliensis,Mammalia,Chiroptera,Molossidae,Tadarida,brasiliensis,-1.7721132953863266,38.92324979320565,-2764.627306005197,219.14067844833644,-2036.0124944536992,-617.3152347165119,206.72728029932367,f_1,-0.9469215565165803,-0.880201606605781,-0.928742055330968
Tamias amoenus,Mammalia,Rodentia,Sciuridae,Tamias,amoenus,-1.2781893847874535,38.92324979320565,-2762.4552385025554,218.3717657788936,-2025.413014017376,-610.0258245105548,199.7655186548644,f_1,-0.36653154442041347,-0.4907555402288659,-0.4867061985105732
Tamias amoenus,Mammalia,Rodentia,Sciuridae,Tamias,amoenus,-1.243363891754152,38.92324979320565,-2762.4552385025554,218.3717657788936,-2025.413014017376,-610.0258245105548,199.7655186548644,f_1,-0.27002571430044436,-0.464247632003419,-0.46019829028512627
Tamias amoenus,Mammalia,Rodentia,Sciuridae,Tamias,amoenus,-1.24184537803261,38.92324979320565,-2762.4552385025554,218.3717657788936,-2025.413014017376,-610.0258245105548,199.7655186548644,f_1,-0.26760624017703144,-0.46309179417131063,-0.4590424524530179
Tupaia glis,Mammalia,Scandentia,Tupaiidae,Tupaia,glis,-0.9100948885606021,38.92324979320565,-3655.337037865597,-5944.340167150048,4120.696289745943,301.925623364948,-31.88199990414605,f_1,-0.28232949699773785,-0.27408343387474055,-0.3583066495557987
Urocitellus parryii,Mammalia,Rodentia,Sciuridae,Urocitellus,parryii,-0.18708664335714442,38.92324979320565,-2762.4552385025554,218.3717657788936,-2025.413014017376,-610.0258245105548,199.7655186548644,f_1,0.4625477288026641,0.2890762499995426,0.26717193056954236
Urocitellus undulatus,Mammalia,Rodentia,Sciuridae,Urocitellus,undulatus,-0.3010299956639812,38.92324979320565,-2762.4552385025554,218.3717657788936,-2025.413014017376,-610.0258245105548,199.7655186548644,f_1,0.44544851426604987,0.20389087554910845,0.19624159799917607
Urocitellus undulatus,Mammalia,Rodentia,Sciuridae,Urocitellus,undulatus,-0.16749108729376366,38.92324979320565,-2762.4552385025554,218.3717657788936,-2025.413014017376,-610.0258245105548,199.7655186548644,f_1,0.5706596700215341,0.30359312804775723,0.288783964710142
Urocitellus undulatus,Mammalia,Rodentia,Sciuridae,Urocitellus,undulatus,0.0,38.92324979320565,-2762.4552385025554,218.3717657788936,-2025.413014017376,-610.0258245105548,199.7655186548644,f_1,0.6532125137753437,0.4212692032664556,0.4388331817755329
Urogale everetti,Mammalia,Scandentia,Tupaiidae,Urogale,everetti,-0.5840255886234341,38.92324979320565,-3655.337037865597,-5944.340167150048,4120.696289745943,301.925623364948,-31.88199990414605,f_1,0.09691001300805642,-0.030668475953173492,-0.08366918385362254
Vampyressa pusilla,Mammalia,Chiroptera,Phyllostomidae,Vampyressa,pusilla,-2.0555173278498313,38.92324979320565,-2756.047650778884,216.10347744287705,-1994.1446024056083,-588.522102691723,179.2283583714183,f_1,-0.9829666607012196,-1.0641090040247805,-0.9993362154949081
Vulpes lagopus,Mammalia,Carnivora,Canidae,Vulpes,lagopus,0.5563025007672873,38.92324979320565,-2756.047650778884,216.10347744287705,-1994.1446024056083,-588.522102691723,179.2283583714183,f_1,0.8845121591903939,0.7759603462438314,0.852001113010294
Vulpes velox,Mammalia,Carnivora,Canidae,Vulpes,velox,0.2477278329097231,38.92324979320565,-2756.047650778884,216.10347744287705,-1994.1446024056083,-588.522102691723,179.2283583714183,f_1,0.6944296909570831,0.5773115057538016,0.6416731832325129
Vulpes zerda,Mammalia,Carnivora,Canidae,Vulpes,zerda,0.04375512696867949,38.92324979320565,-2756.047650778884,216.10347744287705,-1994.1446024056083,-588.522102691723,179.2283583714183,f_1,0.34830486304816066,0.10719160069894856,0.4938480292411105
Vulpes zerda,Mammalia,Carnivora,Canidae,Vulpes,zerda,0.08457627793433102,38.92324979320565,-2756.047650778884,216.10347744287705,-1994.1446024056083,-588.522102691723,179.2283583714183,f_1,0.5121505369220305,0.457689229036535,0.5346073971975083
Zaedyus pichiy,Mammalia,Cingulata,Dasypodidae,Zaedyus,pichiy,0.24054924828259971,38.92324979320565,-3655.337037865597,-5944.340167150048,4120.696289745943,301.925623364948,-31.88199990414605,f_1,0.3408405498123316,0.4855957008573974,0.44991480511567084
Gerbillus nanus,Mammalia,Rodentia,Muridae,Gerbillus,nanus,-1.5466816599529623,37.90614707118819,-3727.984307889352,-6512.39244757889,4734.26894534594,428.6245147082449,-225.76243791941903,f_1,-0.9098595623657868,-0.6249102275404133,-0.6513901336409407
Erinaceus concolor,Mammalia,Eulipotyphla,Erinaceidae,Erinaceus,concolor,-0.08475850269380561,38.34451321937638,-2756.047650778884,216.10347744287705,-1994.1446024056083,-588.522102691723,179.2283583714183,f_1,0.28528144316456117,0.4462530678282102,0.48064365749077487
Miniopterus schreibersii,Mammalia,Chiroptera,Miniopteridae,Miniopterus,schreibersii,-1.9621752494116582,37.66012307591843,-2764.627306005197,219.14067844833644,-2036.0124944536992,-617.3152347165119,206.72728029932367,f_1,-0.8408707974584536,-0.8950239748039641,-0.9119459183172718
Vulpes lagopus,Mammalia,Carnivora,Canidae,Vulpes,lagopus,0.5563025007672873,40.62652520862686,-2756.047650778884,216.10347744287705,-1994.1446024056083,-588.522102691723,179.2283583714183,f_1,0.8827142276202253,0.5905634053401809,0.6118756088278039
Elephantulus brachyrhynchus,Mammalia,Macroscelidea,Macroscelididae,Elephantulus,brachyrhynchus,-1.3439017979871681,37.66012307591843,-3655.337037865597,-5944.340167150048,4120.696289745943,301.925623364948,-31.88199990414605,f_1,-0.6146919966882108,-0.4183820041155966,-0.5456783001541738
Octodon degus,Mammalia,Rodentia,Octodontidae,Octodon,degus,-0.6861327796308466,38.15540662779636,-3727.984307889352,-6512.39244757889,4734.26894534594,428.6245147082449,-225.76243791941903,f_1,0.027077663819781096,-0.003954648442989508,0.004155300323825273
Mustela erminea,Mammalia,Carnivora,Mustelidae,Mustela,erminea,-1.3872161432802645,38.28126975373334,-2756.047650778884,216.10347744287705,-1994.1446024056083,-588.522102691723,179.2283583714183,f_1,-0.12493873660829995,-0.5132027238056731,-0.4962041943356512
Mustela erminea,Mammalia,Carnivora,Mustelidae,Mustela,erminea,-1.3467874862246563,38.28126975373334,-2756.047650778884,216.10347744287705,-1994.1446024056083,-588.522102691723,179.2283583714183,f_1,-0.048986460690873784,-0.48537080218704065,-0.4797123235990117
Mustela erminea,Mammalia,Carnivora,Mustelidae,Mustela,erminea,-1.1870866433571443,38.28126975373334,-2756.047650778884,216.10347744287705,-1994.1446024056083,-588.522102691723,179.2283583714183,f_1,-0.14266750356873156,-0.3638122852060903,-0.3534272737713722
Mustela erminea,Mammalia,Carnivora,Mustelidae,Mustela,erminea,-1.0969100130080565,38.28126975373334,-2756.047650778884,216.10347744287705,-1994.1446024056083,-588.522102691723,179.2283583714183,f_1,-0.0058295436607236975,-0.3027406878749651,-0.29126244606671037
Mustela erminea,Mammalia,Carnivora,Mustelidae,Mustela,erminea,-1.0705810742857071,38.28126975373334,-2756.047650778884,216.10347744287705,-1994.1446024056083,-588.522102691723,179.2283583714183,f_1,0.15432251429351063,-0.2827000500968272,-0.2758201278190595
Mustela erminea,Mammalia,Carnivora,Mustelidae,Mustela,erminea,-0.9393021596463883,38.28126975373334,-2756.047650778884,216.10347744287705,-1994.1446024056083,-588.522102691723,179.2283583714183,f_1,0.01703333929878037,-0.1822958590096862,-0.1834943379401679
Neurotrichus gibbsii,Mammalia,Eulipotyphla,Talpidae,Neurotrichus,gibbsii,-1.9281179926938745,38.47800704855525,-2756.047650778884,216.10347744287705,-1994.1446024056083,-588.522102691723,179.2283583714183,f_1,-0.5878942759716064,-0.9301925427200763,-0.9351635533441605
Genetta tigrina,Mammalia,Carnivora,Viverridae,Genetta,tigrina,0.22993768590793387,38.79313697424123,-2756.047650778884,216.10347744287705,-1994.1446024056083,-588.522102691723,179.2283583714183,f_1,0.6181178572908156,0.580411845523068,0.615747909541508
Scalopus aquaticus,Mammalia,Eulipotyphla,Talpidae,Scalopus,aquaticus,-1.3187587626244128,38.79313697424123,-2756.047650778884,216.10347744287705,-1994.1446024056083,-588.522102691723,179.2283583714183,f_1,-0.42481215507233894,-0.5261094866277483,-0.4979956673601902
Spalacopus cyanus,Mammalia,Rodentia,Octodontidae,Spalacopus,cyanus,-0.7328282715969862,38.72840622674541,-3727.984307889352,-6512.39244757889,4734.26894534594,428.6245147082449,-225.76243791941903,f_1,-0.09047368540985107,-0.11442551497329942,-0.09791334462019297
Monodelphis brevicaudata,Mammalia,Didelphimorphia,Didelphidae,Monodelphis,brevicaudata,-0.9546770212133425,37.84434021146017,-2756.047650778884,216.10347744287705,-1994.1446024056083,-588.522102691723,179.2283583714183,f_1,-0.3744589128225147,-0.14107601760148264,-0.1865523078749729
Marmosa robinsoni,Mammalia,Didelphimorphia,Didelphidae,Marmosa,robinsoni,-0.9136401693252518,37.7827345786888,-2756.047650778884,216.10347744287705,-1994.1446024056083,-588.522102691723,179.2283583714183,f_1,-0.26404642941081125,-0.10290334749290796,-0.16409778104907113
Pseudantechinus macdonnellensis,Mammalia,Dasyuromorphia,Dasyuridae,Pseudantechinus,macdonnellensis,-1.3655227298392685,37.758148449143526,-2756.047650778884,216.10347744287705,-1994.1446024056083,-588.522102691723,179.2283583714183,f_1,-0.8159398112730434,-0.43532114517691767,-0.4868516185813503
Antechinus flavipes,Mammalia,Dasyuromorphia,Dasyuridae,Antechinus,flavipes,-1.332547047110046,37.64790567994894,-2756.047650778884,216.10347744287705,-1994.1446024056083,-588.522102691723,179.2283583714183,f_1,-0.5972611084461937,-0.4023668382219183,-0.45658788709370457
Dasycercus cristicauda,Mammalia,Dasyuromorphia,Dasyuridae,Dasycercus,cristicauda,-1.0515870342213989,37.33301246853551,-2756.047650778884,216.10347744287705,-1994.1446024056083,-588.522102691723,179.2283583714183,f_1,-0.5878195522133522,-0.13572852727357756,-0.1606829235992968
Dasyurus viverrinus,Mammalia,Dasyuromorphia,Dasyuridae,Dasyurus,viverrinus,-0.04100633496967404,37.45349984135635,-2756.047650778884,216.10347744287705,-1994.1446024056083,-588.522102691723,179.2283583714183,f_1,0.3585693167727632,0.5895957115195208,0.5426531131416448
Dasyurus maculatus,Mammalia,Dasyuromorphia,Dasyuridae,Dasyurus,maculatus,0.25090769970085597,37.42934018978959,-2756.047650778884,216.10347744287705,-1994.1446024056083,-588.522102691723,179.2283583714183,f_1,0.5159473968462275,0.6760084244796994,0.7227283771910172
Sminthopsis macroura,Mammalia,Dasyuromorphia,Dasyuridae,Sminthopsis,macroura,-1.6575773191777938,37.79503965427215,-2756.047650778884,216.10347744287705,-1994.1446024056083,-588.522102691723,179.2283583714183,f_1,-0.88420464283157,-0.6596923183369524,-0.705466127358851
Isoodon macrourus,Mammalia,Peramelemorphia,Peramelidae,Isoodon,macrourus,0.19061179781360493,37.55045114332394,-2756.047650778884,216.10347744287705,-1994.1446024056083,-588.522102691723,179.2283583714183,f_1,0.549888396496128,0.596088729708658,0.6410918740880454
Spilocuscus maculatus,Mammalia,Diprotodontia,Phalangeridae,Spilocuscus,maculatus,0.6283889300503115,37.70907205798298,-2756.047650778884,216.10347744287705,-1994.1446024056083,-588.522102691723,179.2283583714183,f_1,0.7543759454958537,0.8197926755998624,0.9394497260529238
Petaurus breviceps,Mammalia,Diprotodontia,Petauridae,Petaurus,breviceps,-0.8924508702553138,37.48979785444763,-2756.047650778884,216.10347744287705,-1994.1446024056083,-588.522102691723,179.2283583714183,f_1,-0.3058824984583933,-0.04995922357383335,-0.10792213580873966
Lagorchestes conspicillatus,Mammalia,Diprotodontia,Macropodidae,Lagorchestes,conspicillatus,0.424881636631067,37.53830479005099,-2756.047650778884,216.10347744287705,-1994.1446024056083,-588.522102691723,179.2283583714183,f_1,0.6764395619534496,0.7190604483677968,0.8224320013860336
Limnogale mergulus,Mammalia,Afrosoricida,Tenrecidae,Limnogale,mergulus,-1.1095789811990857,37.96815614540901,-3655.337037865597,-5944.340167150048,4120.696289745943,301.925623364948,-31.88199990414605,f_1,-0.3949344985323125,-0.29806528541238075,-0.41313214051971414
Macroscelides proboscideus,Mammalia,Macroscelidea,Macroscelididae,Macroscelides,proboscideus,-1.4111682744057938,37.165626664032864,-3655.337037865597,-5944.340167150048,4120.696289745943,301.925623364948,-31.88199990414605,f_1,-0.5392691614685069,-0.4181324124567979,-0.5605147931980334
Heterohyrax brucei,Mammalia,Hyracoidea,Procaviidae,Heterohyrax,brucei,0.3010299956639812,37.32100635421856,-3655.337037865597,-5944.340167150048,4120.696289745943,301.925623364948,-31.88199990414605,f_1,0.6038657921912247,0.6729270917490213,0.5918136140519776
Zaedyus pichiy,Mammalia,Cingulata,Dasypodidae,Zaedyus,pichiy,0.24054924828259971,37.635696208348506,-3655.337037865597,-5944.340167150048,4120.696289745943,301.925623364948,-31.88199990414605,f_1,0.3489535479811639,0.5511508891921325,0.5317539036796111
Tupaia glis,Mammalia,Scandentia,Tupaiidae,Tupaia,glis,-0.9100948885606021,37.41727204850641,-3655.337037865597,-5944.340167150048,4120.696289745943,301.925623364948,-31.88199990414605,f_1,-0.28214465150360746,-0.07677042111560094,-0.2199670503527018
Loris tardigradus,Mammalia,Primates,Lorisidae,Loris,tardigradus,-0.5800442515102421,37.53830479005099,-3655.337037865597,-5944.340167150048,4120.696289745943,301.925623364948,-31.88199990414605,f_1,-0.17972554371077532,0.141966515005668,0.07835049043813158
Tamias amoenus,Mammalia,Rodentia,Sciuridae,Tamias,amoenus,-1.24184537803261,37.41727204850641,-2762.4552385025554,218.3717657788936,-2025.413014017376,-610.0258245105548,199.7655186548644,f_1,-0.26850077083706125,-0.3074739145520309,-0.3241417506808175
Ammospermophilus leucurus,Mammalia,Rodentia,Sciuridae,Ammospermophilus,leucurus,-1.0177287669604316,37.46559136672885,-2762.4552385025554,218.3717657788936,-2025.413014017376,-610.0258245105548,199.7655186548644,f_1,-0.2574494243575806,-0.15502353325771576,-0.2220339807544076
Paraxerus cepapi,Mammalia,Rodentia,Sciuridae,Paraxerus,cepapi,-0.6505282007856144,37.12401447806866,-2762.4552385025554,218.3717657788936,-2025.413014017376,-610.0258245105548,199.7655186548644,f_1,-0.09091964931886896,0.191146842837582,0.18241243826703313
Graphiurus ocularis,Mammalia,Rodentia,Gliridae,Graphiurus,ocularis,-1.1687703061329366,37.72132919175772,-2762.4552385025554,218.3717657788936,-2025.413014017376,-610.0258245105548,199.7655186548644,f_1,-0.43245085980020154,-0.29710405650596555,-0.3384683102050319
Microdipodops pallidus,Mammalia,Rodentia,Heteromyidae,Microdipodops,pallidus,-1.8181564120552274,37.14183685659869,-3727.984307889352,-6512.39244757889,4734.26894534594,428.6245147082449,-225.76243791941903,f_1,-0.9542425094393249,-0.7497055412798669,-0.7419313784570218
Chaetodipus intermedius,Mammalia,Rodentia,Heteromyidae,Chaetodipus,intermedius,-1.8356471442155629,37.64790567994894,-3727.984307889352,-6512.39244757889,4734.26894534594,428.6245147082449,-225.76243791941903,f_1,-1.0649408069330146,-0.8343866541734367,-0.8675101018834943
Chaetodipus baileyi,Mammalia,Rodentia,Heteromyidae,Chaetodipus,baileyi,-1.5361070110140926,37.96815614540901,-3727.984307889352,-6512.39244757889,4734.26894534594,428.6245147082449,-225.76243791941903,f_1,-0.7112044607530306,-0.6170522988421087,-0.6303405261265795
Geomys pinetis,Mammalia,Rodentia,Geomyidae,Geomys,pinetis,-0.6989700043360187,37.50191283194138,-3727.984307889352,-6512.39244757889,4734.26894534594,428.6245147082449,-225.76243791941903,f_1,-0.10145764075877708,0.03246866669186135,0.00795953905357627
Saccostomus campestris,Mammalia,Rodentia,Nesomyidae,Saccostomus,campestris,-1.212539525481585,37.56260535958654,-3727.984307889352,-6512.39244757889,4734.26894534594,428.6245147082449,-225.76243791941903,f_1,-0.543465276062115,-0.35155309005910074,-0.38801873396676534
Cricetomys gambianus,Mammalia,Rodentia,Nesomyidae,Cricetomys,gambianus,0.2720505749886116,37.58693741164133,-3727.984307889352,-6512.39244757889,4734.26894534594,428.6245147082449,-225.76243791941903,f_1,0.8039121125280652,0.5887988536497046,0.6661322890200094
Microtus agrestis,Mammalia,Rodentia,Cricetidae,Microtus,agrestis,-1.5528419686577808,37.345026310037845,-2757.7344390476355,216.7005758957281,-2002.375402282432,-594.1819529922352,184.6319096616944,f_1,-0.44909253111941894,-0.4987774236478497,-0.49606013108181735
Chionomys nivalis,Mammalia,Rodentia,Cricetidae,Chionomys,nivalis,-1.4259687322722812,37.28503429990124,-2756.047650778884,216.10347744287705,-1994.1446024056083,-588.522102691723,179.2283583714183,f_1,-0.1833904977971807,-0.3963574944569295,-0.42259678965123504
Arvicola amphibius,Mammalia,Rodentia,Cricetidae,Arvicola,amphibius,-1.0109953843014632,37.35704788618787,-2756.047650778884,216.10347744287705,-1994.1446024056083,-588.522102691723,179.2283583714183,f_1,-0.20027664357416455,-0.10975627178282901,-0.14103852149437124
Ondatra zibethicus,Mammalia,Rodentia,Cricetidae,Ondatra,zibethicus,0.001993173823530478,37.369077204457454,-2756.047650778884,216.10347744287705,-1994.1446024056083,-588.522102691723,179.2283583714183,f_1,0.5546237414991331,0.6061824068136947,0.5954150616874134
Scotinomys xerampelinus,Mammalia,Rodentia,Cricetidae,Scotinomys,xerampelinus,-1.8181564120552274,37.47769070190299,-2758.0116502138903,216.79871975347584,-2003.728412737407,-595.1126928034295,185.52164266823863,f_1,-0.7501225267834003,-0.7351096987475658,-0.7783869959663532
Auliscomys boliviensis,Mammalia,Rodentia,Cricetidae,Auliscomys,boliviensis,-1.114638779968488,37.50191283194138,-2756.047650778884,216.10347744287705,-1994.1446024056083,-588.522102691723,179.2283583714183,f_1,-0.20994952631664862,-0.21779719379345322,-0.2714453247476811
Gerbillus nanus,Mammalia,Rodentia,Muridae,Gerbillus,nanus,-1.5466816599529638,37.201368571387285,-3727.984307889352,-6512.39244757889,4734.26894534594,428.6245147082449,-225.76243791941903,f_1,-0.9030899869919435,-0.5488052569065025,-0.5817661003819743
Gerbilliscus afra,Mammalia,Rodentia,Muridae,Gerbilliscus,afra,-0.9726503922252435,37.56260535958654,-3727.984307889352,-6512.39244757889,4734.26894534594,428.6245147082449,-225.76243791941903,f_1,0.007178584627123376,-0.17085150721517983,-0.21181629358775078
Meriones tristrami,Mammalia,Rodentia,Muridae,Meriones,tristrami,-0.9507819773298184,37.47769070190299,-3727.984307889352,-6512.39244757889,4734.26894534594,428.6245147082449,-225.76243791941903,f_1,-0.2596373105057562,-0.1429252028393852,-0.1819898312624817
Pseudomys hermannsburgensis,Mammalia,Rodentia,Muridae,Pseudomys,hermannsburgensis,-1.9136401693252554,37.32700844594488,-2756.047650778884,216.10347744287705,-1994.1446024056083,-588.522102691723,179.2283583714183,f_1,-0.88420464283157,-0.7712318096583136,-0.8010688140244082
Pseudomys gracilicaudatus,Mammalia,Rodentia,Muridae,Pseudomys,gracilicaudatus,-1.0979971086492706,37.369077204457454,-2756.047650778884,216.10347744287705,-1994.1446024056083,-588.522102691723,179.2283583714183,f_1,-0.3309932190414245,-0.17718572883818232,-0.19931152621908743
Rattus colletti,Mammalia,Rodentia,Muridae,Rattus,colletti,-0.7806774915806632,37.514035641972725,-2756.047650778884,216.10347744287705,-1994.1446024056083,-588.522102691723,179.2283583714183,f_1,-0.16536739366390812,0.030824923572592595,-0.02389709188339806
Rattus sordidus,Mammalia,Rodentia,Muridae,Rattus,sordidus,-0.7281583934635011,37.55045114332394,-2756.047650778884,216.10347744287705,-1994.1446024056083,-588.522102691723,179.2283583714183,f_1,-0.22588872741809643,0.06544619870104708,0.0071378164724047455
Cavia porcellus,Mammalia,Rodentia,Caviidae,Cavia,porcellus,-0.20134935455473107,37.17753299966126,-3727.984307889352,-6512.39244757889,4734.26894534594,428.6245147082449,-225.76243791941903,f_1,0.2856823038228267,0.4800628533580167,0.4039117809134596
Spalacopus cyanus,Mammalia,Rodentia,Octodontidae,Spalacopus,cyanus,-0.8664610916297825,37.48979785444763,-3727.984307889352,-6512.39244757889,4734.26894534594,428.6245147082449,-225.76243791941903,f_1,-0.24454863971153298,-0.09143484856618536,-0.12280991053211787
Octodon degus,Mammalia,Rodentia,Octodontidae,Octodon,degus,-0.6861327796308466,37.345026310037845,-3727.984307889352,-6512.39244757889,4734.26894534594,428.6245147082449,-225.76243791941903,f_1,0.0291582287412134,0.06763101715491297,0.05636469693727819
Ochotona princeps,Mammalia,Lagomorpha,Ochotonidae,Ochotona,princeps,-0.9625735020593764,37.04698140732406,-2763.255529574752,218.65506910344635,-2029.3183574529687,-612.7115835407451,202.3305566585364,f_1,-0.031257693730442015,-0.03047037179445017,-0.055755488597295955
Lepus americanus,Mammalia,Lagomorpha,Leporidae,Lepus,americanus,0.19783169332890285,37.08249536936975,-2763.255529574752,218.65506910344627,-2029.3183574529687,-612.7115835407454,202.3305566585363,f_1,0.8251735895077427,0.7391904658597009,0.7720270833571006
Lepus townsendii,Mammalia,Lagomorpha,Leporidae,Lepus,townsendii,0.38560627359831223,37.27305901989485,-2763.255529574752,218.65506910344627,-2029.3183574529687,-612.7115835407454,202.3305566585363,f_1,0.8480179664544435,0.8569837788539046,0.8316207002370504
Erinaceus concolor,Mammalia,Erinaceomorpha,Erinaceidae,Erinaceus,concolor,-0.08475850269380554,37.635696208348506,-2756.047650778884,216.10347744287705,-1994.1446024056083,-588.522102691723,179.2283583714183,f_1,0.2869302773307221,0.5258873360968295,0.4754583631863709
Crocidura hildegardeae,Mammalia,Soricomorpha,Soricidae,Crocidura,hildegardeae,-2.0,37.574767446476486,-2756.047650778884,216.10347744287705,-1994.1446024056083,-588.522102691723,179.2283583714183,f_1,-0.8402991571324883,-0.8912852147424228,-0.9648007779857588
Crocidura luna,Mammalia,Soricomorpha,Soricidae,Crocidura,luna,-1.9281179926938745,37.68458167184368,-2756.047650778884,216.10347744287705,-1994.1446024056083,-588.522102691723,179.2283583714183,f_1,-0.8573324964312684,-0.846355106390983,-0.910528959087415
Notiosorex crawfordi,Mammalia,Soricomorpha,Soricidae,Notiosorex,crawfordi,-2.3979400086720375,37.345026310037845,-2756.047650778884,216.10347744287705,-1994.1446024056083,-588.522102691723,179.2283583714183,f_1,-1.1413291527964695,-1.1054361225749219,-1.1693842817657352
Scalopus aquaticus,Mammalia,Soricomorpha,Talpidae,Scalopus,aquaticus,-1.3187587626244128,37.53830479005099,-2756.047650778884,216.10347744287705,-1994.1446024056083,-588.522102691723,179.2283583714183,f_1,-0.42276359239706984,-0.3757564866854173,-0.4334830225521853
Neurotrichus gibbsii,Mammalia,Soricomorpha,Talpidae,Neurotrichus,gibbsii,-1.9281179926938745,37.249131522530135,-2756.047650778884,216.10347744287705,-1994.1446024056083,-588.522102691723,179.2283583714183,f_1,-0.5878195522133522,-0.7629668348616538,-0.8150802370937522
Melonycteris melanops,Mammalia,Chiroptera,Pteropodidae,Melonycteris,melanops,-1.2732727909734278,37.67234840397423,-2756.047650778884,216.10347744287705,-1994.1446024056083,-588.522102691723,179.2283583714183,f_1,-0.6167832481486688,-0.3552828289554738,-0.4022249936271589
Rousettus amplexicaudatus,Mammalia,Chiroptera,Pteropodidae,Rousettus,amplexicaudatus,-1.0385789059335517,37.47769070190299,-2756.047650778884,216.10347744287705,-1994.1446024056083,-588.522102691723,179.2283583714183,f_1,-0.23408320603336796,-0.15773224013297263,-0.21642347615721236
Dobsonia praedatrix,Mammalia,Chiroptera,Pteropodidae,Dobsonia,praedatrix,-0.745935547085662,37.40521168684694,-2756.047650778884,216.10347744287705,-1994.1446024056083,-588.522102691723,179.2283583714183,f_1,-0.09691001300805645,0.08171189903097216,0.07125348593436653
Pteropus hypomelanus,Mammalia,Chiroptera,Pteropodidae,Pteropus,hypomelanus,-0.2833290244398645,37.574767446476486,-2756.047650778884,216.10347744287705,-1994.1446024056083,-588.522102691723,179.2283583714183,f_1,0.21159511525080338,0.36181679882968126,0.30701534660751717
Aselliscus tricuspidatus,Mammalia,Chiroptera,Hipposideridae,Aselliscus,tricuspidatus,-2.3767507096020997,37.514035641972725,-2756.047650778884,216.10347744287705,-1994.1446024056083,-588.522102691723,179.2283583714183,f_1,-1.4101744650890502,-1.1308584052119677,-1.2213221330943176
Phyllostomus elongatus,Mammalia,Chiroptera,Phyllostomidae,Phyllostomus,elongatus,-1.448550002027125,37.574767446476486,-2756.047650778884,216.10347744287705,-1994.1446024056083,-588.522102691723,179.2283583714183,f_1,-0.664207898076807,-0.47749609114804936,-0.5420939159861131
Chrotopterus auritus,Mammalia,Chiroptera,Phyllostomidae,Chrotopterus,auritus,-1.0172766123314552,37.39315909729101,-2756.047650778884,216.10347744287705,-1994.1446024056083,-588.522102691723,179.2283583714183,f_1,-0.24454863971153298,-0.12067567746764518,-0.14252708937066672
Rhinophylla fischerae,Mammalia,Chiroptera,Phyllostomidae,Rhinophylla,fischerae,-2.0222763947111524,37.69682288726413,-2756.047650778884,216.10347744287705,-1994.1446024056083,-588.522102691723,179.2283583714183,f_1,-1.0377885608894002,-0.9125919355518101,-0.9721477962040543
Mormoops megalophylla,Mammalia,Chiroptera,Mormoopidae,Mormoops,megalophylla,-1.7825160557860937,37.42934018978959,-2756.047650778884,216.10347744287705,-1994.1446024056083,-588.522102691723,179.2283583714183,f_1,-0.8661064207387736,-0.7059843429925889,-0.7642775563297644
Eumops perotis,Mammalia,Chiroptera,Molossidae,Eumops,perotis,-1.2518119729937995,37.85668545374087,-2764.627306005197,219.14067844833644,-2036.0124944536992,-617.3152347165119,206.72728029932367,f_1,-0.6532125137753437,-0.38575196604680084,-0.45164549717208624
Myotis vivesi,Mammalia,Chiroptera,Vespertilionidae,Myotis,vivesi,-1.6020599913279623,37.53830479005099,-2764.627306005197,219.14067844833644,-2036.0124944536992,-617.3152347165119,206.72728029932367,f_1,-0.698970004336019,-0.609783396429304,-0.7071439039518346
Miniopterus schreibersii,Mammalia,Chiroptera,Vespertilionidae,Miniopterus,schreibersii,-1.9625735020593764,37.33301246853551,-2764.627306005197,219.14067844833644,-2036.0124944536992,-617.3152347165119,206.72728029932367,f_1,-0.8402991571324883,-0.8293478024949861,-0.9158884314004196
Panthera tigris,Mammalia,Carnivora,Felidae,Panthera,tigris,2.13956426617585,37.41727204850641,-2756.047650778884,216.10347744287705,-1994.1446024056083,-588.522102691723,179.2283583714183,f_1,2.126573308800703,2.2379454272254957,2.2656156293915473
Arctictis binturong,Mammalia,Carnivora,Viverridae,Arctictis,binturong,1.1547282074401555,37.45349984135635,-2756.047650778884,216.10347744287705,-1994.1446024056083,-588.522102691723,179.2283583714183,f_1,0.7987657055815633,1.71213403960287,1.6534210021112958
Genetta tigrina,Mammalia,Carnivora,Viverridae,Genetta,tigrina,0.23854788768132784,37.23717929037145,-2756.047650778884,216.10347744287705,-1994.1446024056083,-588.522102691723,179.2283583714183,f_1,0.6283889300503115,0.7064361732648851,0.7678695346233575
Vulpes zerda,Mammalia,Carnivora,Canidae,Vulpes,zerda,0.04375512696867949,37.35704788618787,-2756.047650778884,216.10347744287705,-1994.1446024056083,-588.522102691723,179.2283583714183,f_1,0.3467874862246563,0.31154029920203785,0.6128680975941756
Vulpes macrotis,Mammalia,Carnivora,Canidae,Vulpes,macrotis,0.27137687189407456,37.29701727733975,-2756.047650778884,216.10347744287705,-1994.1446024056083,-588.522102691723,179.2283583714183,f_1,0.7185478192493775,0.7044399857759778,0.7881105240484075
Phoca vitulina,Mammalia,Carnivora,Phocidae,Phoca,vitulina,1.9317984599400464,37.45349984135635,-2756.047650778884,216.10347744287705,-1994.1446024056083,-588.522102691723,179.2283583714183,f_1,2.200706134693995,2.0680039336055462,2.0605932691081885
Enhydra lutris,Mammalia,Carnivora,Mustelidae,Enhydra,lutris,1.255272505103306,37.28503429990124,-2756.047650778884,216.10347744287705,-1994.1446024056083,-588.522102691723,179.2283583714183,f_1,1.85907154950651,1.8305111486433938,1.584038172031513
Ailurus fulgens,Mammalia,Carnivora,Ailuridae,Ailurus,fulgens,0.7589118923979735,37.345026310037845,-2756.047650778884,216.10347744287705,-1994.1446024056083,-588.522102691723,179.2283583714183,f_1,0.6901960800285137,1.0418154239417998,1.146295562973867
Alces americanus,Mammalia,Artiodactyla,Cervidae,Alces,americanus,2.5440680443502757,37.22523472604414,-2756.047650778884,216.10347744287705,-1994.1446024056083,-588.522102691723,179.2283583714183,f_1,2.5030162078260685,2.589079108917488,2.597319376942014
Raphicerus campestris,Mammalia,Artiodactyla,Bovidae,Raphicerus,campestris,0.9294189257142927,37.12995337016242,-2756.047650778884,216.10347744287705,-1994.1446024056083,-588.522102691723,179.2283583714183,f_1,1.2613289664232281,1.2171039493739728,1.3402261812398568
Acomys russatus,Mammalia,Rodentia,Muridae,Acomys,russatus,-1.2915790998652872,38.92324979320565,-2756.047650778884,216.10347744287705,-1994.1446024056083,-588.522102691723,179.2283583714183,f_2,-0.638272163982407,-0.5257168831431863,-0.48665309475832363
Acomys russatus,Mammalia,Rodentia,Muridae,Acomys,russatus,-1.2553159367231144,38.92324979320565,-2756.047650778884,216.10347744287705,-1994.1446024056083,-588.522102691723,179.2283583714183,f_2,-0.6216020990518624,-0.49715483152888523,-0.45655461421564736
Acomys russatus,Mammalia,Rodentia,Muridae,Acomys,russatus,-1.2218487496163564,38.92324979320565,-2756.047650778884,216.10347744287705,-1994.1446024056083,-588.522102691723,179.2283583714183,f_2,-0.6003262785189618,-0.4707949819542346,-0.4301947646409967
Acomys spinosissimus,Mammalia,Rodentia,Muridae,Acomys,spinosissimus,-1.5683146553139882,38.92324979320565,-2756.047650778884,216.10347744287705,-1994.1446024056083,-588.522102691723,179.2283583714183,f_2,-0.6090648928966209,-0.7224584860209065,-0.7023450272165828
Antechinomys laniger,Mammalia,Dasyuromorphia,Dasyuridae,Antechinomys,laniger,-1.6161846340195687,38.92324979320565,-2756.047650778884,216.10347744287705,-1994.1446024056083,-588.522102691723,179.2283583714183,f_2,-0.8794260687941501,-0.7518006823539969,-0.7259281388504049
Antechinomys laniger,Mammalia,Dasyuromorphia,Dasyuridae,Antechinomys,laniger,-1.58838029403677,38.92324979320565,-2756.047650778884,216.10347744287705,-1994.1446024056083,-588.522102691723,179.2283583714183,f_2,-0.8507808873446201,-0.7299010761178628,-0.7181493796010414
Antechinomys laniger,Mammalia,Dasyuromorphia,Dasyuridae,Antechinomys,laniger,-1.5622494371796136,38.92324979320565,-2756.047650778884,216.10347744287705,-1994.1446024056083,-588.522102691723,179.2283583714183,f_2,-0.8239087409443188,-0.7148466553180104,-0.697567863329174
Antechinus swainsonii,Mammalia,Dasyuromorphia,Dasyuridae,Antechinus,swainsonii,-1.174573882232177,38.92324979320565,-2756.047650778884,216.10347744287705,-1994.1446024056083,-588.522102691723,179.2283583714183,f_2,-0.4546928835341759,-0.4342039914235963,-0.38807035983713045
Apodemus hermonensis,Mammalia,Rodentia,Muridae,Apodemus,hermonensis,-1.6882461389442456,38.92324979320565,-2756.047650778884,216.10347744287705,-1994.1446024056083,-588.522102691723,179.2283583714183,f_2,-0.5543957967264024,-0.8071176536073607,-0.7779656245431921
Apodemus hermonensis,Mammalia,Rodentia,Muridae,Apodemus,hermonensis,-1.6840296545430822,38.92324979320565,-2756.047650778884,216.10347744287705,-1994.1446024056083,-588.522102691723,179.2283583714183,f_2,-0.549750891680639,-0.8037966127862727,-0.7746445837221041
Apodemus mystacinus,Mammalia,Rodentia,Muridae,Apodemus,mystacinus,-1.393618634889395,38.92324979320565,-2756.047650778884,216.10347744287705,-1994.1446024056083,-588.522102691723,179.2283583714183,f_2,-0.5058454059815573,-0.5836068895665553,-0.5554191265364417
Apodemus mystacinus,Mammalia,Rodentia,Muridae,Apodemus,mystacinus,-1.3736596326249577,38.92324979320565,-2756.047650778884,216.10347744287705,-1994.1446024056083,-588.522102691723,179.2283583714183,f_2,-0.40450377817442584,-0.5873020361631704,-0.5436468197169588
Artibeus fimbriatus,Mammalia,Chiroptera,Phyllostomidae,Artibeus,fimbriatus,-1.1944991418415998,38.92324979320565,-2756.047650778884,216.10347744287705,-1994.1446024056083,-588.522102691723,179.2283583714183,f_2,-0.3615107430453627,-0.44925353765631476,-0.4037641450472471
Artibeus jamaicensis,Mammalia,Chiroptera,Phyllostomidae,Artibeus,jamaicensis,-1.344861565188618,38.92324979320565,-2756.047650778884,216.10347744287705,-1994.1446024056083,-588.522102691723,179.2283583714183,f_2,-0.368556230986828,-0.567683892991048,-0.5286201046061854
Artibeus jamaicensis,Mammalia,Chiroptera,Phyllostomidae,Artibeus,jamaicensis,-1.3279021420642825,38.92324979320565,-2756.047650778884,216.10347744287705,-1994.1446024056083,-588.522102691723,179.2283583714183,f_2,-0.5228787452803376,-0.554326097458239,-0.5152623090733763
Bassariscus sumichrasti,Mammalia,Carnivora,Procyonidae,Bassariscus,sumichrasti,0.10720996964786837,38.92324979320565,-2756.047650778884,216.10347744287705,-1994.1446024056083,-588.522102691723,179.2283583714183,f_2,0.5486350598147516,0.5136776576697144,0.5428943439794109
Bathyergus janetta,Mammalia,Rodentia,Bathyergidae,Bathyergus,janetta,-0.39147396642280585,38.92324979320565,-3727.984307889352,-6512.39244757889,4734.26894534594,428.6245147082449,-225.76243791941903,f_2,0.07954300740290607,0.11264980019104856,0.11531695208663528
Bathyergus suillus,Mammalia,Rodentia,Bathyergidae,Bathyergus,suillus,-0.20760831050174613,38.92324979320565,-3727.984307889352,-6512.39244757889,4734.26894534594,428.6245147082449,-225.76243791941903,f_2,0.229169702539101,0.2574894009180074,0.2896074749057129
Bathyergus suillus,Mammalia,Rodentia,Bathyergidae,Bathyergus,suillus,-0.14752000636314366,38.92324979320565,-3727.984307889352,-6512.39244757889,4734.26894534594,428.6245147082449,-225.76243791941903,f_2,0.28035069304600563,0.30474571891911895,0.32849367995797274
Bettongia penicillata,Mammalia,Diprotodontia,Potoroidae,Bettongia,penicillata,0.007747778000739948,38.92324979320565,-2756.047650778884,216.10347744287705,-1994.1446024056083,-588.522102691723,179.2283583714183,f_2,0.4958217533859058,0.45627942792122883,0.4907984658701663
Cabassous centralis,Mammalia,Cingulata,Dasypodidae,Cabassous,centralis,0.5809249756756193,38.92324979320565,-3655.337037865597,-5944.340167150048,4120.696289745943,301.925623364948,-31.88199990414605,f_2,0.6558104944952523,0.886763231200332,0.9400005228034939
Cabassous centralis,Mammalia,Cingulata,Dasypodidae,Cabassous,centralis,0.6364878963533654,38.92324979320565,-3655.337037865597,-5944.340167150048,4120.696289745943,301.925623364948,-31.88199990414605,f_2,0.7089305358066162,0.872742253638902,0.8254490838660746
Caluromys derbianus,Mammalia,Didelphimorphia,Didelphidae,Caluromys,derbianus,-0.48280410205002566,38.92324979320565,-2756.047650778884,216.10347744287705,-1994.1446024056083,-588.522102691723,179.2283583714183,f_2,0.09864372581705691,0.07618981617885418,0.0831368390507472
Caluromys derbianus,Mammalia,Didelphimorphia,Didelphidae,Caluromys,derbianus,-0.4473317838878068,38.92324979320565,-2756.047650778884,216.10347744287705,-1994.1446024056083,-588.522102691723,179.2283583714183,f_2,0.05499586152914153,0.10412897245863101,0.11157067313679714
Canis latrans,Mammalia,Carnivora,Canidae,Canis,latrans,1.0,38.92324979320565,-2756.047650778884,216.10347744287705,-1994.1446024056083,-588.522102691723,179.2283583714183,f_2,1.1758016328482794,1.2213085199863927,1.2320586337751478
Canis latrans,Mammalia,Carnivora,Canidae,Canis,latrans,1.0128372247051722,38.92324979320565,-2756.047650778884,216.10347744287705,-1994.1446024056083,-588.522102691723,179.2283583714183,f_2,1.4008314491162253,1.2277139412041866,1.2421696512055909
Chaetodipus penicillatus,Mammalia,Rodentia,Heteromyidae,Chaetodipus,penicillatus,-1.7958800173440752,38.92324979320565,-3727.984307889352,-6512.39244757889,4734.26894534594,428.6245147082449,-225.76243791941903,f_2,-0.9030899869919435,-0.9674242558411689,-0.9591720544985101
Cheirogaleus medius,Mammalia,Primates,Cheirogaleidae,Cheirogaleus,medius,-0.5228787452803376,38.92324979320565,-3655.337037865597,-5944.340167150048,4120.696289745943,301.925623364948,-31.88199990414605,f_2,0.03662889536216113,0.0034233138574171415,-0.07556634350022406
Chinchilla lanigera,Mammalia,Rodentia,Chinchillidae,Chinchilla,lanigera,-0.39469495385889053,38.92324979320565,-3727.984307889352,-6512.39244757889,4734.26894534594,428.6245147082449,-225.76243791941903,f_2,0.19700472802304578,0.11209310506784714,0.11277999718731269
Chinchilla lanigera,Mammalia,Rodentia,Chinchillidae,Chinchilla,lanigera,-0.37059040089728107,38.92324979320565,-3727.984307889352,-6512.39244757889,4734.26894534594,428.6245147082449,-225.76243791941903,f_2,0.048053173115609055,0.12909837843812924,0.13176553033371596
Chinchilla lanigera,Mammalia,Rodentia,Chinchillidae,Chinchilla,lanigera,-0.3142582613977364,38.92324979320565,-3727.984307889352,-6512.39244757889,4734.26894534594,428.6245147082449,-225.76243791941903,f_2,0.10720996964786837,0.17102972352660367,0.19111948937133683
Choloepus hoffmanni,Mammalia,Pilosa,Megalonychidae,Choloepus,hoffmanni,0.5763413502057929,38.92324979320565,-3655.337037865597,-5944.340167150048,4120.696289745943,301.925623364948,-31.88199990414605,f_2,0.5268559871258746,0.8156299267793845,0.9363903096862175
Choloepus hoffmanni,Mammalia,Pilosa,Megalonychidae,Choloepus,hoffmanni,0.6031443726201823,38.92324979320565,-3655.337037865597,-5944.340167150048,4120.696289745943,301.925623364948,-31.88199990414605,f_2,0.5901728315963143,0.9042639539001452,0.7991866356031903
Choloepus hoffmanni,Mammalia,Pilosa,Megalonychidae,Choloepus,hoffmanni,0.6283889300503115,38.92324979320565,-3655.337037865597,-5944.340167150048,4120.696289745943,301.925623364948,-31.88199990414605,f_2,0.6532125137753437,0.8694189498444107,0.8190700735005588
Chrysochloris asiatica,Mammalia,Afrosoricida,Chrysochloridae,Chrysochloris,asiatica,-1.4814860601221125,38.92324979320565,-3655.337037865597,-5944.340167150048,4120.696289745943,301.925623364948,-31.88199990414605,f_2,-0.6575773191777937,-0.7256682982497555,-0.8044630707496696
Chrysochloris asiatica,Mammalia,Afrosoricida,Chrysochloridae,Chrysochloris,asiatica,-1.4685210829577449,38.92324979320565,-3655.337037865597,-5944.340167150048,4120.696289745943,301.925623364948,-31.88199990414605,f_2,-0.6420651529995461,-0.7154566588101654,-0.7942514313100795
Chrysochloris asiatica,Mammalia,Afrosoricida,Chrysochloridae,Chrysochloris,asiatica,-1.3565473235138126,38.92324979320565,-3655.337037865597,-5944.340167150048,4120.696289745943,301.925623364948,-31.88199990414605,f_2,-0.5421181032660077,-0.6315019042649831,-0.704082435216421
Colobus guereza,Mammalia,Primates,Cercopithecidae,Colobus,guereza,1.0191162904470727,38.92324979320565,-3655.337037865597,-5944.340167150048,4120.696289745943,301.925623364948,-31.88199990414605,f_2,1.2204480650703182,1.1628912952181187,1.1088809851667705
Colobus guereza,Mammalia,Primates,Cercopithecidae,Colobus,guereza,1.0334237554869496,38.92324979320565,-3655.337037865597,-5944.340167150048,4120.696289745943,301.925623364948,-31.88199990414605,f_2,1.2423426210246433,1.1778298871433495,1.120150011901604
Condylura cristata,Mammalia,Soricomorpha,Talpidae,Condylura,cristata,-1.3098039199714864,38.92324979320565,-2756.047650778884,216.10347744287705,-1994.1446024056083,-588.522102691723,179.2283583714183,f_2,-0.21112488422458328,-0.5400713466656818,-0.5010075582808191
Conilurus penicillatus,Mammalia,Rodentia,Muridae,Conilurus,penicillatus,-0.6712127996454653,38.92324979320565,-2756.047650778884,216.10347744287705,-1994.1446024056083,-588.522102691723,179.2283583714183,f_2,-0.04191415147891488,-0.052237530379924,-0.006378189616017105
Crocidura viaria,Mammalia,Soricomorpha,Soricidae,Crocidura,viaria,-1.832682665251824,38.92324979320565,-2756.047650778884,216.10347744287705,-1994.1446024056083,-588.522102691723,179.2283583714183,f_2,-0.9100948885606021,-0.9176307301498076,-0.8936878364651475
Crocidura viaria,Mammalia,Soricomorpha,Soricidae,Crocidura,viaria,-1.8153085691824011,38.92324979320565,-2756.047650778884,216.10347744287705,-1994.1446024056083,-588.522102691723,179.2283583714183,f_2,-0.8927900303521317,-0.9062582206656198,-0.9011073718820681
Ctenomys australis,Mammalia,Rodentia,Ctenomyidae,Ctenomys,australis,-0.46852108295774486,38.92324979320565,-3727.984307889352,-6512.39244757889,4734.26894534594,428.6245147082449,-225.76243791941903,f_2,-0.18708664335714442,0.058188134845935366,0.04878605854851448
Ctenomys maulinus,Mammalia,Rodentia,Ctenomyidae,Ctenomys,maulinus,-0.6675615400843947,38.92324979320565,-3727.984307889352,-6512.39244757889,4734.26894534594,428.6245147082449,-225.76243791941903,f_2,0.01870049866624337,-0.07644987532103803,-0.04143851171816171
Dasyprocta leporina,Mammalia,Rodentia,Dasyproctidae,Dasyprocta,leporina,0.42926766643316844,38.92324979320565,-3727.984307889352,-6512.39244757889,4734.26894534594,428.6245147082449,-225.76243791941903,f_2,0.9392196358548183,0.6926306438493728,0.7534714460986647
Dicrostonyx groenlandicus,Mammalia,Rodentia,Cricetidae,Dicrostonyx,groenlandicus,-1.3279021420642825,38.92324979320565,-2756.047650778884,216.10347744287705,-1994.1446024056083,-588.522102691723,179.2283583714183,f_2,-0.28399665636520083,-0.554326097458239,-0.5152623090733763
Dicrostonyx groenlandicus,Mammalia,Rodentia,Cricetidae,Dicrostonyx,groenlandicus,-1.224608028303388,38.92324979320565,-2756.047650778884,216.10347744287705,-1994.1446024056083,-588.522102691723,179.2283583714183,f_2,-0.2588484011482149,-0.4729682799637947,-0.43236806265055683
Dicrostonyx groenlandicus,Mammalia,Rodentia,Cricetidae,Dicrostonyx,groenlandicus,-1.214670164989233,38.92324979320565,-2756.047650778884,216.10347744287705,-1994.1446024056083,-588.522102691723,179.2283583714183,f_2,-0.40782324260413316,-0.46514089425555044,-0.42454067694231257
Dicrostonyx groenlandicus,Mammalia,Rodentia,Cricetidae,Dicrostonyx,groenlandicus,-1.214670164989233,38.92324979320565,-2756.047650778884,216.10347744287705,-1994.1446024056083,-588.522102691723,179.2283583714183,f_2,-0.40340290437353976,-0.46514089425555044,-0.42454067694231257
Diphylla ecaudata,Mammalia,Chiroptera,Phyllostomidae,Diphylla,ecaudata,-1.5559552040819238,38.92324979320565,-2756.047650778884,216.10347744287705,-1994.1446024056083,-588.522102691723,179.2283583714183,f_2,-0.6675615400843947,-0.7118799914658961,-0.6926103197772273
Dipodomys nitratoides,Mammalia,Rodentia,Heteromyidae,Dipodomys,nitratoides,-1.4225082001627747,38.92324979320565,-3727.984307889352,-6512.39244757889,4734.26894534594,428.6245147082449,-225.76243791941903,f_2,-0.790484985457369,-0.6718239249031049,-0.636907210123695
Dipodomys nitratoides,Mammalia,Rodentia,Heteromyidae,Dipodomys,nitratoides,-1.4225082001627747,38.92324979320565,-3727.984307889352,-6512.39244757889,4734.26894534594,428.6245147082449,-225.76243791941903,f_2,-0.5900668766687055,-0.6718239249031049,-0.636907210123695
Dipodomys panamintinus,Mammalia,Rodentia,Heteromyidae,Dipodomys,panamintinus,-1.2448877336049289,38.92324979320565,-3727.984307889352,-6512.39244757889,4734.26894534594,428.6245147082449,-225.76243791941903,f_2,-0.42021640338318983,-0.5351876129568416,-0.4964101794326534
Dipodomys panamintinus,Mammalia,Rodentia,Heteromyidae,Dipodomys,panamintinus,-1.1924649719311469,38.92324979320565,-3727.984307889352,-6512.39244757889,4734.26894534594,428.6245147082449,-225.76243791941903,f_2,-0.3829996588791011,-0.49389773378054197,-0.4529895347884716
Echinops telfairi,Mammalia,Afrosoricida,Tenrecidae,Echinops,telfairi,-0.9340470196861304,38.92324979320565,-3655.337037865597,-5944.340167150048,4120.696289745943,301.925623364948,-31.88199990414605,f_2,-0.12493873660829995,-0.292339889478926,-0.36932192200649827
Elephas maximus,Mammalia,Proboscidea,Elephantidae,Elephas,maximus,3.564902672529205,38.92324979320565,-3655.337037865597,-5944.340167150048,4120.696289745943,301.925623364948,-31.88199990414605,f_2,3.368565785360332,3.0805047589888472,3.1000180486258317
Eligmodontia typus,Mammalia,Rodentia,Cricetidae,Eligmodontia,typus,-1.7569619513137056,38.92324979320565,-2756.047650778884,216.10347744287705,-1994.1446024056083,-588.522102691723,179.2283583714183,f_2,-0.7772835288524167,-0.8612404716285119,-0.8607641365829457
Equus asinus,Mammalia,Perissodactyla,Equidae,Equus,asinus,2.249198357391113,38.92324979320565,-2756.047650778884,216.10347744287705,-1994.1446024056083,-588.522102691723,179.2283583714183,f_2,2.217273326129321,2.231690310940575,2.277721630689799
Erinaceus europaeus,Mammalia,Erinaceomorpha,Erinaceidae,Erinaceus,europaeus,-0.12493873660829995,38.92324979320565,-2756.047650778884,216.10347744287705,-1994.1446024056083,-588.522102691723,179.2283583714183,f_2,0.2748503200166648,0.34908683797857876,0.4094442426709244
Erinaceus europaeus,Mammalia,Erinaceomorpha,Erinaceidae,Erinaceus,europaeus,0.07598468474411975,38.92324979320565,-2756.047650778884,216.10347744287705,-1994.1446024056083,-588.522102691723,179.2283583714183,f_2,0.4202858849419179,0.4842335202473588,0.503228090748099
Erinaceus europaeus,Mammalia,Erinaceomorpha,Erinaceidae,Erinaceus,europaeus,0.3010299956639812,38.92324979320565,-2756.047650778884,216.10347744287705,-1994.1446024056083,-588.522102691723,179.2283583714183,f_2,0.4638929889859073,0.6160000296176706,0.6982638639833239
Funisciurus anerythrus,Mammalia,Rodentia,Sciuridae,Funisciurus,anerythrus,-1.2006594505464183,38.92324979320565,-2762.4552385025554,218.3717657788936,-2025.413014017376,-610.0258245105548,199.7655186548644,f_2,-0.23657200643706275,-0.4501190203932605,-0.42074515453885764
Galago moholi,Mammalia,Primates,Galagidae,Galago,moholi,-0.769551078621726,38.92324979320565,-3655.337037865597,-5944.340167150048,4120.696289745943,301.925623364948,-31.88199990414605,f_2,-0.5451551399914898,-0.1643220640821779,-0.23839173914078837
Galea musteloides,Mammalia,Rodentia,Caviidae,Galea,musteloides,-0.4921441283041691,38.92324979320565,-3727.984307889352,-6512.39244757889,4734.26894534594,428.6245147082449,-225.76243791941903,f_2,0.16820274684263092,0.04186667187958511,0.027395248687223095
Galerella sanguinea,Mammalia,Carnivora,Herpestidae,Galerella,sanguinea,-0.3010299956639812,38.92324979320565,-2756.047650778884,216.10347744287705,-1994.1446024056083,-588.522102691723,179.2283583714183,f_2,0.32633586092875144,0.2101127759554153,0.2507681514511926
Galerella sanguinea,Mammalia,Carnivora,Herpestidae,Galerella,sanguinea,-0.26760624017703144,38.92324979320565,-2756.047650778884,216.10347744287705,-1994.1446024056083,-588.522102691723,179.2283583714183,f_2,0.3592661646067485,0.23410275129402233,0.2770937928636432
Geocapromys brownii,Mammalia,Rodentia,Capromyidae,Geocapromys,brownii,0.39022836246913006,38.92324979320565,-3727.984307889352,-6512.39244757889,4734.26894534594,428.6245147082449,-225.76243791941903,f_2,0.6138418218760693,0.6585044367089005,0.7227228153067055
Geocapromys ingrahami,Mammalia,Rodentia,Capromyidae,Geocapromys,ingrahami,-0.1106982974936897,38.92324979320565,-3727.984307889352,-6512.39244757889,4734.26894534594,428.6245147082449,-225.76243791941903,f_2,0.17114115102838207,0.3326497502769462,0.40212556207626826
Gerbillurus paeba,Mammalia,Rodentia,Muridae,Gerbillurus,paeba,-1.469800301796918,38.92324979320565,-3727.984307889352,-6512.39244757889,4734.26894534594,428.6245147082449,-225.76243791941903,f_2,-0.712198270069774,-0.7090727286692687,-0.6750313118236757
Heliophobius argenteocinereus,Mammalia,Rodentia,Bathyergidae,Heliophobius,argenteocinereus,-1.0555173278498313,38.92324979320565,-3727.984307889352,-6512.39244757889,4734.26894534594,428.6245147082449,-225.76243791941903,f_2,-0.37675070960209955,-0.3807097679800554,-0.36456072848050525
Heliophobius argenteocinereus,Mammalia,Rodentia,Bathyergidae,Heliophobius,argenteocinereus,-1.0506099933550872,38.92324979320565,-3727.984307889352,-6512.39244757889,4734.26894534594,428.6245147082449,-225.76243791941903,f_2,-0.3565473235138126,-0.3768445910626973,-0.36069555156314714
Hemicentetes semispinosus,Mammalia,Afrosoricida,Tenrecidae,Hemicentetes,semispinosus,-0.9918258159935736,38.92324979320565,-3655.337037865597,-5944.340167150048,4120.696289745943,301.925623364948,-31.88199990414605,f_2,-0.393618634889395,-0.33907878869469515,-0.41640891369247357
Hemicentetes semispinosus,Mammalia,Afrosoricida,Tenrecidae,Hemicentetes,semispinosus,-0.8761483590329142,38.92324979320565,-3655.337037865597,-5944.340167150048,4120.696289745943,301.925623364948,-31.88199990414605,f_2,-0.44611697335612566,-0.24828156350895794,-0.32484538002703345
Hemiechinus auritus,Mammalia,Erinaceomorpha,Erinaceidae,Hemiechinus,auritus,-0.40120949323688493,38.92324979320565,-2756.047650778884,216.10347744287705,-1994.1446024056083,-588.522102691723,179.2283583714183,f_2,-0.07468790850035051,0.13916017979946443,0.16429222645316233
Hemiechinus auritus,Mammalia,Erinaceomorpha,Erinaceidae,Hemiechinus,auritus,-0.3979400086720376,38.92324979320565,-2756.047650778884,216.10347744287705,-1994.1446024056083,-588.522102691723,179.2283583714183,f_2,-0.07160414774328619,0.14173533262127452,0.16686737927497242
Heteromys anomalus,Mammalia,Rodentia,Heteromyidae,Heteromys,anomalus,-1.1592667653881932,38.92324979320565,-3727.984307889352,-6512.39244757889,4734.26894534594,428.6245147082449,-225.76243791941903,f_2,-0.25103713874383854,-0.46839398106001373,-0.42684154309054523
Hystrix africaeaustralis,Mammalia,Rodentia,Hystricidae,Hystrix,africaeaustralis,1.0530784434834197,38.92324979320565,-3727.984307889352,-6512.39244757889,4734.26894534594,428.6245147082449,-225.76243791941903,f_2,1.1197506238845842,1.2635582742483928,1.252012081680911
Isthmomys pirrensis,Mammalia,Rodentia,Cricetidae,Isthmomys,pirrensis,-0.8604357338241503,38.92324979320565,-2758.0116502138903,216.79871975347584,-2003.728412737407,-595.1126928034295,185.52164266823863,f_2,-0.16941133131485567,-0.19706062735657343,-0.12752856476252794
Lama glama,Mammalia,Artiodactyla,Camelidae,Lama,glama,2.060697840353612,38.92324979320565,-2756.047650778884,216.10347744287705,-1994.1446024056083,-588.522102691723,179.2283583714183,f_2,2.1730113495073504,2.0885977767470845,2.1292524672073063
Leopardus wiedii,Mammalia,Carnivora,Felidae,Leopardus,wiedii,0.5563025007672873,38.92324979320565,-2756.047650778884,216.10347744287705,-1994.1446024056083,-588.522102691723,179.2283583714183,f_2,0.7182525000977505,0.8425586601038791,0.8859121231531442
Macroglossus minimus,Mammalia,Chiroptera,Pteropodidae,Macroglossus,minimus,-1.7986028756795485,38.92324979320565,-2756.047650778884,216.10347744287705,-1994.1446024056083,-588.522102691723,179.2283583714183,f_2,-0.9871627752948278,-0.8931002708692808,-0.8886540160421996
Manis javanica,Mammalia,Pholidota,Manidae,Manis,javanica,0.6253124509616739,38.92324979320565,-2756.047650778884,216.10347744287705,-1994.1446024056083,-588.522102691723,179.2283583714183,f_2,0.7944880466591696,0.9377009214522066,0.942205432685426
Marmota flaviventris,Mammalia,Rodentia,Sciuridae,Marmota,flaviventris,0.6329631681672611,38.92324979320565,-2762.4552385025554,218.3717657788936,-2025.413014017376,-610.0258245105548,199.7655186548644,f_2,0.9358094538099329,0.9689198543515718,0.9694524398119413
Martes americana,Mammalia,Carnivora,Mustelidae,Martes,americana,-0.045757490560675115,38.92324979320565,-2756.047650778884,216.10347744287705,-1994.1446024056083,-588.522102691723,179.2283583714183,f_2,0.5210072524086039,0.4224131232919396,0.4537028078099148
Martes americana,Mammalia,Carnivora,Mustelidae,Martes,americana,0.01619735351243906,38.92324979320565,-2756.047650778884,216.10347744287705,-1994.1446024056083,-588.522102691723,179.2283583714183,f_2,0.5865873046717549,0.44631819562843766,0.4776620638172119
Meles meles,Mammalia,Carnivora,Mustelidae,Meles,meles,1.0433622780211296,38.92324979320565,-2756.047650778884,216.10347744287705,-1994.1446024056083,-588.522102691723,179.2283583714183,f_2,1.2213359795338283,1.2910267861290208,1.3329478668533823
Metachirus nudicaudatus,Mammalia,Didelphimorphia,Didelphidae,Metachirus,nudicaudatus,-0.4736607226101559,38.92324979320565,-2756.047650778884,216.10347744287705,-1994.1446024056083,-588.522102691723,179.2283583714183,f_2,0.05842602445700536,0.08339144044055541,0.0931230009295656
Micaelamys namaquensis,Mammalia,Rodentia,Muridae,Micaelamys,namaquensis,-1.24184537803261,38.92324979320565,-2756.047650778884,216.10347744287705,-1994.1446024056083,-588.522102691723,179.2283583714183,f_2,-0.5702477199975919,-0.4865449795674546,-0.44594476225421675
Micaelamys namaquensis,Mammalia,Rodentia,Muridae,Micaelamys,namaquensis,-1.1924649719311469,38.92324979320565,-2756.047650778884,216.10347744287705,-1994.1446024056083,-588.522102691723,179.2283583714183,f_2,-0.4989407377822485,-0.4476513590006133,-0.40216196639154567
Micaelamys namaquensis,Mammalia,Rodentia,Muridae,Micaelamys,namaquensis,-1.1765257708296997,38.92324979320565,-2756.047650778884,216.10347744287705,-1994.1446024056083,-588.522102691723,179.2283583714183,f_2,-0.5331323796458906,-0.43574136262999735,-0.3896077310435315
Microcavia niata,Mammalia,Rodentia,Caviidae,Microcavia,niata,-0.5934598195660449,38.92324979320565,-3727.984307889352,-6512.39244757889,4734.26894534594,428.6245147082449,-225.76243791941903,f_2,-0.00877392430750515,-0.02683736928474394,0.0221223913132238
Microgale cowani,Mammalia,Afrosoricida,Tenrecidae,Microgale,cowani,-1.9136401693252554,38.92324979320565,-3655.337037865597,-5944.340167150048,4120.696289745943,301.925623364948,-31.88199990414605,f_2,-0.7471469690201068,-1.0648756139860034,-1.137975983861992
Microgale dobsoni,Mammalia,Afrosoricida,Tenrecidae,Microgale,dobsoni,-1.350665141287858,38.92324979320565,-3655.337037865597,-5944.340167150048,4120.696289745943,301.925623364948,-31.88199990414605,f_2,-0.5016894462103995,-0.6268689054368403,-0.6994494363882782
Microtus breweri,Mammalia,Rodentia,Cricetidae,Microtus,breweri,-1.274905478918531,38.92324979320565,-2756.047650778884,216.10347744287705,-1994.1446024056083,-588.522102691723,179.2283583714183,f_2,-0.3851027839668654,-0.5125841947394908,-0.47198397742625287
Microtus subterraneus,Mammalia,Rodentia,Cricetidae,Microtus,subterraneus,-1.749579997691106,38.92324979320565,-2756.047650778884,216.10347744287705,-1994.1446024056083,-588.522102691723,179.2283583714183,f_2,-0.5590909179347823,-0.8554262038671357,-0.8549498688215695
Microtus xanthognathus,Mammalia,Rodentia,Cricetidae,Microtus,xanthognathus,-1.1643094285075744,38.92324979320565,-2757.730240778641,216.6990895135561,-2002.354910798628,-594.1678562194163,184.6184319541485,f_2,-0.2596373105057561,-0.4224191677875101,-0.28959735341382253
Molossus molossus,Mammalia,Chiroptera,Molossidae,Molossus,molossus,-1.8068754016455384,38.92324979320565,-2764.627306005197,219.14067844833644,-2036.0124944536992,-617.3152347165119,206.72728029932367,f_2,-0.8996294548824371,-0.9038988897471075,-0.9160635733737303
Mus spretus,Mammalia,Rodentia,Muridae,Mus,spretus,-1.6615435063953952,38.92324979320565,-2756.047650778884,216.10347744287705,-1994.1446024056083,-588.522102691723,179.2283583714183,f_2,-0.4621809049267259,-0.7860857881270157,-0.7682752265625801
Myodes rufocanus,Mammalia,Rodentia,Cricetidae,Myodes,rufocanus,-1.5686362358410126,38.92324979320565,-2756.047650778884,216.10347744287705,-1994.1446024056083,-588.522102691723,179.2283583714183,f_2,-0.48017200622428124,-0.7227117733465327,-0.702598314542209
Myodes rufocanus,Mammalia,Rodentia,Cricetidae,Myodes,rufocanus,-1.5606673061697374,38.92324979320565,-2756.047650778884,216.10347744287705,-1994.1446024056083,-588.522102691723,179.2283583714183,f_2,-0.5086383061657274,-0.713600517263602,-0.6963217252747655
Myotomys sloggetti,Mammalia,Rodentia,Muridae,Myotomys,sloggetti,-0.9458084232035682,38.92324979320565,-2756.047650778884,216.10347744287705,-1994.1446024056083,-588.522102691723,179.2283583714183,f_2,-0.1272611725273312,-0.26646982450577217,-0.21347956666626833
Mystromys albicaudatus,Mammalia,Rodentia,Nesomyidae,Mystromys,albicaudatus,-1.0278897715971695,38.92324979320565,-3727.984307889352,-6512.39244757889,4734.26894534594,428.6245147082449,-225.76243791941903,f_2,-0.1505805862031006,-0.3589494023833809,-0.33170090456097046
Nandinia binotata,Mammalia,Carnivora,Nandiniidae,Nandinia,binotata,0.6304278750250238,38.92324979320565,-2756.047650778884,216.10347744287705,-1994.1446024056083,-588.522102691723,179.2283583714183,f_2,0.6825060859390112,0.9223621284385988,0.9462345077430434
Nandinia binotata,Mammalia,Carnivora,Nandiniidae,Nandinia,binotata,0.6304278750250238,38.92324979320565,-2756.047650778884,216.10347744287705,-1994.1446024056083,-588.522102691723,179.2283583714183,f_2,0.8083460357403949,0.9223621284385988,0.9462345077430434
Neomys anomalus,Mammalia,Soricomorpha,Soricidae,Neomys,anomalus,-1.8827287043442391,38.92324979320565,-2756.047650778884,216.10347744287705,-1994.1446024056083,-588.522102691723,179.2283583714183,f_2,-0.4282911681913124,-0.9558055842178527,-0.9394605848255166
Ningaui yvonnae,Mammalia,Dasyuromorphia,Dasyuridae,Ningaui,yvonnae,-1.9355420107730816,38.92324979320565,-2756.047650778884,216.10347744287705,-1994.1446024056083,-588.522102691723,179.2283583714183,f_2,-1.0555173278498313,-0.997190560544214,-0.9817074698611645
Noctilio leporinus,Mammalia,Chiroptera,Noctilionidae,Noctilio,leporinus,-1.214670164989233,38.92324979320565,-2756.047650778884,216.10347744287705,-1994.1446024056083,-588.522102691723,179.2283583714183,f_2,-0.3979400086720376,-0.46514089425555044,-0.42454067694231257
Notomys alexis,Mammalia,Rodentia,Muridae,Notomys,alexis,-1.4907974776688986,38.92324979320565,-2756.047650778884,216.10347744287705,-1994.1446024056083,-588.522102691723,179.2283583714183,f_2,-0.5985994592184559,-0.659473026587066,-0.6294706410718944
Notoryctes caurinus,Mammalia,Notoryctemorphia,Notoryctidae,Notoryctes,caurinus,-1.4685210829577449,38.92324979320565,-2756.047650778884,216.10347744287705,-1994.1446024056083,-588.522102691723,179.2283583714183,f_2,-0.9244530386074693,-0.6426025039143203,-0.6119250250696162
Nycticebus coucang,Mammalia,Primates,Lorisidae,Nycticebus,coucang,-0.02077040697784463,38.92324979320565,-3655.337037865597,-5944.340167150048,4120.696289745943,301.925623364948,-31.88199990414605,f_2,0.1112625136590653,0.3869563838919986,0.33232023195995386
Nycticebus coucang,Mammalia,Primates,Lorisidae,Nycticebus,coucang,0.06445798922691845,38.92324979320565,-3655.337037865597,-5944.340167150048,4120.696289745943,301.925623364948,-31.88199990414605,f_2,0.18269990333604255,0.43140338289784624,0.33741896487692846
Nycticebus coucang,Mammalia,Primates,Lorisidae,Nycticebus,coucang,0.11394335230683679,38.92324979320565,-3655.337037865597,-5944.340167150048,4120.696289745943,301.925623364948,-31.88199990414605,f_2,0.2380461031287954,0.47178702691538565,0.40995014970010857
Otolemur crassicaudatus,Mammalia,Primates,Galagidae,Otolemur,crassicaudatus,-0.022276394711152253,38.92324979320565,-3655.337037865597,-5944.340167150048,4120.696289745943,301.925623364948,-31.88199990414605,f_2,0.3613500243522664,0.3857702187689894,0.3311340668369447
Otolemur crassicaudatus,Mammalia,Primates,Galagidae,Otolemur,crassicaudatus,0.016615547557177382,38.92324979320565,-3655.337037865597,-5944.340167150048,4120.696289745943,301.925623364948,-31.88199990414605,f_2,0.4668676203541095,0.4001030210618428,0.3304832446930034
Otolemur garnettii,Mammalia,Primates,Galagidae,Otolemur,garnettii,0.11859536522376199,38.92324979320565,-3655.337037865597,-5944.340167150048,4120.696289745943,301.925623364948,-31.88199990414605,f_2,0.5940609012704182,0.47195338308745766,0.4136142270041948
Ovis canadensis,Mammalia,Artiodactyla,Bovidae,Ovis,canadensis,1.8129133566428555,38.92324979320565,-2756.047650778884,216.10347744287705,-1994.1446024056083,-588.522102691723,179.2283583714183,f_2,2.090917284820253,1.930167207193525,1.9340893154099112
Ovis canadensis,Mammalia,Artiodactyla,Bovidae,Ovis,canadensis,1.8396351443127548,38.92324979320565,-2756.047650778884,216.10347744287705,-1994.1446024056083,-588.522102691723,179.2283583714183,f_2,2.0280137944708323,1.937764984385092,1.9551362680891837
Perognathus parvus,Mammalia,Rodentia,Heteromyidae,Perognathus,parvus,-1.7166987712964503,38.92324979320565,-3727.984307889352,-6512.39244757889,4734.26894534594,428.6245147082449,-225.76243791941903,f_2,-0.7958800173440752,-0.9069220470139072,-0.9075381959482052
Peromyscus crinitus,Mammalia,Rodentia,Cricetidae,Peromyscus,crinitus,-1.8664610916297826,38.92324979320565,-2758.0116502138903,216.79871975347584,-2003.728412737407,-595.1126928034295,185.52164266823863,f_2,-1.0,-0.9476374823388337,-0.8949221708106008
Peromyscus crinitus,Mammalia,Rodentia,Cricetidae,Peromyscus,crinitus,-1.7986028756795485,38.92324979320565,-2758.0116502138903,216.79871975347584,-2003.728412737407,-595.1126928034295,185.52164266823863,f_2,-0.8538719643217619,-0.8965020312688533,-0.8617069349531798
Peromyscus crinitus,Mammalia,Rodentia,Cricetidae,Peromyscus,crinitus,-1.7958800173440752,38.92324979320565,-2758.0116502138903,216.79871975347584,-2003.728412737407,-595.1126928034295,185.52164266823863,f_2,-0.8446639625349383,-0.8943574191176374,-0.859562322801964
Peromyscus crinitus,Mammalia,Rodentia,Cricetidae,Peromyscus,crinitus,-1.679853713888946,38.92324979320565,-2758.0116502138903,216.79871975347584,-2003.728412737407,-595.1126928034295,185.52164266823863,f_2,-0.7619538968712046,-0.8013793320999075,-0.7456338519866998
Peromyscus crinitus,Mammalia,Rodentia,Cricetidae,Peromyscus,crinitus,-1.3045183235098026,38.92324979320565,-2758.0116502138903,216.79871975347584,-2003.728412737407,-595.1126928034295,185.52164266823863,f_2,-0.48945498979338786,-0.5327283381475985,-0.4726618322202534
Peromyscus maniculatus,Mammalia,Rodentia,Cricetidae,Peromyscus,maniculatus,-1.7695510786217261,38.92324979320565,-2758.0116502138903,216.79871975347584,-2003.728412737407,-595.1126928034295,185.52164266823863,f_2,-0.769551078621726,-0.8736198870995621,-0.8374907047233646
Peromyscus maniculatus,Mammalia,Rodentia,Cricetidae,Peromyscus,maniculatus,-1.7281583934635034,38.92324979320565,-2758.0116502138903,216.79871975347584,-2003.728412737407,-595.1126928034295,185.52164266823863,f_2,-0.6925039620867871,-0.8394256753218606,-0.7983052825890622
Peromyscus maniculatus,Mammalia,Rodentia,Cricetidae,Peromyscus,maniculatus,-1.7228493860362033,38.92324979320565,-2758.0116502138903,216.79871975347584,-2003.728412737407,-595.1126928034295,185.52164266823863,f_2,-0.6575773191777937,-0.8352441276845309,-0.7941237349517325
Peromyscus maniculatus,Mammalia,Rodentia,Cricetidae,Peromyscus,maniculatus,-1.7212463990471711,38.92324979320565,-2758.0116502138903,216.79871975347584,-2003.728412737407,-595.1126928034295,185.52164266823863,f_2,-0.6736641390712486,-0.8339815627798012,-0.7928611700470027
Peromyscus maniculatus,Mammalia,Rodentia,Cricetidae,Peromyscus,maniculatus,-1.7212463990471711,38.92324979320565,-2758.0116502138903,216.79871975347584,-2003.728412737407,-595.1126928034295,185.52164266823863,f_2,-0.6516951369518393,-0.8339815627798012,-0.7928611700470027
Peromyscus maniculatus,Mammalia,Rodentia,Cricetidae,Peromyscus,maniculatus,-1.7189666327522726,38.92324979320565,-2758.0116502138903,216.79871975347584,-2003.728412737407,-595.1126928034295,185.52164266823863,f_2,-0.6635402661514705,-0.8321859443907448,-0.7910655516579463
Peromyscus maniculatus,Mammalia,Rodentia,Cricetidae,Peromyscus,maniculatus,-1.7092977567121457,38.92324979320565,-2758.0116502138903,216.79871975347584,-2003.728412737407,-595.1126928034295,185.52164266823863,f_2,-0.6536470255493614,-0.8245704218444169,-0.7834500291116184
Peromyscus maniculatus,Mammalia,Rodentia,Cricetidae,Peromyscus,maniculatus,-1.6907958203295925,38.92324979320565,-2758.0116502138903,216.79871975347584,-2003.728412737407,-595.1126928034295,185.52164266823863,f_2,-0.679853713888946,-0.8099976924922877,-0.7567728332019865
Peromyscus maniculatus,Mammalia,Rodentia,Cricetidae,Peromyscus,maniculatus,-1.6575773191777938,38.92324979320565,-2758.0116502138903,216.79871975347584,-2003.728412737407,-595.1126928034295,185.52164266823863,f_2,-0.6108339156354675,-0.7838337160976306,-0.7394297109347365
Peromyscus maniculatus,Mammalia,Rodentia,Cricetidae,Peromyscus,maniculatus,-1.6420651529995463,38.92324979320565,-2758.0116502138903,216.79871975347584,-2003.728412737407,-595.1126928034295,185.52164266823863,f_2,-0.6861327796308466,-0.7730568508934198,-0.7173449736508359
Peromyscus maniculatus,Mammalia,Rodentia,Cricetidae,Peromyscus,maniculatus,-1.6346992513620127,38.92324979320565,-2758.0116502138903,216.79871975347584,-2003.728412737407,-595.1126928034295,185.52164266823863,f_2,-0.5900668766687055,-0.7672552261997253,-0.7115433489571414
Peromyscus maniculatus,Mammalia,Rodentia,Cricetidae,Peromyscus,maniculatus,-1.6161846340195687,38.92324979320565,-2758.0116502138903,216.79871975347584,-2003.728412737407,-595.1126928034295,185.52164266823863,f_2,-0.6478174818886375,-0.7526725089094369,-0.6969606316668531
Peromyscus maniculatus,Mammalia,Rodentia,Cricetidae,Peromyscus,maniculatus,-1.6020599913279623,38.92324979320565,-2758.0116502138903,216.79871975347584,-2003.728412737407,-595.1126928034295,185.52164266823863,f_2,-0.6003262785189618,-0.7415474790269211,-0.6963712889925129
Peromyscus megalops,Mammalia,Rodentia,Cricetidae,Peromyscus,megalops,-1.1804560644581312,38.92324979320565,-2758.0116502138903,216.79871975347584,-2003.728412737407,-595.1126928034295,185.52164266823863,f_2,-0.28819277095880896,-0.4350128511524857,-0.3722009999902698
Peromyscus megalops,Mammalia,Rodentia,Cricetidae,Peromyscus,megalops,-1.1791420105603,38.92324979320565,-2758.0116502138903,216.79871975347584,-2003.728412737407,-595.1126928034295,185.52164266823863,f_2,-0.2958494831602009,-0.4346220983640891,-0.371166008224475
Phascolarctos cinereus,Mammalia,Diprotodontia,Phascolarctidae,Phascolarctos,cinereus,0.6720978579357175,38.92324979320565,-2756.047650778881,216.10347744287736,-1994.144602405612,-588.5221026917241,179.2283583714187,f_2,0.7573960287930241,0.9563920373715067,0.9699769416259582
Phascolarctos cinereus,Mammalia,Diprotodontia,Phascolarctidae,Phascolarctos,cinereus,0.6780629049743452,38.92324979320565,-2756.047650778881,216.10347744287736,-1994.144602405612,-588.5221026917241,179.2283583714187,f_2,0.7610252517113726,0.9530065093260248,0.9746752074868554
Phyllostomus hastatus,Mammalia,Chiroptera,Phyllostomidae,Phyllostomus,hastatus,-1.0746879085003505,38.92324979320565,-2756.047650778884,216.10347744287705,-1994.1446024056083,-588.522102691723,179.2283583714183,f_2,-0.25258819211357664,-0.36505534720478094,-0.33219012322994534
Phyllotis darwini,Mammalia,Rodentia,Cricetidae,Phyllotis,darwini,-1.4436974992327127,38.92324979320565,-2756.047650778884,216.10347744287705,-1994.1446024056083,-588.522102691723,179.2283583714183,f_2,-0.5968794788241821,-0.6230506386557232,-0.5948628756256096
Phyllotis darwini,Mammalia,Rodentia,Cricetidae,Phyllotis,darwini,-1.3098039199714864,38.92324979320565,-2756.047650778884,216.10347744287705,-1994.1446024056083,-588.522102691723,179.2283583714183,f_2,-0.4353339357479107,-0.5400713466656818,-0.5010075582808191
Phyllotis darwini,Mammalia,Rodentia,Cricetidae,Phyllotis,darwini,-1.2291479883578558,38.92324979320565,-2756.047650778884,216.10347744287705,-1994.1446024056083,-588.522102691723,179.2283583714183,f_2,-0.40011692792631215,-0.47654410077385984,-0.43594388346062196
Planigale gilesi,Mammalia,Dasyuromorphia,Dasyuridae,Planigale,gilesi,-2.050609993355087,38.92324979320565,-2756.047650778884,216.10347744287705,-1994.1446024056083,-588.522102691723,179.2283583714183,f_2,-1.1487416512809248,-1.0311781549691088,-1.0080169326441808
Planigale gilesi,Mammalia,Dasyuromorphia,Dasyuridae,Planigale,gilesi,-2.0409586076789066,38.92324979320565,-2756.047650778884,216.10347744287705,-1994.1446024056083,-588.522102691723,179.2283583714183,f_2,-1.408935392973501,-1.0235764084046455,-1.0252003172957667
Planigale gilesi,Mammalia,Dasyuromorphia,Dasyuridae,Planigale,gilesi,-2.0268721464003012,38.92324979320565,-2756.047650778884,216.10347744287705,-1994.1446024056083,-588.522102691723,179.2283583714183,f_2,-1.154901959985743,-1.0124814514499807,-1.0141053603411019
Plecotus auritus,Mammalia,Chiroptera,Vespertilionidae,Plecotus,auritus,-1.9892761346082268,38.92324979320565,-2764.627306005197,219.14067844833644,-2036.0124944536992,-617.3152347165119,206.72728029932367,f_2,-1.0861861476162833,-1.0460223234623085,-1.0592020722194773
Priodontes maximus,Mammalia,Cingulata,Dasypodidae,Priodontes,maximus,1.6550423413312016,38.92324979320565,-3655.337037865597,-5944.340167150048,4120.696289745943,301.925623364948,-31.88199990414605,f_2,1.22768107275287,1.602414697842647,1.5957496773886732
Pteronotus davyi,Mammalia,Chiroptera,Mormoopidae,Pteronotus,davyi,-2.0268721464003012,38.92324979320565,-2756.047650778884,216.10347744287705,-1994.1446024056083,-588.522102691723,179.2283583714183,f_2,-1.0705810742857071,-1.0124814514499807,-1.0141053603411019
Pteropus giganteus,Mammalia,Chiroptera,Pteropodidae,Pteropus,giganteus,-0.2501091587285781,38.92324979320565,-2756.047650778884,216.10347744287705,-1994.1446024056083,-588.522102691723,179.2283583714183,f_2,0.21005084987513725,0.2478840240823623,0.2908750656519832
Pteropus poliocephalus,Mammalia,Chiroptera,Pteropodidae,Pteropus,poliocephalus,-0.22329881601158919,38.92324979320565,-2756.047650778884,216.10347744287705,-1994.1446024056083,-588.522102691723,179.2283583714183,f_2,0.24748226067705428,0.2701574317341148,0.3040319068014612
Pteropus pumilus,Mammalia,Chiroptera,Pteropodidae,Pteropus,pumilus,-0.7117507744280142,38.92324979320565,-2756.047650778884,216.10347744287705,-1994.1446024056083,-588.522102691723,179.2283583714183,f_2,-0.15181088300860132,-0.08608228934385742,-0.04992988235196871
Ptilocercus lowii,Mammalia,Scandentia,Ptilocercidae,Ptilocercus,lowii,-1.2403321553103694,38.92324979320565,-3655.337037865597,-5944.340167150048,4120.696289745943,301.925623364948,-31.88199990414605,f_2,-0.619788758288394,-0.5363818375779181,-0.6103273151358468
Reithrodon auritus,Mammalia,Rodentia,Cricetidae,Reithrodon,auritus,-1.1040252676409354,38.92324979320565,-2756.047650778884,216.10347744287705,-1994.1446024056083,-588.522102691723,179.2283583714183,f_2,-0.368556230986828,-0.38816240939666635,-0.3397163748153511
Rhinophylla pumilio,Mammalia,Chiroptera,Phyllostomidae,Rhinophylla,pumilio,-2.0222763947111524,38.92324979320565,-2756.047650778884,216.10347744287705,-1994.1446024056083,-588.522102691723,179.2283583714183,f_2,-0.9829666607012196,-1.008861687326334,-1.0028993778007644
Setonix brachyurus,Mammalia,Diprotodontia,Macropodidae,Setonix,brachyurus,0.3996737214810381,38.92324979320565,-2756.047650778884,216.10347744287705,-1994.1446024056083,-588.522102691723,179.2283583714183,f_2,0.6551384348113821,0.7055727916472815,0.7299130703460586
Setonix brachyurus,Mammalia,Diprotodontia,Macropodidae,Setonix,brachyurus,0.42716140292596555,38.92324979320565,-2756.047650778884,216.10347744287705,-1994.1446024056083,-588.522102691723,179.2283583714183,f_2,0.6678263789507112,0.7304147962218566,0.7515632659759715
Setonix brachyurus,Mammalia,Diprotodontia,Macropodidae,Setonix,brachyurus,0.46834733041215726,38.92324979320565,-2756.047650778884,216.10347744287705,-1994.1446024056083,-588.522102691723,179.2283583714183,f_2,0.6919651027673603,0.774848896203518,0.8199787994966015
Sigmodon leucotis,Mammalia,Rodentia,Cricetidae,Sigmodon,leucotis,-0.8907590314117968,38.92324979320565,-2756.047650778884,216.10347744287705,-1994.1446024056083,-588.522102691723,179.2283583714183,f_2,0.01703333929878037,-0.22412414699111569,-0.18616850200993373
Sminthopsis crassicaudata,Mammalia,Dasyuromorphia,Dasyuridae,Sminthopsis,crassicaudata,-1.85078088734462,38.92324979320565,-2756.047650778884,216.10347744287705,-1994.1446024056083,-588.522102691723,179.2283583714183,f_2,-0.958607314841775,-0.9318854809423648,-0.9079425872577047
Sminthopsis crassicaudata,Mammalia,Dasyuromorphia,Dasyuridae,Sminthopsis,crassicaudata,-1.7986028756795485,38.92324979320565,-2756.047650778884,216.10347744287705,-1994.1446024056083,-588.522102691723,179.2283583714183,f_2,-0.9430951486635274,-0.8931002708692808,-0.8886540160421996
Sminthopsis crassicaudata,Mammalia,Dasyuromorphia,Dasyuridae,Sminthopsis,crassicaudata,-1.7851561519523047,38.92324979320565,-2756.047650778884,216.10347744287705,-1994.1446024056083,-588.522102691723,179.2283583714183,f_2,-0.8538719643217619,-0.8825091921033432,-0.8734956270622194
Sminthopsis crassicaudata,Mammalia,Dasyuromorphia,Dasyuridae,Sminthopsis,crassicaudata,-1.7520267336381934,38.92324979320565,-2756.047650778884,216.10347744287705,-1994.1446024056083,-588.522102691723,179.2283583714183,f_2,-0.9100948885606021,-0.8573533330073403,-0.8568769979617741
Sorex ornatus,Mammalia,Soricomorpha,Soricidae,Sorex,ornatus,-2.0132282657337597,38.92324979320565,-2756.047650778884,216.10347744287705,-1994.1446024056083,-588.522102691723,179.2283583714183,f_2,-0.5346171485515817,-1.0065565413617106,-0.995772775914108
Steatomys pratensis,Mammalia,Rodentia,Nesomyidae,Steatomys,pratensis,-1.4255057317146724,38.92324979320565,-3727.984307889352,-6512.39244757889,4734.26894534594,428.6245147082449,-225.76243791941903,f_2,-0.978810700930062,-0.6741848786501662,-0.6392681638707562
Sturnira lilium,Mammalia,Chiroptera,Phyllostomidae,Sturnira,lilium,-1.6777807052660807,38.92324979320565,-2756.047650778884,216.10347744287705,-1994.1446024056083,-588.522102691723,179.2283583714183,f_2,-0.721246399047171,-0.798874736250431,-0.7697227071862625
Sturnira lilium,Mammalia,Chiroptera,Phyllostomidae,Sturnira,lilium,-1.6595558851598817,38.92324979320565,-2756.047650778884,216.10347744287705,-1994.1446024056083,-588.522102691723,179.2283583714183,f_2,-0.5272435506827877,-0.7845202727279356,-0.7667097111635
Sturnira tildae,Mammalia,Chiroptera,Phyllostomidae,Sturnira,tildae,-1.6882461389442456,38.92324979320565,-2756.047650778884,216.10347744287705,-1994.1446024056083,-588.522102691723,179.2283583714183,f_2,-0.6516951369518393,-0.8071176536073607,-0.7779656245431921
Tachyoryctes splendens,Mammalia,Rodentia,Spalacidae,Tachyoryctes,splendens,-0.7670038896078462,38.92324979320565,-3727.984307889352,-6512.39244757889,4734.26894534594,428.6245147082449,-225.76243791941903,f_2,-0.09097914578884395,-0.15584552660522996,-0.12122483092889369
Tachyoryctes splendens,Mammalia,Rodentia,Spalacidae,Tachyoryctes,splendens,-0.7189666327522725,38.92324979320565,-3727.984307889352,-6512.39244757889,4734.26894534594,428.6245147082449,-225.76243791941903,f_2,-0.07468790850035051,-0.11885393124212208,-0.09828546017373085
Tachyoryctes splendens,Mammalia,Rodentia,Spalacidae,Tachyoryctes,splendens,-0.6307841425898572,38.92324979320565,-3727.984307889352,-6512.39244757889,4734.26894534594,428.6245147082449,-225.76243791941903,f_2,-0.036212172654444715,-0.04748279593636545,-0.010256657844086359
Tamandua tetradactyla,Mammalia,Pilosa,Myrmecophagidae,Tamandua,tetradactyla,0.5440680443502757,38.92324979320565,-3655.337037865597,-5944.340167150048,4120.696289745943,301.925623364948,-31.88199990414605,f_2,0.7002709373564369,0.7644714072785878,0.7231009736444378
Tamias alpinus,Mammalia,Rodentia,Sciuridae,Tamias,alpinus,-1.408935392973501,38.92324979320565,-2762.4552385025554,218.3717657788936,-2025.413014017376,-610.0258245105548,199.7655186548644,f_2,-0.4921441283041691,-0.5940298907196485,-0.576926924958405
Tamias palmeri,Mammalia,Rodentia,Sciuridae,Tamias,palmeri,-1.158640529545145,38.92324979320565,-2762.4552385025554,218.3717657788936,-2025.413014017376,-610.0258245105548,199.7655186548644,f_2,-0.19997064075586568,-0.41766778488845924,-0.3904453092599778
Tarsius tarsier,Mammalia,Primates,Tarsiidae,Tarsius,tarsier,-0.7619538968712046,38.92324979320565,-3655.337037865597,-5944.340167150048,4120.696289745943,301.925623364948,-31.88199990414605,f_2,-0.08039897621588903,-0.15833827561808603,-0.2324079506766965
Thallomys paedulcus,Mammalia,Rodentia,Muridae,Thallomys,paedulcus,-0.8781120148963188,38.92324979320565,-3727.984307889352,-6512.39244757889,4734.26894534594,428.6245147082449,-225.76243791941903,f_2,-0.3124710387853657,-0.24335791477764931,-0.21123136428606837
Thomomys umbrinus,Mammalia,Rodentia,Geomyidae,Thomomys,umbrinus,-1.0705810742857071,38.92324979320565,-3727.984307889352,-6512.39244757889,4734.26894534594,428.6245147082449,-225.76243791941903,f_2,-0.39469495385889053,-0.39257446664187345,-0.38124688213204716
Thomomys umbrinus,Mammalia,Rodentia,Geomyidae,Thomomys,umbrinus,-1.0209070993616736,38.92324979320565,-3727.984307889352,-6512.39244757889,4734.26894534594,428.6245147082449,-225.76243791941903,f_2,-0.3448615651886179,-0.353449621682672,-0.32620112386026157
Tolypeutes matacus,Mammalia,Cingulata,Dasypodidae,Tolypeutes,matacus,0.06445798922691845,38.92324979320565,-3655.337037865597,-5944.340167150048,4120.696289745943,301.925623364948,-31.88199990414605,f_2,0.06892761168207182,0.43140338289784624,0.33741896487692846
Trichosurus vulpecula,Mammalia,Diprotodontia,Phalangeridae,Trichosurus,vulpecula,0.2971036501492565,38.92324979320565,-2756.047650778884,216.10347744287705,-1994.1446024056083,-588.522102691723,179.2283583714183,f_2,0.5487578285737043,0.6265652906878281,0.6951713460248801
Trichosurus vulpecula,Mammalia,Diprotodontia,Phalangeridae,Trichosurus,vulpecula,0.3021143769562011,38.92324979320565,-2756.047650778884,216.10347744287705,-1994.1446024056083,-588.522102691723,179.2283583714183,f_2,0.610766594773271,0.5655983292736139,0.6991179581040308
Urocitellus armatus,Mammalia,Rodentia,Sciuridae,Urocitellus,armatus,-0.5128616245228135,38.92324979320565,-2762.4552385025554,218.3717657788936,-2025.413014017376,-610.0258245105548,199.7655186548644,f_2,0.026124516745450282,0.060275475692553517,0.056383555330514534
Urocitellus armatus,Mammalia,Rodentia,Sciuridae,Urocitellus,armatus,-0.5047332556121896,38.92324979320565,-2762.4552385025554,218.3717657788936,-2025.413014017376,-610.0258245105548,199.7655186548644,f_2,-0.05551732784983137,0.06667764451205524,0.06278572415001626
Urocitellus armatus,Mammalia,Rodentia,Sciuridae,Urocitellus,armatus,-0.494850021680094,38.92324979320565,-2762.4552385025554,218.3717657788936,-2025.413014017376,-610.0258245105548,199.7655186548644,f_2,-0.08565684288055925,0.07446200233484088,0.0705700819728019
Uroderma bilobatum,Mammalia,Chiroptera,Phyllostomidae,Uroderma,bilobatum,-1.790484985457369,38.92324979320565,-2756.047650778884,216.10347744287705,-1994.1446024056083,-588.522102691723,179.2283583714183,f_2,-0.7544873321858502,-0.8867063554070227,-0.8776927903658989
Xerus inauris,Mammalia,Rodentia,Sciuridae,Xerus,inauris,-0.28793985753892526,38.92324979320565,-2762.4552385025554,218.3717657788936,-2025.413014017376,-610.0258245105548,199.7655186548644,f_2,0.2382970678753939,0.22946195174553513,0.24632410154765805
Xerus inauris,Mammalia,Rodentia,Sciuridae,Xerus,inauris,-0.266000713461613,38.92324979320565,-2762.4552385025554,218.3717657788936,-2025.413014017376,-610.0258245105548,199.7655186548644,f_2,0.2600713879850748,0.2467419381342854,0.2636040879364083
Orcinus orca,Mammalia,Cetacea,Delphinidae,Orcinus,orca,3.7257483329955483,38.92324979320565,-2756.047650778884,216.10347744287705,-1994.1446024056083,-588.522102691723,179.2283583714183,f_2,3.332006110968098,3.3946692945710146,3.4407006143202388
Orcinus orca,Mammalia,Cetacea,Delphinidae,Orcinus,orca,3.7257483329955483,38.92324979320565,-2756.047650778884,216.10347744287705,-1994.1446024056083,-588.522102691723,179.2283583714183,f_2,3.3433448959404415,3.3946692945710146,3.4407006143202388
Orcinus orca,Mammalia,Cetacea,Delphinidae,Orcinus,orca,3.7257483329955483,38.92324979320565,-2756.047650778884,216.10347744287705,-1994.1446024056083,-588.522102691723,179.2283583714183,f_2,3.3468198950513495,3.3946692945710146,3.4407006143202388
Orcinus orca,Mammalia,Cetacea,Delphinidae,Orcinus,orca,3.7257483329955483,38.92324979320565,-2756.047650778884,216.10347744287705,-1994.1446024056083,-588.522102691723,179.2283583714183,f_2,3.394364548333517,3.3946692945710146,3.4407006143202388
Microtus breweri,Mammalia,Rodentia,Cricetidae,Microtus,breweri,-1.274905478918531,38.30654208893964,-2756.047650778884,216.10347744287705,-1994.1446024056083,-588.522102691723,179.2283583714183,f_2,-0.3878050172442551,-0.4356839046634409,-0.41399967645107427
Dicrostonyx groenlandicus,Mammalia,Rodentia,Cricetidae,Dicrostonyx,groenlandicus,-1.3279021420642825,40.62652520862686,-2756.047650778884,216.10347744287705,-1994.1446024056083,-588.522102691723,179.2283583714183,f_2,-0.2896005338831997,-0.8191467233074615,-0.7793388063384346
Lemmus trimucronatus,Mammalia,Rodentia,Cricetidae,Lemmus,trimucronatus,-1.193820026016113,40.62652520862686,-2756.047650778884,216.10347744287705,-1994.1446024056083,-588.522102691723,179.2283583714183,f_2,-0.057165506229904385,-0.7047376916650298,-0.6673057298823653
Phyllotis darwini,Mammalia,Rodentia,Cricetidae,Phyllotis,darwini,-1.1180450286603996,38.15540662779636,-2756.047650778884,216.10347744287705,-1994.1446024056083,-588.522102691723,179.2283583714183,f_2,-0.32409951109352425,-0.31482113035740644,-0.33220619716224387
Chinchilla lanigera,Mammalia,Rodentia,Chinchillidae,Chinchilla,lanigera,-0.37059040089728107,38.47162912595479,-3727.984307889352,-6512.39244757889,4734.26894534594,428.6245147082449,-225.76243791941903,f_2,0.09841296360020073,0.1753745832185132,0.13960588304064725
Dasyprocta leporina,Mammalia,Rodentia,Dasyproctidae,Dasyprocta,leporina,0.42926766643316844,38.663891140577256,-3727.984307889352,-6512.39244757889,4734.26894534594,428.6245147082449,-225.76243791941903,f_2,0.9374231548927996,0.7119913998337158,0.7316160391526609
Condylura cristata,Mammalia,Eulipotyphla,Talpidae,Condylura,cristata,-1.3098039199714864,38.43977120186904,-2756.047650778884,216.10347744287705,-1994.1446024056083,-588.522102691723,179.2283583714183,f_2,-0.21289390696342989,-0.4810312765245,-0.4920870265957771
Notoryctes caurinus,Mammalia,Notoryctemorphia,Notoryctidae,Notoryctes,caurinus,-1.4685210829577449,38.28126975373334,-2756.047650778884,216.10347744287705,-1994.1446024056083,-588.522102691723,179.2283583714183,f_2,-0.9244530386074693,-0.5623142946730996,-0.5505527974786861
Galerella sanguinea,Mammalia,Carnivora,Herpestidae,Galerella,sanguinea,-0.26760624017703144,38.47162912595479,-2756.047650778884,216.10347744287705,-1994.1446024056083,-588.522102691723,179.2283583714183,f_2,0.35793484700045375,0.2810206396317122,0.2663088545061931
Caluromys derbianus,Mammalia,Didelphimorphia,Didelphidae,Caluromys,derbianus,-0.4473317838878068,37.7827345786888,-2756.047650778884,216.10347744287705,-1994.1446024056083,-588.522102691723,179.2283583714183,f_2,0.05542080724005452,0.21136670050086726,0.11357554740046627
Metachirus nudicaudatus,Mammalia,Didelphimorphia,Didelphidae,Metachirus,nudicaudatus,-0.4736607226101559,37.66012307591843,-2756.047650778884,216.10347744287705,-1994.1446024056083,-588.522102691723,179.2283583714183,f_2,0.0585947152658473,0.2069652677146871,0.19367187195377666
Notoryctes caurinus,Mammalia,Notoryctemorphia,Notoryctidae,Notoryctes,caurinus,-1.465973893943865,38.205652430763,-2756.047650778884,216.10347744287705,-1994.1446024056083,-588.522102691723,179.2283583714183,f_2,-0.922834045187701,-0.5557454439103845,-0.5944926286538086
Antechinomys laniger,Mammalia,Dasyuromorphia,Dasyuridae,Antechinomys,laniger,-1.6161846340195687,37.46559136672885,-2756.047650778884,216.10347744287705,-1994.1446024056083,-588.522102691723,179.2283583714183,f_2,-0.8750612633917001,-0.5953812638523948,-0.683953595314758
Antechinus swainsonii,Mammalia,Dasyuromorphia,Dasyuridae,Antechinus,swainsonii,-1.174573882232177,37.53830479005099,-2756.047650778884,216.10347744287705,-1994.1446024056083,-588.522102691723,179.2283583714183,f_2,-0.44909253111941894,-0.2917676936885437,-0.3589862778220698
Planigale gilesi,Mammalia,Dasyuromorphia,Dasyuridae,Planigale,gilesi,-2.0268721464003012,37.55045114332394,-2756.047650778884,216.10347744287705,-1994.1446024056083,-588.522102691723,179.2283583714183,f_2,-1.1413291527964695,-0.8536952715887753,-0.9760980517284106
Ningaui yvonnae,Mammalia,Dasyuromorphia,Dasyuridae,Ningaui,yvonnae,-1.9355420107730816,37.73359429635592,-2756.047650778884,216.10347744287705,-1994.1446024056083,-588.522102691723,179.2283583714183,f_2,-1.0511525224473817,-0.8737656829152263,-0.9728026766302624
Sminthopsis crassicaudata,Mammalia,Dasyuromorphia,Dasyuridae,Sminthopsis,crassicaudata,-1.7520267336381934,37.74586737955525,-2756.047650778884,216.10347744287705,-1994.1446024056083,-588.522102691723,179.2283583714183,f_2,-0.9128498242810998,-0.7432313808626498,-0.8498028125291077
Phascolarctos cinereus,Mammalia,Diprotodontia,Phascolarctidae,Phascolarctos,cinereus,0.6780629049743452,37.56868541872536,-2756.047650778881,216.10347744287736,-1994.144602405612,-588.5221026917241,179.2283583714187,f_2,0.7669495994043999,0.9512869299941149,0.9998679793238359
Trichosurus vulpecula,Mammalia,Diprotodontia,Phalangeridae,Trichosurus,vulpecula,0.2971036501492565,37.514035641972725,-2756.047650778884,216.10347744287705,-1994.1446024056083,-588.522102691723,179.2283583714183,f_2,0.5488669272320443,0.7173075842573695,0.7189439703586681
Microgale cowani,Mammalia,Afrosoricida,Tenrecidae,Microgale,cowani,-1.9871627752948278,37.90614707118819,-3655.337037865597,-5944.340167150048,4120.696289745943,301.925623364948,-31.88199990414605,f_2,-0.8239087409443188,-0.9980161196267628,-1.1269405726084265
Microgale dobsoni,Mammalia,Afrosoricida,Tenrecidae,Microgale,dobsoni,-1.350665141287858,37.96815614540901,-3655.337037865597,-5944.340167150048,4120.696289745943,301.925623364948,-31.88199990414605,f_2,-0.6320232147054057,-0.5282146461522084,-0.6200167151627869
Tolypeutes matacus,Mammalia,Cingulata,Dasypodidae,Tolypeutes,matacus,0.06445798922691845,37.90614707118819,-3655.337037865597,-5944.340167150048,4120.696289745943,301.925623364948,-31.88199990414605,f_2,0.06900995019438654,0.48660705016655365,0.4149810522864378
Cabassous centralis,Mammalia,Cingulata,Dasypodidae,Cabassous,centralis,0.5809249756756193,37.8320030182372,-3655.337037865597,-5944.340167150048,4120.696289745943,301.925623364948,-31.88199990414605,f_2,0.6497133759960573,0.9162159833253919,1.007085280941189
Priodontes maximus,Mammalia,Cingulata,Dasypodidae,Priodontes,maximus,1.6550423413312016,37.8320030182372,-3655.337037865597,-5944.340167150048,4120.696289745943,301.925623364948,-31.88199990414605,f_2,1.2276010785054476,1.658811514729921,1.6608513796814655
Choloepus hoffmanni,Mammalia,Pilosa,Megalonychidae,Choloepus,hoffmanni,0.6283889300503115,37.72132919175772,-3655.337037865597,-5944.340167150048,4120.696289745943,301.925623364948,-31.88199990414605,f_2,0.6489018631808574,0.9008571844437835,0.8984225199845515
Tamandua tetradactyla,Mammalia,Pilosa,Myrmecophagidae,Tamandua,tetradactyla,0.5440680443502757,37.66012307591843,-3655.337037865597,-5944.340167150048,4120.696289745943,301.925623364948,-31.88199990414605,f_2,0.6884692607280077,0.8197842840664438,0.8859468044730199
Ptilocercus lowii,Mammalia,Scandentia,Ptilocercidae,Ptilocercus,lowii,-1.2365720064370627,37.574767446476486,-3655.337037865597,-5944.340167150048,4120.696289745943,301.925623364948,-31.88199990414605,f_2,-0.6167832481486688,-0.425016313558277,-0.5434044022365156
Cheirogaleus medius,Mammalia,Primates,Cheirogaleidae,Cheirogaleus,medius,-0.5228787452803376,37.66012307591843,-3655.337037865597,-5944.340167150048,4120.696289745943,301.925623364948,-31.88199990414605,f_2,0.036983566253169946,0.10286612889693708,0.08614093430501968
Nycticebus coucang,Mammalia,Primates,Lorisidae,Nycticebus,coucang,0.11394335230683679,37.72132919175772,-3655.337037865597,-5944.340167150048,4120.696289745943,301.925623364948,-31.88199990414605,f_2,0.24096504006342911,0.5415072287729864,0.49020329687246333
Otolemur crassicaudatus,Mammalia,Primates,Galagidae,Otolemur,crassicaudatus,-0.0236500209967266,37.46559136672885,-3655.337037865597,-5944.340167150048,4120.696289745943,301.925623364948,-31.88199990414605,f_2,0.3601514477826378,0.4828459222409528,0.40188641165866057
Colobus guereza,Mammalia,Primates,Colobinae,Colobus,guereza,1.021189299069938,37.38111427232811,-3655.337037865597,-5944.340167150048,4120.696289745943,301.925623364948,-31.88199990414605,f_2,1.2224997032459515,1.2531788114220817,1.2335637670484458
Xerus inauris,Mammalia,Rodentia,Sciuridae,Xerus,inauris,-0.28793985753892526,37.68458167184368,-2762.4552385025554,218.3717657788936,-2025.413014017376,-610.0258245105548,199.7655186548644,f_2,0.23818554589188237,0.3461600800281597,0.28599485128391033
Marmota flaviventris,Mammalia,Rodentia,Sciuridae,Marmota,flaviventris,0.6328620401002298,37.47769070190299,-2762.4552385025554,218.3717657788936,-2025.413014017376,-610.0258245105548,199.7655186548644,f_2,0.9357591037453117,0.9839561509249747,1.0192320453837187
Dipodomys panamintinus,Mammalia,Rodentia,Heteromyidae,Dipodomys,panamintinus,-1.1924649719311469,37.79503965427215,-3727.984307889352,-6512.39244757889,4734.26894534594,428.6245147082449,-225.76243791941903,f_2,-0.38021124171160614,-0.37734942264008936,-0.404619040146476
Heteromys anomalus,Mammalia,Rodentia,Heteromyidae,Heteromys,anomalus,-1.1592667653881932,37.53830479005099,-3727.984307889352,-6512.39244757889,4734.26894534594,428.6245147082449,-225.76243791941903,f_2,-0.2509511313206635,-0.3548221993648279,-0.3746555072858928
Thomomys umbrinus,Mammalia,Rodentia,Geomyidae,Thomomys,umbrinus,-1.0705810742857071,37.70907205798298,-3727.984307889352,-6512.39244757889,4734.26894534594,428.6245147082449,-225.76243791941903,f_2,-0.3949344985323125,-0.2809069085575347,-0.32416082930190493
Tachyoryctes splendens,Mammalia,Rodentia,Spalacidae,Tachyoryctes,splendens,-0.7189666327522725,37.55045114332394,-3727.984307889352,-6512.39244757889,4734.26894534594,428.6245147082449,-225.76243791941903,f_2,-0.07485987226498231,-0.019020446721740983,-0.052675015669780834
Steatomys pratensis,Mammalia,Rodentia,Nesomyidae,Steatomys,pratensis,-1.5606673061697374,37.77043751291868,-3727.984307889352,-6512.39244757889,4734.26894534594,428.6245147082449,-225.76243791941903,f_2,-0.6929796406468315,-0.6633512755246668,-0.7068006962379927
Mystromys albicaudatus,Mammalia,Rodentia,Nesomyidae,Mystromys,albicaudatus,-1.0277971616209356,37.80735274749719,-3727.984307889352,-6512.39244757889,4734.26894534594,428.6245147082449,-225.76243791941903,f_2,-0.15146878414734918,-0.24780942986929697,-0.28514824049104104
Microtus subterraneus,Mammalia,Rodentia,Cricetidae,Microtus,subterraneus,-1.749579997691106,37.32100635421856,-2756.047650778884,216.10347744287705,-1994.1446024056083,-588.522102691723,179.2283583714183,f_2,-0.5606673061697375,-0.6673470427447057,-0.7447681805107471
Microtus cabrerae,Mammalia,Rodentia,Cricetidae,Microtus,cabrerae,-1.3665315444204136,37.38111427232811,-2756.047650778884,216.10347744287705,-1994.1446024056083,-588.522102691723,179.2283583714183,f_2,-0.5650764250747925,-0.4098005624174575,-0.4274800400761545
Lemmus trimucronatus,Mammalia,Rodentia,Cricetidae,Lemmus,trimucronatus,-1.3565473235138126,37.26109142990612,-2756.047650778884,216.10347744287705,-1994.1446024056083,-588.522102691723,179.2283583714183,f_2,-0.4070833881119074,-0.376553935159462,-0.41558819743950237
Microtus breweri,Mammalia,Rodentia,Cricetidae,Microtus,breweri,-1.274905478918531,37.38111427232811,-2756.047650778884,216.10347744287705,-1994.1446024056083,-588.522102691723,179.2283583714183,f_2,-0.3860407853723299,-0.3387793209918871,-0.3614315277537006
Dicrostonyx groenlandicus,Mammalia,Rodentia,Cricetidae,Dicrostonyx,groenlandicus,-1.2055119533408312,37.27305901989485,-2756.047650778884,216.10347744287705,-1994.1446024056083,-588.522102691723,179.2283583714183,f_2,-0.23202004546959465,-0.26664087254832725,-0.29469789714697225
Microtus xanthognathus,Mammalia,Rodentia,Cricetidae,Microtus,xanthognathus,-1.1643094285075744,37.29701727733975,-2757.730240778641,216.6990895135561,-2002.354910798628,-594.1678562194163,184.6184319541485,f_2,-0.2596373105057562,-0.231129531110144,-0.1676761766612318
Peromyscus maniculatus,Mammalia,Rodentia,Cricetidae,Peromyscus,maniculatus,-1.7189666327522726,37.44141611822637,-2758.0116502138903,216.79871975347584,-2003.728412737407,-595.1126928034295,185.52164266823863,f_2,-0.664207898076807,-0.6707606060447994,-0.7178159260702064
Isthmomys pirrensis,Mammalia,Rodentia,Cricetidae,Isthmomys,pirrensis,-0.8604357338241503,37.345026310037845,-2758.0116502138903,216.79871975347584,-2003.728412737407,-595.1126928034295,185.52164266823863,f_2,-0.1689126744285579,-0.02697721677982089,-0.018563623792244188
Eligmodontia typus,Mammalia,Rodentia,Cricetidae,Eligmodontia,typus,-1.7569619513137056,37.48979785444763,-2756.047650778884,216.10347744287705,-1994.1446024056083,-588.522102691723,179.2283583714183,f_2,-0.7781512503836439,-0.7158006849763535,-0.8264767503314634
Phyllotis darwini,Mammalia,Rodentia,Cricetidae,Phyllotis,darwini,-1.2291479883578558,37.514035641972725,-2756.047650778884,216.10347744287705,-1994.1446024056083,-588.522102691723,179.2283583714183,f_2,-0.40096646330222546,-0.3293405598797137,-0.405042554787568
Acomys spinosissimus,Mammalia,Rodentia,Muridae,Acomys,spinosissimus,-1.5686362358410126,37.48979785444763,-2756.047650778884,216.10347744287705,-1994.1446024056083,-588.522102691723,179.2283583714183,f_2,-0.6118198286171187,-0.5719681084316462,-0.6671377635952249
Gerbillurus paeba,Mammalia,Rodentia,Muridae,Gerbillurus,paeba,-1.469800301796918,37.21329782217176,-3727.984307889352,-6512.39244757889,4734.26894534594,428.6245147082449,-225.76243791941903,f_2,-0.7112044607530306,-0.5482184316682177,-0.5484415044914026
Notomys alexis,Mammalia,Rodentia,Muridae,Notomys,alexis,-1.4907974776688986,37.29701727733975,-2756.047650778884,216.10347744287705,-1994.1446024056083,-588.522102691723,179.2283583714183,f_2,-0.5972611084461937,-0.46672481270262095,-0.5142402458828241
Apodemus mystacinus,Mammalia,Rodentia,Muridae,Apodemus,mystacinus,-1.393618634889395,37.59911526273858,-2756.047650778884,216.10347744287705,-1994.1446024056083,-588.522102691723,179.2283583714183,f_2,-0.5032240572838677,-0.44972653440348687,-0.5331061220454003
Micaelamys namaquensis,Mammalia,Rodentia,Muridae,Micaelamys,namaquensis,-1.1784864715952268,37.56260535958654,-2756.047650778884,216.10347744287705,-1994.1446024056083,-588.522102691723,179.2283583714183,f_2,-0.5351132016973492,-0.29810702457623306,-0.3640272481831974
Myotomys sloggetti,Mammalia,Rodentia,Muridae,Myotomys,sloggetti,-0.9457700901366027,37.36185868402261,-2756.047650778884,216.10347744287705,-1994.1446024056083,-588.522102691723,179.2283583714183,f_2,-0.1265502207648793,-0.0943094691348243,-0.11410563402723661
Thallomys paedulcus,Mammalia,Rodentia,Muridae,Thallomys,paedulcus,-0.9041335465214574,37.52373953453055,-3727.984307889352,-6512.39244757889,4734.26894534594,428.6245147082449,-225.76243791941903,f_2,-0.4164234143660508,-0.15824297594418188,-0.18752537668146085
Conilurus penicillatus,Mammalia,Rodentia,Muridae,Conilurus,penicillatus,-0.6730500058340012,37.55045114332394,-2756.047650778884,216.10347744287705,-1994.1446024056083,-588.522102691723,179.2283583714183,f_2,-0.04441913978841288,0.07641534785175041,0.01567066897935776
Heliophobius argenteocinereus,Mammalia,Rodentia,Bathyergidae,Heliophobius,argenteocinereus,-1.0555173278498313,37.64790567994894,-3727.984307889352,-6512.39244757889,4734.26894534594,428.6245147082449,-225.76243791941903,f_2,-0.38021124171160614,-0.29227073262199427,-0.32103167295711743
Bathyergus janetta,Mammalia,Rodentia,Bathyergidae,Bathyergus,janetta,-0.39147396642280585,37.69682288726413,-3727.984307889352,-6512.39244757889,4734.26894534594,428.6245147082449,-225.76243791941903,f_2,0.0871501757189002,0.213133858541787,0.17621677891205434
Bathyergus suillus,Mammalia,Rodentia,Bathyergidae,Bathyergus,suillus,-0.14752000636314366,37.62349465340983,-3727.984307889352,-6512.39244757889,4734.26894534594,428.6245147082449,-225.76243791941903,f_2,0.2800216149394645,0.37131240317957515,0.3730258503472579
Hystrix africaeaustralis,Mammalia,Rodentia,Hystricidae,Hystrix,africaeaustralis,1.0293837776852097,37.23717929037145,-3727.984307889352,-6512.39244757889,4734.26894534594,428.6245147082449,-225.76243791941903,f_2,1.0545704996127645,1.3141156812728794,1.3394124777335246
Chinchilla lanigera,Mammalia,Rodentia,Chinchillidae,Chinchilla,lanigera,-0.37059040089728107,37.574767446476486,-3727.984307889352,-6512.39244757889,4734.26894534594,428.6245147082449,-225.76243791941903,f_2,0.0997957012455446,0.20794453265490864,0.17802019083779652
Galea musteloides,Mammalia,Rodentia,Caviidae,Galea,musteloides,-0.4921441283041691,37.345026310037845,-3727.984307889352,-6512.39244757889,4734.26894534594,428.6245147082449,-225.76243791941903,f_2,0.16797336883350175,0.15846368853960124,0.12516359497219076
Dasyprocta leporina,Mammalia,Rodentia,Dasyproctidae,Dasyprocta,leporina,0.42926766643316844,37.26109142990612,-3727.984307889352,-6512.39244757889,4734.26894534594,428.6245147082449,-225.76243791941903,f_2,0.9391030623789061,0.8173434422043567,0.8555567580740675
Ctenomys opimus,Mammalia,Rodentia,Ctenomyidae,Ctenomys,opimus,-0.6695862266508091,37.53830479005099,-3727.984307889352,-6512.39244757889,4734.26894534594,428.6245147082449,-225.76243791941903,f_2,-0.1106982974936897,0.0215014706647043,0.002252711059525625
Ctenomys maulinus,Mammalia,Rodentia,Ctenomyidae,Ctenomys,maulinus,-0.6675615400843947,37.514035641972725,-3727.984307889352,-6512.39244757889,4734.26894534594,428.6245147082449,-225.76243791941903,f_2,0.018885344160373813,0.023638171946565215,0.004041811318438393
Ctenomys australis,Mammalia,Rodentia,Ctenomyidae,Ctenomys,australis,-0.46852108295774486,37.39315909729101,-3727.984307889352,-6512.39244757889,4734.26894534594,428.6245147082449,-225.76243791941903,f_2,-0.19081451587638765,0.16886177085768506,0.15019369892939705
Hemiechinus auritus,Mammalia,Erinaceomorpha,Erinaceidae,Hemiechinus,auritus,-0.40120949323688493,37.81351230317453,-2756.047650778884,216.10347744287705,-1994.1446024056083,-588.522102691723,179.2283583714183,f_2,-0.07200266142050149,0.2435681709056572,0.16088523063389237
Erinaceus europaeus,Mammalia,Erinaceomorpha,Erinaceidae,Erinaceus,europaeus,-0.12551818230053352,37.7827345786888,-2756.047650778884,216.10347744287705,-1994.1446024056083,-588.522102691723,179.2283583714183,f_2,0.2749271930997761,0.44826593014408894,0.38358827390910466
Crocidura viaria,Mammalia,Soricomorpha,Soricidae,Crocidura,viaria,-1.832682665251824,37.72132919175772,-2756.047650778884,216.10347744287705,-1994.1446024056083,-588.522102691723,179.2283583714183,f_2,-0.9128498242810998,-0.7926518235979826,-0.8800426414107123
Condylura cristata,Mammalia,Soricomorpha,Talpidae,Condylura,cristata,-1.3098039199714864,37.33301246853551,-2756.047650778884,216.10347744287705,-1994.1446024056083,-588.522102691723,179.2283583714183,f_2,-0.20994952631664862,-0.36004242591475866,-0.39408757035536257
Macroglossus minimus,Mammalia,Chiroptera,Pteropodidae,Macroglossus,minimus,-1.7851561519523047,37.40521168684694,-2756.047650778884,216.10347744287705,-1994.1446024056083,-588.522102691723,179.2283583714183,f_2,-1.0939045028683314,-0.7085583930405251,-0.7520367754322799
Pteropus pumilus,Mammalia,Chiroptera,Pteropodidae,Pteropus,pumilus,-0.7117507744280142,37.52616629213989,-2756.047650778884,216.10347744287705,-1994.1446024056083,-588.522102691723,179.2283583714183,f_2,-0.15146878414734918,0.04918889915089531,-0.021555554117916875
Pteropus giganteus,Mammalia,Chiroptera,Pteropodidae,Pteropus,giganteus,-0.2501091587285781,37.45349984135635,-2756.047650778884,216.10347744287705,-1994.1446024056083,-588.522102691723,179.2283583714183,f_2,0.2123356004803272,0.38286136460632647,0.3369651984853639
Pteropus poliocephalus,Mammalia,Chiroptera,Pteropodidae,Pteropus,poliocephalus,-0.22329881601158919,37.47769070190299,-2756.047650778884,216.10347744287705,-1994.1446024056083,-588.522102691723,179.2283583714183,f_2,0.24715461488112658,0.40349925152238014,0.3410970639277915
Diphylla ecaudata,Mammalia,Chiroptera,Phyllostomidae,Diphylla,ecaudata,-1.5559552040819238,37.98058231335056,-2756.047650778884,216.10347744287705,-1994.1446024056083,-588.522102691723,179.2283583714183,f_2,-0.7237935880610511,-0.626874232252571,-0.6592883063343644
Glossophaga longirostris,Mammalia,Chiroptera,Phyllostomidae,Glossophaga,longirostris,-1.869666231504994,37.369077204457454,-2756.047650778884,216.10347744287705,-1994.1446024056083,-588.522102691723,179.2283583714183,f_2,-0.8320266311664983,-0.7590646553408394,-0.8202147963479429
Phyllostomus hastatus,Mammalia,Chiroptera,Phyllostomidae,Phyllostomus,hastatus,-1.0746879085003505,37.69682288726413,-2756.047650778884,216.10347744287705,-1994.1446024056083,-588.522102691723,179.2283583714183,f_2,-0.4040141563842309,-0.24219014349889087,-0.31086028152601464
Uroderma bilobatum,Mammalia,Chiroptera,Phyllostomidae,Uroderma,bilobatum,-1.790484985457369,37.64790567994894,-2756.047650778884,216.10347744287705,-1994.1446024056083,-588.522102691723,179.2283583714183,f_2,-0.8320266311664983,-0.760736755470017,-0.8459357412433721
Sturnira lilium,Mammalia,Chiroptera,Phyllostomidae,Sturnira,lilium,-1.6595558851598817,37.48979785444763,-2756.047650778884,216.10347744287705,-1994.1446024056083,-588.522102691723,179.2283583714183,f_2,-0.658675409476846,-0.636468354178921,-0.7312491527659357
Artibeus jamaicensis,Mammalia,Chiroptera,Phyllostomidae,Artibeus,jamaicensis,-1.344861565188618,37.48979785444763,-2756.047650778884,216.10347744287705,-1994.1446024056083,-588.522102691723,179.2283583714183,f_2,-0.49939764943081477,-0.41784494823437657,-0.49311081941151724
Pteronotus davyi,Mammalia,Chiroptera,Mormoopidae,Pteronotus,davyi,-2.0268721464003012,37.201368571387285,-2756.047650778884,216.10347744287705,-1994.1446024056083,-588.522102691723,179.2283583714183,f_2,-1.0649408069330146,-0.7898248696684852,-0.863647243460292
Noctilio leporinus,Mammalia,Chiroptera,Noctilionidae,Noctilio,leporinus,-1.214670164989233,37.80735274749719,-2756.047650778884,216.10347744287705,-1994.1446024056083,-588.522102691723,179.2283583714183,f_2,-0.5831746471675887,-0.35524497159343127,-0.4276817915560944
Molossus molossus,Mammalia,Chiroptera,Molossidae,Molossus,molossus,-1.8068754016455384,38.10529281183472,-2764.627306005197,219.14067844833644,-2036.0124944536992,-617.3152347165119,206.72728029932367,f_2,-1.0122344564170118,-0.8316721439821461,-0.8890150705354201
Nycticeius humeralis,Mammalia,Chiroptera,Vespertilionidae,Nycticeius,humeralis,-2.0457574905606752,37.7827345786888,-2764.627306005197,219.14067844833644,-2036.0124944536992,-617.3152347165119,206.72728029932367,f_2,-1.213879819945081,-0.9092202160760373,-1.039177130313399
Lasiurus seminolus,Mammalia,Chiroptera,Vespertilionidae,Lasiurus,seminolus,-2.0087739243075053,37.64790567994894,-2764.627306005197,219.14067844833644,-2036.0124944536992,-617.3152347165119,206.72728029932367,f_2,-1.1249387366083,-0.8565936535897043,-0.9502014791355344
Manis javanica,Mammalia,Pholidota,Manidae,Manis,javanica,0.6253124509616739,37.99301661759457,-2756.047650778884,216.10347744287705,-1994.1446024056083,-588.522102691723,179.2283583714183,f_2,0.7867119963834803,0.9027273084293582,0.9803019666408579
Leopardus wiedii,Mammalia,Carnivora,Felidae,Leopardus,wiedii,0.5563025007672873,37.29701727733975,-2756.047650778884,216.10347744287705,-1994.1446024056083,-588.522102691723,179.2283583714183,f_2,0.7178553484963927,0.9628956194646688,0.9899447092122611
Nandinia binotata,Mammalia,Carnivora,Nandiniidae,Nandinia,binotata,0.6304278750250238,37.369077204457454,-2756.047650778884,216.10347744287705,-1994.1446024056083,-588.522102691723,179.2283583714183,f_2,0.6822453869140406,0.9881923563977479,1.0427595003251182
Galerella sanguinea,Mammalia,Carnivora,Herpestidae,Galerella,sanguinea,-0.3010299956639812,37.21329782217176,-2756.047650778884,216.10347744287705,-1994.1446024056083,-588.522102691723,179.2283583714183,f_2,0.3262220371875932,0.38361523702291866,0.38853907116230135
Vulpes cana,Mammalia,Carnivora,Canidae,Vulpes,cana,0.10890312766731332,37.23717929037145,-2756.047650778884,216.10347744287705,-1994.1446024056083,-588.522102691723,179.2283583714183,f_2,0.5471591213274175,0.6619768787784003,0.6661369005245246
Bassariscus sumichrasti,Mammalia,Carnivora,Procyonidae,Bassariscus,sumichrasti,0.10788802518279862,37.201368571387285,-2756.047650778884,216.10347744287705,-1994.1446024056083,-588.522102691723,179.2283583714183,f_2,0.5488669272320443,0.6691050577364794,0.6804160165083064
Abrothrix andinus,Mammalia,Rodentia,Cricetidae,Abrothrix,andinus,-1.4609239012072235,38.92324979320565,-2756.047650778884,216.10347744287705,-1994.1446024056083,-588.522102691723,179.2283583714183,f_3,-0.4424927980943421,-0.62966100280932,-0.6249133735567083
Abrothrix andinus,Mammalia,Rodentia,Cricetidae,Abrothrix,andinus,-1.45717457304082,38.92324979320565,-2756.047650778884,216.10347744287705,-1994.1446024056083,-588.522102691723,179.2283583714183,f_3,-0.4621809049267259,-0.6266892557179472,-0.6219416264653355
Abrothrix longipilis,Mammalia,Rodentia,Cricetidae,Abrothrix,longipilis,-1.3736596326249577,38.92324979320565,-2756.047650778884,216.10347744287705,-1994.1446024056083,-588.522102691723,179.2283583714183,f_3,-0.4934949675951279,-0.5631167477850936,-0.5177207822107512
Acomys cahirinus,Mammalia,Rodentia,Muridae,Acomys,cahirinus,-1.3767507096020994,38.92324979320565,-2756.047650778884,216.10347744287705,-1994.1446024056083,-588.522102691723,179.2283583714183,f_3,-0.5883802940367698,-0.5655667597894685,-0.5201707942151261
Acomys subspinosus,Mammalia,Rodentia,Muridae,Acomys,subspinosus,-1.4914702810287135,38.92324979320565,-2756.047650778884,216.10347744287705,-1994.1446024056083,-588.522102691723,179.2283583714183,f_3,-0.33254704711004607,-0.6538723045032852,-0.652658917761469
Acrobates pygmaeus,Mammalia,Diprotodontia,Acrobatidae,Acrobates,pygmaeus,-1.853871964321762,38.92324979320565,-2756.0476507788844,216.10347744287705,-1994.1446024056083,-588.522102691723,179.2283583714183,f_3,-1.0757207139381184,-0.9417901201823703,-0.9309661609847921
Alces alces,Mammalia,Artiodactyla,Cervidae,Alces,alces,2.5118833609788744,38.92324979320565,-2756.047650778884,216.10347744287705,-1994.1446024056083,-588.522102691723,179.2283583714183,f_3,2.4576503121572473,2.443478815901069,2.4497927980455136
Alouatta palliata,Mammalia,Primates,Atelidae,Alouatta,palliata,0.6693168805661122,38.92324979320565,-3655.337037865597,-5944.340167150048,4120.696289745943,301.925623364948,-31.88199990414605,f_3,1.059336177389288,0.8404488663863133,0.7897908635899894
Alticola argentatus,Mammalia,Rodentia,Cricetidae,Alticola,argentatus,-1.4236586497942072,38.92324979320565,-2756.047650778884,216.10347744287705,-1994.1446024056083,-588.522102691723,179.2283583714183,f_3,-0.17069622716897506,-0.6001242704719824,-0.5929692543203762
Antechinus stuartii,Mammalia,Dasyuromorphia,Dasyuridae,Antechinus,stuartii,-1.6556077263148892,38.92324979320565,-2756.047650778884,216.10347744287705,-1994.1446024056083,-588.522102691723,179.2283583714183,f_3,-0.721246399047171,-0.7811124018923414,-0.7730381025900865
Antechinus stuartii,Mammalia,Dasyuromorphia,Dasyuridae,Antechinus,stuartii,-1.5497508916806388,38.92324979320565,-2756.047650778884,216.10347744287705,-1994.1446024056083,-588.522102691723,179.2283583714183,f_3,-0.7235381958267558,-0.6975776870300129,-0.6891431569467346
Aplodontia rufa,Mammalia,Rodentia,Aplodontiidae,Aplodontia,rufa,-0.2006594505464183,38.92324979320565,-2762.4552385025554,218.3717657788936,-2025.413014017376,-610.0258245105548,199.7655186548644,f_3,0.18920948958230613,0.31788415507053913,0.28390629287837243
Aplodontia rufa,Mammalia,Rodentia,Aplodontiidae,Aplodontia,rufa,-0.10072681268239618,38.92324979320565,-2762.4552385025554,218.3717657788936,-2025.413014017376,-610.0258245105548,199.7655186548644,f_3,0.3643633546157308,0.4060172449767435,0.4524580147814419
Apodemus flavicollis,Mammalia,Rodentia,Muridae,Apodemus,flavicollis,-1.630784142589859,38.92324979320565,-2756.047650778884,216.10347744287705,-1994.1446024056083,-588.522102691723,179.2283583714183,f_3,-0.6270879970298935,-0.7617153516059193,-0.7485414933399308
Apodemus flavicollis,Mammalia,Rodentia,Muridae,Apodemus,flavicollis,-1.621602099051864,38.92324979320565,-2756.047650778884,216.10347744287705,-1994.1446024056083,-588.522102691723,179.2283583714183,f_3,-0.6161846340195687,-0.7544375914404046,-0.7412637331744161
Apodemus flavicollis,Mammalia,Rodentia,Muridae,Apodemus,flavicollis,-1.3925449767853315,38.92324979320565,-2756.047650778884,216.10347744287705,-1994.1446024056083,-588.522102691723,179.2283583714183,f_3,-0.07058107428570728,-0.575463327721074,-0.5638888655779517
Arctogalidia trivirgata,Mammalia,Carnivora,Viverridae,Arctogalidia,trivirgata,0.30319605742048883,38.92324979320565,-2756.047650778884,216.10347744287705,-1994.1446024056083,-588.522102691723,179.2283583714183,f_3,0.4892551683692605,0.6337088870898892,0.671817133472501
Artibeus concolor,Mammalia,Chiroptera,Phyllostomidae,Artibeus,concolor,-1.705533773838407,38.92324979320565,-2756.047650778884,216.10347744287705,-1994.1446024056083,-588.522102691723,179.2283583714183,f_3,-0.6536470255493614,-0.8206841811356789,-0.8206097788365978
Blarina carolinensis,Mammalia,Soricomorpha,Soricidae,Blarina,carolinensis,-1.9913998282380867,38.92324979320565,-2756.047650778884,216.10347744287705,-1994.1446024056083,-588.522102691723,179.2283583714183,f_3,-0.7258421507363202,-1.0339960941298059,-1.0329859432990258
Callospermophilus lateralis,Mammalia,Rodentia,Sciuridae,Callospermophilus,lateralis,-0.6623411089738578,38.92324979320565,-2762.4552385025554,218.3717657788936,-2025.413014017376,-610.0258245105548,199.7655186548644,f_3,0.1195857749617838,-0.0014649961910903342,0.013390389424970728
Callospermophilus lateralis,Mammalia,Rodentia,Sciuridae,Callospermophilus,lateralis,-0.6252516539898961,38.92324979320565,-2762.4552385025554,218.3717657788936,-2025.413014017376,-610.0258245105548,199.7655186548644,f_3,-0.09691001300805639,0.03276344031479979,0.04572685935694776
Callospermophilus lateralis,Mammalia,Rodentia,Sciuridae,Callospermophilus,lateralis,-0.5683789523726449,38.92324979320565,-2762.4552385025554,218.3717657788936,-2025.413014017376,-610.0258245105548,199.7655186548644,f_3,-0.13076828026902382,0.03946788517737959,0.06906384707288171
Callospermophilus lateralis,Mammalia,Rodentia,Sciuridae,Callospermophilus,lateralis,-0.5548630312866958,38.92324979320565,-2762.4552385025554,218.3717657788936,-2025.413014017376,-610.0258245105548,199.7655186548644,f_3,0.04883008652835004,0.05018071088687753,0.07977667278237965
Calomys musculinus,Mammalia,Rodentia,Cricetidae,Calomys,musculinus,-1.7721132953863266,38.92324979320565,-2756.047650778884,216.10347744287705,-1994.1446024056083,-588.522102691723,179.2283583714183,f_3,-0.8124792791635369,-0.8769875540105109,-0.8776573447294862
Canis mesomelas,Mammalia,Carnivora,Canidae,Canis,mesomelas,0.8876173003357362,38.92324979320565,-2756.047650778884,216.10347744287705,-1994.1446024056083,-588.522102691723,179.2283583714183,f_3,1.3331045403985897,1.1135929142825467,1.1142021617874542
Cercartetus lepidus,Mammalia,Diprotodontia,Burramyidae,Cercartetus,lepidus,-1.899629454882437,38.92324979320565,-2756.047650778884,216.10347744287705,-1994.1446024056083,-588.522102691723,179.2283583714183,f_3,-0.978810700930062,-0.9759261610018417,-0.9684405455133154
Cervus elaphus,Mammalia,Artiodactyla,Cervidae,Cervus,elaphus,1.8260748027008264,38.92324979320565,-2756.047650778884,216.10347744287705,-1994.1446024056083,-588.522102691723,179.2283583714183,f_3,2.0508822106640294,1.905434774163201,1.9062155229049855
Chironectes minimus,Mammalia,Didelphimorphia,Didelphidae,Chironectes,minimus,-0.0291883891274822,38.92324979320565,-2756.047650778884,216.10347744287705,-1994.1446024056083,-588.522102691723,179.2283583714183,f_3,0.4063698354692675,0.4226339130763033,0.4500442780945124
Chironectes minimus,Mammalia,Didelphimorphia,Didelphidae,Chironectes,minimus,-0.02410886359820726,38.92324979320565,-2756.047650778884,216.10347744287705,-1994.1446024056083,-588.522102691723,179.2283583714183,f_3,0.48586332959733464,0.42604697958862725,0.45407035011254426
Coendou prehensilis,Mammalia,Rodentia,Erethizontidae,Coendou,prehensilis,0.5158738437116791,38.92324979320565,-3727.984307889352,-6512.39244757889,4734.26894534594,428.6245147082449,-225.76243791941903,f_3,0.7095243558763411,0.7231450712366965,0.7506620772361018
Connochaetes taurinus,Mammalia,Artiodactyla,Bovidae,Connochaetes,taurinus,2.2933625547114453,38.92324979320565,-2756.047650778884,216.10347744287705,-1994.1446024056083,-588.522102691723,179.2283583714183,f_3,2.361865655439489,2.2702775004631217,2.276591482607566
Crocidura crossei,Mammalia,Soricomorpha,Soricidae,Crocidura,crossei,-2.0222763947111524,38.92324979320565,-2756.047650778884,216.10347744287705,-1994.1446024056083,-588.522102691723,179.2283583714183,f_3,-0.9318141382538383,-1.057087403259149,-1.0455320790202027
Crocidura crossei,Mammalia,Soricomorpha,Soricidae,Crocidura,crossei,-1.9913998282380867,38.92324979320565,-2756.047650778884,216.10347744287705,-1994.1446024056083,-588.522102691723,179.2283583714183,f_3,-0.9030899869919435,-1.0339960941298059,-1.0329859432990258
Crocidura leucodon,Mammalia,Soricomorpha,Soricidae,Crocidura,leucodon,-1.931814138253842,38.92324979320565,-2756.047650778884,216.10347744287705,-1994.1446024056083,-588.522102691723,179.2283583714183,f_3,-0.7798919119599449,-0.9928407241953483,-0.9990475005294066
Crocidura russula,Mammalia,Soricomorpha,Soricidae,Crocidura,russula,-2.0177287669604316,38.92324979320565,-2756.047650778884,216.10347744287705,-1994.1446024056083,-588.522102691723,179.2283583714183,f_3,-0.8827287043442357,-1.0534829176177085,-1.0419275933787622
Crocidura russula,Mammalia,Soricomorpha,Soricidae,Crocidura,russula,-1.9956786262173574,38.92324979320565,-2756.047650778884,216.10347744287705,-1994.1446024056083,-588.522102691723,179.2283583714183,f_3,-0.7798919119599449,-1.0373875031730067,-1.0267241268011118
Crocidura russula,Mammalia,Soricomorpha,Soricidae,Crocidura,russula,-1.9829666607012197,38.92324979320565,-2756.047650778884,216.10347744287705,-1994.1446024056083,-588.522102691723,179.2283583714183,f_3,-0.8927900303521317,-1.0333846171416905,-1.0263017481615322
Crocidura russula,Mammalia,Soricomorpha,Soricidae,Crocidura,russula,-1.8632794328435964,38.92324979320565,-2756.047650778884,216.10347744287705,-1994.1446024056083,-588.522102691723,179.2283583714183,f_3,-0.8239087409443188,-0.9492465539689484,-0.9384225947713702
Crocidura suaveolens,Mammalia,Soricomorpha,Soricidae,Crocidura,suaveolens,-2.1870866433571443,38.92324979320565,-2756.047650778884,216.10347744287705,-1994.1446024056083,-588.522102691723,179.2283583714183,f_3,-0.978810700930062,-1.1783042246324285,-1.1844141637596601
Crocidura suaveolens,Mammalia,Soricomorpha,Soricidae,Crocidura,suaveolens,-2.167491087293764,38.92324979320565,-2756.047650778884,216.10347744287705,-1994.1446024056083,-588.522102691723,179.2283583714183,f_3,-0.958607314841775,-1.1627726322642307,-1.1386459472101917
Crocidura suaveolens,Mammalia,Soricomorpha,Soricidae,Crocidura,suaveolens,-2.1249387366083,38.92324979320565,-2756.047650778884,216.10347744287705,-1994.1446024056083,-588.522102691723,179.2283583714183,f_3,-0.9208187539523752,-1.1280187255676117,-1.0735970032872812
Ctenomys fulvus,Mammalia,Rodentia,Ctenomyidae,Ctenomys,fulvus,-0.5228787452803376,38.92324979320565,-3727.984307889352,-6512.39244757889,4734.26894534594,428.6245147082449,-225.76243791941903,f_3,0.022840610876527823,0.009404386353759286,0.029005512989593196
Cuniculus paca,Mammalia,Rodentia,Cuniculidae,Cuniculus,paca,0.9617057840025053,38.92324979320565,-3727.984307889352,-6512.39244757889,4734.26894534594,428.6245147082449,-225.76243791941903,f_3,1.1853438015821884,1.1039116904031563,1.1125353612445827
Dasyurus geoffroii,Mammalia,Dasyuromorphia,Dasyuridae,Dasyurus,geoffroii,0.11394335230683679,38.92324979320565,-2756.047650778884,216.10347744287705,-1994.1446024056083,-588.522102691723,179.2283583714183,f_3,0.45024910831936105,0.5077543093279289,0.5756220464909069
Dasyurus geoffroii,Mammalia,Dasyuromorphia,Dasyuridae,Dasyurus,geoffroii,0.13161866434912553,38.92324979320565,-2756.047650778884,216.10347744287705,-1994.1446024056083,-588.522102691723,179.2283583714183,f_3,0.5013331786455663,0.5338162306919598,0.5896316382949662
Dasyurus hallucatus,Mammalia,Dasyuromorphia,Dasyuridae,Dasyurus,hallucatus,-0.25336580106242124,38.92324979320565,-2756.047650778884,216.10347744287705,-1994.1446024056083,-588.522102691723,179.2283583714183,f_3,0.13225968953104458,0.23652601767534226,0.25430375860815935
Dasyurus hallucatus,Mammalia,Dasyuromorphia,Dasyuridae,Dasyurus,hallucatus,-0.2332897927377408,38.92324979320565,-2756.047650778884,216.10347744287705,-1994.1446024056083,-588.522102691723,179.2283583714183,f_3,0.22089224921951925,0.24746983003930934,0.24233065017814237
Dendrohyrax dorsalis,Mammalia,Hyracoidea,Procaviidae,Dendrohyrax,dorsalis,0.3443922736851107,38.92324979320565,-3655.337037865597,-5944.340167150048,4120.696289745943,301.925623364948,-31.88199990414605,f_3,0.6222140229662954,0.5952164518135732,0.5528543585178712
Dipodomys heermanni,Mammalia,Rodentia,Heteromyidae,Dipodomys,heermanni,-1.198596289982645,38.92324979320565,-3727.984307889352,-6512.39244757889,4734.26894534594,428.6245147082449,-225.76243791941903,f_3,-0.3893398369101201,-0.5135626608721205,-0.49291057919239223
Dipodomys microps,Mammalia,Rodentia,Heteromyidae,Dipodomys,microps,-1.288192770958809,38.92324979320565,-3727.984307889352,-6512.39244757889,4734.26894534594,428.6245147082449,-225.76243791941903,f_3,-0.5157001606532142,-0.5853893308343874,-0.5694565730187235
Dipodomys microps,Mammalia,Rodentia,Heteromyidae,Dipodomys,microps,-1.2660007134616131,38.92324979320565,-3727.984307889352,-6512.39244757889,4734.26894534594,428.6245147082449,-225.76243791941903,f_3,-0.4814860601221125,-0.5677997309402476,-0.5587243146874472
Dipodomys microps,Mammalia,Rodentia,Heteromyidae,Dipodomys,microps,-1.254144804826271,38.92324979320565,-3727.984307889352,-6512.39244757889,4734.26894534594,428.6245147082449,-225.76243791941903,f_3,-0.4736607226101559,-0.5584026441985839,-0.5493272279457835
Dipodomys microps,Mammalia,Rodentia,Heteromyidae,Dipodomys,microps,-1.2426039712069759,38.92324979320565,-3727.984307889352,-6512.39244757889,4734.26894534594,428.6245147082449,-225.76243791941903,f_3,-0.4282911681913124,-0.5492552884009572,-0.5372038837135291
Dobsonia moluccensis,Mammalia,Chiroptera,Pteropodidae,Dobsonia,moluccensis,-0.6172627342386696,38.92324979320565,-2756.047650778884,216.10347744287705,-1994.1446024056083,-588.522102691723,179.2283583714183,f_3,-0.012780770091995148,0.0033888639968289586,0.022236292622333176
Dobsonia moluccensis,Mammalia,Chiroptera,Pteropodidae,Dobsonia,moluccensis,-0.3932962586663257,38.92324979320565,-2756.047650778884,216.10347744287705,-1994.1446024056083,-588.522102691723,179.2283583714183,f_3,0.3121773564397787,0.162566063545174,0.119341940260552
Eptesicus fuscus,Mammalia,Chiroptera,Vespertilionidae,Eptesicus,fuscus,-1.9829666607012197,38.92324979320565,-2764.627306005197,219.14067844833644,-2036.0124944536992,-617.3152347165119,206.72728029932367,f_3,-0.9355420107730815,-1.0055641103287913,-1.0208602240731495
Eptesicus fuscus,Mammalia,Chiroptera,Vespertilionidae,Eptesicus,fuscus,-1.7721132953863266,38.92324979320565,-2764.627306005197,219.14067844833644,-2036.0124944536992,-617.3152347165119,206.72728029932367,f_3,-0.958607314841775,-0.8879018457198781,-0.874227715820852
Eremitalpa granti,Mammalia,Afrosoricida,Chrysochloridae,Eremitalpa,granti,-1.6989700043360187,38.92324979320565,-3655.337037865597,-5944.340167150048,4120.696289745943,301.925623364948,-31.88199990414605,f_3,-1.2518119729937995,-0.9192239206327871,-0.9916272533208861
Eremitalpa granti,Mammalia,Afrosoricida,Chrysochloridae,Eremitalpa,granti,-1.583359492661719,38.92324979320565,-3655.337037865597,-5944.340167150048,4120.696289745943,301.925623364948,-31.88199990414605,f_3,-1.0655015487564323,-0.8332469027308673,-0.8778304532301873
Galago senegalensis,Mammalia,Primates,Galagidae,Galago,senegalensis,-0.7657358756212107,38.92324979320565,-3656.283145563617,-5950.821332433509,4127.129478131476,302.86242909222767,-32.104100974128414,f_3,-0.11690664142431006,-0.17465399544370316,-0.1886016954330414
Galagoides demidoff,Mammalia,Primates,Galagidae,Galagoides,demidoff,-1.214670164989233,38.92324979320565,-3655.337037865597,-5944.340167150048,4120.696289745943,301.925623364948,-31.88199990414605,f_3,-0.37675070960209955,-0.5247183664445261,-0.5799484905241272
Galagoides demidoff,Mammalia,Primates,Galagidae,Galagoides,demidoff,-1.1951793212788377,38.92324979320565,-3655.337037865597,-5944.340167150048,4120.696289745943,301.925623364948,-31.88199990414605,f_3,-0.48280410205002566,-0.5092697699136102,-0.5570595355928665
Geogale aurita,Mammalia,Afrosoricida,Tenrecidae,Geogale,aurita,-2.161150909262745,38.92324979320565,-3655.337037865597,-5944.340167150048,4120.696289745943,301.925623364948,-31.88199990414605,f_3,-1.3665315444204136,-1.2613865782282043,-1.3195895852091353
Georychus capensis,Mammalia,Rodentia,Bathyergidae,Georychus,capensis,-0.7189666327522725,38.92324979320565,-3727.984307889352,-6512.39244757889,4734.26894534594,428.6245147082449,-225.76243791941903,f_3,-0.20134935455473107,-0.1345147158434117,-0.11520797884902767
Georychus capensis,Mammalia,Rodentia,Bathyergidae,Georychus,capensis,-0.7099653886374819,38.92324979320565,-3727.984307889352,-6512.39244757889,4734.26894534594,428.6245147082449,-225.76243791941903,f_3,-0.19044028536473223,-0.1273802587274522,-0.10807352173306817
Gerbilliscus leucogaster,Mammalia,Rodentia,Muridae,Gerbilliscus,leucogaster,-0.8735438865681957,38.92324979320565,-3727.984307889352,-6512.39244757889,4734.26894534594,428.6245147082449,-225.76243791941903,f_3,-0.11690664142431006,-0.2579937759902997,-0.2388309097895529
Gerbilliscus leucogaster,Mammalia,Rodentia,Muridae,Gerbilliscus,leucogaster,-0.802388676830286,38.92324979320565,-3727.984307889352,-6512.39244757889,4734.26894534594,428.6245147082449,-225.76243791941903,f_3,-0.13076828026902382,-0.20063568627929643,-0.1803404663216186
Gerbillurus setzeri,Mammalia,Rodentia,Muridae,Gerbillurus,setzeri,-1.3362990746103518,38.92324979320565,-2756.047650778884,216.10347744287705,-1994.1446024056083,-588.522102691723,179.2283583714183,f_3,-0.6861327796308466,-0.5359640194048697,-0.5380664177988861
Gerbillurus tytonis,Mammalia,Rodentia,Muridae,Gerbillurus,tytonis,-1.5243288116755704,38.92324979320565,-2756.047650778884,216.10347744287705,-1994.1446024056083,-588.522102691723,179.2283583714183,f_3,-0.7520267336381934,-0.6774279458073945,-0.6689934157241162
Gerbillurus vallinus,Mammalia,Rodentia,Muridae,Gerbillurus,vallinus,-1.4111682744057938,38.92324979320565,-3727.984307889352,-6512.39244757889,4734.26894534594,428.6245147082449,-225.76243791941903,f_3,-0.712198270069774,-0.6910595283642624,-0.6772346038003862
Graphiurus murinus,Mammalia,Rodentia,Gliridae,Graphiurus,murinus,-1.4153296155356512,38.92324979320565,-2762.4552385025554,218.3717657788936,-2025.413014017376,-610.0258245105548,199.7655186548644,f_3,-0.6478174818886375,-0.5616281068472558,-0.5508617573488193
Gulo gulo,Mammalia,Carnivora,Mustelidae,Gulo,gulo,1.1038037209559568,38.92324979320565,-2756.047650778884,216.10347744287705,-1994.1446024056083,-588.522102691723,179.2283583714183,f_3,1.5019488596712807,1.321646368638619,1.2952323745766332
Heteromys desmarestianus,Mammalia,Rodentia,Heteromyidae,Heteromys,desmarestianus,-1.120330794367947,38.92324979320565,-3727.984307889352,-6512.39244757889,4734.26894534594,428.6245147082449,-225.76243791941903,f_3,-0.2572748686953017,-0.45152881143959084,-0.42752861765353933
Homo sapiens,Mammalia,Primates,Hominidae,Homo,sapiens,1.845098040014257,38.92324979320565,-3655.337037865597,-5944.340167150048,4120.696289745943,301.925623364948,-31.88199990414605,f_3,1.9179254220647413,1.7514651661605591,1.7445008776850477
Hydromys chrysogaster,Mammalia,Rodentia,Muridae,Hydromys,chrysogaster,-0.045757490560675115,38.92324979320565,-2756.047650778884,216.10347744287705,-1994.1446024056083,-588.522102691723,179.2283583714183,f_3,0.4727564493172124,0.41113866945509503,0.4273334600306222
Hylomys suillus,Mammalia,Erinaceomorpha,Erinaceidae,Hylomys,suillus,-1.238072161579471,38.92324979320565,-2756.047650778884,216.10347744287705,-1994.1446024056083,-588.522102691723,179.2283583714183,f_3,-0.47495519296315475,-0.4606539916285999,-0.47417028745053247
Kerodon rupestris,Mammalia,Rodentia,Caviidae,Kerodon,rupestris,-0.09636748391576232,38.92324979320565,-3727.984307889352,-6512.39244757889,4734.26894534594,428.6245147082449,-225.76243791941903,f_3,0.30341207059674197,0.30658054573568283,0.35584294613091716
Kobus ellipsiprymnus,Mammalia,Artiodactyla,Bovidae,Kobus,ellipsiprymnus,2.0,38.92324979320565,-2756.047650778884,216.10347744287705,-1994.1446024056083,-588.522102691723,179.2283583714183,f_3,2.1730375918347833,2.03920410223069,2.044070006762029
Lasiorhinus latifrons,Mammalia,Diprotodontia,Vombatidae,Lasiorhinus,latifrons,1.3979400086720377,38.92324979320565,-2756.047650778884,216.10347744287705,-1994.1446024056083,-588.522102691723,179.2283583714183,f_3,1.1858536699341418,1.5730014778484656,1.570784507579344
Lasiorhinus latifrons,Mammalia,Diprotodontia,Vombatidae,Lasiorhinus,latifrons,1.4759180414394681,38.92324979320565,-2756.047650778884,216.10347744287705,-1994.1446024056083,-588.522102691723,179.2283583714183,f_3,1.2224563366792467,1.6367900769528798,1.6286785107738053
Lemniscomys griselda,Mammalia,Rodentia,Muridae,Lemniscomys,griselda,-1.3233063903751334,38.92324979320565,-2756.047650778884,216.10347744287705,-1994.1446024056083,-588.522102691723,179.2283583714183,f_3,-0.4934949675951279,-0.5256659153522257,-0.5277683137462421
Lepus californicus,Mammalia,Lagomorpha,Leporidae,Lepus,californicus,0.36172783601759284,38.92324979320565,-2763.255529574752,218.65506910344627,-2029.3183574529687,-612.7115835407454,202.3305566585363,f_3,0.8641549560020255,0.7869329304690649,0.7919797132415619
Macrotis lagotis,Mammalia,Peramelemorphia,Thylacomyidae,Macrotis,lagotis,0.00475115559100102,38.92324979320565,-2756.047650778884,216.10347744287705,-1994.1446024056083,-588.522102691723,179.2283583714183,f_3,0.2953471483336179,0.4279271885659889,0.47633640975945046
Macrotis lagotis,Mammalia,Peramelemorphia,Thylacomyidae,Macrotis,lagotis,0.11193427633268159,38.92324979320565,-2756.047650778884,216.10347744287705,-1994.1446024056083,-588.522102691723,179.2283583714183,f_3,0.3996737214810381,0.4895860180678098,0.5511710285057099
Macrotis lagotis,Mammalia,Peramelemorphia,Thylacomyidae,Macrotis,lagotis,0.1693804953119495,38.92324979320565,-2756.047650778884,216.10347744287705,-1994.1446024056083,-588.522102691723,179.2283583714183,f_3,0.44560420327359757,0.5573345233708336,0.6077905788754607
Madoqua kirkii,Mammalia,Artiodactyla,Bovidae,Madoqua,kirkii,0.6324572921847242,38.92324979320565,-2756.047650778884,216.10347744287705,-1994.1446024056083,-588.522102691723,179.2283583714183,f_3,1.0779489985060275,0.9070662127691049,0.90109610897517
Manis pentadactyla,Mammalia,Pholidota,Manidae,Manis,pentadactyla,0.5608030019939637,38.92324979320565,-2756.047650778884,216.10347744287705,-1994.1446024056083,-588.522102691723,179.2283583714183,f_3,0.5713593927538396,0.8348382278604481,0.9312149776699121
Marmota monax,Mammalia,Rodentia,Sciuridae,Marmota,monax,0.42324587393680785,38.92324979320565,-2762.4552385025554,218.3717657788936,-2025.413014017376,-610.0258245105548,199.7655186548644,f_3,0.5677319625480691,0.7633181748336092,0.7836569860423892
Microdipodops megacephalus,Mammalia,Rodentia,Heteromyidae,Microdipodops,megacephalus,-1.958607314841775,38.92324979320565,-3727.984307889352,-6512.39244757889,4734.26894534594,428.6245147082449,-225.76243791941903,f_3,-0.7746907182741372,-1.1206065387153301,-1.1125317548224045
Micromys minutus,Mammalia,Rodentia,Muridae,Micromys,minutus,-2.221848749616356,38.92324979320565,-3727.984307889352,-6512.39244757889,4734.26894534594,428.6245147082449,-225.76243791941903,f_3,-0.6497519816658371,-1.3214455817317634,-1.3230067101417318
Micromys minutus,Mammalia,Rodentia,Muridae,Micromys,minutus,-2.1325325121409486,38.92324979320565,-3727.984307889352,-6512.39244757889,4734.26894534594,428.6245147082449,-225.76243791941903,f_3,-0.9281179926938746,-1.2569088656144616,-1.201108998269001
Micromys minutus,Mammalia,Rodentia,Muridae,Micromys,minutus,-2.0604807473813813,38.92324979320565,-3727.984307889352,-6512.39244757889,4734.26894534594,428.6245147082449,-225.76243791941903,f_3,-0.619788758288394,-1.2007250222085792,-1.1782795730234479
Micromys minutus,Mammalia,Rodentia,Muridae,Micromys,minutus,-2.0599818449923366,38.92324979320565,-3727.984307889352,-6512.39244757889,4734.26894534594,428.6245147082449,-225.76243791941903,f_3,-0.585026652029182,-1.2003295882380858,-1.1778841390529544
Microtus californicus,Mammalia,Rodentia,Cricetidae,Microtus,californicus,-1.3565473235138126,38.92324979320565,-2756.047650778884,216.10347744287705,-1994.1446024056083,-588.522102691723,179.2283583714183,f_3,-0.42021640338318983,-0.5507791266797233,-0.5496658976336588
Microtus oeconomus,Mammalia,Rodentia,Cricetidae,Microtus,oeconomus,-1.494850021680094,38.92324979320565,-2756.047650778884,216.10347744287705,-1994.1446024056083,-588.522102691723,179.2283583714183,f_3,-0.24412514432750865,-0.6540628242340875,-0.6470303593086995
Microtus oeconomus,Mammalia,Rodentia,Cricetidae,Microtus,oeconomus,-1.4723700991286615,38.92324979320565,-2756.047650778884,216.10347744287705,-1994.1446024056083,-588.522102691723,179.2283583714183,f_3,-0.24949160514865382,-0.638733349606036,-0.6339857203534243
Microtus pinetorum,Mammalia,Rodentia,Cricetidae,Microtus,pinetorum,-1.623423042943488,38.92324979320565,-2757.7327456316884,216.6999763481903,-2002.3671368346093,-594.1762669238751,184.6264733249324,f_3,-0.5058454059815573,-0.7379962448741599,-0.6487054290161638
Microtus pinetorum,Mammalia,Rodentia,Cricetidae,Microtus,pinetorum,-1.6020599913279623,38.92324979320565,-2757.7327456316884,216.6999763481903,-2002.3671368346093,-594.1762669238751,184.6264733249324,f_3,-0.5528419686577808,-0.7210637215836795,-0.6366021485511915
Microtus pinetorum,Mammalia,Rodentia,Cricetidae,Microtus,pinetorum,-1.5934598195660448,38.92324979320565,-2757.7327456316884,216.6999763481903,-2002.3671368346093,-594.1762669238751,184.6264733249324,f_3,-0.48678239993206096,-0.7142471575795475,-0.6297855845470595
Monodelphis domestica,Mammalia,Didelphimorphia,Didelphidae,Monodelphis,domestica,-0.9829666607012196,38.92324979320565,-2756.047650778884,216.10347744287705,-1994.1446024056083,-588.522102691723,179.2283583714183,f_3,-0.47495519296315475,-0.29642507439419263,-0.3151124662127327
Monophyllus redmani,Mammalia,Chiroptera,Phyllostomidae,Monophyllus,redmani,-2.0604807473813813,38.92324979320565,-2756.047650778884,216.10347744287705,-1994.1446024056083,-588.522102691723,179.2283583714183,f_3,-1.207608310501746,-1.0839598310657665,-1.0763917774149572
Mus musculus,Mammalia,Rodentia,Muridae,Mus,musculus,-1.8794260687941502,38.92324979320565,-2756.047650778884,216.10347744287705,-1994.1446024056083,-588.522102691723,179.2283583714183,f_3,-0.4377071355435253,-0.9611485075717431,-0.9512205458420386
Mus musculus,Mammalia,Rodentia,Muridae,Mus,musculus,-1.7695510786217261,38.92324979320565,-2756.047650778884,216.10347744287705,-1994.1446024056083,-588.522102691723,179.2283583714183,f_3,-0.7958800173440752,-0.8749567207839352,-0.8717187266833075
Mus musculus,Mammalia,Rodentia,Muridae,Mus,musculus,-1.585026652029182,38.92324979320565,-2756.047650778884,216.10347744287705,-1994.1446024056083,-588.522102691723,179.2283583714183,f_3,-0.46852108295774486,-0.7254476035062273,-0.7171030029669081
Mustela frenata,Mammalia,Carnivora,Mustelidae,Mustela,frenata,-0.6478174818886375,38.92324979320565,-2756.047650778884,216.10347744287705,-1994.1446024056083,-588.522102691723,179.2283583714183,f_3,0.12839926871780646,-0.022339931635943604,-0.006166662402130374
Myodes californicus,Mammalia,Rodentia,Cricetidae,Myodes,californicus,-1.7375489102695705,38.92324979320565,-2756.047650778884,216.10347744287705,-1994.1446024056083,-588.522102691723,179.2283583714183,f_3,-0.4672456210075022,-0.8495915496126528,-0.8463535555120252
Myoprocta acouchy,Mammalia,Rodentia,Dasyproctidae,Myoprocta,acouchy,-0.039053804266168564,38.92324979320565,-3727.984307889352,-6512.39244757889,4734.26894534594,428.6245147082449,-225.76243791941903,f_3,0.447778009294621,0.35674088859543573,0.38395819524329533
Myotis lucifugus,Mammalia,Chiroptera,Vespertilionidae,Myotis,lucifugus,-2.283996656365201,38.92324979320565,-2764.627306005197,219.14067844833644,-2036.0124944536992,-617.3152347165119,206.72728029932367,f_3,-1.3010299956639813,-1.2229450229231378,-1.2732020319699642
Myotis lucifugus,Mammalia,Chiroptera,Vespertilionidae,Myotis,lucifugus,-2.1870866433571443,38.92324979320565,-2764.627306005197,219.14067844833644,-2036.0124944536992,-617.3152347165119,206.72728029932367,f_3,-1.2839966563652008,-1.1461333818771022,-1.1758568366679663
Napaeozapus insignis,Mammalia,Rodentia,Dipodidae,Napaeozapus,insignis,-1.665546248849069,38.92324979320565,-3727.984307889352,-6512.39244757889,4734.26894534594,428.6245147082449,-225.76243791941903,f_3,-0.6575773191777937,-0.8934334215075594,-0.8969294037144537
Napaeozapus insignis,Mammalia,Rodentia,Dipodidae,Napaeozapus,insignis,-1.6575773191777938,38.92324979320565,-3727.984307889352,-6512.39244757889,4734.26894534594,428.6245147082449,-225.76243791941903,f_3,-0.6556077263148893,-0.8882867675282761,-0.9013505248337477
Neotoma lepida,Mammalia,Rodentia,Cricetidae,Neotoma,lepida,-1.0056828473303634,38.92324979320565,-2758.0116502138903,216.79871975347584,-2003.728412737407,-595.1126928034295,185.52164266823863,f_3,-0.384049948343599,-0.30240073893800457,-0.23883751470590409
Neotoma lepida,Mammalia,Rodentia,Cricetidae,Neotoma,lepida,-0.9746941347352298,38.92324979320565,-2758.0116502138903,216.79871975347584,-2003.728412737407,-595.1126928034295,185.52164266823863,f_3,-0.44369749923271273,-0.27783884079711507,-0.20960756705072092
Neotoma lepida,Mammalia,Rodentia,Cricetidae,Neotoma,lepida,-0.958607314841775,38.92324979320565,-2758.0116502138903,216.79871975347584,-2003.728412737407,-595.1126928034295,185.52164266823863,f_3,-0.3142582613977364,-0.262253375600914,-0.19765365018693282
Neotoma lepida,Mammalia,Rodentia,Cricetidae,Neotoma,lepida,-0.9453869454431122,38.92324979320565,-2758.0116502138903,216.79871975347584,-2003.728412737407,-595.1126928034295,185.52164266823863,f_3,-0.2865094569060575,-0.2517748064910157,-0.1871750810770345
Neotoma lepida,Mammalia,Rodentia,Cricetidae,Neotoma,lepida,-0.8601209135987634,38.92324979320565,-2758.0116502138903,216.79871975347584,-2003.728412737407,-595.1126928034295,185.52164266823863,f_3,-0.2564902352715702,-0.18469142820073656,-0.11235161522619674
Noctilio albiventris,Mammalia,Chiroptera,Noctilionidae,Noctilio,albiventris,-1.5686362358410126,38.92324979320565,-2756.047650778884,216.10347744287705,-1994.1446024056083,-588.522102691723,179.2283583714183,f_3,-0.7544873321858502,-0.712546359839466,-0.7041118297561877
Nyctimene albiventer,Mammalia,Chiroptera,Pteropodidae,Nyctimene,albiventer,-1.5497508916806388,38.92324979320565,-2756.047650778884,216.10347744287705,-1994.1446024056083,-588.522102691723,179.2283583714183,f_3,-0.6478174818886375,-0.6975776870300129,-0.6891431569467346
Nyctimene albiventer,Mammalia,Chiroptera,Pteropodidae,Nyctimene,albiventer,-1.5100415205751667,38.92324979320565,-2756.047650778884,216.10347744287705,-1994.1446024056083,-588.522102691723,179.2283583714183,f_3,-0.8181564120552275,-0.6661037261374086,-0.6590712612120206
Nyctinomops laticaudatus,Mammalia,Chiroptera,Molossidae,Nyctinomops,laticaudatus,-1.853871964321762,38.92324979320565,-2764.627306005197,219.14067844833644,-2036.0124944536992,-617.3152347165119,206.72728029932367,f_3,-1.207608310501746,-0.9437224490721832,-0.9275365320761579
Nyctophilus geoffroyi,Mammalia,Chiroptera,Vespertilionidae,Nyctophilus,geoffroyi,-2.0969100130080562,38.92324979320565,-2764.627306005197,219.14067844833644,-2036.0124944536992,-617.3152347165119,206.72728029932367,f_3,-1.207608310501746,-1.0820156985720704,-1.0617087337678905
Octodontomys gliroides,Mammalia,Rodentia,Octodontidae,Octodontomys,gliroides,-0.8181564120552275,38.92324979320565,-3727.984307889352,-6512.39244757889,4734.26894534594,428.6245147082449,-225.76243791941903,f_3,-0.1372724716820254,-0.2131333176448649,-0.19283809768718707
Octodontomys gliroides,Mammalia,Rodentia,Octodontidae,Octodontomys,gliroides,-0.8060410219808131,38.92324979320565,-3727.984307889352,-6512.39244757889,4734.26894534594,428.6245147082449,-225.76243791941903,f_3,-0.15366288787019475,-0.20353056386697357,-0.18323534390929574
Oreamnos americanus,Mammalia,Artiodactyla,Bovidae,Oreamnos,americanus,1.505149978319906,38.92324979320565,-2756.047650778884,216.10347744287705,-1994.1446024056083,-588.522102691723,179.2283583714183,f_3,1.6666489979184846,1.659959540799241,1.6518479746201664
Ornithorhynchus anatinus,Mammalia,Monotremata,Ornithorhynchidae,Ornithorhynchus,anatinus,-0.1592667653881933,38.92324979320565,-3655.3370378655977,-5944.340167150049,4120.696289745943,301.9256233649478,-31.881999904145648,f_3,0.03422726077055066,0.25018890555382794,0.19106178532432283
Ornithorhynchus anatinus,Mammalia,Monotremata,Ornithorhynchidae,Ornithorhynchus,anatinus,0.07918124604762482,38.92324979320565,-3655.3370378655977,-5944.340167150049,4120.696289745943,301.9256233649478,-31.881999904145648,f_3,0.3979400086720376,0.3821723798680492,0.3528965884714095
Ornithorhynchus anatinus,Mammalia,Monotremata,Ornithorhynchidae,Ornithorhynchus,anatinus,0.11892575282577665,38.92324979320565,-3655.3370378655977,-5944.340167150049,4120.696289745943,301.9256233649478,-31.881999904145648,f_3,0.4253711664389412,0.44075156323836934,0.4245531607415318
Otospermophilus beecheyi,Mammalia,Rodentia,Sciuridae,Otospermophilus,beecheyi,-0.22213837582375812,38.92324979320565,-2762.4552385025554,218.3717657788936,-2025.413014017376,-610.0258245105548,199.7655186548644,f_3,0.24870873560091777,0.3011645166081656,0.26688192720915627
Perameles gunnii,Mammalia,Peramelemorphia,Peramelidae,Perameles,gunnii,-0.15801519540988615,38.92324979320565,-2756.047650778884,216.10347744287705,-1994.1446024056083,-588.522102691723,179.2283583714183,f_3,0.2792105126013951,0.3065815234524162,0.316441923672506
Perameles gunnii,Mammalia,Peramelemorphia,Peramelidae,Perameles,gunnii,-0.07727454200674003,38.92324979320565,-2756.047650778884,216.10347744287705,-1994.1446024056083,-588.522102691723,179.2283583714183,f_3,0.36977228859696276,0.3818688810468226,0.4023527963472595
Perognathus flavus,Mammalia,Rodentia,Heteromyidae,Perognathus,flavus,-2.0809219076239263,38.92324979320565,-3727.984307889352,-6512.39244757889,4734.26894534594,428.6245147082449,-225.76243791941903,f_3,-1.0132282657337552,-1.2169268471220103,-1.179885742678134
Perognathus longimembris,Mammalia,Rodentia,Heteromyidae,Perognathus,longimembris,-2.0861861476162886,38.92324979320565,-3727.984307889352,-6512.39244757889,4734.26894534594,428.6245147082449,-225.76243791941903,f_3,-1.154901959985743,-1.221099325281103,-1.1840582208372268
Perognathus longimembris,Mammalia,Rodentia,Heteromyidae,Perognathus,longimembris,-2.050609993355087,38.92324979320565,-3727.984307889352,-6512.39244757889,4734.26894534594,428.6245147082449,-225.76243791941903,f_3,-1.275724130399211,-1.1929013846752894,-1.1682538777448503
Peromyscus eremicus,Mammalia,Rodentia,Cricetidae,Peromyscus,eremicus,-1.6989700043360187,38.92324979320565,-2758.0116502138903,216.79871975347584,-2003.728412737407,-595.1126928034295,185.52164266823863,f_3,-0.7471469690201068,-0.8028733882756295,-0.7251560536295905
Peromyscus eremicus,Mammalia,Rodentia,Cricetidae,Peromyscus,eremicus,-1.6840296545430822,38.92324979320565,-2758.0116502138903,216.79871975347584,-2003.728412737407,-595.1126928034295,185.52164266823863,f_3,-0.8239087409443188,-0.7910315491325283,-0.7133142144864892
Peromyscus eremicus,Mammalia,Rodentia,Cricetidae,Peromyscus,eremicus,-1.6675615400843946,38.92324979320565,-2758.0116502138903,216.79871975347584,-2003.728412737407,-595.1126928034295,185.52164266823863,f_3,-0.7328282715969862,-0.7779787916594635,-0.7062201631539426
Peromyscus eremicus,Mammalia,Rodentia,Cricetidae,Peromyscus,eremicus,-1.6575773191777938,38.92324979320565,-2758.0116502138903,216.79871975347584,-2003.728412737407,-595.1126928034295,185.52164266823863,f_3,-0.7399286120149252,-0.7700652193814533,-0.6931096917002886
Peromyscus keeni,Mammalia,Rodentia,Cricetidae,Peromyscus,keeni,-1.5482135644757098,38.92324979320565,-2758.0116502138903,216.79871975347584,-2003.728412737407,-595.1126928034295,185.52164266823863,f_3,-0.583359492661719,-0.6837508919995681,-0.6064351186362187
Peromyscus polionotus,Mammalia,Rodentia,Cricetidae,Peromyscus,polionotus,-1.9208187539523751,38.92324979320565,-2758.0116502138903,216.79871975347584,-2003.728412737407,-595.1126928034295,185.52164266823863,f_3,-0.9208187539523752,-0.9661704532768403,-0.9022084502775585
Peromyscus truei,Mammalia,Rodentia,Cricetidae,Peromyscus,truei,-1.4814860601221125,38.92324979320565,-2758.0116502138903,216.79871975347584,-2003.728412737407,-595.1126928034295,185.52164266823863,f_3,-0.5917600346881504,-0.6333504348688065,-0.5597215623361238
Peromyscus truei,Mammalia,Rodentia,Cricetidae,Peromyscus,truei,-1.4814860601221125,38.92324979320565,-2758.0116502138903,216.79871975347584,-2003.728412737407,-595.1126928034295,185.52164266823863,f_3,-0.4559319556497244,-0.6333504348688065,-0.5597215623361238
Peromyscus truei,Mammalia,Rodentia,Cricetidae,Peromyscus,truei,-1.4788619162959638,38.92324979320565,-2758.0116502138903,216.79871975347584,-2003.728412737407,-595.1126928034295,185.52164266823863,f_3,-0.5482135644757098,-0.6312705177645693,-0.5576416452318866
Peromyscus truei,Mammalia,Rodentia,Cricetidae,Peromyscus,truei,-1.4775557664936814,38.92324979320565,-2758.0116502138903,216.79871975347584,-2003.728412737407,-595.1126928034295,185.52164266823863,f_3,-0.45717457304082015,-0.6302352531241971,-0.5566063805915145
Peropteryx macrotis,Mammalia,Chiroptera,Emballonuridae,Peropteryx,macrotis,-2.3010299956639813,38.92324979320565,-2756.047650778884,216.10347744287705,-1994.1446024056083,-588.522102691723,179.2283583714183,f_3,-1.1870866433571443,-1.270163162049235,-1.291303040342448
Petauroides volans,Mammalia,Diprotodontia,Pseudocheiridae,Petauroides,volans,0.05690485133647256,38.92324979320565,-2756.047650778884,216.10347744287705,-1994.1446024056083,-588.522102691723,179.2283583714183,f_3,0.5024271199844327,0.4377385883805409,0.16242942381879888
Petauroides volans,Mammalia,Diprotodontia,Pseudocheiridae,Petauroides,volans,0.05728564441821465,38.92324979320565,-2756.047650778884,216.10347744287705,-1994.1446024056083,-588.522102691723,179.2283583714183,f_3,0.505421327583281,0.43804040798204225,0.1627312434203002
Philander opossum,Mammalia,Didelphimorphia,Didelphidae,Philander,opossum,-0.1243600629958316,38.92324979320565,-2756.047650778884,216.10347744287705,-1994.1446024056083,-588.522102691723,179.2283583714183,f_3,0.27554168840130955,0.34030507679591193,0.36620492754292533
Philantomba monticola,Mammalia,Artiodactyla,Bovidae,Philantomba,monticola,0.6232492903979004,38.92324979320565,-2756.047650778884,216.10347744287705,-1994.1446024056083,-588.522102691723,179.2283583714183,f_3,1.003245054813147,0.8925666404837055,0.8675841430628947
Platyrrhinus lineatus,Mammalia,Chiroptera,Phyllostomidae,Platyrrhinus,lineatus,-1.6595558851598817,38.92324979320565,-2756.047650778884,216.10347744287705,-1994.1446024056083,-588.522102691723,179.2283583714183,f_3,-0.6020599913279624,-0.7842417437485754,-0.7761674444463205
Proechimys semispinosus,Mammalia,Rodentia,Echimyidae,Proechimys,semispinosus,-0.30277065724028246,38.92324979320565,-3727.984307889352,-6512.39244757889,4734.26894534594,428.6245147082449,-225.76243791941903,f_3,0.24303804868629444,0.16040698813825663,0.16255192723379785
Pteronotus personatus,Mammalia,Chiroptera,Mormoopidae,Pteronotus,personatus,-1.853871964321762,38.92324979320565,-2756.047650778884,216.10347744287705,-1994.1446024056083,-588.522102691723,179.2283583714183,f_3,-0.8927900303521317,-0.9417901201823703,-0.9309661609847921
Pteropus vampyrus,Mammalia,Chiroptera,Pteropodidae,Pteropus,vampyrus,0.010427172717049264,38.92324979320565,-2756.047650778884,216.10347744287705,-1994.1446024056083,-588.522102691723,179.2283583714183,f_3,0.6518592692469489,0.43242604453065503,0.4808352657241166
Puma concolor,Mammalia,Carnivora,Felidae,Puma,concolor,1.5705429398818975,38.92324979320565,-2756.047650778884,216.10347744287705,-1994.1446024056083,-588.522102691723,179.2283583714183,f_3,1.6930758985887921,1.714095634108658,1.7036789519828393
Puma yagouaroundi,Mammalia,Carnivora,Felidae,Puma,yagouaroundi,0.9242792860618817,38.92324979320565,-2756.047650778884,216.10347744287705,-1994.1446024056083,-588.522102691723,179.2283583714183,f_3,0.9863237770507653,1.1457029270139014,1.1432607409808906
Rangifer tarandus,Mammalia,Artiodactyla,Cervidae,Rangifer,tarandus,1.9294189257142926,38.92324979320565,-2756.047650778884,216.10347744287705,-1994.1446024056083,-588.522102691723,179.2283583714183,f_3,2.0779489985060278,1.9853970328221047,1.988126890314128
Rattus villosissimus,Mammalia,Rodentia,Muridae,Rattus,villosissimus,-0.7328282715969862,38.92324979320565,-2756.047650778884,216.10347744287705,-1994.1446024056083,-588.522102691723,179.2283583714183,f_3,-0.23284413391781958,-0.1020262266629327,-0.09279500564845744
Rattus villosissimus,Mammalia,Rodentia,Muridae,Rattus,villosissimus,-0.6010189333418688,38.92324979320565,-2756.047650778884,216.10347744287705,-1994.1446024056083,-588.522102691723,179.2283583714183,f_3,-0.08990945440593186,0.016263828770640296,0.03511125739614451
Rousettus aegyptiacus,Mammalia,Chiroptera,Pteropodidae,Rousettus,aegyptiacus,-0.835647144215563,38.92324979320565,-2756.047650778884,216.10347744287705,-1994.1446024056083,-588.522102691723,179.2283583714183,f_3,-0.16494389827988373,-0.17682353829615952,-0.18276081424549528
Setifer setosus,Mammalia,Afrosoricida,Tenrecidae,Setifer,setosus,-0.4621809049267259,38.92324979320565,-3655.337037865597,-5944.340167150048,4120.696289745943,301.925623364948,-31.88199990414605,f_3,-0.31605286924848786,0.05722567024224881,-0.10565410891411453
Setifer setosus,Mammalia,Afrosoricida,Tenrecidae,Setifer,setosus,-0.27572413039921095,38.92324979320565,-3655.337037865597,-5944.340167150048,4120.696289745943,301.925623364948,-31.88199990414605,f_3,-0.16749108729376366,0.1825595178418817,0.11529489453614428
Sigmodon fulviventer,Mammalia,Rodentia,Cricetidae,Sigmodon,fulviventer,-0.860750782428393,38.92324979320565,-2756.047650778884,216.10347744287705,-1994.1446024056083,-588.522102691723,179.2283583714183,f_3,0.06333335895174956,-0.19672088004136326,-0.19424267677769969
Sminthopsis murina,Mammalia,Dasyuromorphia,Dasyuridae,Sminthopsis,murina,-1.889410289700751,38.92324979320565,-2756.047650778884,216.10347744287705,-1994.1446024056083,-588.522102691723,179.2283583714183,f_3,-0.9430951486635274,-0.9690620798497532,-0.9603407545488818
Sminthopsis murina,Mammalia,Dasyuromorphia,Dasyuridae,Sminthopsis,murina,-1.7212463990471711,38.92324979320565,-2756.047650778884,216.10347744287705,-1994.1446024056083,-588.522102691723,179.2283583714183,f_3,-0.9208187539523752,-0.8346287373579918,-0.8416053135833528
Syconycteris australis,Mammalia,Chiroptera,Pteropodidae,Syconycteris,australis,-1.7986028756795485,38.92324979320565,-2756.047650778884,216.10347744287705,-1994.1446024056083,-588.522102691723,179.2283583714183,f_3,-0.9136401693252518,-0.897983404385373,-0.8967143901202557
Syconycteris australis,Mammalia,Chiroptera,Pteropodidae,Syconycteris,australis,-1.7569619513137056,38.92324979320565,-2756.047650778884,216.10347744287705,-1994.1446024056083,-588.522102691723,179.2283583714183,f_3,-0.7258421507363202,-0.8649784791363347,-0.8617404850357071
Sylvilagus audubonii,Mammalia,Lagomorpha,Leporidae,Sylvilagus,audubonii,-0.1723722952325666,38.92324979320565,-2763.255529574752,218.65506910344627,-2029.3183574529687,-612.7115835407454,202.3305566585363,f_3,0.3879234669734367,0.346931234422914,0.3814696435643936
Sylvilagus audubonii,Mammalia,Lagomorpha,Leporidae,Sylvilagus,audubonii,-0.15384852347118452,38.92324979320565,-2763.255529574752,218.65506910344627,-2029.3183574529687,-612.7115835407454,202.3305566585363,f_3,0.4099331233312945,0.36161332209568803,0.3961517312371676
Tamias minimus,Mammalia,Rodentia,Sciuridae,Tamias,minimus,-1.3391345219961308,38.92324979320565,-2762.4552385025554,218.3717657788936,-2025.413014017376,-610.0258245105548,199.7655186548644,f_3,-0.39147396642280585,-0.5051371491460723,-0.5106763300293553
Tamias minimus,Mammalia,Rodentia,Sciuridae,Tamias,minimus,-1.275724130399211,38.92324979320565,-2762.4552385025554,218.3717657788936,-2025.413014017376,-610.0258245105548,199.7655186548644,f_3,-0.5228787452803376,-0.4548775723825625,-0.46003447142599785
Tamias striatus,Mammalia,Rodentia,Sciuridae,Tamias,striatus,-1.058488567365597,38.92324979320565,-2762.4552385025554,218.3717657788936,-2025.413014017376,-610.0258245105548,199.7655186548644,f_3,-0.29929628285498067,-0.318944748482151,-0.3085050232447233
Tamias striatus,Mammalia,Rodentia,Sciuridae,Tamias,striatus,-1.0371573187987582,38.92324979320565,-2762.4552385025554,218.3717657788936,-2025.413014017376,-610.0258245105548,199.7655186548644,f_3,0.1192558892779367,-0.3058562460312117,-0.30278238478324737
Tatera indica,Mammalia,Rodentia,Muridae,Tatera,indica,-1.0614802748235082,38.92324979320565,-3727.984307889352,-6512.39244757889,4734.26894534594,428.6245147082449,-225.76243791941903,f_3,-0.3757179041643317,-0.40878612879072657,-0.3868387515476577
Tatera indica,Mammalia,Rodentia,Muridae,Tatera,indica,-1.0604807473813815,38.92324979320565,-3727.984307889352,-6512.39244757889,4734.26894534594,428.6245147082449,-225.76243791941903,f_3,-0.37468754903832613,-0.40799389545263093,-0.38604651820956204
Taxidea taxus,Mammalia,Carnivora,Mustelidae,Taxidea,taxus,0.9542425094393249,38.92324979320565,-2756.047650778884,216.10347744287705,-1994.1446024056083,-588.522102691723,179.2283583714183,f_3,1.1778826432653247,1.2054090086145384,1.167009828275503
Tonatia bidens,Mammalia,Chiroptera,Phyllostomidae,Tonatia,bidens,-1.5622494371796136,38.92324979320565,-2756.047650778884,216.10347744287705,-1994.1446024056083,-588.522102691723,179.2283583714183,f_3,-0.5128616245228135,-0.707484132820965,-0.6990496027376867
Trichechus inunguis,Mammalia,Sirenia,Trichechidae,Trichechus,inunguis,2.218070503503758,38.92324979320565,-3655.337037865597,-5944.340167150048,4120.696289745943,301.925623364948,-31.88199990414605,f_3,1.8096943587169239,2.045446955013718,2.0401217954454185
Trichechus inunguis,Mammalia,Sirenia,Trichechidae,Trichechus,inunguis,2.230448921378274,38.92324979320565,-3655.337037865597,-5944.340167150048,4120.696289745943,301.925623364948,-31.88199990414605,f_3,1.6712654329471583,2.0552581867015736,2.049933027133274
Xerospermophilus mohavensis,Mammalia,Rodentia,Sciuridae,Xerospermophilus,mohavensis,-0.619788758288394,38.92324979320565,-2762.4552385025554,218.3717657788936,-2025.413014017376,-610.0258245105548,199.7655186548644,f_3,-0.20134935455473107,0.01709052446830503,0.05424181452235044
Xerospermophilus spilosoma,Mammalia,Rodentia,Sciuridae,Xerospermophilus,spilosoma,-0.8018930011265986,38.92324979320565,-2762.4552385025554,218.3717657788936,-2025.413014017376,-610.0258245105548,199.7655186548644,f_3,-0.3010299956639812,-0.12366743375136713,-0.12032877639602257
Xerospermophilus spilosoma,Mammalia,Rodentia,Sciuridae,Xerospermophilus,spilosoma,-0.7594507517174003,38.92324979320565,-2762.4552385025554,218.3717657788936,-2025.413014017376,-610.0258245105548,199.7655186548644,f_3,-0.28903688100472424,-0.0882038698594533,-0.07665449616368925
Xerospermophilus spilosoma,Mammalia,Rodentia,Sciuridae,Xerospermophilus,spilosoma,-0.7440042732775981,38.92324979320565,-2762.4552385025554,218.3717657788936,-2025.413014017376,-610.0258245105548,199.7655186548644,f_3,-0.20481541031757602,-0.07596086915688641,-0.07592742575611289
Xerus princeps,Mammalia,Rodentia,Sciuridae,Xerus,princeps,-0.22040350874217546,38.92324979320565,-2762.4552385025554,218.3717657788936,-2025.413014017376,-610.0258245105548,199.7655186548644,f_3,0.2780673308886626,0.30253958594720337,0.268256996548194
Xerus princeps,Mammalia,Rodentia,Sciuridae,Xerus,princeps,-0.20273245916928356,38.92324979320565,-2762.4552385025554,218.3717657788936,-2025.413014017376,-610.0258245105548,199.7655186548644,f_3,0.2957869402516093,0.31624107207753993,0.28226320988537323
Georychus capensis,Mammalia,Rodentia,Bathyergidae,Georychus,capensis,-0.9726503922252435,39.31887828508983,-3727.984307889352,-6512.39244757889,4734.26894534594,428.6245147082449,-225.76243791941903,f_3,-0.0695604052332999,-0.38870115528540944,-0.40016638432473006
Georychus capensis,Mammalia,Rodentia,Bathyergidae,Georychus,capensis,-0.9535048356652917,39.31887828508983,-3727.984307889352,-6512.39244757889,4734.26894534594,428.6245147082449,-225.76243791941903,f_3,-0.20877734076859802,-0.3735262360746637,-0.3849914651139843
Georychus capensis,Mammalia,Rodentia,Bathyergidae,Georychus,capensis,-0.9621752494116581,39.31887828508983,-3727.984307889352,-6512.39244757889,4734.26894534594,428.6245147082449,-225.76243791941903,f_3,-0.1760550693567393,-0.3803984744299627,-0.39186370346928334
Georychus capensis,Mammalia,Rodentia,Bathyergidae,Georychus,capensis,-0.9473060580750321,39.31887828508983,-3727.984307889352,-6512.39244757889,4734.26894534594,428.6245147082449,-225.76243791941903,f_3,-0.24833605373901332,-0.36861303604085843,-0.38007826508017906
Georychus capensis,Mammalia,Rodentia,Bathyergidae,Georychus,capensis,-0.9503943874050268,39.31887828508983,-3727.984307889352,-6512.39244757889,4734.26894534594,428.6245147082449,-225.76243791941903,f_3,-0.1886335532095525,-0.37106087023842244,-0.38252609927774306
Georychus capensis,Mammalia,Rodentia,Bathyergidae,Georychus,capensis,-0.9259153109717562,39.31887828508983,-3727.984307889352,-6512.39244757889,4734.26894534594,428.6245147082449,-225.76243791941903,f_3,-0.12428296473858988,-0.3516585610882366,-0.36105277272812697
Georychus capensis,Mammalia,Rodentia,Bathyergidae,Georychus,capensis,-0.9237237445957823,39.31887828508983,-3727.984307889352,-6512.39244757889,4734.26894534594,428.6245147082449,-225.76243791941903,f_3,-0.11453826047216986,-0.3499215082845611,-0.35931571992445144
Georychus capensis,Mammalia,Rodentia,Bathyergidae,Georychus,capensis,-0.935916564036404,39.31887828508983,-3727.984307889352,-6512.39244757889,4734.26894534594,428.6245147082449,-225.76243791941903,f_3,-0.0977673839774751,-0.3595856331891188,-0.36831070632295426
Georychus capensis,Mammalia,Rodentia,Bathyergidae,Georychus,capensis,-0.5528419686577808,39.31887828508983,-3727.984307889352,-6512.39244757889,4734.26894534594,428.6245147082449,-225.76243791941903,f_3,0.37657695705651195,-0.05944678649582307,-0.07820251746796614
Fukomys damarensis,Mammalia,Rodentia,Bathyergidae,Fukomys,damarensis,-0.906578314837765,38.40796599650592,-3727.984307889352,-6512.39244757889,4734.26894534594,428.6245147082449,-225.76243791941903,f_3,-0.40597596426857924,-0.21324539612499754,-0.18149764109550892
Otospermophilus beecheyi,Mammalia,Rodentia,Sciuridae,Otospermophilus,beecheyi,-0.22213837582375812,38.53550365546825,-2762.4552385025554,218.3717657788936,-2025.413014017376,-610.0258245105548,199.7655186548644,f_3,0.2468649886737251,0.3529939111240735,0.28449372506407555
Perognathus longimembris,Mammalia,Rodentia,Heteromyidae,Perognathus,longimembris,-2.08460016478773,37.91853267715818,-3727.984307889352,-6512.39244757889,4734.26894534594,428.6245147082449,-225.76243791941903,f_3,-1.3104888922058264,-1.096147029079181,-1.1503003781038756
Microtus oeconomus,Mammalia,Rodentia,Cricetidae,Microtus,oeconomus,-1.494850021680094,40.62652520862686,-2756.047650778884,216.10347744287705,-1994.1446024056083,-588.522102691723,179.2283583714183,f_3,-0.25181197299379954,-0.9170801706002012,-0.9572542640929307
Peropteryx macrotis,Mammalia,Chrioptera,Emballonuridae,Peropteryx,macrotis,-2.2924298239020637,38.21823456559942,-2756.047650778884,216.10347744287705,-1994.1446024056083,-588.522102691723,179.2283583714183,f_3,-1.1840903491132255,-1.1860999461032278,-1.2187347323647162
Octodontomys gliroides,Mammalia,Rodentia,Octodontidae,Octodontomys,gliroides,-0.8181564120552275,38.28126975373334,-3727.984307889352,-6512.39244757889,4734.26894534594,428.6245147082449,-225.76243791941903,f_3,-0.13893046591496594,-0.12418505615607528,-0.10567716352389978
Kerodon rupestris,Mammalia,Rodentia,Caviidae,Kerodon,rupestris,-0.09636748391576232,38.09278491988926,-3727.984307889352,-6512.39244757889,4734.26894534594,428.6245147082449,-225.76243791941903,f_3,0.2611438677006671,0.4123113343023578,0.46301445952289744
Myoprocta acouchy,Mammalia,Rodentia,Dasyproctidae,Myoprocta,acouchy,-0.039053804266168564,38.5995906397614,-3727.984307889352,-6512.39244757889,4734.26894534594,428.6245147082449,-225.76243791941903,f_3,0.44603638012476954,0.399695603747817,0.3946137020246989
Aplodontia rufa,Mammalia,Rodentia,Aplodontiidae,Aplodontia,rufa,-0.2006594505464183,38.72840622674541,-2762.4552385025554,218.3717657788936,-2025.413014017376,-610.0258245105548,199.7655186548644,f_3,0.18752072083646307,0.34706763810468866,0.27491945127403605
Ornithorhynchus anatinus,Mammalia,Monotremata,Ornithorhynchidae,Ornithorhynchus,anatinus,0.11394335230683679,38.0054590661348,-3655.3370378655977,-5944.340167150049,4120.696289745943,301.9256233649478,-31.881999904145648,f_3,0.4168253528324114,0.4351110879434049,0.5121761817085787
Monodelphis domestica,Mammalia,Didelphimorphia,Didelphidae,Monodelphis,domestica,-0.9829666607012196,37.95573810578663,-2756.047650778884,216.10347744287705,-1994.1446024056083,-588.522102691723,179.2283583714183,f_3,-0.4735171304508372,-0.1851354460478127,-0.2476445156330811
Philander opossum,Mammalia,Didelphimorphia,Didelphidae,Philander,opossum,-0.1243600629958316,37.56260535958654,-2756.047650778884,216.10347744287705,-1994.1446024056083,-588.522102691723,179.2283583714183,f_3,0.2755672735132144,0.4744127668093748,0.4120125446218138
Antechinus stuartii,Mammalia,Dasyuromorphia,Dasyuridae,Antechinus,stuartii,-1.4377071355435254,37.73359429635592,-2756.047650778884,216.10347744287705,-1994.1446024056083,-588.522102691723,179.2283583714183,f_3,-0.6929796406468315,-0.48553666248168226,-0.5894009812475731
Dasyurus hallucatus,Mammalia,Dasyuromorphia,Dasyuridae,Dasyurus,hallucatus,-0.2332897927377408,37.28503429990124,-2756.047650778884,216.10347744287705,-1994.1446024056083,-588.522102691723,179.2283583714183,f_3,0.2203986832211236,0.4432293770985022,0.38158337517071417
Dasyurus geoffroii,Mammalia,Dasyuromorphia,Dasyuridae,Dasyurus,geoffroii,0.13161866434912553,37.514035641972725,-2756.047650778884,216.10347744287705,-1994.1446024056083,-588.522102691723,179.2283583714183,f_3,0.5013636031425419,0.5555513303990848,0.6263496247226155
Macrotis lagotis,Mammalia,Peramelemorphia,Thylacomyidae,Macrotis,lagotis,0.00475115559100102,37.67234840397423,-2756.047650778884,216.10347744287705,-1994.1446024056083,-588.522102691723,179.2283583714183,f_3,0.29556709996247904,0.5617722894199885,0.5160694157916489
Perameles gunnii,Mammalia,Peramelemorphia,Peramelidae,Perameles,gunnii,-0.07711890879170655,37.635696208348506,-2756.047650778884,216.10347744287705,-1994.1446024056083,-588.522102691723,179.2283583714183,f_3,0.37003994585836775,0.5068980448882652,0.4368844330309888
Lasiorhinus latifrons,Mammalia,Diprotodontia,Vombatidae,Lasiorhinus,latifrons,1.3979400086720377,37.62349465340983,-2756.047650778884,216.10347744287705,-1994.1446024056083,-588.522102691723,179.2283583714183,f_3,1.1444012163777322,1.4759170505921444,1.603661033675227
Cercartetus lepidus,Mammalia,Diprotodontia,Burramyidae,Cercartetus,lepidus,-1.899629454882437,37.819673866202585,-2756.047650778884,216.10347744287705,-1994.1446024056083,-588.522102691723,179.2283583714183,f_3,-0.9765189041504774,-0.8637659708103733,-0.9620549650852788
Petauroides volans,Mammalia,Diprotodontia,Pseudocheiridae,Petauroides,volans,0.05728564441821465,37.61130100743563,-2756.047650778884,216.10347744287705,-1994.1446024056083,-588.522102691723,179.2283583714183,f_3,0.5025029859086195,0.48931880327729727,0.19776609580509052
Acrobates pygmaeus,Mammalia,Diprotodontia,Acrobatidae,Acrobates,pygmaeus,-1.853871964321762,37.45349984135635,-2756.0476507788844,216.10347744287705,-1994.1446024056083,-588.522102691723,179.2283583714183,f_3,-1.0791812460476249,-0.7747847347617985,-0.8594113020590097
Geogale aurita,Mammalia,Afrosoricida,Tenrecidae,Geogale,aurita,-2.161150909262745,38.18051299833611,-3655.337037865597,-5944.340167150048,4120.696289745943,301.925623364948,-31.88199990414605,f_3,-1.352182518111363,-1.1485387224095667,-1.2284573469589468
Setifer setosus,Mammalia,Afrosoricida,Tenrecidae,Setifer,setosus,-0.27572413039921095,38.0054590661348,-3655.337037865597,-5944.340167150048,4120.696289745943,301.925623364948,-31.88199990414605,f_3,-0.16713641640275478,0.27807461259925664,0.22488219643057583
Eremitalpa granti,Mammalia,Afrosoricida,Chrysochloridae,Eremitalpa,granti,-1.583359492661719,37.69682288726413,-3655.337037865597,-5944.340167150048,4120.696289745943,301.925623364948,-31.88199990414605,f_3,-1.0649408069330146,-0.6776144084133845,-0.8099541464065576
Callimico goeldii,Mammalia,Primates,Cebidae,Callimico,goeldii,-0.25414480482627105,37.53830479005099,-3655.337037865597,-5944.340167150048,4120.696289745943,301.925623364948,-31.88199990414605,f_3,0.19110930711913598,0.3308567175656081,0.22927222939402092
Aplodontia rufa,Mammalia,Rodentia,Aplodontiidae,Aplodontia,rufa,-0.2006594505464183,37.29701727733975,-2762.4552385025554,218.3717657788936,-2025.413014017376,-610.0258245105548,199.7655186548644,f_3,0.1895526944064417,0.46388029773117456,0.4453777140435624
Tamias minimus,Mammalia,Rodentia,Sciuridae,Tamias,minimus,-1.3316140833099999,37.41727204850641,-2762.4552385025554,218.3717657788936,-2025.413014017376,-610.0258245105548,199.7655186548644,f_3,-0.3687817799308243,-0.3747851386203221,-0.36529882870666364
Tamias striatus,Mammalia,Rodentia,Sciuridae,Tamias,striatus,-1.058488567365597,37.27305901989485,-2762.4552385025554,218.3717657788936,-2025.413014017376,-610.0258245105548,199.7655186548644,f_3,-0.29862392589810277,-0.1609145726532225,-0.14816520524094723
Xerus princeps,Mammalia,Rodentia,Sciuridae,Xerus,princeps,-0.20273245916928356,37.52616629213989,-2762.4552385025554,218.3717657788936,-2025.413014017376,-610.0258245105548,199.7655186548644,f_3,0.29556709996247904,0.4092383715573356,0.3556010104564551
Microdipodops megacephalus,Mammalia,Rodentia,Heteromyidae,Microdipodops,megacephalus,-1.958607314841775,37.93092637961844,-3727.984307889352,-6512.39244757889,4734.26894534594,428.6245147082449,-225.76243791941903,f_3,-0.7709726657565203,-1.0043386225175612,-1.0706861668569914
Dipodomys microps,Mammalia,Rodentia,Heteromyidae,Dipodomys,microps,-1.2426039712069759,37.66012307591843,-3727.984307889352,-6512.39244757889,4734.26894534594,428.6245147082449,-225.76243791941903,f_3,-0.4291977024024797,-0.42829704789636164,-0.4256257241520649
Heteromys desmarestianus,Mammalia,Rodentia,Heteromyidae,Heteromys,desmarestianus,-1.120330794367947,37.80735274749719,-3727.984307889352,-6512.39244757889,4734.26894534594,428.6245147082449,-225.76243791941903,f_3,-0.2574494243575806,-0.33252739391729147,-0.3718606262203872
Perognathus flavus,Mammalia,Rodentia,Heteromyidae,Perognathus,flavus,-2.0809219076239263,37.70907205798298,-3727.984307889352,-6512.39244757889,4734.26894534594,428.6245147082449,-225.76243791941903,f_3,-1.0122344564170118,-1.0676383597416386,-1.1322616663563065
Perognathus longimembris,Mammalia,Rodentia,Heteromyidae,Perognathus,longimembris,-2.050609993355087,37.69927208473593,-3727.984307889352,-6512.39244757889,4734.26894534594,428.6245147082449,-225.76243791941903,f_3,-1.2775488998144588,-1.049721288697193,-1.1142281926062958
Napaeozapus insignis,Mammalia,Rodentia,Dipodidae,Napaeozapus,insignis,-1.665546248849069,37.41727204850641,-3727.984307889352,-6512.39244757889,4734.26894534594,428.6245147082449,-225.76243791941903,f_3,-0.664207898076807,-0.7288996081019737,-0.7574358580608804
Myodes californicus,Mammalia,Rodentia,Cricetidae,Myodes,californicus,-1.7375489102695705,37.35704788618787,-2756.047650778884,216.10347744287705,-1994.1446024056083,-588.522102691723,179.2283583714183,f_3,-0.4663973893278893,-0.6634636261084264,-0.7385503260459696
Microtus pinetorum,Mammalia,Rodentia,Cricetidae,Microtus,pinetorum,-1.623423042943488,37.345026310037845,-2757.7327456316884,216.6999763481903,-2002.3671368346093,-594.1762669238751,184.6264733249324,f_3,-0.5070844780971057,-0.5309057415789169,-0.5311233886571103
Microtus oeconomus,Mammalia,Rodentia,Cricetidae,Microtus,oeconomus,-1.4509967379742121,37.29701727733975,-2756.047650778884,216.10347744287705,-1994.1446024056083,-588.522102691723,179.2283583714183,f_3,-0.2509511313206635,-0.41850375275072854,-0.48324032596885425
Peromyscus eremicus,Mammalia,Rodentia,Cricetidae,Peromyscus,eremicus,-1.6675615400843946,37.46559136672885,-2758.0116502138903,216.79871975347584,-2003.728412737407,-595.1126928034295,185.52164266823863,f_3,-0.7433891441244318,-0.6000194464659065,-0.6317233491238718
Peromyscus truei,Mammalia,Rodentia,Cricetidae,Peromyscus,truei,-1.4788619162959638,37.45349984135635,-2758.0116502138903,216.79871975347584,-2003.728412737407,-595.1126928034295,185.52164266823863,f_3,-0.45939248775923086,-0.4523026022010429,-0.48116823150833565
Neotoma lepida,Mammalia,Rodentia,Cricetidae,Neotoma,lepida,-0.8585502265995326,37.44141611822637,-2758.0116502138903,216.79871975347584,-2003.728412737407,-595.1126928034295,185.52164266823863,f_3,-0.25527250510330607,0.0010857475347857762,-0.0255208942805758
Calomys musculinus,Mammalia,Rodentia,Cricetidae,Calomys,musculinus,-1.7721132953863266,37.514035641972725,-2756.047650778884,216.10347744287705,-1994.1446024056083,-588.522102691723,179.2283583714183,f_3,-0.808114473761087,-0.7209436895328266,-0.8220377456922121
Abrothrix andinus,Mammalia,Rodentia,Cricetidae,Abrothrix,andinus,-1.4609239012072235,37.33301246853551,-2756.047650778884,216.10347744287705,-1994.1446024056083,-588.522102691723,179.2283583714183,f_3,-0.4423591484604505,-0.43827367153944596,-0.4999329268488706
Abrothrix longipilis,Mammalia,Rodentia,Cricetidae,Abrothrix,longipilis,-1.3736596326249577,37.369077204457454,-2756.047650778884,216.10347744287705,-1994.1446024056083,-588.522102691723,179.2283583714183,f_3,-0.49184451154036885,-0.3771793363131256,-0.4086206114267197
Acomys subspinosus,Mammalia,Rodentia,Muridae,Acomys,subspinosus,-1.4907974776688986,37.40521168684694,-2756.047650778884,216.10347744287705,-1994.1446024056083,-588.522102691723,179.2283583714183,f_3,-0.3309932190414245,-0.4718893767138046,-0.5442352399926051
Gerbillurus tytonis,Mammalia,Rodentia,Muridae,Gerbillurus,tytonis,-1.5243288116755704,37.42934018978959,-2756.047650778884,216.10347744287705,-1994.1446024056083,-588.522102691723,179.2283583714183,f_3,-0.7501225267834003,-0.4996750196055981,-0.5868172657994297
Gerbillurus vallinus,Mammalia,Rodentia,Muridae,Gerbillurus,vallinus,-1.4111682744057938,37.369077204457454,-3727.984307889352,-6512.39244757889,4734.26894534594,428.6245147082449,-225.76243791941903,f_3,-0.7112044607530306,-0.5184431032228076,-0.5424260607773312
Gerbillurus setzeri,Mammalia,Rodentia,Muridae,Gerbillurus,setzeri,-1.3362990746103518,37.345026310037845,-2756.047650778884,216.10347744287705,-1994.1446024056083,-588.522102691723,179.2283583714183,f_3,-0.6870707810363113,-0.3481389660045656,-0.4180977702101234
Gerbilliscus leucogaster,Mammalia,Rodentia,Muridae,Gerbilliscus,leucogaster,-0.8024437868464636,37.65034852494652,-3727.984307889352,-6512.39244757889,4734.26894534594,428.6245147082449,-225.76243791941903,f_3,-0.13142086413622026,-0.09760798589677876,-0.11304492321011805
Apodemus witherbyi,Mammalia,Rodentia,Muridae,Apodemus,witherbyi,-1.6882461389442456,37.41727204850641,-2756.047650778884,216.10347744287705,-1994.1446024056083,-588.522102691723,179.2283583714183,f_3,-0.5563025007672873,-0.6265361094600301,-0.6719873221347779
Lemniscomys griselda,Mammalia,Rodentia,Muridae,Lemniscomys,griselda,-1.3233063903751334,37.43175475226353,-2756.047650778884,216.10347744287705,-1994.1446024056083,-588.522102691723,179.2283583714183,f_3,-0.4956046604136756,-0.34995470794651384,-0.4459537774266882
Rattus villosissimus,Mammalia,Rodentia,Muridae,Rattus,villosissimus,-0.6058986979599553,37.53830479005099,-2756.047650778884,216.10347744287705,-1994.1446024056083,-588.522102691723,179.2283583714183,f_3,-0.09091964931886896,0.17499720502929808,0.07631736537283929
Hydromys chrysogaster,Mammalia,Rodentia,Muridae,Hydromys,chrysogaster,-0.12493873660829995,37.46559136672885,-2756.047650778884,216.10347744287705,-1994.1446024056083,-588.522102691723,179.2283583714183,f_3,0.39014976424578596,0.49601875631580067,0.4277773779315177
Georychus capensis,Mammalia,Rodentia,Bathyergidae,Georychus,capensis,-0.7189666327522725,37.48979785444763,-3727.984307889352,-6512.39244757889,4734.26894534594,428.6245147082449,-225.76243791941903,f_3,-0.20219406161988643,-0.006518314920253704,-0.02348656218376166
Coendou prehensilis,Mammalia,Rodentia,Erethizontidae,Coendou,prehensilis,0.5158738437116791,37.45349984135635,-3727.984307889352,-6512.39244757889,4734.26894534594,428.6245147082449,-225.76243791941903,f_3,0.7094584159503233,0.7861597010875025,0.8466772816685522
Kerodon rupestris,Mammalia,Rodentia,Caviidae,Kerodon,rupestris,-0.09636748391576232,37.27305901989485,-3727.984307889352,-6512.39244757889,4734.26894534594,428.6245147082449,-225.76243791941903,f_3,0.3034360654298596,0.47640542978339,0.5123724785441041
Myoprocta acouchy,Mammalia,Rodentia,Dasyproctidae,Myoprocta,acouchy,-0.039053804266168564,37.61130100743563,-3727.984307889352,-6512.39244757889,4734.26894534594,428.6245147082449,-225.76243791941903,f_3,0.4475886654696232,0.45688712556238503,0.46273992881504766
Cuniculus paca,Mammalia,Rodentia,Cuniculidae,Cuniculus,paca,0.9617057840025053,37.39315909729101,-3727.984307889352,-6512.39244757889,4734.26894534594,428.6245147082449,-225.76243791941903,f_3,1.1853217567365248,1.146585660639619,1.2298058588295697
Ctenomys fulvus,Mammalia,Rodentia,Ctenomyidae,Ctenomys,fulvus,-0.5228787452803376,37.46559136672885,-3727.984307889352,-6512.39244757889,4734.26894534594,428.6245147082449,-225.76243791941903,f_3,0.0234810958495229,0.14058499670739052,0.13447972890207383
Octodontomys gliroides,Mammalia,Rodentia,Octodontidae,Octodontomys,gliroides,-0.8181564120552275,37.39315909729101,-3727.984307889352,-6512.39244757889,4734.26894534594,428.6245147082449,-225.76243791941903,f_3,-0.13634675227752943,-0.06365400681126324,-0.06789426437489587
Proechimys semispinosus,Mammalia,Rodentia,Echimyidae,Proechimys,semispinosus,-0.30277065724028246,37.30900795963434,-3727.984307889352,-6512.39244757889,4734.26894534594,428.6245147082449,-225.76243791941903,f_3,0.24303804868629444,0.3250079405241758,0.3008755718896621
Sylvilagus audubonii,Mammalia,Lagomorpha,Leporidae,Sylvilagus,audubonii,-0.1723722952325666,37.26707426411131,-2763.255529574752,218.65506910344627,-2029.3183574529687,-612.7115835407454,202.3305566585363,f_3,0.38768637430648456,0.5070509025431984,0.5394595572996972
Lepus californicus,Mammalia,Lagomorpha,Leporidae,Lepus,californicus,0.2986347831244356,37.2073322406036,-2763.255529574752,218.65506910344627,-2029.3183574529687,-612.7115835407454,202.3305566585363,f_3,0.7949138445720547,0.7894109223679917,0.911899684055145
Hylomys suillus,Mammalia,Erinaceomorpha,Erinaceidae,Hylomys,suillus,-1.111820506081675,37.38111427232811,-2756.047650778884,216.10347744287705,-1994.1446024056083,-588.522102691723,179.2283583714183,f_3,-0.3494766247354376,-0.18064904354398464,-0.24267158523821952
Crocidura suaveolens,Mammalia,Soricomorpha,Soricidae,Crocidura,suaveolens,-2.1870866433571443,37.64790567994894,-2756.047650778884,216.10347744287705,-1994.1446024056083,-588.522102691723,179.2283583714183,f_3,-0.9765189041504774,-1.0310899124577635,-1.1318838828938131
Crocidura jouvenetae,Mammalia,Soricomorpha,Soricidae,Crocidura,jouvenetae,-1.9913998282380867,37.74586737955525,-2756.047650778884,216.10347744287705,-1994.1446024056083,-588.522102691723,179.2283583714183,f_3,-0.9030899869919435,-0.9050624887810714,-1.0098555814548968
Crocidura russula,Mammalia,Soricomorpha,Soricidae,Crocidura,russula,-1.9829666607012197,37.69682288726413,-2756.047650778884,216.10347744287705,-1994.1446024056083,-588.522102691723,179.2283583714183,f_3,-0.8935446690857134,-0.8987975986834247,-0.9870246774984188
Myosorex varius,Mammalia,Soricomorpha,Soricidae,Myosorex,varius,-1.9100948885606022,37.58693741164133,-2756.047650778884,216.10347744287705,-1994.1446024056083,-588.522102691723,179.2283583714183,f_3,-0.8750612633917001,-0.8291699027173133,-0.9075199483294776
Syconycteris australis,Mammalia,Chiroptera,Pteropodidae,Syconycteris,australis,-1.7825160557860937,37.47769070190299,-2756.047650778884,216.10347744287705,-1994.1446024056083,-588.522102691723,179.2283583714183,f_3,-1.0122344564170118,-0.7237452891529036,-0.823321453428439
Nyctimene albiventer,Mammalia,Chiroptera,Pteropodidae,Nyctimene,albiventer,-1.5100415205751667,37.55045114332394,-2756.047650778884,216.10347744287705,-1994.1446024056083,-588.522102691723,179.2283583714183,f_3,-0.6118198286171187,-0.5139375229680457,-0.6119697986943844
Rousettus aegyptiacus,Mammalia,Chiroptera,Pteropodidae,Rousettus,aegyptiacus,-0.835647144215563,37.68458167184368,-2756.047650778884,216.10347744287705,-1994.1446024056083,-588.522102691723,179.2283583714183,f_3,-0.16536739366390812,-0.027500853440428477,-0.1443738071550773
Dobsonia moluccensis,Mammalia,Chiroptera,Pteropodidae,Dobsonia,moluccensis,-0.3932962586663257,37.44141611822637,-2756.047650778884,216.10347744287705,-1994.1446024056083,-588.522102691723,179.2283583714183,f_3,0.3123419376275384,0.33025618768213616,0.19071089320467416
Pteropus vampyrus,Mammalia,Chiroptera,Pteropodidae,Pteropus,vampyrus,0.010427172717049264,37.42934018978959,-2756.047650778884,216.10347744287705,-1994.1446024056083,-588.522102691723,179.2283583714183,f_3,0.6545508645476059,0.6095299716002117,0.5561751391473858
Hipposideros diadema,Mammalia,Chiroptera,Hipposideridae,Hipposideros,diadema,-1.4294570601181025,37.42934018978959,-2756.047650778884,216.10347744287705,-1994.1446024056083,-588.522102691723,179.2283583714183,f_3,-0.7367585652254187,-0.4268844218078398,-0.515388970174798
Peropteryx macrotis,Mammalia,Chiroptera,Emballonuridae,Peropteryx,macrotis,-2.292429823902072,37.66012307591843,-2756.047650778884,216.10347744287705,-1994.1446024056083,-588.522102691723,179.2283583714183,f_3,-1.1760912590556818,-1.1179621957539196,-1.1746957345779558
Tonatia bidens,Mammalia,Chiroptera,Phyllostomidae,Tonatia,bidens,-1.5622494371796136,37.41727204850641,-2756.047650778884,216.10347744287705,-1994.1446024056083,-588.522102691723,179.2283583714183,f_3,-0.658675409476846,-0.5279236519598609,-0.5768594922160208
Artibeus concolor,Mammalia,Chiroptera,Phyllostomidae,Artibeus,concolor,-1.705533773838407,37.62349465340983,-2756.047650778884,216.10347744287705,-1994.1446024056083,-588.522102691723,179.2283583714183,f_3,-0.7367585652254187,-0.6785730900701367,-0.7773680590309839
Platyrrhinus lineatus,Mammalia,Chiroptera,Phyllostomidae,Platyrrhinus,lineatus,-1.6595558851598817,37.48979785444763,-2756.047650778884,216.10347744287705,-1994.1446024056083,-588.522102691723,179.2283583714183,f_3,-0.7433891441244318,-0.6221056740033818,-0.7150672108858676
Pteronotus personatus,Mammalia,Chiroptera,Mormoopidae,Pteronotus,personatus,-1.853871964321762,37.35704788618787,-2756.047650778884,216.10347744287705,-1994.1446024056083,-588.522102691723,179.2283583714183,f_3,-0.8935446690857134,-0.756091794900793,-0.8202005210687549
Noctilio albiventris,Mammalia,Chiroptera,Noctilionidae,Noctilio,albiventris,-1.5686362358410126,38.03036842813129,-2756.047650778884,216.10347744287705,-1994.1446024056083,-588.522102691723,179.2283583714183,f_3,-0.8750612633917001,-0.6260643150920275,-0.6358020331497871
Nyctophilus geoffroyi,Mammalia,Chiroptera,Vespertilionidae,Nyctophilus,geoffroyi,-2.0969100130080562,38.080285236568535,-2764.627306005197,219.14067844833644,-2036.0124944536992,-617.3152347165119,206.72728029932367,f_3,-1.194574664749695,-1.0342466096117713,-0.9877804971474069
Lasiurus borealis,Mammalia,Chiroptera,Vespertilionidae,Lasiurus,borealis,-1.9136401693252554,37.574767446476486,-2764.627306005197,219.14067844833644,-2036.0124944536992,-617.3152347165119,206.72728029932367,f_3,-1.0122344564170118,-0.8564881042143961,-0.8983282849190279
Manis pentadactyla,Mammalia,Pholidota,Manidae,Manis,pentadactyla,0.5608030019939637,37.85545056708072,-2756.047650778884,216.10347744287705,-1994.1446024056083,-588.522102691723,179.2283583714183,f_3,0.5720967679505191,0.7359567479809024,0.9176542427894676
Puma yagouaroundi,Mammalia,Carnivora,Felidae,Puma,yagouaroundi,0.9242792860618817,37.249131522530135,-2756.047650778884,216.10347744287705,-1994.1446024056083,-588.522102691723,179.2283583714183,f_3,0.9867717342662449,1.2276823888979513,1.28326657541951
Puma concolor,Mammalia,Carnivora,Felidae,Puma,concolor,1.5705429398818975,37.345026310037845,-2756.047650778884,216.10347744287705,-1994.1446024056083,-588.522102691723,179.2283583714183,f_3,1.6935804010964075,1.6775200020248278,1.813010026605086
Arctogalidia trivirgata,Mammalia,Carnivora,Viverridae,Arctogalidia,trivirgata,0.30319605742048883,37.514035641972725,-2756.047650778884,216.10347744287705,-1994.1446024056083,-588.522102691723,179.2283583714183,f_3,0.48902047801937015,0.6492270217312537,0.7183131501168442
Canis mesomelas,Mammalia,Carnivora,Canidae,Canis,mesomelas,0.8876173003357362,37.38111427232811,-2756.047650778884,216.10347744287705,-1994.1446024056083,-588.522102691723,179.2283583714183,f_3,1.3233667048647664,1.097717348626103,1.215628192474247
Mustela frenata,Mammalia,Carnivora,Mustelidae,Mustela,frenata,-0.5272435506827877,37.17753299966126,-2756.047650778884,216.10347744287705,-1994.1446024056083,-588.522102691723,179.2283583714183,f_3,0.19728055812561932,0.29020346698796423,0.2461779379281699
Taxidea taxus,Mammalia,Carnivora,Mustelidae,Taxidea,taxus,0.9542425094393249,37.29701727733975,-2756.047650778884,216.10347744287705,-1994.1446024056083,-588.522102691723,179.2283583714183,f_3,1.1778570124771794,1.2246270184947277,1.2924032005707256
Oryx leucoryx,Mammalia,Artiodactyla,Bovidae,Oryx,leucoryx,1.9247959957979122,37.22523472604414,-2756.047650778884,216.10347744287705,-1994.1446024056083,-588.522102691723,179.2283583714183,f_3,2.0167664631643345,2.040484986256325,2.1258215645173784
Madoqua kirkii,Mammalia,Artiodactyla,Bovidae,Madoqua,kirkii,0.6627578316815741,37.30900795963434,-2756.047650778884,216.10347744287705,-1994.1446024056083,-588.522102691723,179.2283583714183,f_3,1.03252922482692,0.9566564817771939,1.0555323860279198
Philantomba monticola,Mammalia,Artiodactyla,Bovidae,Philantomba,monticola,0.6434526764861874,37.165626664032864,-2756.047650778884,216.10347744287705,-1994.1446024056083,-588.522102691723,179.2283583714183,f_3,1.0233667927874333,1.0118812610403423,1.068517056726889
Kobus ellipsiprymnus,Mammalia,Artiodactyla,Bovidae,Kobus,ellipsiprymnus,2.0,37.21329782217176,-2756.047650778884,216.10347744287705,-1994.1446024056083,-588.522102691723,179.2283583714183,f_3,2.172975709239643,2.1018801714818274,2.1872167497428814
Abrothrix lanosus,Mammalia,Rodentia,Cricetidae,Abrothrix,lanosus,-1.6197887582883939,38.92324979320565,-2756.047650778884,216.10347744287705,-1994.1446024056083,-588.522102691723,179.2283583714183,f_4,-0.595166283380062,-0.7711508964796271,-0.7388521636781793
Aconaemys fuscus,Mammalia,Rodentia,Octodontidae,Aconaemys,fuscus,-0.9507819773298184,38.92324979320565,-3727.984307889352,-6512.39244757889,4734.26894534594,428.6245147082449,-225.76243791941903,f_4,-0.17069622716897506,-0.3094018027533069,-0.2845107960638622
Aepyprymnus rufescens,Mammalia,Diprotodontia,Potoroidae,Aepyprymnus,rufescens,0.45024910831936105,38.92324979320565,-2756.047650778884,216.10347744287705,-1994.1446024056083,-588.522102691723,179.2283583714183,f_4,0.7765559107032619,0.7191965445876818,0.7670626062143049
Amblysomus hottentotus,Mammalia,Afrosoricida,Chrysochloridae,Amblysomus,hottentotus,-1.154901959985743,38.92324979320565,-3655.337037865597,-5944.340167150048,4120.696289745943,301.925623364948,-31.88199990414605,f_4,-0.32513885926218844,-0.4700927672490091,-0.5252592937358751
Antrozous pallidus,Mammalia,Chiroptera,Vespertilionidae,Antrozous,pallidus,-1.6575773191777938,38.92324979320565,-2764.627306005197,219.14067844833644,-2036.0124944536992,-617.3152347165119,206.72728029932367,f_4,-0.9829666607012196,-0.7944549303712103,-0.8145016426006426
Arctocebus calabarensis,Mammalia,Primates,Lorisidae,Arctocebus,calabarensis,-0.6861327796308466,38.92324979320565,-3655.337037865597,-5944.340167150048,4120.696289745943,301.925623364948,-31.88199990414605,f_4,-0.13608262304213956,-0.11014683551955619,-0.1787261779820024
Atelerix albiventris,Mammalia,Erinaceomorpha,Erinaceidae,Atelerix,albiventris,-0.3467874862246563,38.92324979320565,-2756.047650778884,216.10347744287705,-1994.1446024056083,-588.522102691723,179.2283583714183,f_4,-0.08196966321511988,0.21714146857520045,0.2495149983858449
Bettongia gaimardi,Mammalia,Diprotodontia,Potoroidae,Bettongia,gaimardi,0.14144977340046735,38.92324979320565,-2756.047650778884,216.10347744287705,-1994.1446024056083,-588.522102691723,179.2283583714183,f_4,0.5536403362313542,0.5020139774821086,0.5766539330556419
Blarina brevicauda,Mammalia,Soricomorpha,Soricidae,Blarina,brevicauda,-1.6903698325741034,38.92324979320565,-2756.047650778884,216.10347744287705,-1994.1446024056083,-588.522102691723,179.2283583714183,f_4,-0.48017200622428124,-0.8242097638800845,-0.815097886948384
Blarina brevicauda,Mammalia,Soricomorpha,Soricidae,Blarina,brevicauda,-1.6882461389442456,38.92324979320565,-2756.047650778884,216.10347744287705,-1994.1446024056083,-588.522102691723,179.2283583714183,f_4,-0.43651891460558934,-0.8225705392636382,-0.8134586623319378
Blarina brevicauda,Mammalia,Soricomorpha,Soricidae,Blarina,brevicauda,-1.6840296545430822,38.92324979320565,-2756.047650778884,216.10347744287705,-1994.1446024056083,-588.522102691723,179.2283583714183,f_4,-0.5376020021010439,-0.8193159431542594,-0.8102040662225589
Blarina brevicauda,Mammalia,Soricomorpha,Soricidae,Blarina,brevicauda,-1.6556077263148892,38.92324979320565,-2756.047650778884,216.10347744287705,-1994.1446024056083,-588.522102691723,179.2283583714183,f_4,-0.40120949323688493,-0.7987986387430254,-0.7922767541385609
Burramys parvus,Mammalia,Diprotodontia,Burramyidae,Burramys,parvus,-1.3535962737769305,38.92324979320565,-2756.047650778884,216.10347744287705,-1994.1446024056083,-588.522102691723,179.2283583714183,f_4,-0.6882461389442457,-0.5687874879854126,-0.5469101813090618
Calomys lepidus,Mammalia,Rodentia,Cricetidae,Calomys,lepidus,-1.7958800173440752,38.92324979320565,-2756.047650778884,216.10347744287705,-1994.1446024056083,-588.522102691723,179.2283583714183,f_4,-0.7931741239681502,-0.9056503679903403,-0.8920656765583079
Cannomys badius,Mammalia,Rodentia,Spalacidae,Cannomys,badius,-0.46344155742846993,38.92324979320565,-3727.984307889352,-6512.39244757889,4734.26894534594,428.6245147082449,-225.76243791941903,f_4,-0.017728766960431602,0.06477572511566856,0.04166769900661027
Capromys pilorides,Mammalia,Rodentia,Capromyidae,Capromys,pilorides,0.41995574848975786,38.92324979320565,-3727.984307889352,-6512.39244757889,4734.26894534594,428.6245147082449,-225.76243791941903,f_4,0.5282737771670437,0.6914698792512427,0.7134973465537924
Carlito syrichta,Mammalia,Primates,Tarsiidae,Carlito,syrichta,-0.9469215565165803,38.92324979320565,-3655.337037865597,-5944.340167150048,4120.696289745943,301.925623364948,-31.88199990414605,f_4,-0.36653154442041347,-0.3114430002552423,-0.38088892719749734
Carollia perspicillata,Mammalia,Chiroptera,Phyllostomidae,Carollia,perspicillata,-1.826813731587726,38.92324979320565,-2756.047650778884,216.10347744287705,-1994.1446024056083,-588.522102691723,179.2283583714183,f_4,-0.619788758288394,-0.9295273082200379,-0.9266508147393224
Cebuella pygmaea,Mammalia,Primates,Callitrichidae,Cebuella,pygmaea,-0.978810700930062,38.92324979320565,-3655.337037865597,-5944.340167150048,4120.696289745943,301.925623364948,-31.88199990414605,f_4,-0.2596373105057561,-0.3360574125155863,-0.40647018640074295
Cebuella pygmaea,Mammalia,Primates,Callitrichidae,Cebuella,pygmaea,-0.9325571572236193,38.92324979320565,-3655.337037865597,-5944.340167150048,4120.696289745943,301.925623364948,-31.88199990414605,f_4,-0.18508681872492605,-0.3003554890481478,-0.37082125891309037
Cercartetus nanus,Mammalia,Diprotodontia,Burramyidae,Cercartetus,nanus,-1.2218487496163564,38.92324979320565,-2756.047650778884,216.10347744287705,-1994.1446024056083,-588.522102691723,179.2283583714183,f_4,-0.5406075122407692,-0.467094954880103,-0.44337969800390975
Cercartetus nanus,Mammalia,Diprotodontia,Burramyidae,Cercartetus,nanus,-1.154901959985743,38.92324979320565,-2756.047650778884,216.10347744287705,-1994.1446024056083,-588.522102691723,179.2283583714183,f_4,-0.4736607226101559,-0.41651979286979,-0.3719036729344263
Chaetodipus fallax,Mammalia,Rodentia,Heteromyidae,Chaetodipus,fallax,-1.7077439286435239,38.92324979320565,-3727.984307889352,-6512.39244757889,4734.26894534594,428.6245147082449,-225.76243791941903,f_4,-0.8239087409443188,-0.9040363309145881,-0.9090508728166224
Chaetodipus hispidus,Mammalia,Rodentia,Heteromyidae,Chaetodipus,hispidus,-1.494850021680094,38.92324979320565,-3727.984307889352,-6512.39244757889,4734.26894534594,428.6245147082449,-225.76243791941903,f_4,-0.5917600346881504,-0.7397089872340293,-0.7053153967021724
Chaetodipus hispidus,Mammalia,Rodentia,Heteromyidae,Chaetodipus,hispidus,-1.4461169733561257,38.92324979320565,-3727.984307889352,-6512.39244757889,4734.26894534594,428.6245147082449,-225.76243791941903,f_4,-0.5718652059712112,-0.7020931977792867,-0.665300741949993
Chaetodipus hispidus,Mammalia,Rodentia,Heteromyidae,Chaetodipus,hispidus,-1.4034029043735399,38.92324979320565,-3727.984307889352,-6512.39244757889,4734.26894534594,428.6245147082449,-225.76243791941903,f_4,-0.5590909179347823,-0.6658934379116186,-0.6299964434581169
Cryptomys hottentotus,Mammalia,Rodentia,Bathyergidae,Cryptomys,hottentotus,-1.2218487496163564,38.92324979320565,-3727.984307889352,-6512.39244757889,4734.26894534594,428.6245147082449,-225.76243791941903,f_4,-0.4841261562883209,-0.5217964647697364,-0.4919748638377406
Cryptomys hottentotus,Mammalia,Rodentia,Bathyergidae,Cryptomys,hottentotus,-1.1487416512809248,38.92324979320565,-3727.984307889352,-6512.39244757889,4734.26894534594,428.6245147082449,-225.76243791941903,f_4,-0.42021640338318983,-0.46160846253422844,-0.42356334320427225
Cryptomys hottentotus,Mammalia,Rodentia,Bathyergidae,Cryptomys,hottentotus,-1.1249387366083,38.92324979320565,-3727.984307889352,-6512.39244757889,4734.26894534594,428.6245147082449,-225.76243791941903,f_4,-0.42365864979420714,-0.44323560350882024,-0.40519048417886405
Cryptomys hottentotus,Mammalia,Rodentia,Bathyergidae,Cryptomys,hottentotus,-1.1135092748275182,38.92324979320565,-3727.984307889352,-6512.39244757889,4734.26894534594,428.6245147082449,-225.76243791941903,f_4,-0.5670307091255943,-0.4344134952534772,-0.39636837592352103
Cryptomys hottentotus,Mammalia,Rodentia,Bathyergidae,Cryptomys,hottentotus,-1.0996328713435297,38.92324979320565,-3727.984307889352,-6512.39244757889,4734.26894534594,428.6245147082449,-225.76243791941903,f_4,-0.5086383061657274,-0.4237026554887903,-0.39329747791824166
Cryptomys hottentotus,Mammalia,Rodentia,Bathyergidae,Cryptomys,hottentotus,-1.0222763947111522,38.92324979320565,-3727.984307889352,-6512.39244757889,4734.26894534594,428.6245147082449,-225.76243791941903,f_4,-0.44369749923271273,-0.36491819145813986,-0.3391018101465775
Cryptomys hottentotus,Mammalia,Rodentia,Bathyergidae,Cryptomys,hottentotus,-0.9913998282380825,38.92324979320565,-3727.984307889352,-6512.39244757889,4734.26894534594,428.6245147082449,-225.76243791941903,f_4,-0.34198860334288755,-0.3407536795682435,-0.3134971768692105
Ctenomys talarum,Mammalia,Rodentia,Ctenomyidae,Ctenomys,talarum,-0.9172146296835499,38.92324979320565,-3727.984307889352,-6512.39244757889,4734.26894534594,428.6245147082449,-225.76243791941903,f_4,-0.21395878975744578,-0.28349202848221594,-0.264048207740331
Cynomys ludovicianus,Mammalia,Rodentia,Sciuridae,Cynomys,ludovicianus,0.04622193722163632,38.92324979320565,-2762.4552385025554,218.3717657788936,-2025.413014017376,-610.0258245105548,199.7655186548644,f_4,0.37254380075907034,-0.2385182271285794,0.22634872742593604
Dasyuroides byrnei,Mammalia,Dasyuromorphia,Dasyuridae,Dasyuroides,byrnei,-1.0506099933550872,38.92324979320565,-2756.047650778884,216.10347744287705,-1994.1446024056083,-588.522102691723,179.2283583714183,f_4,-0.3565473235138126,-0.34700643743551635,-0.3206333712829996
Dasyuroides byrnei,Mammalia,Dasyuromorphia,Dasyuridae,Dasyuroides,byrnei,-1.0376306643299789,38.92324979320565,-2756.047650778884,216.10347744287705,-1994.1446024056083,-588.522102691723,179.2283583714183,f_4,-0.3979400086720376,-0.3369880264256679,-0.31061496027315116
Dasyuroides byrnei,Mammalia,Dasyuromorphia,Dasyuridae,Dasyuroides,byrnei,-0.9850596502070634,38.92324979320565,-2756.047650778884,216.10347744287705,-1994.1446024056083,-588.522102691723,179.2283583714183,f_4,-0.341035157335565,-0.3011680434946057,-0.2736711441706139
Dasyuroides byrnei,Mammalia,Dasyuromorphia,Dasyuridae,Dasyuroides,byrnei,-0.9273825234547635,38.92324979320565,-2756.047650778884,216.10347744287705,-1994.1446024056083,-588.522102691723,179.2283583714183,f_4,-0.33535802444387447,-0.2538830180885411,-0.2480151306305951
Dendrolagus matschiei,Mammalia,Diprotodontia,Macropodidae,Dendrolagus,matschiei,0.8426092396105621,38.92324979320565,-2756.047650778884,216.10347744287705,-1994.1446024056083,-588.522102691723,179.2283583714183,f_4,0.900913067737669,1.0549261900609348,1.0481625074484373
Diaemus youngi,Mammalia,Chiroptera,Phyllostomidae,Diaemus,youngi,-1.4365189146055892,38.92324979320565,-2756.047650778884,216.10347744287705,-1994.1446024056083,-588.522102691723,179.2283583714183,f_4,-0.6819366650372385,-0.6308054328120071,-0.604274886627423
Didelphis marsupialis,Mammalia,Didelphimorphia,Didelphidae,Didelphis,marsupialis,0.0663259253620378,38.92324979320565,-2756.047650778884,216.10347744287705,-1994.1446024056083,-588.522102691723,179.2283583714183,f_4,0.5031094366713692,0.4455585761582156,0.5283489892054717
Didelphis marsupialis,Mammalia,Didelphimorphia,Didelphidae,Didelphis,marsupialis,0.12352498094273198,38.92324979320565,-2756.047650778884,216.10347744287705,-1994.1446024056083,-588.522102691723,179.2283583714183,f_4,0.5365584425715301,0.48817829015494185,0.5501252093808475
Didelphis virginiana,Mammalia,Didelphimorphia,Didelphidae,Didelphis,virginiana,0.3958503760187811,38.92324979320565,-2756.047650778884,216.10347744287705,-1994.1446024056083,-588.522102691723,179.2283583714183,f_4,0.66661156841903,0.6694875963194058,0.698459796616536
Didelphis virginiana,Mammalia,Didelphimorphia,Didelphidae,Didelphis,virginiana,0.5128177585648731,38.92324979320565,-2756.047650778884,216.10347744287705,-1994.1446024056083,-588.522102691723,179.2283583714183,f_4,0.7817553746524689,0.7633611977699815,0.8272181105280403
Dipodomys deserti,Mammalia,Rodentia,Heteromyidae,Dipodomys,deserti,-0.9800533183211576,38.92324979320565,-3727.984307889352,-6512.39244757889,4734.26894534594,428.6245147082449,-225.76243791941903,f_4,-0.26680273489343054,-0.3319955997279706,-0.30473909702893764
Dipodomys deserti,Mammalia,Rodentia,Heteromyidae,Dipodomys,deserti,-0.9792245118064422,38.92324979320565,-3727.984307889352,-6512.39244757889,4734.26894534594,428.6245147082449,-225.76243791941903,f_4,-0.28066871301627333,-0.33135586524739774,-0.3040993625483648
Dipodomys deserti,Mammalia,Rodentia,Heteromyidae,Dipodomys,deserti,-0.9746941347352298,38.92324979320565,-3727.984307889352,-6512.39244757889,4734.26894534594,428.6245147082449,-225.76243791941903,f_4,-0.28903688100472424,-0.3278589834408578,-0.30060248074182483
Dipodomys deserti,Mammalia,Rodentia,Heteromyidae,Dipodomys,deserti,-0.9685915357483759,38.92324979320565,-3727.984307889352,-6512.39244757889,4734.26894534594,428.6245147082449,-225.76243791941903,f_4,-0.3098039199714863,-0.3231485438826715,-0.29589204118363854
Dipodomys merriami,Mammalia,Rodentia,Heteromyidae,Dipodomys,merriami,-1.4559319556497243,38.92324979320565,-3727.984307889352,-6512.39244757889,4734.26894534594,428.6245147082449,-225.76243791941903,f_4,-0.6307841425898572,-0.7096691307478892,-0.6728766749185955
Dipodomys merriami,Mammalia,Rodentia,Heteromyidae,Dipodomys,merriami,-1.4461169733561257,38.92324979320565,-3727.984307889352,-6512.39244757889,4734.26894534594,428.6245147082449,-225.76243791941903,f_4,-0.530177984021837,-0.7020931977792867,-0.665300741949993
Dipodomys merriami,Mammalia,Rodentia,Heteromyidae,Dipodomys,merriami,-1.4377071355435254,38.92324979320565,-3727.984307889352,-6512.39244757889,4734.26894534594,428.6245147082449,-225.76243791941903,f_4,-0.6252516539898961,-0.6956018597779304,-0.6588094039486367
Dipodomys merriami,Mammalia,Rodentia,Heteromyidae,Dipodomys,merriami,-1.4236586497942072,38.92324979320565,-3727.984307889352,-6512.39244757889,4734.26894534594,428.6245147082449,-225.76243791941903,f_4,-0.6055483191737837,-0.6826083652655696,-0.6479657382991724
Dipodomys merriami,Mammalia,Rodentia,Heteromyidae,Dipodomys,merriami,-1.4202164033831899,38.92324979320565,-3727.984307889352,-6512.39244757889,4734.26894534594,428.6245147082449,-225.76243791941903,f_4,-0.619788758288394,-0.6799513835929393,-0.6453087566265421
Dipodomys merriami,Mammalia,Rodentia,Heteromyidae,Dipodomys,merriami,-1.3625102704874892,38.92324979320565,-3727.984307889352,-6512.39244757889,4734.26894534594,428.6245147082449,-225.76243791941903,f_4,-0.638272163982407,-0.6343294631673784,-0.6032746625111074
Dipodomys ordii,Mammalia,Rodentia,Heteromyidae,Dipodomys,ordii,-1.329754146925877,38.92324979320565,-3727.984307889352,-6512.39244757889,4734.26894534594,428.6245147082449,-225.76243791941903,f_4,-0.44611697335612566,-0.6059619055154537,-0.5779910512940118
Dipodomys ordii,Mammalia,Rodentia,Heteromyidae,Dipodomys,ordii,-1.3115801779972902,38.92324979320565,-3727.984307889352,-6512.39244757889,4734.26894534594,428.6245147082449,-225.76243791941903,f_4,-0.494850021680094,-0.5919338852645939,-0.563963031043152
Dobsonia minor,Mammalia,Chiroptera,Pteropodidae,Dobsonia,minor,-1.1325325121409484,38.92324979320565,-2756.047650778884,216.10347744287705,-1994.1446024056083,-588.522102691723,179.2283583714183,f_4,-0.3819519032879073,-0.40092936413599045,-0.3657760371730123
Dobsonia minor,Mammalia,Chiroptera,Pteropodidae,Dobsonia,minor,-1.0604807473813815,38.92324979320565,-2756.047650778884,216.10347744287705,-1994.1446024056083,-588.522102691723,179.2283583714183,f_4,-0.21324857785443882,-0.35140962561999617,-0.3108247595512823
Dolichotis salinicola,Mammalia,Rodentia,Caviidae,Dolichotis,salinicola,0.20763436738896152,38.92324979320565,-3727.984307889352,-6512.39244757889,4734.26894534594,428.6245147082449,-225.76243791941903,f_4,0.6074550232146685,0.5504542576078163,0.6000965816749806
Eira barbara,Mammalia,Carnivora,Mustelidae,Eira,barbara,0.46982201597816303,38.92324979320565,-2756.047650778884,216.10347744287705,-1994.1446024056083,-588.522102691723,179.2283583714183,f_4,0.8332108802826087,0.7364369273655144,0.7821704313726279
Eonycteris spelaea,Mammalia,Chiroptera,Pteropodidae,Eonycteris,spelaea,-1.2873502983727887,38.92324979320565,-2756.047650778884,216.10347744287705,-1994.1446024056083,-588.522102691723,179.2283583714183,f_4,-0.5718652059712112,-0.5176539195194999,-0.4954015208135776
Euphractus sexcinctus,Mammalia,Cingulata,Dasypodidae,Euphractus,sexcinctus,0.9132839017604184,38.92324979320565,-3655.337037865597,-5944.340167150048,4120.696289745943,301.925623364948,-31.88199990414605,f_4,0.8389120274059986,1.0661772220946324,0.9831509083605456
Gerbillus andersoni,Mammalia,Rodentia,Muridae,Gerbillus,andersoni,-1.4522252946121774,38.92324979320565,-3727.984307889352,-6512.39244757889,4734.26894534594,428.6245147082449,-225.76243791941903,f_4,-0.6635402661514705,-0.7068080542102265,-0.6700155983809328
Gerbillus perpallidus,Mammalia,Rodentia,Muridae,Gerbillus,perpallidus,-1.2806687130162742,38.92324979320565,-3727.984307889352,-6512.39244757889,4734.26894534594,428.6245147082449,-225.76243791941903,f_4,-0.6143937264016879,-0.5680741186697824,-0.5401032644483406
Gerbillus perpallidus,Mammalia,Rodentia,Muridae,Gerbillus,perpallidus,-1.2182446253475312,38.92324979320565,-3727.984307889352,-6512.39244757889,4734.26894534594,428.6245147082449,-225.76243791941903,f_4,-0.5528419686577808,-0.5190145337326382,-0.48919293280064235
Glaucomys volans,Mammalia,Rodentia,Sciuridae,Glaucomys,volans,-1.202040356262804,38.92324979320565,-2762.4552385025554,218.3717657788936,-2025.413014017376,-610.0258245105548,199.7655186548644,f_4,-0.431798275933005,-0.44315659832097254,-0.4215843834379909
Glaucomys volans,Mammalia,Rodentia,Sciuridae,Glaucomys,volans,-1.192126867996668,38.92324979320565,-2762.4552385025554,218.3717657788936,-2025.413014017376,-610.0258245105548,199.7655186548644,f_4,-0.42365864979420714,-0.4355046311199463,-0.4085760001307406
Glaucomys volans,Mammalia,Rodentia,Sciuridae,Glaucomys,volans,-1.1191864077192086,38.92324979320565,-2762.4552385025554,218.3717657788936,-2025.413014017376,-610.0258245105548,199.7655186548644,f_4,-0.29328221766324125,-0.3805622934419308,-0.3560617466067135
Gracilinanus microtarsus,Mammalia,Didelphimorphia,Didelphidae,Gracilinanus,microtarsus,-1.8860566476931633,38.92324979320565,-2756.047650778884,216.10347744287705,-1994.1446024056083,-588.522102691723,179.2283583714183,f_4,-0.9746941347352298,-0.974022163214828,-0.9447438300125575
Graomys griseoflavus,Mammalia,Rodentia,Cricetidae,Graomys,griseoflavus,-1.158640529545145,38.92324979320565,-2756.047650778884,216.10347744287705,-1994.1446024056083,-588.522102691723,179.2283583714183,f_4,-0.32882715728491674,-0.41940549877666233,-0.3747893788412986
Gymnobelideus leadbeateri,Mammalia,Diprotodontia,Petauridae,Gymnobelideus,leadbeateri,-0.7798919119599449,38.92324979320565,-2756.047650778884,216.10347744287705,-1994.1446024056083,-588.522102691723,179.2283583714183,f_4,-0.2410881076020265,-0.140038799855804,-0.07224689070677415
Heterocephalus glaber,Mammalia,Rodentia,Bathyergidae,Heterocephalus,glaber,-1.494850021680094,38.92324979320565,-3727.984307889352,-6512.39244757889,4734.26894534594,428.6245147082449,-225.76243791941903,f_4,-0.9430951486635274,-0.7397089872340293,-0.7053153967021724
Heterocephalus glaber,Mammalia,Rodentia,Bathyergidae,Heterocephalus,glaber,-1.408935392973501,38.92324979320565,-3727.984307889352,-6512.39244757889,4734.26894534594,428.6245147082449,-225.76243791941903,f_4,-0.8416375079047503,-0.6701638238918557,-0.634266829438354
Isoodon auratus,Mammalia,Peramelemorphia,Peramelidae,Isoodon,auratus,-0.368556230986828,38.92324979320565,-2756.047650778884,216.10347744287705,-1994.1446024056083,-588.522102691723,179.2283583714183,f_4,-0.07727454200674003,0.17201181183464645,0.15940663989138648
Jaculus jaculus,Mammalia,Rodentia,Dipodidae,Jaculus,jaculus,-1.1249387366083,38.92324979320565,-3727.984307889352,-6512.39244757889,4734.26894534594,428.6245147082449,-225.76243791941903,f_4,-0.28819277095880896,-0.44323560350882024,-0.40519048417886405
Lemmiscus curtatus,Mammalia,Rodentia,Cricetidae,Lemmiscus,curtatus,-1.518557371497695,38.92324979320565,-2756.047650778884,216.10347744287705,-1994.1446024056083,-588.522102691723,179.2283583714183,f_4,-0.5512936800949201,-0.6941288124850921,-0.6667212249308314
Lemniscomys rosalia,Mammalia,Rodentia,Muridae,Lemniscomys,rosalia,-1.2964507017617695,38.92324979320565,-2756.047650778884,216.10347744287705,-1994.1446024056083,-588.522102691723,179.2283583714183,f_4,-0.46470587995722945,-0.524678287368551,-0.5024258886626287
Leptailurus serval,Mammalia,Carnivora,Felidae,Leptailurus,serval,0.005180512503780314,38.92324979320565,-2756.047650778884,216.10347744287705,-1994.1446024056083,-588.522102691723,179.2283583714183,f_4,0.15836249209524964,0.4743377571854109,0.48982205867657025
Leptonycteris curasoae,Mammalia,Chiroptera,Phyllostomidae,Leptonycteris,curasoae,-1.6575773191777938,38.92324979320565,-2756.047650778884,216.10347744287705,-1994.1446024056083,-588.522102691723,179.2283583714183,f_4,-0.6108339156354675,-0.8003189169318651,-0.7896281009325852
Lepus alleni,Mammalia,Lagomorpha,Leporidae,Lepus,alleni,0.47712125471966244,38.92324979320565,-2763.255529574752,218.65506910344627,-2029.3183574529687,-612.7115835407454,202.3305566585363,f_4,0.9640237928400335,0.8874616969318093,0.8624006520827858
Lepus alleni,Mammalia,Lagomorpha,Leporidae,Lepus,alleni,0.5118833609788743,38.92324979320565,-2763.255529574752,218.65506910344627,-2029.3183574529687,-612.7115835407454,202.3305566585363,f_4,0.9987822698317358,0.9102570775152033,0.8956416938035965
Lepus alleni,Mammalia,Lagomorpha,Leporidae,Lepus,alleni,0.5265977091034522,38.92324979320565,-2763.255529574752,218.65506910344627,-2029.3183574529687,-612.7115835407454,202.3305566585363,f_4,0.931457870689005,0.9216147052453302,0.9069993215337233
Loxodontomys micropus,Mammalia,Rodentia,Cricetidae,Loxodontomys,micropus,-1.2055119533408312,38.92324979320565,-2756.047650778884,216.10347744287705,-1994.1446024056083,-588.522102691723,179.2283583714183,f_4,-0.2628073572952627,-0.4544850010561611,-0.4207433078808822
Lutra lutra,Mammalia,Carnivora,Mustelidae,Lutra,lutra,1.0,38.92324979320565,-2756.047650778884,216.10347744287705,-1994.1446024056083,-588.522102691723,179.2283583714183,f_4,1.3997429262428613,1.1969616968466978,1.1937324393213804
Lutreolina crassicaudata,Mammalia,Didelphimorphia,Didelphidae,Lutreolina,crassicaudata,-0.09044397075882467,38.92324979320565,-2756.047650778884,216.10347744287705,-1994.1446024056083,-588.522102691723,179.2283583714183,f_4,0.3550682063488507,0.3989726213722279,0.40302232805745053
Macroderma gigas,Mammalia,Chiroptera,Megadermatidae,Macroderma,gigas,-0.9698052146432488,38.92324979320565,-2756.047650778884,216.10347744287705,-1994.1446024056083,-588.522102691723,179.2283583714183,f_4,-0.27901425584626094,-0.28662800480148587,-0.2618966368054101
Macroderma gigas,Mammalia,Chiroptera,Megadermatidae,Macroderma,gigas,-0.8297382846050426,38.92324979320565,-2756.047650778884,216.10347744287705,-1994.1446024056083,-588.522102691723,179.2283583714183,f_4,-0.11013827874181155,-0.1785139357848334,-0.150647125054993
Macrotus californicus,Mammalia,Chiroptera,Phyllostomidae,Macrotus,californicus,-1.931814138253842,38.92324979320565,-2764.627306005197,219.14067844833644,-2036.0124944536992,-617.3152347165119,206.72728029932367,f_4,-1.0861861476162833,-1.0010571641453365,-1.0163722167933236
Mastomys natalensis,Mammalia,Rodentia,Muridae,Mastomys,natalensis,-1.382056565171027,38.92324979320565,-2756.047650778884,216.10347744287705,-1994.1446024056083,-588.522102691723,179.2283583714183,f_4,-0.7375489102695706,-0.5887673428505068,-0.5675597820170084
Mesocricetus auratus,Mammalia,Rodentia,Cricetidae,Mesocricetus,auratus,-1.0087739243075051,38.92324979320565,-2756.047650778884,216.10347744287705,-1994.1446024056083,-588.522102691723,179.2283583714183,f_4,-0.08618614761628333,-0.3194724831369654,-0.3019171319220282
Mesocricetus auratus,Mammalia,Rodentia,Cricetidae,Mesocricetus,auratus,-0.9226320947158435,38.92324979320565,-2756.047650778884,216.10347744287705,-1994.1446024056083,-588.522102691723,179.2283583714183,f_4,-0.23657200643706275,-0.25021628404647844,-0.24434839658853247
Microtus guentheri,Mammalia,Rodentia,Cricetidae,Microtus,guentheri,-1.3585258894959005,38.92324979320565,-2756.047650778884,216.10347744287705,-1994.1446024056083,-588.522102691723,179.2283583714183,f_4,-0.34969247686806354,-0.5725925318592303,-0.5507152251828795
Microtus montanus,Mammalia,Rodentia,Cricetidae,Microtus,montanus,-1.5114492834995557,38.92324979320565,-2756.047650778884,216.10347744287705,-1994.1446024056083,-588.522102691723,179.2283583714183,f_4,-0.34198860334288755,-0.6886422617611089,-0.663088404736395
Microtus montanus,Mammalia,Rodentia,Cricetidae,Microtus,montanus,-1.454692883534176,38.92324979320565,-2756.047650778884,216.10347744287705,-1994.1446024056083,-588.522102691723,179.2283583714183,f_4,-0.33254704711004607,-0.6448334530628669,-0.6183029068782828
Microtus pennsylvanicus,Mammalia,Rodentia,Cricetidae,Microtus,pennsylvanicus,-1.4225082001627747,38.92324979320565,-2756.047650778884,216.10347744287705,-1994.1446024056083,-588.522102691723,179.2283583714183,f_4,-0.34008379993014975,-0.6199909218647773,-0.5934603756801933
Microtus pennsylvanicus,Mammalia,Rodentia,Cricetidae,Microtus,pennsylvanicus,-1.4202164033831899,38.92324979320565,-2756.047650778884,216.10347744287705,-1994.1446024056083,-588.522102691723,179.2283583714183,f_4,-0.38721614328026455,-0.6182219427407784,-0.5916913965561943
Microtus pennsylvanicus,Mammalia,Rodentia,Cricetidae,Microtus,pennsylvanicus,-1.4100503986742923,38.92324979320565,-2756.047650778884,216.10347744287705,-1994.1446024056083,-588.522102691723,179.2283583714183,f_4,-0.3777859770337047,-0.6103750645774494,-0.5838445183928653
Microtus townsendii,Mammalia,Rodentia,Cricetidae,Microtus,townsendii,-1.282329496997738,38.92324979320565,-2757.726303232316,216.69769543737328,-2002.3356918420425,-594.1546348152257,184.6057910268257,f_4,-0.2975694635544747,-0.5109234154976189,-0.47176123756772514
Mus minutoides,Mammalia,Rodentia,Muridae,Mus,minutoides,-2.1012748184105066,38.92324979320565,-2756.047650778884,216.10347744287705,-1994.1446024056083,-588.522102691723,179.2283583714183,f_4,-0.906578314837765,-1.0764610216722503,-1.0151274430416823
Mus minutoides,Mammalia,Rodentia,Muridae,Mus,minutoides,-2.093664958194909,38.92324979320565,-2756.047650778884,216.10347744287705,-1994.1446024056083,-588.522102691723,179.2283583714183,f_4,-0.8728952016351923,-1.0705871658496684,-1.0499393377631716
Myodes gapperi,Mammalia,Rodentia,Cricetidae,Myodes,gapperi,-1.6516951369518393,38.92324979320565,-2756.047650778884,216.10347744287705,-1994.1446024056083,-588.522102691723,179.2283583714183,f_4,-0.5606673061697374,-0.7957786114152673,-0.7892567268108028
Myodes gapperi,Mammalia,Rodentia,Cricetidae,Myodes,gapperi,-1.632644078973981,38.92324979320565,-2756.047650778884,216.10347744287705,-1994.1446024056083,-588.522102691723,179.2283583714183,f_4,-0.5686362358410126,-0.7810735886343966,-0.7745517040299321
Myodes gapperi,Mammalia,Rodentia,Cricetidae,Myodes,gapperi,-1.609064892896621,38.92324979320565,-2756.047650778884,216.10347744287705,-1994.1446024056083,-588.522102691723,179.2283583714183,f_4,-0.4788619162959637,-0.7628734199705384,-0.7305746871690906
Myodes glareolus,Mammalia,Rodentia,Cricetidae,Myodes,glareolus,-1.744727494896694,38.92324979320565,-2756.047650778884,216.10347744287705,-1994.1446024056083,-588.522102691723,179.2283583714183,f_4,-0.5072396109731625,-0.8661670485462463,-0.8652086586114349
Myodes glareolus,Mammalia,Rodentia,Cricetidae,Myodes,glareolus,-1.6882461389442456,38.92324979320565,-2756.047650778884,216.10347744287705,-1994.1446024056083,-588.522102691723,179.2283583714183,f_4,-0.5686362358410126,-0.8225705392636382,-0.8134586623319378
Myodes glareolus,Mammalia,Rodentia,Cricetidae,Myodes,glareolus,-1.630784142589859,38.92324979320565,-2756.047650778884,216.10347744287705,-1994.1446024056083,-588.522102691723,179.2283583714183,f_4,-0.4509967379742122,-0.7796379514676174,-0.7731160668631529
Myodes glareolus,Mammalia,Rodentia,Cricetidae,Myodes,glareolus,-1.609064892896621,38.92324979320565,-2756.047650778884,216.10347744287705,-1994.1446024056083,-588.522102691723,179.2283583714183,f_4,-0.494850021680094,-0.7628734199705384,-0.7305746871690906
Myotomys unisulcatus,Mammalia,Rodentia,Muridae,Myotomys,unisulcatus,-1.0177287669604316,38.92324979320565,-2756.047650778884,216.10347744287705,-1994.1446024056083,-588.522102691723,179.2283583714183,f_4,-0.22548303427145044,-0.32162626255187815,-0.30429844711318665
Myrmecophaga tridactyla,Mammalia,Pilosa,Myrmecophagidae,Myrmecophaga,tridactyla,1.4857214264815801,38.92324979320565,-3655.337037865597,-5944.340167150048,4120.696289745943,301.925623364948,-31.88199990414605,f_4,1.1626540041195759,1.4435954450946031,1.4003497235168534
Nasua narica,Mammalia,Carnivora,Procyonidae,Nasua,narica,0.5646660642520893,38.92324979320565,-2756.047650778884,216.10347744287705,-1994.1446024056083,-588.522102691723,179.2283583714183,f_4,0.8282086144679454,0.8050363596550829,0.8514391510649706
Nasua nasua,Mammalia,Carnivora,Procyonidae,Nasua,nasua,0.5854607295085007,38.92324979320565,-2756.047650778884,216.10347744287705,-1994.1446024056083,-588.522102691723,179.2283583714183,f_4,0.7519715747363273,0.8533891579814769,0.9072595787284972
Nasua nasua,Mammalia,Carnivora,Procyonidae,Nasua,nasua,0.6020599913279624,38.92324979320565,-2756.047650778884,216.10347744287705,-1994.1446024056083,-588.522102691723,179.2283583714183,f_4,0.7430391548049332,0.8662017022236134,0.9200721229706337
Neotoma albigula,Mammalia,Rodentia,Cricetidae,Neotoma,albigula,-0.763462738511306,38.92324979320565,-2758.0116502138903,216.79871975347584,-2003.728412737407,-595.1126928034295,185.52164266823863,f_4,-0.14266750356873156,-0.12355970938147917,-0.016982219891302996
Neotoma albigula,Mammalia,Rodentia,Cricetidae,Neotoma,albigula,-0.7375489102695706,38.92324979320565,-2758.0116502138903,216.79871975347584,-2003.728412737407,-595.1126928034295,185.52164266823863,f_4,-0.12493873660829995,-0.10505355406442697,-0.03383632433099448
Neotoma cinerea,Mammalia,Rodentia,Cricetidae,Neotoma,cinerea,-0.6880343396316337,38.92324979320565,-2758.0116502138903,216.79871975347584,-2003.728412737407,-595.1126928034295,185.52164266823863,f_4,-0.026410376572743116,-0.06683452759030052,0.00852266940587687
Neotoma cinerea,Mammalia,Rodentia,Cricetidae,Neotoma,cinerea,-0.49363028290449606,38.92324979320565,-2758.0116502138903,216.79871975347584,-2003.728412737407,-595.1126928034295,185.52164266823863,f_4,0.14921911265537988,0.07342166845306417,0.13185954077328121
Ochrotomys nuttalli,Mammalia,Rodentia,Cricetidae,Ochrotomys,nuttalli,-1.709965388637482,38.92324979320565,-2758.0116502138903,216.79871975347584,-2003.728412737407,-595.1126928034295,185.52164266823863,f_4,-0.8210230527068306,-0.8346797636593875,-0.7876319982754743
Octodon lunatus,Mammalia,Rodentia,Octodontidae,Octodon,lunatus,-0.7614521123186722,38.92324979320565,-3727.984307889352,-6512.39244757889,4734.26894534594,428.6245147082449,-225.76243791941903,f_4,-0.01908806222315645,-0.16326293837507627,-0.12147886615109948
Octomys mimax,Mammalia,Rodentia,Octodontidae,Octomys,mimax,-0.9259153109717562,38.92324979320565,-3727.984307889352,-6512.39244757889,4734.26894534594,428.6245147082449,-225.76243791941903,f_4,-0.19246497193114673,-0.2902078610990115,-0.27076404035712653
Odocoileus virginianus,Mammalia,Artiodactyla,Cervidae,Odocoileus,virginianus,1.7678086728873768,38.92324979320565,-2756.047650778884,216.10347744287705,-1994.1446024056083,-588.522102691723,179.2283583714183,f_4,2.1549197656944865,1.884107082259661,1.8556782194417876
Odocoileus virginianus,Mammalia,Artiodactyla,Cervidae,Odocoileus,virginianus,1.8150461760646306,38.92324979320565,-2756.047650778884,216.10347744287705,-1994.1446024056083,-588.522102691723,179.2283583714183,f_4,2.0280422950907497,1.9205684987930778,1.8921396359752043
Oligoryzomys longicaudatus,Mammalia,Rodentia,Cricetidae,Oligoryzomys,longicaudatus,-1.5497508916806388,38.92324979320565,-2756.047650778884,216.10347744287705,-1994.1446024056083,-588.522102691723,179.2283583714183,f_4,-0.5451551399914898,-0.7182062902524086,-0.6847917316965229
Orycteropus afer,Mammalia,Tubulidentata,Orycteropodidae,Orycteropus,afer,1.6812412373755872,38.92324979320565,-3655.337037865597,-5944.340167150048,4120.696289745943,301.925623364948,-31.88199990414605,f_4,1.5349774634615503,1.632450298480421,1.5624935046649622
Oryctolagus cuniculus,Mammalia,Lagomorpha,Leporidae,Oryctolagus,cuniculus,0.3010299956639812,38.92324979320565,-2763.255529574752,218.65506910344627,-2029.3183574529687,-612.7115835407454,202.3305566585363,f_4,0.8034571156484139,0.736390502937104,0.7012806315019757
Oryctolagus cuniculus,Mammalia,Lagomorpha,Leporidae,Oryctolagus,cuniculus,0.37106786227173627,38.92324979320565,-2763.255529574752,218.65506910344627,-2029.3183574529687,-612.7115835407454,202.3305566585363,f_4,0.9344984512435677,0.787642349554698,0.744650511301137
Panthera leo,Mammalia,Carnivora,Felidae,Panthera,leo,1.9912260756924949,38.92324979320565,-2756.047650778884,216.10347744287705,-1994.1446024056083,-588.522102691723,179.2283583714183,f_4,1.9757993096794075,2.046286061231774,2.0281283795174394
Paradoxurus hermaphroditus,Mammalia,Carnivora,Viverridae,Paradoxurus,hermaphroditus,0.49968708261840383,38.92324979320565,-2756.047650778884,216.10347744287705,-1994.1446024056083,-588.522102691723,179.2283583714183,f_4,0.8845121591903939,0.7532259659552722,0.8170828787133311
Paradoxurus hermaphroditus,Mammalia,Carnivora,Viverridae,Paradoxurus,hermaphroditus,0.5327543789924978,38.92324979320565,-2756.047650778884,216.10347744287705,-1994.1446024056083,-588.522102691723,179.2283583714183,f_4,0.6015167836500102,0.7787497634812675,0.8426066762393262
Paranyctimene raptor,Mammalia,Chiroptera,Pteropodidae,Paranyctimene,raptor,-1.6716203965612624,38.92324979320565,-2756.047650778884,216.10347744287705,-1994.1446024056083,-588.522102691723,179.2283583714183,f_4,-0.769551078621726,-0.8097375553540413,-0.8052393200718255
Paranyctimene raptor,Mammalia,Chiroptera,Pteropodidae,Paranyctimene,raptor,-1.6270879970298935,38.92324979320565,-2756.047650778884,216.10347744287705,-1994.1446024056083,-588.522102691723,179.2283583714183,f_4,-0.8632794328435932,-0.776784991557261,-0.762591642718206
Parotomys brantsii,Mammalia,Rodentia,Muridae,Parotomys,brantsii,-1.0629838925351858,38.92324979320565,-2756.047650778884,216.10347744287705,-1994.1446024056083,-588.522102691723,179.2283583714183,f_4,-0.32975414692587596,-0.3533417391306107,-0.3127568730618968
Pecari tajacu,Mammalia,Artiodactyla,Tayassuidae,Pecari,tajacu,1.3117538610557542,38.92324979320565,-2756.047650778884,216.10347744287705,-1994.1446024056083,-588.522102691723,179.2283583714183,f_4,1.520680001634395,1.6237270503191474,1.4856236592076082
Pedetes capensis,Mammalia,Rodentia,Pedetidae,Pedetes,capensis,0.36172783601759284,38.92324979320565,-3727.984307889352,-6512.39244757889,4734.26894534594,428.6245147082449,-225.76243791941903,f_4,0.6461095219788479,0.6619979935348822,0.6862769385472052
Peromyscus leucopus,Mammalia,Rodentia,Cricetidae,Peromyscus,leucopus,-1.6989700043360187,38.92324979320565,-2758.0116502138903,216.79871975347584,-2003.728412737407,-595.1126928034295,185.52164266823863,f_4,-0.7328282715969862,-0.8261927086713985,-0.7625548993850881
Peromyscus leucopus,Mammalia,Rodentia,Cricetidae,Peromyscus,leucopus,-1.6695862266508092,38.92324979320565,-2758.0116502138903,216.79871975347584,-2003.728412737407,-595.1126928034295,185.52164266823863,f_4,-0.7235381958267558,-0.8035121246979926,-0.7409765617557718
Peromyscus leucopus,Mammalia,Rodentia,Cricetidae,Peromyscus,leucopus,-1.6556077263148892,38.92324979320565,-2758.0116502138903,216.79871975347584,-2003.728412737407,-595.1126928034295,185.52164266823863,f_4,-0.6882461389442457,-0.7941433316416969,-0.7392555466867405
Peromyscus leucopus,Mammalia,Rodentia,Cricetidae,Peromyscus,leucopus,-1.6516951369518393,38.92324979320565,-2758.0116502138903,216.79871975347584,-2003.728412737407,-595.1126928034295,185.52164266823863,f_4,-0.721246399047171,-0.7911233043139388,-0.7362355193589825
Peromyscus leucopus,Mammalia,Rodentia,Cricetidae,Peromyscus,leucopus,-1.585026652029182,38.92324979320565,-2758.0116502138903,216.79871975347584,-2003.728412737407,-595.1126928034295,185.52164266823863,f_4,-0.4962093169428189,-0.7413181967592872,-0.659643110935755
Petrodromus tetradactylus,Mammalia,Macroscelidea,Macroscelididae,Petrodromus,tetradactylus,-0.6859220082207871,38.92324979320565,-3655.337037865597,-5944.340167150048,4120.696289745943,301.925623364948,-31.88199990414605,f_4,0.0004340774793185929,-0.10998414647677003,-0.17856348893921625
Petrodromus tetradactylus,Mammalia,Macroscelidea,Macroscelididae,Petrodromus,tetradactylus,-0.6819366650372385,38.92324979320565,-3655.337037865597,-5944.340167150048,4120.696289745943,301.925623364948,-31.88199990414605,f_4,-0.0660068361687577,-0.10690796234191614,-0.17548730480436237
Petrodromus tetradactylus,Mammalia,Macroscelidea,Macroscelididae,Petrodromus,tetradactylus,-0.6777807052660807,38.92324979320565,-3655.337037865597,-5944.340167150048,4120.696289745943,301.925623364948,-31.88199990414605,f_4,-0.14266750356873156,-0.10370008364130635,-0.17227942610375258
Petromyscus collinus,Mammalia,Rodentia,Nesomyidae,Petromyscus,collinus,-1.6901569952839295,38.92324979320565,-3727.984307889352,-6512.39244757889,4734.26894534594,428.6245147082449,-225.76243791941903,f_4,-0.9393021596463883,-0.8904614283554201,-0.8752046084519558
Phascogale tapoatafa,Mammalia,Dasyuromorphia,Dasyuridae,Phascogale,tapoatafa,-0.8326826652518239,38.92324979320565,-2756.047650778884,216.10347744287705,-1994.1446024056083,-588.522102691723,179.2283583714183,f_4,-0.1778319206319825,-0.18078662764986228,-0.15291981692002188
Phascogale tapoatafa,Mammalia,Dasyuromorphia,Dasyuridae,Phascogale,tapoatafa,-0.8041003475907662,38.92324979320565,-2756.047650778884,216.10347744287705,-1994.1446024056083,-588.522102691723,179.2283583714183,f_4,-0.14874165128092473,-0.15872467010270572,-0.09936650526500856
Phascogale tapoatafa,Mammalia,Dasyuromorphia,Dasyuridae,Phascogale,tapoatafa,-0.8035474582966112,38.92324979320565,-2756.047650778884,216.10347744287705,-1994.1446024056083,-588.522102691723,179.2283583714183,f_4,-0.14874165128092473,-0.15829790904432803,-0.09893974420663088
Phenacomys intermedius,Mammalia,Rodentia,Cricetidae,Phenacomys,intermedius,-1.6675615400843946,38.92324979320565,-2756.047650778884,216.10347744287705,-1994.1446024056083,-588.522102691723,179.2283583714183,f_4,-0.42596873227228116,-0.806604628194511,-0.792434965602782
Phyllotis xanthopygus,Mammalia,Rodentia,Cricetidae,Phyllotis,xanthopygus,-1.2596373105057561,38.92324979320565,-2756.047650778884,216.10347744287705,-1994.1446024056083,-588.522102691723,179.2283583714183,f_4,-0.5003129173815962,-0.496262975332341,-0.47401057662641866
Planigale ingrami,Mammalia,Dasyuromorphia,Dasyuridae,Planigale,ingrami,-2.1487416512809308,38.92324979320565,-2756.047650778884,216.10347744287705,-1994.1446024056083,-588.522102691723,179.2283583714183,f_4,-1.2006594505464183,-1.1237744854155949,-1.0828222773941614
Planigale ingrami,Mammalia,Dasyuromorphia,Dasyuridae,Planigale,ingrami,-1.9665762445130504,38.92324979320565,-2756.047650778884,216.10347744287705,-1994.1446024056083,-588.522102691723,179.2283583714183,f_4,-1.1739251972991736,-1.0316712229700762,-1.02026494470569
Planigale maculata,Mammalia,Dasyuromorphia,Dasyuridae,Planigale,maculata,-2.070581074285707,38.92324979320565,-2756.047650778884,216.10347744287705,-1994.1446024056083,-588.522102691723,179.2283583714183,f_4,-1.2218487496163564,-1.0579143299229385,-1.0321214801328862
Planigale maculata,Mammalia,Dasyuromorphia,Dasyuridae,Planigale,maculata,-1.8827287043442391,38.92324979320565,-2756.047650778884,216.10347744287705,-1994.1446024056083,-588.522102691723,179.2283583714183,f_4,-1.1307682802690238,-0.9714534091426783,-0.9421750759404077
Poliocitellus franklinii,Mammalia,Rodentia,Sciuridae,Poliocitellus,franklinii,-0.21681130892474243,38.92324979320565,-2762.4552385025554,218.3717657788936,-2025.413014017376,-610.0258245105548,199.7655186548644,f_4,0.34044411484011833,0.2945627891082991,0.29423262573786046
Potorous tridactylus,Mammalia,Diprotodontia,Potoroidae,Potorous,tridactylus,-0.010550182333308195,38.92324979320565,-2756.047650778884,216.10347744287705,-1994.1446024056083,-588.522102691723,179.2283583714183,f_4,0.3660492098002354,0.45318429811149413,0.4776799389996915
Potorous tridactylus,Mammalia,Diprotodontia,Potoroidae,Potorous,tridactylus,0.04921802267018165,38.92324979320565,-2756.047650778884,216.10347744287705,-1994.1446024056083,-588.522102691723,179.2283583714183,f_4,0.4490153163477863,0.009903665260931171,0.23306053911525637
Proteles cristata,Mammalia,Carnivora,Hyaenidae,Proteles,cristata,0.887054378050957,38.92324979320565,-2756.047650778884,216.10347744287705,-1994.1446024056083,-588.522102691723,179.2283583714183,f_4,1.0384214456424594,1.0927170855737351,1.106552612054539
Proteles cristata,Mammalia,Carnivora,Hyaenidae,Proteles,cristata,0.9084850188786497,38.92324979320565,-2756.047650778884,216.10347744287705,-1994.1446024056083,-588.522102691723,179.2283583714183,f_4,1.0877459347847338,1.1092588472935376,1.1230943737743417
Pteropus rodricensis,Mammalia,Chiroptera,Pteropodidae,Pteropus,rodricensis,-0.5943122133272224,38.92324979320565,-2756.047650778884,216.10347744287705,-1994.1446024056083,-588.522102691723,179.2283583714183,f_4,-0.12320502379929942,-0.0015991289486777787,0.034381825564178126
Pteropus scapulatus,Mammalia,Chiroptera,Pteropodidae,Pteropus,scapulatus,-0.4412914294668343,38.92324979320565,-2756.047650778884,216.10347744287705,-1994.1446024056083,-588.522102691723,179.2283583714183,f_4,0.13129779659762297,0.0919316995736016,0.026759217476282515
Reithrodontomys megalotis,Mammalia,Rodentia,Cricetidae,Reithrodontomys,megalotis,-2.0457574905606752,38.92324979320565,-2758.0116502138903,216.79871975347584,-2003.728412737407,-595.1126928034295,185.52164266823863,f_4,-0.8860566476931632,-1.039225663475659,-1.0174190340221607
Saccopteryx bilineata,Mammalia,Chiroptera,Emballonuridae,Saccopteryx,bilineata,-2.1079053973095196,38.92324979320565,-2756.047650778884,216.10347744287705,-1994.1446024056083,-588.522102691723,179.2283583714183,f_4,-1.0915149811213503,-1.0759347811442355,-1.0202454167454877
Saguinus geoffroyi,Mammalia,Primates,Callitrichidae,Saguinus,geoffroyi,-0.6478174818886375,38.92324979320565,-3655.337037865597,-5944.340167150048,4120.696289745943,301.925623364948,-31.88199990414605,f_4,0.11561051167429974,-0.08057224040731338,-0.14596850112365822
Saimiri sciureus,Mammalia,Primates,Cebidae,Saimiri,sciureus,-0.09691001300805639,38.92324979320565,-3655.191366800592,-5943.342269921956,4119.705779463161,301.7813845131862,-31.84780326937325,f_4,0.6424645202421213,0.3440760058240252,0.2631018573138262
Saimiri sciureus,Mammalia,Primates,Cebidae,Saimiri,sciureus,-0.057991946977686754,38.92324979320565,-3655.191366800592,-5943.342269921956,4119.705779463161,301.7813845131862,-31.84780326937325,f_4,0.6501131644435715,0.3650975508123059,0.293141713799967
Scapanus townsendii,Mammalia,Soricomorpha,Talpidae,Scapanus,townsendii,-0.8857227034384137,38.92324979320565,-2756.047650778884,216.10347744287705,-1994.1446024056083,-588.522102691723,179.2283583714183,f_4,-0.21681130892474243,-0.22172687205720884,-0.20082993046417874
Sciurus aberti,Mammalia,Rodentia,Sciuridae,Sciurus,aberti,-0.20481541031757602,38.92324979320565,-2762.4552385025554,218.3717657788936,-2025.413014017376,-610.0258245105548,199.7655186548644,f_4,0.3805730030668873,0.3038221154145026,0.303491952044064
Sciurus carolinensis,Mammalia,Rodentia,Sciuridae,Sciurus,carolinensis,-0.3565473235138126,38.92324979320565,-2762.4552385025554,218.3717657788936,-2025.413014017376,-610.0258245105548,199.7655186548644,f_4,0.3142886609474977,0.20075173090419232,0.18406844440248737
Sicista betulina,Mammalia,Rodentia,Dipodidae,Sicista,betulina,-2.0,38.92324979320565,-3727.984307889352,-6512.39244757889,4734.26894534594,428.6245147082449,-225.76243791941903,f_4,-0.7471469690201068,-1.1282749411594717,-1.1021276580319912
Sigmodon alleni,Mammalia,Rodentia,Cricetidae,Sigmodon,alleni,-0.860750782428393,38.92324979320565,-2756.047650778884,216.10347744287705,-1994.1446024056083,-588.522102691723,179.2283583714183,f_4,0.05461305455688774,-0.20245168703802294,-0.17816612453196412
Sorex alpinus,Mammalia,Soricomorpha,Soricidae,Sorex,alpinus,-2.1079053973095196,38.92324979320565,-2756.047650778884,216.10347744287705,-1994.1446024056083,-588.522102691723,179.2283583714183,f_4,-0.5767541260631921,-1.0759347811442355,-1.0202454167454877
Sorex alpinus,Mammalia,Soricomorpha,Soricidae,Sorex,alpinus,-2.1023729087095586,38.92324979320565,-2756.047650778884,216.10347744287705,-1994.1446024056083,-588.522102691723,179.2283583714183,f_4,-0.5702477199975919,-1.0773086093958182,-1.0159750307652502
Sorex cinereus,Mammalia,Soricomorpha,Soricidae,Sorex,cinereus,-2.4559319556497243,38.92324979320565,-2756.047650778884,216.10347744287705,-1994.1446024056083,-588.522102691723,179.2283583714183,f_4,-0.7544873321858502,-1.3585162432457585,-1.3497228089156466
Sorex cinereus,Mammalia,Soricomorpha,Soricidae,Sorex,cinereus,-2.3010299956639813,38.92324979320565,-2756.047650778884,216.10347744287705,-1994.1446024056083,-588.522102691723,179.2283583714183,f_4,-0.6038006529042637,-1.2420131145569302,-1.2447006747278906
Sorex cinereus,Mammalia,Soricomorpha,Soricidae,Sorex,cinereus,-2.1023729087095586,38.92324979320565,-2756.047650778884,216.10347744287705,-1994.1446024056083,-588.522102691723,179.2283583714183,f_4,-0.5086383061657274,-1.0773086093958182,-1.0159750307652502
Sorex vagrans,Mammalia,Soricomorpha,Soricidae,Sorex,vagrans,-2.283996656365201,38.92324979320565,-2756.047650778884,216.10347744287705,-1994.1446024056083,-588.522102691723,179.2283583714183,f_4,-0.8041003475907662,-1.228865517047439,-1.2209090585683444
Tamiasciurus hudsonicus,Mammalia,Rodentia,Sciuridae,Tamiasciurus,hudsonicus,-0.6946486305533762,38.92324979320565,-2762.4552385025554,218.3717657788936,-2025.413014017376,-610.0258245105548,199.7655186548644,f_4,0.25599572672240195,-0.07235125766354887,-0.052249860440157336
Tamiasciurus hudsonicus,Mammalia,Rodentia,Sciuridae,Tamiasciurus,hudsonicus,-0.6497519816658371,38.92324979320565,-2762.4552385025554,218.3717657788936,-2025.413014017376,-610.0258245105548,199.7655186548644,f_4,0.14921911265537988,-0.03878501013579369,-0.017595289263936165
Tamiasciurus hudsonicus,Mammalia,Rodentia,Sciuridae,Tamiasciurus,hudsonicus,-0.6478174818886375,38.92324979320565,-2762.4552385025554,218.3717657788936,-2025.413014017376,-610.0258245105548,199.7655186548644,f_4,0.2748503200166648,-0.037291819399280474,-0.016102098527422948
Tamiasciurus hudsonicus,Mammalia,Rodentia,Sciuridae,Tamiasciurus,hudsonicus,-0.6414940885097647,38.92324979320565,-2762.4552385025554,218.3717657788936,-2025.413014017376,-610.0258245105548,199.7655186548644,f_4,0.15228834438305647,-0.03241095431573501,-0.011221233443877487
Tarsipes rostratus,Mammalia,Diprotodontia,Tarsipedidae,Tarsipes,rostratus,-2.0,38.92324979320565,-2756.047650778884,216.10347744287705,-1994.1446024056083,-588.522102691723,179.2283583714183,f_4,-0.790484985457369,-1.0544590241279304,-1.0470946456222967
Thallomys nigricauda,Mammalia,Rodentia,Muridae,Thallomys,nigricauda,-0.9041335465214574,38.92324979320565,-3727.984307889352,-6512.39244757889,4734.26894534594,428.6245147082449,-225.76243791941903,f_4,-0.41793663708829126,-0.27339507606515884,-0.25947221342744475
Tragulus javanicus,Mammalia,Artiodactyla,Tragulidae,Tragulus,javanicus,0.20763436738896152,38.92324979320565,-2756.047650778884,216.10347744287705,-1994.1446024056083,-588.522102691723,179.2283583714183,f_4,0.6901960800285137,0.5555760637772309,0.6277401227819348
Tragulus javanicus,Mammalia,Artiodactyla,Tragulidae,Tragulus,javanicus,0.20897851727625352,38.92324979320565,-2756.047650778884,216.10347744287705,-1994.1446024056083,-588.522102691723,179.2283583714183,f_4,0.6870828446043707,0.5566135785827868,0.6287776375874907
Tympanoctomys barrerae,Mammalia,Rodentia,Octodontidae,Tympanoctomys,barrerae,-1.1463017882238256,38.92324979320565,-3727.984307889352,-6512.39244757889,4734.26894534594,428.6245147082449,-225.76243791941903,f_4,-0.36653154442041347,-0.4597251948501688,-0.4216800755202126
Urocitellus beldingi,Mammalia,Rodentia,Sciuridae,Urocitellus,beldingi,-0.5397638706896933,38.92324979320565,-2762.4552385025554,218.3717657788936,-2025.413014017376,-610.0258245105548,199.7655186548644,f_4,-0.09691001300805639,0.04790902173840901,0.06523092660729879
Urocitellus beldingi,Mammalia,Rodentia,Sciuridae,Urocitellus,beldingi,-0.5379016188648442,38.92324979320565,-2762.4552385025554,218.3717657788936,-2025.413014017376,-610.0258245105548,199.7655186548644,f_4,-0.0510982390297863,0.04934644613446877,0.06666835100335855
Urocitellus beldingi,Mammalia,Rodentia,Sciuridae,Urocitellus,beldingi,-0.518557371497695,38.92324979320565,-2762.4552385025554,218.3717657788936,-2025.413014017376,-610.0258245105548,199.7655186548644,f_4,-0.14874165128092473,0.06154502757251566,0.05803846039678606
Vulpes vulpes,Mammalia,Carnivora,Canidae,Vulpes,vulpes,0.6473829701146199,38.92324979320565,-2756.047650778884,216.10347744287705,-1994.1446024056083,-588.522102691723,179.2283583714183,f_4,1.134272756620629,0.8806811288329605,0.8974723597569687
Vulpes vulpes,Mammalia,Carnivora,Canidae,Vulpes,vulpes,0.6744018128452817,38.92324979320565,-2756.047650778884,216.10347744287705,-1994.1446024056083,-588.522102691723,179.2283583714183,f_4,1.1411674686462325,0.9005505214956795,0.9183275111259325
Zapus hudsonius,Mammalia,Rodentia,Dipodidae,Zapus,hudsonius,-1.623423042943488,38.92324979320565,-3727.984307889352,-6512.39244757889,4734.26894534594,428.6245147082449,-225.76243791941903,f_4,-0.7011469235902933,-0.8389512030144312,-0.8255823080801632
Zapus hudsonius,Mammalia,Rodentia,Dipodidae,Zapus,hudsonius,-1.6020599913279623,38.92324979320565,-3727.984307889352,-6512.39244757889,4734.26894534594,428.6245147082449,-225.76243791941903,f_4,-0.679853713888946,-0.8224616116730828,-0.788273026660318
Zapus hudsonius,Mammalia,Rodentia,Dipodidae,Zapus,hudsonius,-1.5228787452803376,38.92324979320565,-3727.984307889352,-6512.39244757889,4734.26894534594,428.6245147082449,-225.76243791941903,f_4,-0.6003262785189618,-0.7613436397315095,-0.7331620187354504
Zapus hudsonius,Mammalia,Rodentia,Dipodidae,Zapus,hudsonius,-1.5228787452803376,38.28126975373334,-3727.984307889352,-6512.39244757889,4734.26894534594,428.6245147082449,-225.76243791941903,f_4,-0.6020599913279624,-0.6868407235286622,-0.6775830308017479
Microtus pennsylvanicus,Mammalia,Rodentia,Cricetidae,Microtus,pennsylvanicus,-1.3496924768680636,38.4206817607822,-2756.047650778884,216.10347744287705,-1994.1446024056083,-588.522102691723,179.2283583714183,f_4,-0.3500164563548545,-0.5101358317610029,-0.5051131274392049
Octomys mimax,Mammalia,Rodentia,Octodontidae,Octomys,mimax,-0.9259153109717562,39.29225300776795,-3727.984307889352,-6512.39244757889,4734.26894534594,428.6245147082449,-225.76243791941903,f_4,-0.19441608180881753,-0.3171555465798009,-0.2760023203695907
Tympanoctomys barrerae,Mammalia,Rodentia,Octodontidae,Tympanoctomys,barrerae,-1.285670240254767,38.92324979320565,-3727.984307889352,-6512.39244757889,4734.26894534594,428.6245147082449,-225.76243791941903,f_4,-0.4440327323500169,-0.5719346692001868,-0.5439638149787449
Tympanoctomys barrerae,Mammalia,Rodentia,Octodontidae,Tympanoctomys,barrerae,-1.0409586076789064,38.98863405289522,-3727.984307889352,-6512.39244757889,4734.26894534594,428.6245147082449,-225.76243791941903,f_4,-0.34198860334288755,-0.3850396116259416,-0.3203193681812355
Myotomys unisulcatus,Mammalia,Rodentia,Muridae,Myotomys,unisulcatus,-1.0177287669604316,38.92324979320565,-2756.047650778884,216.10347744287705,-1994.1446024056083,-588.522102691723,179.2283583714183,f_4,-0.22767829327708025,-0.32162626255187815,-0.30429844711318665
Parotomys brantsii,Mammalia,Rodentia,Muridae,Parotomys,brantsii,-1.0629838925351858,38.92324979320565,-2756.047650778884,216.10347744287705,-1994.1446024056083,-588.522102691723,179.2283583714183,f_4,-0.3314846633722469,-0.3533417391306107,-0.3127568730618968
Petrodromus tetradactylus,Mammalia,Macroscelidea,Macroscelididae,Petrodromus,tetradactylus,-0.6859009367047159,37.90614707118819,-3655.337037865597,-5944.340167150048,4120.696289745943,301.925623364948,-31.88199990414605,f_4,-0.0011552868003586222,-0.03310000774321131,-0.1390592334294567
Ochrotomys nuttalli,Mammalia,Rodentia,Cricetidae,Ochrotomys,nuttalli,-1.709965388637482,37.93712626951377,-2758.0116502138903,216.79871975347584,-2003.728412737407,-595.1126928034295,185.52164266823863,f_4,-0.8222230934866939,-0.7415448725883593,-0.7781805743173964
Dolichotis salinicola,Mammalia,Rodentia,Caviidae,Dolichotis,salinicola,0.20763436738896152,37.96815614540901,-3727.984307889352,-6512.39244757889,4734.26894534594,428.6245147082449,-225.76243791941903,f_4,0.6055743760609991,0.5471080071193015,0.6525599255866505
Cebuella pygmaea,Mammalia,Primates,Callitrichidae,Cebuella,pygmaea,-1.0177287669604316,37.90614707118819,-3655.337037865597,-5944.340167150048,4120.696289745943,301.925623364948,-31.88199990414605,f_4,-0.28177519637124254,-0.28922939483070387,-0.3994490860196882
Cebuella pygmaea,Mammalia,Primates,Callitrichidae,Cebuella,pygmaea,-0.8761483590329142,37.90614707118819,-3655.337037865597,-5944.340167150048,4120.696289745943,301.925623364948,-31.88199990414605,f_4,-0.09002817897799509,-0.17994711106888994,-0.2981267492478874
Cannomys badius,Mammalia,Rodentia,Spalacidae,Cannomys,badius,-0.46344155742846993,38.663891140577256,-3727.984307889352,-6512.39244757889,4734.26894534594,428.6245147082449,-225.76243791941903,f_4,-0.01974405819575693,0.09682764953814785,0.02953771401694394
Gracilinanus microtarsus,Mammalia,Didelphimorphia,Didelphidae,Gracilinanus,microtarsus,-1.8860566476931633,37.69682288726413,-2756.047650778884,216.10347744287705,-1994.1446024056083,-588.522102691723,179.2283583714183,f_4,-0.9765189041504774,-0.8495607375406478,-0.9154470857928498
Lutreolina crassicaudata,Mammalia,Didelphimorphia,Didelphidae,Lutreolina,crassicaudata,-0.09044397075882467,37.56260535958654,-2756.047650778884,216.10347744287705,-1994.1446024056083,-588.522102691723,179.2283583714183,f_4,0.3548551079726893,0.5009340498246954,0.43571261308364584
Didelphis marsupialis,Mammalia,Didelphimorphia,Didelphidae,Didelphis,marsupialis,0.12352498094273198,37.66012307591843,-2756.047650778884,216.10347744287705,-1994.1446024056083,-588.522102691723,179.2283583714183,f_4,0.5328958660378615,0.4968851777625746,0.6357065494987071
Didelphis virginiana,Mammalia,Didelphimorphia,Didelphidae,Didelphis,virginiana,0.5128177585648731,37.68458167184368,-2756.047650778884,216.10347744287705,-1994.1446024056083,-588.522102691723,179.2283583714183,f_4,0.7777489395796046,0.7739102056212864,0.8687764551140142
Dromiciops gliroides,Mammalia,Microbiotheria,Microbiotheriidae,Dromiciops,gliroides,-1.3979400086720375,37.64179995408454,-2756.047650778884,216.10347744287705,-1994.1446024056083,-588.522102691723,179.2283583714183,f_4,-0.7501225267834003,-0.47006233535254094,-0.5412344680553711
Dasyuroides byrnei,Mammalia,Dasyuromorphia,Dasyuridae,Dasyuroides,byrnei,-0.9273825234547635,37.74586737955525,-2756.047650778884,216.10347744287705,-1994.1446024056083,-588.522102691723,179.2283583714183,f_4,-0.3361944127272322,-0.14162014173773146,-0.22416899566397275
Phascogale tapoatafa,Mammalia,Dasyuromorphia,Dasyuridae,Phascogale,tapoatafa,-0.8035474582966112,37.369077204457454,-2756.047650778884,216.10347744287705,-1994.1446024056083,-588.522102691723,179.2283583714183,f_4,-0.14976232033333214,-0.001747566303812599,-0.0012055008287541469
Planigale ingrami,Mammalia,Dasyuromorphia,Dasyuridae,Planigale,ingrami,-2.1487416512809308,37.72132919175772,-2756.047650778884,216.10347744287705,-1994.1446024056083,-588.522102691723,179.2283583714183,f_4,-1.194574664749695,-0.9875027173722771,-1.0500252151963225
Planigale maculata,Mammalia,Dasyuromorphia,Dasyuridae,Planigale,maculata,-1.8827287043442391,37.758148449143526,-2756.047650778884,216.10347744287705,-1994.1446024056083,-588.522102691723,179.2283583714183,f_4,-1.1249387366083,-0.8590449012272965,-0.923440862156766
Isoodon auratus,Mammalia,Peramelemorphia,Peramelidae,Isoodon,auratus,-0.368556230986828,37.80735274749719,-2756.047650778884,216.10347744287705,-1994.1446024056083,-588.522102691723,179.2283583714183,f_4,-0.07773600517344395,0.27467596933250127,0.17251983099301826
Echymipera kalubu,Mammalia,Peramelemorphia,Peramelidae,Echymipera,kalubu,-0.15801519540988615,37.66012307591843,-2756.047650778884,216.10347744287705,-1994.1446024056083,-588.522102691723,179.2283583714183,f_4,0.2787536009528289,0.4516406320912381,0.41881317691923603
Burramys parvus,Mammalia,Diprotodontia,Burramyidae,Burramys,parvus,-1.3535962737769305,37.52616629213989,-2756.047650778884,216.10347744287705,-1994.1446024056083,-588.522102691723,179.2283583714183,f_4,-0.6870707810363113,-0.4235322797225721,-0.5141130760457171
Cercartetus nanus,Mammalia,Diprotodontia,Burramyidae,Cercartetus,nanus,-1.154901959985743,37.59911526273858,-2756.047650778884,216.10347744287705,-1994.1446024056083,-588.522102691723,179.2283583714183,f_4,-0.4735171304508372,-0.28333840313713415,-0.33331114680453555
Tarsipes rostratus,Mammalia,Diprotodontia,Tarsipedidae,Tarsipes,rostratus,-2.0,37.41727204850641,-2756.047650778884,216.10347744287705,-1994.1446024056083,-588.522102691723,179.2283583714183,f_4,-0.79287450720435,-0.8970178479404005,-0.9330956072824523
Bettongia gaimardi,Mammalia,Diprotodontia,Potoroidae,Bettongia,gaimardi,0.14144977340046735,37.58693741164133,-2756.047650778884,216.10347744287705,-1994.1446024056083,-588.522102691723,179.2283583714183,f_4,0.553613362256506,0.5424310028326577,0.6150989647345075
Aepyprymnus rufescens,Mammalia,Diprotodontia,Potoroidae,Aepyprymnus,rufescens,0.45024910831936105,37.46559136672885,-2756.047650778884,216.10347744287705,-1994.1446024056083,-588.522102691723,179.2283583714183,f_4,0.7765397662270643,0.7721224263963835,0.8175677087523232
Dendrolagus matschiei,Mammalia,Diprotodontia,Macropodidae,Dendrolagus,matschiei,0.8426092396105621,37.47769070190299,-2756.047650778884,216.10347744287705,-1994.1446024056083,-588.522102691723,179.2283583714183,f_4,0.911305604816346,1.0537425271047858,1.0976707219297035
Orycteropus afer,Mammalia,Tubulidentata,Orycteropodidae,Orycteropus,afer,1.6812412373755872,37.72132919175772,-3655.337037865597,-5944.340167150048,4120.696289745943,301.925623364948,-31.88199990414605,f_4,1.5349070639668423,1.6371770902715148,1.636029052616337
Euphractus sexcinctus,Mammalia,Cingulata,Dasypodidae,Euphractus,sexcinctus,0.9132839017604184,37.758148449143526,-3655.337037865597,-5944.340167150048,4120.696289745943,301.925623364948,-31.88199990414605,f_4,0.838674218787277,1.0346763081346193,1.0464834333300244
Myrmecophaga tridactyla,Mammalia,Pilosa,Myrmecophagidae,Myrmecophaga,tridactyla,1.4857214264815801,37.94332818651059,-3655.337037865597,-5944.340167150048,4120.696289745943,301.925623364948,-31.88199990414605,f_4,1.1616175250697063,1.4800312099342074,1.4613474166885219
Sciurus aberti,Mammalia,Rodentia,Sciuridae,Sciurus,aberti,-0.20481541031757602,37.22523472604414,-2762.4552385025554,218.3717657788936,-2025.413014017376,-610.0258245105548,199.7655186548644,f_4,0.38071360669752696,0.4822756280251444,0.42632840253388293
Cynomys ludovicianus,Mammalia,Rodentia,Sciuridae,Cynomys,ludovicianus,0.04622193722163632,37.45349984135635,-2762.4552385025554,218.3717657788936,-2025.413014017376,-610.0258245105548,199.7655186548644,f_4,0.37260518947666543,-0.10057725086078384,0.29276583013011614
Dipodomys merriami,Mammalia,Rodentia,Heteromyidae,Dipodomys,merriami,-1.4168012260313785,37.41727204850641,-3727.984307889352,-6512.39244757889,4734.26894534594,428.6245147082449,-225.76243791941903,f_4,-0.6167832481486688,-0.5959772520577897,-0.5472284260596643
Dipodomys deserti,Mammalia,Rodentia,Heteromyidae,Dipodomys,deserti,-0.9746941347352298,37.44141611822637,-3727.984307889352,-6512.39244757889,4734.26894534594,428.6245147082449,-225.76243791941903,f_4,-0.2891307723642734,-0.2450428716341436,-0.22895957268941447
Chaetodipus fallax,Mammalia,Rodentia,Heteromyidae,Chaetodipus,fallax,-1.7077439286435239,37.95573810578663,-3727.984307889352,-6512.39244757889,4734.26894534594,428.6245147082449,-225.76243791941903,f_4,-0.8239087409443188,-0.8169148245357092,-0.8617645885734568
Chaetodipus hispidus,Mammalia,Rodentia,Heteromyidae,Chaetodipus,hispidus,-1.4034029043735399,37.59911526273858,-3727.984307889352,-6512.39244757889,4734.26894534594,428.6245147082449,-225.76243791941903,f_4,-0.5606673061697375,-0.6018052507675088,-0.5760551010377284
Jaculus jaculus,Mammalia,Rodentia,Dipodidae,Jaculus,jaculus,-1.1278437272517072,37.41727204850641,-3727.984307889352,-6512.39244757889,4734.26894534594,428.6245147082449,-225.76243791941903,f_4,-0.2891307723642734,-0.3578255577924238,-0.31335909320778277
Cannomys badius,Mammalia,Rodentia,Spalacidae,Cannomys,badius,-0.46344155742846993,37.53830479005099,-3727.984307889352,-6512.39244757889,4734.26894534594,428.6245147082449,-225.76243791941903,f_4,-0.018483405694013126,0.13907511111269188,0.10118686563955692
Phenacomys intermedius,Mammalia,Rodentia,Cricetidae,Phenacomys,intermedius,-1.6675615400843946,37.30900795963434,-2756.047650778884,216.10347744287705,-1994.1446024056083,-588.522102691723,179.2283583714183,f_4,-0.42596873227228116,-0.6287175444967144,-0.6744711998891353
Myodes gapperi,Mammalia,Rodentia,Cricetidae,Myodes,gapperi,-1.6420651529995463,37.33301246853551,-2756.047650778884,216.10347744287705,-1994.1446024056083,-588.522102691723,179.2283583714183,f_4,-0.6069124941223745,-0.6134249027987249,-0.6703990832897306
Myodes glareolus,Mammalia,Rodentia,Cricetidae,Myodes,glareolus,-1.609064892896621,37.40521168684694,-2756.047650778884,216.10347744287705,-1994.1446024056083,-588.522102691723,179.2283583714183,f_4,-0.4956046604136756,-0.6018818943925522,-0.6290640430360341
Lemmiscus curtatus,Mammalia,Rodentia,Cricetidae,Lemmiscus,curtatus,-1.518557371497695,37.40521168684694,-2756.047650778884,216.10347744287705,-1994.1446024056083,-588.522102691723,179.2283583714183,f_4,-0.5519811269846447,-0.5331372869071058,-0.5652105733471944
Microtus guentheri,Mammalia,Rodentia,Cricetidae,Microtus,guentheri,-1.3585258894959005,37.39315909729101,-2756.047650778884,216.10347744287705,-1994.1446024056083,-588.522102691723,179.2283583714183,f_4,-0.3494766247354376,-0.41011152950602625,-0.452152481950973
Microtus montanus,Mammalia,Rodentia,Cricetidae,Microtus,montanus,-1.2907300390241692,37.29701727733975,-2756.047650778884,216.10347744287705,-1994.1446024056083,-588.522102691723,179.2283583714183,f_4,-0.3010299956639812,-0.34270682704239297,-0.37750315183869687
Phodopus campbelli,Mammalia,Rodentia,Cricetidae,Phodopus,campbelli,-1.6197887582883939,37.574767446476486,-2756.047650778884,216.10347744287705,-1994.1446024056083,-588.522102691723,179.2283583714183,f_4,-0.658675409476846,-0.6319018904770741,-0.7113174766647117
Mesocricetus auratus,Mammalia,Rodentia,Cricetidae,Mesocricetus,auratus,-0.9233595563296582,37.48979785444763,-2756.047650778884,216.10347744287705,-1994.1446024056083,-588.522102691723,179.2283583714183,f_4,-0.2424352803981339,-0.10912360654188043,-0.19437800151675577
Peromyscus leucopus,Mammalia,Rodentia,Cricetidae,Peromyscus,leucopus,-1.6736641390712486,37.45349984135635,-2758.0116502138903,216.79871975347584,-2003.728412737407,-595.1126928034295,185.52164266823863,f_4,-0.705044152048212,-0.6480427319333387,-0.6830363164920128
Oligoryzomys longicaudatus,Mammalia,Rodentia,Cricetidae,Oligoryzomys,longicaudatus,-1.5497508916806388,37.38111427232811,-2756.047650778884,216.10347744287705,-1994.1446024056083,-588.522102691723,179.2283583714183,f_4,-0.543465276062115,-0.5542367706838329,-0.5867467095756751
Calomys venustus,Mammalia,Rodentia,Cricetidae,Calomys,venustus,-1.3053948010664314,37.30900795963434,-2756.047650778884,216.10347744287705,-1994.1446024056083,-588.522102691723,179.2283583714183,f_4,-0.4040141563842309,-0.3555080067326668,-0.38819062975330065
Loxodontomys micropus,Mammalia,Rodentia,Cricetidae,Loxodontomys,micropus,-1.2055119533408312,37.369077204457454,-2756.047650778884,216.10347744287705,-1994.1446024056083,-588.522102691723,179.2283583714183,f_4,-0.26404642941081125,-0.2902983869690439,-0.3217013274207625
Graomys griseoflavus,Mammalia,Rodentia,Cricetidae,Graomys,griseoflavus,-1.158640529545145,37.52616629213989,-2756.047650778884,216.10347744287705,-1994.1446024056083,-588.522102691723,179.2283583714183,f_4,-0.32841579615361377,-0.27720896777676324,-0.3381608944623722
Gerbillus andersoni,Mammalia,Rodentia,Muridae,Gerbillus,andersoni,-1.4522252946121774,37.38111427232811,-3727.984307889352,-6512.39244757889,4734.26894534594,428.6245147082449,-225.76243791941903,f_4,-0.664207898076807,-0.6263089323762097,-0.586513275120254
Mastomys natalensis,Mammalia,Rodentia,Muridae,Mastomys,natalensis,-1.3819519032879073,37.33301246853551,-2756.047650778884,216.10347744287705,-1994.1446024056083,-588.522102691723,179.2283583714183,f_4,-0.7367585652254187,-0.41629651790694244,-0.4525041693065981
Parotomys brantsii,Mammalia,Rodentia,Muridae,Parotomys,brantsii,-1.0629838925351858,37.64790567994894,-2756.047650778884,216.10347744287705,-1994.1446024056083,-588.522102691723,179.2283583714183,f_4,-0.32841579615361377,-0.2242784334537901,-0.2662755834697803
Myotomys unisulcatus,Mammalia,Rodentia,Muridae,Myotomys,unisulcatus,-1.0177287669604316,37.68458167184368,-2756.047650778884,216.10347744287705,-1994.1446024056083,-588.522102691723,179.2283583714183,f_4,-0.22588872741809643,-0.19896166729336895,-0.2615296569890495
Pedetes capensis,Mammalia,Rodentia,Pedetidae,Pedetes,capensis,0.36172783601759284,37.55045114332394,-3727.984307889352,-6512.39244757889,4734.26894534594,428.6245147082449,-225.76243791941903,f_4,0.6459132750338442,0.6994809543697209,0.743780965786609
Cryptomys hottentotus,Mammalia,Rodentia,Bathyergidae,Cryptomys,hottentotus,-0.9913998282380825,37.56260535958654,-3727.984307889352,-6512.39244757889,4734.26894534594,428.6245147082449,-225.76243791941903,f_4,-0.41017446508904937,-0.2661133220914917,-0.2525241088488046
Heterocephalus glaber,Mammalia,Rodentia,Bathyergidae,Heterocephalus,glaber,-1.408935392973501,38.01790966697547,-3727.984307889352,-6512.39244757889,4734.26894534594,428.6245147082449,-225.76243791941903,f_4,-0.8402991571324883,-0.5885351983341532,-0.5906667015366127
Dolichotis salinicola,Mammalia,Rodentia,Caviidae,Dolichotis,salinicola,0.20763436738896152,37.249131522530135,-3727.984307889352,-6512.39244757889,4734.26894534594,428.6245147082449,-225.76243791941903,f_4,0.6074550232146685,0.6382438267042302,0.6975091687087989
Ctenomys talarum,Mammalia,Rodentia,Ctenomyidae,Ctenomys,talarum,-0.9355420107730815,37.55045114332394,-3727.984307889352,-6512.39244757889,4734.26894534594,428.6245147082449,-225.76243791941903,f_4,-0.2119102270821766,-0.22637337799746313,-0.21129219962814028
Aconaemys fuscus,Mammalia,Rodentia,Octodontidae,Aconaemys,fuscus,-0.9507819773298184,37.38111427232811,-3727.984307889352,-6512.39244757889,4734.26894534594,428.6245147082449,-225.76243791941903,f_4,-0.17069622716897506,-0.2221792996920739,-0.19933482001269653
Capromys pilorides,Mammalia,Rodentia,Capromyidae,Capromys,pilorides,0.41995574848975786,37.574767446476486,-3727.984307889352,-6512.39244757889,4734.26894534594,428.6245147082449,-225.76243791941903,f_4,0.5282737771670437,0.7340328560864158,0.7754925297246678
Lepus alleni,Mammalia,Lagomorpha,Leporidae,Lepus,alleni,0.5265977091034522,37.28503429990124,-2763.255529574752,218.65506910344627,-2029.3183574529687,-612.7115835407454,202.3305566585363,f_4,0.9272847962016069,1.0106241035360364,1.0251520126514186
Paraechinus aethiopicus,Mammalia,Erinaceomorpha,Erinaceidae,Paraechinus,aethiopicus,-0.34390179798716813,37.75937699565388,-2756.047650778884,216.10347744287705,-1994.1446024056083,-588.522102691723,179.2283583714183,f_4,-0.20219406161988643,0.3215993765852486,0.27078450963249034
Atelerix albiventris,Mammalia,Erinaceomorpha,Erinaceidae,Atelerix,albiventris,-0.3467874862246563,37.635696208348506,-2756.047650778884,216.10347744287705,-1994.1446024056083,-588.522102691723,179.2283583714183,f_4,-0.08208623669103206,0.3419280868911752,0.29588614502896315
Sorex alpinus,Mammalia,Soricomorpha,Soricidae,Sorex,alpinus,-2.1023729087095586,37.22523472604414,-2756.047650778884,216.10347744287705,-1994.1446024056083,-588.522102691723,179.2283583714183,f_4,-0.5695307665010425,-0.8803532173236229,-0.8859740442314299
Sorex palustris,Mammalia,Soricomorpha,Soricidae,Sorex,palustris,-1.8416375079047504,37.22523472604414,-2756.047650778884,216.10347744287705,-1994.1446024056083,-588.522102691723,179.2283583714183,f_4,-0.41017446508904937,-0.7536941698870431,-0.8047994048754148
Blarina brevicauda,Mammalia,Soricomorpha,Soricidae,Blarina,brevicauda,-1.6777807052660807,37.23717929037145,-2756.047650778884,216.10347744287705,-1994.1446024056083,-588.522102691723,179.2283583714183,f_4,-0.5351132016973492,-0.6277287630872803,-0.6910498146436417
Eonycteris spelaea,Mammalia,Chiroptera,Pteropodidae,Eonycteris,spelaea,-1.2873502983727887,37.7827345786888,-2756.047650778884,216.10347744287705,-1994.1446024056083,-588.522102691723,179.2283583714183,f_4,-0.574031267727719,-0.40738214170621445,-0.4868417067770914
Paranyctimene raptor,Mammalia,Chiroptera,Pteropodidae,Paranyctimene,raptor,-1.6270879970298935,37.80735274749719,-2756.047650778884,216.10347744287705,-1994.1446024056083,-588.522102691723,179.2283583714183,f_4,-0.8661064207387736,-0.6695555633169312,-0.7628038349211927
Dobsonia minor,Mammalia,Chiroptera,Pteropodidae,Dobsonia,minor,-1.1325325121409484,37.47769070190299,-2756.047650778884,216.10347744287705,-1994.1446024056083,-588.522102691723,179.2283583714183,f_4,-0.38021124171160614,-0.2534454631018219,-0.31982511729890883
Pteropus rodricensis,Mammalia,Chiroptera,Pteropodidae,Pteropus,rodricensis,-0.5943122133272224,37.47769070190299,-2756.047650778884,216.10347744287705,-1994.1446024056083,-588.522102691723,179.2283583714183,f_4,-0.12333320989288155,0.1593553660684493,0.08150405866450483
Pteropus scapulatus,Mammalia,Chiroptera,Pteropodidae,Pteropus,scapulatus,-0.4412914294668343,37.41727204850641,-2756.047650778884,216.10347744287705,-1994.1446024056083,-588.522102691723,179.2283583714183,f_4,0.13122646044734718,0.2608748973069414,0.13158595593931754
Hipposideros cervinus,Mammalia,Chiroptera,Hipposideridae,Hipposideros,cervinus,-2.0809219076239263,37.46559136672885,-2756.047650778884,216.10347744287705,-1994.1446024056083,-588.522102691723,179.2283583714183,f_4,-1.3010299956639821,-0.9063835907761673,-0.9793192519768337
Macroderma gigas,Mammalia,Chiroptera,Megadermatidae,Macroderma,gigas,-0.9698052146432488,37.58693741164133,-2756.047650778884,216.10347744287705,-1994.1446024056083,-588.522102691723,179.2283583714183,f_4,-0.2798406965940432,-0.15545160253278262,-0.2165845521393266
Saccopteryx bilineata,Mammalia,Chiroptera,Emballonuridae,Saccopteryx,bilineata,-2.1079053973095196,37.59911526273858,-2756.047650778884,216.10347744287705,-1994.1446024056083,-588.522102691723,179.2283583714183,f_4,-1.0939045028683314,-0.9300145529532595,-0.9678617541719821
Diaemus youngi,Mammalia,Chiroptera,Phyllostomidae,Diaemus,youngi,-1.4365189146055892,38.11780892049355,-2756.047650778884,216.10347744287705,-1994.1446024056083,-588.522102691723,179.2283583714183,f_4,-0.7237935880610511,-0.5619426358466659,-0.5952463422471077
Choeroniscus godmani,Mammalia,Chiroptera,Phyllostomidae,Choeroniscus,godmani,-1.9956786262173574,37.46559136672885,-2756.047650778884,216.10347744287705,-1994.1446024056083,-588.522102691723,179.2283583714183,f_4,-0.9765189041504774,-0.9004422319295268,-0.9863704239417432
Leptonycteris curasoae,Mammalia,Chiroptera,Phyllostomidae,Leptonycteris,curasoae,-1.6197887582883939,37.62349465340983,-2756.047650778884,216.10347744287705,-1994.1446024056083,-588.522102691723,179.2283583714183,f_4,-0.7237935880610511,-0.63792367050299,-0.7122597190605464
Carollia perspicillata,Mammalia,Chiroptera,Phyllostomidae,Carollia,perspicillata,-1.826813731587726,37.48979785444763,-2756.047650778884,216.10347744287705,-1994.1446024056083,-588.522102691723,179.2283583714183,f_4,-0.7569619513137056,-0.779777634843106,-0.8763739068362801
Leptailurus serval,Mammalia,Carnivora,Felidae,Leptailurus,serval,1.0043213737826426,37.45349984135635,-2756.047650778884,216.10347744287705,-1994.1446024056083,-588.522102691723,179.2283583714183,f_4,1.2421409595829003,1.190935258660133,1.2524061122863266
Panthera leo,Mammalia,Carnivora,Felidae,Panthera,leo,1.9912260756924949,37.30900795963434,-2756.047650778884,216.10347744287705,-1994.1446024056083,-588.522102691723,179.2283583714183,f_4,1.9757380810761898,2.1291044111991857,2.14372842618497
Paradoxurus hermaphroditus,Mammalia,Carnivora,Viverridae,Paradoxurus,hermaphroditus,0.49968708261840383,37.48374330053056,-2756.047650778884,216.10347744287705,-1994.1446024056083,-588.522102691723,179.2283583714183,f_4,0.6263974025687553,0.7975066221652232,0.8627868070597702
Proteles cristata,Mammalia,Carnivora,Hyaenidae,Proteles,cristata,0.9084850188786497,37.48979785444763,-2756.047650778884,216.10347744287705,-1994.1446024056083,-588.522102691723,179.2283583714183,f_4,1.0863598306747482,1.1023783855843152,1.1724221894680444
Vulpes vulpes,Mammalia,Carnivora,Canidae,Vulpes,vulpes,0.48572142648158,37.18944696633316,-2756.047650778884,216.10347744287705,-1994.1446024056083,-588.522102691723,179.2283583714183,f_4,0.9232728094077012,0.8773425850127996,0.9210391087673386
Eira barbara,Mammalia,Carnivora,Mustelidae,Eira,barbara,0.46982201597816303,37.249131522530135,-2756.047650778884,216.10347744287705,-1994.1446024056083,-588.522102691723,179.2283583714183,f_4,0.8332179650790902,0.8516407295942569,0.8932240514952348
Nasua narica,Mammalia,Carnivora,Procyonidae,Nasua,narica,0.5646660642520893,37.22523472604414,-2756.047650778884,216.10347744287705,-1994.1446024056083,-588.522102691723,179.2283583714183,f_4,0.8284092421709952,0.9245109173141511,0.962784314055124
Pecari tajacu,Mammalia,Artiodactyla,Tayassuidae,Pecari,tajacu,1.3053513694466237,37.29701727733975,-2756.047650778884,216.10347744287705,-1994.1446024056083,-588.522102691723,179.2283583714183,f_4,1.5112147011363881,1.7351758789545773,1.596558798320183
Tragulus javanicus,Mammalia,Artiodactyla,Tragulidae,Tragulus,javanicus,0.21085336531489318,37.249131522530135,-2756.047650778884,216.10347744287705,-1994.1446024056083,-588.522102691723,179.2283583714183,f_4,0.688963338690174,0.6721029094379356,0.7386786681247288
