taxon_name,class,order,family,Genus,species,log_mass,inv_kT,pc1,pc2,pc3,pc4,pc5,fold,y_true,random_forest,xgboost
Bathylagus antarcticus,Teleostei,Osmeriformes,Bathylagidae,Bathylagus,antarcticus,-1.5662301660751359,42.44684318158106,-2756.0476507788835,216.1034774428846,-1994.144602405604,-588.5221026917488,179.22835837132322,f_1,-2.561479010484149,-2.3332614497178072,-2.2918444572528998
Benthalbella elongata,Teleostei,Aulopiformes,Scopelarchidae,Benthalbella,elongata,-1.4522252946121774,42.44684318158106,-3649.0699176841617,8221.372203174908,5841.226629477732,478.6623617440597,1934.1702622999533,f_1,-2.1379366336646854,-2.5578553659549796,-2.33507814291067
Boreogadus saida,Teleostei,Gadiformes,Gadidae,Boreogadus,saida,-0.958607314841775,42.33072013804218,-3649.0699176841617,8221.372203174908,5841.226629477732,478.6623617440597,1934.1702622999533,f_1,-2.113509274827518,-2.071139690614602,-1.9148327078452947
Clinocottus analis,Teleostei,Scorpaeniformes,Cottidae,Clinocottus,analis,-1.431798275933005,39.5871292029482,-2756.047650778884,216.10347744287705,-1994.1446024056083,-588.522102691723,179.2283583714183,f_1,-1.7554705420516847,-1.724198712601094,-1.7024366967585973
Coryphaena hippurus,Teleostei,Perciformes,Coryphaenidae,Coryphaena,hippurus,-3.0457574905606752,40.48479653181323,-3649.0699176841617,8221.372203174908,5841.226629477732,478.6623617440597,1934.1702622999533,f_1,-2.8025953754596236,-3.3254938565963177,-3.1762185585681717
Cubiceps whiteleggii,Teleostei,Perciformes,Nomeidae,Cubiceps,whiteleggii,-2.886056647693163,40.48479653181323,-3649.0699176841617,8221.372203174908,5841.226629477732,478.6623617440597,1934.1702622999533,f_1,-2.4831936897246,-3.162021828258785,-3.0602743707166784
Lycodichthys dearborni,Teleostei,Perciformes,Zoarcidae,Lycodichthys,dearborni,-1.3505677767583835,42.7202905424048,-2756.047650778884,216.10347744287705,-1994.1446024056083,-588.522102691723,179.2283583714183,f_1,-2.8578073877315773,-2.187013379174217,-2.108237522416724
Osphronemus goramy,Teleostei,Perciformes,Osphronemidae,Osphronemus,goramy,-1.9030899869919435,38.53550365546825,-2756.047650778884,216.10347744287705,-1994.1446024056083,-588.522102691723,179.2283583714183,f_1,-2.3637629234525686,-1.9465051275446297,-1.9574854673741473
Pagothenia borchgrevinki,Teleostei,Perciformes,Nototheniidae,Pagothenia,borchgrevinki,-1.0450342689415792,42.40806477560484,-2756.047650778884,216.10347744287705,-1994.1446024056083,-588.522102691723,179.2283583714183,f_1,-1.9779634128962091,-1.8738622279367851,-1.8777376220260014
Abramis brama,Teleostei,Cypriniformes,Cyprinidae,Abramis,brama,-1.4122890350000001,39.85906551895677,-3373.757546678929,5449.495628100146,2918.0786935949145,-65.46878555213755,-4366.756910074552,f_1,-1.5003744741297966,-1.7456814025607577,-1.6361533439862714
Abramis brama,Teleostei,Cypriniformes,Cyprinidae,Abramis,brama,-1.2241711859999997,39.5871292029482,-3373.757546678929,5449.495628100146,2918.0786935949145,-65.46878555213755,-4366.756910074552,f_1,-0.8372083786174013,-1.58635856014716,-1.5223730217592968
Abramis brama,Teleostei,Cypriniformes,Cyprinidae,Abramis,brama,-1.2093630380000002,39.5871292029482,-3373.757546678929,5449.495628100146,2918.0786935949145,-65.46878555213755,-4366.756910074552,f_1,-0.6591969944638633,-1.5750871324089375,-1.5111015940210744
Abramis brama,Teleostei,Cypriniformes,Cyprinidae,Abramis,brama,-1.1580151949999997,39.85906551895677,-3373.757546678929,5449.495628100146,2918.0786935949145,-65.46878555213755,-4366.756910074552,f_1,-1.276063857944435,-1.55213733389799,-1.4342108616653617
Abramis brama,Teleostei,Cypriniformes,Cyprinidae,Abramis,brama,-1.15739076,39.5871292029482,-3373.757546678929,5449.495628100146,2918.0786935949145,-65.46878555213755,-4366.756910074552,f_1,-0.6576049486432884,-1.535527710402362,-1.4623804091212989
Abramis brama,Teleostei,Cypriniformes,Cyprinidae,Abramis,brama,-1.135133086,39.5871292029482,-3373.757546678929,5449.495628100146,2918.0786935949145,-65.46878555213755,-4366.756910074552,f_1,-0.7850153361140297,-1.5185859723732769,-1.4485549509326832
Abramis brama,Teleostei,Cypriniformes,Cyprinidae,Abramis,brama,-1.120330794,39.5871292029482,-3373.757546678929,5449.495628100146,2918.0786935949145,-65.46878555213755,-4366.756910074552,f_1,-0.7481629040287145,-1.5081586846553932,-1.4354527386564853
Abramis brama,Teleostei,Cypriniformes,Cyprinidae,Abramis,brama,-1.0906579619999999,39.5871292029482,-3373.757546678929,5449.495628100146,2918.0786935949145,-65.46878555213755,-4366.756910074552,f_1,-0.6370453186267884,-1.4883965965304253,-1.4233591226926177
Abramis brama,Teleostei,Cypriniformes,Cyprinidae,Abramis,brama,-1.0757207140000002,39.5871292029482,-3373.757546678929,5449.495628100146,2918.0786935949145,-65.46878555213755,-4366.756910074552,f_1,-0.7922984989605542,-1.4790111500749479,-1.4119894286944277
Abramis brama,Teleostei,Cypriniformes,Cyprinidae,Abramis,brama,-1.0757207140000002,39.5871292029482,-3373.757546678929,5449.495628100146,2918.0786935949145,-65.46878555213755,-4366.756910074552,f_1,-0.6737807510716183,-1.4790111500749479,-1.4119894286944277
Abramis brama,Teleostei,Cypriniformes,Cyprinidae,Abramis,brama,-1.0312836229999998,39.5871292029482,-3373.757546678929,5449.495628100146,2918.0786935949145,-65.46878555213755,-4366.756910074552,f_1,-0.7036010301200842,-1.4427722323582814,-1.3696656582763191
Abramis brama,Teleostei,Cypriniformes,Cyprinidae,Abramis,brama,-1.0016098699999998,39.5871292029482,-3373.757546678929,5449.495628100146,2918.0786935949145,-65.46878555213755,-4366.756910074552,f_1,-0.5705551331080578,-1.420185642687421,-1.348416090194738
Abramis brama,Teleostei,Cypriniformes,Cyprinidae,Abramis,brama,-0.9875846250000003,39.85906551895677,-3373.757546678929,5449.495628100146,2918.0786935949145,-65.46878555213755,-4366.756910074552,f_1,-1.2675555906324605,-1.4256444585663184,-1.3090956680668444
Abramis brama,Teleostei,Cypriniformes,Cyprinidae,Abramis,brama,-0.9867413350000003,39.5871292029482,-3373.757546678929,5449.495628100146,2918.0786935949145,-65.46878555213755,-4366.756910074552,f_1,-0.5260572548628273,-1.408868250544546,-1.3370986980518629
Abramis brama,Teleostei,Cypriniformes,Cyprinidae,Abramis,brama,-0.9719169929999998,39.5871292029482,-3373.757546678929,5449.495628100146,2918.0786935949145,-65.46878555213755,-4366.756910074552,f_1,-0.5408622564187673,-1.3975844965180664,-1.324109550830231
Abramis brama,Teleostei,Cypriniformes,Cyprinidae,Abramis,brama,-0.9422578439999998,39.5871292029482,-3373.757546678929,5449.495628100146,2918.0786935949145,-65.46878555213755,-4366.756910074552,f_1,-0.6441416779072233,-1.369342965301142,-1.2991354894337108
Abramis brama,Teleostei,Cypriniformes,Cyprinidae,Abramis,brama,-0.9422578439999998,39.5871292029482,-3373.757546678929,5449.495628100146,2918.0786935949145,-65.46878555213755,-4366.756910074552,f_1,-0.5258400578704087,-1.369342965301142,-1.2991354894337108
Abramis brama,Teleostei,Cypriniformes,Cyprinidae,Abramis,brama,-0.9125735429999999,39.5871292029482,-3373.757546678929,5449.495628100146,2918.0786935949145,-65.46878555213755,-4366.756910074552,f_1,-0.5113032709660802,-1.35099241106847,-1.272401358228666
Abramis brama,Teleostei,Cypriniformes,Cyprinidae,Abramis,brama,-0.8977378509999998,39.5871292029482,-3373.757546678929,5449.495628100146,2918.0786935949145,-65.46878555213755,-4366.756910074552,f_1,-0.47425820977743977,-1.3453252477494475,-1.2578351798775913
Abramis brama,Teleostei,Cypriniformes,Cyprinidae,Abramis,brama,-0.8828944969999998,39.5871292029482,-3373.757546678929,5449.495628100146,2918.0786935949145,-65.46878555213755,-4366.756910074552,f_1,-0.4518397606828058,-1.3229228069258585,-1.2400176667783442
Abramis brama,Teleostei,Cypriniformes,Cyprinidae,Abramis,brama,-0.868060705,39.5871292029482,-3373.757546678929,5449.495628100146,2918.0786935949145,-65.46878555213755,-4366.756910074552,f_1,-0.7481657404538241,-1.3116318599004895,-1.2287267197529752
Abramis brama,Teleostei,Cypriniformes,Cyprinidae,Abramis,brama,-0.868060705,39.5871292029482,-3373.757546678929,5449.495628100146,2918.0786935949145,-65.46878555213755,-4366.756910074552,f_1,-0.4073766248968763,-1.3116318599004895,-1.2287267197529752
Abramis brama,Teleostei,Cypriniformes,Cyprinidae,Abramis,brama,-0.8383625189999997,39.5871292029482,-3373.757546678929,5449.495628100146,2918.0786935949145,-65.46878555213755,-4366.756910074552,f_1,-0.3627409134047588,-1.28902667271197,-1.1933438166430537
Abramis brama,Teleostei,Cypriniformes,Cyprinidae,Abramis,brama,-0.8086887420000003,39.5871292029482,-3373.757546678929,5449.495628100146,2918.0786935949145,-65.46878555213755,-4366.756910074552,f_1,-0.673686359788795,-1.2664400647731764,-1.1707572087042601
Abramis brama,Teleostei,Cypriniformes,Cyprinidae,Abramis,brama,-0.8086887420000003,39.5871292029482,-3373.757546678929,5449.495628100146,2918.0786935949145,-65.46878555213755,-4366.756910074552,f_1,-0.5314645150916338,-1.2664400647731764,-1.1707572087042601
Abramis brama,Teleostei,Cypriniformes,Cyprinidae,Abramis,brama,-0.7938490179999999,39.5871292029482,-3373.757546678929,5449.495628100146,2918.0786935949145,-65.46878555213755,-4366.756910074552,f_1,-0.3627942818498576,-1.25514460252353,-1.1592724719051295
Abramis brama,Teleostei,Cypriniformes,Cyprinidae,Abramis,brama,-0.7790294119999996,39.5871292029482,-3373.757546678929,5449.495628100146,2918.0786935949145,-65.46878555213755,-4366.756910074552,f_1,-0.4221782802774803,-1.2438644533692986,-1.1534779170235117
Abramis brama,Teleostei,Cypriniformes,Cyprinidae,Abramis,brama,-0.7419137159999996,39.5871292029482,-3373.757546678929,5449.495628100146,2918.0786935949145,-65.46878555213755,-4366.756910074552,f_1,-0.3626377373881735,-1.2156133253134578,-1.1252267889676708
Abramis brama,Teleostei,Cypriniformes,Cyprinidae,Abramis,brama,-0.7196720810000001,39.5871292029482,-3373.757546678929,5449.495628100146,2918.0786935949145,-65.46878555213755,-4366.756910074552,f_1,-0.36505383048520734,-1.1986837955922247,-1.1082972592464377
Abramis brama,Teleostei,Cypriniformes,Cyprinidae,Abramis,brama,-0.6899868009999998,39.5871292029482,-3373.757546678929,5449.495628100146,2918.0786935949145,-65.46878555213755,-4366.756910074552,f_1,-0.28871652853740243,-1.1760884319850462,-1.0832291969507521
Abramis brama,Teleostei,Cypriniformes,Cyprinidae,Abramis,brama,-0.66031011,39.5871292029482,-3373.757546678929,5449.495628100146,2918.0786935949145,-65.46878555213755,-4366.756910074552,f_1,-0.31856639609049947,-1.153499606014637,-1.0514713735733834
Abramis brama,Teleostei,Cypriniformes,Cyprinidae,Abramis,brama,-0.6454690019999999,39.5871292029482,-3373.757546678929,5449.495628100146,2918.0786935949145,-65.46878555213755,-4366.756910074552,f_1,-0.2668986200651855,-1.1422030903141482,-1.0289102505625995
Abramis brama,Teleostei,Cypriniformes,Cyprinidae,Abramis,brama,-0.6306356909999998,39.5871292029482,-3373.757546678929,5449.495628100146,2918.0786935949145,-65.46878555213755,-4366.756910074552,f_1,-0.33337024901892404,-1.1246650121859063,-1.0176196696570678
Abramis brama,Teleostei,Cypriniformes,Cyprinidae,Abramis,brama,-0.6157899999999997,39.5871292029482,-3373.757546678929,5449.495628100146,2918.0786935949145,-65.46878555213755,-4366.756910074552,f_1,-0.26642688939637515,-1.113365008071247,-0.983538293472096
Abramis brama,Teleostei,Cypriniformes,Cyprinidae,Abramis,brama,-0.6009496179999998,39.5871292029482,-3373.757546678929,5449.495628100146,2918.0786935949145,-65.46878555213755,-4366.756910074552,f_1,-0.3036841759064171,-1.1020690449757524,-0.9722423303766015
Abramis brama,Teleostei,Cypriniformes,Cyprinidae,Abramis,brama,-0.6009496179999998,39.5871292029482,-3373.757546678929,5449.495628100146,2918.0786935949145,-65.46878555213755,-4366.756910074552,f_1,-0.2440984859831726,-1.1020690449757524,-0.9722423303766015
Abramis brama,Teleostei,Cypriniformes,Cyprinidae,Abramis,brama,-0.5935279499999997,39.5871292029482,-3373.757546678929,5449.495628100146,2918.0786935949145,-65.46878555213755,-4366.756910074552,f_1,-0.36335124644703026,-1.0964199391889193,-0.9750067033218774
Abramis brama,Teleostei,Cypriniformes,Cyprinidae,Abramis,brama,-0.5416039129999997,39.5871292029482,-3373.757546678929,5449.495628100146,2918.0786935949145,-65.46878555213755,-4366.756910074552,f_1,-0.23674128864344712,-1.0609364164751547,-0.9247778590321083
Abramis brama,Teleostei,Cypriniformes,Cyprinidae,Abramis,brama,-0.5267612689999998,39.5871292029482,-3373.757546678929,5449.495628100146,2918.0786935949145,-65.46878555213755,-4366.756910074552,f_1,-0.21443208064985506,-1.0496387316269102,-0.9134801741838638
Abramis brama,Teleostei,Cypriniformes,Cyprinidae,Abramis,brama,-0.504511167,39.5871292029482,-3373.757546678929,5449.495628100146,2918.0786935949145,-65.46878555213755,-4366.756910074552,f_1,-0.27433446383593996,-1.051477947710631,-0.9524127210205984
Ameiurus melas,Teleostei,Siluriformes,Ictaluridae,Ameiurus,melas,-1.301029996,39.99643951695421,-3643.051895229117,8160.737153174095,5777.252841030514,466.7322415737173,1795.1630414385625,f_1,-1.848011869417577,-1.7301293036133036,-1.692846040942942
Chanos chanos,Teleostei,Gonorynchiformes,Chanidae,Chanos,chanos,-3.154901960000013,38.92324979320565,-3373.757546678929,5449.495628100146,2918.0786935949145,-65.46878555213755,-4366.756910074552,f_1,-2.725100598792994,-2.9603008380418068,-2.930885184029063
Chanos chanos,Teleostei,Gonorynchiformes,Chanidae,Chanos,chanos,-3.154901960000013,38.92324979320565,-3373.757546678929,5449.495628100146,2918.0786935949145,-65.46878555213755,-4366.756910074552,f_1,-2.649806858973064,-2.9603008380418068,-2.930885184029063
Chanos chanos,Teleostei,Gonorynchiformes,Chanidae,Chanos,chanos,-3.154901960000013,38.40796599650592,-3373.757546678929,5449.495628100146,2918.0786935949145,-65.46878555213755,-4366.756910074552,f_1,-2.407145900215042,-2.9044565258382242,-2.8480349631364037
Chanos chanos,Teleostei,Gonorynchiformes,Chanidae,Chanos,chanos,-3.154901960000013,38.40796599650592,-3373.757546678929,5449.495628100146,2918.0786935949145,-65.46878555213755,-4366.756910074552,f_1,-2.369860635604013,-2.9044565258382242,-2.8480349631364037
Chanos chanos,Teleostei,Gonorynchiformes,Chanidae,Chanos,chanos,-2.677780705000003,38.92324979320565,-3373.757546678929,5449.495628100146,2918.0786935949145,-65.46878555213755,-4366.756910074552,f_1,-2.2032900753823252,-2.563599577148614,-2.562738547352816
Chanos chanos,Teleostei,Gonorynchiformes,Chanidae,Chanos,chanos,-2.677780705000003,38.92324979320565,-3373.757546678929,5449.495628100146,2918.0786935949145,-65.46878555213755,-4366.756910074552,f_1,-2.144096564172934,-2.563599577148614,-2.562738547352816
Chanos chanos,Teleostei,Gonorynchiformes,Chanidae,Chanos,chanos,-2.677780705000003,38.40796599650592,-3373.757546678929,5449.495628100146,2918.0786935949145,-65.46878555213755,-4366.756910074552,f_1,-2.013634720204026,-2.5099613186201837,-2.479888330185447
Chanos chanos,Teleostei,Gonorynchiformes,Chanidae,Chanos,chanos,-2.677780705000003,38.40796599650592,-3373.757546678929,5449.495628100146,2918.0786935949145,-65.46878555213755,-4366.756910074552,f_1,-1.9748107466217637,-2.5099613186201837,-2.479888330185447
Chanos chanos,Teleostei,Gonorynchiformes,Chanidae,Chanos,chanos,-2.200659451000001,38.92324979320565,-3373.757546678929,5449.495628100146,2918.0786935949145,-65.46878555213755,-4366.756910074552,f_1,-1.6841074755236347,-2.1646393908316783,-2.175824338498342
Chanos chanos,Teleostei,Gonorynchiformes,Chanidae,Chanos,chanos,-2.200659451000001,38.92324979320565,-3373.757546678929,5449.495628100146,2918.0786935949145,-65.46878555213755,-4366.756910074552,f_1,-1.6336979719661866,-2.1646393908316783,-2.175824338498342
Chanos chanos,Teleostei,Gonorynchiformes,Chanidae,Chanos,chanos,-2.200659451000001,38.40796599650592,-3373.757546678929,5449.495628100146,2918.0786935949145,-65.46878555213755,-4366.756910074552,f_1,-1.6144525122474633,-2.1248689199205497,-2.0929741697597475
Chanos chanos,Teleostei,Gonorynchiformes,Chanidae,Chanos,chanos,-2.200659451000001,38.40796599650592,-3373.757546678929,5449.495628100146,2918.0786935949145,-65.46878555213755,-4366.756910074552,f_1,-1.5889484446617026,-2.1248689199205497,-2.0929741697597475
Chanos chanos,Teleostei,Gonorynchiformes,Chanidae,Chanos,chanos,-1.9586073150000003,38.92324979320565,-3373.757546678929,5449.495628100146,2918.0786935949145,-65.46878555213755,-4366.756910074552,f_1,-1.4234434636069626,-2.0177212206217003,-2.009799350122444
Chanos chanos,Teleostei,Gonorynchiformes,Chanidae,Chanos,chanos,-1.9586073150000003,38.40796599650592,-3373.757546678929,5449.495628100146,2918.0786935949145,-65.46878555213755,-4366.756910074552,f_1,-1.4132242983970118,-1.9672918895961604,-1.9269491478562373
Chanos chanos,Teleostei,Gonorynchiformes,Chanidae,Chanos,chanos,-1.9586073150000003,38.40796599650592,-3373.757546678929,5449.495628100146,2918.0786935949145,-65.46878555213755,-4366.756910074552,f_1,-1.3925620697371974,-1.9672918895961604,-1.9269491478562373
Chanos chanos,Teleostei,Gonorynchiformes,Chanidae,Chanos,chanos,-1.9586073150000003,38.92324979320565,-3373.757546678929,5449.495628100146,2918.0786935949145,-65.46878555213755,-4366.756910074552,f_1,-1.3834855746489667,-2.0177212206217003,-2.009799350122444
Cyprinodon variegatus,Teleostei,Cyprinodontiformes,Cyprinodontidae,Cyprinodon,variegatus,-3.2218487500000554,38.92324979320565,-3649.0699176841617,8221.372203174908,5841.226629477732,478.6623617440597,1934.1702622999533,f_1,-3.145015106689538,-2.996827815597268,-3.07510215879726
Cyprinodon variegatus,Teleostei,Cyprinodontiformes,Cyprinodontidae,Cyprinodon,variegatus,-3.2218487500000554,38.92324979320565,-3649.0699176841617,8221.372203174908,5841.226629477732,478.6623617440597,1934.1702622999533,f_1,-2.9867312134655886,-2.996827815597268,-3.07510215879726
Cyprinodon variegatus,Teleostei,Cyprinodontiformes,Cyprinodontidae,Cyprinodon,variegatus,-3.2218487500000554,38.92324979320565,-3649.0699176841617,8221.372203174908,5841.226629477732,478.6623617440597,1934.1702622999533,f_1,-2.8778051486445,-2.996827815597268,-3.07510215879726
Cyprinodon variegatus,Teleostei,Cyprinodontiformes,Cyprinodontidae,Cyprinodon,variegatus,-3.2218487500000554,38.92324979320565,-3649.0699176841617,8221.372203174908,5841.226629477732,478.6623617440597,1934.1702622999533,f_1,-2.610137743450736,-2.996827815597268,-3.07510215879726
Cyprinodon variegatus,Teleostei,Cyprinodontiformes,Cyprinodontidae,Cyprinodon,variegatus,-3.2218487500000554,38.92324979320565,-3649.0699176841617,8221.372203174908,5841.226629477732,478.6623617440597,1934.1702622999533,f_1,-2.471684952163004,-2.996827815597268,-3.07510215879726
Cyprinodon variegatus,Teleostei,Cyprinodontiformes,Cyprinodontidae,Cyprinodon,variegatus,-2.886056648000009,38.92324979320565,-3649.0699176841617,8221.372203174908,5841.226629477732,478.6623617440597,1934.1702622999533,f_1,-2.8570286869165353,-2.741764079368945,-2.788066331768051
Cyprinodon variegatus,Teleostei,Cyprinodontiformes,Cyprinodontidae,Cyprinodon,variegatus,-2.886056648000009,38.92324979320565,-3649.0699176841617,8221.372203174908,5841.226629477732,478.6623617440597,1934.1702622999533,f_1,-2.7791654835460893,-2.741764079368945,-2.788066331768051
Cyprinodon variegatus,Teleostei,Cyprinodontiformes,Cyprinodontidae,Cyprinodon,variegatus,-2.886056648000009,38.92324979320565,-3649.0699176841617,8221.372203174908,5841.226629477732,478.6623617440597,1934.1702622999533,f_1,-2.689980016568631,-2.741764079368945,-2.788066331768051
Cyprinodon variegatus,Teleostei,Cyprinodontiformes,Cyprinodontidae,Cyprinodon,variegatus,-2.886056648000009,38.92324979320565,-3649.0699176841617,8221.372203174908,5841.226629477732,478.6623617440597,1934.1702622999533,f_1,-2.4915407030432624,-2.741764079368945,-2.788066331768051
Cyprinodon variegatus,Teleostei,Cyprinodontiformes,Cyprinodontidae,Cyprinodon,variegatus,-2.6197887580000043,38.92324979320565,-3649.0699176841617,8221.372203174908,5841.226629477732,478.6623617440597,1934.1702622999533,f_1,-2.799644570342429,-2.535951527534609,-2.607118494689339
Cyprinodon variegatus,Teleostei,Cyprinodontiformes,Cyprinodontidae,Cyprinodon,variegatus,-2.6197887580000043,38.92324979320565,-3649.0699176841617,8221.372203174908,5841.226629477732,478.6623617440597,1934.1702622999533,f_1,-2.6896493774640224,-2.535951527534609,-2.607118494689339
Cyprinodon variegatus,Teleostei,Cyprinodontiformes,Cyprinodontidae,Cyprinodon,variegatus,-2.6197887580000043,38.92324979320565,-3649.0699176841617,8221.372203174908,5841.226629477732,478.6623617440597,1934.1702622999533,f_1,-2.640927407852856,-2.535951527534609,-2.607118494689339
Cyprinodon variegatus,Teleostei,Cyprinodontiformes,Cyprinodontidae,Cyprinodon,variegatus,-2.6197887580000043,38.92324979320565,-3649.0699176841617,8221.372203174908,5841.226629477732,478.6623617440597,1934.1702622999533,f_1,-2.4618917680648176,-2.535951527534609,-2.607118494689339
Dorosoma cepedianum,Teleostei,Clupeiformes,Clupeidae,Dorosoma,cepedianum,-3.154901960000013,40.02402802498453,-3373.757546678929,5449.495628100146,2918.0786935949145,-65.46878555213755,-4366.756910074552,f_1,-1.6381958248692856,-3.1231241151392135,-2.985583587401873
Dorosoma cepedianum,Teleostei,Clupeiformes,Clupeidae,Dorosoma,cepedianum,-2.769551079000022,40.640752673242034,-3373.757546678929,5449.495628100146,2918.0786935949145,-65.46878555213755,-4366.756910074552,f_1,-2.0553515875760446,-3.1268106485341445,-2.9074082839811677
Dorosoma cepedianum,Teleostei,Clupeiformes,Clupeidae,Dorosoma,cepedianum,-2.769551079000022,40.49892488516581,-3373.757546678929,5449.495628100146,2918.0786935949145,-65.46878555213755,-4366.756910074552,f_1,-1.913153845604544,-3.10595694763452,-2.8664221047549843
Dorosoma cepedianum,Teleostei,Clupeiformes,Clupeidae,Dorosoma,cepedianum,-2.508638306000009,39.749843897394285,-3373.757546678929,5449.495628100146,2918.0786935949145,-65.46878555213755,-4366.756910074552,f_1,-1.677147608729963,-2.5719324265205374,-2.495806216445387
Dorosoma cepedianum,Teleostei,Clupeiformes,Clupeidae,Dorosoma,cepedianum,-2.48148606000001,39.68188382918195,-3373.757546678929,5449.495628100146,2918.0786935949145,-65.46878555213755,-4366.756910074552,f_1,-1.6355542608041205,-2.5412725833761405,-2.462840508013209
Dorosoma cepedianum,Teleostei,Clupeiformes,Clupeidae,Dorosoma,cepedianum,-2.4089353930000037,40.3580835536229,-3373.757546678929,5449.495628100146,2918.0786935949145,-65.46878555213755,-4366.756910074552,f_1,-1.8047195881064084,-2.7199189352906563,-2.6158978795238816
Dorosoma cepedianum,Teleostei,Clupeiformes,Clupeidae,Dorosoma,cepedianum,-2.337242168000003,40.49892488516581,-3373.757546678929,5449.495628100146,2918.0786935949145,-65.46878555213755,-4366.756910074552,f_1,-1.9607954801342489,-2.675441671739977,-2.5445457922678774
Dorosoma cepedianum,Teleostei,Clupeiformes,Clupeidae,Dorosoma,cepedianum,-2.337242168000003,40.55553704645907,-3373.757546678929,5449.495628100146,2918.0786935949145,-65.46878555213755,-4366.756910074552,f_1,-1.9061874317696859,-2.6837656616639864,-2.554922592234983
Dorosoma cepedianum,Teleostei,Clupeiformes,Clupeidae,Dorosoma,cepedianum,-2.3010299960000036,41.01419659248723,-3373.757546678929,5449.495628100146,2918.0786935949145,-65.46878555213755,-4366.756910074552,f_1,-2.2831999357122648,-2.749631737108532,-2.6022637946850447
Dorosoma cepedianum,Teleostei,Clupeiformes,Clupeidae,Dorosoma,cepedianum,-2.3010299960000036,41.11591470626842,-3373.757546678929,5449.495628100146,2918.0786935949145,-65.46878555213755,-4366.756910074552,f_1,-2.110361833761795,-2.769512647145158,-2.6082157643320816
Dorosoma cepedianum,Teleostei,Clupeiformes,Clupeidae,Dorosoma,cepedianum,-2.26760624,41.07225951457888,-3373.757546678929,5449.495628100146,2918.0786935949145,-65.46878555213755,-4366.756910074552,f_1,-2.1964683455878498,-2.7098897108176825,-2.5641981378838157
Dorosoma cepedianum,Teleostei,Clupeiformes,Clupeidae,Dorosoma,cepedianum,-2.0,40.42838155667745,-3373.757546678929,5449.495628100146,2918.0786935949145,-65.46878555213755,-4366.756910074552,f_1,-1.4901814076037612,-2.4507495617086628,-2.2842983500721044
Dorosoma cepedianum,Teleostei,Clupeiformes,Clupeidae,Dorosoma,cepedianum,-1.9507819770000028,39.54665846258055,-3373.757546678929,5449.495628100146,2918.0786935949145,-65.46878555213755,-4366.756910074552,f_1,-1.9701516040138456,-2.114013761144195,-2.065803135302045
Dorosoma cepedianum,Teleostei,Clupeiformes,Clupeidae,Dorosoma,cepedianum,-1.8632794330000026,39.9688890161676,-3373.757546678929,5449.495628100146,2918.0786935949145,-65.46878555213755,-4366.756910074552,f_1,-1.4229379315391093,-2.0987450324195427,-1.9830768049557257
Dorosoma cepedianum,Teleostei,Clupeiformes,Clupeidae,Dorosoma,cepedianum,-1.835647144000001,39.9688890161676,-3373.757546678929,5449.495628100146,2918.0786935949145,-65.46878555213755,-4366.756910074552,f_1,-2.145581332945063,-2.0777123314561816,-1.9620441039923646
Dorosoma cepedianum,Teleostei,Clupeiformes,Clupeidae,Dorosoma,cepedianum,-1.8210230530000024,39.5871292029482,-3373.757546678929,5449.495628100146,2918.0786935949145,-65.46878555213755,-4366.756910074552,f_1,-1.6631260625202755,-2.038008325924908,-1.9853102075760445
Dorosoma cepedianum,Teleostei,Clupeiformes,Clupeidae,Dorosoma,cepedianum,-1.8181564120000007,40.69776232103897,-3373.757546678929,5449.495628100146,2918.0786935949145,-65.46878555213755,-4366.756910074552,f_1,-2.0298040590610897,-2.3076515535363202,-2.1932090071577433
Dorosoma cepedianum,Teleostei,Clupeiformes,Clupeidae,Dorosoma,cepedianum,-1.764471553000002,40.76924969557092,-3373.757546678929,5449.495628100146,2918.0786935949145,-65.46878555213755,-4366.756910074552,f_1,-2.0848711756185634,-2.2757522874416742,-2.1673939506090516
Dorosoma cepedianum,Teleostei,Clupeiformes,Clupeidae,Dorosoma,cepedianum,-1.756961951000001,40.5839025208752,-3373.757546678929,5449.495628100146,2918.0786935949145,-65.46878555213755,-4366.756910074552,f_1,-2.0600567155816347,-2.239557368048424,-2.115615067290772
Dorosoma cepedianum,Teleostei,Clupeiformes,Clupeidae,Dorosoma,cepedianum,-1.7212463990000022,39.18611151728605,-3373.757546678929,5449.495628100146,2918.0786935949145,-65.46878555213755,-4366.756910074552,f_1,-1.2518819271824415,-1.9058087383747606,-1.873261268570954
Dorosoma cepedianum,Teleostei,Clupeiformes,Clupeidae,Dorosoma,cepedianum,-1.6161846340000003,38.98863405289522,-3373.757546678929,5449.495628100146,2918.0786935949145,-65.46878555213755,-4366.756910074552,f_1,-1.1813913277860153,-1.7784151845519172,-1.7599644288858858
Dorosoma cepedianum,Teleostei,Clupeiformes,Clupeidae,Dorosoma,cepedianum,-1.6020599910000006,39.31887828508983,-3373.757546678929,5449.495628100146,2918.0786935949145,-65.46878555213755,-4366.756910074552,f_1,-1.4783386192015595,-1.8290824120927125,-1.8133642035391404
Dorosoma cepedianum,Teleostei,Clupeiformes,Clupeidae,Dorosoma,cepedianum,-1.5900668770000013,39.08054192909332,-3373.757546678929,5449.495628100146,2918.0786935949145,-65.46878555213755,-4366.756910074552,f_1,-1.4525969052005316,-1.776806428160283,-1.752942920070735
Dorosoma cepedianum,Teleostei,Clupeiformes,Clupeidae,Dorosoma,cepedianum,-1.568636236,40.02402802498453,-3373.757546678929,5449.495628100146,2918.0786935949145,-65.46878555213755,-4366.756910074552,f_1,-1.7434125228924546,-1.8784513586635425,-1.7688948291194941
Dorosoma cepedianum,Teleostei,Clupeiformes,Clupeidae,Dorosoma,cepedianum,-1.5590909180000003,40.134763706879696,-3373.757546678929,5449.495628100146,2918.0786935949145,-65.46878555213755,-4366.756910074552,f_1,-1.7875520639165858,-1.663084423853066,-1.8015883009190816
Dorosoma cepedianum,Teleostei,Clupeiformes,Clupeidae,Dorosoma,cepedianum,-1.543633967,40.9852266496354,-3373.757546678929,5449.495628100146,2918.0786935949145,-65.46878555213755,-4366.756910074552,f_1,-2.0045486941964183,-2.2015911029407307,-2.0343536500041646
Dorosoma cepedianum,Teleostei,Clupeiformes,Clupeidae,Dorosoma,cepedianum,-1.5361070110000012,40.48479653181323,-3373.757546678929,5449.495628100146,2918.0786935949145,-65.46878555213755,-4366.756910074552,f_1,-1.8971937222892248,-2.088687317672215,-1.9340532502401604
Dorosoma cepedianum,Teleostei,Clupeiformes,Clupeidae,Dorosoma,cepedianum,-1.524328812,40.38617339775279,-3373.757546678929,5449.495628100146,2918.0786935949145,-65.46878555213755,-4366.756910074552,f_1,-1.519660197568304,-2.069708157681182,-1.9428560559393933
Dorosoma cepedianum,Teleostei,Clupeiformes,Clupeidae,Dorosoma,cepedianum,-1.524328812,40.24611384027836,-3373.757546678929,5449.495628100146,2918.0786935949145,-65.46878555213755,-4366.756910074552,f_1,-1.4890293423256122,-1.900533988423765,-1.9081446280446641
Dorosoma cepedianum,Teleostei,Clupeiformes,Clupeidae,Dorosoma,cepedianum,-1.4948500220000007,39.425741212312765,-3373.757546678929,5449.495628100146,2918.0786935949145,-65.46878555213755,-4366.756910074552,f_1,-1.1284535714304982,-1.777254480578712,-1.7614172496306255
Dorosoma cepedianum,Teleostei,Clupeiformes,Clupeidae,Dorosoma,cepedianum,-1.4907974780000002,40.52721119554483,-3373.757546678929,5449.495628100146,2918.0786935949145,-65.46878555213755,-4366.756910074552,f_1,-1.7739974131402707,-2.0544022182555564,-1.9065762239126938
Dorosoma cepedianum,Teleostei,Clupeiformes,Clupeidae,Dorosoma,cepedianum,-1.485452247,40.74062462996055,-3373.757546678929,5449.495628100146,2918.0786935949145,-65.46878555213755,-4366.756910074552,f_1,-1.4348591384899425,-2.0897039052536983,-1.955526319142464
Dorosoma cepedianum,Teleostei,Clupeiformes,Clupeidae,Dorosoma,cepedianum,-1.4775557660000007,39.45254776761606,-3373.757546678929,5449.495628100146,2918.0786935949145,-65.46878555213755,-4366.756910074552,f_1,-1.114074055525326,-1.7603582244768174,-1.701819305378254
Dorosoma cepedianum,Teleostei,Clupeiformes,Clupeidae,Dorosoma,cepedianum,-1.4436974990000009,40.134763706879696,-3373.757546678929,5449.495628100146,2918.0786935949145,-65.46878555213755,-4366.756910074552,f_1,-1.4737909914266427,-1.5752511185859284,-1.7155095179755524
Dorosoma cepedianum,Teleostei,Clupeiformes,Clupeidae,Dorosoma,cepedianum,-1.4377071360000009,39.99643951695421,-3373.757546678929,5449.495628100146,2918.0786935949145,-65.46878555213755,-4366.756910074552,f_1,-1.2492213625730852,-1.7874132684557602,-1.6656108837367698
Dorosoma cepedianum,Teleostei,Clupeiformes,Clupeidae,Dorosoma,cepedianum,-1.3269790929999998,39.5601395119968,-3373.757546678929,5449.495628100146,2918.0786935949145,-65.46878555213755,-4366.756910074552,f_1,-1.1451070693313103,-1.660643788850555,-1.59138299353091
Dorosoma cepedianum,Teleostei,Clupeiformes,Clupeidae,Dorosoma,cepedianum,-1.3018994540000002,39.88646477348088,-3373.757546678929,5449.495628100146,2918.0786935949145,-65.46878555213755,-4366.756910074552,f_1,-1.101544025188473,-1.6656854976092628,-1.5453776857074069
Dorosoma cepedianum,Teleostei,Clupeiformes,Clupeidae,Dorosoma,cepedianum,-1.2684112350000007,40.274047981413375,-3373.757546678929,5449.495628100146,2918.0786935949145,-65.46878555213755,-4366.756910074552,f_1,-0.9359908374082307,-1.8800361247546,-1.7287630524516933
Dorosoma cepedianum,Teleostei,Clupeiformes,Clupeidae,Dorosoma,cepedianum,-1.2218487500000006,40.330032757060856,-3373.757546678929,5449.495628100146,2918.0786935949145,-65.46878555213755,-4366.756910074552,f_1,-0.8724856388722364,-1.8415907566057514,-1.70205163698106
Dorosoma cepedianum,Teleostei,Clupeiformes,Clupeidae,Dorosoma,cepedianum,-1.2076083110000002,39.22584730723091,-3373.757546678929,5449.495628100146,2918.0786935949145,-65.46878555213755,-4366.756910074552,f_1,-0.5046383519198535,-1.5233408639278567,-1.483463808179813
Dorosoma cepedianum,Teleostei,Clupeiformes,Clupeidae,Dorosoma,cepedianum,-1.1985962900000002,39.06738571231868,-3373.757546678929,5449.495628100146,2918.0786935949145,-65.46878555213755,-4366.756910074552,f_1,-1.02119005890499,-1.4853409935646114,-1.4477823465104518
Dorosoma cepedianum,Teleostei,Clupeiformes,Clupeidae,Dorosoma,cepedianum,-1.1643094289999998,40.92740936640544,-3373.757546678929,5449.495628100146,2918.0786935949145,-65.46878555213755,-4366.756910074552,f_1,-0.9331400518899348,-1.9114443618519732,-1.7421623837911893
Dorosoma cepedianum,Teleostei,Clupeiformes,Clupeidae,Dorosoma,cepedianum,-1.130181792,39.06738571231868,-3373.757546678929,5449.495628100146,2918.0786935949145,-65.46878555213755,-4366.756910074552,f_1,-0.7674318326138413,-1.4332663471973688,-1.3958805238107355
Dorosoma cepedianum,Teleostei,Clupeiformes,Clupeidae,Dorosoma,cepedianum,-1.0915149810000004,40.48479653181323,-3373.757546678929,5449.495628100146,2918.0786935949145,-65.46878555213755,-4366.756910074552,f_1,-1.0802157880525758,-1.7558129123135884,-1.5872325414887258
Dorosoma cepedianum,Teleostei,Clupeiformes,Clupeidae,Dorosoma,cepedianum,-1.0888423910000005,40.66923751829074,-3373.757546678929,5449.495628100146,2918.0786935949145,-65.46878555213755,-4366.756910074552,f_1,-1.3060225267872339,-1.7674252932961159,-1.6273388211620288
Dorosoma cepedianum,Teleostei,Clupeiformes,Clupeidae,Dorosoma,cepedianum,-1.0655015489999997,39.027970155857616,-3373.757546678929,5449.495628100146,2918.0786935949145,-65.46878555213755,-4366.756910074552,f_1,-0.8726619100659136,-1.3810625303127309,-1.3487837744979698
Dorosoma cepedianum,Teleostei,Clupeiformes,Clupeidae,Dorosoma,cepedianum,-1.0570004069999999,40.49892488516581,-3373.757546678929,5449.495628100146,2918.0786935949145,-65.46878555213755,-4366.756910074552,f_1,-1.689153890192545,-1.7224617368878417,-1.5668413034578148
Dorosoma cepedianum,Teleostei,Clupeiformes,Clupeidae,Dorosoma,cepedianum,-0.5902358959999995,40.037836556302445,-3373.757546678929,5449.495628100146,2918.0786935949145,-65.46878555213755,-4366.756910074552,f_1,-0.6866734092476161,-1.0842765598070896,-0.9527136755259875
Erimyzon oblongus,Teleostei,Cypriniformes,Catostomidae,Erimyzon,oblongus,-1.5883802940000011,39.79073178756819,-3640.06934724508,8130.684182658058,5745.543696853202,460.8179755894458,1726.2116509240366,f_1,-1.813993597052387,-1.9150838344426477,-1.914214631624117
Exodon paradoxus,Teleostei,Characiformes,Characidae,Exodon,paradoxus,-2.4436974990000033,38.28126975373334,-3643.051895229117,8160.737153174095,5777.252841030514,466.7322415737173,1795.1630414385625,f_1,-2.828566099056992,-2.3249599752260397,-2.382879949715269
Exodon paradoxus,Teleostei,Characiformes,Characidae,Exodon,paradoxus,-2.414539270000002,39.5871292029482,-3643.051895229117,8160.737153174095,5777.252841030514,466.7322415737173,1795.1630414385625,f_1,-3.2449301389637726,-2.5046018453691716,-2.5537780641209666
Exodon paradoxus,Teleostei,Characiformes,Characidae,Exodon,paradoxus,-2.3214816210000015,38.92324979320565,-3643.051895229117,8160.737153174095,5777.252841030514,466.7322415737173,1795.1630414385625,f_1,-2.7971576348053677,-2.3270419913737532,-2.3971894852194584
Fundulus grandis,Teleostei,Cyprinodontiformes,Fundulidae,Fundulus,grandis,-2.508638306000009,38.92324979320565,-3649.0699176841617,8221.372203174908,5841.226629477732,478.6623617440597,1934.1702622999533,f_1,-2.798369108508183,-2.4642572004588374,-2.507950145652452
Fundulus grandis,Teleostei,Cyprinodontiformes,Fundulidae,Fundulus,grandis,-2.508638306000009,38.92324979320565,-3649.0699176841617,8221.372203174908,5841.226629477732,478.6623617440597,1934.1702622999533,f_1,-2.712117164567658,-2.4642572004588374,-2.507950145652452
Fundulus grandis,Teleostei,Cyprinodontiformes,Fundulidae,Fundulus,grandis,-2.508638306000009,38.92324979320565,-3649.0699176841617,8221.372203174908,5841.226629477732,478.6623617440597,1934.1702622999533,f_1,-2.613591671048233,-2.4642572004588374,-2.507950145652452
Fundulus grandis,Teleostei,Cyprinodontiformes,Fundulidae,Fundulus,grandis,-2.508638306000009,38.92324979320565,-3649.0699176841617,8221.372203174908,5841.226629477732,478.6623617440597,1934.1702622999533,f_1,-2.381123945194648,-2.4642572004588374,-2.507950145652452
Fundulus grandis,Teleostei,Cyprinodontiformes,Fundulidae,Fundulus,grandis,-2.508638306000009,38.92324979320565,-3649.0699176841617,8221.372203174908,5841.226629477732,478.6623617440597,1934.1702622999533,f_1,-2.2552421146730968,-2.4642572004588374,-2.507950145652452
Fundulus grandis,Teleostei,Cyprinodontiformes,Fundulidae,Fundulus,grandis,-2.065501549000001,38.92324979320565,-3649.0699176841617,8221.372203174908,5841.226629477732,478.6623617440597,1934.1702622999533,f_1,-2.794565045273038,-2.1079409424184354,-2.156840265419773
Fundulus grandis,Teleostei,Cyprinodontiformes,Fundulidae,Fundulus,grandis,-2.065501549000001,38.92324979320565,-3649.0699176841617,8221.372203174908,5841.226629477732,478.6623617440597,1934.1702622999533,f_1,-2.6497314802619316,-2.1079409424184354,-2.156840265419773
Fundulus grandis,Teleostei,Cyprinodontiformes,Fundulidae,Fundulus,grandis,-2.065501549000001,38.92324979320565,-3649.0699176841617,8221.372203174908,5841.226629477732,478.6623617440597,1934.1702622999533,f_1,-2.4845802070174776,-2.1079409424184354,-2.156840265419773
Fundulus grandis,Teleostei,Cyprinodontiformes,Fundulidae,Fundulus,grandis,-2.065501549000001,38.92324979320565,-3649.0699176841617,8221.372203174908,5841.226629477732,478.6623617440597,1934.1702622999533,f_1,-2.3235179382232034,-2.1079409424184354,-2.156840265419773
Fundulus grandis,Teleostei,Cyprinodontiformes,Fundulidae,Fundulus,grandis,-2.065501549000001,38.92324979320565,-3649.0699176841617,8221.372203174908,5841.226629477732,478.6623617440597,1934.1702622999533,f_1,-2.2453573613057047,-2.1079409424184354,-2.156840265419773
Fundulus grandis,Teleostei,Cyprinodontiformes,Fundulidae,Fundulus,grandis,-1.9100948890000022,38.92324979320565,-3649.0699176841617,8221.372203174908,5841.226629477732,478.6623617440597,1934.1702622999533,f_1,-2.686931167239887,-2.03771625064172,-2.0948326929907406
Fundulus grandis,Teleostei,Cyprinodontiformes,Fundulidae,Fundulus,grandis,-1.9100948890000022,38.92324979320565,-3649.0699176841617,8221.372203174908,5841.226629477732,478.6623617440597,1934.1702622999533,f_1,-2.5210590728443734,-2.03771625064172,-2.0948326929907406
Fundulus grandis,Teleostei,Cyprinodontiformes,Fundulidae,Fundulus,grandis,-1.9100948890000022,38.92324979320565,-3649.0699176841617,8221.372203174908,5841.226629477732,478.6623617440597,1934.1702622999533,f_1,-2.320399622690387,-2.03771625064172,-2.0948326929907406
Fundulus grandis,Teleostei,Cyprinodontiformes,Fundulidae,Fundulus,grandis,-1.9100948890000022,38.92324979320565,-3649.0699176841617,8221.372203174908,5841.226629477732,478.6623617440597,1934.1702622999533,f_1,-2.1560467667055105,-2.03771625064172,-2.0948326929907406
Fundulus grandis,Teleostei,Cyprinodontiformes,Fundulidae,Fundulus,grandis,-1.501689446000001,38.92324979320565,-3649.0699176841617,8221.372203174908,5841.226629477732,478.6623617440597,1934.1702622999533,f_1,-2.957751670348247,-1.7266732665929718,-1.7778361172752406
Fundulus grandis,Teleostei,Cyprinodontiformes,Fundulidae,Fundulus,grandis,-1.501689446000001,38.92324979320565,-3649.0699176841617,8221.372203174908,5841.226629477732,478.6623617440597,1934.1702622999533,f_1,-2.5140541711155455,-1.7266732665929718,-1.7778361172752406
Fundulus grandis,Teleostei,Cyprinodontiformes,Fundulidae,Fundulus,grandis,-1.501689446000001,38.92324979320565,-3649.0699176841617,8221.372203174908,5841.226629477732,478.6623617440597,1934.1702622999533,f_1,-2.3437924562530634,-1.7266732665929718,-1.7778361172752406
Fundulus grandis,Teleostei,Cyprinodontiformes,Fundulidae,Fundulus,grandis,-1.501689446000001,38.92324979320565,-3649.0699176841617,8221.372203174908,5841.226629477732,478.6623617440597,1934.1702622999533,f_1,-2.1058142061115284,-1.7266732665929718,-1.7778361172752406
Fundulus parvipinnis,Teleostei,Cyprinodontiformes,Fundulidae,Fundulus,parvipinnis,-3.16749108700004,40.134763706879696,-3649.0699176841617,8221.372203174908,5841.226629477732,478.6623617440597,1934.1702622999533,f_1,-3.105039372238546,-3.1277658236109938,-3.1575605021662447
Fundulus parvipinnis,Teleostei,Cyprinodontiformes,Fundulidae,Fundulus,parvipinnis,-2.818156412000026,40.134763706879696,-3649.0699176841617,8221.372203174908,5841.226629477732,478.6623617440597,1934.1702622999533,f_1,-2.9124908013138864,-2.8653743493205814,-2.8583120924537297
Fundulus parvipinnis,Teleostei,Cyprinodontiformes,Fundulidae,Fundulus,parvipinnis,-2.6575773190000094,39.5871292029482,-3649.0699176841617,8221.372203174908,5841.226629477732,478.6623617440597,1934.1702622999533,f_1,-2.8556944479499604,-2.6806141948452944,-2.705516931426976
Fundulus parvipinnis,Teleostei,Cyprinodontiformes,Fundulidae,Fundulus,parvipinnis,-2.6575773190000094,39.5871292029482,-3649.0699176841617,8221.372203174908,5841.226629477732,478.6623617440597,1934.1702622999533,f_1,-2.515213837327603,-2.6806141948452944,-2.705516931426976
Fundulus parvipinnis,Teleostei,Cyprinodontiformes,Fundulidae,Fundulus,parvipinnis,-2.3187587630000053,39.5871292029482,-3649.0699176841617,8221.372203174908,5841.226629477732,478.6623617440597,1934.1702622999533,f_1,-3.0758509816053734,-2.4316971807628485,-2.464596849966733
Fundulus parvipinnis,Teleostei,Cyprinodontiformes,Fundulidae,Fundulus,parvipinnis,-2.3187587630000053,39.5871292029482,-3649.0699176841617,8221.372203174908,5841.226629477732,478.6623617440597,1934.1702622999533,f_1,-2.3986497229847457,-2.4316971807628485,-2.464596849966733
Fundulus parvipinnis,Teleostei,Cyprinodontiformes,Fundulidae,Fundulus,parvipinnis,-2.2276782930000048,39.5871292029482,-3649.0699176841617,8221.372203174908,5841.226629477732,478.6623617440597,1934.1702622999533,f_1,-2.156540398798104,-2.3623878679231938,-2.3858523735137593
Fundulus parvipinnis,Teleostei,Cyprinodontiformes,Fundulidae,Fundulus,parvipinnis,-2.221848750000005,39.5871292029482,-3649.0699176841617,8221.372203174908,5841.226629477732,478.6623617440597,1934.1702622999533,f_1,-3.8540022377353704,-2.357243348458032,-2.381415135807102
Fundulus parvipinnis,Teleostei,Cyprinodontiformes,Fundulidae,Fundulus,parvipinnis,-2.221848750000005,39.5871292029482,-3649.0699176841617,8221.372203174908,5841.226629477732,478.6623617440597,1934.1702622999533,f_1,-3.113639545106752,-2.357243348458032,-2.381415135807102
Fundulus parvipinnis,Teleostei,Cyprinodontiformes,Fundulidae,Fundulus,parvipinnis,-2.221848750000005,39.5871292029482,-3649.0699176841617,8221.372203174908,5841.226629477732,478.6623617440597,1934.1702622999533,f_1,-2.4766871772403527,-2.357243348458032,-2.381415135807102
Fundulus parvipinnis,Teleostei,Cyprinodontiformes,Fundulidae,Fundulus,parvipinnis,-2.197910742000001,39.5871292029482,-3649.0699176841617,8221.372203174908,5841.226629477732,478.6623617440597,1934.1702622999533,f_1,-2.292245130487125,-2.339022600841987,-2.3643819585841426
Gadus morhua,Teleostei,Gadiformes,Gadidae,Gadus,morhua,-1.832682665000001,40.69776232103897,-3649.0699176841617,8221.372203174908,5841.226629477732,478.6623617440597,1934.1702622999533,f_1,-2.033472384599094,-2.3769810216205274,-2.339451024477521
Gadus morhua,Teleostei,Gadiformes,Gadidae,Gadus,morhua,-1.832682665000001,40.69776232103897,-3649.0699176841617,8221.372203174908,5841.226629477732,478.6623617440597,1934.1702622999533,f_1,-1.9853088241775112,-2.3769810216205274,-2.339451024477521
Gadus morhua,Teleostei,Gadiformes,Gadidae,Gadus,morhua,-1.737548910000002,40.69776232103897,-3649.0699176841617,8221.372203174908,5841.226629477732,478.6623617440597,1934.1702622999533,f_1,-2.057948532659432,-2.3030211796777262,-2.2663253255618905
Gadus morhua,Teleostei,Gadiformes,Gadidae,Gadus,morhua,-1.737548910000002,40.69776232103897,-3649.0699176841617,8221.372203174908,5841.226629477732,478.6623617440597,1934.1702622999533,f_1,-2.011133076982669,-2.3030211796777262,-2.2663253255618905
Gadus morhua,Teleostei,Gadiformes,Gadidae,Gadus,morhua,-1.6903698330000014,40.69776232103897,-3649.0699176841617,8221.372203174908,5841.226629477732,478.6623617440597,1934.1702622999533,f_1,-2.0324887048062816,-2.2671101692555213,-2.231744847273265
Gadus morhua,Teleostei,Gadiformes,Gadidae,Gadus,morhua,-1.6903698330000014,40.69776232103897,-3649.0699176841617,8221.372203174908,5841.226629477732,478.6623617440597,1934.1702622999533,f_1,-1.9393065642959506,-2.2671101692555213,-2.231744847273265
Gadus morhua,Teleostei,Gadiformes,Gadidae,Gadus,morhua,-1.2139587900000004,40.69776232103897,-3649.0699176841617,8221.372203174908,5841.226629477732,478.6623617440597,1934.1702622999533,f_1,-1.5379036930164176,-1.8860775521897253,-1.8595492444129824
Gadus morhua,Teleostei,Gadiformes,Gadidae,Gadus,morhua,-1.2139587900000004,40.69776232103897,-3649.0699176841617,8221.372203174908,5841.226629477732,478.6623617440597,1934.1702622999533,f_1,-1.4689274862068915,-1.8860775521897253,-1.8595492444129824
Gadus morhua,Teleostei,Gadiformes,Gadidae,Gadus,morhua,-1.1426675040000005,40.69776232103897,-3649.0699176841617,8221.372203174908,5841.226629477732,478.6623617440597,1934.1702622999533,f_1,-1.5844892888832596,-1.8282994028445614,-1.7947323131871589
Gadus morhua,Teleostei,Gadiformes,Gadidae,Gadus,morhua,-0.8538719640000001,40.274047981413375,-3649.0699176841617,8221.372203174908,5841.226629477732,478.6623617440597,1934.1702622999533,f_1,-1.1502333457815381,-1.548778535875047,-1.5095363503097408
Gadus morhua,Teleostei,Gadiformes,Gadidae,Gadus,morhua,-0.8239087409999997,40.274047981413375,-3649.0699176841617,8221.372203174908,5841.226629477732,478.6623617440597,1934.1702622999533,f_1,-1.0495220438970476,-1.5298632452142598,-1.4867294265236766
Gadus morhua,Teleostei,Gadiformes,Gadidae,Gadus,morhua,-0.8195873669999999,40.274047981413375,-3649.0699176841617,8221.372203174908,5841.226629477732,478.6623617440597,1934.1702622999533,f_1,-1.109318169834467,-1.5265739713110795,-1.4834401526204963
Gadus morhua,Teleostei,Gadiformes,Gadidae,Gadus,morhua,-0.7695510790000002,40.76924969557092,-3649.0699176841617,8221.372203174908,5841.226629477732,478.6623617440597,1934.1702622999533,f_1,-1.1191579722030438,-1.5324809677370488,-1.4869504544971985
Gadus morhua,Teleostei,Gadiformes,Gadidae,Gadus,morhua,-0.761953897,40.69776232103897,-3649.0699176841617,8221.372203174908,5841.226629477732,478.6623617440597,1934.1702622999533,f_1,-1.2531805385772319,-1.5136225311500349,-1.4798603581413492
Gadus morhua,Teleostei,Gadiformes,Gadidae,Gadus,morhua,-0.7256112039999996,40.9852266496354,-3649.0699176841617,8221.372203174908,5841.226629477732,478.6623617440597,1934.1702622999533,f_1,-1.1402807438739175,-1.5574152093676208,-1.4607276290453957
Gadus morhua,Teleostei,Gadiformes,Gadidae,Gadus,morhua,-0.6675615399999998,40.69776232103897,-3649.0699176841617,8221.372203174908,5841.226629477732,478.6623617440597,1934.1702622999533,f_1,-1.0484824962632564,-1.4417744762166276,-1.396370614563056
Gadus morhua,Teleostei,Gadiformes,Gadidae,Gadus,morhua,-0.661543506,40.76924969557092,-3649.0699176841617,8221.372203174908,5841.226629477732,478.6623617440597,1934.1702622999533,f_1,-1.1424293144762392,-1.4477049383294065,-1.3930972962333585
Gadus morhua,Teleostei,Gadiformes,Gadidae,Gadus,morhua,-0.6420651529999998,40.69776232103897,-3649.0699176841617,8221.372203174908,5841.226629477732,478.6623617440597,1934.1702622999533,f_1,-1.112850634253091,-1.427924762033933,-1.3711364444580467
Gadus morhua,Teleostei,Gadiformes,Gadidae,Gadus,morhua,-0.6420651529999998,40.69776232103897,-3649.0699176841617,8221.372203174908,5841.226629477732,478.6623617440597,1934.1702622999533,f_1,-0.9519993417615958,-1.427924762033933,-1.3711364444580467
Gadus morhua,Teleostei,Gadiformes,Gadidae,Gadus,morhua,-0.6126101739999998,40.76924969557092,-3649.0699176841617,8221.372203174908,5841.226629477732,478.6623617440597,1934.1702622999533,f_1,-1.0934959817283882,-1.4210871014455366,-1.332538093248078
Gadus morhua,Teleostei,Gadiformes,Gadidae,Gadus,morhua,-0.5951662830000001,40.69776232103897,-3649.0699176841617,8221.372203174908,5841.226629477732,478.6623617440597,1934.1702622999533,f_1,-1.113376414514369,-1.3950573182203736,-1.3246148418241412
Gadus morhua,Teleostei,Gadiformes,Gadidae,Gadus,morhua,-0.571865206,40.69776232103897,-3649.0699176841617,8221.372203174908,5841.226629477732,478.6623617440597,1934.1702622999533,f_1,-1.1828293905358875,-1.3874940795382538,-1.2318921211694827
Gadus morhua,Teleostei,Gadiformes,Gadidae,Gadus,morhua,-0.5482135640000002,40.69776232103897,-3649.0699176841617,8221.372203174908,5841.226629477732,478.6623617440597,1934.1702622999533,f_1,-1.1134202582822876,-1.4048363620929094,-1.2933060894268789
Gadus morhua,Teleostei,Gadiformes,Gadidae,Gadus,morhua,-0.5482135640000002,40.76924969557092,-3649.0699176841617,8221.372203174908,5841.226629477732,478.6623617440597,1934.1702622999533,f_1,-0.9717465640787446,-1.4153475344577178,-1.2946134887997915
Gadus morhua,Teleostei,Gadiformes,Gadidae,Gadus,morhua,-0.5436339669999996,40.76924969557092,-3649.0699176841617,8221.372203174908,5841.226629477732,478.6623617440597,1934.1702622999533,f_1,-1.0194402494985346,-1.422388313201784,-1.291127664869906
Gadus morhua,Teleostei,Gadiformes,Gadidae,Gadus,morhua,-0.5171264159999996,40.76924969557092,-3649.0699176841617,8221.372203174908,5841.226629477732,478.6623617440597,1934.1702622999533,f_1,-1.2742186364911952,-1.3953773884961385,-1.326505769300681
Gadus morhua,Teleostei,Gadiformes,Gadidae,Gadus,morhua,-0.5003129169999997,40.76924969557092,-3649.0699176841617,8221.372203174908,5841.226629477732,478.6623617440597,1934.1702622999533,f_1,-1.1044376774064433,-1.3825795599624704,-1.313707940767013
Gadus morhua,Teleostei,Gadiformes,Gadidae,Gadus,morhua,-0.4948500219999997,40.9852266496354,-3649.0699176841617,8221.372203174908,5841.226629477732,478.6623617440597,1934.1702622999533,f_1,-1.0359230358798914,-1.4890032535030508,-1.316772411065114
Gadus morhua,Teleostei,Gadiformes,Gadidae,Gadus,morhua,-0.47625353299999973,40.69776232103897,-3649.0699176841617,8221.372203174908,5841.226629477732,478.6623617440597,1934.1702622999533,f_1,-0.7404302314707883,-1.344965991754656,-1.306754999362972
Gadus morhua,Teleostei,Gadiformes,Gadidae,Gadus,morhua,-0.45593195599999986,40.274047981413375,-3649.0699176841617,8221.372203174908,5841.226629477732,478.6623617440597,1934.1702622999533,f_1,-0.9419574035168331,-1.2988509055085227,-1.23293142482384
Gadus morhua,Teleostei,Gadiformes,Gadidae,Gadus,morhua,-0.4522252949999996,40.69776232103897,-3649.0699176841617,8221.372203174908,5841.226629477732,478.6623617440597,1934.1702622999533,f_1,-0.9704354259088768,-1.343603800466631,-1.275322904217118
Gadus morhua,Teleostei,Gadiformes,Gadidae,Gadus,morhua,-0.4179366369999998,40.76924969557092,-3649.0699176841617,8221.372203174908,5841.226629477732,478.6623617440597,1934.1702622999533,f_1,-1.0800533438978,-1.3137502555435578,-1.3034730486712807
Gadus morhua,Teleostei,Gadiformes,Gadidae,Gadus,morhua,-0.36653154399999965,42.02414240754758,-3649.0699176841617,8221.372203174908,5841.226629477732,478.6623617440597,1934.1702622999533,f_1,-1.0778662740968399,-1.6909193912124558,-1.506652202840982
Gadus morhua,Teleostei,Gadiformes,Gadidae,Gadus,morhua,-0.36653154399999965,40.274047981413375,-3649.0699176841617,8221.372203174908,5841.226629477732,478.6623617440597,1934.1702622999533,f_1,-0.8130484509931767,-1.1961332993999367,-1.145729776187362
Gadus morhua,Teleostei,Gadiformes,Gadidae,Gadus,morhua,-0.356547324,40.76924969557092,-3649.0699176841617,8221.372203174908,5841.226629477732,478.6623617440597,1934.1702622999533,f_1,-0.7983691088114886,-1.2684644912326335,-1.1846504446176096
Gadus morhua,Teleostei,Gadiformes,Gadidae,Gadus,morhua,-0.3372421679999999,40.274047981413375,-3649.0699176841617,8221.372203174908,5841.226629477732,478.6623617440597,1934.1702622999533,f_1,-0.8554522995181068,-1.1736558725967239,-1.1207390153166765
Gadus morhua,Teleostei,Gadiformes,Gadidae,Gadus,morhua,-0.33348201899999946,40.69776232103897,-3649.0699176841617,8221.372203174908,5841.226629477732,478.6623617440597,1934.1702622999533,f_1,-0.7394653795772332,-1.2288192823635609,-1.1630897964762346
Gadus morhua,Teleostei,Gadiformes,Gadidae,Gadus,morhua,-0.30980391999999946,40.274047981413375,-3649.0699176841617,8221.372203174908,5841.226629477732,478.6623617440597,1934.1702622999533,f_1,-0.7756259816543578,-1.1527708686384006,-1.0998540113583533
Gadus morhua,Teleostei,Gadiformes,Gadidae,Gadus,morhua,-0.3010299959999997,42.02414240754758,-3649.0699176841617,8221.372203174908,5841.226629477732,478.6623617440597,1934.1702622999533,f_1,-1.0123647253346344,-1.6333161506461664,-1.4540980512199613
Gadus morhua,Teleostei,Gadiformes,Gadidae,Gadus,morhua,-0.3010299959999997,40.9852266496354,-3649.0699176841617,8221.372203174908,5841.226629477732,478.6623617440597,1934.1702622999533,f_1,-0.8362734661962055,-1.325311401339505,-1.1469185198466447
Gadus morhua,Teleostei,Gadiformes,Gadidae,Gadus,morhua,-0.3010299959999997,40.274047981413375,-3649.0699176841617,8221.372203174908,5841.226629477732,478.6623617440597,1934.1702622999533,f_1,-0.7475469021739934,-1.1455341158099537,-1.0931756171157607
Gadus morhua,Teleostei,Gadiformes,Gadidae,Gadus,morhua,-0.29242982399999967,40.274047981413375,-3649.0699176841617,8221.372203174908,5841.226629477732,478.6623617440597,1934.1702622999533,f_1,-0.7889207054700516,-1.1389879753179566,-1.0812080393006702
Gadus morhua,Teleostei,Gadiformes,Gadidae,Gadus,morhua,-0.28567023999999985,40.69776232103897,-3649.0699176841617,8221.372203174908,5841.226629477732,478.6623617440597,1934.1702622999533,f_1,-0.9251229626049501,-1.1894989105480942,-1.1212757588067392
Gadus morhua,Teleostei,Gadiformes,Gadidae,Gadus,morhua,-0.28567023999999985,40.69776232103897,-3649.0699176841617,8221.372203174908,5841.226629477732,478.6623617440597,1934.1702622999533,f_1,-0.6706691088635501,-1.1894989105480942,-1.1212757588067392
Gadus morhua,Teleostei,Gadiformes,Gadidae,Gadus,morhua,-0.21395878999999987,40.69776232103897,-3649.0699176841617,8221.372203174908,5841.226629477732,478.6623617440597,1934.1702622999533,f_1,-0.5273535106451442,-1.139729359584673,-1.0771764360310532
Gadus morhua,Teleostei,Gadiformes,Gadidae,Gadus,morhua,-0.19382002599999973,40.9852266496354,-3649.0699176841617,8221.372203174908,5841.226629477732,478.6623617440597,1934.1702622999533,f_1,-0.778049957218678,-1.2541621751565082,-1.0703775676891518
Gadus morhua,Teleostei,Gadiformes,Gadidae,Gadus,morhua,-0.19044028500000001,40.69776232103897,-3649.0699176841617,8221.372203174908,5841.226629477732,478.6623617440597,1934.1702622999533,f_1,-0.5515269965867228,-1.1314344010336779,-1.0592749989561043
Gadus morhua,Teleostei,Gadiformes,Gadidae,Gadus,morhua,-0.15490195999999995,40.274047981413375,-3649.0699176841617,8221.372203174908,5841.226629477732,478.6623617440597,1934.1702622999533,f_1,-0.6901454304470409,-1.0459393789696947,-0.9875087779076481
Gadus morhua,Teleostei,Gadiformes,Gadidae,Gadus,morhua,-0.1426675039999995,40.69776232103897,-3649.0699176841617,8221.372203174908,5841.226629477732,478.6623617440597,1934.1702622999533,f_1,-0.8286963679168471,-1.0976976784357853,-1.0314157802921753
Gadus morhua,Teleostei,Gadiformes,Gadidae,Gadus,morhua,-0.0952844549999997,40.69776232103897,-3649.0699176841617,8221.372203174908,5841.226629477732,478.6623617440597,1934.1702622999533,f_1,-0.6422663285151432,-1.0961860836564425,-0.9115947693654933
Gadus morhua,Teleostei,Gadiformes,Gadidae,Gadus,morhua,-0.07160414799999977,40.69776232103897,-3649.0699176841617,8221.372203174908,5841.226629477732,478.6623617440597,1934.1702622999533,f_1,-0.8098110237045693,-1.0798251525209306,-0.8935701744485982
Gadus morhua,Teleostei,Gadiformes,Gadidae,Gadus,morhua,-0.02365002099999951,40.69776232103897,-3649.0699176841617,8221.372203174908,5841.226629477732,478.6623617440597,1934.1702622999533,f_1,-0.7096788853036258,-1.0413480412966512,-0.8570692239428321
Gadus morhua,Teleostei,Gadiformes,Gadidae,Gadus,morhua,0.0,42.02414240754758,-3649.0699176841617,8221.372203174908,5841.226629477732,478.6623617440597,1934.1702622999533,f_1,-0.7768362782885311,-1.424486728753502,-1.178852495961885
Gadus morhua,Teleostei,Gadiformes,Gadidae,Gadus,morhua,0.0,40.69776232103897,-3649.0699176841617,8221.372203174908,5841.226629477732,478.6623617440597,1934.1702622999533,f_1,-0.6621167068541856,-1.0403597665224162,-0.8669659746244636
Gadus morhua,Teleostei,Gadiformes,Gadidae,Gadus,morhua,0.0,40.9852266496354,-3649.0699176841617,8221.372203174908,5841.226629477732,478.6623617440597,1934.1702622999533,f_1,-0.5714556431183121,-1.130406195557442,-0.8754959874123491
Gadus morhua,Teleostei,Gadiformes,Gadidae,Gadus,morhua,0.0,40.9852266496354,-3649.0699176841617,8221.372203174908,5841.226629477732,478.6623617440597,1934.1702622999533,f_1,-0.546981873753593,-1.130406195557442,-0.8754959874123491
Gadus morhua,Teleostei,Gadiformes,Gadidae,Gadus,morhua,0.0,40.274047981413375,-3649.0699176841617,8221.372203174908,5841.226629477732,478.6623617440597,1934.1702622999533,f_1,-0.5126776425685416,-0.9843969243907738,-0.8308924627709229
Gadus morhua,Teleostei,Gadiformes,Gadidae,Gadus,morhua,0.017033339000000473,42.02414240754758,-3649.0699176841617,8221.372203174908,5841.226629477732,478.6623617440597,1934.1702622999533,f_1,-0.8134877979631912,-1.5139919513185687,-1.1658873331556274
Gadus morhua,Teleostei,Gadiformes,Gadidae,Gadus,morhua,0.0293837780000004,40.9852266496354,-3649.0699176841617,8221.372203174908,5841.226629477732,478.6623617440597,1934.1702622999533,f_1,-0.5235884597944281,-1.3267328743968339,-1.2256236631662234
Gadus morhua,Teleostei,Gadiformes,Gadidae,Gadus,morhua,0.04921802300000007,42.02414240754758,-3649.0699176841617,8221.372203174908,5841.226629477732,478.6623617440597,1934.1702622999533,f_1,-0.7176340347846152,-1.7328179209826882,-1.1798607204655571
Gadus morhua,Teleostei,Gadiformes,Gadidae,Gadus,morhua,0.04921802300000007,40.69776232103897,-3649.0699176841617,8221.372203174908,5841.226629477732,478.6623617440597,1934.1702622999533,f_1,-0.43166778548243057,-1.1241653828000402,-0.8818501082777825
Gadus morhua,Teleostei,Gadiformes,Gadidae,Gadus,morhua,0.05690485100000043,41.72197348856467,-3649.0699176841617,8221.372203174908,5841.226629477732,478.6623617440597,1934.1702622999533,f_1,-0.7623352755332583,-1.0391567999362894,-1.0620912385205152
Gadus morhua,Teleostei,Gadiformes,Gadidae,Gadus,morhua,0.06069784000000023,40.9852266496354,-3649.0699176841617,8221.372203174908,5841.226629477732,478.6623617440597,1934.1702622999533,f_1,-0.5861788999855408,-0.9257665891785044,-0.8699151908241132
Gadus morhua,Teleostei,Gadiformes,Gadidae,Gadus,morhua,0.1271047980000002,40.274047981413375,-3649.0699176841617,8221.372203174908,5841.226629477732,478.6623617440597,1934.1702622999533,f_1,-0.3338099288904189,-0.6570490258223486,-0.7466611982981934
Gadus morhua,Teleostei,Gadiformes,Gadidae,Gadus,morhua,0.15228834400000027,40.274047981413375,-3649.0699176841617,8221.372203174908,5841.226629477732,478.6623617440597,1934.1702622999533,f_1,-0.4006838930750239,-0.6434222458153145,-0.7274923921158667
Gadus morhua,Teleostei,Gadiformes,Gadidae,Gadus,morhua,0.1583624920000004,40.274047981413375,-3649.0699176841617,8221.372203174908,5841.226629477732,478.6623617440597,1934.1702622999533,f_1,-0.4526016923703862,-0.6399528949001583,-0.7502596287679832
Gadus morhua,Teleostei,Gadiformes,Gadidae,Gadus,morhua,0.16136800200000034,42.02414240754758,-3649.0699176841617,8221.372203174908,5841.226629477732,478.6623617440597,1934.1702622999533,f_1,-0.6154682760485796,-0.9469543233586559,-1.0855618856309126
Gadus morhua,Teleostei,Gadiformes,Gadidae,Gadus,morhua,0.19865708700000037,40.274047981413375,-3649.0699176841617,8221.372203174908,5841.226629477732,478.6623617440597,1934.1702622999533,f_1,-0.3195530442583947,-0.6397202134536217,-0.7195888375398398
Gadus morhua,Teleostei,Gadiformes,Gadidae,Gadus,morhua,0.2148438480000006,42.02414240754758,-3649.0699176841617,8221.372203174908,5841.226629477732,478.6623617440597,1934.1702622999533,f_1,-0.5934008945333794,-0.930936114666117,-1.0448580019359812
Gadus morhua,Teleostei,Gadiformes,Gadidae,Gadus,morhua,0.21748394400000032,40.274047981413375,-3649.0699176841617,8221.372203174908,5841.226629477732,478.6623617440597,1934.1702622999533,f_1,-0.3477227496893132,-0.6309256928774134,-0.7052585135713494
Gadus morhua,Teleostei,Gadiformes,Gadidae,Gadus,morhua,0.29666519000000063,40.9852266496354,-3649.0699176841617,8221.372203174908,5841.226629477732,478.6623617440597,1934.1702622999533,f_1,-0.3142989941605717,-0.7575267261389422,-0.6913362685876345
Gadus morhua,Teleostei,Gadiformes,Gadidae,Gadus,morhua,0.3424226810000003,40.274047981413375,-3649.0699176841617,8221.372203174908,5841.226629477732,478.6623617440597,1934.1702622999533,f_1,-0.21662370450257895,-0.6172468770270788,-0.7120735559765626
Gadus morhua,Teleostei,Gadiformes,Gadidae,Gadus,morhua,0.3673559210000006,41.72197348856467,-3649.0699176841617,8221.372203174908,5841.226629477732,478.6623617440597,1934.1702622999533,f_1,-0.4866463121220946,-0.8297340387979961,-0.9081515301362832
Gadus morhua,Teleostei,Gadiformes,Gadidae,Gadus,morhua,0.4487063200000001,42.02414240754758,-3649.0699176841617,8221.372203174908,5841.226629477732,478.6623617440597,1934.1702622999533,f_1,-0.40529591322907865,-0.7544768921960784,-0.9013457729256156
Gadus morhua,Teleostei,Gadiformes,Gadidae,Gadus,morhua,0.47129171100000045,40.9852266496354,-3649.0699176841617,8221.372203174908,5841.226629477732,478.6623617440597,1934.1702622999533,f_1,-0.11946908730614036,-0.6094196979111137,-0.5929123035544219
Gadus morhua,Teleostei,Gadiformes,Gadidae,Gadus,morhua,0.4771212550000005,42.02414240754758,-3649.0699176841617,8221.372203174908,5841.226629477732,478.6623617440597,1934.1702622999533,f_1,-0.38911543484216504,-0.7373206291414591,-0.8715028614521543
Gadus morhua,Teleostei,Gadiformes,Gadidae,Gadus,morhua,0.4771212550000005,40.9852266496354,-3649.0699176841617,8221.372203174908,5841.226629477732,478.6623617440597,1934.1702622999533,f_1,-0.15503222891715684,-0.6094546192366079,-0.5802606062633966
Gadus morhua,Teleostei,Gadiformes,Gadidae,Gadus,morhua,0.4771212550000005,40.274047981413375,-3649.0699176841617,8221.372203174908,5841.226629477732,478.6623617440597,1934.1702622999533,f_1,-0.1136395435395254,-0.4760080571968528,-0.5379122266166763
Gadus morhua,Teleostei,Gadiformes,Gadidae,Gadus,morhua,0.48144262900000057,40.9852266496354,-3649.0699176841617,8221.372203174908,5841.226629477732,478.6623617440597,1934.1702622999533,f_1,-0.18849941588209132,-0.6061653453334275,-0.5769713323602161
Gadus morhua,Teleostei,Gadiformes,Gadidae,Gadus,morhua,0.4842998390000004,40.274047981413375,-3649.0699176841617,8221.372203174908,5841.226629477732,478.6623617440597,1934.1702622999533,f_1,-0.14067505959554752,-0.4705439781763865,-0.53244814759621
Gadus morhua,Teleostei,Gadiformes,Gadidae,Gadus,morhua,0.7781512500000006,42.02414240754758,-3649.0699176841617,8221.372203174908,5841.226629477732,478.6623617440597,1934.1702622999533,f_1,-0.15503222891715684,-0.45698773091818157,-0.626128830335521
Gadus morhua,Teleostei,Gadiformes,Gadidae,Gadus,morhua,0.7781512500000006,40.9852266496354,-3649.0699176841617,8221.372203174908,5841.226629477732,478.6623617440597,1934.1702622999533,f_1,0.11603454356639911,-0.3175784652827941,-0.33488656024560215
Gadus morhua,Teleostei,Gadiformes,Gadidae,Gadus,morhua,0.7781512500000006,40.274047981413375,-3649.0699176841617,8221.372203174908,5841.226629477732,478.6623617440597,1934.1702622999533,f_1,0.1386985281397312,-0.1909185855855217,-0.2925381731483012
Gadus morhua,Teleostei,Gadiformes,Gadidae,Gadus,morhua,0.8228216450000004,42.02414240754758,-3649.0699176841617,8221.372203174908,5841.226629477732,478.6623617440597,1934.1702622999533,f_1,-0.14032505733921666,-0.4266790072810533,-0.5921273380975745
Gadus morhua,Teleostei,Gadiformes,Gadidae,Gadus,morhua,0.8512583490000006,40.9852266496354,-3649.0699176841617,8221.372203174908,5841.226629477732,478.6623617440597,1934.1702622999533,f_1,0.1399236192337303,-0.2672201884766515,-0.27924007538270124
Gadus morhua,Teleostei,Gadiformes,Gadidae,Gadus,morhua,-1.832682665000001,40.69776232103897,-3649.0699176841617,8221.372203174908,5841.226629477732,478.6623617440597,1934.1702622999533,f_1,-2.0333421157982468,-2.3769810216205274,-2.339451024477521
Gadus morhua,Teleostei,Gadiformes,Gadidae,Gadus,morhua,-1.832682665000001,40.69776232103897,-3649.0699176841617,8221.372203174908,5841.226629477732,478.6623617440597,1934.1702622999533,f_1,-1.9851785554716914,-2.3769810216205274,-2.339451024477521
Gadus morhua,Teleostei,Gadiformes,Gadidae,Gadus,morhua,-1.737548910000002,40.69776232103897,-3649.0699176841617,8221.372203174908,5841.226629477732,478.6623617440597,1934.1702622999533,f_1,-2.0578182639192217,-2.3030211796777262,-2.2663253255618905
Gadus morhua,Teleostei,Gadiformes,Gadidae,Gadus,morhua,-1.737548910000002,40.69776232103897,-3649.0699176841617,8221.372203174908,5841.226629477732,478.6623617440597,1934.1702622999533,f_1,-2.0110028082022144,-2.3030211796777262,-2.2663253255618905
Gadus morhua,Teleostei,Gadiformes,Gadidae,Gadus,morhua,-1.6903698330000014,40.69776232103897,-3649.0699176841617,8221.372203174908,5841.226629477732,478.6623617440597,1934.1702622999533,f_1,-2.0323584359169886,-2.2671101692555213,-2.231744847273265
Gadus morhua,Teleostei,Gadiformes,Gadidae,Gadus,morhua,-1.6903698330000014,40.69776232103897,-3649.0699176841617,8221.372203174908,5841.226629477732,478.6623617440597,1934.1702622999533,f_1,-1.9391762954281768,-2.2671101692555213,-2.231744847273265
Gadus morhua,Teleostei,Gadiformes,Gadidae,Gadus,morhua,-1.2139587900000004,40.69776232103897,-3649.0699176841617,8221.372203174908,5841.226629477732,478.6623617440597,1934.1702622999533,f_1,-1.5377734241717476,-1.8860775521897253,-1.8595492444129824
Gadus morhua,Teleostei,Gadiformes,Gadidae,Gadus,morhua,-1.2139587900000004,40.69776232103897,-3649.0699176841617,8221.372203174908,5841.226629477732,478.6623617440597,1934.1702622999533,f_1,-1.4687972173814343,-1.8860775521897253,-1.8595492444129824
Gadus morhua,Teleostei,Gadiformes,Gadidae,Gadus,morhua,-1.1426675040000005,40.69776232103897,-3649.0699176841617,8221.372203174908,5841.226629477732,478.6623617440597,1934.1702622999533,f_1,-1.5843590201038456,-1.8282994028445614,-1.7947323131871589
Gadus morhua,Teleostei,Gadiformes,Gadidae,Gadus,morhua,-0.8538719640000001,40.274047981413375,-3649.0699176841617,8221.372203174908,5841.226629477732,478.6623617440597,1934.1702622999533,f_1,-1.1501030771039749,-1.548778535875047,-1.5095363503097408
Gadus morhua,Teleostei,Gadiformes,Gadidae,Gadus,morhua,-0.8195873669999999,40.274047981413375,-3649.0699176841617,8221.372203174908,5841.226629477732,478.6623617440597,1934.1702622999533,f_1,-1.1091879010448762,-1.5265739713110795,-1.4834401526204963
Gadus morhua,Teleostei,Gadiformes,Gadidae,Gadus,morhua,-0.7695510790000002,40.76924969557092,-3649.0699176841617,8221.372203174908,5841.226629477732,478.6623617440597,1934.1702622999533,f_1,-1.119027703357164,-1.5324809677370488,-1.4869504544971985
Gadus morhua,Teleostei,Gadiformes,Gadidae,Gadus,morhua,-0.761953897,40.69776232103897,-3649.0699176841617,8221.372203174908,5841.226629477732,478.6623617440597,1934.1702622999533,f_1,-1.2530502695841803,-1.5136225311500349,-1.4798603581413492
Gadus morhua,Teleostei,Gadiformes,Gadidae,Gadus,morhua,-0.7256112039999996,40.9852266496354,-3649.0699176841617,8221.372203174908,5841.226629477732,478.6623617440597,1934.1702622999533,f_1,-1.1401504749411204,-1.5574152093676208,-1.4607276290453957
Gadus morhua,Teleostei,Gadiformes,Gadidae,Gadus,morhua,-0.6675615399999998,40.69776232103897,-3649.0699176841617,8221.372203174908,5841.226629477732,478.6623617440597,1934.1702622999533,f_1,-1.0483522274882346,-1.4417744762166276,-1.396370614563056
Gadus morhua,Teleostei,Gadiformes,Gadidae,Gadus,morhua,-0.661543506,40.76924969557092,-3649.0699176841617,8221.372203174908,5841.226629477732,478.6623617440597,1934.1702622999533,f_1,-1.1422990457701516,-1.4477049383294065,-1.3930972962333585
Gadus morhua,Teleostei,Gadiformes,Gadidae,Gadus,morhua,-0.6420651529999998,40.69776232103897,-3649.0699176841617,8221.372203174908,5841.226629477732,478.6623617440597,1934.1702622999533,f_1,-1.1127203654699769,-1.427924762033933,-1.3711364444580467
Gadus morhua,Teleostei,Gadiformes,Gadidae,Gadus,morhua,-0.6420651529999998,40.69776232103897,-3649.0699176841617,8221.372203174908,5841.226629477732,478.6623617440597,1934.1702622999533,f_1,-0.9518690729710325,-1.427924762033933,-1.3711364444580467
Gadus morhua,Teleostei,Gadiformes,Gadidae,Gadus,morhua,-0.6126101739999998,40.76924969557092,-3649.0699176841617,8221.372203174908,5841.226629477732,478.6623617440597,1934.1702622999533,f_1,-1.0933657130360275,-1.4210871014455366,-1.332538093248078
Gadus morhua,Teleostei,Gadiformes,Gadidae,Gadus,morhua,-0.5951662830000001,40.69776232103897,-3649.0699176841617,8221.372203174908,5841.226629477732,478.6623617440597,1934.1702622999533,f_1,-1.1132461457786311,-1.3950573182203736,-1.3246148418241412
Gadus morhua,Teleostei,Gadiformes,Gadidae,Gadus,morhua,-0.571865206,40.69776232103897,-3649.0699176841617,8221.372203174908,5841.226629477732,478.6623617440597,1934.1702622999533,f_1,-1.1826991216066787,-1.3874940795382538,-1.2318921211694827
Gadus morhua,Teleostei,Gadiformes,Gadidae,Gadus,morhua,-0.5482135640000002,40.69776232103897,-3649.0699176841617,8221.372203174908,5841.226629477732,478.6623617440597,1934.1702622999533,f_1,-1.1132899895505026,-1.4048363620929094,-1.2933060894268789
Gadus morhua,Teleostei,Gadiformes,Gadidae,Gadus,morhua,-0.5482135640000002,40.76924969557092,-3649.0699176841617,8221.372203174908,5841.226629477732,478.6623617440597,1934.1702622999533,f_1,-0.9716162952985145,-1.4153475344577178,-1.2946134887997915
Gadus morhua,Teleostei,Gadiformes,Gadidae,Gadus,morhua,-0.5436339669999996,40.76924969557092,-3649.0699176841617,8221.372203174908,5841.226629477732,478.6623617440597,1934.1702622999533,f_1,-1.019309980716439,-1.422388313201784,-1.291127664869906
Gadus morhua,Teleostei,Gadiformes,Gadidae,Gadus,morhua,-0.5171264159999996,40.76924969557092,-3649.0699176841617,8221.372203174908,5841.226629477732,478.6623617440597,1934.1702622999533,f_1,-1.274088367704952,-1.3953773884961385,-1.326505769300681
Gadus morhua,Teleostei,Gadiformes,Gadidae,Gadus,morhua,-0.5003129169999997,40.76924969557092,-3649.0699176841617,8221.372203174908,5841.226629477732,478.6623617440597,1934.1702622999533,f_1,-1.1043074084867581,-1.3825795599624704,-1.313707940767013
Gadus morhua,Teleostei,Gadiformes,Gadidae,Gadus,morhua,-0.47625353299999973,40.69776232103897,-3649.0699176841617,8221.372203174908,5841.226629477732,478.6623617440597,1934.1702622999533,f_1,-0.7402999625992469,-1.344965991754656,-1.306754999362972
Gadus morhua,Teleostei,Gadiformes,Gadidae,Gadus,morhua,-0.45593195599999986,40.274047981413375,-3649.0699176841617,8221.372203174908,5841.226629477732,478.6623617440597,1934.1702622999533,f_1,-0.941827134676892,-1.2988509055085227,-1.23293142482384
Gadus morhua,Teleostei,Gadiformes,Gadidae,Gadus,morhua,-0.4522252949999996,40.69776232103897,-3649.0699176841617,8221.372203174908,5841.226629477732,478.6623617440597,1934.1702622999533,f_1,-0.9703051570107466,-1.343603800466631,-1.275322904217118
Gadus morhua,Teleostei,Gadiformes,Gadidae,Gadus,morhua,-0.4179366369999998,40.76924969557092,-3649.0699176841617,8221.372203174908,5841.226629477732,478.6623617440597,1934.1702622999533,f_1,-1.0799230751711402,-1.3137502555435578,-1.3034730486712807
Gadus morhua,Teleostei,Gadiformes,Gadidae,Gadus,morhua,-0.356547324,40.76924969557092,-3649.0699176841617,8221.372203174908,5841.226629477732,478.6623617440597,1934.1702622999533,f_1,-0.7982388400489268,-1.2684644912326335,-1.1846504446176096
Gadus morhua,Teleostei,Gadiformes,Gadidae,Gadus,morhua,-0.33348201899999946,40.69776232103897,-3649.0699176841617,8221.372203174908,5841.226629477732,478.6623617440597,1934.1702622999533,f_1,-0.739335110751526,-1.2288192823635609,-1.1630897964762346
Gadus morhua,Teleostei,Gadiformes,Gadidae,Gadus,morhua,-0.29242982399999967,40.274047981413375,-3649.0699176841617,8221.372203174908,5841.226629477732,478.6623617440597,1934.1702622999533,f_1,-0.7887904366073962,-1.1389879753179566,-1.0812080393006702
Gadus morhua,Teleostei,Gadiformes,Gadidae,Gadus,morhua,-0.28567023999999985,40.69776232103897,-3649.0699176841617,8221.372203174908,5841.226629477732,478.6623617440597,1934.1702622999533,f_1,-0.924992693701672,-1.1894989105480942,-1.1212757588067392
Gadus morhua,Teleostei,Gadiformes,Gadidae,Gadus,morhua,-0.28567023999999985,40.69776232103897,-3649.0699176841617,8221.372203174908,5841.226629477732,478.6623617440597,1934.1702622999533,f_1,-0.6705388400790461,-1.1894989105480942,-1.1212757588067392
Gadus morhua,Teleostei,Gadiformes,Gadidae,Gadus,morhua,-0.21395878999999987,40.69776232103897,-3649.0699176841617,8221.372203174908,5841.226629477732,478.6623617440597,1934.1702622999533,f_1,-0.5272232418384386,-1.139729359584673,-1.0771764360310532
Gadus morhua,Teleostei,Gadiformes,Gadidae,Gadus,morhua,-0.19044028500000001,40.69776232103897,-3649.0699176841617,8221.372203174908,5841.226629477732,478.6623617440597,1934.1702622999533,f_1,-0.5513967277835999,-1.1314344010336779,-1.0592749989561043
Gadus morhua,Teleostei,Gadiformes,Gadidae,Gadus,morhua,-0.15490195999999995,40.274047981413375,-3649.0699176841617,8221.372203174908,5841.226629477732,478.6623617440597,1934.1702622999533,f_1,-0.6900151616830925,-1.0459393789696947,-0.9875087779076481
Gadus morhua,Teleostei,Gadiformes,Gadidae,Gadus,morhua,-0.1426675039999995,40.69776232103897,-3649.0699176841617,8221.372203174908,5841.226629477732,478.6623617440597,1934.1702622999533,f_1,-0.8285660990569917,-1.0976976784357853,-1.0314157802921753
Gadus morhua,Teleostei,Gadiformes,Gadidae,Gadus,morhua,-0.0952844549999997,40.69776232103897,-3649.0699176841617,8221.372203174908,5841.226629477732,478.6623617440597,1934.1702622999533,f_1,-0.6421360596899125,-1.0961860836564425,-0.9115947693654933
Gadus morhua,Teleostei,Gadiformes,Gadidae,Gadus,morhua,-0.07160414799999977,40.69776232103897,-3649.0699176841617,8221.372203174908,5841.226629477732,478.6623617440597,1934.1702622999533,f_1,-0.8096807548966181,-1.0798251525209306,-0.8935701744485982
Gadus morhua,Teleostei,Gadiformes,Gadidae,Gadus,morhua,-0.02365002099999951,40.69776232103897,-3649.0699176841617,8221.372203174908,5841.226629477732,478.6623617440597,1934.1702622999533,f_1,-0.7095486164849868,-1.0413480412966512,-0.8570692239428321
Gadus morhua,Teleostei,Gadiformes,Gadidae,Gadus,morhua,0.0,40.69776232103897,-3649.0699176841617,8221.372203174908,5841.226629477732,478.6623617440597,1934.1702622999533,f_1,-0.661986438082849,-1.0403597665224162,-0.8669659746244636
Gadus morhua,Teleostei,Gadiformes,Gadidae,Gadus,morhua,0.04921802300000007,40.69776232103897,-3649.0699176841617,8221.372203174908,5841.226629477732,478.6623617440597,1934.1702622999533,f_1,-0.43153751670457496,-1.1241653828000402,-0.8818501082777825
Gadus morhua,Teleostei,Gadiformes,Gadidae,Gadus,morhua,0.05690485100000043,41.72197348856467,-3649.0699176841617,8221.372203174908,5841.226629477732,478.6623617440597,1934.1702622999533,f_1,-0.7622050067260775,-1.0391567999362894,-1.0620912385205152
Gadus morhua,Teleostei,Gadiformes,Gadidae,Gadus,morhua,0.06069784000000023,40.9852266496354,-3649.0699176841617,8221.372203174908,5841.226629477732,478.6623617440597,1934.1702622999533,f_1,-0.5860486311725003,-0.9257665891785044,-0.8699151908241132
Gadus morhua,Teleostei,Gadiformes,Gadidae,Gadus,morhua,0.1583624920000004,40.274047981413375,-3649.0699176841617,8221.372203174908,5841.226629477732,478.6623617440597,1934.1702622999533,f_1,-0.45247142354021785,-0.6399528949001583,-0.7502596287679832
Gadus morhua,Teleostei,Gadiformes,Gadidae,Gadus,morhua,0.19865708700000037,40.274047981413375,-3649.0699176841617,8221.372203174908,5841.226629477732,478.6623617440597,1934.1702622999533,f_1,-0.3194227754441462,-0.6397202134536217,-0.7195888375398398
Gadus morhua,Teleostei,Gadiformes,Gadidae,Gadus,morhua,0.3424226810000003,40.274047981413375,-3649.0699176841617,8221.372203174908,5841.226629477732,478.6623617440597,1934.1702622999533,f_1,-0.2164934355477677,-0.6172468770270788,-0.7120735559765626
Gadus morhua,Teleostei,Gadiformes,Gadidae,Gadus,morhua,0.3673559210000006,41.72197348856467,-3649.0699176841617,8221.372203174908,5841.226629477732,478.6623617440597,1934.1702622999533,f_1,-0.486516043295743,-0.8297340387979961,-0.9081515301362832
Gadus morhua,Teleostei,Gadiformes,Gadidae,Gadus,morhua,0.48144262900000057,40.9852266496354,-3649.0699176841617,8221.372203174908,5841.226629477732,478.6623617440597,1934.1702622999533,f_1,-0.18836914709250038,-0.6061653453334275,-0.5769713323602161
Girella nigricans,Teleostei,Perciformes,Kyphosidae,Girella,nigricans,-2.2518119730000037,39.5871292029482,-2756.047650778884,216.10347744287705,-1994.1446024056083,-588.522102691723,179.2283583714183,f_1,-2.214958675448642,-2.335030283684329,-2.318163789406979
Girella nigricans,Teleostei,Perciformes,Kyphosidae,Girella,nigricans,-1.3979400090000005,40.037836556302445,-2756.047650778884,216.10347744287705,-1994.1446024056083,-588.522102691723,179.2283583714183,f_1,-0.7236684646432426,-1.7558496848983933,-1.6539881080243137
Girella nigricans,Teleostei,Perciformes,Kyphosidae,Girella,nigricans,-1.1530446750000003,39.5871292029482,-2756.047650778884,216.10347744287705,-1994.1446024056083,-588.522102691723,179.2283583714183,f_1,-1.2915078023358726,-1.5090469439749001,-1.4732371985644124
Girella nigricans,Teleostei,Perciformes,Kyphosidae,Girella,nigricans,-0.6777807049999999,39.85906551895677,-2756.047650778884,216.10347744287705,-1994.1446024056083,-588.522102691723,179.2283583714183,f_1,-1.1535869878287766,-1.161143357059807,-1.0584703112528282
Girella nigricans,Teleostei,Perciformes,Kyphosidae,Girella,nigricans,-0.5900668769999997,39.5871292029482,-2756.047650778884,216.10347744287705,-1994.1446024056083,-588.522102691723,179.2283583714183,f_1,-1.0509816039334492,-1.072071253404246,-1.0166876721267841
Hippocampus hippocampus,Teleostei,Gasterosteiformes,Syngnathidae,Hippocampus,hippocampus,-2.756961951000021,39.29225300776795,-3649.0699176841617,8221.372203174908,5841.226629477732,478.6623617440597,1934.1702622999533,f_1,-2.767592963959315,-2.7041817007078635,-2.744540983375286
Hippocampus hippocampus,Teleostei,Gasterosteiformes,Syngnathidae,Hippocampus,hippocampus,-2.545155140000008,39.5871292029482,-3649.0699176841617,8221.372203174908,5841.226629477732,478.6623617440597,1934.1702622999533,f_1,-2.743272269158348,-2.592420609790822,-2.6053805720071965
Hippocampus hippocampus,Teleostei,Gasterosteiformes,Syngnathidae,Hippocampus,hippocampus,-2.508638306000009,39.5871292029482,-3649.0699176841617,8221.372203174908,5841.226629477732,478.6623617440597,1934.1702622999533,f_1,-2.7457567717699733,-2.5713365248569273,-2.577585276089053
Hippocampus hippocampus,Teleostei,Gasterosteiformes,Syngnathidae,Hippocampus,hippocampus,-2.508638306000009,38.92324979320565,-3649.0699176841617,8221.372203174908,5841.226629477732,478.6623617440597,1934.1702622999533,f_1,-2.553455055424539,-2.4642572004588374,-2.507950145652452
Hippocampus hippocampus,Teleostei,Gasterosteiformes,Syngnathidae,Hippocampus,hippocampus,-2.0,39.85906551895677,-3649.0699176841617,8221.372203174908,5841.226629477732,478.6623617440597,1934.1702622999533,f_1,-2.2997150237132016,-2.235862666101472,-2.2330920926813214
Katsuwonus pelamis,Teleostei,Perciformes,Scombridae,Katsuwonus,pelamis,-0.19928292199999967,39.12006379856485,-3649.0699176841617,8221.372203174908,5841.226629477732,478.6623617440597,1934.1702622999533,f_1,-0.28736836087260553,-0.6955183552219034,-0.7495866417343802
Katsuwonus pelamis,Teleostei,Perciformes,Scombridae,Katsuwonus,pelamis,0.1673173350000001,39.05423835047708,-3649.0699176841617,8221.372203174908,5841.226629477732,478.6623617440597,1934.1702622999533,f_1,0.4845538578516952,-0.4114222438142565,-0.4974936225446773
Katsuwonus pelamis,Teleostei,Perciformes,Scombridae,Katsuwonus,pelamis,0.17897694700000047,39.05423835047708,-3649.0699176841617,8221.372203174908,5841.226629477732,478.6623617440597,1934.1702622999533,f_1,0.6106570179916555,-0.40254736802872826,-0.48861874675914907
Katsuwonus pelamis,Teleostei,Perciformes,Scombridae,Katsuwonus,pelamis,0.18469143100000016,39.05423835047708,-3649.0699176841617,8221.372203174908,5841.226629477732,478.6623617440597,1934.1702622999533,f_1,0.5248950918097596,-0.3981977090796668,-0.4842690878100876
Katsuwonus pelamis,Teleostei,Perciformes,Scombridae,Katsuwonus,pelamis,0.1903316980000003,39.05423835047708,-3649.0699176841617,8221.372203174908,5841.226629477732,478.6623617440597,1934.1702622999533,f_1,0.5486650655213385,-0.40385548306757374,-0.4799759201624666
Katsuwonus pelamis,Teleostei,Perciformes,Scombridae,Katsuwonus,pelamis,0.20411998300000028,39.05423835047708,-3649.0699176841617,8221.372203174908,5841.226629477732,478.6623617440597,1934.1702622999533,f_1,0.7959813104125534,-0.39336033823166844,-0.4694807753265613
Katsuwonus pelamis,Teleostei,Perciformes,Scombridae,Katsuwonus,pelamis,0.24054924800000055,39.05423835047708,-3649.0699176841617,8221.372203174908,5841.226629477732,478.6623617440597,1934.1702622999533,f_1,0.7150398783590097,-0.3679641041822489,-0.44175213377029987
Katsuwonus pelamis,Teleostei,Perciformes,Scombridae,Katsuwonus,pelamis,0.5836521090000003,39.12006379856485,-3649.0699176841617,8221.372203174908,5841.226629477732,478.6623617440597,1934.1702622999533,f_1,0.6504686293453791,-0.15400420947566565,-0.2256900082248523
Labeo calbasu,Teleostei,Cypriniformes,Cyprinidae,Labeo,calbasu,-4.0,38.5995906397614,-3373.757546678929,5449.495628100146,2918.0786935949145,-65.46878555213755,-4366.756910074552,f_1,-3.5652066975034002,-3.5456929683078453,-3.4549297750721655
Labeo calbasu,Teleostei,Cypriniformes,Cyprinidae,Labeo,calbasu,-4.0,38.5995906397614,-3373.757546678929,5449.495628100146,2918.0786935949145,-65.46878555213755,-4366.756910074552,f_1,-3.5072147472009876,-3.5456929683078453,-3.4549297750721655
Labeo calbasu,Teleostei,Cypriniformes,Cyprinidae,Labeo,calbasu,-3.9208187540001473,38.5995906397614,-3373.757546678929,5449.495628100146,2918.0786935949145,-65.46878555213755,-4366.756910074552,f_1,-3.505048685637439,-3.5002486086824005,-3.4172983536028436
Labeo calbasu,Teleostei,Cypriniformes,Cyprinidae,Labeo,calbasu,-3.823908741000198,38.5995906397614,-3373.757546678929,5449.495628100146,2918.0786935949145,-65.46878555213755,-4366.756910074552,f_1,-3.408138674173193,-3.4281882359658167,-3.366437950976702
Labeo calbasu,Teleostei,Cypriniformes,Cyprinidae,Labeo,calbasu,-3.7212463990000844,38.5995906397614,-3373.757546678929,5449.495628100146,2918.0786935949145,-65.46878555213755,-4366.756910074552,f_1,-3.332210581096929,-3.343203721700997,-3.2398847631852155
Labeo calbasu,Teleostei,Cypriniformes,Cyprinidae,Labeo,calbasu,-3.6382721640001567,38.5995906397614,-3373.757546678929,5449.495628100146,2918.0786935949145,-65.46878555213755,-4366.756910074552,f_1,-3.2704256461052394,-3.282981837260586,-3.1942035543912084
Labeo calbasu,Teleostei,Cypriniformes,Cyprinidae,Labeo,calbasu,-3.5850266520001175,38.5995906397614,-3373.757546678929,5449.495628100146,2918.0786935949145,-65.46878555213755,-4366.756910074552,f_1,-4.156482285841851,-3.242453275492219,-3.1466551747937093
Labeo calbasu,Teleostei,Cypriniformes,Cyprinidae,Labeo,calbasu,-3.5228787450000727,38.5995906397614,-3373.757546678929,5449.495628100146,2918.0786935949145,-65.46878555213755,-4366.756910074552,f_1,-4.177308626295829,-3.1951485319933837,-3.109486797185377
Labeobarbus aeneus,Teleostei,Cypriniformes,Cyprinidae,Labeobarbus,aeneus,-2.1307682800000016,40.9852266496354,-3373.757546678929,5449.495628100146,2918.0786935949145,-65.46878555213755,-4366.756910074552,f_1,-2.5916830079700963,-2.573345259223745,-2.4548065357047184
Labeobarbus aeneus,Teleostei,Cypriniformes,Cyprinidae,Labeobarbus,aeneus,-2.1307682800000016,40.274047981413375,-3373.757546678929,5449.495628100146,2918.0786935949145,-65.46878555213755,-4366.756910074552,f_1,-2.407534106029999,-2.451454688554712,-2.357224841424628
Labeobarbus aeneus,Teleostei,Cypriniformes,Cyprinidae,Labeobarbus,aeneus,-2.1307682800000016,39.5871292029482,-3373.757546678929,5449.495628100146,2918.0786935949145,-65.46878555213755,-4366.756910074552,f_1,-2.278621924565325,-2.232630734853706,-2.189545141389763
Labeobarbus aeneus,Teleostei,Cypriniformes,Cyprinidae,Labeobarbus,aeneus,-2.1307682800000016,38.92324979320565,-3373.757546678929,5449.495628100146,2918.0786935949145,-65.46878555213755,-4366.756910074552,f_1,-2.179345178216393,-2.1123685314592957,-2.1130290188609697
Labeobarbus aeneus,Teleostei,Cypriniformes,Cyprinidae,Labeobarbus,aeneus,-1.9030899870000006,40.9852266496354,-3373.757546678929,5449.495628100146,2918.0786935949145,-65.46878555213755,-4366.756910074552,f_1,-2.432581128495717,-2.4539713419720233,-2.303290193978361
Labeobarbus aeneus,Teleostei,Cypriniformes,Cyprinidae,Labeobarbus,aeneus,-1.9030899870000006,40.274047981413375,-3373.757546678929,5449.495628100146,2918.0786935949145,-65.46878555213755,-4366.756910074552,f_1,-2.2603162773855847,-2.324635611981139,-2.2124553145173236
Labeobarbus aeneus,Teleostei,Cypriniformes,Cyprinidae,Labeobarbus,aeneus,-1.9030899870000006,39.5871292029482,-3373.757546678929,5449.495628100146,2918.0786935949145,-65.46878555213755,-4366.756910074552,f_1,-2.134417773552558,-2.0882158422987556,-2.0478406480654296
Labeobarbus aeneus,Teleostei,Cypriniformes,Cyprinidae,Labeobarbus,aeneus,-1.9030899870000006,38.92324979320565,-3373.757546678929,5449.495628100146,2918.0786935949145,-65.46878555213755,-4366.756910074552,f_1,-2.039236871624021,-1.9794805514397762,-1.9682302956894429
Labeobarbus aeneus,Teleostei,Cypriniformes,Cyprinidae,Labeobarbus,aeneus,-1.7258421510000015,40.9852266496354,-3373.757546678929,5449.495628100146,2918.0786935949145,-65.46878555213755,-4366.756910074552,f_1,-2.4201435407230405,-2.3151885839968345,-2.1658645836492916
Labeobarbus aeneus,Teleostei,Cypriniformes,Cyprinidae,Labeobarbus,aeneus,-1.7258421510000015,40.274047981413375,-3373.757546678929,5449.495628100146,2918.0786935949145,-65.46878555213755,-4366.756910074552,f_1,-2.181904375031366,-2.1881734955957763,-2.0750297053524074
Labeobarbus aeneus,Teleostei,Cypriniformes,Cyprinidae,Labeobarbus,aeneus,-1.7258421510000015,39.5871292029482,-3373.757546678929,5449.495628100146,2918.0786935949145,-65.46878555213755,-4366.756910074552,f_1,-2.0122952437821437,-1.9655600590010582,-1.9058785934150848
Labeobarbus aeneus,Teleostei,Cypriniformes,Cyprinidae,Labeobarbus,aeneus,-1.7258421510000015,38.92324979320565,-3373.757546678929,5449.495628100146,2918.0786935949145,-65.46878555213755,-4366.756910074552,f_1,-1.8832938536403823,-1.8591240567590515,-1.8329048457058084
Labeobarbus aeneus,Teleostei,Cypriniformes,Cyprinidae,Labeobarbus,aeneus,-1.4828041020000013,40.9852266496354,-3373.757546678929,5449.495628100146,2918.0786935949145,-65.46878555213755,-4366.756910074552,f_1,-2.2118675987493983,-2.1615354826406437,-1.9867738489357274
Labeobarbus aeneus,Teleostei,Cypriniformes,Cyprinidae,Labeobarbus,aeneus,-1.4828041020000013,40.274047981413375,-3373.757546678929,5449.495628100146,2918.0786935949145,-65.46878555213755,-4366.756910074552,f_1,-1.984623817028008,-2.0363490098953636,-1.8919295042533746
Labeobarbus aeneus,Teleostei,Cypriniformes,Cyprinidae,Labeobarbus,aeneus,-1.4828041020000013,39.5871292029482,-3373.757546678929,5449.495628100146,2918.0786935949145,-65.46878555213755,-4366.756910074552,f_1,-1.8212268285590865,-1.783220600114606,-1.7292751810170948
Labeobarbus aeneus,Teleostei,Cypriniformes,Cyprinidae,Labeobarbus,aeneus,-1.4828041020000013,38.92324979320565,-3373.757546678929,5449.495628100146,2918.0786935949145,-65.46878555213755,-4366.756910074552,f_1,-1.697209183573072,-1.6757192142573836,-1.6512457002827443
Labeobarbus aeneus,Teleostei,Cypriniformes,Cyprinidae,Labeobarbus,aeneus,-1.2069084,40.9852266496354,-3373.757546678929,5449.495628100146,2918.0786935949145,-65.46878555213755,-4366.756910074552,f_1,-2.037429537001693,-1.9572912035689545,-1.7757374508816717
Labeobarbus aeneus,Teleostei,Cypriniformes,Cyprinidae,Labeobarbus,aeneus,-1.2069084,40.274047981413375,-3373.757546678929,5449.495628100146,2918.0786935949145,-65.46878555213755,-4366.756910074552,f_1,-1.791138331023656,-1.8332223867774848,-1.6808931050351663
Labeobarbus aeneus,Teleostei,Cypriniformes,Cyprinidae,Labeobarbus,aeneus,-1.2069084,39.5871292029482,-3373.757546678929,5449.495628100146,2918.0786935949145,-65.46878555213755,-4366.756910074552,f_1,-1.6128917599374086,-1.5732187505666912,-1.509233212178828
Labeobarbus aeneus,Teleostei,Cypriniformes,Cyprinidae,Labeobarbus,aeneus,-1.2069084,38.92324979320565,-3373.757546678929,5449.495628100146,2918.0786935949145,-65.46878555213755,-4366.756910074552,f_1,-1.4741983334381934,-1.465717364709469,-1.4333571690291165
Labeobarbus aeneus,Teleostei,Cypriniformes,Cyprinidae,Labeobarbus,aeneus,-0.842543232,40.9852266496354,-3373.757546678929,5449.495628100146,2918.0786935949145,-65.46878555213755,-4366.756910074552,f_1,-1.8378746178407275,-1.688951259611064,-1.4634735261526084
Labeobarbus aeneus,Teleostei,Cypriniformes,Cyprinidae,Labeobarbus,aeneus,-0.842543232,40.274047981413375,-3373.757546678929,5449.495628100146,2918.0786935949145,-65.46878555213755,-4366.756910074552,f_1,-1.553877961382507,-1.5811145240117095,-1.3686291751838284
Labeobarbus aeneus,Teleostei,Cypriniformes,Cyprinidae,Labeobarbus,aeneus,-0.842543232,39.5871292029482,-3373.757546678929,5449.495628100146,2918.0786935949145,-65.46878555213755,-4366.756910074552,f_1,-1.3497579787697702,-1.2922088805392926,-1.1965260244703764
Labeobarbus aeneus,Teleostei,Cypriniformes,Cyprinidae,Labeobarbus,aeneus,-0.842543232,38.92324979320565,-3373.757546678929,5449.495628100146,2918.0786935949145,-65.46878555213755,-4366.756910074552,f_1,-1.1921501252484952,-1.2025383971357844,-1.1281320108182882
Labeobarbus aeneus,Teleostei,Cypriniformes,Cyprinidae,Labeobarbus,aeneus,-0.48744900699999977,40.9852266496354,-3373.757546678929,5449.495628100146,2918.0786935949145,-65.46878555213755,-4366.756910074552,f_1,-1.6673048195563827,-1.617677443916815,-1.239929798861448
Labeobarbus aeneus,Teleostei,Cypriniformes,Cyprinidae,Labeobarbus,aeneus,-0.48744900699999977,40.274047981413375,-3373.757546678929,5449.495628100146,2918.0786935949145,-65.46878555213755,-4366.756910074552,f_1,-1.2745044505928325,-1.4703518306825478,-1.1348650075552336
Labeobarbus aeneus,Teleostei,Cypriniformes,Cyprinidae,Labeobarbus,aeneus,-0.48744900699999977,39.5871292029482,-3373.757546678929,5449.495628100146,2918.0786935949145,-65.46878555213755,-4366.756910074552,f_1,-0.9892687220061592,-1.0396205795055904,-0.9565099063263474
Labeobarbus aeneus,Teleostei,Cypriniformes,Cyprinidae,Labeobarbus,aeneus,-0.48744900699999977,38.92324979320565,-3373.757546678929,5449.495628100146,2918.0786935949145,-65.46878555213755,-4366.756910074552,f_1,-0.7706489425832395,-0.9417937411044398,-0.8975950279491463
Lepomis macrochirus,Teleostei,Perciformes,Centrarchidae,Lepomis,macrochirus,-2.3526170300000087,39.31887828508983,-2756.047650778884,216.10347744287705,-1994.1446024056083,-588.522102691723,179.2283583714183,f_1,-2.260494643674037,-2.358599841259502,-2.35429316627662
Lepomis macrochirus,Teleostei,Perciformes,Centrarchidae,Lepomis,macrochirus,-2.3010299960000036,38.92324979320565,-2756.047650778884,216.10347744287705,-1994.1446024056083,-588.522102691723,179.2283583714183,f_1,-2.234213475033742,-2.242986937932184,-2.2346225360236627
Lepomis macrochirus,Teleostei,Perciformes,Centrarchidae,Lepomis,macrochirus,-2.2291479880000047,38.92324979320565,-2756.047650778884,216.10347744287705,-1994.1446024056083,-588.522102691723,179.2283583714183,f_1,-2.234619005791008,-2.1905059262750823,-2.1863297769421024
Lepomis macrochirus,Teleostei,Perciformes,Centrarchidae,Lepomis,macrochirus,-2.221848750000005,38.92324979320565,-2756.047650778884,216.10347744287705,-1994.1446024056083,-588.522102691723,179.2283583714183,f_1,-2.0489547094692506,-2.1849500097849797,-2.1807738604519997
Lepomis macrochirus,Teleostei,Perciformes,Centrarchidae,Lepomis,macrochirus,-2.2146701650000047,38.92324979320565,-2756.047650778884,216.10347744287705,-1994.1446024056083,-588.522102691723,179.2283583714183,f_1,-2.0121910420436118,-2.1794859300033487,-2.1753097806703687
Lepomis macrochirus,Teleostei,Perciformes,Centrarchidae,Lepomis,macrochirus,-2.206908400000005,38.92324979320565,-2756.047650778884,216.10347744287705,-1994.1446024056083,-588.522102691723,179.2283583714183,f_1,-1.9787238766789772,-2.17357795465636,-2.16940180532338
Lepomis macrochirus,Teleostei,Perciformes,Centrarchidae,Lepomis,macrochirus,-2.167491087000002,38.92324979320565,-2756.047650778884,216.10347744287705,-1994.1446024056083,-588.522102691723,179.2283583714183,f_1,-2.030021115846716,-2.1435749188199784,-2.110278964985465
Lepomis macrochirus,Teleostei,Perciformes,Centrarchidae,Lepomis,macrochirus,-2.1549019600000006,37.66012307591843,-2756.047650778884,216.10347744287705,-1994.1446024056083,-588.522102691723,179.2283583714183,f_1,-2.319694025860709,-1.9875710345840285,-1.9183287841421892
Lepomis macrochirus,Teleostei,Perciformes,Centrarchidae,Lepomis,macrochirus,-2.1487416510000035,38.92324979320565,-2756.047650778884,216.10347744287705,-1994.1446024056083,-588.522102691723,179.2283583714183,f_1,-2.030129684934287,-2.1293035249220775,-2.096007571087564
Lepomis macrochirus,Teleostei,Perciformes,Centrarchidae,Lepomis,macrochirus,-2.136677140000004,38.92324979320565,-2756.047650778884,216.10347744287705,-1994.1446024056083,-588.522102691723,179.2283583714183,f_1,-2.457076762023901,-2.1163327838798884,-2.086824500798593
Lepomis macrochirus,Teleostei,Perciformes,Centrarchidae,Lepomis,macrochirus,-2.136677140000004,38.92324979320565,-2756.047650778884,216.10347744287705,-1994.1446024056083,-588.522102691723,179.2283583714183,f_1,-2.012955767777005,-2.1163327838798884,-2.086824500798593
Lepomis macrochirus,Teleostei,Perciformes,Centrarchidae,Lepomis,macrochirus,-2.096910013,38.92324979320565,-2756.047650778884,216.10347744287705,-1994.1446024056083,-588.522102691723,179.2283583714183,f_1,-2.383363105942193,-2.086544080362607,-2.024073633100892
Lepomis macrochirus,Teleostei,Perciformes,Centrarchidae,Lepomis,macrochirus,-2.096910013,37.66012307591843,-2756.047650778884,216.10347744287705,-1994.1446024056083,-588.522102691723,179.2283583714183,f_1,-2.223913518093321,-1.948928271861198,-1.8417058487596714
Lepomis macrochirus,Teleostei,Perciformes,Centrarchidae,Lepomis,macrochirus,-2.096910013,38.92324979320565,-2756.047650778884,216.10347744287705,-1994.1446024056083,-588.522102691723,179.2283583714183,f_1,-2.1550322289171615,-2.086544080362607,-2.024073633100892
Lepomis macrochirus,Teleostei,Perciformes,Centrarchidae,Lepomis,macrochirus,-2.0404816230000002,39.5871292029482,-2756.047650778884,216.10347744287705,-1994.1446024056083,-588.522102691723,179.2283583714183,f_1,-2.228069885821659,-2.176521546560275,-2.1608454308372913
Lepomis macrochirus,Teleostei,Perciformes,Centrarchidae,Lepomis,macrochirus,-2.0,38.92324979320565,-2756.047650778884,216.10347744287705,-1994.1446024056083,-588.522102691723,179.2283583714183,f_1,-2.2007897193629096,-2.0456967856344823,-2.037161057098629
Lepomis macrochirus,Teleostei,Perciformes,Centrarchidae,Lepomis,macrochirus,-2.0,38.28126975373334,-2756.047650778884,216.10347744287705,-1994.1446024056083,-588.522102691723,179.2283583714183,f_1,-2.0300934922226626,-1.9967795081524964,-2.0158502231843745
Lepomis macrochirus,Teleostei,Perciformes,Centrarchidae,Lepomis,macrochirus,-1.9829666610000016,38.28126975373334,-2756.047650778884,216.10347744287705,-1994.1446024056083,-588.522102691723,179.2283583714183,f_1,-2.3679655295730084,-1.9838143453462405,-2.0028850603781185
Lepomis macrochirus,Teleostei,Perciformes,Centrarchidae,Lepomis,macrochirus,-1.9423338960000034,39.5871292029482,-2756.047650778884,216.10347744287705,-1994.1446024056083,-588.522102691723,179.2283583714183,f_1,-2.222304861528885,-2.1121676079899987,-2.1030137661605686
Lepomis macrochirus,Teleostei,Perciformes,Centrarchidae,Lepomis,macrochirus,-1.91721463,38.92324979320565,-2756.047650778884,216.10347744287705,-1994.1446024056083,-588.522102691723,179.2283583714183,f_1,-2.327519363684068,-1.9826835502361702,-1.9657529731449905
Lepomis macrochirus,Teleostei,Perciformes,Centrarchidae,Lepomis,macrochirus,-1.8992849130000011,39.51972390888562,-2756.047650778884,216.10347744287705,-1994.1446024056083,-588.522102691723,179.2283583714183,f_1,-2.0567366164128766,-2.067059042379633,-2.05683265608417
Lepomis macrochirus,Teleostei,Perciformes,Centrarchidae,Lepomis,macrochirus,-1.823908741000001,38.92324979320565,-2756.047650778884,216.10347744287705,-1994.1446024056083,-588.522102691723,179.2283583714183,f_1,-2.110361833761795,-1.9140933635578343,-1.9137313483444414
Lepomis macrochirus,Teleostei,Perciformes,Centrarchidae,Lepomis,macrochirus,-1.823908741000001,37.66012307591843,-2756.047650778884,216.10347744287705,-1994.1446024056083,-588.522102691723,179.2283583714183,f_1,-1.9509122462181365,-1.7723047568235006,-1.735294505227319
Lepomis macrochirus,Teleostei,Perciformes,Centrarchidae,Lepomis,macrochirus,-1.7022394890000012,39.45254776761606,-2756.047650778884,216.10347744287705,-1994.1446024056083,-588.522102691723,179.2283583714183,f_1,-1.836082418586015,-1.9072223794032814,-1.8912665579050498
Lepomis macrochirus,Teleostei,Perciformes,Centrarchidae,Lepomis,macrochirus,-1.6341377850000016,39.33220445973314,-2756.047650778884,216.10347744287705,-1994.1446024056083,-588.522102691723,179.2283583714183,f_1,-1.7749295742465547,-1.8346242172403058,-1.8444401516713806
Lepomis macrochirus,Teleostei,Perciformes,Centrarchidae,Lepomis,macrochirus,-1.6270879970000007,39.62768286100141,-2756.047650778884,216.10347744287705,-1994.1446024056083,-588.522102691723,179.2283583714183,f_1,-1.7968434825849888,-1.879288998624589,-1.8394926997076297
Lepomis macrochirus,Teleostei,Perciformes,Centrarchidae,Lepomis,macrochirus,-1.5751183630000014,39.72263195565382,-2756.047650778884,216.10347744287705,-1994.1446024056083,-588.522102691723,179.2283583714183,f_1,-1.8300870597275887,-1.8489976594127082,-1.8217270756010462
Lepomis macrochirus,Teleostei,Perciformes,Centrarchidae,Lepomis,macrochirus,-1.345823458,38.92324979320565,-2756.047650778884,216.10347744287705,-1994.1446024056083,-588.522102691723,179.2283583714183,f_1,-2.0318523222970675,-1.551693676790873,-1.5260006390672627
Lepomis macrochirus,Teleostei,Perciformes,Centrarchidae,Lepomis,macrochirus,-1.3280869880000001,39.64121921723061,-2756.047650778884,216.10347744287705,-1994.1446024056083,-588.522102691723,179.2283583714183,f_1,-1.6112869231160973,-1.650235979362492,-1.6007702286886756
Lepomis macrochirus,Teleostei,Perciformes,Centrarchidae,Lepomis,macrochirus,-1.2920893340000001,39.18611151728605,-2756.047650778884,216.10347744287705,-1994.1446024056083,-588.522102691723,179.2283583714183,f_1,-1.4693979578095677,-1.550860746994586,-1.5277977658232553
Lepomis macrochirus,Teleostei,Perciformes,Centrarchidae,Lepomis,macrochirus,-1.2520446930000004,40.71203973283376,-2756.047650778884,216.10347744287705,-1994.1446024056083,-588.522102691723,179.2283583714183,f_1,-1.5131303143583066,-1.7674256091406575,-1.7821083739196448
Lepomis macrochirus,Teleostei,Perciformes,Centrarchidae,Lepomis,macrochirus,-1.2080287990000003,41.07225951457888,-2756.047650778884,216.10347744287705,-1994.1446024056083,-588.522102691723,179.2283583714183,f_1,-1.6054963081302156,-1.7879332829976726,-1.7482332913031466
Lepomis macrochirus,Teleostei,Perciformes,Centrarchidae,Lepomis,macrochirus,-1.194023649,40.69776232103897,-2756.047650778884,216.10347744287705,-1994.1446024056083,-588.522102691723,179.2283583714183,f_1,-1.7718194705225951,-1.7129988042990103,-1.733074971463272
Lepomis macrochirus,Teleostei,Perciformes,Centrarchidae,Lepomis,macrochirus,-1.1870198340000002,40.9852266496354,-2756.047650778884,216.10347744287705,-1994.1446024056083,-588.522102691723,179.2283583714183,f_1,-1.470219769507786,-1.756881544207373,-1.7535330554231228
Lepomis macrochirus,Teleostei,Perciformes,Centrarchidae,Lepomis,macrochirus,-1.174054857,41.21813861070597,-2756.047650778884,216.10347744287705,-1994.1446024056083,-588.522102691723,179.2283583714183,f_1,-1.3125179841665506,-1.7764479522233656,-1.7497871366713669
Lepomis macrochirus,Teleostei,Perciformes,Centrarchidae,Lepomis,macrochirus,-1.1670442490000004,41.10135266812205,-2756.047650778884,216.10347744287705,-1994.1446024056083,-588.522102691723,179.2283583714183,f_1,-1.3367997350154386,-1.7560941882561252,-1.722958756136
Lepomis macrochirus,Teleostei,Perciformes,Centrarchidae,Lepomis,macrochirus,-1.1670442490000004,40.69776232103897,-2756.047650778884,216.10347744287705,-1994.1446024056083,-588.522102691723,179.2283583714183,f_1,-1.329375716923798,-1.6924630588755716,-1.7158973147064065
Lepomis macrochirus,Teleostei,Perciformes,Centrarchidae,Lepomis,macrochirus,-1.1670442490000004,38.98863405289522,-2756.047650778884,216.10347744287705,-1994.1446024056083,-588.522102691723,179.2283583714183,f_1,-1.0588350435154195,-1.4252271948011996,-1.3939210014145758
Lepomis macrochirus,Teleostei,Perciformes,Centrarchidae,Lepomis,macrochirus,-1.155026062,40.71203973283376,-2756.047650778884,216.10347744287705,-1994.1446024056083,-588.522102691723,179.2283583714183,f_1,-1.8493274520419378,-1.6854145332292547,-1.7044107536371536
Lepomis macrochirus,Teleostei,Perciformes,Centrarchidae,Lepomis,macrochirus,-1.155026062,39.027970155857616,-2756.047650778884,216.10347744287705,-1994.1446024056083,-588.522102691723,179.2283583714183,f_1,-1.3504869476789547,-1.422494775641858,-1.3904337719238464
Lepomis macrochirus,Teleostei,Perciformes,Centrarchidae,Lepomis,macrochirus,-1.137034241,40.71203973283376,-2756.047650778884,216.10347744287705,-1994.1446024056083,-588.522102691723,179.2283583714183,f_1,-1.2848878852080792,-1.6731268699151143,-1.6907160289301515
Lepomis macrochirus,Teleostei,Perciformes,Centrarchidae,Lepomis,macrochirus,-1.125054564,40.71203973283376,-2756.047650778884,216.10347744287705,-1994.1446024056083,-588.522102691723,179.2283583714183,f_1,-1.2520580692382335,-1.6640083722047494,-1.6847138019798609
Lepomis macrochirus,Teleostei,Perciformes,Centrarchidae,Lepomis,macrochirus,-1.125054564,40.71203973283376,-2756.047650778884,216.10347744287705,-1994.1446024056083,-588.522102691723,179.2283583714183,f_1,-1.2475575679182278,-1.6640083722047494,-1.6847138019798609
Lepomis macrochirus,Teleostei,Perciformes,Centrarchidae,Lepomis,macrochirus,-1.1080167690000002,40.28802959848728,-2756.047650778884,216.10347744287705,-1994.1446024056083,-588.522102691723,179.2283583714183,f_1,-1.4501356412973856,-1.5589529247803955,-1.5420694556872372
Lepomis macrochirus,Teleostei,Perciformes,Centrarchidae,Lepomis,macrochirus,-1.1080167690000002,39.79073178756819,-2756.047650778884,216.10347744287705,-1994.1446024056083,-588.522102691723,179.2283583714183,f_1,-1.2982134150248001,-1.4948677686374832,-1.4124607915689353
Lepomis macrochirus,Teleostei,Perciformes,Centrarchidae,Lepomis,macrochirus,-1.0970186000000002,40.71203973283376,-2756.047650778884,216.10347744287705,-1994.1446024056083,-588.522102691723,179.2283583714183,f_1,-1.4245379637613858,-1.6367748701757447,-1.6615385932370808
Lepomis macrochirus,Teleostei,Perciformes,Centrarchidae,Lepomis,macrochirus,-1.0970186000000002,40.654990106303245,-2756.047650778884,216.10347744287705,-1994.1446024056083,-588.522102691723,179.2283583714183,f_1,-1.2472519461618223,-1.6045376885471838,-1.6084076403434031
Lepomis macrochirus,Teleostei,Perciformes,Centrarchidae,Lepomis,macrochirus,-1.0910862600000002,40.30202092670346,-2756.047650778884,216.10347744287705,-1994.1446024056083,-588.522102691723,179.2283583714183,f_1,-1.5191197608676057,-1.5481232525403046,-1.5312397834471463
Lepomis macrochirus,Teleostei,Perciformes,Centrarchidae,Lepomis,macrochirus,-1.056011125,39.72263195565382,-2756.047650778884,216.10347744287705,-1994.1446024056083,-588.522102691723,179.2283583714183,f_1,-1.4663158587925398,-1.4524114449244434,-1.4084708355885438
Lepomis macrochirus,Teleostei,Perciformes,Centrarchidae,Lepomis,macrochirus,-1.046047117,39.68188382918195,-2756.047650778884,216.10347744287705,-1994.1446024056083,-588.522102691723,179.2283583714183,f_1,-1.283165582269232,-1.4410736009904936,-1.3882096812474989
Lepomis macrochirus,Teleostei,Perciformes,Centrarchidae,Lepomis,macrochirus,-1.046047117,40.28802959848728,-2756.047650778884,216.10347744287705,-1994.1446024056083,-588.522102691723,179.2283583714183,f_1,-1.2632272523196235,-1.5196481151391987,-1.4957390457132405
Lepomis macrochirus,Teleostei,Perciformes,Centrarchidae,Lepomis,macrochirus,-1.018000286,39.99643951695421,-2756.047650778884,216.10347744287705,-1994.1446024056083,-588.522102691723,179.2283583714183,f_1,-1.1803317533918503,-1.4563126128792425,-1.3587543482689743
Lepomis macrochirus,Teleostei,Perciformes,Centrarchidae,Lepomis,macrochirus,-1.0,41.57251272020155,-2756.047650778884,216.10347744287705,-1994.1446024056083,-588.522102691723,179.2283583714183,f_1,-1.4103047338825505,-1.664869649317203,-1.666261633136729
Lepomis macrochirus,Teleostei,Perciformes,Centrarchidae,Lepomis,macrochirus,-1.0,40.9852266496354,-2756.047650778884,216.10347744287705,-1994.1446024056083,-588.522102691723,179.2283583714183,f_1,-1.3099341887551366,-1.601817839873261,-1.6189770728804465
Lepomis macrochirus,Teleostei,Perciformes,Centrarchidae,Lepomis,macrochirus,-1.0,38.92324979320565,-2756.047650778884,216.10347744287705,-1994.1446024056083,-588.522102691723,179.2283583714183,f_1,-1.083968872824994,-1.287186092670546,-1.2645218287695523
Lepomis macrochirus,Teleostei,Perciformes,Centrarchidae,Lepomis,macrochirus,-0.9830084220000004,40.654990106303245,-2756.047650778884,216.10347744287705,-1994.1446024056083,-588.522102691723,179.2283583714183,f_1,-1.3762798163627876,-1.5248052034602888,-1.5292229037507907
Lepomis macrochirus,Teleostei,Perciformes,Centrarchidae,Lepomis,macrochirus,-0.9749810280000005,40.274047981413375,-2756.047650778884,216.10347744287705,-1994.1446024056083,-588.522102691723,179.2283583714183,f_1,-1.3985140273479346,-1.4626830756897846,-1.4463473476403284
Lepomis macrochirus,Teleostei,Perciformes,Centrarchidae,Lepomis,macrochirus,-0.928117993,38.92324979320565,-2756.047650778884,216.10347744287705,-1994.1446024056083,-588.522102691723,179.2283583714183,f_1,-1.333971084000282,-1.2324721036167547,-1.2079117638113916
Lepomis macrochirus,Teleostei,Perciformes,Centrarchidae,Lepomis,macrochirus,-0.928117993,38.92324979320565,-2756.047650778884,216.10347744287705,-1994.1446024056083,-588.522102691723,179.2283583714183,f_1,-1.3254552330777523,-1.2324721036167547,-1.2079117638113916
Lepomis macrochirus,Teleostei,Perciformes,Centrarchidae,Lepomis,macrochirus,-0.928117993,38.92324979320565,-2756.047650778884,216.10347744287705,-1994.1446024056083,-588.522102691723,179.2283583714183,f_1,-1.3129865925181539,-1.2324721036167547,-1.2079117638113916
Lepomis macrochirus,Teleostei,Perciformes,Centrarchidae,Lepomis,macrochirus,-0.928117993,38.92324979320565,-2756.047650778884,216.10347744287705,-1994.1446024056083,-588.522102691723,179.2283583714183,f_1,-1.3089086800977143,-1.2324721036167547,-1.2079117638113916
Lepomis macrochirus,Teleostei,Perciformes,Centrarchidae,Lepomis,macrochirus,-0.928117993,38.92324979320565,-2756.047650778884,216.10347744287705,-1994.1446024056083,-588.522102691723,179.2283583714183,f_1,-1.1623314676995626,-1.2324721036167547,-1.2079117638113916
Lepomis macrochirus,Teleostei,Perciformes,Centrarchidae,Lepomis,macrochirus,-0.8761483589999999,38.28126975373334,-2756.047650778884,216.10347744287705,-1994.1446024056083,-588.522102691723,179.2283583714183,f_1,-1.5874830885747804,-1.142610213065277,-1.13547163997794
Lepomis macrochirus,Teleostei,Perciformes,Centrarchidae,Lepomis,macrochirus,-0.8761483589999999,38.92324979320565,-2756.047650778884,216.10347744287705,-1994.1446024056083,-588.522102691723,179.2283583714183,f_1,-1.2611472276583542,-1.1898484392382658,-1.1565463016631428
Lepomis macrochirus,Teleostei,Perciformes,Centrarchidae,Lepomis,macrochirus,-0.8761483589999999,40.55553704645907,-2756.047650778884,216.10347744287705,-1994.1446024056083,-588.522102691723,179.2283583714183,f_1,-1.1403250573392172,-1.424561309609401,-1.391884435538197
Lepomis macrochirus,Teleostei,Perciformes,Centrarchidae,Lepomis,macrochirus,-0.8745187339999998,40.55553704645907,-2756.047650778884,216.10347744287705,-1994.1446024056083,-588.522102691723,179.2283583714183,f_1,-1.5772532920781412,-1.4233208978828367,-1.3906440238116327
Lepomis macrochirus,Teleostei,Perciformes,Centrarchidae,Lepomis,macrochirus,-0.8745187339999998,40.55553704645907,-2756.047650778884,216.10347744287705,-1994.1446024056083,-588.522102691723,179.2283583714183,f_1,-1.5605475985598096,-1.4233208978828367,-1.3906440238116327
Lepomis macrochirus,Teleostei,Perciformes,Centrarchidae,Lepomis,macrochirus,-0.8745187339999998,40.55553704645907,-2756.047650778884,216.10347744287705,-1994.1446024056083,-588.522102691723,179.2283583714183,f_1,-1.5213954746037113,-1.4233208978828367,-1.3906440238116327
Lepomis macrochirus,Teleostei,Perciformes,Centrarchidae,Lepomis,macrochirus,-0.8745187339999998,38.92324979320565,-2756.047650778884,216.10347744287705,-1994.1446024056083,-588.522102691723,179.2283583714183,f_1,-1.2848234681842814,-1.1886080275117015,-1.1553058899365785
Lepomis macrochirus,Teleostei,Perciformes,Centrarchidae,Lepomis,macrochirus,-0.8745187339999998,38.92324979320565,-2756.047650778884,216.10347744287705,-1994.1446024056083,-588.522102691723,179.2283583714183,f_1,-1.2677901289141087,-1.1886080275117015,-1.1553058899365785
Lepomis macrochirus,Teleostei,Perciformes,Centrarchidae,Lepomis,macrochirus,-0.8745187339999998,38.92324979320565,-2756.047650778884,216.10347744287705,-1994.1446024056083,-588.522102691723,179.2283583714183,f_1,-1.2636341691165567,-1.1886080275117015,-1.1553058899365785
Lepomis macrochirus,Teleostei,Perciformes,Centrarchidae,Lepomis,macrochirus,-0.8745187339999998,38.92324979320565,-2756.047650778884,216.10347744287705,-1994.1446024056083,-588.522102691723,179.2283583714183,f_1,-1.2595176029396848,-1.1886080275117015,-1.1553058899365785
Lepomis macrochirus,Teleostei,Perciformes,Centrarchidae,Lepomis,macrochirus,-0.8745187339999998,38.28126975373334,-2756.047650778884,216.10347744287705,-1994.1446024056083,-588.522102691723,179.2283583714183,f_1,-1.1708801159954505,-1.1413698013387126,-1.1342312282513756
Leuciscus idus,Teleostei,Cypriniformes,Cyprinidae,Leuciscus,idus,-1.823908741000001,39.5871292029482,-3373.757546678929,5449.495628100146,2918.0786935949145,-65.46878555213755,-4366.756910074552,f_1,-1.6864387695076135,-2.040204807467843,-1.9875066891189794
Leuciscus idus,Teleostei,Cypriniformes,Cyprinidae,Leuciscus,idus,-1.6989700040000009,40.274047981413375,-3373.757546678929,5449.495628100146,2918.0786935949145,-65.46878555213755,-4366.756910074552,f_1,-1.8082447425545904,-2.1804305124228684,-2.055906131968679
Leuciscus idus,Teleostei,Cypriniformes,Cyprinidae,Leuciscus,idus,-0.928117993,40.274047981413375,-3373.757546678929,5449.495628100146,2918.0786935949145,-65.46878555213755,-4366.756910074552,f_1,-1.2592414805323064,-1.6253751659663078,-1.456336358970575
Leuciscus idus,Teleostei,Cypriniformes,Cyprinidae,Leuciscus,idus,-0.9208187539999996,39.5871292029482,-3373.757546678929,5449.495628100146,2918.0786935949145,-65.46878555213755,-4366.756910074552,f_1,-0.9847705133451496,-1.3546845660498628,-1.2786773152202422
Leuciscus idus,Teleostei,Cypriniformes,Cyprinidae,Leuciscus,idus,-0.22184874999999984,41.72197348856467,-3373.757546678929,5449.495628100146,2918.0786935949145,-65.46878555213755,-4366.756910074552,f_1,-1.330993219041425,-1.6501169381449914,-1.207827745945287
Leuciscus idus,Teleostei,Cypriniformes,Cyprinidae,Leuciscus,idus,-0.22184874999999984,40.9852266496354,-3373.757546678929,5449.495628100146,2918.0786935949145,-65.46878555213755,-4366.756910074552,f_1,-1.0522396180885958,-1.3901036940111733,-0.9941908310644461
Leuciscus idus,Teleostei,Cypriniformes,Cyprinidae,Leuciscus,idus,-0.18708664299999994,40.9852266496354,-3373.757546678929,5449.495628100146,2918.0786935949145,-65.46878555213755,-4366.756910074552,f_1,-0.9953313858639937,-1.3725210352828445,-0.9881984718301962
Leuciscus idus,Teleostei,Cypriniformes,Cyprinidae,Leuciscus,idus,-0.0888423909999998,40.274047981413375,-3373.757546678929,5449.495628100146,2918.0786935949145,-65.46878555213755,-4366.756910074552,f_1,-0.6540490851734619,-1.2063846194547463,-0.7269644614680253
Leuciscus idus,Teleostei,Cypriniformes,Cyprinidae,Leuciscus,idus,-0.04575749099999951,39.5871292029482,-3373.757546678929,5449.495628100146,2918.0786935949145,-65.46878555213755,-4366.756910074552,f_1,-0.306843111810831,-0.7169939262162862,-0.533509603114035
Lipolagus ochotensis,Teleostei,Osmeriformes,Bathylagidae,Lipolagus,ochotensis,-2.468521083000012,40.9852266496354,-2756.0476507788835,216.10347744287705,-1994.1446024056088,-588.522102691723,179.2283583714182,f_1,-2.799644570342429,-2.730203738124522,-2.626370087173796
Lycodichthys dearborni,Teleostei,Perciformes,Zoarcidae,Lycodichthys,dearborni,-1.9248181450000021,42.7202905424048,-2756.047650778884,216.10347744287705,-1994.1446024056083,-588.522102691723,179.2283583714183,f_1,-2.8437611859703535,-2.682220321040981,-2.5607891628534816
Micropterus salmoides,Teleostei,Perciformes,Centrarchidae,Micropterus,salmoides,-2.8538719640000116,39.5871292029482,-2756.047650778884,216.10347744287705,-1994.1446024056083,-588.522102691723,179.2283583714183,f_1,-2.3311958760676976,-2.781951966239996,-2.750437807154576
Micropterus salmoides,Teleostei,Perciformes,Centrarchidae,Micropterus,salmoides,-2.7958800170000053,39.5871292029482,-2756.047650778884,216.10347744287705,-1994.1446024056083,-588.522102691723,179.2283583714183,f_1,-2.2519422416666313,-2.73478950553521,-2.713431657715562
Micropterus salmoides,Teleostei,Perciformes,Centrarchidae,Micropterus,salmoides,-2.769551079000022,39.5871292029482,-2756.047650778884,216.10347744287705,-1994.1446024056083,-588.522102691723,179.2283583714183,f_1,-2.2007629118913536,-2.7147488683069114,-2.6994238375529793
Micropterus salmoides,Teleostei,Perciformes,Centrarchidae,Micropterus,salmoides,-2.721246399000016,39.5871292029482,-2756.047650778884,216.10347744287705,-1994.1446024056083,-588.522102691723,179.2283583714183,f_1,-2.102167355268633,-2.6798657534084738,-2.6626560587572756
Micropterus salmoides,Teleostei,Perciformes,Centrarchidae,Micropterus,salmoides,-2.677780705000003,39.5871292029482,-2756.047650778884,216.10347744287705,-1994.1446024056083,-588.522102691723,179.2283583714183,f_1,-2.0506589412641336,-2.6467812360864666,-2.6295715414352685
Micropterus salmoides,Teleostei,Perciformes,Centrarchidae,Micropterus,salmoides,-2.6197887580000043,39.5871292029482,-2756.047650778884,216.10347744287705,-1994.1446024056083,-588.522102691723,179.2283583714183,f_1,-1.9619076304035667,-2.6035898013771672,-2.574175354876872
Micropterus salmoides,Teleostei,Perciformes,Centrarchidae,Micropterus,salmoides,-2.0457574910000025,39.5871292029482,-2756.047650778884,216.10347744287705,-1994.1446024056083,-588.522102691723,179.2283583714183,f_1,-2.5215637730088285,-2.1805373468425535,-2.16486123111957
Micropterus salmoides,Teleostei,Perciformes,Centrarchidae,Micropterus,salmoides,-1.9208187540000028,38.92324979320565,-2756.047650778884,216.10347744287705,-1994.1446024056083,-588.522102691723,179.2283583714183,f_1,-2.331123487628065,-1.9854268793294256,-1.968496302238246
Micropterus salmoides,Teleostei,Perciformes,Centrarchidae,Micropterus,salmoides,-1.9208187540000028,38.28126975373334,-2756.047650778884,216.10347744287705,-1994.1446024056083,-588.522102691723,179.2283583714183,f_1,-2.3225233161298027,-1.9365096018474401,-1.9471854534228303
Micropterus salmoides,Teleostei,Perciformes,Centrarchidae,Micropterus,salmoides,-1.91721463,38.92324979320565,-2756.047650778884,216.10347744287705,-1994.1446024056083,-588.522102691723,179.2283583714183,f_1,-2.327519363684068,-1.9826835502361702,-1.9657529731449905
Micropterus salmoides,Teleostei,Perciformes,Centrarchidae,Micropterus,salmoides,-1.913640169000001,38.28126975373334,-2756.047650778884,216.10347744287705,-1994.1446024056083,-588.522102691723,179.2283583714183,f_1,-2.319623529238106,-1.9310455220658083,-1.9417213736411985
Micropterus salmoides,Teleostei,Perciformes,Centrarchidae,Micropterus,salmoides,-1.5528419690000002,39.5871292029482,-2756.047650778884,216.10347744287705,-1994.1446024056083,-588.522102691723,179.2283583714183,f_1,-1.8627761574692092,-1.8172131202220438,-1.8072644041844492
Micropterus salmoides,Teleostei,Perciformes,Centrarchidae,Micropterus,salmoides,-1.3665315440000003,39.85906551895677,-2756.047650778884,216.10347744287705,-1994.1446024056083,-588.522102691723,179.2283583714183,f_1,-1.957292342716048,-1.7002802978345093,-1.6091550282264426
Micropterus salmoides,Teleostei,Perciformes,Centrarchidae,Micropterus,salmoides,-1.3565473240000003,39.5871292029482,-2756.047650778884,216.10347744287705,-1994.1446024056083,-588.522102691723,179.2283583714183,f_1,-1.7415461921092399,-1.6639458147006931,-1.6388179480655636
Micropterus salmoides,Teleostei,Perciformes,Centrarchidae,Micropterus,salmoides,-1.3279021420000006,39.5871292029482,-2756.047650778884,216.10347744287705,-1994.1446024056083,-588.522102691723,179.2283583714183,f_1,-1.8573932836722986,-1.6421421361474238,-1.6170142695122942
Micropterus salmoides,Teleostei,Perciformes,Centrarchidae,Micropterus,salmoides,-1.0087739239999998,37.66012307591843,-2756.047650778884,216.10347744287705,-1994.1446024056083,-588.522102691723,179.2283583714183,f_1,-1.3621738068444735,-1.155567258964835,-1.0921999632649932
Micropterus salmoides,Teleostei,Perciformes,Centrarchidae,Micropterus,salmoides,-0.7495799979999999,40.274047981413375,-2756.047650778884,216.10347744287705,-1994.1446024056083,-588.522102691723,179.2283583714183,f_1,-1.881000861827327,-1.284083814975875,-1.2588424518250232
Micropterus salmoides,Teleostei,Perciformes,Centrarchidae,Micropterus,salmoides,-0.7495799979999999,38.28126975373334,-2756.047650778884,216.10347744287705,-1994.1446024056083,-588.522102691723,179.2283583714183,f_1,-1.6034519620128698,-1.047529023973678,-1.0368987491731503
Micropterus salmoides,Teleostei,Perciformes,Centrarchidae,Micropterus,salmoides,-0.45593195599999986,39.5871292029482,-2756.047650778884,216.10347744287705,-1994.1446024056083,-588.522102691723,179.2283583714183,f_1,-1.0335975080325375,-0.9990283508812126,-0.9437678102348559
Micropterus salmoides,Teleostei,Perciformes,Centrarchidae,Micropterus,salmoides,-0.45593195599999986,38.92324979320565,-2756.047650778884,216.10347744287705,-1994.1446024056083,-588.522102691723,179.2283583714183,f_1,-0.8532691960336015,-0.8940618312852253,-0.8550634132927153
Micropterus salmoides,Teleostei,Perciformes,Centrarchidae,Micropterus,salmoides,-0.45593195599999986,38.92324979320565,-2756.047650778884,216.10347744287705,-1994.1446024056083,-588.522102691723,179.2283583714183,f_1,-0.8408005554740036,-0.8940618312852253,-0.8550634132927153
Micropterus salmoides,Teleostei,Perciformes,Centrarchidae,Micropterus,salmoides,-0.45593195599999986,38.28126975373334,-2756.047650778884,216.10347744287705,-1994.1446024056083,-588.522102691723,179.2283583714183,f_1,-0.6871294734456044,-0.8335287424949344,-0.83250483995912
Micropterus salmoides,Teleostei,Perciformes,Centrarchidae,Micropterus,salmoides,-0.45593195599999986,38.28126975373334,-2756.047650778884,216.10347744287705,-1994.1446024056083,-588.522102691723,179.2283583714183,f_1,-0.6255571724561739,-0.8335287424949344,-0.83250483995912
Microstomus kitt,Teleostei,Pleuronectiformes,Pleuronectidae,Microstomus,kitt,-0.6556077260000001,40.274047981413375,-2756.047650778884,216.10347744287705,-1994.1446024056083,-588.522102691723,179.2283583714183,f_1,-1.3497788477691395,-1.2125555135809531,-1.1678213379754008
Microstomus kitt,Teleostei,Pleuronectiformes,Pleuronectidae,Microstomus,kitt,-0.640164518,41.72197348856467,-2756.047650778884,216.10347744287705,-1994.1446024056083,-588.522102691723,179.2283583714183,f_1,-1.5879409848502053,-1.4211769428804186,-1.451625759533197
Microstomus kitt,Teleostei,Pleuronectiformes,Pleuronectidae,Microstomus,kitt,-0.603800653,40.9852266496354,-2756.047650778884,216.10347744287705,-1994.1446024056083,-588.522102691723,179.2283583714183,f_1,-1.4954611781154254,-1.3032588520504673,-1.2705940669245173
Oncorhynchus nerka,Teleostei,Salmoniformes,Salmonidae,Oncorhynchus,nerka,-2.471083300000011,40.274047981413375,-2756.047650778884,216.10347744287705,-1994.1446024056083,-588.522102691723,179.2283583714183,f_1,-2.519529928793805,-2.6004940775237477,-2.474383921215632
Oncorhynchus nerka,Teleostei,Salmoniformes,Salmonidae,Oncorhynchus,nerka,-2.462180905000002,39.5871292029482,-2756.047650778884,216.10347744287705,-1994.1446024056083,-588.522102691723,179.2283583714183,f_1,-2.8350591411841197,-2.4830125852989573,-2.46643199785436
Oncorhynchus nerka,Teleostei,Salmoniformes,Salmonidae,Oncorhynchus,nerka,-2.072116590000003,40.274047981413375,-2756.047650778884,216.10347744287705,-1994.1446024056083,-588.522102691723,179.2283583714183,f_1,-2.4408983696001267,-2.303611058260919,-2.236626653684189
Oncorhynchus nerka,Teleostei,Salmoniformes,Salmonidae,Oncorhynchus,nerka,-2.021819483000004,40.274047981413375,-2756.047650778884,216.10347744287705,-1994.1446024056083,-588.522102691723,179.2283583714183,f_1,-2.5236391984125444,-2.2653267159520665,-2.2368581324746177
Oncorhynchus nerka,Teleostei,Salmoniformes,Salmonidae,Oncorhynchus,nerka,-2.021819483000004,40.274047981413375,-2756.047650778884,216.10347744287705,-1994.1446024056083,-588.522102691723,179.2283583714183,f_1,-2.487641544738202,-2.2653267159520665,-2.2368581324746177
Oncorhynchus nerka,Teleostei,Salmoniformes,Salmonidae,Oncorhynchus,nerka,-1.9909742580000038,40.9852266496354,-2756.047650778884,216.10347744287705,-1994.1446024056083,-588.522102691723,179.2283583714183,f_1,-2.550020642707865,-2.386024198494352,-2.382764325602186
Oncorhynchus nerka,Teleostei,Salmoniformes,Salmonidae,Oncorhynchus,nerka,-1.9909742580000038,40.9852266496354,-2756.047650778884,216.10347744287705,-1994.1446024056083,-588.522102691723,179.2283583714183,f_1,-2.4874651390745472,-2.386024198494352,-2.382764325602186
Oncorhynchus nerka,Teleostei,Salmoniformes,Salmonidae,Oncorhynchus,nerka,-1.718966633,40.274047981413375,-2756.047650778884,216.10347744287705,-1994.1446024056083,-588.522102691723,179.2283583714183,f_1,-2.025337376885368,-2.048638436996309,-2.0166282280187895
Oncorhynchus nerka,Teleostei,Salmoniformes,Salmonidae,Oncorhynchus,nerka,-1.537602002,40.274047981413375,-2756.047650778884,216.10347744287705,-1994.1446024056083,-588.522102691723,179.2283583714183,f_1,-1.5101561732099127,-1.8972323935737245,-1.885232693063078
Oncorhynchus nerka,Teleostei,Salmoniformes,Salmonidae,Oncorhynchus,nerka,-1.4828041020000013,40.9852266496354,-2756.047650778884,216.10347744287705,-1994.1446024056083,-588.522102691723,179.2283583714183,f_1,-2.1148273167554352,-1.9907328353221554,-1.9818556741175692
Oncorhynchus nerka,Teleostei,Salmoniformes,Salmonidae,Oncorhynchus,nerka,-1.4353339360000004,41.72197348856467,-2756.047650778884,216.10347744287705,-1994.1446024056083,-588.522102691723,179.2283583714183,f_1,-2.232724544117225,-2.0629229564814837,-2.0897870530414018
Oncorhynchus nerka,Teleostei,Salmoniformes,Salmonidae,Oncorhynchus,nerka,-1.2823294969999999,38.92324979320565,-2756.047650778884,216.10347744287705,-1994.1446024056083,-588.522102691723,179.2283583714183,f_1,-1.400247890730311,-1.5033643655748434,-1.4673559319595666
Oncorhynchus nerka,Teleostei,Salmoniformes,Salmonidae,Oncorhynchus,nerka,-1.2580609220000003,40.274047981413375,-2756.047650778884,216.10347744287705,-1994.1446024056083,-588.522102691723,179.2283583714183,f_1,-1.816977038640776,-1.6805295071183786,-1.6567913682440343
Oncorhynchus nerka,Teleostei,Salmoniformes,Salmonidae,Oncorhynchus,nerka,-1.2034256669999999,39.5871292029482,-2756.047650778884,216.10347744287705,-1994.1446024056083,-588.522102691723,179.2283583714183,f_1,-1.5344188858309953,-1.5473951365178147,-1.516159995439774
Oncorhynchus nerka,Teleostei,Salmoniformes,Salmonidae,Oncorhynchus,nerka,-1.0,40.274047981413375,-2756.047650778884,216.10347744287705,-1994.1446024056083,-588.522102691723,179.2283583714183,f_1,-1.4910963727129765,-1.4817266140838237,-1.4653908860343674
Oncorhynchus nerka,Teleostei,Salmoniformes,Salmonidae,Oncorhynchus,nerka,-0.5783960729999998,40.91298052474621,-2756.047650778884,216.10347744287705,-1994.1446024056083,-588.522102691723,179.2283583714183,f_1,-1.0642912521573364,-1.2858433692097553,-1.2480328465061847
Oncorhynchus nerka,Teleostei,Salmoniformes,Salmonidae,Oncorhynchus,nerka,-0.12726117299999953,40.274047981413375,-2756.047650778884,216.10347744287705,-1994.1446024056083,-588.522102691723,179.2283583714183,f_1,-0.6861772888973053,-0.7745308848909886,-0.8134459297640291
Oncorhynchus nerka,Teleostei,Salmoniformes,Salmonidae,Oncorhynchus,nerka,0.1559430180000002,40.274047981413375,-2756.047650778884,216.10347744287705,-1994.1446024056083,-588.522102691723,179.2283583714183,f_1,-0.6107787706310251,-0.5468396379792843,-0.5901602121860172
Oncorhynchus tshawytscha,Teleostei,Salmoniformes,Salmonidae,Oncorhynchus,tshawytscha,-1.5850266520000007,40.134763706879696,-2756.047650778884,216.10347744287705,-1994.1446024056083,-588.5221026917229,179.2283583714183,f_1,-1.7598029389675478,-1.9105279914818245,-1.8681254010805748
Oneirodes acanthias,Teleostei,Lophiiformes,Oneirodidae,Oneirodes,acanthias,-2.3767507100000063,41.72197348856467,-2756.047650778884,216.10347744287705,-1994.1446024056083,-588.522102691723,179.2283583714183,f_1,-3.7078741995945204,-2.7988841753554428,-2.808386032965223
Oreochromis aureus,Teleostei,Perciformes,Cichlidae,Oreochromis,aureus,-0.15676722199999976,38.79313697424123,-3649.0699176841617,8221.372203174908,5841.226629477732,478.6623617440597,1934.1702622999533,f_1,-0.7473977514491713,-0.699921250611231,-0.7076310742111975
Oreochromis aureus,Teleostei,Perciformes,Cichlidae,Oreochromis,aureus,-0.15676722199999976,38.79313697424123,-3649.0699176841617,8221.372203174908,5841.226629477732,478.6623617440597,1934.1702622999533,f_1,-0.6694448644824793,-0.699921250611231,-0.7076310742111975
Oreochromis niloticus,Teleostei,Perciformes,Cichlidae,Oreochromis,niloticus,-1.1240710150000004,38.92324979320565,-3649.0699176841617,8221.372203174908,5841.226629477732,478.6623617440597,1934.1702622999533,f_1,-1.1062409548332337,-1.439804065214647,-1.4694000103340674
Oreochromis niloticus,Teleostei,Perciformes,Cichlidae,Oreochromis,niloticus,-1.1135092750000002,38.92324979320565,-3649.0699176841617,8221.372203174908,5841.226629477732,478.6623617440597,1934.1702622999533,f_1,-1.5553310601685277,-1.4317648499664002,-1.4613607950858205
Oreochromis niloticus,Teleostei,Perciformes,Cichlidae,Oreochromis,niloticus,-1.1129456220000002,38.92324979320565,-3649.0699176841617,8221.372203174908,5841.226629477732,478.6623617440597,1934.1702622999533,f_1,-1.180827674958384,-1.4313358176485889,-1.4609317627680092
Oreochromis niloticus,Teleostei,Perciformes,Cichlidae,Oreochromis,niloticus,-1.0969100130000002,38.92324979320565,-3649.0699176841617,8221.372203174908,5841.226629477732,478.6623617440597,1934.1702622999533,f_1,-1.490051138798326,-1.4191300909039688,-1.4487260360233891
Oreochromis niloticus,Teleostei,Perciformes,Cichlidae,Oreochromis,niloticus,-1.0969100130000002,38.92324979320565,-3649.0699176841617,8221.372203174908,5841.226629477732,478.6623617440597,1934.1702622999533,f_1,-1.379979679732299,-1.4191300909039688,-1.4487260360233891
Oreochromis niloticus,Teleostei,Perciformes,Cichlidae,Oreochromis,niloticus,-1.0946359310000005,38.92324979320565,-3649.0699176841617,8221.372203174908,5841.226629477732,478.6623617440597,1934.1702622999533,f_1,-1.112243711731508,-1.4173991417715186,-1.446995086890939
Oreochromis niloticus,Teleostei,Perciformes,Cichlidae,Oreochromis,niloticus,-1.0946359310000005,38.92324979320565,-3649.0699176841617,8221.372203174908,5841.226629477732,478.6623617440597,1934.1702622999533,f_1,-1.0192192386627466,-1.4173991417715186,-1.446995086890939
Oreochromis niloticus,Teleostei,Perciformes,Cichlidae,Oreochromis,niloticus,-1.0827045990000002,38.92324979320565,-3649.0699176841617,8221.372203174908,5841.226629477732,478.6623617440597,1934.1702622999533,f_1,-1.1941562567123416,-1.4083174425300775,-1.4484056603245352
Oreochromis niloticus,Teleostei,Perciformes,Cichlidae,Oreochromis,niloticus,-1.0827045990000002,38.92324979320565,-3649.0699176841617,8221.372203174908,5841.226629477732,478.6623617440597,1934.1702622999533,f_1,-1.0648745389313647,-1.4083174425300775,-1.4484056603245352
Oreochromis niloticus,Teleostei,Perciformes,Cichlidae,Oreochromis,niloticus,-1.076289806,38.92324979320565,-3649.0699176841617,8221.372203174908,5841.226629477732,478.6623617440597,1934.1702622999533,f_1,-1.2485484363835815,-1.4034347336487807,-1.4435229514432384
Oreochromis niloticus,Teleostei,Perciformes,Cichlidae,Oreochromis,niloticus,-1.076289806,38.92324979320565,-3649.0699176841617,8221.372203174908,5841.226629477732,478.6623617440597,1934.1702622999533,f_1,-1.1561807662890748,-1.4034347336487807,-1.4435229514432384
Oreochromis niloticus,Teleostei,Perciformes,Cichlidae,Oreochromis,niloticus,-1.05139145,38.92324979320565,-3649.0699176841617,8221.372203174908,5841.226629477732,478.6623617440597,1934.1702622999533,f_1,-1.1212520692975905,-1.3826129970937224,-1.4183794761941784
Oreochromis niloticus,Teleostei,Perciformes,Cichlidae,Oreochromis,niloticus,-1.05139145,38.92324979320565,-3649.0699176841617,8221.372203174908,5841.226629477732,478.6623617440597,1934.1702622999533,f_1,-1.0145381527920723,-1.3826129970937224,-1.4183794761941784
Oreochromis niloticus,Teleostei,Perciformes,Cichlidae,Oreochromis,niloticus,-0.5086383059999998,38.79313697424123,-3649.0699176841617,8221.372203174908,5841.226629477732,478.6623617440597,1934.1702622999533,f_1,-1.1629379155822854,-0.9372439584049119,-0.9802102414705309
Oreochromis niloticus,Teleostei,Perciformes,Cichlidae,Oreochromis,niloticus,-0.5086383059999998,38.79313697424123,-3649.0699176841617,8221.372203174908,5841.226629477732,478.6623617440597,1934.1702622999533,f_1,-0.9458151863595561,-0.9372439584049119,-0.9802102414705309
Plecoglossus altivelis,Teleostei,Osmeriformes,Osmeridae,Plecoglossus,altivelis,-1.970616222000004,39.72263195565382,-3649.0699176841617,8221.372203174908,5841.226629477732,478.6623617440597,1934.1702622999533,f_1,-1.4772884401097794,-2.2032922755212434,-2.231919953279383
Rhinogobiops nicholsii,Teleostei,Perciformes,Gobiidae,Rhinogobiops,nicholsii,-3.2441251440000354,40.274047981413375,-3649.0699176841617,8221.372203174908,5841.226629477732,478.6623617440597,1934.1702622999533,f_1,-3.469608178598959,-3.53212398612301,-3.3748801437520584
Rhinogobiops nicholsii,Teleostei,Perciformes,Gobiidae,Rhinogobiops,nicholsii,-3.1079053970000015,40.274047981413375,-3649.0699176841617,8221.372203174908,5841.226629477732,478.6623617440597,1934.1702622999533,f_1,-3.5180798623986167,-3.4381157578498502,-3.267612126696293
Rhinogobiops nicholsii,Teleostei,Perciformes,Gobiidae,Rhinogobiops,nicholsii,-3.0315170510000025,40.274047981413375,-3649.0699176841617,8221.372203174908,5841.226629477732,478.6623617440597,1934.1702622999533,f_1,-3.420502217465176,-3.390847852469663,-3.182302766463171
Rhinogobiops nicholsii,Teleostei,Perciformes,Gobiidae,Rhinogobiops,nicholsii,-2.856985200000014,40.274047981413375,-3649.0699176841617,8221.372203174908,5841.226629477732,478.6623617440597,1934.1702622999533,f_1,-3.332661213591459,-3.2126915072462294,-3.0509884528999462
Rhinogobiops nicholsii,Teleostei,Perciformes,Gobiidae,Rhinogobiops,nicholsii,-2.801342913000004,40.274047981413375,-3649.0699176841617,8221.372203174908,5841.226629477732,478.6623617440597,1934.1702622999533,f_1,-3.325026652962165,-3.167875263112966,-3.0128593388107756
Rhinogobiops nicholsii,Teleostei,Perciformes,Gobiidae,Rhinogobiops,nicholsii,-2.7399286120000115,40.274047981413375,-3649.0699176841617,8221.372203174908,5841.226629477732,478.6623617440597,1934.1702622999533,f_1,-3.337189720461171,-3.1258908285249003,-2.9816171189496927
Rhinogobiops nicholsii,Teleostei,Perciformes,Gobiidae,Rhinogobiops,nicholsii,-2.714442691000012,40.274047981413375,-3649.0699176841617,8221.372203174908,5841.226629477732,478.6623617440597,1934.1702622999533,f_1,-3.2612942959608637,-3.106578644060864,-2.9622181558319856
Rhinogobiops nicholsii,Teleostei,Perciformes,Gobiidae,Rhinogobiops,nicholsii,-2.533132380000011,40.274047981413375,-3649.0699176841617,8221.372203174908,5841.226629477732,478.6623617440597,1934.1702622999533,f_1,-3.051212242044492,-2.978938721992548,-2.8024307263494146
Rhinogobiops nicholsii,Teleostei,Perciformes,Gobiidae,Rhinogobiops,nicholsii,-2.4449055510000037,40.274047981413375,-3649.0699176841617,8221.372203174908,5841.226629477732,478.6623617440597,1934.1702622999533,f_1,-3.029005213809924,-2.8396872144847043,-2.7703549640815988
Rhinogobiops nicholsii,Teleostei,Perciformes,Gobiidae,Rhinogobiops,nicholsii,-2.420216403000005,40.274047981413375,-3649.0699176841617,8221.372203174908,5841.226629477732,478.6623617440597,1934.1702622999533,f_1,-3.0108469329303853,-2.828924941096803,-2.7595198001965766
Rhinogobiops nicholsii,Teleostei,Perciformes,Gobiidae,Rhinogobiops,nicholsii,-2.4078232430000077,40.274047981413375,-3649.0699176841617,8221.372203174908,5841.226629477732,478.6623617440597,1934.1702622999533,f_1,-3.032667872682457,-2.8159177667696516,-2.734150035574741
Rhinogobiops nicholsii,Teleostei,Perciformes,Gobiidae,Rhinogobiops,nicholsii,-2.393618635,40.274047981413375,-3649.0699176841617,8221.372203174908,5841.226629477732,478.6623617440597,1934.1702622999533,f_1,-3.312561677366404,-2.8051057318938617,-2.723338000698951
Rhinogobiops nicholsii,Teleostei,Perciformes,Gobiidae,Rhinogobiops,nicholsii,-2.393618635,40.274047981413375,-3649.0699176841617,8221.372203174908,5841.226629477732,478.6623617440597,1934.1702622999533,f_1,-3.1806740779711773,-2.8051057318938617,-2.723338000698951
Rhinogobiops nicholsii,Teleostei,Perciformes,Gobiidae,Rhinogobiops,nicholsii,-2.393618635,40.274047981413375,-3649.0699176841617,8221.372203174908,5841.226629477732,478.6623617440597,1934.1702622999533,f_1,-3.1137272883405265,-2.8051057318938617,-2.723338000698951
Rhinogobiops nicholsii,Teleostei,Perciformes,Gobiidae,Rhinogobiops,nicholsii,-2.393618635,40.274047981413375,-3649.0699176841617,8221.372203174908,5841.226629477732,478.6623617440597,1934.1702622999533,f_1,-3.018593534077823,-2.8051057318938617,-2.723338000698951
Rhinogobiops nicholsii,Teleostei,Perciformes,Gobiidae,Rhinogobiops,nicholsii,-2.393618635,40.274047981413375,-3649.0699176841617,8221.372203174908,5841.226629477732,478.6623617440597,1934.1702622999533,f_1,-2.991010011050945,-2.8051057318938617,-2.723338000698951
Rhinogobiops nicholsii,Teleostei,Perciformes,Gobiidae,Rhinogobiops,nicholsii,-2.393618635,40.274047981413375,-3649.0699176841617,8221.372203174908,5841.226629477732,478.6623617440597,1934.1702622999533,f_1,-2.9843794341571885,-2.8051057318938617,-2.723338000698951
Rhinogobiops nicholsii,Teleostei,Perciformes,Gobiidae,Rhinogobiops,nicholsii,-2.393618635,40.274047981413375,-3649.0699176841617,8221.372203174908,5841.226629477732,478.6623617440597,1934.1702622999533,f_1,-2.977848566650841,-2.8051057318938617,-2.723338000698951
Rhinogobiops nicholsii,Teleostei,Perciformes,Gobiidae,Rhinogobiops,nicholsii,-2.393618635,40.274047981413375,-3649.0699176841617,8221.372203174908,5841.226629477732,478.6623617440597,1934.1702622999533,f_1,-2.971414456308259,-2.8051057318938617,-2.723338000698951
Rhinogobiops nicholsii,Teleostei,Perciformes,Gobiidae,Rhinogobiops,nicholsii,-2.393618635,40.274047981413375,-3649.0699176841617,8221.372203174908,5841.226629477732,478.6623617440597,1934.1702622999533,f_1,-2.890109516520574,-2.8051057318938617,-2.723338000698951
Rhinogobiops nicholsii,Teleostei,Perciformes,Gobiidae,Rhinogobiops,nicholsii,-2.389339837000002,40.274047981413375,-3649.0699176841617,8221.372203174908,5841.226629477732,478.6623617440597,1934.1702622999533,f_1,-3.0001737525455874,-2.8018488653050464,-2.7176332458550165
Rhodeus sericeus,Teleostei,Cypriniformes,Cyprinidae,Rhodeus,sericeus,-2.5228787450000003,40.69776232103897,-3636.60410524144,8095.767383942019,5708.702639393179,453.9464908930054,1646.0991846535785,f_1,-2.6707323889655994,-2.9385492990229727,-2.8803451217106018
Rhodeus sericeus,Teleostei,Cypriniformes,Cyprinidae,Rhodeus,sericeus,-2.5228787450000003,40.41430237104044,-3636.60410524144,8095.767383942019,5708.702639393179,453.9464908930054,1646.0991846535785,f_1,-2.6476261706664044,-2.9546216655907744,-2.8303790168122545
Rhodeus sericeus,Teleostei,Cypriniformes,Cyprinidae,Rhodeus,sericeus,-2.5228787450000003,39.05423835047708,-3636.60410524144,8095.767383942019,5708.702639393179,453.9464908930054,1646.0991846535785,f_1,-2.5547855783627664,-2.4920011983360753,-2.583073046890462
Rutilus rutilus,Teleostei,Cypriniformes,Cyprinidae,Rutilus,rutilus,-2.756961951000021,39.85906551895677,-3373.757546678929,5449.495628100144,2918.0786935949163,-65.46878555214181,-4366.7569100745495,f_1,-2.7124218250897627,-2.775927866878777,-2.6555636808488607
Rutilus rutilus,Teleostei,Cypriniformes,Cyprinidae,Rutilus,rutilus,-1.7825160560000008,39.65476482434397,-3373.757546678929,5449.495628100144,2918.0786935949163,-65.46878555214181,-4366.7569100745495,f_1,-1.766309528381057,-2.0186430181967356,-1.9520533444789718
Rutilus rutilus,Teleostei,Cypriniformes,Cyprinidae,Rutilus,rutilus,-1.6020599910000006,40.84098865333191,-3373.757546678929,5449.495628100144,2918.0786935949163,-65.46878555214181,-4366.7569100745495,f_1,-2.1092747382185717,-2.2111937903367584,-2.082934427802435
Rutilus rutilus,Teleostei,Cypriniformes,Cyprinidae,Rutilus,rutilus,-1.568636236,41.2767808139579,-3373.757546678929,5449.495628100144,2918.0786935949163,-65.46878555214181,-4366.7569100745495,f_1,-2.103879706201613,-2.26628471222634,-2.08335944859636
Rutilus rutilus,Teleostei,Cypriniformes,Cyprinidae,Rutilus,rutilus,-1.4814860600000008,39.99643951695421,-3373.757546678929,5449.495628100144,2918.0786935949163,-65.46878555214181,-4366.7569100745495,f_1,-1.7099472060608807,-1.820736205147313,-1.7023977741617669
Rutilus rutilus,Teleostei,Cypriniformes,Cyprinidae,Rutilus,rutilus,-1.4034029040000005,39.85906551895677,-3373.757546678929,5449.495628100144,2918.0786935949163,-65.46878555214181,-4366.7569100745495,f_1,-1.4245415539353266,-1.738917600400023,-1.6271245206205884
Rutilus rutilus,Teleostei,Cypriniformes,Cyprinidae,Rutilus,rutilus,-1.3979400090000005,40.06548222283536,-3373.757546678929,5449.495628100144,2918.0786935949163,-65.46878555214181,-4366.7569100745495,f_1,-1.6068476182029112,-1.5936829065308662,-1.6066466897460019
Rutilus rutilus,Teleostei,Cypriniformes,Cyprinidae,Rutilus,rutilus,-0.9788107009999999,40.9852266496354,-3373.757546678929,5449.495628100144,2918.0786935949163,-65.46878555214181,-4366.7569100745495,f_1,-0.9911754262292332,-1.7813772707580187,-1.596304277440893
Rutilus rutilus,Teleostei,Cypriniformes,Cyprinidae,Rutilus,rutilus,-0.8961962790000002,39.85906551895677,-3373.757546678929,5449.495628100144,2918.0786935949163,-65.46878555214181,-4366.7569100745495,f_1,-1.1925576606246437,-1.3491819693525458,-1.228016886473452
Rutilus rutilus,Teleostei,Cypriniformes,Cyprinidae,Rutilus,rutilus,-0.7212463989999998,40.274047981413375,-3373.757546678929,5449.495628100144,2918.0786935949163,-65.46878555214181,-4366.7569100745495,f_1,-0.7336111242903475,-1.5177881623093339,-1.281598723994432
Rutilus rutilus,Teleostei,Cypriniformes,Cyprinidae,Rutilus,rutilus,-0.6536470259999998,40.06548222283536,-3373.757546678929,5449.495628100144,2918.0786935949163,-65.46878555214181,-4366.7569100745495,f_1,-1.1396724735305732,-0.947948178414672,-0.990170594709427
Sagamichthys abei,Teleostei,Osmeriformes,Platytroctidae,Sagamichthys,abei,-2.2441251440000047,41.72197348856467,-3373.757546678929,5449.495628100146,2918.0786935949145,-65.46878555213755,-4366.756910074552,f_1,-3.292702043420018,-2.9267194444270874,-2.76985218010552
Sarda chiliensis,Teleostei,Perciformes,Scombridae,Sarda,chiliensis,0.4031205210000004,39.31887828508983,-3649.0699176841617,8221.372203174908,5841.226629477732,478.6623617440597,1934.1702622999533,f_1,1.2293530488405318,-0.31928392494483526,-0.410282462802915
Scorpaena porcus,Teleostei,Scorpaeniformes,Scorpaenidae,Scorpaena,porcus,-1.787812396,39.30556113749115,-2756.047650778884,216.10347744287705,-1994.1446024056083,-588.522102691723,179.2283583714183,f_1,-1.9476971271243957,-1.946279866451761,-1.9599066648291485
Scorpaena porcus,Teleostei,Scorpaeniformes,Scorpaenidae,Scorpaena,porcus,-1.3979400090000005,40.41430237104044,-2756.047650778884,216.10347744287705,-1994.1446024056083,-588.522102691723,179.2283583714183,f_1,-1.8170186668557613,-1.8025787766232604,-1.7701560842650068
Scorpaena porcus,Teleostei,Scorpaeniformes,Scorpaenidae,Scorpaena,porcus,-1.301029996,39.5871292029482,-2756.047650778884,216.10347744287705,-1994.1446024056083,-588.522102691723,179.2283583714183,f_1,-1.891660525211163,-1.6216880285973119,-1.5915091041764329
Sebastolobus altivelis,Teleostei,Scorpaeniformes,Scorpaenidae,Sebastolobus,altivelis,-2.769551079000022,41.61723839284298,-2756.047650778884,216.10347744287705,-1994.1446024056083,-588.522102691723,179.2283583714183,f_1,-3.489529463682321,-3.077034477234668,-3.020686307194736
Sebastolobus altivelis,Teleostei,Scorpaeniformes,Scorpaenidae,Sebastolobus,altivelis,-2.721246399000016,41.61723839284298,-2756.047650778884,216.10347744287705,-1994.1446024056083,-588.522102691723,179.2283583714183,f_1,-3.5516372675195305,-3.0402666984389644,-2.983918528399032
Sebastolobus altivelis,Teleostei,Scorpaeniformes,Scorpaenidae,Sebastolobus,altivelis,-0.8894102899999998,41.61723839284298,-2756.047650778884,216.10347744287705,-1994.1446024056083,-588.522102691723,179.2283583714183,f_1,-2.6006147504537873,-1.577878796627004,-1.579919748790844
Sebastolobus altivelis,Teleostei,Scorpaeniformes,Scorpaenidae,Sebastolobus,altivelis,-0.8569852,41.61723839284298,-2756.047650778884,216.10347744287705,-1994.1446024056083,-588.522102691723,179.2283583714183,f_1,-2.568189660498948,-1.5531979885448344,-1.539033328138627
Sebastolobus altivelis,Teleostei,Scorpaeniformes,Scorpaenidae,Sebastolobus,altivelis,-0.8181564119999998,41.61723839284298,-2756.047650778884,216.10347744287705,-1994.1446024056083,-588.522102691723,179.2283583714183,f_1,-2.6262708858163224,-1.5274655588607193,-1.5094782562886715
Sebastolobus altivelis,Teleostei,Scorpaeniformes,Scorpaenidae,Sebastolobus,altivelis,-0.7033348099999998,41.61723839284298,-2756.047650778884,216.10347744287705,-1994.1446024056083,-588.522102691723,179.2283583714183,f_1,-2.5114492834995557,-1.4375029365395235,-1.4310893128793845
Sparus aurata,Teleostei,Perciformes,Sparidae,Sparus,aurata,-1.1079053970000001,39.85906551895677,-2756.047650778884,216.10347744287705,-1994.1446024056083,-588.522102691723,179.2283583714183,f_1,-1.2107140931825169,-1.5048304715783907,-1.4045125222722559
Sparus aurata,Teleostei,Perciformes,Sparidae,Sparus,aurata,-1.1062382380000002,39.72263195565382,-2756.047650778884,216.10347744287705,-1994.1446024056083,-588.522102691723,179.2283583714183,f_1,-1.2090469340042698,-1.4925125170334481,-1.4421035740100538
Synbranchus marmoratus,Teleostei,Synbranchiformes,Synbranchidae,Synbranchus,marmoratus,-1.1487416510000004,38.92324979320565,-2756.047650778884,216.10347744287705,-1994.1446024056083,-588.522102691723,179.2283583714183,f_1,-1.6839851218271351,-1.403089180619693,-1.3662611713422024
Synbranchus marmoratus,Teleostei,Synbranchiformes,Synbranchidae,Synbranchus,marmoratus,-1.013228266,38.92324979320565,-2756.047650778884,216.10347744287705,-1994.1446024056083,-588.522102691723,179.2283583714183,f_1,-1.5910240869616301,-1.2972549712582662,-1.2745907073572724
Synbranchus marmoratus,Teleostei,Synbranchiformes,Synbranchidae,Synbranchus,marmoratus,-1.004364805,38.92324979320565,-2756.047650778884,216.10347744287705,-1994.1446024056083,-588.522102691723,179.2283583714183,f_1,-1.6822757794385825,-1.2905084246832281,-1.2678441607822344
Synbranchus marmoratus,Teleostei,Synbranchiformes,Synbranchidae,Synbranchus,marmoratus,-1.0,38.92324979320565,-2756.047650778884,216.10347744287705,-1994.1446024056083,-588.522102691723,179.2283583714183,f_1,-1.8082447425545904,-1.287186092670546,-1.2645218287695523
Synbranchus marmoratus,Teleostei,Synbranchiformes,Synbranchidae,Synbranchus,marmoratus,-0.9829666609999996,38.92324979320565,-2756.047650778884,216.10347744287705,-1994.1446024056083,-588.522102691723,179.2283583714183,f_1,-1.5870914206304672,-1.2742209298642886,-1.2515566659632948
Synbranchus marmoratus,Teleostei,Synbranchiformes,Synbranchidae,Synbranchus,marmoratus,-0.838631998,38.92324979320565,-2756.047650778884,216.10347744287705,-1994.1446024056083,-588.522102691723,179.2283583714183,f_1,-1.5165429718475936,-1.1651149816127901,-1.1167474545650031
Synbranchus marmoratus,Teleostei,Synbranchiformes,Synbranchidae,Synbranchus,marmoratus,-0.8210230529999998,38.92324979320565,-2756.047650778884,216.10347744287705,-1994.1446024056083,-588.522102691723,179.2283583714183,f_1,-1.6750252858755235,-1.1517116882965805,-1.1033441612487935
Thorichthys meeki,Teleostei,Perciformes,Cichlidae,Thorichthys,meeki,-2.6989700040000053,38.92324979320565,-3649.0699176841617,8221.372203174924,5841.226629477736,478.6623617440443,1934.170262299951,f_1,-2.8237174297220755,-2.606373396872956,-2.6701748510824226
Thorichthys meeki,Teleostei,Perciformes,Cichlidae,Thorichthys,meeki,-1.823908741000001,38.92324979320565,-3649.0699176841617,8221.372203174924,5841.226629477736,478.6623617440443,1934.170262299951,f_1,-2.320399622690387,-1.9718900531514685,-2.0308930879620277
Trichopodus leerii,Teleostei,Anabantiformes,Osphronemidae,Trichopodus,leerii,-2.288192771000004,38.92324979320565,-2756.047650778884,216.10347744287705,-1994.1446024056083,-588.522102691723,179.2283583714183,f_1,-2.5091160109800548,-2.23321570563853,-2.2199609661436055
Channa punctata,Teleostei,Perciformes,Channidae,Channa,punctata,-1.9030899869919435,38.79313697424123,-2756.047650778884,216.10347744287705,-1994.1446024056083,-588.522102691723,179.2283583714183,f_2,-3.057991946977687,-1.9209690089210767,-1.998610709393618
Channa striata,Teleostei,Perciformes,Channidae,Channa,striata,-1.0861861476162833,38.28126975373334,-2756.047650778884,216.10347744287705,-1994.1446024056083,-588.522102691723,179.2283583714183,f_2,-1.8626902066538888,-1.2359447739067515,-1.2613185050773936
Channichthys rhinoceratus,Teleostei,Perciformes,Channichthyidae,Channichthys,rhinoceratus,-0.6989700043360187,41.6471090107456,-2756.047650778884,216.10347744287705,-1994.1446024056083,-588.522102691723,179.2283583714183,f_2,-1.2701874928390644,-1.5216654925866955,-1.5591534465467485
Coryphaena equiselis,Teleostei,Perciformes,Coryphaenidae,Coryphaena,equiselis,-4.522878745280337,39.18611151728605,-3649.069917684185,8221.372203174904,5841.226629477759,478.66236174407,1934.1702622999508,f_2,-3.780027977327073,-4.012216667168417,-4.025859784453585
Gymnoscopelus braueri,Teleostei,Myctophiformes,Myctophidae,Gymnoscopelus,braueri,-1.9430951486635273,42.44684318158106,-3649.0699176841617,8221.372203174908,5841.226629477732,478.6623617440597,1934.1702622999533,f_2,-2.7734207146047205,-2.761731468190726,-2.640297180212512
Harpagifer georgianus,Teleostei,Perciformes,Harpagiferidae,Harpagifer,georgianus,-2.384049948343599,42.25365711212184,-2756.047650778884,216.10347744287705,-1994.1446024056083,-588.522102691723,179.2283583714183,f_2,-4.4919553456531185,-2.972423631926004,-2.8787989175618094
Notothenia coriiceps,Teleostei,Perciformes,Nototheniidae,Notothenia,coriiceps,0.0,42.44684318158106,-2756.047650778884,216.10347744287705,-1994.1446024056083,-588.522102691723,179.2283583714183,f_2,-0.9476909003526766,-0.9995298517643826,-1.0509795498024825
Pagetopsis macropterus,Teleostei,Perciformes,Channichthyidae,Pagetopsis,macropterus,-1.1191864077192086,42.48569257127682,-2756.047650778884,216.10347744287705,-1994.1446024056083,-588.522102691723,179.2283583714183,f_2,-2.1488395314891213,-1.938065260585145,-1.896777729160166
Paranotothenia magellanica,Teleostei,Perciformes,Nototheniidae,Paranotothenia,magellanica,-0.6989700043360187,41.68450763593485,-2756.047650778884,216.10347744287705,-1994.1446024056083,-588.522102691723,179.2283583714183,f_2,-1.1358450439979744,-1.5208364110045773,-1.564166972918388
Pseudochaenichthys georgianus,Teleostei,Perciformes,Channichthyidae,Pseudochaenichthys,georgianus,-1.4473317838878068,42.40806477560484,-2756.047650778884,216.10347744287705,-1994.1446024056083,-588.522102691723,179.2283583714183,f_2,-2.2553221912341366,-2.3270051084741596,-2.223613294827625
Alburnus alburnus,Teleostei,Cypriniformes,Cyprinidae,Alburnus,alburnus,-2.6946486310000117,39.85906551895677,-3373.757546678929,5449.495628100146,2918.0786935949145,-65.46878555213755,-4366.756910074552,f_2,-2.6547042566474937,-2.533365639122271,-2.4432696298075145
Alburnus alburnus,Teleostei,Cypriniformes,Cyprinidae,Alburnus,alburnus,-2.0457574910000025,41.2767808139579,-3373.757546678929,5449.495628100146,2918.0786935949145,-65.46878555213755,-4366.756910074552,f_2,-2.552972237761585,-2.4314119716973885,-2.3046465821762743
Alburnus alburnus,Teleostei,Cypriniformes,Cyprinidae,Alburnus,alburnus,-1.9586073150000003,40.55553704645907,-3373.757546678929,5449.495628100146,2918.0786935949145,-65.46878555213755,-4366.756910074552,f_2,-2.167514924470233,-2.142235512255633,-2.0786202051545475
Alburnus alburnus,Teleostei,Cypriniformes,Cyprinidae,Alburnus,alburnus,-1.8860566480000023,39.99643951695421,-3373.757546678929,5449.495628100146,2918.0786935949145,-65.46878555213755,-4366.756910074552,f_2,-2.013060152933831,-1.8580187475932721,-1.8199189502321937
Ameiurus natalis,Teleostei,Siluriformes,Ictaluridae,Ameiurus,natalis,-2.6989700040000053,40.69776232103897,-3643.051895229117,8160.737153174095,5777.252841030514,466.7322415737173,1795.1630414385625,f_2,-3.1092747369773925,-2.9278205128155994,-2.879954225479926
Ameiurus natalis,Teleostei,Siluriformes,Ictaluridae,Ameiurus,natalis,-2.397940009000006,39.99643951695421,-3643.051895229117,8160.737153174095,5777.252841030514,466.7322415737173,1795.1630414385625,f_2,-2.6529087051285876,-2.539210347019022,-2.553120024010175
Ameiurus natalis,Teleostei,Siluriformes,Ictaluridae,Ameiurus,natalis,-2.3010299960000036,38.663891140577256,-3643.051895229117,8160.737153174095,5777.252841030514,466.7322415737173,1795.1630414385625,f_2,-2.3891154349012704,-2.2996456270392636,-2.3935826237946145
Ameiurus natalis,Teleostei,Siluriformes,Ictaluridae,Ameiurus,natalis,-2.3010299960000036,39.31887828508983,-3643.051895229117,8160.737153174095,5777.252841030514,466.7322415737173,1795.1630414385625,f_2,-2.3809209564351432,-2.378218759090612,-2.394779124011621
Ameiurus natalis,Teleostei,Siluriformes,Ictaluridae,Ameiurus,natalis,-1.6989700040000009,40.274047981413375,-3643.051895229117,8160.737153174095,5777.252841030514,466.7322415737173,1795.1630414385625,f_2,-2.3932713942973445,-2.0406962218159492,-2.1142917955943092
Ameiurus natalis,Teleostei,Siluriformes,Ictaluridae,Ameiurus,natalis,-1.6382721640000018,38.92324979320565,-3643.051895229117,8160.737153174095,5777.252841030514,466.7322415737173,1795.1630414385625,f_2,-2.084789070609737,-1.796848538857171,-1.8441776724941021
Anguilla rostrata,Teleostei,Anguilliformes,Anguillidae,Anguilla,rostrata,-3.1135092750000513,40.274047981413375,-3373.757546678929,5449.495628100146,2918.0786935949145,-65.46878555213755,-4366.756910074552,f_2,-3.2933650885014463,-3.0082057281677312,-3.018428131241098
Anguilla rostrata,Teleostei,Anguilliformes,Anguillidae,Anguilla,rostrata,-3.0861861480000514,38.92324979320565,-3373.757546678929,5449.495628100146,2918.0786935949145,-65.46878555213755,-4366.756910074552,f_2,-2.528007932980548,-2.809775164034744,-2.7285199261550215
Anguilla rostrata,Teleostei,Anguilliformes,Anguillidae,Anguilla,rostrata,-3.017728767000016,39.5871292029482,-3373.757546678929,5449.495628100146,2918.0786935949145,-65.46878555213755,-4366.756910074552,f_2,-2.7120301577671393,-2.762247654648355,-2.6853773880990737
Anguilla rostrata,Teleostei,Anguilliformes,Anguillidae,Anguilla,rostrata,-2.337242168000003,38.92324979320565,-3373.757546678929,5449.495628100146,2918.0786935949145,-65.46878555213755,-4366.756910074552,f_2,-2.2423969237697716,-2.2177729262989287,-2.1741327506654438
Anguilla rostrata,Teleostei,Anguilliformes,Anguillidae,Anguilla,rostrata,-2.3169529620000033,40.274047981413375,-3373.757546678929,5449.495628100146,2918.0786935949145,-65.46878555213755,-4366.756910074552,f_2,-2.824167709123013,-2.3691407104247326,-2.3808887373202383
Anguilla rostrata,Teleostei,Anguilliformes,Anguillidae,Anguilla,rostrata,-2.294136288000005,38.92324979320565,-3373.757546678929,5449.495628100146,2918.0786935949145,-65.46878555213755,-4366.756910074552,f_2,-2.1603729772532443,-2.16121255644246,-2.1356245554975644
Anguilla rostrata,Teleostei,Anguilliformes,Anguillidae,Anguilla,rostrata,-2.266802735000005,39.5871292029482,-3373.757546678929,5449.495628100146,2918.0786935949145,-65.46878555213755,-4366.756910074552,f_2,-2.530979432865211,-2.172254860072879,-2.117966618793595
Anguilla rostrata,Teleostei,Anguilliformes,Anguillidae,Anguilla,rostrata,-2.207608311000001,40.274047981413375,-3373.757546678929,5449.495628100146,2918.0786935949145,-65.46878555213755,-4366.756910074552,f_2,-2.5387317982299074,-2.306546619904481,-2.2738981874405146
Anguilla rostrata,Teleostei,Anguilliformes,Anguillidae,Anguilla,rostrata,-2.169411331000002,39.5871292029482,-3373.757546678929,5449.495628100146,2918.0786935949145,-65.46878555213755,-4366.756910074552,f_2,-2.257496770274518,-2.098228010966286,-2.0172457901016196
Anguilla rostrata,Teleostei,Anguilliformes,Anguillidae,Anguilla,rostrata,-0.6695862269999998,40.274047981413375,-3373.757546678929,5449.495628100146,2918.0786935949145,-65.46878555213755,-4366.756910074552,f_2,-1.6326026603976396,-1.0715872332457046,-1.0447214149533035
Anguilla rostrata,Teleostei,Anguilliformes,Anguillidae,Anguilla,rostrata,-0.5016894459999999,40.274047981413375,-3373.757546678929,5449.495628100146,2918.0786935949145,-65.46878555213755,-4366.756910074552,f_2,-1.5896446165655311,-1.0363577911061435,-0.9678909088635188
Anoplogaster cornuta,Teleostei,Beryciformes,Anoplogastridae,Anoplogaster,cornuta,-1.5058454060000008,41.72197348856467,-3649.0699176841617,8221.372203174908,5841.226629477732,478.6623617440597,1934.1702622999533,f_2,-2.6151201445104357,-2.3048105661972387,-2.22819225407902
Anoplogaster cornuta,Teleostei,Beryciformes,Anoplogastridae,Anoplogaster,cornuta,-1.4749551929999998,41.72197348856467,-3649.0699176841617,8221.372203174908,5841.226629477732,478.6623617440597,1934.1702622999533,f_2,-2.6065063259899035,-2.2804804255908135,-2.203862113472595
Anoplogaster cornuta,Teleostei,Beryciformes,Anoplogastridae,Anoplogaster,cornuta,-1.4353339360000004,41.72197348856467,-3649.0699176841617,8221.372203174908,5841.226629477732,478.6623617440597,1934.1702622999533,f_2,-3.3685174145517935,-2.249273429581649,-2.173666906308492
Anoplogaster cornuta,Teleostei,Beryciformes,Anoplogastridae,Anoplogaster,cornuta,-1.4353339360000004,41.72197348856467,-3649.0699176841617,8221.372203174908,5841.226629477732,478.6623617440597,1934.1702622999533,f_2,-3.146668663808057,-2.249273429581649,-2.173666906308492
Anoplogaster cornuta,Teleostei,Beryciformes,Anoplogastridae,Anoplogaster,cornuta,-1.4353339360000004,41.72197348856467,-3649.0699176841617,8221.372203174908,5841.226629477732,478.6623617440597,1934.1702622999533,f_2,-2.7316953173981804,-2.249273429581649,-2.173666906308492
Anoplogaster cornuta,Teleostei,Beryciformes,Anoplogastridae,Anoplogaster,cornuta,-1.4353339360000004,41.72197348856467,-3649.0699176841617,8221.372203174908,5841.226629477732,478.6623617440597,1934.1702622999533,f_2,-2.566885068615242,-2.249273429581649,-2.173666906308492
Anoplogaster cornuta,Teleostei,Beryciformes,Anoplogastridae,Anoplogaster,cornuta,-1.4353339360000004,41.72197348856467,-3649.0699176841617,8221.372203174908,5841.226629477732,478.6623617440597,1934.1702622999533,f_2,-2.503215988705417,-2.249273429581649,-2.173666906308492
Anoplogaster cornuta,Teleostei,Beryciformes,Anoplogastridae,Anoplogaster,cornuta,-1.3716110700000002,41.72197348856467,-3649.0699176841617,8221.372203174908,5841.226629477732,478.6623617440597,1934.1702622999533,f_2,-2.50316220278143,-2.1990832191863916,-2.1187477528037224
Anoplogaster cornuta,Teleostei,Beryciformes,Anoplogastridae,Anoplogaster,cornuta,-1.3585258890000005,41.72197348856467,-3649.0699176841617,8221.372203174908,5841.226629477732,478.6623617440597,1934.1702622999533,f_2,-2.467800627847662,-2.1840933580451116,-2.1112465804921774
Anoplogaster cornuta,Teleostei,Beryciformes,Anoplogastridae,Anoplogaster,cornuta,-1.3448615650000006,41.72197348856467,-3649.0699176841617,8221.372203174908,5841.226629477732,478.6623617440597,1934.1702622999533,f_2,-2.4541363033742414,-2.1733308901977146,-2.0967909492498524
Anoplogaster cornuta,Teleostei,Beryciformes,Anoplogastridae,Anoplogaster,cornuta,-1.2932822180000003,41.72197348856467,-3649.0699176841617,8221.372203174908,5841.226629477732,478.6623617440597,1934.1702622999533,f_2,-2.1595189072772074,-2.1327053119636785,-2.0561653710158163
Bathylagoides wesethi,Teleostei,Osmeriformes,Bathylagidae,Bathylagoides,wesethi,-2.8239087410000243,40.9852266496354,-2756.0476507788835,216.10347744287705,-1994.144602405609,-588.5221026917229,179.22835837142162,f_2,-3.100674566006438,-3.0522270127068705,-3.032064990001845
Caranx hippos,Teleostei,Perciformes,Carangidae,Caranx,hippos,-1.4168012260000002,40.31602197618295,-2756.047650778884,216.10347744287705,-1994.1446024056083,-588.522102691723,179.2283583714183,f_2,-1.4749234417955444,-1.7940132324190707,-1.7845449706742402
Carassius carassius,Teleostei,Cypriniformes,Cyprinidae,Carassius,carassius,-2.351639989000008,40.134763706879696,-3637.01583887237,8099.9161555794,5713.08006386565,454.76296588698006,1655.6186343081702,f_2,-2.5524297087177312,-2.522107415058599,-2.5876174300321972
Carassius carassius,Teleostei,Cypriniformes,Cyprinidae,Carassius,carassius,-2.351639989000008,40.134763706879696,-3637.01583887237,8099.9161555794,5713.08006386565,454.76296588698006,1655.6186343081702,f_2,-2.4831911221444085,-2.522107415058599,-2.5876174300321972
Carassius carassius,Teleostei,Cypriniformes,Cyprinidae,Carassius,carassius,-2.3010299960000036,39.85906551895677,-3637.01583887237,8099.9161555794,5713.08006386565,454.76296588698006,1655.6186343081702,f_2,-2.587483088481457,-2.4411865844625527,-2.4958166965708832
Carassius carassius,Teleostei,Cypriniformes,Cyprinidae,Carassius,carassius,-2.283996656000001,39.85906551895677,-3637.01583887237,8099.9161555794,5713.08006386565,454.76296588698006,1655.6186343081702,f_2,-2.5704497488955282,-2.42682716054587,-2.475236486512798
Carassius carassius,Teleostei,Cypriniformes,Cyprinidae,Carassius,carassius,-2.060480747000001,40.06548222283536,-3637.01583887237,8099.9161555794,5713.08006386565,454.76296588698006,1655.6186343081702,f_2,-2.240336559959932,-2.251038887567111,-2.2591277074108147
Carassius carassius,Teleostei,Cypriniformes,Cyprinidae,Carassius,carassius,-1.9208187540000028,40.274047981413375,-3637.01583887237,8099.9161555794,5713.08006386565,454.76296588698006,1655.6186343081702,f_2,-2.301739710097518,-2.2436364106447417,-2.3292522199800008
Carassius carassius,Teleostei,Cypriniformes,Cyprinidae,Carassius,carassius,-1.9030899870000006,41.72197348856467,-3637.01583887237,8099.9161555794,5713.08006386565,454.76296588698006,1655.6186343081702,f_2,-3.313394720253907,-2.6590590461656927,-2.6466378211648287
Carassius carassius,Teleostei,Cypriniformes,Cyprinidae,Carassius,carassius,-1.9030899870000006,40.9852266496354,-3637.01583887237,8099.9161555794,5713.08006386565,454.76296588698006,1655.6186343081702,f_2,-2.781915803503694,-2.380936472906969,-2.437902997443117
Carassius carassius,Teleostei,Cypriniformes,Cyprinidae,Carassius,carassius,-1.9030899870000006,40.274047981413375,-3637.01583887237,8099.9161555794,5713.08006386565,454.76296588698006,1655.6186343081702,f_2,-2.4808858078397127,-2.2206776273798656,-2.3152884640846114
Carassius carassius,Teleostei,Cypriniformes,Cyprinidae,Carassius,carassius,-1.9030899870000006,40.274047981413375,-3637.01583887237,8099.9161555794,5713.08006386565,454.76296588698006,1655.6186343081702,f_2,-2.4157676297176107,-2.2206776273798656,-2.3152884640846114
Carassius carassius,Teleostei,Cypriniformes,Cyprinidae,Carassius,carassius,-1.9030899870000006,40.274047981413375,-3637.01583887237,8099.9161555794,5713.08006386565,454.76296588698006,1655.6186343081702,f_2,-2.3995808682334623,-2.2206776273798656,-2.3152884640846114
Carassius carassius,Teleostei,Cypriniformes,Cyprinidae,Carassius,carassius,-1.9030899870000006,39.5871292029482,-3637.01583887237,8099.9161555794,5713.08006386565,454.76296588698006,1655.6186343081702,f_2,-2.103879706201613,-2.1011025970508292,-2.159858162417076
Carassius carassius,Teleostei,Cypriniformes,Cyprinidae,Carassius,carassius,-1.9030899870000006,38.92324979320565,-3637.01583887237,8099.9161555794,5713.08006386565,454.76296588698006,1655.6186343081702,f_2,-1.9404827178728346,-2.002879071694233,-2.0811865479847302
Carassius carassius,Teleostei,Cypriniformes,Cyprinidae,Carassius,carassius,-1.793174124000002,40.274047981413375,-3637.01583887237,8099.9161555794,5713.08006386565,454.76296588698006,1655.6186343081702,f_2,-2.0131471597342543,-2.118519063063872,-2.223298583436047
Carassius carassius,Teleostei,Cypriniformes,Cyprinidae,Carassius,carassius,-1.2218487500000006,39.72263195565382,-3637.01583887237,8099.9161555794,5713.08006386565,454.76296588698006,1655.6186343081702,f_2,-1.4589672151019055,-1.557921018880138,-1.5952665075059003
Chromis chromis,Teleostei,Perciformes,Pomacentridae,Chromis,chromis,-4.0969100130000005,39.05423835047708,-3649.0699176841617,8221.372203174908,5841.226629477732,478.6623617440597,1934.1702622999533,f_2,-4.334028455099366,-3.6811356623240807,-3.6913091573806627
Chromis chromis,Teleostei,Perciformes,Pomacentridae,Chromis,chromis,-2.8068754020000175,39.13325552468138,-3649.0699176841617,8221.372203174908,5841.226629477732,478.6623617440597,1934.1702622999533,f_2,-2.493724463184671,-2.723514337767846,-2.6621605191058206
Chromis chromis,Teleostei,Perciformes,Pomacentridae,Chromis,chromis,-1.9829666610000016,40.134763706879696,-3649.0699176841617,8221.372203174908,5841.226629477732,478.6623617440597,1934.1702622999533,f_2,-2.2694197536802174,-2.2199616817614554,-2.1860049609169705
Chromis chromis,Teleostei,Perciformes,Pomacentridae,Chromis,chromis,-1.8794260690000024,39.26566376533332,-3649.0699176841617,8221.372203174908,5841.226629477732,478.6623617440597,1934.1702622999533,f_2,-1.7382808047103762,-2.021281165935406,-1.9764565161597434
Coregonus autumnalis,Teleostei,Salmoniformes,Salmonidae,Coregonus,autumnalis,-0.8860566479999996,41.46852573108545,-2756.047650778884,216.10347744287705,-1994.1446024056083,-588.522102691723,179.2283583714183,f_2,-1.0176077805248944,-1.6205300735871546,-1.6602876490525713
Coregonus autumnalis,Teleostei,Salmoniformes,Salmonidae,Coregonus,autumnalis,-0.8041003479999997,41.3945672403933,-2756.047650778884,216.10347744287705,-1994.1446024056083,-588.522102691723,179.2283583714183,f_2,-0.8433372192753402,-1.5388493444214664,-1.50650816663225
Coregonus autumnalis,Teleostei,Salmoniformes,Salmonidae,Coregonus,autumnalis,-0.756961951,41.424118957145325,-2756.047650778884,216.10347744287705,-1994.1446024056083,-588.522102691723,179.2283583714183,f_2,-0.904815595418833,-1.505683201244767,-1.5276570540303493
Diaphus theta,Teleostei,Myctophiformes,Myctophidae,Diaphus,theta,-2.677780705000003,40.9852266496354,-3649.0699176841617,8221.372203174908,5841.226629477732,478.6623617440597,1934.1702622999533,f_2,-2.615328990123077,-2.9814990349442163,-2.9177092018537936
Diaphus theta,Teleostei,Myctophiformes,Myctophidae,Diaphus,theta,-2.5767541260000146,41.72197348856467,-3649.0699176841617,8221.372203174908,5841.226629477732,478.6623617440597,1934.1702622999533,f_2,-2.802367429194516,-3.1607844721189604,-3.0279038040762494
Diplodus sargus,Teleostei,Spariformes,Sparidae,Diplodus,sargus,-1.6989700040000009,40.41430237104044,-2756.047650778884,216.10347744287705,-1994.1446024056083,-588.522102691723,179.2283583714183,f_2,-1.6843931016061677,-2.0390201187537698,-2.021499377290019
Diplodus sargus,Teleostei,Spariformes,Sparidae,Diplodus,sargus,-1.5892227670000008,40.41430237104044,-2756.047650778884,216.10347744287705,-1994.1446024056083,-588.522102691723,179.2283583714183,f_2,-1.7230656963455195,-1.95261998812072,-1.9521435813416488
Esox masquinongy,Teleostei,Esociformes,Esocidae,Esox,masquinongy,-2.017728767000002,38.92324979320565,-2756.047650778884,216.10347744287705,-1994.1446024056088,-588.522102691723,179.22835837141835,f_2,-2.0935797495833532,-1.9606873592077443,-2.000793576228509
Esox masquinongy,Teleostei,Esociformes,Esocidae,Esox,masquinongy,-1.9507819770000028,38.92324979320565,-2756.047650778884,216.10347744287705,-1994.1446024056088,-588.522102691723,179.22835837141835,f_2,-1.984509754140215,-1.969073269309454,-1.9941852994782296
Esox masquinongy,Teleostei,Esociformes,Esocidae,Esox,masquinongy,-1.913640169000001,41.72197348856467,-2756.047650778884,216.10347744287705,-1994.1446024056088,-588.522102691723,179.22835837141835,f_2,-2.319623529238106,-2.5476449891370914,-2.5160187329500223
Esox masquinongy,Teleostei,Esociformes,Esocidae,Esox,masquinongy,-1.913640169000001,40.274047981413375,-2756.047650778884,216.10347744287705,-1994.1446024056088,-588.522102691723,179.22835837141835,f_2,-2.001725608572234,-2.207818643443502,-2.2127044875951354
Esox masquinongy,Teleostei,Esociformes,Esocidae,Esox,masquinongy,-1.88941029,41.72197348856467,-2756.047650778884,216.10347744287705,-1994.1446024056088,-588.522102691723,179.22835837141835,f_2,-2.2826816845254365,-2.5149646539789625,-2.4945485745970277
Esox masquinongy,Teleostei,Esociformes,Esocidae,Esox,masquinongy,-1.8538719640000025,40.274047981413375,-2756.047650778884,216.10347744287705,-1994.1446024056088,-588.522102691723,179.22835837141835,f_2,-2.0968593633518,-2.137682331989394,-2.150158283399448
Esox masquinongy,Teleostei,Esociformes,Esocidae,Esox,masquinongy,-1.7986028760000006,38.92324979320565,-2756.047650778884,216.10347744287705,-1994.1446024056088,-588.522102691723,179.22835837141835,f_2,-1.8305097086803166,-1.847877946443474,-1.8853740690573064
Esox masquinongy,Teleostei,Esociformes,Esocidae,Esox,masquinongy,-1.7212463990000022,40.274047981413375,-2756.047650778884,216.10347744287705,-1994.1446024056088,-588.522102691723,179.22835837141835,f_2,-1.8550893287967467,-2.0444372947009275,-2.069132736924514
Esox masquinongy,Teleostei,Esociformes,Esocidae,Esox,masquinongy,-1.7166987710000015,41.72197348856467,-2756.047650778884,216.10347744287705,-1994.1446024056088,-588.522102691723,179.22835837141835,f_2,-2.0588176435773837,-2.384794576962627,-2.370675821646315
Fundulus heteroclitus,Teleostei,Cyprinodontiformes,Fundulidae,Fundulus,heteroclitus,-3.698970004000092,41.72197348856467,-3649.0699176841617,8221.372203174908,5841.226629477732,478.6623617440597,1934.1702622999533,f_2,-3.0232710335150657,-4.055217109720811,-3.880299724866246
Fundulus heteroclitus,Teleostei,Cyprinodontiformes,Fundulidae,Fundulus,heteroclitus,-3.698970004000092,40.55553704645907,-3649.0699176841617,8221.372203174908,5841.226629477732,478.6623617440597,1934.1702622999533,f_2,-2.467899793150745,-3.6780634168974142,-3.5448912051727675
Fundulus heteroclitus,Teleostei,Cyprinodontiformes,Fundulidae,Fundulus,heteroclitus,-3.698970004000092,39.45254776761606,-3649.0699176841617,8221.372203174908,5841.226629477732,478.6623617440597,1934.1702622999533,f_2,-2.4191672985895822,-3.461583761162607,-3.424440222281852
Fundulus heteroclitus,Teleostei,Cyprinodontiformes,Fundulidae,Fundulus,heteroclitus,-3.698970004000092,38.40796599650592,-3649.0699176841617,8221.372203174908,5841.226629477732,478.6623617440597,1934.1702622999533,f_2,-2.400514014793053,-3.3258872267759974,-3.2610489259723066
Fundulus heteroclitus,Teleostei,Cyprinodontiformes,Fundulidae,Fundulus,heteroclitus,-2.886056648000009,41.72197348856467,-3649.0699176841617,8221.372203174908,5841.226629477732,478.6623617440597,1934.1702622999533,f_2,-3.1925576621282636,-3.413818063408292,-3.2770606001705955
Fundulus heteroclitus,Teleostei,Cyprinodontiformes,Fundulidae,Fundulus,heteroclitus,-2.886056648000009,40.55553704645907,-3649.0699176841617,8221.372203174908,5841.226629477732,478.6623617440597,1934.1702622999533,f_2,-2.6975708742285525,-3.039059314920328,-2.931801366121409
Fundulus heteroclitus,Teleostei,Cyprinodontiformes,Fundulidae,Fundulus,heteroclitus,-2.886056648000009,38.40796599650592,-3649.0699176841617,8221.372203174908,5841.226629477732,478.6623617440597,1934.1702622999533,f_2,-2.5435449506872128,-2.6961329702395727,-2.638663358863325
Fundulus heteroclitus,Teleostei,Cyprinodontiformes,Fundulidae,Fundulus,heteroclitus,-2.886056648000009,39.45254776761606,-3649.0699176841617,8221.372203174908,5841.226629477732,478.6623617440597,1934.1702622999533,f_2,-2.5404865256377382,-2.822735546584476,-2.807583817181186
Fundulus heteroclitus,Teleostei,Cyprinodontiformes,Fundulidae,Fundulus,heteroclitus,-2.283996656000001,39.51972390888562,-3649.0699176841617,8221.372203174908,5841.226629477732,478.6623617440597,1934.1702622999533,f_2,-2.3518787094646063,-2.3885685078336416,-2.372026957034892
Fundulus heteroclitus,Teleostei,Cyprinodontiformes,Fundulidae,Fundulus,heteroclitus,-2.283996656000001,39.51972390888562,-3649.0699176841617,8221.372203174908,5841.226629477732,478.6623617440597,1934.1702622999533,f_2,-2.2629376262885676,-2.3885685078336416,-2.372026957034892
Fundulus heteroclitus,Teleostei,Cyprinodontiformes,Fundulidae,Fundulus,heteroclitus,-2.283996656000001,39.51972390888562,-3649.0699176841617,8221.372203174908,5841.226629477732,478.6623617440597,1934.1702622999533,f_2,-2.2471433587895997,-2.3885685078336416,-2.372026957034892
Fundulus heteroclitus,Teleostei,Cyprinodontiformes,Fundulidae,Fundulus,heteroclitus,-2.0457574910000025,41.72197348856467,-3649.0699176841617,8221.372203174908,5841.226629477732,478.6623617440597,1934.1702622999533,f_2,-3.3421188741043806,-2.757299987711715,-2.624677357555303
Fundulus heteroclitus,Teleostei,Cyprinodontiformes,Fundulidae,Fundulus,heteroclitus,-2.0457574910000025,40.55553704645907,-3649.0699176841617,8221.372203174908,5841.226629477732,478.6623617440597,1934.1702622999533,f_2,-2.92458330796481,-2.345669691533721,-2.2679823633209946
Fundulus heteroclitus,Teleostei,Cyprinodontiformes,Fundulidae,Fundulus,heteroclitus,-2.0457574910000025,38.40796599650592,-3649.0699176841617,8221.372203174908,5841.226629477732,478.6623617440597,1934.1702622999533,f_2,-2.6852102133305324,-2.0212767697783067,-1.9859363036184519
Fundulus heteroclitus,Teleostei,Cyprinodontiformes,Fundulidae,Fundulus,heteroclitus,-2.0457574910000025,39.45254776761606,-3649.0699176841617,8221.372203174908,5841.226629477732,478.6623617440597,1934.1702622999533,f_2,-2.6707323889655994,-2.147105709400892,-2.135256416648841
Fundulus heteroclitus,Teleostei,Cyprinodontiformes,Fundulidae,Fundulus,heteroclitus,-2.0,39.5871292029482,-3649.0699176841617,8221.372203174908,5841.226629477732,478.6623617440597,1934.1702622999533,f_2,-1.4991471251768405,-2.16386712872905,-2.1474823691320504
Fundulus heteroclitus,Teleostei,Cyprinodontiformes,Fundulidae,Fundulus,heteroclitus,-1.8860566480000023,39.45254776761606,-3649.0699176841617,8221.372203174908,5841.226629477732,478.6623617440597,1934.1702622999533,f_2,-3.017607779519898,-2.0458038124646754,-2.044270322035863
Fundulus heteroclitus,Teleostei,Cyprinodontiformes,Fundulidae,Fundulus,heteroclitus,-1.8761483590000025,39.439139934899785,-3649.0699176841617,8221.372203174908,5841.226629477732,478.6623617440597,1934.1702622999533,f_2,-2.000895783838714,-2.036202314195366,-2.0283139711870195
Fundulus similis,Teleostei,Cyprinodontiformes,Fundulidae,Fundulus,similis,-2.0222763950000036,38.92324979320565,-3649.0699176841617,8221.372203174908,5841.226629477732,478.6623617440597,1934.1702622999533,f_2,-2.9140671882219307,-2.071629389885403,-2.0557298657818235
Fundulus similis,Teleostei,Cyprinodontiformes,Fundulidae,Fundulus,similis,-2.0222763950000036,38.92324979320565,-3649.0699176841617,8221.372203174908,5841.226629477732,478.6623617440597,1934.1702622999533,f_2,-2.7513398908479396,-2.071629389885403,-2.0557298657818235
Fundulus similis,Teleostei,Cyprinodontiformes,Fundulidae,Fundulus,similis,-2.0222763950000036,38.92324979320565,-3649.0699176841617,8221.372203174908,5841.226629477732,478.6623617440597,1934.1702622999533,f_2,-2.640189439208199,-2.071629389885403,-2.0557298657818235
Fundulus similis,Teleostei,Cyprinodontiformes,Fundulidae,Fundulus,similis,-2.0222763950000036,38.92324979320565,-3649.0699176841617,8221.372203174908,5841.226629477732,478.6623617440597,1934.1702622999533,f_2,-2.5349540375360538,-2.071629389885403,-2.0557298657818235
Fundulus similis,Teleostei,Cyprinodontiformes,Fundulidae,Fundulus,similis,-1.9393021600000022,38.92324979320565,-3649.0699176841617,8221.372203174908,5841.226629477732,478.6623617440597,1934.1702622999533,f_2,-2.951666885099782,-2.0354709148313064,-2.0368825704150675
Fundulus similis,Teleostei,Cyprinodontiformes,Fundulidae,Fundulus,similis,-1.9393021600000022,38.92324979320565,-3649.0699176841617,8221.372203174908,5841.226629477732,478.6623617440597,1934.1702622999533,f_2,-2.7585422868559903,-2.0354709148313064,-2.0368825704150675
Fundulus similis,Teleostei,Cyprinodontiformes,Fundulidae,Fundulus,similis,-1.9393021600000022,38.92324979320565,-3649.0699176841617,8221.372203174908,5841.226629477732,478.6623617440597,1934.1702622999533,f_2,-2.6253310243339216,-2.0354709148313064,-2.0368825704150675
Fundulus similis,Teleostei,Cyprinodontiformes,Fundulidae,Fundulus,similis,-1.9393021600000022,38.92324979320565,-3649.0699176841617,8221.372203174908,5841.226629477732,478.6623617440597,1934.1702622999533,f_2,-2.274059932234143,-2.0354709148313064,-2.0368825704150675
Fundulus similis,Teleostei,Cyprinodontiformes,Fundulidae,Fundulus,similis,-1.9393021600000022,38.92324979320565,-3649.0699176841617,8221.372203174908,5841.226629477732,478.6623617440597,1934.1702622999533,f_2,-2.1764206250987415,-2.0354709148313064,-2.0368825704150675
Fundulus similis,Teleostei,Cyprinodontiformes,Fundulidae,Fundulus,similis,-1.872895202000003,38.92324979320565,-3649.0699176841617,8221.372203174908,5841.226629477732,478.6623617440597,1934.1702622999533,f_2,-2.8208019383882625,-1.9802227171523759,-1.974042080202252
Fundulus similis,Teleostei,Cyprinodontiformes,Fundulidae,Fundulus,similis,-1.872895202000003,38.92324979320565,-3649.0699176841617,8221.372203174908,5841.226629477732,478.6623617440597,1934.1702622999533,f_2,-2.542837246386437,-1.9802227171523759,-1.974042080202252
Fundulus similis,Teleostei,Cyprinodontiformes,Fundulidae,Fundulus,similis,-1.872895202000003,38.92324979320565,-3649.0699176841617,8221.372203174908,5841.226629477732,478.6623617440597,1934.1702622999533,f_2,-2.505048684865478,-1.9802227171523759,-1.974042080202252
Fundulus similis,Teleostei,Cyprinodontiformes,Fundulidae,Fundulus,similis,-1.872895202000003,38.92324979320565,-3649.0699176841617,8221.372203174908,5841.226629477732,478.6623617440597,1934.1702622999533,f_2,-2.0790799528826613,-1.9802227171523759,-1.974042080202252
Fundulus similis,Teleostei,Cyprinodontiformes,Fundulidae,Fundulus,similis,-1.6777807050000009,38.92324979320565,-3649.0699176841617,8221.372203174908,5841.226629477732,478.6623617440597,1934.1702622999533,f_2,-3.1849954506199762,-1.8279899548025373,-1.8225726793954842
Fundulus similis,Teleostei,Cyprinodontiformes,Fundulidae,Fundulus,similis,-1.6777807050000009,38.92324979320565,-3649.0699176841617,8221.372203174908,5841.226629477732,478.6623617440597,1934.1702622999533,f_2,-2.911994179787576,-1.8279899548025373,-1.8225726793954842
Fundulus similis,Teleostei,Cyprinodontiformes,Fundulidae,Fundulus,similis,-1.6777807050000009,38.92324979320565,-3649.0699176841617,8221.372203174908,5841.226629477732,478.6623617440597,1934.1702622999533,f_2,-2.486025447761565,-1.8279899548025373,-1.8225726793954842
Fundulus similis,Teleostei,Cyprinodontiformes,Fundulidae,Fundulus,similis,-1.6777807050000009,38.92324979320565,-3649.0699176841617,8221.372203174908,5841.226629477732,478.6623617440597,1934.1702622999533,f_2,-2.3027556039939823,-1.8279899548025373,-1.8225726793954842
Fundulus similis,Teleostei,Cyprinodontiformes,Fundulidae,Fundulus,similis,-1.6777807050000009,38.92324979320565,-3649.0699176841617,8221.372203174908,5841.226629477732,478.6623617440597,1934.1702622999533,f_2,-2.1242976117118486,-1.8279899548025373,-1.8225726793954842
Gillichthys mirabilis,Teleostei,Perciformes,Gobiidae,Gillichthys,mirabilis,-3.698970004000092,40.274047981413375,-3649.0699176841617,8221.372203174908,5841.226629477732,478.6623617440597,1934.1702622999533,f_2,-3.9630164337471845,-3.685041224431332,-3.5825842183009184
Gillichthys mirabilis,Teleostei,Perciformes,Gobiidae,Gillichthys,mirabilis,-3.4685210830000246,40.274047981413375,-3649.0699176841617,8221.372203174908,5841.226629477732,478.6623617440597,1934.1702622999533,f_2,-3.8919238137807373,-3.504253016540926,-3.4086489723118376
Gillichthys mirabilis,Teleostei,Perciformes,Gobiidae,Gillichthys,mirabilis,-3.3872161430000918,40.274047981413375,-3649.0699176841617,8221.372203174908,5841.226629477732,478.6623617440597,1934.1702622999533,f_2,-3.793069234586911,-3.441763458254373,-3.3674383614833747
Gillichthys mirabilis,Teleostei,Perciformes,Gobiidae,Gillichthys,mirabilis,-3.3187587630000777,40.274047981413375,-3649.0699176841617,8221.372203174908,5841.226629477732,478.6623617440597,1934.1702622999533,f_2,-3.8151193753299344,-3.3878441900075753,-3.3102339087339754
Gillichthys mirabilis,Teleostei,Perciformes,Gobiidae,Gillichthys,mirabilis,-3.214670165000055,40.274047981413375,-3649.0699176841617,8221.372203174908,5841.226629477732,478.6623617440597,1934.1702622999533,f_2,-3.5717661865948807,-3.3058606107792254,-3.2491701628379257
Gillichthys mirabilis,Teleostei,Perciformes,Gobiidae,Gillichthys,mirabilis,-3.2006594510000146,40.274047981413375,-3649.0699176841617,8221.372203174908,5841.226629477732,478.6623617440597,1934.1702622999533,f_2,-3.8184422261372135,-3.2948253148549993,-3.2441826000417704
Gillichthys mirabilis,Teleostei,Perciformes,Gobiidae,Gillichthys,mirabilis,-3.16749108700004,40.274047981413375,-3649.0699176841617,8221.372203174908,5841.226629477732,478.6623617440597,1934.1702622999533,f_2,-3.6381462997643204,-3.268700828118555,-3.218058113305326
Gillichthys mirabilis,Teleostei,Perciformes,Gobiidae,Gillichthys,mirabilis,-3.0409586080000457,40.274047981413375,-3649.0699176841617,8221.372203174908,5841.226629477732,478.6623617440597,1934.1702622999533,f_2,-3.593800576336687,-3.169039715216898,-3.0995236739232803
Gillichthys mirabilis,Teleostei,Perciformes,Gobiidae,Gillichthys,mirabilis,-2.88941029000001,40.274047981413375,-3649.0699176841617,8221.372203174908,5841.226629477732,478.6623617440597,1934.1702622999533,f_2,-3.418771162509085,-3.0486785604204925,-2.97213574643529
Gillichthys mirabilis,Teleostei,Perciformes,Gobiidae,Gillichthys,mirabilis,-2.744727495000008,40.274047981413375,-3649.0699176841617,8221.372203174908,5841.226629477732,478.6623617440597,1934.1702622999533,f_2,-3.4225082001627745,-2.935948321037814,-2.8696741254386993
Gillichthys mirabilis,Teleostei,Perciformes,Gobiidae,Gillichthys,mirabilis,-2.7258421510000153,40.274047981413375,-3649.0699176841617,8221.372203174908,5841.226629477732,478.6623617440597,1934.1702622999533,f_2,-3.2383895245349863,-2.921073607324428,-2.858046929817707
Gillichthys mirabilis,Teleostei,Perciformes,Gobiidae,Gillichthys,mirabilis,-2.675717545000015,40.274047981413375,-3649.0699176841617,8221.372203174908,5841.226629477732,478.6623617440597,1934.1702622999533,f_2,-3.2050784175105806,-2.881593830612574,-2.807283371726392
Gillichthys mirabilis,Teleostei,Perciformes,Gobiidae,Gillichthys,mirabilis,-2.6575773190000094,40.274047981413375,-3649.0699176841617,8221.372203174908,5841.226629477732,478.6623617440597,1934.1702622999533,f_2,-3.1812610590944126,-2.867305996170887,-2.792995537284705
Gillichthys mirabilis,Teleostei,Perciformes,Gobiidae,Gillichthys,mirabilis,-2.6197887580000043,40.274047981413375,-3649.0699176841617,8221.372203174908,5841.226629477732,478.6623617440597,1934.1702622999533,f_2,-3.2896005338832275,-2.8340877003408633,-2.7645843762076776
Gillichthys mirabilis,Teleostei,Perciformes,Gobiidae,Gillichthys,mirabilis,-2.6197887580000043,40.274047981413375,-3649.0699176841617,8221.372203174908,5841.226629477732,478.6623617440597,1934.1702622999533,f_2,-3.22378324939358,-2.8340877003408633,-2.7645843762076776
Gillichthys mirabilis,Teleostei,Perciformes,Gobiidae,Gillichthys,mirabilis,-2.539102157000007,40.274047981413375,-3649.0699176841617,8221.372203174908,5841.226629477732,478.6623617440597,1934.1702622999533,f_2,-3.0859537622120925,-2.761368068430077,-2.695868417900246
Gillichthys mirabilis,Teleostei,Perciformes,Gobiidae,Gillichthys,mirabilis,-2.533132380000011,40.274047981413375,-3649.0699176841617,8221.372203174908,5841.226629477732,478.6623617440597,1934.1702622999533,f_2,-3.1579770097241795,-2.77086405155034,-2.622720667673212
Gillichthys mirabilis,Teleostei,Perciformes,Gobiidae,Gillichthys,mirabilis,-2.533132380000011,40.274047981413375,-3649.0699176841617,8221.372203174908,5841.226629477732,478.6623617440597,1934.1702622999533,f_2,-3.0859743483036715,-2.77086405155034,-2.622720667673212
Gillichthys mirabilis,Teleostei,Perciformes,Gobiidae,Gillichthys,mirabilis,-2.489454990000013,40.274047981413375,-3649.0699176841617,8221.372203174908,5841.226629477732,478.6623617440597,1934.1702622999533,f_2,-3.2561767783962496,-2.734384990506957,-2.6926067487803262
Gillichthys mirabilis,Teleostei,Perciformes,Gobiidae,Gillichthys,mirabilis,-2.484126156000005,40.274047981413375,-3649.0699176841617,8221.372203174908,5841.226629477732,478.6623617440597,1934.1702622999533,f_2,-3.5327030570550595,-2.7301878268134443,-2.6884095850868137
Gillichthys mirabilis,Teleostei,Perciformes,Gobiidae,Gillichthys,mirabilis,-2.484126156000005,40.274047981413375,-3649.0699176841617,8221.372203174908,5841.226629477732,478.6623617440597,1934.1702622999533,f_2,-3.389280911924769,-2.7301878268134443,-2.6884095850868137
Gillichthys mirabilis,Teleostei,Perciformes,Gobiidae,Gillichthys,mirabilis,-2.484126156000005,40.274047981413375,-3649.0699176841617,8221.372203174908,5841.226629477732,478.6623617440597,1934.1702622999533,f_2,-3.2816470319385957,-2.7301878268134443,-2.6884095850868137
Gillichthys mirabilis,Teleostei,Perciformes,Gobiidae,Gillichthys,mirabilis,-2.484126156000005,40.274047981413375,-3649.0699176841617,8221.372203174908,5841.226629477732,478.6623617440597,1934.1702622999533,f_2,-3.250978213220966,-2.7301878268134443,-2.6884095850868137
Gillichthys mirabilis,Teleostei,Perciformes,Gobiidae,Gillichthys,mirabilis,-2.484126156000005,40.274047981413375,-3649.0699176841617,8221.372203174908,5841.226629477732,478.6623617440597,1934.1702622999533,f_2,-3.213189650898176,-2.7301878268134443,-2.6884095850868137
Gillichthys mirabilis,Teleostei,Perciformes,Gobiidae,Gillichthys,mirabilis,-2.484126156000005,40.274047981413375,-3649.0699176841617,8221.372203174908,5841.226629477732,478.6623617440597,1934.1702622999533,f_2,-3.195460887091203,-2.7301878268134443,-2.6884095850868137
Gillichthys mirabilis,Teleostei,Perciformes,Gobiidae,Gillichthys,mirabilis,-2.484126156000005,40.274047981413375,-3649.0699176841617,8221.372203174908,5841.226629477732,478.6623617440597,1934.1702622999533,f_2,-3.146242862393798,-2.7301878268134443,-2.6884095850868137
Gillichthys mirabilis,Teleostei,Perciformes,Gobiidae,Gillichthys,mirabilis,-2.3829996590000007,40.274047981413375,-3649.0699176841617,8221.372203174908,5841.226629477732,478.6623617440597,1934.1702622999533,f_2,-3.0607803641452316,-2.661350537594077,-2.6117467212639385
Gillichthys mirabilis,Teleostei,Perciformes,Gobiidae,Gillichthys,mirabilis,-2.3260580010000007,40.274047981413375,-3649.0699176841617,8221.372203174908,5841.226629477732,478.6623617440597,1934.1702622999533,f_2,-2.9653804548128484,-2.5854797241463485,-2.5760489512888114
Gillichthys mirabilis,Teleostei,Perciformes,Gobiidae,Gillichthys,mirabilis,-2.0,40.9852266496354,-3649.0699176841617,8221.372203174908,5841.226629477732,478.6623617440597,1934.1702622999533,f_2,-2.866236689620933,-2.445776513103204,-2.4077736012212263
Gillichthys mirabilis,Teleostei,Perciformes,Gobiidae,Gillichthys,mirabilis,-2.0,39.05423835047708,-3649.0699176841617,8221.372203174908,5841.226629477732,478.6623617440597,1934.1702622999533,f_2,-2.4017045622788293,-2.0884732032796776,-2.023585090718073
Gillichthys mirabilis,Teleostei,Perciformes,Gobiidae,Gillichthys,mirabilis,-1.8538719640000025,39.5871292029482,-3649.0699176841617,8221.372203174908,5841.226629477732,478.6623617440597,1934.1702622999533,f_2,-2.033727776810394,-2.0458949138194376,-2.0221688272325906
Gillichthys mirabilis,Teleostei,Perciformes,Gobiidae,Gillichthys,mirabilis,-1.8538719640000025,39.5871292029482,-3649.0699176841617,8221.372203174908,5841.226629477732,478.6623617440597,1934.1702622999533,f_2,-2.0089041930419023,-2.0458949138194376,-2.0221688272325906
Gillichthys mirabilis,Teleostei,Perciformes,Gobiidae,Gillichthys,mirabilis,-1.8538719640000025,39.5871292029482,-3649.0699176841617,8221.372203174908,5841.226629477732,478.6623617440597,1934.1702622999533,f_2,-1.9631467026289893,-2.0458949138194376,-2.0221688272325906
Gillichthys mirabilis,Teleostei,Perciformes,Gobiidae,Gillichthys,mirabilis,-1.8538719640000025,39.5871292029482,-3649.0699176841617,8221.372203174908,5841.226629477732,478.6623617440597,1934.1702622999533,f_2,-1.8492033502880536,-2.0458949138194376,-2.0221688272325906
Gillichthys mirabilis,Teleostei,Perciformes,Gobiidae,Gillichthys,mirabilis,-1.8538719640000025,39.5871292029482,-3649.0699176841617,8221.372203174908,5841.226629477732,478.6623617440597,1934.1702622999533,f_2,-1.8170186668557613,-2.0458949138194376,-2.0221688272325906
Gillichthys mirabilis,Teleostei,Perciformes,Gobiidae,Gillichthys,mirabilis,-1.8477116560000004,40.84098865333191,-3649.0699176841617,8221.372203174908,5841.226629477732,478.6623617440597,1934.1702622999533,f_2,-2.3549264022715493,-2.2286093224385177,-2.269953217786747
Gillichthys mirabilis,Teleostei,Perciformes,Gobiidae,Gillichthys,mirabilis,-1.8477116560000004,40.274047981413375,-3649.0699176841617,8221.372203174908,5841.226629477732,478.6623617440597,1934.1702622999533,f_2,-2.1118883538974282,-2.143692844440655,-2.1638737708304285
Gillichthys mirabilis,Teleostei,Perciformes,Gobiidae,Gillichthys,mirabilis,-1.8477116560000004,39.5871292029482,-3649.0699176841617,8221.372203174908,5841.226629477732,478.6623617440597,1934.1702622999533,f_2,-1.8778051477339879,-2.0410428540483077,-2.0173167674614607
Gillichthys mirabilis,Teleostei,Perciformes,Gobiidae,Gillichthys,mirabilis,-1.8477116560000004,39.00173727388427,-3649.0699176841617,8221.372203174908,5841.226629477732,478.6623617440597,1934.1702622999533,f_2,-1.8430430414607681,-1.9624220550624067,-1.9014845641687057
Gillichthys mirabilis,Teleostei,Perciformes,Gobiidae,Gillichthys,mirabilis,-1.8477116560000004,38.45887962168769,-3649.0699176841617,8221.372203174908,5841.226629477732,478.6623617440597,1934.1702622999533,f_2,-1.7956183916659443,-1.9054783186900417,-1.8959558414553233
Gillichthys mirabilis,Teleostei,Perciformes,Gobiidae,Gillichthys,mirabilis,-1.7772835290000015,39.5871292029482,-3649.0699176841617,8221.372203174908,5841.226629477732,478.6623617440597,1934.1702622999533,f_2,-3.409437014287468,-1.98510244031766,-1.9784339218987796
Gillichthys mirabilis,Teleostei,Perciformes,Gobiidae,Gillichthys,mirabilis,-1.7772835290000015,39.5871292029482,-3649.0699176841617,8221.372203174908,5841.226629477732,478.6623617440597,1934.1702622999533,f_2,-2.585528271485058,-1.98510244031766,-1.9784339218987796
Gillichthys mirabilis,Teleostei,Perciformes,Gobiidae,Gillichthys,mirabilis,-1.7772835290000015,39.5871292029482,-3649.0699176841617,8221.372203174908,5841.226629477732,478.6623617440597,1934.1702622999533,f_2,-2.524830431373806,-1.98510244031766,-1.9784339218987796
Gillichthys mirabilis,Teleostei,Perciformes,Gobiidae,Gillichthys,mirabilis,-1.7772835290000015,39.5871292029482,-3649.0699176841617,8221.372203174908,5841.226629477732,478.6623617440597,1934.1702622999533,f_2,-2.480018086387179,-1.98510244031766,-1.9784339218987796
Gillichthys mirabilis,Teleostei,Perciformes,Gobiidae,Gillichthys,mirabilis,-1.7772835290000015,39.5871292029482,-3649.0699176841617,8221.372203174908,5841.226629477732,478.6623617440597,1934.1702622999533,f_2,-2.431713407042729,-1.98510244031766,-1.9784339218987796
Gillichthys mirabilis,Teleostei,Perciformes,Gobiidae,Gillichthys,mirabilis,-1.7772835290000015,39.5871292029482,-3649.0699176841617,8221.372203174908,5841.226629477732,478.6623617440597,1934.1702622999533,f_2,-2.4094370124293714,-1.98510244031766,-1.9784339218987796
Gillichthys mirabilis,Teleostei,Perciformes,Gobiidae,Gillichthys,mirabilis,-1.7772835290000015,39.5871292029482,-3649.0699176841617,8221.372203174908,5841.226629477732,478.6623617440597,1934.1702622999533,f_2,-2.3951965733746925,-1.98510244031766,-1.9784339218987796
Gillichthys mirabilis,Teleostei,Perciformes,Gobiidae,Gillichthys,mirabilis,-1.7772835290000015,39.5871292029482,-3649.0699176841617,8221.372203174908,5841.226629477732,478.6623617440597,1934.1702622999533,f_2,-2.374674906313083,-1.98510244031766,-1.9784339218987796
Gillichthys mirabilis,Teleostei,Perciformes,Gobiidae,Gillichthys,mirabilis,-1.7772835290000015,39.5871292029482,-3649.0699176841617,8221.372203174908,5841.226629477732,478.6623617440597,1934.1702622999533,f_2,-2.318356542931379,-1.98510244031766,-1.9784339218987796
Gillichthys mirabilis,Teleostei,Perciformes,Gobiidae,Gillichthys,mirabilis,-1.7772835290000015,39.5871292029482,-3649.0699176841617,8221.372203174908,5841.226629477732,478.6623617440597,1934.1702622999533,f_2,-2.3010975375681366,-1.98510244031766,-1.9784339218987796
Gillichthys mirabilis,Teleostei,Perciformes,Gobiidae,Gillichthys,mirabilis,-1.7772835290000015,39.5871292029482,-3649.0699176841617,8221.372203174908,5841.226629477732,478.6623617440597,1934.1702622999533,f_2,-2.258169337208022,-1.98510244031766,-1.9784339218987796
Gillichthys mirabilis,Teleostei,Perciformes,Gobiidae,Gillichthys,mirabilis,-1.7772835290000015,39.5871292029482,-3649.0699176841617,8221.372203174908,5841.226629477732,478.6623617440597,1934.1702622999533,f_2,-2.2285468703081484,-1.98510244031766,-1.9784339218987796
Gillichthys mirabilis,Teleostei,Perciformes,Gobiidae,Gillichthys,mirabilis,-1.7772835290000015,39.5871292029482,-3649.0699176841617,8221.372203174908,5841.226629477732,478.6623617440597,1934.1702622999533,f_2,-2.191953068196694,-1.98510244031766,-1.9784339218987796
Gillichthys mirabilis,Teleostei,Perciformes,Gobiidae,Gillichthys,mirabilis,-1.7772835290000015,39.5871292029482,-3649.0699176841617,8221.372203174908,5841.226629477732,478.6623617440597,1934.1702622999533,f_2,-2.1832668890487628,-1.98510244031766,-1.9784339218987796
Gillichthys mirabilis,Teleostei,Perciformes,Gobiidae,Gillichthys,mirabilis,-1.7772835290000015,39.5871292029482,-3649.0699176841617,8221.372203174908,5841.226629477732,478.6623617440597,1934.1702622999533,f_2,-2.158204484902051,-1.98510244031766,-1.9784339218987796
Gillichthys mirabilis,Teleostei,Perciformes,Gobiidae,Gillichthys,mirabilis,-1.7772835290000015,39.5871292029482,-3649.0699176841617,8221.372203174908,5841.226629477732,478.6623617440597,1934.1702622999533,f_2,-2.146195577485868,-1.98510244031766,-1.9784339218987796
Gillichthys mirabilis,Teleostei,Perciformes,Gobiidae,Gillichthys,mirabilis,-1.7772835290000015,39.5871292029482,-3649.0699176841617,8221.372203174908,5841.226629477732,478.6623617440597,1934.1702622999533,f_2,-2.134509819214488,-1.98510244031766,-1.9784339218987796
Gillichthys mirabilis,Teleostei,Perciformes,Gobiidae,Gillichthys,mirabilis,-1.7772835290000015,39.5871292029482,-3649.0699176841617,8221.372203174908,5841.226629477732,478.6623617440597,1934.1702622999533,f_2,-2.1157062554753887,-1.98510244031766,-1.9784339218987796
Gillichthys mirabilis,Teleostei,Perciformes,Gobiidae,Gillichthys,mirabilis,-1.7772835290000015,39.5871292029482,-3649.0699176841617,8221.372203174908,5841.226629477732,478.6623617440597,1934.1702622999533,f_2,-2.1048028925119135,-1.98510244031766,-1.9784339218987796
Gillichthys mirabilis,Teleostei,Perciformes,Gobiidae,Gillichthys,mirabilis,-1.7772835290000015,39.5871292029482,-3649.0699176841617,8221.372203174908,5841.226629477732,478.6623617440597,1934.1702622999533,f_2,-2.0941665777107112,-1.98510244031766,-1.9784339218987796
Gillichthys mirabilis,Teleostei,Perciformes,Gobiidae,Gillichthys,mirabilis,-1.7772835290000015,39.5871292029482,-3649.0699176841617,8221.372203174908,5841.226629477732,478.6623617440597,1934.1702622999533,f_2,-2.0837845416668537,-1.98510244031766,-1.9784339218987796
Gillichthys mirabilis,Teleostei,Perciformes,Gobiidae,Gillichthys,mirabilis,-1.7772835290000015,39.5871292029482,-3649.0699176841617,8221.372203174908,5841.226629477732,478.6623617440597,1934.1702622999533,f_2,-2.0572544942491873,-1.98510244031766,-1.9784339218987796
Gillichthys mirabilis,Teleostei,Perciformes,Gobiidae,Gillichthys,mirabilis,-1.7772835290000015,39.5871292029482,-3649.0699176841617,8221.372203174908,5841.226629477732,478.6623617440597,1934.1702622999533,f_2,-2.047709176384846,-1.98510244031766,-1.9784339218987796
Gillichthys mirabilis,Teleostei,Perciformes,Gobiidae,Gillichthys,mirabilis,-1.7772835290000015,39.5871292029482,-3649.0699176841617,8221.372203174908,5841.226629477732,478.6623617440597,1934.1702622999533,f_2,-2.0292257707693757,-1.98510244031766,-1.9784339218987796
Gillichthys mirabilis,Teleostei,Perciformes,Gobiidae,Gillichthys,mirabilis,-1.7772835290000015,39.5871292029482,-3649.0699176841617,8221.372203174908,5841.226629477732,478.6623617440597,1934.1702622999533,f_2,-1.9972565645827804,-1.98510244031766,-1.9784339218987796
Gillichthys mirabilis,Teleostei,Perciformes,Gobiidae,Gillichthys,mirabilis,-1.7772835290000015,39.5871292029482,-3649.0699176841617,8221.372203174908,5841.226629477732,478.6623617440597,1934.1702622999533,f_2,-1.9520598158190376,-1.98510244031766,-1.9784339218987796
Gillichthys mirabilis,Teleostei,Perciformes,Gobiidae,Gillichthys,mirabilis,-1.7772835290000015,39.5871292029482,-3649.0699176841617,8221.372203174908,5841.226629477732,478.6623617440597,1934.1702622999533,f_2,-1.9445502140736268,-1.98510244031766,-1.9784339218987796
Gillichthys mirabilis,Teleostei,Perciformes,Gobiidae,Gillichthys,mirabilis,-1.7772835290000015,39.5871292029482,-3649.0699176841617,8221.372203174908,5841.226629477732,478.6623617440597,1934.1702622999533,f_2,-1.8997865328253174,-1.98510244031766,-1.9784339218987796
Gillichthys mirabilis,Teleostei,Perciformes,Gobiidae,Gillichthys,mirabilis,-1.7772835290000015,39.5871292029482,-3649.0699176841617,8221.372203174908,5841.226629477732,478.6623617440597,1934.1702622999533,f_2,-1.8931220366231216,-1.98510244031766,-1.9784339218987796
Gillichthys mirabilis,Teleostei,Perciformes,Gobiidae,Gillichthys,mirabilis,-1.7772835290000015,39.5871292029482,-3649.0699176841617,8221.372203174908,5841.226629477732,478.6623617440597,1934.1702622999533,f_2,-1.8695249277430501,-1.98510244031766,-1.9784339218987796
Gillichthys mirabilis,Teleostei,Perciformes,Gobiidae,Gillichthys,mirabilis,-1.7772835290000015,39.5871292029482,-3649.0699176841617,8221.372203174908,5841.226629477732,478.6623617440597,1934.1702622999533,f_2,-1.8571744894117226,-1.98510244031766,-1.9784339218987796
Gillichthys mirabilis,Teleostei,Perciformes,Gobiidae,Gillichthys,mirabilis,-1.7772835290000015,39.5871292029482,-3649.0699176841617,8221.372203174908,5841.226629477732,478.6623617440597,1934.1702622999533,f_2,-1.8392833996231985,-1.98510244031766,-1.9784339218987796
Gillichthys mirabilis,Teleostei,Perciformes,Gobiidae,Gillichthys,mirabilis,-1.7772835290000015,39.5871292029482,-3649.0699176841617,8221.372203174908,5841.226629477732,478.6623617440597,1934.1702622999533,f_2,-1.7879145412653454,-1.98510244031766,-1.9784339218987796
Gillichthys mirabilis,Teleostei,Perciformes,Gobiidae,Gillichthys,mirabilis,-1.7772835290000015,39.5871292029482,-3649.0699176841617,8221.372203174908,5841.226629477732,478.6623617440597,1934.1702622999533,f_2,-1.7827545461491787,-1.98510244031766,-1.9784339218987796
Gillichthys mirabilis,Teleostei,Perciformes,Gobiidae,Gillichthys,mirabilis,-1.7772835290000015,39.5871292029482,-3649.0699176841617,8221.372203174908,5841.226629477732,478.6623617440597,1934.1702622999533,f_2,-1.6586715624144117,-1.98510244031766,-1.9784339218987796
Glossogobius giuris,Teleostei,Perciformes,Gobiidae,Glossogobius,giuris,-2.7958800170000053,39.31887828508983,-3649.0699176841617,8221.372203174908,5841.226629477732,478.6623617440597,1934.1702622999533,f_2,-2.675854784230049,-2.740972463762459,-2.686269453470053
Glossogobius giuris,Teleostei,Perciformes,Gobiidae,Glossogobius,giuris,-2.6020599910000004,39.31887828508983,-3649.0699176841617,8221.372203174908,5841.226629477732,478.6623617440597,1934.1702622999533,f_2,-2.5573895964085067,-2.582618078988708,-2.524820968913878
Glossogobius giuris,Teleostei,Perciformes,Gobiidae,Glossogobius,giuris,-2.420216403000005,39.31887828508983,-3649.0699176841617,8221.372203174908,5841.226629477732,478.6623617440597,1934.1702622999533,f_2,-2.3770725284252108,-2.4673586118351953,-2.4396869707536952
Glossogobius giuris,Teleostei,Perciformes,Gobiidae,Glossogobius,giuris,-2.337242168000003,39.31887828508983,-3649.0699176841617,8221.372203174908,5841.226629477732,478.6623617440597,1934.1702622999533,f_2,-2.414978173491871,-2.4020053944824853,-2.3739704202502407
Glossogobius giuris,Teleostei,Perciformes,Gobiidae,Glossogobius,giuris,-2.208309351000004,38.79313697424123,-3649.0699176841617,8221.372203174908,5841.226629477732,478.6623617440597,1934.1702622999533,f_2,-1.8894492950993165,-2.243975237917525,-2.26653984642559
Glossogobius giuris,Teleostei,Perciformes,Gobiidae,Glossogobius,giuris,-2.136677140000004,39.31887828508983,-3649.0699176841617,8221.372203174908,5841.226629477732,478.6623617440597,1934.1702622999533,f_2,-2.150652257872859,-2.241891684091479,-2.175027327972429
Glossogobius giuris,Teleostei,Perciformes,Gobiidae,Glossogobius,giuris,-2.080921908000004,39.31887828508983,-3649.0699176841617,8221.372203174908,5841.226629477732,478.6623617440597,1934.1702622999533,f_2,-2.1647605117842295,-2.1961892999742707,-2.1161723816499434
Glossogobius giuris,Teleostei,Perciformes,Gobiidae,Glossogobius,giuris,-1.9913998280000038,39.31887828508983,-3649.0699176841617,8221.372203174908,5841.226629477732,478.6623617440597,1934.1702622999533,f_2,-2.118273064623582,-2.1139290936927453,-2.078362401706925
Glossogobius giuris,Teleostei,Perciformes,Gobiidae,Glossogobius,giuris,-1.9586073150000003,39.31887828508983,-3649.0699176841617,8221.372203174908,5841.226629477732,478.6623617440597,1934.1702622999533,f_2,-2.1539379318831298,-2.088100639478846,-2.056242660715321
Glossogobius giuris,Teleostei,Perciformes,Gobiidae,Glossogobius,giuris,-1.9208187540000028,39.31887828508983,-3649.0699176841617,8221.372203174908,5841.226629477732,478.6623617440597,1934.1702622999533,f_2,-2.0879551703551336,-2.060714034597925,-2.026479155930023
Glossogobius giuris,Teleostei,Perciformes,Gobiidae,Glossogobius,giuris,-1.88941029,38.92324979320565,-3649.0699176841617,8221.372203174908,5841.226629477732,478.6623617440597,1934.1702622999533,f_2,-2.192374785141934,-1.9932305398296555,-1.9934047675662592
Glossogobius giuris,Teleostei,Perciformes,Gobiidae,Glossogobius,giuris,-1.8817352740000026,38.92324979320565,-3649.0699176841617,8221.372203174908,5841.226629477732,478.6623617440597,1934.1702622999533,f_2,-2.139621394616518,-1.9871854465686771,-1.9873596743052808
Glossogobius giuris,Teleostei,Perciformes,Gobiidae,Glossogobius,giuris,-1.8745187340000031,38.92324979320565,-3649.0699176841617,8221.372203174908,5841.226629477732,478.6623617440597,1934.1702622999533,f_2,-2.108601940332774,-1.9815014639787265,-1.9753208270286027
Glossogobius giuris,Teleostei,Perciformes,Gobiidae,Glossogobius,giuris,-1.8696662320000028,39.31887828508983,-3649.0699176841617,8221.372203174908,5841.226629477732,478.6623617440597,1934.1702622999533,f_2,-2.095149265776444,-2.017480728909273,-1.9720402836286695
Glossogobius giuris,Teleostei,Perciformes,Gobiidae,Glossogobius,giuris,-1.8696662320000028,38.92324979320565,-3649.0699176841617,8221.372203174908,5841.226629477732,478.6623617440597,1934.1702622999533,f_2,-2.024568191490737,-1.97767947492501,-1.9714988379748861
Glossogobius giuris,Teleostei,Perciformes,Gobiidae,Glossogobius,giuris,-1.861381566000001,38.92324979320565,-3649.0699176841617,8221.372203174908,5841.226629477732,478.6623617440597,1934.1702622999533,f_2,-2.16096632089031,-1.970537687250885,-1.964973564463263
Glossogobius giuris,Teleostei,Perciformes,Gobiidae,Glossogobius,giuris,-1.849550591000003,38.92324979320565,-3649.0699176841617,8221.372203174908,5841.226629477732,478.6623617440597,1934.1702622999533,f_2,-2.166303370465935,-1.9612192249514815,-1.9556551021638595
Glossogobius giuris,Teleostei,Perciformes,Gobiidae,Glossogobius,giuris,-1.8486301500000015,38.92324979320565,-3649.0699176841617,8221.372203174908,5841.226629477732,478.6623617440597,1934.1702622999533,f_2,-2.148214904542344,-1.9604942555590739,-1.954930132771452
Glossogobius giuris,Teleostei,Perciformes,Gobiidae,Glossogobius,giuris,-1.8446639630000008,39.31887828508983,-3649.0699176841617,8221.372203174908,5841.226629477732,478.6623617440597,1934.1702622999533,f_2,-2.00932575980984,-1.9954781328115596,-1.9523476800117996
Glossogobius giuris,Teleostei,Perciformes,Gobiidae,Glossogobius,giuris,-1.8276890310000007,38.79313697424123,-3649.0699176841617,8221.372203174908,5841.226629477732,478.6623617440597,1934.1702622999533,f_2,-1.7741007763620271,-1.9381826468599777,-1.9533615473830463
Glossogobius giuris,Teleostei,Perciformes,Gobiidae,Glossogobius,giuris,-1.823908741000001,38.79313697424123,-3649.0699176841617,8221.372203174908,5841.226629477732,478.6623617440597,1934.1702622999533,f_2,-2.70273455794281,-1.9363295161691385,-1.9654759635751755
Glossogobius giuris,Teleostei,Perciformes,Gobiidae,Glossogobius,giuris,-1.823908741000001,38.79313697424123,-3649.0699176841617,8221.372203174908,5841.226629477732,478.6623617440597,1934.1702622999533,f_2,-2.3533998824480906,-1.9363295161691385,-1.9654759635751755
Glossogobius giuris,Teleostei,Perciformes,Gobiidae,Glossogobius,giuris,-1.823908741000001,38.79313697424123,-3649.0699176841617,8221.372203174908,5841.226629477732,478.6623617440597,1934.1702622999533,f_2,-2.26573052622178,-1.9363295161691385,-1.9654759635751755
Glossogobius giuris,Teleostei,Perciformes,Gobiidae,Glossogobius,giuris,-1.823908741000001,38.79313697424123,-3649.0699176841617,8221.372203174908,5841.226629477732,478.6623617440597,1934.1702622999533,f_2,-2.242987398969726,-1.9363295161691385,-1.9654759635751755
Glossogobius giuris,Teleostei,Perciformes,Gobiidae,Glossogobius,giuris,-1.823908741000001,38.79313697424123,-3649.0699176841617,8221.372203174908,5841.226629477732,478.6623617440597,1934.1702622999533,f_2,-2.035556387953625,-1.9363295161691385,-1.9654759635751755
Glossogobius giuris,Teleostei,Perciformes,Gobiidae,Glossogobius,giuris,-1.823908741000001,38.79313697424123,-3649.0699176841617,8221.372203174908,5841.226629477732,478.6623617440597,1934.1702622999533,f_2,-1.998685028049216,-1.9363295161691385,-1.9654759635751755
Glossogobius giuris,Teleostei,Perciformes,Gobiidae,Glossogobius,giuris,-1.823908741000001,38.79313697424123,-3649.0699176841617,8221.372203174908,5841.226629477732,478.6623617440597,1934.1702622999533,f_2,-1.9741420868395219,-1.9363295161691385,-1.9654759635751755
Glossogobius giuris,Teleostei,Perciformes,Gobiidae,Glossogobius,giuris,-1.823908741000001,38.79313697424123,-3649.0699176841617,8221.372203174908,5841.226629477732,478.6623617440597,1934.1702622999533,f_2,-1.9531801076863695,-1.9363295161691385,-1.9654759635751755
Glossogobius giuris,Teleostei,Perciformes,Gobiidae,Glossogobius,giuris,-1.823908741000001,38.79313697424123,-3649.0699176841617,8221.372203174908,5841.226629477732,478.6623617440597,1934.1702622999533,f_2,-1.9017750149449417,-1.9363295161691385,-1.9654759635751755
Glossogobius giuris,Teleostei,Perciformes,Gobiidae,Glossogobius,giuris,-1.823908741000001,38.79313697424123,-3649.0699176841617,8221.372203174908,5841.226629477732,478.6623617440597,1934.1702622999533,f_2,-1.8743779925601542,-1.9363295161691385,-1.9654759635751755
Glossogobius giuris,Teleostei,Perciformes,Gobiidae,Glossogobius,giuris,-1.823908741000001,38.79313697424123,-3649.0699176841617,8221.372203174908,5841.226629477732,478.6623617440597,1934.1702622999533,f_2,-1.872485638872237,-1.9363295161691385,-1.9654759635751755
Glossogobius giuris,Teleostei,Perciformes,Gobiidae,Glossogobius,giuris,-1.823908741000001,38.79313697424123,-3649.0699176841617,8221.372203174908,5841.226629477732,478.6623617440597,1934.1702622999533,f_2,-1.8380141277818132,-1.9363295161691385,-1.9654759635751755
Glossogobius giuris,Teleostei,Perciformes,Gobiidae,Glossogobius,giuris,-1.823908741000001,38.79313697424123,-3649.0699176841617,8221.372203174908,5841.226629477732,478.6623617440597,1934.1702622999533,f_2,-1.770320485840253,-1.9363295161691385,-1.9654759635751755
Glossogobius giuris,Teleostei,Perciformes,Gobiidae,Glossogobius,giuris,-1.823908741000001,38.79313697424123,-3649.0699176841617,8221.372203174908,5841.226629477732,478.6623617440597,1934.1702622999533,f_2,-1.6989193548003836,-1.9363295161691385,-1.9654759635751755
Glossogobius giuris,Teleostei,Perciformes,Gobiidae,Glossogobius,giuris,-1.823908741000001,38.79313697424123,-3649.0699176841617,8221.372203174908,5841.226629477732,478.6623617440597,1934.1702622999533,f_2,-1.676706272937831,-1.9363295161691385,-1.9654759635751755
Glossogobius giuris,Teleostei,Perciformes,Gobiidae,Glossogobius,giuris,-1.8218867480000025,38.79313697424123,-3649.0699176841617,8221.372203174908,5841.226629477732,478.6623617440597,1934.1702622999533,f_2,-1.872355999248694,-1.9347369284457983,-1.9638833758518353
Glossogobius giuris,Teleostei,Perciformes,Gobiidae,Glossogobius,giuris,-1.7825160560000008,39.31887828508983,-3649.0699176841617,8221.372203174908,5841.226629477732,478.6623617440597,1934.1702622999533,f_2,-2.1357856695386706,-1.947652760735661,-1.910882759875346
Glossogobius giuris,Teleostei,Perciformes,Gobiidae,Glossogobius,giuris,-1.752026734,39.31887828508983,-3649.0699176841617,8221.372203174908,5841.226629477732,478.6623617440597,1934.1702622999533,f_2,-2.0652911857191896,-1.924576327719912,-1.8908382790799265
Glossogobius giuris,Teleostei,Perciformes,Gobiidae,Glossogobius,giuris,-1.728158393000002,39.31887828508983,-3649.0699176841617,8221.372203174908,5841.226629477732,478.6623617440597,1934.1702622999533,f_2,-1.9104461539388786,-1.9057768428289525,-1.8705895472981242
Glossogobius giuris,Teleostei,Perciformes,Gobiidae,Glossogobius,giuris,-1.7144426910000008,39.31887828508983,-3649.0699176841617,8221.372203174908,5841.226629477732,478.6623617440597,1934.1702622999533,f_2,-1.9071332118673716,-1.8949739079907937,-1.8597866124599653
Glossogobius giuris,Teleostei,Perciformes,Gobiidae,Glossogobius,giuris,-1.6903698330000014,39.31887828508983,-3649.0699176841617,8221.372203174908,5841.226629477732,478.6623617440597,1934.1702622999533,f_2,-1.954416261984915,-1.876013338831285,-1.83478641454143
Glossogobius giuris,Teleostei,Perciformes,Gobiidae,Glossogobius,giuris,-1.6345120150000008,39.31887828508983,-3649.0699176841617,8221.372203174908,5841.226629477732,478.6623617440597,1934.1702622999533,f_2,-1.9583266495234017,-1.8317603503614563,-1.7919412008997668
Gnathonemus petersii,Teleostei,Osteoglossiformes,Mormyridae,Gnathonemus,petersii,-2.2328441340000014,38.79313697424123,-3373.757546678929,5449.495628100146,2918.0786935949145,-65.46878555213755,-4366.756910074552,f_2,-2.634418427244951,-2.0897858814469226,-2.123562016972997
Gobio gobio,Teleostei,Cypriniformes,Cyprinidae,Gobio,gobio,-2.9208187540000026,39.85906551895677,-3373.757546678929,5449.495628100146,2918.0786935949145,-65.46878555213755,-4366.756910074552,f_2,-2.7870554441643827,-2.71127307582377,-2.6293308969584714
Gobio gobio,Teleostei,Cypriniformes,Cyprinidae,Gobio,gobio,-2.412289035000009,39.85906551895677,-3373.757546678929,5449.495628100146,2918.0786935949145,-65.46878555213755,-4366.756910074552,f_2,-2.302765775088461,-2.324022079847917,-2.261559644064387
Gobio gobio,Teleostei,Cypriniformes,Cyprinidae,Gobio,gobio,-2.1191864080000027,39.85906551895677,-3373.757546678929,5449.495628100146,2918.0786935949145,-65.46878555213755,-4366.756910074552,f_2,-2.1350394606907264,-2.0866025722091983,-1.9892845458134474
Gobio gobio,Teleostei,Cypriniformes,Cyprinidae,Gobio,gobio,-1.9586073150000003,39.99643951695421,-3373.757546678929,5449.495628100146,2918.0786935949145,-65.46878555213755,-4366.756910074552,f_2,-2.0071842128024016,-1.915729031224444,-1.8846709069205811
Gobio gobio,Teleostei,Cypriniformes,Cyprinidae,Gobio,gobio,-1.7695510790000017,40.69776232103897,-3373.757546678929,5449.495628100146,2918.0786935949145,-65.46878555213755,-4366.756910074552,f_2,-2.0125384778646285,-2.016097194315485,-1.9596797072732963
Gobio gobio,Teleostei,Cypriniformes,Cyprinidae,Gobio,gobio,-1.1951793210000001,39.85906551895677,-3373.757546678929,5449.495628100146,2918.0786935949145,-65.46878555213755,-4366.756910074552,f_2,-1.1567777353065514,-1.2297144186074231,-1.2659860335031656
Kuhlia sandvicensis,Teleostei,Perciformes,Kuhliidae,Kuhlia,sandvicensis,-1.8781120150000017,39.18611151728605,-2756.047650778884,216.10347744287705,-1994.1446024056083,-588.522102691723,179.2283583714183,f_2,-2.3438038078352017,-1.946159537551692,-1.9664604038961901
Kuhlia sandvicensis,Teleostei,Perciformes,Kuhliidae,Kuhlia,sandvicensis,-1.8049310040000017,39.18611151728605,-2756.047650778884,216.10347744287705,-1994.1446024056083,-588.522102691723,179.2283583714183,f_2,-2.3174783773300196,-1.8914135964337335,-1.9217372683293867
Kuhlia sandvicensis,Teleostei,Perciformes,Kuhliidae,Kuhlia,sandvicensis,-1.7888794590000006,39.18611151728605,-2756.047650778884,216.10347744287705,-1994.1446024056083,-588.522102691723,179.2283583714183,f_2,-2.335731063710547,-1.8787708753621644,-1.9052318223855116
Kuhlia sandvicensis,Teleostei,Perciformes,Kuhliidae,Kuhlia,sandvicensis,-1.7075224060000016,39.18611151728605,-2756.047650778884,216.10347744287705,-1994.1446024056083,-588.522102691723,179.2283583714183,f_2,-2.203883019037549,-1.815629356114744,-1.8193957698266436
Kuhlia sandvicensis,Teleostei,Perciformes,Kuhliidae,Kuhlia,sandvicensis,-1.6871881740000019,39.18611151728605,-2756.047650778884,216.10347744287705,-1994.1446024056083,-588.522102691723,179.2283583714183,f_2,-2.258513548139706,-1.7996134508931243,-1.8030592735725188
Kuhlia sandvicensis,Teleostei,Perciformes,Kuhliidae,Kuhlia,sandvicensis,-1.5813673130000006,39.18611151728605,-2756.047650778884,216.10347744287705,-1994.1446024056083,-588.522102691723,179.2283583714183,f_2,-2.1526926869977285,-1.7257188749616694,-1.7356451181644343
Kuhlia sandvicensis,Teleostei,Perciformes,Kuhliidae,Kuhlia,sandvicensis,-1.560983272,39.18611151728605,-2756.047650778884,216.10347744287705,-1994.1446024056083,-588.522102691723,179.2283583714183,f_2,-2.145082934000714,-1.7068290717294432,-1.7195899817476954
Kuhlia sandvicensis,Teleostei,Perciformes,Kuhliidae,Kuhlia,sandvicensis,-1.5367043900000001,39.18611151728605,-2756.047650778884,216.10347744287705,-1994.1446024056083,-588.522102691723,179.2283583714183,f_2,-2.089546358695778,-1.6916206890732486,-1.7076266068154646
Kuhlia sandvicensis,Teleostei,Perciformes,Kuhliidae,Kuhlia,sandvicensis,-1.4391373050000005,39.18611151728605,-2756.047650778884,216.10347744287705,-1994.1446024056083,-588.522102691723,179.2283583714183,f_2,-2.056920080863332,-1.6073281554111651,-1.6177522603373278
Kuhlia sandvicensis,Teleostei,Perciformes,Kuhliidae,Kuhlia,sandvicensis,-1.333388432,39.18611151728605,-2756.047650778884,216.10347744287705,-1994.1446024056083,-588.522102691723,179.2283583714183,f_2,-1.9306495400271662,-1.5392044769818654,-1.5460646668189024
Kuhlia sandvicensis,Teleostei,Perciformes,Kuhliidae,Kuhlia,sandvicensis,-1.3252306860000005,39.18611151728605,-2756.047650778884,216.10347744287705,-1994.1446024056083,-588.522102691723,179.2283583714183,f_2,-1.9093303483727972,-1.5327791698073412,-1.5396393596443783
Kuhlia sandvicensis,Teleostei,Perciformes,Kuhliidae,Kuhlia,sandvicensis,-1.2520446930000004,39.18611151728605,-2756.047650778884,216.10347744287705,-1994.1446024056083,-588.522102691723,179.2283583714183,f_2,-1.8913671465401771,-1.4751354915293455,-1.475788157964556
Kuhlia sandvicensis,Teleostei,Perciformes,Kuhliidae,Kuhlia,sandvicensis,-1.236572006,39.18611151728605,-2756.047650778884,216.10347744287705,-1994.1446024056083,-588.522102691723,179.2283583714183,f_2,-1.6215708750875493,-1.462948697923578,-1.4636013643587884
Kuhlia sandvicensis,Teleostei,Perciformes,Kuhliidae,Kuhlia,sandvicensis,-1.236572006,39.18611151728605,-2756.047650778884,216.10347744287705,-1994.1446024056083,-588.522102691723,179.2283583714183,f_2,-1.6054840551555518,-1.462948697923578,-1.4636013643587884
Kuhlia sandvicensis,Teleostei,Perciformes,Kuhliidae,Kuhlia,sandvicensis,-1.236572006,39.18611151728605,-2756.047650778884,216.10347744287705,-1994.1446024056083,-588.522102691723,179.2283583714183,f_2,-1.4976576276804736,-1.462948697923578,-1.4636013643587884
Kuhlia sandvicensis,Teleostei,Perciformes,Kuhliidae,Kuhlia,sandvicensis,-1.236572006,39.18611151728605,-2756.047650778884,216.10347744287705,-1994.1446024056083,-588.522102691723,179.2283583714183,f_2,-1.479559405581482,-1.462948697923578,-1.4636013643587884
Kuhlia sandvicensis,Teleostei,Perciformes,Kuhliidae,Kuhlia,sandvicensis,-1.236572006,39.18611151728605,-2756.047650778884,216.10347744287705,-1994.1446024056083,-588.522102691723,179.2283583714183,f_2,-1.4454796159982195,-1.462948697923578,-1.4636013643587884
Kuhlia sandvicensis,Teleostei,Perciformes,Kuhliidae,Kuhlia,sandvicensis,-1.236572006,39.18611151728605,-2756.047650778884,216.10347744287705,-1994.1446024056083,-588.522102691723,179.2283583714183,f_2,-1.4293927960998711,-1.462948697923578,-1.4636013643587884
Kuhlia sandvicensis,Teleostei,Perciformes,Kuhliidae,Kuhlia,sandvicensis,-1.236572006,39.18611151728605,-2756.047650778884,216.10347744287705,-1994.1446024056083,-588.522102691723,179.2283583714183,f_2,-1.396456738035486,-1.462948697923578,-1.4636013643587884
Kuhlia sandvicensis,Teleostei,Perciformes,Kuhliidae,Kuhlia,sandvicensis,-1.236572006,39.18611151728605,-2756.047650778884,216.10347744287705,-1994.1446024056083,-588.522102691723,179.2283583714183,f_2,-1.3891981654725383,-1.462948697923578,-1.4636013643587884
Leiostomus xanthurus,Teleostei,Perciformes,Sciaenidae,Leiostomus,xanthurus,-1.9546770210000022,38.92324979320565,-2756.047650778884,216.10347744287705,-1994.1446024056083,-588.522102691723,179.2283583714183,f_2,-2.6167937282502356,-1.9685432100718416,-1.9972531633413952
Leiostomus xanthurus,Teleostei,Perciformes,Sciaenidae,Leiostomus,xanthurus,-1.9546770210000022,38.92324979320565,-2756.047650778884,216.10347744287705,-1994.1446024056083,-588.522102691723,179.2283583714183,f_2,-2.5198837150425115,-1.9685432100718416,-1.9972531633413952
Leiostomus xanthurus,Teleostei,Perciformes,Sciaenidae,Leiostomus,xanthurus,-1.9546770210000022,38.92324979320565,-2756.047650778884,216.10347744287705,-1994.1446024056083,-588.522102691723,179.2283583714183,f_2,-2.3737556791360612,-1.9685432100718416,-1.9972531633413952
Leiostomus xanthurus,Teleostei,Perciformes,Sciaenidae,Leiostomus,xanthurus,-1.9546770210000022,38.92324979320565,-2756.047650778884,216.10347744287705,-1994.1446024056083,-588.522102691723,179.2283583714183,f_2,-2.257771785670974,-1.9685432100718416,-1.9972531633413952
Leiostomus xanthurus,Teleostei,Perciformes,Sciaenidae,Leiostomus,xanthurus,-1.8386319980000023,38.92324979320565,-2756.047650778884,216.10347744287705,-1994.1446024056083,-588.522102691723,179.2283583714183,f_2,-2.456545041898737,-1.876027237575177,-1.8969262504518765
Leiostomus xanthurus,Teleostei,Perciformes,Sciaenidae,Leiostomus,xanthurus,-1.8386319980000023,38.92324979320565,-2756.047650778884,216.10347744287705,-1994.1446024056083,-588.522102691723,179.2283583714183,f_2,-2.442756757973997,-1.876027237575177,-1.8969262504518765
Leiostomus xanthurus,Teleostei,Perciformes,Sciaenidae,Leiostomus,xanthurus,-1.8386319980000023,38.92324979320565,-2756.047650778884,216.10347744287705,-1994.1446024056083,-588.522102691723,179.2283583714183,f_2,-2.3916042350807794,-1.876027237575177,-1.8969262504518765
Leiostomus xanthurus,Teleostei,Perciformes,Sciaenidae,Leiostomus,xanthurus,-1.8386319980000023,38.92324979320565,-2756.047650778884,216.10347744287705,-1994.1446024056083,-588.522102691723,179.2283583714183,f_2,-2.294694222310501,-1.876027237575177,-1.8969262504518765
Leiostomus xanthurus,Teleostei,Perciformes,Sciaenidae,Leiostomus,xanthurus,-1.8386319980000023,38.92324979320565,-2756.047650778884,216.10347744287705,-1994.1446024056083,-588.522102691723,179.2283583714183,f_2,-2.1485661865643264,-1.876027237575177,-1.8969262504518765
Leiostomus xanthurus,Teleostei,Perciformes,Sciaenidae,Leiostomus,xanthurus,-1.7447274950000005,38.92324979320565,-2756.047650778884,216.10347744287705,-1994.1446024056083,-588.522102691723,179.2283583714183,f_2,-2.25740513730812,-1.8063818895908774,-1.8463986923713394
Leiostomus xanthurus,Teleostei,Perciformes,Sciaenidae,Leiostomus,xanthurus,-1.7447274950000005,38.92324979320565,-2756.047650778884,216.10347744287705,-1994.1446024056083,-588.522102691723,179.2283583714183,f_2,-2.13799888945925,-1.8063818895908774,-1.8463986923713394
Leiostomus xanthurus,Teleostei,Perciformes,Sciaenidae,Leiostomus,xanthurus,-1.7447274950000005,38.92324979320565,-2756.047650778884,216.10347744287705,-1994.1446024056083,-588.522102691723,179.2283583714183,f_2,-2.041088876583802,-1.8063818895908774,-1.8463986923713394
Leiostomus xanthurus,Teleostei,Perciformes,Sciaenidae,Leiostomus,xanthurus,-1.7447274950000005,38.92324979320565,-2756.047650778884,216.10347744287705,-1994.1446024056083,-588.522102691723,179.2283583714183,f_2,-2.0377609330061,-1.8063818895908774,-1.8463986923713394
Mugil cephalus,Teleostei,Mugiliformes,Mugilidae,Mugil,cephalus,-2.1152046360000023,40.55553704645907,-3649.0699176841617,8221.372203174908,5841.226629477732,478.6623617440597,1934.1702622999533,f_2,-2.3951756012787535,-2.4021562734957578,-2.3268672612236125
Mugil cephalus,Teleostei,Mugiliformes,Mugilidae,Mugil,cephalus,-2.098541679,40.55553704645907,-3649.0699176841617,8221.372203174908,5841.226629477732,478.6623617440597,1934.1702622999533,f_2,-2.356558068048341,-2.389031984364801,-2.3114233977365766
Mugil cephalus,Teleostei,Mugiliformes,Mugilidae,Mugil,cephalus,-2.0168249280000006,37.90614707118819,-3649.0699176841617,8221.372203174908,5841.226629477732,478.6623617440597,1934.1702622999533,f_2,-1.9260703995702129,-1.9310117977848655,-1.9488137563382784
Mugil cephalus,Teleostei,Mugiliformes,Mugilidae,Mugil,cephalus,-2.008330993000004,39.85906551895677,-3649.0699176841617,8221.372203174908,5841.226629477732,478.6623617440597,1934.1702622999533,f_2,-2.2199786394876178,-2.159178281828814,-2.1098165307558725
Mugil cephalus,Teleostei,Mugiliformes,Mugilidae,Mugil,cephalus,-1.9746941350000018,40.55553704645907,-3649.0699176841617,8221.372203174908,5841.226629477732,478.6623617440597,1934.1702622999533,f_2,-2.3205408796254585,-2.287515474128069,-2.247540738373506
Mugil cephalus,Teleostei,Mugiliformes,Mugilidae,Mugil,cephalus,-1.9507819770000028,38.53550365546825,-3649.0699176841617,8221.372203174908,5841.226629477732,478.6623617440597,1934.1702622999533,f_2,-1.964887364048626,-1.9988796202908339,-2.03181091960679
Mugil cephalus,Teleostei,Mugiliformes,Mugilidae,Mugil,cephalus,-1.91721463,39.18611151728605,-3649.0699176841617,8221.372203174908,5841.226629477732,478.6623617440597,1934.1702622999533,f_2,-2.0264893680200866,-2.043324088705248,-1.994186720673838
Mugil cephalus,Teleostei,Mugiliformes,Mugilidae,Mugil,cephalus,-1.832682665000001,38.53550365546825,-3649.0699176841617,8221.372203174908,5841.226629477732,478.6623617440597,1934.1702622999533,f_2,-1.8520522920002087,-1.9039129393585161,-1.9284411390954717
Mugil cephalus,Teleostei,Mugiliformes,Mugilidae,Mugil,cephalus,-1.7746907180000018,39.85906551895677,-3649.0699176841617,8221.372203174908,5841.226629477732,478.6623617440597,1934.1702622999533,f_2,-1.9890957997871734,-2.016399159392751,-1.9801028385642623
Mugil cephalus,Teleostei,Mugiliformes,Mugilidae,Mugil,cephalus,-1.764471553000002,37.90614707118819,-3649.0699176841617,8221.372203174908,5841.226629477732,478.6623617440597,1934.1702622999533,f_2,-1.7168943902401554,-1.7732845336691576,-1.7988423396512332
Mugil cephalus,Teleostei,Mugiliformes,Mugilidae,Mugil,cephalus,-1.7166987710000015,39.85906551895677,-3649.0699176841617,8221.372203174908,5841.226629477732,478.6623617440597,1934.1702622999533,f_2,-1.9596861703893136,-1.971660760715071,-1.9278432947545265
Mugil cephalus,Teleostei,Mugiliformes,Mugilidae,Mugil,cephalus,-1.6861327800000012,39.85906551895677,-3649.0699176841617,8221.372203174908,5841.226629477732,478.6623617440597,1934.1702622999533,f_2,-2.031979524427972,-1.9475859879446569,-1.8959722251342657
Mugil cephalus,Teleostei,Mugiliformes,Mugilidae,Mugil,cephalus,-1.6716203970000016,38.53550365546825,-3649.0699176841617,8221.372203174908,5841.226629477732,478.6623617440597,1934.1702622999533,f_2,-1.8805280061897165,-1.7791173388479116,-1.8042114364205293
Mugil cephalus,Teleostei,Mugiliformes,Mugilidae,Mugil,cephalus,-1.6363880200000003,40.55553704645907,-3649.0699176841617,8221.372203174908,5841.226629477732,478.6623617440597,1934.1702622999533,f_2,-2.046692754132801,-1.9940142387868665,-1.9691148953237525
Mugil cephalus,Teleostei,Mugiliformes,Mugilidae,Mugil,cephalus,-1.5985994590000006,40.55553704645907,-3649.0699176841617,8221.372203174908,5841.226629477732,478.6623617440597,1934.1702622999533,f_2,-2.11680959035774,-1.9672348421659707,-1.9422567390871184
Mugil cephalus,Teleostei,Mugiliformes,Mugilidae,Mugil,cephalus,-1.5287082890000008,37.90614707118819,-3649.0699176841617,8221.372203174908,5841.226629477732,478.6623617440597,1934.1702622999533,f_2,-1.5498469384484683,-1.5865308350632714,-1.616754207408923
Mugil cephalus,Teleostei,Mugiliformes,Mugilidae,Mugil,cephalus,-1.5086383060000006,37.90614707118819,-3649.0699176841617,8221.372203174908,5841.226629477732,478.6623617440597,1934.1702622999533,f_2,-1.675904991336245,-1.5715599211602442,-1.5997998336794639
Mugil cephalus,Teleostei,Mugiliformes,Mugilidae,Mugil,cephalus,-1.4921441280000012,39.85906551895677,-3649.0699176841617,8221.372203174908,5841.226629477732,478.6623617440597,1934.1702622999533,f_2,-1.9068136675563485,-1.787460821963327,-1.740683313076447
Mugil cephalus,Teleostei,Mugiliformes,Mugilidae,Mugil,cephalus,-1.4749551929999998,40.55553704645907,-3649.0699176841617,8221.372203174908,5841.226629477732,478.6623617440597,1934.1702622999533,f_2,-2.0999300917561325,-1.869420468069209,-1.8430218257417377
Mugil cephalus,Teleostei,Mugiliformes,Mugilidae,Mugil,cephalus,-1.4672456210000009,38.53550365546825,-3649.0699176841617,8221.372203174908,5841.226629477732,478.6623617440597,1934.1702622999533,f_2,-1.7440114465424241,-1.62153663156664,-1.65067571694153
Mugil cephalus,Teleostei,Mugiliformes,Mugilidae,Mugil,cephalus,-1.4023048140000007,39.18611151728605,-3649.0699176841617,8221.372203174908,5841.226629477732,478.6623617440597,1934.1702622999533,f_2,-1.6727304615878724,-1.625947978090493,-1.580883470163066
Mugil cephalus,Teleostei,Mugiliformes,Mugilidae,Mugil,cephalus,-1.3625102700000007,37.90614707118819,-3649.0699176841617,8221.372203174908,5841.226629477732,478.6623617440597,1934.1702622999533,f_2,-1.4303923235818934,-1.4603395900969218,-1.481487273144402
Mugil cephalus,Teleostei,Mugiliformes,Mugilidae,Mugil,cephalus,-1.333482019,38.53550365546825,-3649.0699176841617,8221.372203174908,5841.226629477732,478.6623617440597,1934.1702622999533,f_2,-1.444933676898929,-1.5152718347846048,-1.5407139464370503
Mugil cephalus,Teleostei,Mugiliformes,Mugilidae,Mugil,cephalus,-1.2644010999999997,39.18611151728605,-3649.0699176841617,8221.372203174908,5841.226629477732,478.6623617440597,1934.1702622999533,f_2,-1.5955245881618436,-1.5075721202006025,-1.454267397096786
Mugil cephalus,Teleostei,Mugiliformes,Mugilidae,Mugil,cephalus,-1.2644010999999997,39.18611151728605,-3649.0699176841617,8221.372203174908,5841.226629477732,478.6623617440597,1934.1702622999533,f_2,-1.5193697967264572,-1.5075721202006025,-1.454267397096786
Mugil cephalus,Teleostei,Mugiliformes,Mugilidae,Mugil,cephalus,-1.2456516640000002,37.90614707118819,-3649.0699176841617,8221.372203174908,5841.226629477732,478.6623617440597,1934.1702622999533,f_2,-1.5804094367633554,-1.3646192683253753,-1.3710609086035979
Mugil cephalus,Teleostei,Mugiliformes,Mugilidae,Mugil,cephalus,-1.1958605680000005,37.90614707118819,-3649.0699176841617,8221.372203174908,5841.226629477732,478.6623617440597,1934.1702622999533,f_2,-1.3320074523075038,-1.3240332790728822,-1.3318438152598924
Mugil cephalus,Teleostei,Mugiliformes,Mugilidae,Mugil,cephalus,-1.1023729089999998,40.134763706879696,-3649.0699176841617,8221.372203174908,5841.226629477732,478.6623617440597,1934.1702622999533,f_2,-1.5680647016484401,-1.4693729554590866,-1.447205040472802
Mugil cephalus,Teleostei,Mugiliformes,Mugilidae,Mugil,cephalus,-1.0985416790000002,39.18611151728605,-3649.0699176841617,8221.372203174908,5841.226629477732,478.6623617440597,1934.1702622999533,f_2,-1.6455235524236158,-1.3557579094936554,-1.315081216330355
Mugil cephalus,Teleostei,Mugiliformes,Mugilidae,Mugil,cephalus,-1.0655015489999997,38.53550365546825,-3649.0699176841617,8221.372203174908,5841.226629477732,478.6623617440597,1934.1702622999533,f_2,-1.507323334075271,-1.2818856769250075,-1.3237033761908206
Mugil cephalus,Teleostei,Mugiliformes,Mugilidae,Mugil,cephalus,-1.0491485410000003,39.18611151728605,-3649.0699176841617,8221.372203174908,5841.226629477732,478.6623617440597,1934.1702622999533,f_2,-1.5618261837428076,-1.3037721333373269,-1.2935830105979182
Mugil cephalus,Teleostei,Mugiliformes,Mugilidae,Mugil,cephalus,-1.036212173,39.18611151728605,-3649.0699176841617,8221.372203174908,5841.226629477732,478.6623617440597,1934.1702622999533,f_2,-1.2370018919507253,-1.293583027409943,-1.2722944320285894
Mugil cephalus,Teleostei,Mugiliformes,Mugilidae,Mugil,cephalus,-1.0,39.47939080062685,-3649.0699176841617,8221.372203174908,5841.226629477732,478.6623617440597,1934.1702622999533,f_2,-1.0921111301262882,-1.3158778508317681,-1.3197268655010919
Mugil cephalus,Teleostei,Mugiliformes,Mugilidae,Mugil,cephalus,-0.991399828,39.38559961257174,-3649.0699176841617,8221.372203174908,5841.226629477732,478.6623617440597,1934.1702622999533,f_2,-1.1367564703175956,-1.2991007630217604,-1.3200218719239347
Mugil cephalus,Teleostei,Mugiliformes,Mugilidae,Mugil,cephalus,-0.9586073149999998,39.45254776761606,-3649.0699176841617,8221.372203174908,5841.226629477732,478.6623617440597,1934.1702622999533,f_2,-1.2753600947685895,-1.2732053722625025,-1.283730247386605
Mugil cephalus,Teleostei,Mugiliformes,Mugilidae,Mugil,cephalus,-0.93930216,40.21821842261051,-3649.0699176841617,8221.372203174908,5841.226629477732,478.6623617440597,1934.1702622999533,f_2,-1.5501360752818558,-1.3578816061635426,-1.397438468734064
Mugil cephalus,Teleostei,Mugiliformes,Mugilidae,Mugil,cephalus,-0.935542011,39.68188382918195,-3649.0699176841617,8221.372203174908,5841.226629477732,478.6623617440597,1934.1702622999533,f_2,-1.178399141113955,-1.2864143579350822,-1.252123788497934
Mugil cephalus,Teleostei,Mugiliformes,Mugilidae,Mugil,cephalus,-0.8538719640000001,39.5871292029482,-3649.0699176841617,8221.372203174908,5841.226629477732,478.6623617440597,1934.1702622999533,f_2,-1.2684112348132621,-1.2048252830373605,-1.189331897932582
Mugil cephalus,Teleostei,Mugiliformes,Mugilidae,Mugil,cephalus,-0.8538719640000001,39.5871292029482,-3649.0699176841617,8221.372203174908,5841.226629477732,478.6623617440597,1934.1702622999533,f_2,-1.1369416310460039,-1.2048252830373605,-1.189331897932582
Mugil cephalus,Teleostei,Mugiliformes,Mugilidae,Mugil,cephalus,-0.8538719640000001,39.5871292029482,-3649.0699176841617,8221.372203174908,5841.226629477732,478.6623617440597,1934.1702622999533,f_2,-1.0599264467548866,-1.2048252830373605,-1.189331897932582
Mugil cephalus,Teleostei,Mugiliformes,Mugilidae,Mugil,cephalus,-0.8538719640000001,39.5871292029482,-3649.0699176841617,8221.372203174908,5841.226629477732,478.6623617440597,1934.1702622999533,f_2,-1.0545314148681804,-1.2048252830373605,-1.189331897932582
Mugil cephalus,Teleostei,Mugiliformes,Mugilidae,Mugil,cephalus,-0.8538719640000001,39.5871292029482,-3649.0699176841617,8221.372203174908,5841.226629477732,478.6623617440597,1934.1702622999533,f_2,-0.7238472234203371,-1.2048252830373605,-1.189331897932582
Mugil cephalus,Teleostei,Mugiliformes,Mugilidae,Mugil,cephalus,-0.8538719640000001,39.5871292029482,-3649.0699176841617,8221.372203174908,5841.226629477732,478.6623617440597,1934.1702622999533,f_2,-0.7115084820764738,-1.2048252830373605,-1.189331897932582
Mugil cephalus,Teleostei,Mugiliformes,Mugilidae,Mugil,cephalus,-0.8538719640000001,39.5871292029482,-3649.0699176841617,8221.372203174908,5841.226629477732,478.6623617440597,1934.1702622999533,f_2,-0.6430004163949169,-1.2048252830373605,-1.189331897932582
Mugil cephalus,Teleostei,Mugiliformes,Mugilidae,Mugil,cephalus,-0.8538719640000001,39.5871292029482,-3649.0699176841617,8221.372203174908,5841.226629477732,478.6623617440597,1934.1702622999533,f_2,-0.5456750093612792,-1.2048252830373605,-1.189331897932582
Mugil cephalus,Teleostei,Mugiliformes,Mugilidae,Mugil,cephalus,-0.6777807049999999,38.47162912595479,-3649.0699176841617,8221.372203174908,5841.226629477732,478.6623617440597,1934.1702622999533,f_2,-0.7575413970059393,-0.9752527754102638,-0.960165435885248
Mugil cephalus,Teleostei,Mugiliformes,Mugilidae,Mugil,cephalus,-0.6695862269999998,38.47162912595479,-3649.0699176841617,8221.372203174908,5841.226629477732,478.6623617440597,1934.1702622999533,f_2,-0.7852944655782657,-0.9687985369129037,-0.953711197387888
Mugil cephalus,Teleostei,Mugiliformes,Mugilidae,Mugil,cephalus,-0.6595558850000001,38.47162912595479,-3649.0699176841617,8221.372203174908,5841.226629477732,478.6623617440597,1934.1702622999533,f_2,-0.749584064137877,-0.9608983119714145,-0.9458109724463988
Mugil cephalus,Teleostei,Mugiliformes,Mugilidae,Mugil,cephalus,-0.6556077260000001,40.3440532794864,-3649.0699176841617,8221.372203174908,5841.226629477732,478.6623617440597,1934.1702622999533,f_2,-1.3497788477691395,-1.1925375649083787,-1.1615339820985957
Mugil cephalus,Teleostei,Mugiliformes,Mugilidae,Mugil,cephalus,-0.6478174819999997,40.3440532794864,-3649.0699176841617,8221.372203174908,5841.226629477732,478.6623617440597,1934.1702622999533,f_2,-1.194669086857231,-1.186401714311351,-1.155398131501568
Mugil cephalus,Teleostei,Mugiliformes,Mugilidae,Mugil,cephalus,-0.6478174819999997,38.47162912595479,-3649.0699176841617,8221.372203174908,5841.226629477732,478.6623617440597,1934.1702622999533,f_2,-0.7701902170474607,-0.9516527624025306,-0.9365654228775149
Mugil cephalus,Teleostei,Mugiliformes,Mugilidae,Mugil,cephalus,-0.623423043,40.3440532794864,-3649.0699176841617,8221.372203174908,5841.226629477732,478.6623617440597,1934.1702622999533,f_2,-1.3012037482095689,-1.1684570612828657,-1.1306904623808898
Mugil cephalus,Teleostei,Mugiliformes,Mugilidae,Mugil,cephalus,-0.586700236,40.3440532794864,-3649.0699176841617,8221.372203174908,5841.226629477732,478.6623617440597,1934.1702622999533,f_2,-1.1456163522887226,-1.1395329791545692,-1.0971950131974155
Nannobrachium ritteri,Teleostei,Myctophiformes,Myctophidae,Nannobrachium,ritteri,-2.744727495000008,41.72197348856467,-3649.0699176841617,8221.372203174908,5841.226629477732,478.6623617440597,1934.1702622999533,f_2,-3.3841802153291356,-3.2981675858359707,-3.176370416569238
Nannobrachium ritteri,Teleostei,Myctophiformes,Myctophidae,Nannobrachium,ritteri,-2.677780705000003,40.9852266496354,-3649.0699176841617,8221.372203174908,5841.226629477732,478.6623617440597,1934.1702622999533,f_2,-3.1586665142879387,-2.9814990349442163,-2.9177092018537936
Notothenia rossii,Teleostei,Perciformes,Nototheniidae,Notothenia,rossii,-2.5686362360000126,42.02414240754758,-2756.047650778884,216.10347744287705,-1994.1446024056083,-588.522102691723,179.2283583714183,f_2,-2.851836171004392,-3.1904699763632225,-3.082227470459218
Notothenia rossii,Teleostei,Perciformes,Nototheniidae,Notothenia,rossii,-2.5686362360000126,42.02414240754758,-2756.047650778884,216.10347744287705,-1994.1446024056083,-588.522102691723,179.2283583714183,f_2,-2.702479165731422,-3.1904699763632225,-3.082227470459218
Notothenia rossii,Teleostei,Perciformes,Nototheniidae,Notothenia,rossii,-2.5686362360000126,42.02414240754758,-2756.047650778884,216.10347744287705,-1994.1446024056083,-588.522102691723,179.2283583714183,f_2,-2.662970624500617,-3.1904699763632225,-3.082227470459218
Notothenia rossii,Teleostei,Perciformes,Nototheniidae,Notothenia,rossii,-2.5686362360000126,42.02414240754758,-2756.047650778884,216.10347744287705,-1994.1446024056083,-588.522102691723,179.2283583714183,f_2,-2.63849685514784,-3.1904699763632225,-3.082227470459218
Notothenia rossii,Teleostei,Perciformes,Nototheniidae,Notothenia,rossii,-0.7966950839999999,42.02414240754758,-2756.047650778884,216.10347744287705,-1994.1446024056083,-588.522102691723,179.2283583714183,f_2,-1.7920264697117616,-1.8192342832784547,-1.7546239940211452
Notothenia rossii,Teleostei,Perciformes,Nototheniidae,Notothenia,rossii,-0.7966950839999999,42.02414240754758,-2756.047650778884,216.10347744287705,-1994.1446024056083,-588.522102691723,179.2283583714183,f_2,-1.594215961072207,-1.8192342832784547,-1.7546239940211452
Notothenia rossii,Teleostei,Perciformes,Nototheniidae,Notothenia,rossii,-0.7966950839999999,42.02414240754758,-2756.047650778884,216.10347744287705,-1994.1446024056083,-588.522102691723,179.2283583714183,f_2,-1.5735313622211728,-1.8192342832784547,-1.7546239940211452
Notothenia rossii,Teleostei,Perciformes,Nototheniidae,Notothenia,rossii,-0.7966950839999999,42.02414240754758,-2756.047650778884,216.10347744287705,-1994.1446024056083,-588.522102691723,179.2283583714183,f_2,-1.3039098307466837,-1.8192342832784547,-1.7546239940211452
Ophiodon elongatus,Teleostei,Scorpaeniformes,Hexagrammidae,Ophiodon,elongatus,-0.5686362360000001,40.66923751829074,-2756.047650778884,216.10347744287705,-1994.1446024056083,-588.522102691723,179.2283583714183,f_2,-1.186419011431808,-1.170773193721407,-1.1681197479639747
Ophiodon elongatus,Teleostei,Scorpaeniformes,Hexagrammidae,Ophiodon,elongatus,-0.2839966559999996,40.54136917325506,-2756.047650778884,216.10347744287705,-1994.1446024056083,-588.522102691723,179.2283583714183,f_2,-0.9160198710706066,-0.8995964661265999,-0.9344896386809833
Ophiodon elongatus,Teleostei,Scorpaeniformes,Hexagrammidae,Ophiodon,elongatus,-0.07058107399999997,40.52721119554483,-2756.047650778884,216.10347744287705,-1994.1446024056083,-588.522102691723,179.2283583714183,f_2,-0.7403928498805128,-0.7083409921543579,-0.7595323144052342
Ophiodon elongatus,Teleostei,Scorpaeniformes,Hexagrammidae,Ophiodon,elongatus,-0.013228265999999711,40.69776232103897,-2756.047650778884,216.10347744287705,-1994.1446024056083,-588.522102691723,179.2283583714183,f_2,-0.6830400413285606,-0.681988499963183,-0.7400377457525722
Ophiodon elongatus,Teleostei,Scorpaeniformes,Hexagrammidae,Ophiodon,elongatus,0.0,40.69776232103897,-2756.047650778884,216.10347744287705,-1994.1446024056083,-588.522102691723,179.2283583714183,f_2,-0.5973913772874339,-0.671089117748564,-0.7368440064669255
Ophiodon elongatus,Teleostei,Scorpaeniformes,Hexagrammidae,Ophiodon,elongatus,0.17609125900000058,40.55553704645907,-2756.047650778884,216.10347744287705,-1994.1446024056083,-588.522102691723,179.2283583714183,f_2,-0.4937205165391242,-0.5095500564304877,-0.5566494477001114
Ophiodon elongatus,Teleostei,Scorpaeniformes,Hexagrammidae,Ophiodon,elongatus,0.20167018000000014,40.68349491969943,-2756.047650778884,216.10347744287705,-1994.1446024056083,-588.522102691723,179.2283583714183,f_2,-0.8105642767704303,-0.5088369141393669,-0.5582109026352315
Ophiodon elongatus,Teleostei,Scorpaeniformes,Hexagrammidae,Ophiodon,elongatus,0.2355284470000005,40.68349491969943,-2756.047650778884,216.10347744287705,-1994.1446024056083,-588.522102691723,179.2283583714183,f_2,-0.743282254022513,-0.5119935331108376,-0.5802522469485858
Ophiodon elongatus,Teleostei,Scorpaeniformes,Hexagrammidae,Ophiodon,elongatus,0.32014628600000017,40.69776232103897,-2756.047650778884,216.10347744287705,-1994.1446024056083,-588.522102691723,179.2283583714183,f_2,-0.5986664851437226,-0.701924002031179,-0.5876207262191542
Ophiodon elongatus,Teleostei,Scorpaeniformes,Hexagrammidae,Ophiodon,elongatus,0.5314789170000005,40.9852266496354,-2756.047650778884,216.10347744287705,-1994.1446024056083,-588.522102691723,179.2283583714183,f_2,-0.37354556972688824,-0.2904220293762337,-0.4788785328702003
Ophiodon elongatus,Teleostei,Scorpaeniformes,Hexagrammidae,Ophiodon,elongatus,0.5763413500000005,40.640752673242034,-2756.047650778884,216.10347744287705,-1994.1446024056083,-588.522102691723,179.2283583714183,f_2,-0.19038043839706892,-0.17580804471558287,-0.18459264415895715
Ophiodon elongatus,Teleostei,Scorpaeniformes,Hexagrammidae,Ophiodon,elongatus,0.6434526760000001,40.55553704645907,-2756.047650778884,216.10347744287705,-1994.1446024056083,-588.522102691723,179.2283583714183,f_2,-0.26157181028295584,-0.10377036040145554,-0.2527047712677465
Ophiodon elongatus,Teleostei,Scorpaeniformes,Hexagrammidae,Ophiodon,elongatus,0.8337843750000004,40.69776232103897,-2756.047650778884,216.10347744287705,-1994.1446024056083,-588.522102691723,179.2283583714183,f_2,-0.0712401121126643,0.046444122695691356,-0.1354393975931495
Ophiodon elongatus,Teleostei,Scorpaeniformes,Hexagrammidae,Ophiodon,elongatus,0.865103975,40.72632716562296,-2756.047650778884,216.10347744287705,-1994.1446024056083,-588.522102691723,179.2283583714183,f_2,-0.06794923572825882,0.06883161831620037,-0.08859379449914662
Ophiodon elongatus,Teleostei,Scorpaeniformes,Hexagrammidae,Ophiodon,elongatus,0.9585638830000006,40.69776232103897,-2756.047650778884,216.10347744287705,-1994.1446024056083,-588.522102691723,179.2283583714183,f_2,0.10469191890020553,0.15360073597849966,-0.03715898190160294
Ophiodon elongatus,Teleostei,Scorpaeniformes,Hexagrammidae,Ophiodon,elongatus,1.0,40.69776232103897,-2756.047650778884,216.10347744287705,-1994.1446024056083,-588.522102691723,179.2283583714183,f_2,0.0668165208371121,0.20346220658719258,-0.0045225428846813465
Opsanus tau,Teleostei,Batrachoidiformes,Batrachoididae,Opsanus,tau,-0.4881166389999996,39.5871292029482,-3649.0699176841617,8221.372203174908,5841.226629477732,478.6623617440597,1934.1702622999533,f_2,-0.2963613815757136,-0.9113166978362631,-0.9286232261559133
Oreochromis mossambicus,Teleostei,Perciformes,Cichlidae,Oreochromis,mossambicus,-5.0,38.88412439552442,-3649.0699176841617,8221.372203174908,5841.226629477732,478.6623617440597,1934.1702622999533,f_2,-4.2887448678115065,-4.379418386232932,-4.461295086337714
Oreochromis mossambicus,Teleostei,Perciformes,Cichlidae,Oreochromis,mossambicus,-5.0,38.88412439552442,-3649.0699176841617,8221.372203174908,5841.226629477732,478.6623617440597,1934.1702622999533,f_2,-4.161106363144021,-4.379418386232932,-4.461295086337714
Oreochromis mossambicus,Teleostei,Perciformes,Cichlidae,Oreochromis,mossambicus,-5.0,38.88412439552442,-3649.0699176841617,8221.372203174908,5841.226629477732,478.6623617440597,1934.1702622999533,f_2,-4.076052104775955,-4.379418386232932,-4.461295086337714
Oreochromis mossambicus,Teleostei,Perciformes,Cichlidae,Oreochromis,mossambicus,-4.522878745000001,38.88412439552442,-3649.0699176841617,8221.372203174908,5841.226629477732,478.6623617440597,1934.1702622999533,f_2,-4.1507108667854,-3.9678345153425707,-4.0881439384582725
Oreochromis mossambicus,Teleostei,Perciformes,Cichlidae,Oreochromis,mossambicus,-4.522878745000001,38.88412439552442,-3649.0699176841617,8221.372203174908,5841.226629477732,478.6623617440597,1934.1702622999533,f_2,-4.023092924321295,-3.9678345153425707,-4.0881439384582725
Oreochromis mossambicus,Teleostei,Perciformes,Cichlidae,Oreochromis,mossambicus,-4.522878745000001,38.88412439552442,-3649.0699176841617,8221.372203174908,5841.226629477732,478.6623617440597,1934.1702622999533,f_2,-3.767642396321688,-3.9678345153425707,-4.0881439384582725
Oreochromis mossambicus,Teleostei,Perciformes,Cichlidae,Oreochromis,mossambicus,-4.522878745000001,38.88412439552442,-3649.0699176841617,8221.372203174908,5841.226629477732,478.6623617440597,1934.1702622999533,f_2,-3.7250109467617434,-3.9678345153425707,-4.0881439384582725
Oreochromis mossambicus,Teleostei,Perciformes,Cichlidae,Oreochromis,mossambicus,-4.397940009,38.88412439552442,-3649.0699176841617,8221.372203174908,5841.226629477732,478.6623617440597,1934.1702622999533,f_2,-3.9828186267786903,-3.8908993220128396,-3.9671965791633594
Oreochromis mossambicus,Teleostei,Perciformes,Cichlidae,Oreochromis,mossambicus,-4.397940009,38.88412439552442,-3649.0699176841617,8221.372203174908,5841.226629477732,478.6623617440597,1934.1702622999533,f_2,-3.8976203462671193,-3.8908993220128396,-3.9671965791633594
Oreochromis mossambicus,Teleostei,Perciformes,Cichlidae,Oreochromis,mossambicus,-4.3010299960000005,38.88412439552442,-3649.0699176841617,8221.372203174908,5841.226629477732,478.6623617440597,1934.1702622999533,f_2,-3.8426902882606018,-3.8026255863720135,-3.87230750539595
Oreochromis mossambicus,Teleostei,Perciformes,Cichlidae,Oreochromis,mossambicus,-4.3010299960000005,38.88412439552442,-3649.0699176841617,8221.372203174908,5841.226629477732,478.6623617440597,1934.1702622999533,f_2,-3.608901023746721,-3.8026255863720135,-3.87230750539595
Oreochromis mossambicus,Teleostei,Perciformes,Cichlidae,Oreochromis,mossambicus,-4.22184875,38.88412439552442,-3649.0699176841617,8221.372203174908,5841.226629477732,478.6623617440597,1934.1702622999533,f_2,-3.6571814910452365,-3.7538186224084376,-3.8335126428986452
Oreochromis mossambicus,Teleostei,Perciformes,Cichlidae,Oreochromis,mossambicus,-4.0969100130000005,38.88412439552442,-3649.0699176841617,8221.372203174908,5841.226629477732,478.6623617440597,1934.1702622999533,f_2,-3.510703077862,-3.6630344995646675,-3.775436984831501
Oreochromis mossambicus,Teleostei,Perciformes,Cichlidae,Oreochromis,mossambicus,-3.958607315000095,38.88412439552442,-3649.0699176841617,8221.372203174908,5841.226629477732,478.6623617440597,1934.1702622999533,f_2,-3.5415427795069787,-3.600429111689793,-3.6255113676586577
Oreochromis mossambicus,Teleostei,Perciformes,Cichlidae,Oreochromis,mossambicus,-3.958607315000095,38.88412439552442,-3649.0699176841617,8221.372203174908,5841.226629477732,478.6623617440597,1934.1702622999533,f_2,-3.3715256670992866,-3.600429111689793,-3.6255113676586577
Oreochromis mossambicus,Teleostei,Perciformes,Cichlidae,Oreochromis,mossambicus,-3.823908741000198,38.88412439552442,-3649.0699176841617,8221.372203174908,5841.226629477732,478.6623617440597,1934.1702622999533,f_2,-3.2146817898395685,-3.493212552135374,-3.500908583198803
Oreochromis mossambicus,Teleostei,Perciformes,Cichlidae,Oreochromis,mossambicus,-3.619788758000131,38.88412439552442,-3649.0699176841617,8221.372203174908,5841.226629477732,478.6623617440597,1934.1702622999533,f_2,-3.095090339571005,-3.3231443864286123,-3.323733426945638
Oreochromis mossambicus,Teleostei,Perciformes,Cichlidae,Oreochromis,mossambicus,-3.5850266520001175,38.88412439552442,-3649.0699176841617,8221.372203174908,5841.226629477732,478.6623617440597,1934.1702622999533,f_2,-3.2092901772638243,-3.2957646164427037,-3.308092313048439
Oreochromis mossambicus,Teleostei,Perciformes,Cichlidae,Oreochromis,mossambicus,-3.3372421680000692,38.88412439552442,-3649.0699176841617,8221.372203174908,5841.226629477732,478.6623617440597,1934.1702622999533,f_2,-3.0876307022606557,-3.1073448332176064,-3.1298180980047468
Oreochromis mossambicus,Teleostei,Perciformes,Cichlidae,Oreochromis,mossambicus,-3.2924298240000778,38.88412439552442,-3649.0699176841617,8221.372203174908,5841.226629477732,478.6623617440597,1934.1702622999533,f_2,-2.893848690976024,-3.0732377251041094,-3.1197821022081174
Oreochromis mossambicus,Teleostei,Perciformes,Cichlidae,Oreochromis,mossambicus,-3.161150909000028,38.88412439552442,-3649.0699176841617,8221.372203174908,5841.226629477732,478.6623617440597,1934.1702622999533,f_2,-2.783287272136827,-2.9824910498228423,-3.029573488771373
Oreochromis mossambicus,Teleostei,Perciformes,Cichlidae,Oreochromis,mossambicus,-3.1191864080000142,38.88412439552442,-3649.0699176841617,8221.372203174908,5841.226629477732,478.6623617440597,1934.1702622999533,f_2,-2.6989024731756697,-2.9484748515013735,-2.9893111217791866
Oreochromis mossambicus,Teleostei,Perciformes,Cichlidae,Oreochromis,mossambicus,-3.036212173000039,38.88412439552442,-3649.0699176841617,8221.372203174908,5841.226629477732,478.6623617440597,1934.1702622999533,f_2,-2.8284688099117257,-2.8799160815161993,-2.900466134397429
Oreochromis mossambicus,Teleostei,Perciformes,Cichlidae,Oreochromis,mossambicus,-3.036212173000039,38.88412439552442,-3649.0699176841617,8221.372203174908,5841.226629477732,478.6623617440597,1934.1702622999533,f_2,-2.5516472502202174,-2.8799160815161993,-2.900466134397429
Oreochromis mossambicus,Teleostei,Perciformes,Cichlidae,Oreochromis,mossambicus,-2.950781977000026,38.88412439552442,-3649.0699176841617,8221.372203174908,5841.226629477732,478.6623617440597,1934.1702622999533,f_2,-2.9345754507599637,-2.808985158353921,-2.8247021305168802
Oreochromis mossambicus,Teleostei,Perciformes,Cichlidae,Oreochromis,mossambicus,-2.950781977000026,38.88412439552442,-3649.0699176841617,8221.372203174908,5841.226629477732,478.6623617440597,1934.1702622999533,f_2,-2.5508541935447484,-2.808985158353921,-2.8247021305168802
Oreochromis mossambicus,Teleostei,Perciformes,Cichlidae,Oreochromis,mossambicus,-2.8239087410000243,38.88412439552442,-3649.0699176841617,8221.372203174908,5841.226629477732,478.6623617440597,1934.1702622999533,f_2,-2.8060786813013645,-2.710572438080709,-2.7331783862037984
Oreochromis mossambicus,Teleostei,Perciformes,Cichlidae,Oreochromis,mossambicus,-2.6968039430000204,38.88412439552442,-3649.0699176841617,8221.372203174908,5841.226629477732,478.6623617440597,1934.1702622999533,f_2,-2.656859568700734,-2.6201443976089163,-2.6420559345808634
Oreochromis mossambicus,Teleostei,Perciformes,Cichlidae,Oreochromis,mossambicus,-2.5686362360000126,38.88412439552442,-3649.0699176841617,8221.372203174908,5841.226629477732,478.6623617440597,1934.1702622999533,f_2,-2.3374668594838495,-2.5096092519209368,-2.5234011651349935
Oreochromis mossambicus,Teleostei,Perciformes,Cichlidae,Oreochromis,mossambicus,-2.5686362360000126,38.88412439552442,-3649.0699176841617,8221.372203174908,5841.226629477732,478.6623617440597,1934.1702622999533,f_2,-2.2730772576255243,-2.5096092519209368,-2.5234011651349935
Oreochromis mossambicus,Teleostei,Perciformes,Cichlidae,Oreochromis,mossambicus,-2.5257837360000086,38.88412439552442,-3649.0699176841617,8221.372203174908,5841.226629477732,478.6623617440597,1934.1702622999533,f_2,-2.6550551026221854,-2.488089330187184,-2.4317250038152833
Oreochromis mossambicus,Teleostei,Perciformes,Cichlidae,Oreochromis,mossambicus,-2.484126156000005,38.88412439552442,-3649.0699176841617,8221.372203174908,5841.226629477732,478.6623617440597,1934.1702622999533,f_2,-2.4441817816317615,-2.455278459678669,-2.5065119835698875
Oreochromis mossambicus,Teleostei,Perciformes,Cichlidae,Oreochromis,mossambicus,-2.484126156000005,38.88412439552442,-3649.0699176841617,8221.372203174908,5841.226629477732,478.6623617440597,1934.1702622999533,f_2,-2.2732546083847596,-2.455278459678669,-2.5065119835698875
Oreochromis mossambicus,Teleostei,Perciformes,Cichlidae,Oreochromis,mossambicus,-2.399027104000005,38.88412439552442,-3649.0699176841617,8221.372203174908,5841.226629477732,478.6623617440597,1934.1702622999533,f_2,-2.5282984710390193,-2.399101189095283,-2.4536020742311875
Oreochromis mossambicus,Teleostei,Perciformes,Cichlidae,Oreochromis,mossambicus,-2.2924298240000014,38.88412439552442,-3649.0699176841617,8221.372203174908,5841.226629477732,478.6623617440597,1934.1702622999533,f_2,-2.3583422841035238,-2.3151416899923647,-2.359100428266716
Oreochromis mossambicus,Teleostei,Perciformes,Cichlidae,Oreochromis,mossambicus,-2.0594835150000024,38.88412439552442,-3649.0699176841617,8221.372203174908,5841.226629477732,478.6623617440597,1934.1702622999533,f_2,-2.314452211464265,-2.1017511793382053,-2.1370832028289213
Oreochromis mossambicus,Teleostei,Perciformes,Cichlidae,Oreochromis,mossambicus,-2.0,39.72263195565382,-3649.0699176841617,8221.372203174908,5841.226629477732,478.6623617440597,1934.1702622999533,f_2,-2.273584166866575,-2.1789162332982053,-2.1414838744596922
Oreochromis mossambicus,Teleostei,Perciformes,Cichlidae,Oreochromis,mossambicus,-1.995678626000004,40.134763706879696,-3649.0699176841617,8221.372203174908,5841.226629477732,478.6623617440597,1934.1702622999533,f_2,-2.4059833598725566,-2.229974040557233,-2.196017319712748
Oreochromis mossambicus,Teleostei,Perciformes,Cichlidae,Oreochromis,mossambicus,-1.9913998280000038,39.31887828508983,-3649.0699176841617,8221.372203174908,5841.226629477732,478.6623617440597,1934.1702622999533,f_2,-2.1028514856734457,-2.1139290936927453,-2.078362401706925
Oreochromis mossambicus,Teleostei,Perciformes,Cichlidae,Oreochromis,mossambicus,-1.9913998280000038,38.53550365546825,-3649.0699176841617,8221.372203174908,5841.226629477732,478.6623617440597,1934.1702622999533,f_2,-1.8992774422025553,-2.0276395292566725,-2.0638028655982543
Oreochromis mossambicus,Teleostei,Perciformes,Cichlidae,Oreochromis,mossambicus,-1.978810701000004,38.53550365546825,-3649.0699176841617,8221.372203174908,5841.226629477732,478.6623617440597,1934.1702622999533,f_2,-1.9267174368800284,-2.0177239216814797,-2.053887258023061
Oreochromis mossambicus,Teleostei,Perciformes,Cichlidae,Oreochromis,mossambicus,-1.9746941350000018,38.88412439552442,-3649.0699176841617,8221.372203174908,5841.226629477732,478.6623617440597,1934.1702622999533,f_2,-2.101697639980589,-2.0557248789720086,-2.091881226440652
Oreochromis mossambicus,Teleostei,Perciformes,Cichlidae,Oreochromis,mossambicus,-1.9746941350000018,38.92324979320565,-3649.0699176841617,8221.372203174908,5841.226629477732,478.6623617440597,1934.1702622999533,f_2,-2.0011835025424163,-2.060969890308204,-2.0610497330397086
Oreochromis mossambicus,Teleostei,Perciformes,Cichlidae,Oreochromis,mossambicus,-1.970616222000004,39.31887828508983,-3649.0699176841617,8221.372203174908,5841.226629477732,478.6623617440597,1934.1702622999533,f_2,-2.1114080120987317,-2.0975592468325597,-2.0619925548467393
Oreochromis mossambicus,Teleostei,Perciformes,Cichlidae,Oreochromis,mossambicus,-1.9546770210000022,38.53550365546825,-3649.0699176841617,8221.372203174908,5841.226629477732,478.6623617440597,1934.1702622999533,f_2,-1.8680521069479306,-1.9987154471283746,-2.0348787834699564
Oreochromis mossambicus,Teleostei,Perciformes,Cichlidae,Oreochromis,mossambicus,-1.946921557,38.03036842813129,-3649.0699176841617,8221.372203174908,5841.226629477732,478.6623617440597,1934.1702622999533,f_2,-1.7197365608821422,-1.9275497045112933,-1.9402046609858907
Oreochromis mossambicus,Teleostei,Perciformes,Cichlidae,Oreochromis,mossambicus,-1.88941029,38.88412439552442,-3649.0699176841617,8221.372203174908,5841.226629477732,478.6623617440597,1934.1702622999533,f_2,-2.0591657754140082,-1.98798552849346,-2.020527522133537
Oreochromis mossambicus,Teleostei,Perciformes,Cichlidae,Oreochromis,mossambicus,-1.8794260690000024,38.03036842813129,-3649.0699176841617,8221.372203174908,5841.226629477732,478.6623617440597,1934.1702622999533,f_2,-1.6644183517078086,-1.8714441450539159,-1.8830469547196402
Oreochromis mossambicus,Teleostei,Perciformes,Cichlidae,Oreochromis,mossambicus,-1.7825160560000008,40.134763706879696,-3649.0699176841617,8221.372203174908,5841.226629477732,478.6623617440597,1934.1702622999533,f_2,-2.3354882931558882,-2.058734316595578,-2.0185273609879717
Oreochromis mossambicus,Teleostei,Perciformes,Cichlidae,Oreochromis,mossambicus,-1.7670038900000014,39.72263195565382,-3649.0699176841617,8221.372203174908,5841.226629477732,478.6623617440597,1934.1702622999533,f_2,-2.135915938498132,-1.9920549654863022,-1.9643388368828678
Oreochromis mossambicus,Teleostei,Perciformes,Cichlidae,Oreochromis,mossambicus,-1.7619538970000017,38.88412439552442,-3649.0699176841617,8221.372203174908,5841.226629477732,478.6623617440597,1934.1702622999533,f_2,-1.931709382397474,-1.8890424985091487,-1.9252385672051935
Oreochromis mossambicus,Teleostei,Perciformes,Cichlidae,Oreochromis,mossambicus,-1.7619538970000017,38.88412439552442,-3649.0699176841617,8221.372203174908,5841.226629477732,478.6623617440597,1934.1702622999533,f_2,-1.803042773349225,-1.8890424985091487,-1.9252385672051935
Oreochromis mossambicus,Teleostei,Perciformes,Cichlidae,Oreochromis,mossambicus,-1.6989700040000009,38.28126975373334,-3649.0699176841617,8221.372203174908,5841.226629477732,478.6623617440597,1934.1702622999533,f_2,-1.4768174460729049,-1.7632169500136643,-1.7530444069563018
Oreochromis mossambicus,Teleostei,Perciformes,Cichlidae,Oreochromis,mossambicus,-1.6989700040000009,38.28126975373334,-3649.0699176841617,8221.372203174908,5841.226629477732,478.6623617440597,1934.1702622999533,f_2,-1.331123487834926,-1.7632169500136643,-1.7530444069563018
Oreochromis mossambicus,Teleostei,Perciformes,Cichlidae,Oreochromis,mossambicus,-1.6757175450000008,38.92324979320565,-3649.0699176841617,8221.372203174908,5841.226629477732,478.6623617440597,1934.1702622999533,f_2,-1.7871692022535912,-1.8263649426055169,-1.8209476671984637
Oreochromis mossambicus,Teleostei,Perciformes,Cichlidae,Oreochromis,mossambicus,-1.6497519820000017,39.31887828508983,-3649.0699176841617,8221.372203174908,5841.226629477732,478.6623617440597,1934.1702622999533,f_2,-1.9772713451758854,-1.8437638460947907,-1.8041489766519077
Oreochromis mossambicus,Teleostei,Perciformes,Cichlidae,Oreochromis,mossambicus,-1.6497519820000017,38.03036842813129,-3649.0699176841617,8221.372203174908,5841.226629477732,478.6623617440597,1934.1702622999533,f_2,-1.5455089629272798,-1.6925537878496262,-1.7024485837788006
Oreochromis mossambicus,Teleostei,Perciformes,Cichlidae,Oreochromis,mossambicus,-1.6458915610000018,38.53550365546825,-3649.0699176841617,8221.372203174908,5841.226629477732,478.6623617440597,1934.1702622999533,f_2,-1.6248325306194893,-1.7585949205877625,-1.7870577485487529
Oreochromis mossambicus,Teleostei,Perciformes,Cichlidae,Oreochromis,mossambicus,-1.6420651530000014,38.03036842813129,-3649.0699176841617,8221.372203174908,5841.226629477732,478.6623617440597,1934.1702622999533,f_2,-1.5312318031686158,-1.6864993902840428,-1.6961899061944108
Oreochromis mossambicus,Teleostei,Perciformes,Cichlidae,Oreochromis,mossambicus,-1.6252516540000004,38.53550365546825,-3649.0699176841617,8221.372203174908,5841.226629477732,478.6623617440597,1934.1702622999533,f_2,-1.6172550965719124,-1.7423382557530602,-1.7705968111458248
Oreochromis mossambicus,Teleostei,Perciformes,Cichlidae,Oreochromis,mossambicus,-1.6216020990000013,40.134763706879696,-3649.0699176841617,8221.372203174908,5841.226629477732,478.6623617440597,1934.1702622999533,f_2,-2.139812230391947,-1.9326736347530902,-1.8894175324067544
Oreochromis mossambicus,Teleostei,Perciformes,Cichlidae,Oreochromis,mossambicus,-1.6197887580000008,39.72263195565382,-3649.0699176841617,8221.372203174908,5841.226629477732,478.6623617440597,1934.1702622999533,f_2,-2.0523698867841094,-1.8767839256055825,-1.8369148032943359
Oreochromis mossambicus,Teleostei,Perciformes,Cichlidae,Oreochromis,mossambicus,-1.5934598200000003,38.88412439552442,-3649.0699176841617,8221.372203174908,5841.226629477732,478.6623617440597,1934.1702622999533,f_2,-1.8051074664675257,-1.7560735138481773,-1.789512855347737
Oreochromis mossambicus,Teleostei,Perciformes,Cichlidae,Oreochromis,mossambicus,-1.5670307090000015,38.03036842813129,-3649.0699176841617,8221.372203174908,5841.226629477732,478.6623617440597,1934.1702622999533,f_2,-1.500214188302986,-1.630212039198266,-1.6399956739931951
Oreochromis mossambicus,Teleostei,Perciformes,Cichlidae,Oreochromis,mossambicus,-1.5543957970000002,40.134763706879696,-3649.0699176841617,8221.372203174908,5841.226629477732,478.6623617440597,1934.1702622999533,f_2,-2.107368034040022,-1.8712833225580756,-1.8364814132897769
Oreochromis mossambicus,Teleostei,Perciformes,Cichlidae,Oreochromis,mossambicus,-1.5406075120000011,39.72263195565382,-3649.0699176841617,8221.372203174908,5841.226629477732,478.6623617440597,1934.1702622999533,f_2,-1.9966697367548687,-1.8085948168026462,-1.7795064868425732
Oreochromis mossambicus,Teleostei,Perciformes,Cichlidae,Oreochromis,mossambicus,-1.4921441280000012,38.53550365546825,-3649.0699176841617,8221.372203174908,5841.226629477732,478.6623617440597,1934.1702622999533,f_2,-1.5115137550861306,-1.6411475088435312,-1.6702865942184213
Oreochromis mossambicus,Teleostei,Perciformes,Cichlidae,Oreochromis,mossambicus,-1.4788619160000012,38.92324979320565,-3649.0699176841617,8221.372203174908,5841.226629477732,478.6623617440597,1934.1702622999533,f_2,-1.687769525924417,-1.6742418868005884,-1.6747886975785347
Oreochromis mossambicus,Teleostei,Perciformes,Cichlidae,Oreochromis,mossambicus,-1.4749551929999998,40.134763706879696,-3649.0699176841617,8221.372203174908,5841.226629477732,478.6623617440597,1934.1702622999533,f_2,-2.1448972373775708,-1.8074608604290607,-1.7685096220144552
Oreochromis mossambicus,Teleostei,Perciformes,Cichlidae,Oreochromis,mossambicus,-1.4749551929999998,39.72263195565382,-3649.0699176841617,8221.372203174908,5841.226629477732,478.6623617440597,1934.1702622999533,f_2,-2.0279274304031176,-1.755632458253086,-1.7174351367018164
Oreochromis mossambicus,Teleostei,Perciformes,Cichlidae,Oreochromis,mossambicus,-1.4749551929999998,39.31887828508983,-3649.0699176841617,8221.372203174908,5841.226629477732,478.6623617440597,1934.1702622999533,f_2,-1.798900096243999,-1.6995062255196083,-1.6688571115591817
Oreochromis mossambicus,Teleostei,Perciformes,Cichlidae,Oreochromis,mossambicus,-1.452225295,38.28126975373334,-3649.0699176841617,8221.372203174908,5841.226629477732,478.6623617440597,1934.1702622999533,f_2,-1.8413407295100994,-1.5722642997362477,-1.5676039686916583
Oreochromis mossambicus,Teleostei,Perciformes,Cichlidae,Oreochromis,mossambicus,-1.452225295,38.28126975373334,-3649.0699176841617,8221.372203174908,5841.226629477732,478.6623617440597,1934.1702622999533,f_2,-1.8251035306194465,-1.5722642997362477,-1.5676039686916583
Oreochromis mossambicus,Teleostei,Perciformes,Cichlidae,Oreochromis,mossambicus,-1.452225295,38.28126975373334,-3649.0699176841617,8221.372203174908,5841.226629477732,478.6623617440597,1934.1702622999533,f_2,-1.809451585058094,-1.5722642997362477,-1.5676039686916583
Oreochromis mossambicus,Teleostei,Perciformes,Cichlidae,Oreochromis,mossambicus,-1.452225295,38.28126975373334,-3649.0699176841617,8221.372203174908,5841.226629477732,478.6623617440597,1934.1702622999533,f_2,-1.6270015816393912,-1.5722642997362477,-1.5676039686916583
Oreochromis mossambicus,Teleostei,Perciformes,Cichlidae,Oreochromis,mossambicus,-1.441291429,40.134763706879696,-3649.0699176841617,8221.372203174908,5841.226629477732,478.6623617440597,1934.1702622999533,f_2,-2.0522556138081245,-1.7809461804732614,-1.7430067234531375
Oreochromis mossambicus,Teleostei,Perciformes,Cichlidae,Oreochromis,mossambicus,-1.441291429,39.72263195565382,-3649.0699176841617,8221.372203174908,5841.226629477732,478.6623617440597,1934.1702622999533,f_2,-1.9120769108119948,-1.729117778297287,-1.6919322400031442
Oreochromis mossambicus,Teleostei,Perciformes,Cichlidae,Oreochromis,mossambicus,-1.407823243,38.03036842813129,-3649.0699176841617,8221.372203174908,5841.226629477732,478.6623617440597,1934.1702622999533,f_2,-1.4048282124051077,-1.5104349973234792,-1.515553674713286
Oreochromis mossambicus,Teleostei,Perciformes,Cichlidae,Oreochromis,mossambicus,-1.4023048140000007,38.88412439552442,-3649.0699176841617,8221.372203174908,5841.226629477732,478.6623617440597,1934.1702622999533,f_2,-1.4842299445471718,-1.608698001640494,-1.639279086281279
Oreochromis mossambicus,Teleostei,Perciformes,Cichlidae,Oreochromis,mossambicus,-1.3990271040000002,38.03036842813129,-3649.0699176841617,8221.372203174908,5841.226629477732,478.6623617440597,1934.1702622999533,f_2,-1.3529658050623106,-1.5035068709727921,-1.508625548362599
Oreochromis mossambicus,Teleostei,Perciformes,Cichlidae,Oreochromis,mossambicus,-1.391473966,39.31887828508983,-3649.0699176841617,8221.372203174908,5841.226629477732,478.6623617440597,1934.1702622999533,f_2,-1.704868687263672,-1.6319684686022737,-1.6018064514353385
Oreochromis mossambicus,Teleostei,Perciformes,Cichlidae,Oreochromis,mossambicus,-1.3829996590000007,38.53550365546825,-3649.0699176841617,8221.372203174908,5841.226629477732,478.6623617440597,1934.1702622999533,f_2,-1.4669685318285446,-1.5566700646307945,-1.5806036916056676
Oreochromis mossambicus,Teleostei,Perciformes,Cichlidae,Oreochromis,mossambicus,-1.3788237180000003,38.03036842813129,-3649.0699176841617,8221.372203174908,5841.226629477732,478.6623617440597,1934.1702622999533,f_2,-1.4089172103968994,-1.4866858090907362,-1.4902936695674287
Oreochromis mossambicus,Teleostei,Perciformes,Cichlidae,Oreochromis,mossambicus,-1.3746875490000001,38.92324979320565,-3649.0699176841617,8221.372203174908,5841.226629477732,478.6623617440597,1934.1702622999533,f_2,-1.5946605847584607,-1.5912825378633613,-1.5890204058949202
Oreochromis mossambicus,Teleostei,Perciformes,Cichlidae,Oreochromis,mossambicus,-1.3615107430000004,38.53550365546825,-3649.0699176841617,8221.372203174908,5841.226629477732,478.6623617440597,1934.1702622999533,f_2,-1.4516691908007842,-1.537348173200875,-1.5664834631494096
Oreochromis mossambicus,Teleostei,Perciformes,Cichlidae,Oreochromis,mossambicus,-1.3448615650000006,40.134763706879696,-3649.0699176841617,8221.372203174908,5841.226629477732,478.6623617440597,1934.1702622999533,f_2,-2.030890429450382,-1.6907173414650594,-1.6614384503411321
Oreochromis mossambicus,Teleostei,Perciformes,Cichlidae,Oreochromis,mossambicus,-1.3372421680000004,39.72263195565382,-3649.0699176841617,8221.372203174908,5841.226629477732,478.6623617440597,1934.1702622999533,f_2,-1.884224042182909,-1.6359744972385448,-1.604362673520446
Oreochromis mossambicus,Teleostei,Perciformes,Cichlidae,Oreochromis,mossambicus,-1.3325470470000005,38.03036842813129,-3649.0699176841617,8221.372203174908,5841.226629477732,478.6623617440597,1934.1702622999533,f_2,-1.314716986969087,-1.4502367916551098,-1.4529566137051646
Oreochromis mossambicus,Teleostei,Perciformes,Cichlidae,Oreochromis,mossambicus,-1.324221658,38.53550365546825,-3649.0699176841617,8221.372203174908,5841.226629477732,478.6623617440597,1934.1702622999533,f_2,-1.4041126188621382,-1.5079780720256284,-1.5334201836780739
Oreochromis mossambicus,Teleostei,Perciformes,Cichlidae,Oreochromis,mossambicus,-1.3178549240000001,38.88412439552442,-3649.0699176841617,8221.372203174908,5841.226629477732,478.6623617440597,1934.1702622999533,f_2,-1.3798547944464934,-1.5412742949728166,-1.56945652799914
Oreochromis mossambicus,Teleostei,Perciformes,Cichlidae,Oreochromis,mossambicus,-1.3160528690000004,39.31887828508983,-3649.0699176841617,8221.372203174908,5841.226629477732,478.6623617440597,1934.1702622999533,f_2,-1.705168304122837,-1.564647184724066,-1.5390952625985983
Oreochromis mossambicus,Teleostei,Perciformes,Cichlidae,Oreochromis,mossambicus,-1.3036436110000005,38.03036842813129,-3649.0699176841617,8221.372203174908,5841.226629477732,478.6623617440597,1934.1702622999533,f_2,-1.3373713881032947,-1.4274715015003032,-1.430191323550358
Oreochromis mossambicus,Teleostei,Perciformes,Cichlidae,Oreochromis,mossambicus,-1.249491605,40.134763706879696,-3649.0699176841617,8221.372203174908,5841.226629477732,478.6623617440597,1934.1702622999533,f_2,-1.9696002589572708,-1.6107910456829364,-1.5716304104480832
Oreochromis mossambicus,Teleostei,Perciformes,Cichlidae,Oreochromis,mossambicus,-1.249491605,39.72263195565382,-3649.0699176841617,8221.372203174908,5841.226629477732,478.6623617440597,1934.1702622999533,f_2,-1.8272874263556396,-1.563306004012892,-1.5205559307233802
Oreochromis mossambicus,Teleostei,Perciformes,Cichlidae,Oreochromis,mossambicus,-1.2448877340000002,39.31887828508983,-3649.0699176841617,8221.372203174908,5841.226629477732,478.6623617440597,1934.1702622999533,f_2,-1.6867095189777708,-1.50675397597206,-1.4683517333841871
Oreochromis mossambicus,Teleostei,Perciformes,Cichlidae,Oreochromis,mossambicus,-1.2410881079999998,38.92324979320565,-3649.0699176841617,8221.372203174908,5841.226629477732,478.6623617440597,1934.1702622999533,f_2,-1.517853933098715,-1.4842140306553522,-1.4682135416605135
Oreochromis mossambicus,Teleostei,Perciformes,Cichlidae,Oreochromis,mossambicus,-1.2410881079999998,38.53550365546825,-3649.0699176841617,8221.372203174908,5841.226629477732,478.6623617440597,1934.1702622999533,f_2,-1.4009728392172058,-1.4406581487415462,-1.4532499417942317
Oreochromis mossambicus,Teleostei,Perciformes,Cichlidae,Oreochromis,mossambicus,-1.2160964210000005,39.31887828508983,-3649.0699176841617,8221.372203174908,5841.226629477732,478.6623617440597,1934.1702622999533,f_2,-1.6264011546139,-1.4840769975538939,-1.445674754966021
Oreochromis mossambicus,Teleostei,Perciformes,Cichlidae,Oreochromis,mossambicus,-1.2160964210000005,38.92324979320565,-3649.0699176841617,8221.372203174908,5841.226629477732,478.6623617440597,1934.1702622999533,f_2,-1.5545191473025832,-1.4645297617672832,-1.4485292727724446
Oreochromis mossambicus,Teleostei,Perciformes,Cichlidae,Oreochromis,mossambicus,-1.2076083110000002,40.134763706879696,-3649.0699176841617,8221.372203174908,5841.226629477732,478.6623617440597,1934.1702622999533,f_2,-1.9189430401083372,-1.5778023954564007,-1.5386417602215474
Oreochromis mossambicus,Teleostei,Perciformes,Cichlidae,Oreochromis,mossambicus,-1.2076083110000002,39.72263195565382,-3649.0699176841617,8221.372203174908,5841.226629477732,478.6623617440597,1934.1702622999533,f_2,-1.8325832094171806,-1.5303173537863564,-1.4875672804968445
Oreochromis mossambicus,Teleostei,Perciformes,Cichlidae,Oreochromis,mossambicus,-1.1739251970000004,38.53550365546825,-3649.0699176841617,8221.372203174908,5841.226629477732,478.6623617440597,1934.1702622999533,f_2,-1.385572844222494,-1.3863895506466088,-1.400350239608082
Oreochromis mossambicus,Teleostei,Perciformes,Cichlidae,Oreochromis,mossambicus,-1.1700533040000003,38.92324979320565,-3649.0699176841617,8221.372203174908,5841.226629477732,478.6623617440597,1934.1702622999533,f_2,-1.5311400152695538,-1.4282646990897279,-1.4122642100948892
Oreochromis mossambicus,Teleostei,Perciformes,Cichlidae,Oreochromis,mossambicus,-1.165579296,39.31887828508983,-3649.0699176841617,8221.372203174908,5841.226629477732,478.6623617440597,1934.1702622999533,f_2,-1.651604744187123,-1.444288060058309,-1.405885817470436
Oreochromis mossambicus,Teleostei,Perciformes,Cichlidae,Oreochromis,mossambicus,-1.165579296,38.53550365546825,-3649.0699176841617,8221.372203174908,5841.226629477732,478.6623617440597,1934.1702622999533,f_2,-1.353167559085227,-1.3798160464491047,-1.393776735410578
Oreochromis mossambicus,Teleostei,Perciformes,Cichlidae,Oreochromis,mossambicus,-1.1408617029999994,38.03036842813129,-3649.0699176841617,8221.372203174908,5841.226629477732,478.6623617440597,1934.1702622999533,f_2,-1.2167126852725034,-1.285364237585451,-1.2893078746549642
Oreochromis mossambicus,Teleostei,Perciformes,Cichlidae,Oreochromis,mossambicus,-1.1272611730000002,38.88412439552442,-3649.0699176841617,8221.372203174908,5841.226629477732,478.6623617440597,1934.1702622999533,f_2,-1.4202946107969074,-1.3816689492795224,-1.4014067492649283
Oreochromis mossambicus,Teleostei,Perciformes,Cichlidae,Oreochromis,mossambicus,-1.1272611730000002,38.88412439552442,-3649.0699176841617,8221.372203174908,5841.226629477732,478.6623617440597,1934.1702622999533,f_2,-1.3361687821034633,-1.3816689492795224,-1.4014067492649283
Oreochromis mossambicus,Teleostei,Perciformes,Cichlidae,Oreochromis,mossambicus,-1.1034737829999999,40.134763706879696,-3649.0699176841617,8221.372203174908,5841.226629477732,478.6623617440597,1934.1702622999533,f_2,-1.841680658512041,-1.470240039775079,-1.4480721247887944
Oreochromis mossambicus,Teleostei,Perciformes,Cichlidae,Oreochromis,mossambicus,-1.099086932,39.72263195565382,-3649.0699176841617,8221.372203174908,5841.226629477732,478.6623617440597,1934.1702622999533,f_2,-1.7169999766362676,-1.4347869535430722,-1.3935424104951537
Oreochromis mossambicus,Teleostei,Perciformes,Cichlidae,Oreochromis,mossambicus,-1.099086932,38.92324979320565,-3649.0699176841617,8221.372203174908,5841.226629477732,478.6623617440597,1934.1702622999533,f_2,-1.4601736435204768,-1.3623234793650303,-1.347818895708362
Oreochromis mossambicus,Teleostei,Perciformes,Cichlidae,Oreochromis,mossambicus,-1.099086932,38.03036842813129,-3649.0699176841617,8221.372203174908,5841.226629477732,478.6623617440597,1934.1702622999533,f_2,-1.2083616705962896,-1.249876449480542,-1.251095226964323
Oreochromis mossambicus,Teleostei,Perciformes,Cichlidae,Oreochromis,mossambicus,-1.090979146,38.53550365546825,-3649.0699176841617,8221.372203174908,5841.226629477732,478.6623617440597,1934.1702622999533,f_2,-1.310952181498215,-1.3102886188030918,-1.3264693369325606
Oreochromis mossambicus,Teleostei,Perciformes,Cichlidae,Oreochromis,mossambicus,-1.0824944899999998,39.31887828508983,-3649.0699176841617,8221.372203174908,5841.226629477732,478.6623617440597,1934.1702622999533,f_2,-1.5843142054530315,-1.3477114940450197,-1.3541225322755213
Oreochromis mossambicus,Teleostei,Perciformes,Cichlidae,Oreochromis,mossambicus,-0.9991322779999999,39.72263195565382,-3649.0699176841617,8221.372203174908,5841.226629477732,478.6623617440597,1934.1702622999533,f_2,-1.7018668362464182,-1.3492297542338105,-1.3211208345491057
Oreochromis mossambicus,Teleostei,Perciformes,Cichlidae,Oreochromis,mossambicus,-0.994819487,40.134763706879696,-3649.0699176841617,8221.372203174908,5841.226629477732,478.6623617440597,1934.1702622999533,f_2,-1.814059614296987,-1.3778307183038385,-1.3687984266807676
Oreochromis mossambicus,Teleostei,Perciformes,Cichlidae,Oreochromis,mossambicus,-0.9665762450000002,38.92324979320565,-3649.0699176841617,8221.372203174908,5841.226629477732,478.6623617440597,1934.1702622999533,f_2,-1.3434572228997124,-1.2419945313945882,-1.242908404566882
Oreochromis mossambicus,Teleostei,Perciformes,Cichlidae,Oreochromis,mossambicus,-0.9665762450000002,38.03036842813129,-3649.0699176841617,8221.372203174908,5841.226629477732,478.6623617440597,1934.1702622999533,f_2,-1.1073680340400192,-1.1374576363428448,-1.1461847339601976
Oreochromis mossambicus,Teleostei,Perciformes,Cichlidae,Oreochromis,mossambicus,-0.9625735020000004,39.31887828508983,-3649.0699176841617,8221.372203174908,5841.226629477732,478.6623617440597,1934.1702622999533,f_2,-1.4807836332971422,-1.2510238592924716,-1.2370055857322795
Oreochromis mossambicus,Teleostei,Perciformes,Cichlidae,Oreochromis,mossambicus,-0.9625735020000004,38.53550365546825,-3649.0699176841617,8221.372203174908,5841.226629477732,478.6623617440597,1934.1702622999533,f_2,-1.21754219855574,-1.2039788825580813,-1.2247921061370972
Oreochromis mossambicus,Teleostei,Perciformes,Cichlidae,Oreochromis,mossambicus,-0.8446639629999996,39.72263195565382,-3649.0699176841617,8221.372203174908,5841.226629477732,478.6623617440597,1934.1702622999533,f_2,-1.5647726164280342,-1.2157377767024544,-1.1760808772219893
Oreochromis mossambicus,Teleostei,Perciformes,Cichlidae,Oreochromis,mossambicus,-0.8407336689999998,40.134763706879696,-3649.0699176841617,8221.372203174908,5841.226629477732,478.6623617440597,1934.1702622999533,f_2,-1.6828366787642912,-1.2456435551242424,-1.2240597290322917
Oreochromis mossambicus,Teleostei,Perciformes,Cichlidae,Oreochromis,mossambicus,-0.8326826649999999,38.92324979320565,-3649.0699176841617,8221.372203174908,5841.226629477732,478.6623617440597,1934.1702622999533,f_2,-1.2429873989697238,-1.1343134848791507,-1.1208161107468306
Oreochromis mossambicus,Teleostei,Perciformes,Cichlidae,Oreochromis,mossambicus,-0.8326826649999999,38.53550365546825,-3649.0699176841617,8221.372203174908,5841.226629477732,478.6623617440597,1934.1702622999533,f_2,-1.1602020288381965,-1.0994505271555661,-1.1058525090179037
Oreochromis mossambicus,Teleostei,Perciformes,Cichlidae,Oreochromis,mossambicus,-0.8326826649999999,38.03036842813129,-3649.0699176841617,8221.372203174908,5841.226629477732,478.6623617440597,1934.1702622999533,f_2,-1.0281435510558883,-1.0297765898274074,-1.0240924215136948
Oreochromis mossambicus,Teleostei,Perciformes,Cichlidae,Oreochromis,mossambicus,-0.8239087409999997,39.31887828508983,-3649.0699176841617,8221.372203174908,5841.226629477732,478.6623617440597,1934.1702622999533,f_2,-1.428033500830053,-1.1395848747987913,-1.1111553595219208
Orthodon microlepidotus,Teleostei,Cypriniformes,Cyprinidae,Orthodon,microlepidotus,-0.24872089599999977,40.9852266496354,-3373.757546678914,5449.495628100148,2918.078693594897,-65.46878555214364,-4366.75691007455,f_2,-1.0356460707078066,-1.0051536747824494,-0.8420472461015538
Orthodon microlepidotus,Teleostei,Cypriniformes,Cyprinidae,Orthodon,microlepidotus,-0.24108810799999958,38.92324979320565,-3373.757546678914,5449.495628100148,2918.078693594897,-65.46878555214364,-4366.75691007455,f_2,-0.5051345370128377,-0.6397709455171697,-0.49991505051302854
Orthodon microlepidotus,Teleostei,Cypriniformes,Cyprinidae,Orthodon,microlepidotus,-0.23433144499999975,38.28126975373334,-3373.757546678914,5449.495628100148,2918.078693594897,-65.46878555214364,-4366.75691007455,f_2,-0.36347254308230764,-0.5912921330304768,-0.46081417913440137
Orthodon microlepidotus,Teleostei,Cypriniformes,Cyprinidae,Orthodon,microlepidotus,-0.23062267399999986,39.5871292029482,-3373.757546678914,5449.495628100148,2918.078693594897,-65.46878555214364,-4366.75691007455,f_2,-0.6451619444153608,-0.5810516472294184,-0.48563418497371713
Orthodon microlepidotus,Teleostei,Cypriniformes,Cyprinidae,Orthodon,microlepidotus,-0.18708664299999994,40.69776232103897,-3373.757546678914,5449.495628100148,2918.078693594897,-65.46878555214364,-4366.75691007455,f_2,-1.0921111301262882,-0.8064847502271977,-0.6773058442993991
Orthodon microlepidotus,Teleostei,Cypriniformes,Cyprinidae,Orthodon,microlepidotus,-0.18708664299999994,39.5871292029482,-3373.757546678914,5449.495628100148,2918.078693594897,-65.46878555214364,-4366.75691007455,f_2,-0.6430185990068688,-0.5296425202580411,-0.4585006340164919
Orthodon microlepidotus,Teleostei,Cypriniformes,Cyprinidae,Orthodon,microlepidotus,-0.18708664299999994,38.53550365546825,-3373.757546678914,5449.495628100148,2918.078693594897,-65.46878555214364,-4366.75691007455,f_2,-0.5003510954381373,-0.5643406436628541,-0.5076546345673354
Orthodon microlepidotus,Teleostei,Cypriniformes,Cyprinidae,Orthodon,microlepidotus,-0.1687703059999995,40.274047981413375,-3373.757546678914,5449.495628100148,2918.078693594897,-65.46878555214364,-4366.75691007455,f_2,-0.6868501685315057,-0.7406516862409687,-0.6506068797001288
Pimephales promelas,Teleostei,Cypriniformes,Cyprinidae,Pimephales,promelas,-3.0457574910000362,39.35888392689253,-3373.757546678929,5449.495628100146,2918.0786935949145,-65.46878555213755,-4366.756910074552,f_2,-2.765866144109348,-2.868168044530276,-2.772570994598671
Pimephales promelas,Teleostei,Cypriniformes,Cyprinidae,Pimephales,promelas,-2.6989700040000053,40.274047981413375,-3373.757546678929,5449.495628100146,2918.0786935949145,-65.46878555213755,-4366.756910074552,f_2,-3.0523698878729117,-2.6731368743488573,-2.6517327661913077
Pimephales promelas,Teleostei,Cypriniformes,Cyprinidae,Pimephales,promelas,-2.6989700040000053,39.45254776761606,-3373.757546678929,5449.495628100146,2918.0786935949145,-65.46878555213755,-4366.756910074552,f_2,-2.810421661924261,-2.5171141530812973,-2.475962795681003
Platichthys flesus,Teleostei,Pleuronectiformes,Pleuronectidae,Platichthys,flesus,-0.45593195599999986,41.13048706661089,-2756.047650778884,216.10347744287705,-1994.1446024056083,-588.522102691723,179.2283583714183,f_2,-1.7869251746911496,-1.1569760630605164,-1.2461234535713104
Platichthys flesus,Teleostei,Pleuronectiformes,Pleuronectidae,Platichthys,flesus,-0.45593195599999986,41.13048706661089,-2756.047650778884,216.10347744287705,-1994.1446024056083,-588.522102691723,179.2283583714183,f_2,-1.5650764250747928,-1.1569760630605164,-1.2461234535713104
Platichthys flesus,Teleostei,Pleuronectiformes,Pleuronectidae,Platichthys,flesus,-0.45593195599999986,41.13048706661089,-2756.047650778884,216.10347744287705,-1994.1446024056083,-588.522102691723,179.2283583714183,f_2,-1.2750418137122748,-1.1569760630605164,-1.2461234535713104
Platichthys flesus,Teleostei,Pleuronectiformes,Pleuronectidae,Platichthys,flesus,-0.40340290399999984,40.274047981413375,-2756.047650778884,216.10347744287705,-1994.1446024056083,-588.522102691723,179.2283583714183,f_2,-1.245375645395594,-0.9632695663340447,-1.0107282183584356
Platichthys flesus,Teleostei,Pleuronectiformes,Pleuronectidae,Platichthys,flesus,-0.36251026999999963,41.72197348856467,-2756.047650778884,216.10347744287705,-1994.1446024056083,-588.522102691723,179.2283583714183,f_2,-1.5174122304732338,-1.1211604755137003,-1.2656185864410947
Platichthys flesus,Teleostei,Pleuronectiformes,Pleuronectidae,Platichthys,flesus,-0.3062730509999994,40.9852266496354,-2756.047650778884,216.10347744287705,-1994.1446024056083,-588.522102691723,179.2283583714183,f_2,-1.0632350023900587,-1.0439538166062445,-1.0959607739999182
Platichthys stellatus,Teleostei,Pleuronectiformes,Pleuronectidae,Platichthys,stellatus,-1.823908741000001,40.274047981413375,-2756.047650778884,216.10347744287705,-1994.1446024056083,-588.522102691723,179.2283583714183,f_2,-2.234213475033742,-2.1157942780536616,-2.145829744723332
Platichthys stellatus,Teleostei,Pleuronectiformes,Pleuronectidae,Platichthys,stellatus,-0.2359733919999998,41.13048706661089,-2756.047650778884,216.10347744287705,-1994.1446024056083,-588.522102691723,179.2283583714183,f_2,-1.0550832503705128,-0.998138423337961,-1.0520099148191473
Platichthys stellatus,Teleostei,Pleuronectiformes,Pleuronectidae,Platichthys,stellatus,-0.1641192679999996,41.13048706661089,-2756.047650778884,216.10347744287705,-1994.1446024056083,-588.522102691723,179.2283583714183,f_2,-0.9945101366548444,-0.9282860087416188,-0.9957799361811372
Platichthys stellatus,Teleostei,Pleuronectiformes,Pleuronectidae,Platichthys,stellatus,0.07003786700000042,40.76924969557092,-2756.047650778884,216.10347744287705,-1994.1446024056083,-588.522102691723,179.2283583714183,f_2,-0.8487749046470217,-0.6723610720339058,-0.7346427083341531
Platichthys stellatus,Teleostei,Pleuronectiformes,Pleuronectidae,Platichthys,stellatus,0.07003786700000042,40.81226279530249,-2756.047650778884,216.10347744287705,-1994.1446024056083,-588.522102691723,179.2283583714183,f_2,-0.8216226586034069,-0.6828523597657433,-0.8480055269665465
Platichthys stellatus,Teleostei,Pleuronectiformes,Pleuronectidae,Platichthys,stellatus,0.07003786700000042,39.5871292029482,-2756.047650778884,216.10347744287705,-1994.1446024056083,-588.522102691723,179.2283583714183,f_2,-0.41585731241941254,-0.5122346487917502,-0.5688920806126891
Platichthys stellatus,Teleostei,Pleuronectiformes,Pleuronectidae,Platichthys,stellatus,0.07918124600000054,40.78357731802588,-2756.047650778884,216.10347744287705,-1994.1446024056083,-588.522102691723,179.2283583714183,f_2,-1.0087739243075051,-0.6670801581088627,-0.7772750626176137
Platichthys stellatus,Teleostei,Pleuronectiformes,Pleuronectidae,Platichthys,stellatus,0.07918124600000054,39.61415574618284,-2756.047650778884,216.10347744287705,-1994.1446024056083,-588.522102691723,179.2283583714183,f_2,-0.4676703589209685,-0.5086561069164317,-0.5653135387373707
Platichthys stellatus,Teleostei,Pleuronectiformes,Pleuronectidae,Platichthys,stellatus,0.10311925400000027,41.13048706661089,-2756.047650778884,216.10347744287705,-1994.1446024056083,-588.522102691723,179.2283583714183,f_2,-0.7885412716654481,-0.669265961901168,-0.778151276856808
Platichthys stellatus,Teleostei,Pleuronectiformes,Pleuronectidae,Platichthys,stellatus,0.10311925400000027,41.05772837730148,-2756.047650778884,216.10347744287705,-1994.1446024056083,-588.522102691723,179.2283583714183,f_2,-0.7629871671930599,-0.6595121913876061,-0.7592532970179324
Platichthys stellatus,Teleostei,Pleuronectiformes,Pleuronectidae,Platichthys,stellatus,0.10311925400000027,39.88646477348088,-2756.047650778884,216.10347744287705,-1994.1446024056083,-588.522102691723,179.2283583714183,f_2,-0.5008752375594482,-0.5078058576960109,-0.4979377435333816
Platichthys stellatus,Teleostei,Pleuronectiformes,Pleuronectidae,Platichthys,stellatus,0.11058971000000037,41.13048706661089,-2756.047650778884,216.10347744287705,-1994.1446024056083,-588.522102691723,179.2283583714183,f_2,-1.095464772133876,-0.6590055144651147,-0.7722673017325798
Platichthys stellatus,Teleostei,Pleuronectiformes,Pleuronectidae,Platichthys,stellatus,0.11058971000000037,41.13048706661089,-2756.047650778884,216.10347744287705,-1994.1446024056083,-588.522102691723,179.2283583714183,f_2,-0.9193735130781943,-0.6590055144651147,-0.7722673017325798
Platichthys stellatus,Teleostei,Pleuronectiformes,Pleuronectidae,Platichthys,stellatus,0.11058971000000037,40.05165461896208,-2756.047650778884,216.10347744287705,-1994.1446024056083,-588.522102691723,179.2283583714183,f_2,-0.7085201477633011,-0.5088526144025487,-0.4979034138193066
Platichthys stellatus,Teleostei,Pleuronectiformes,Pleuronectidae,Platichthys,stellatus,0.15381486400000038,40.84098865333191,-2756.047650778884,216.10347744287705,-1994.1446024056083,-588.522102691723,179.2283583714183,f_2,-0.7939616028455643,-0.5863957779768786,-0.7248079225494952
Platichthys stellatus,Teleostei,Pleuronectiformes,Pleuronectidae,Platichthys,stellatus,0.15381486400000038,40.84098865333191,-2756.047650778884,216.10347744287705,-1994.1446024056083,-588.522102691723,179.2283583714183,f_2,-0.6331103103466198,-0.5863957779768786,-0.7248079225494952
Platichthys stellatus,Teleostei,Pleuronectiformes,Pleuronectidae,Platichthys,stellatus,0.1583624920000004,40.55553704645907,-2756.047650778884,216.10347744287705,-1994.1446024056083,-588.522102691723,179.2283583714183,f_2,-0.5985994592184559,-0.5322488270506034,-0.5706132035954992
Platichthys stellatus,Teleostei,Pleuronectiformes,Pleuronectidae,Platichthys,stellatus,0.1583624920000004,40.654990106303245,-2756.047650778884,216.10347744287705,-1994.1446024056083,-588.522102691723,179.2283583714183,f_2,-0.5275361033930105,-0.5484712724939542,-0.5856392602288356
Platichthys stellatus,Teleostei,Pleuronectiformes,Pleuronectidae,Platichthys,stellatus,0.1583624920000004,39.61415574618284,-2756.047650778884,216.10347744287705,-1994.1446024056083,-588.522102691723,179.2283583714183,f_2,-0.307329300843631,-0.4356824963407955,-0.4548931082674059
Platichthys stellatus,Teleostei,Pleuronectiformes,Pleuronectidae,Platichthys,stellatus,0.16136800200000034,40.72632716562296,-2756.047650778884,216.10347744287705,-1994.1446024056083,-588.522102691723,179.2283583714183,f_2,-1.0183575414758004,-0.5511129617415775,-0.5718161717909886
Platichthys stellatus,Teleostei,Pleuronectiformes,Pleuronectidae,Platichthys,stellatus,0.16136800200000034,39.65476482434397,-2756.047650778884,216.10347744287705,-1994.1446024056083,-588.522102691723,179.2283583714183,f_2,-0.28976507053298073,-0.438792403611283,-0.4223274919236586
Platichthys stellatus,Teleostei,Pleuronectiformes,Pleuronectidae,Platichthys,stellatus,0.16879202000000026,40.76924969557092,-2756.047650778884,216.10347744287705,-1994.1446024056083,-588.522102691723,179.2283583714183,f_2,-0.7362324664549615,-0.5544797208224599,-0.6013211600838244
Platichthys stellatus,Teleostei,Pleuronectiformes,Pleuronectidae,Platichthys,stellatus,0.16879202000000026,40.956297603120746,-2756.047650778884,216.10347744287705,-1994.1446024056083,-588.522102691723,179.2283583714183,f_2,-0.5786246130932934,-0.6021989376789076,-0.7094920253070356
Pomadasys commersonnii,Teleostei,Perciformes,Haemulidae,Pomadasys,commersonnii,-1.2048154100000004,38.92324979320565,-2756.047650778884,216.10347744287705,-1994.1446024056083,-588.522102691723,179.2283583714183,f_2,-0.9101121849671963,-1.40088639513546,-1.4050120730721998
Pomadasys commersonnii,Teleostei,Perciformes,Haemulidae,Pomadasys,commersonnii,-1.1040252679999998,39.5871292029482,-2756.047650778884,216.10347744287705,-1994.1446024056083,-588.522102691723,179.2283583714183,f_2,-1.16993772779342,-1.4324530416468761,-1.448062534259155
Pomadasys commersonnii,Teleostei,Perciformes,Haemulidae,Pomadasys,commersonnii,-1.000869459,38.92324979320565,-2756.047650778884,216.10347744287705,-1994.1446024056083,-588.522102691723,179.2283583714183,f_2,-0.8313905959654739,-1.2513770328572906,-1.260084208530372
Pomadasys commersonnii,Teleostei,Perciformes,Haemulidae,Pomadasys,commersonnii,-0.8569852,40.274047981413375,-2756.047650778884,216.10347744287705,-1994.1446024056083,-588.522102691723,179.2283583714183,f_2,-1.3641999466677652,-1.3496438311510333,-1.364606772283158
Pomadasys commersonnii,Teleostei,Perciformes,Haemulidae,Pomadasys,commersonnii,-0.7212463989999998,40.274047981413375,-2756.047650778884,216.10347744287705,-1994.1446024056083,-588.522102691723,179.2283583714183,f_2,-1.1229509611979058,-1.2426046914852305,-1.2613288527189659
Pomadasys commersonnii,Teleostei,Perciformes,Haemulidae,Pomadasys,commersonnii,-0.6946486310000002,39.5871292029482,-2756.047650778884,216.10347744287705,-1994.1446024056083,-588.522102691723,179.2283583714183,f_2,-0.9557342518756797,-1.0982748571604029,-1.1204758781869222
Pomadasys commersonnii,Teleostei,Perciformes,Haemulidae,Pomadasys,commersonnii,-0.6675615399999998,39.5871292029482,-2756.047650778884,216.10347744287705,-1994.1446024056083,-588.522102691723,179.2283583714183,f_2,-0.9225302364400143,-1.0769401796478517,-1.099141200674371
Pomadasys commersonnii,Teleostei,Perciformes,Haemulidae,Pomadasys,commersonnii,-0.6270879969999994,38.92324979320565,-2756.047650778884,216.10347744287705,-1994.1446024056083,-588.522102691723,179.2283583714183,f_2,-0.6274596075921592,-0.9558392161108801,-0.9490934542755096
Pomadasys commersonnii,Teleostei,Perciformes,Haemulidae,Pomadasys,commersonnii,-0.586700236,40.274047981413375,-2756.047650778884,216.10347744287705,-1994.1446024056083,-588.522102691723,179.2283583714183,f_2,-1.0885199509722585,-1.1347541921483089,-1.125203749217812
Pomadasys commersonnii,Teleostei,Perciformes,Haemulidae,Pomadasys,commersonnii,-0.53313238,40.274047981413375,-2756.047650778884,216.10347744287705,-1994.1446024056083,-588.522102691723,179.2283583714183,f_2,-1.0921787648269374,-1.091847426075623,-1.0930133531127375
Pomadasys commersonnii,Teleostei,Perciformes,Haemulidae,Pomadasys,commersonnii,-0.49349496799999965,39.5871292029482,-2756.047650778884,216.10347744287705,-1994.1446024056083,-588.522102691723,179.2283583714183,f_2,-0.7999959804961616,-0.9468808185908411,-1.0144315403719208
Pomadasys commersonnii,Teleostei,Perciformes,Haemulidae,Pomadasys,commersonnii,-0.48017200599999993,39.5871292029482,-2756.047650778884,216.10347744287705,-1994.1446024056083,-588.522102691723,179.2283583714183,f_2,-0.7601429716834207,-0.9366867201523327,-1.003937940384312
Pomadasys commersonnii,Teleostei,Perciformes,Haemulidae,Pomadasys,commersonnii,-0.48017200599999993,38.92324979320565,-2756.047650778884,216.10347744287705,-1994.1446024056083,-588.522102691723,179.2283583714183,f_2,-0.48054361676985397,-0.8461373011674663,-0.8830760237886033
Pomadasys commersonnii,Teleostei,Perciformes,Haemulidae,Pomadasys,commersonnii,-0.4449055509999999,38.92324979320565,-2756.047650778884,216.10347744287705,-1994.1446024056083,-588.522102691723,179.2283583714183,f_2,-0.5563572089013266,-0.8183602894375658,-0.8548043382105506
Pomadasys commersonnii,Teleostei,Perciformes,Haemulidae,Pomadasys,commersonnii,-0.4259687319999995,40.274047981413375,-2756.047650778884,216.10347744287705,-1994.1446024056083,-588.522102691723,179.2283583714183,f_2,-0.9729506061392273,-0.9860205944743534,-1.0577626752662048
Pomadasys commersonnii,Teleostei,Perciformes,Haemulidae,Pomadasys,commersonnii,-0.4190750239999998,39.5871292029482,-2756.047650778884,216.10347744287705,-1994.1446024056083,-588.522102691723,179.2283583714183,f_2,-0.7465943879492152,-0.879855483369407,-0.9553212732372403
Pomadasys commersonnii,Teleostei,Perciformes,Haemulidae,Pomadasys,commersonnii,-0.39902710399999997,40.274047981413375,-2756.047650778884,216.10347744287705,-1994.1446024056083,-588.522102691723,179.2283583714183,f_2,-0.9172372355190013,-0.9598230433442037,-1.0072816953685946
Pomadasys commersonnii,Teleostei,Perciformes,Haemulidae,Pomadasys,commersonnii,-0.39254497699999974,38.92324979320565,-2756.047650778884,216.10347744287705,-1994.1446024056083,-588.522102691723,179.2283583714183,f_2,-0.3650991478537015,-0.7767881135995538,-0.7843025634885934
Pomadasys commersonnii,Teleostei,Perciformes,Haemulidae,Pomadasys,commersonnii,-0.3595185629999996,38.92324979320565,-2756.047650778884,216.10347744287705,-1994.1446024056083,-588.522102691723,179.2283583714183,f_2,-0.4865220682526036,-0.7560671439391449,-0.7727533030967428
Pomadasys commersonnii,Teleostei,Perciformes,Haemulidae,Pomadasys,commersonnii,-0.23807216199999975,39.5871292029482,-2756.047650778884,216.10347744287705,-1994.1446024056083,-588.522102691723,179.2283583714183,f_2,-0.5584717840132132,-0.744824209990504,-0.7829794779595494
Pomadasys commersonnii,Teleostei,Perciformes,Haemulidae,Pomadasys,commersonnii,-0.2247537399999999,39.5871292029482,-2756.047650778884,216.10347744287705,-1994.1446024056083,-588.522102691723,179.2283583714183,f_2,-0.47369047193936753,-0.7343341858551675,-0.7724894538242129
Pomadasys commersonnii,Teleostei,Perciformes,Haemulidae,Pomadasys,commersonnii,-0.21112488400000004,40.274047981413375,-2756.047650778884,216.10347744287705,-1994.1446024056083,-588.522102691723,179.2283583714183,f_2,-0.8360997831533571,-0.8173913033125562,-0.8586748304952243
Pomadasys commersonnii,Teleostei,Perciformes,Haemulidae,Pomadasys,commersonnii,-0.20065945099999966,38.92324979320565,-2756.047650778884,216.10347744287705,-1994.1446024056083,-588.522102691723,179.2283583714183,f_2,-0.29709696408917674,-0.6331781877728972,-0.6361255615758459
Pomadasys commersonnii,Teleostei,Perciformes,Haemulidae,Pomadasys,commersonnii,-0.1040252679999997,40.274047981413375,-2756.047650778884,216.10347744287705,-1994.1446024056083,-588.522102691723,179.2283583714183,f_2,-0.7014166449141749,-0.7092249761037651,-0.7493830475562335
Pomadasys commersonnii,Teleostei,Perciformes,Haemulidae,Pomadasys,commersonnii,-0.06398920399999948,39.5871292029482,-2756.047650778884,216.10347744287705,-1994.1446024056083,-588.522102691723,179.2283583714183,f_2,-0.4786587435881759,-0.5922259548584574,-0.6327079569767962
Pomadasys commersonnii,Teleostei,Perciformes,Haemulidae,Pomadasys,commersonnii,-0.02365002099999951,38.92324979320565,-2756.047650778884,216.10347744287705,-1994.1446024056083,-588.522102691723,179.2283583714183,f_2,-0.19340550660049624,-0.4743873035229265,-0.49646108320767257
Pomadasys commersonnii,Teleostei,Perciformes,Haemulidae,Pomadasys,commersonnii,0.09725731000000028,39.5871292029482,-2756.047650778884,216.10347744287705,-1994.1446024056083,-588.522102691723,179.2283583714183,f_2,-0.31741222960404286,-0.47848203130506944,-0.5224224112864295
Pomadasys commersonnii,Teleostei,Perciformes,Haemulidae,Pomadasys,commersonnii,0.13767053700000034,38.92324979320565,-2756.047650778884,216.10347744287705,-1994.1446024056083,-588.522102691723,179.2283583714183,f_2,-0.11126619438698857,-0.3675656508199723,-0.3649597759182699
Pomadasys commersonnii,Teleostei,Perciformes,Haemulidae,Pomadasys,commersonnii,0.24501887100000036,40.274047981413375,-2756.047650778884,216.10347744287705,-1994.1446024056083,-588.522102691723,179.2283583714183,f_2,-0.4018578696045749,-0.45974796659829736,-0.5237235805843674
Pomadasys commersonnii,Teleostei,Perciformes,Haemulidae,Pomadasys,commersonnii,0.4194600730000007,40.274047981413375,-2756.047650778884,216.10347744287705,-1994.1446024056083,-588.522102691723,179.2283583714183,f_2,-0.3376321473082481,-0.3986153543812959,-0.4435616914565681
Pseudochaenichthys georgianus,Teleostei,Perciformes,Channichthyidae,Pseudochaenichthys,georgianus,-1.4202164030000004,42.33072013804218,-2756.047650778884,216.10347744287705,-1994.1446024056083,-588.522102691723,179.2283583714183,f_2,-2.228461145839788,-2.287278395619444,-2.1807237942175153
Rhodeus amarus,Teleostei,Cypriniformes,Cyprinidae,Rhodeus,amarus,-3.1487416510000403,40.134763706879696,-3636.60410524144,8095.767383942019,5708.702639393179,453.9464908930054,1646.0991846535785,f_2,-3.27124465648415,-3.125462975262943,-3.130791669889738
Scopelogadus mizolepis,Teleostei,Stephanoberyciformes,Melamphaidae,Scopelogadus,mizolepis,-2.4436974990000033,41.72197348856467,-3649.0699176841617,8221.372203174908,5841.226629477732,478.6623617440597,1934.1702622999533,f_2,-3.5529722334519365,-3.08634212466468,-2.9748201781877297
Spinachia spinachia,Teleostei,Gasterosteiformes,Gasterosteidae,Spinachia,spinachia,-3.5228787450000727,39.85906551895677,-2756.047650778884,216.10347744287705,-1994.1446024056083,-588.522102691723,179.2283583714183,f_2,-3.3841802153291356,-3.2994965882062752,-3.276152098112621
Spinachia spinachia,Teleostei,Gasterosteiformes,Gasterosteidae,Spinachia,spinachia,-2.3010299960000036,39.79073178756819,-2756.047650778884,216.10347744287705,-1994.1446024056083,-588.522102691723,179.2283583714183,f_2,-2.1623314676995626,-2.3364846375926325,-2.3589399476552453
Stomias atriventer,Teleostei,Stomiiformes,Stomiidae,Stomias,atriventer,-2.0315170510000025,40.9852266496354,-3649.0699176841617,8221.372203174908,5841.226629477732,478.6623617440597,1934.1702622999533,f_2,-2.6783937917452096,-2.472782769142759,-2.3986208230814468
Syngnathus acus,Teleostei,Gasterosteiformes,Syngnathidae,Syngnathus,acus,-2.1549019600000006,39.79073178756819,-3649.0699176841617,8221.372203174908,5841.226629477732,478.6623617440597,1934.1702622999533,f_2,-2.119602490607091,-2.3064671579963525,-2.255783373071604
Syngnathus acus,Teleostei,Gasterosteiformes,Syngnathidae,Syngnathus,acus,-2.1191864080000027,39.79073178756819,-3649.0699176841617,8221.372203174908,5841.226629477732,478.6623617440597,1934.1702622999533,f_2,-2.241689411624054,-2.278336422802134,-2.225803530433099
Ctenopharyngodon idella,Teleostei,Cypriniformes,Cyprinidae,Ctenopharyngodon,idella,-1.7945249632591092,39.31887828508983,-3373.757546678929,5449.495628100146,2918.0786935949145,-65.46878555213755,-4366.756910074552,f_3,-2.1631826767751763,-1.6521742324484705,-1.683284078997929
Gymnodraco acuticeps,Teleostei,Perciformes,Bathydraconidae,Gymnodraco,acuticeps,-1.0594835150674329,42.532405812146834,-2756.047650778884,216.10347744287705,-1994.1446024056083,-588.522102691723,179.2283583714183,f_3,-1.92530640749067,-1.9969665417189701,-1.9409647011130517
Gymnoscopelus opisthopterus,Teleostei,Myctophiformes,Myctophidae,Gymnoscopelus,opisthopterus,-1.628009088535085,42.44684318158106,-3649.0699176841617,8221.372203174908,5841.226629477732,478.6623617440597,1934.1702622999533,f_3,-2.53283973710333,-2.6712633810006756,-2.5164138623358445
Lepidogalaxias salamandroides,Teleostei,Osmeriformes,Lepidogalaxiidae,Lepidogalaxias,salamandroides,-3.207608310501746,39.5871292029482,-2756.0476507788835,216.1034774430857,-1994.144602405576,-588.5221026916943,179.22835837145826,f_3,-3.8851822580957935,-3.0204746710301706,-3.0782703826957287
Myoxocephalus scorpius,Teleostei,Scorpaeniformes,Cottidae,Myoxocephalus,scorpius,-1.0579919469776868,42.11564843347583,-2756.047650778884,216.10347744287705,-1994.1446024056083,-588.522102691723,179.2283583714183,f_3,-1.8344960060152953,-1.9378349342720296,-1.9717189480673256
Ameiurus nebulosus,Teleostei,Siluriformes,Ictaluridae,Ameiurus,nebulosus,-1.6382721640000018,37.66012307591843,-3643.051895229117,8160.737153174095,5777.252841030514,466.7322415737173,1795.1630414385625,f_3,-0.9482063526561669,-1.6699700649850309,-1.669464817597134
Ameiurus nebulosus,Teleostei,Siluriformes,Ictaluridae,Ameiurus,nebulosus,-1.6126101740000007,38.92324979320565,-3643.051895229117,8160.737153174095,5777.252841030514,466.7322415737173,1795.1630414385625,f_3,-2.1038368150413733,-1.8355898243248514,-1.8445101327954432
Ameiurus nebulosus,Teleostei,Siluriformes,Ictaluridae,Ameiurus,nebulosus,-1.5934598200000003,38.28126975373334,-3643.051895229117,8160.737153174095,5777.252841030514,466.7322415737173,1795.1630414385625,f_3,-1.8702256451649932,-1.7018880364267415,-1.6998036514227537
Ameiurus nebulosus,Teleostei,Siluriformes,Ictaluridae,Ameiurus,nebulosus,-1.2644010999999997,38.92324979320565,-3643.051895229117,8160.737153174095,5777.252841030514,466.7322415737173,1795.1630414385625,f_3,-1.7302231619815165,-1.5240965520688305,-1.554515212908234
Ameiurus nebulosus,Teleostei,Siluriformes,Ictaluridae,Ameiurus,nebulosus,-1.2441251440000003,37.66012307591843,-3643.051895229117,8160.737153174095,5777.252841030514,466.7322415737173,1795.1630414385625,f_3,-0.8155807874379312,-1.3333661973435365,-1.318124201516646
Ameiurus nebulosus,Teleostei,Siluriformes,Ictaluridae,Ameiurus,nebulosus,-1.13076828,38.92324979320565,-3643.051895229117,8160.737153174095,5777.252841030514,466.7322415737173,1795.1630414385625,f_3,-1.4618917681347012,-1.4104470263767717,-1.4093192018928664
Ameiurus nebulosus,Teleostei,Siluriformes,Ictaluridae,Ameiurus,nebulosus,-1.125518182,38.92324979320565,-3643.051895229117,8160.737153174095,5777.252841030514,466.7322415737173,1795.1630414385625,f_3,-1.567209698835648,-1.4062857572724223,-1.405157932788517
Ameiurus nebulosus,Teleostei,Siluriformes,Ictaluridae,Ameiurus,nebulosus,-1.125518182,38.92324979320565,-3643.051895229117,8160.737153174095,5777.252841030514,466.7322415737173,1795.1630414385625,f_3,-1.5400574527920328,-1.4062857572724223,-1.405157932788517
Ameiurus nebulosus,Teleostei,Siluriformes,Ictaluridae,Ameiurus,nebulosus,-1.125518182,38.92324979320565,-3643.051895229117,8160.737153174095,5777.252841030514,466.7322415737173,1795.1630414385625,f_3,-1.535692647389584,-1.4062857572724223,-1.405157932788517
Ameiurus nebulosus,Teleostei,Siluriformes,Ictaluridae,Ameiurus,nebulosus,-1.125518182,38.92324979320565,-3643.051895229117,8160.737153174095,5777.252841030514,466.7322415737173,1795.1630414385625,f_3,-1.531371273606941,-1.4062857572724223,-1.405157932788517
Ameiurus nebulosus,Teleostei,Siluriformes,Ictaluridae,Ameiurus,nebulosus,-1.124938737,38.92324979320565,-3643.051895229117,8160.737153174095,5777.252841030514,466.7322415737173,1795.1630414385625,f_3,-1.379907433064848,-1.405826484592909,-1.4046986601090037
Ameiurus nebulosus,Teleostei,Siluriformes,Ictaluridae,Ameiurus,nebulosus,-0.93930216,38.28126975373334,-3643.051895229117,8160.737153174095,5777.252841030514,466.7322415737173,1795.1630414385625,f_3,-1.3200928470502287,-1.138344055395701,-1.134686975550121
Ameiurus nebulosus,Teleostei,Siluriformes,Ictaluridae,Ameiurus,nebulosus,-0.935542011,40.9852266496354,-3643.051895229117,8160.737153174095,5777.252841030514,466.7322415737173,1795.1630414385625,f_3,-2.0446864801981506,-1.6036203705850567,-1.5563127489591424
Ameiurus nebulosus,Teleostei,Siluriformes,Ictaluridae,Ameiurus,nebulosus,-0.8326826649999999,39.5871292029482,-3643.051895229117,8160.737153174095,5777.252841030514,466.7322415737173,1795.1630414385625,f_3,-1.4167823276400475,-1.2406631629306228,-1.2089750037244928
Ameiurus nebulosus,Teleostei,Siluriformes,Ictaluridae,Ameiurus,nebulosus,-0.7423214249999998,39.5871292029482,-3643.051895229117,8160.737153174095,5777.252841030514,466.7322415737173,1795.1630414385625,f_3,-1.2952936625828595,-1.1734324420048312,-1.146737436307208
Anguilla australis,Teleostei,Anguilliformes,Anguillidae,Anguilla,australis,-0.18943147099999963,39.9276343569388,-3373.7662003770024,5449.568944386453,2918.1475105226755,-65.46145792874299,-4366.820596255119,f_3,-1.1226149500067923,-0.5672901109260056,-0.4538063790609522
Anguilla australis,Teleostei,Anguilliformes,Anguillidae,Anguilla,australis,-0.15490195999999995,39.5871292029482,-3373.7662003770024,5449.568944386453,2918.1475105226755,-65.46145792874299,-4366.820596255119,f_3,-1.2227840130541472,-0.5345721661014559,-0.3785335537268223
Anguilla australis,Teleostei,Anguilliformes,Anguillidae,Anguilla,australis,-0.15490195999999995,39.5871292029482,-3373.7662003770024,5449.568944386453,2918.1475105226755,-65.46145792874299,-4366.820596255119,f_3,-1.2226537442525869,-0.5345721661014559,-0.3785335537268223
Aphanius dispar,Teleostei,Cyprinodontiformes,Cyprinodontidae,Aphanius,dispar,-3.3665315440000567,39.5871292029482,-3649.0699176841617,8221.372203174908,5841.226629477732,478.6623617440597,1934.1702622999533,f_3,-3.1140784480690664,-3.3277702333916004,-3.2874095062511155
Aphanius dispar,Teleostei,Cyprinodontiformes,Cyprinodontidae,Aphanius,dispar,-3.3098039200000255,39.5871292029482,-3649.0699176841617,8221.372203174908,5841.226629477732,478.6623617440597,1934.1702622999533,f_3,-2.9634725450021726,-3.2803229033986643,-3.2453313590326034
Aphanius dispar,Teleostei,Cyprinodontiformes,Cyprinodontidae,Aphanius,dispar,-3.2518119730000037,39.99643951695421,-3649.0699176841617,8221.372203174908,5841.226629477732,478.6623617440597,1934.1702622999533,f_3,-3.138370241337368,-3.31328873108915,-3.277464121531571
Aphanius dispar,Teleostei,Cyprinodontiformes,Cyprinodontidae,Aphanius,dispar,-3.2218487500000554,39.5871292029482,-3649.0699176841617,8221.372203174908,5841.226629477732,478.6623617440597,1934.1702622999533,f_3,-2.96845255906463,-3.2080952830952922,-3.171419624626887
Aphanius dispar,Teleostei,Cyprinodontiformes,Cyprinodontidae,Aphanius,dispar,-3.102372909000041,38.98863405289522,-3649.0699176841617,8221.372203174908,5841.226629477732,478.6623617440597,1934.1702622999533,f_3,-2.7440395412307477,-3.0022050628833816,-2.955799268572152
Bajacalifornia burragei,Teleostei,Osmeriformes,Alepocephalidae,Bajacalifornia,burragei,-1.6038006530000002,41.72197348856467,-3373.757546678929,5449.495628100146,2918.0786935949145,-65.46878555213755,-4366.756910074552,f_3,-3.111015398391701,-2.27633016057483,-2.1336269227566813
Brevoortia tyrannus,Teleostei,Clupeiformes,Clupeidae,Brevoortia,tyrannus,-2.2644011000000015,39.5871292029482,-3373.757546678929,5449.495628100146,2918.0786935949145,-65.46878555213755,-4366.756910074552,f_3,-2.0016849270605914,-2.062666059728703,-2.0637617043414718
Brevoortia tyrannus,Teleostei,Clupeiformes,Clupeidae,Brevoortia,tyrannus,-2.2097148360000025,40.274047981413375,-3373.757546678929,5449.495628100146,2918.0786935949145,-65.46878555213755,-4366.756910074552,f_3,-2.1516722396016297,-2.2820946595756935,-2.243251603182427
Brevoortia tyrannus,Teleostei,Clupeiformes,Clupeidae,Brevoortia,tyrannus,-2.207608311000001,40.9852266496354,-3373.757546678929,5449.495628100146,2918.0786935949145,-65.46878555213755,-4366.756910074552,f_3,-2.369939778099514,-2.454947163645745,-2.343440115138639
Brevoortia tyrannus,Teleostei,Clupeiformes,Clupeidae,Brevoortia,tyrannus,-2.1561445770000045,38.92324979320565,-3373.757546678929,5449.495628100146,2918.0786935949145,-65.46878555213755,-4366.756910074552,f_3,-1.8888423586353278,-1.8862327543824047,-1.9220971364796653
Brevoortia tyrannus,Teleostei,Clupeiformes,Clupeidae,Brevoortia,tyrannus,-1.6635402660000018,40.274047981413375,-3373.757546678929,5449.495628100146,2918.0786935949145,-65.46878555213755,-4366.756910074552,f_3,-1.7771798097271077,-1.846548344653518,-1.8256036477443076
Brevoortia tyrannus,Teleostei,Clupeiformes,Clupeidae,Brevoortia,tyrannus,-1.6536470260000007,39.5871292029482,-3373.757546678929,5449.495628100146,2918.0786935949145,-65.46878555213755,-4366.756910074552,f_3,-1.6106334194047975,-1.580691633600632,-1.5886355687140097
Brevoortia tyrannus,Teleostei,Clupeiformes,Clupeidae,Brevoortia,tyrannus,-1.6478174820000002,40.9852266496354,-3373.757546678929,5449.495628100146,2918.0786935949145,-65.46878555213755,-4366.756910074552,f_3,-1.9862402085270094,-2.076937803912091,-1.9161006733552388
Brevoortia tyrannus,Teleostei,Clupeiformes,Clupeidae,Brevoortia,tyrannus,-1.6090648930000007,38.92324979320565,-3373.757546678929,5449.495628100146,2918.0786935949145,-65.46878555213755,-4366.756910074552,f_3,-1.484075506779164,-1.4658082434204789,-1.5240151368516495
Brevoortia tyrannus,Teleostei,Clupeiformes,Clupeidae,Brevoortia,tyrannus,-1.568636236,41.13048706661089,-3373.757546678929,5449.495628100146,2918.0786935949145,-65.46878555213755,-4366.756910074552,f_3,-1.8997597236989248,-2.0299853917960644,-1.8705951561798444
Brevoortia tyrannus,Teleostei,Clupeiformes,Clupeidae,Brevoortia,tyrannus,-1.568636236,41.13048706661089,-3373.757546678929,5449.495628100146,2918.0786935949145,-65.46878555213755,-4366.756910074552,f_3,-1.832812934068311,-2.0299853917960644,-1.8705951561798444
Brevoortia tyrannus,Teleostei,Clupeiformes,Clupeidae,Brevoortia,tyrannus,-1.568636236,39.99643951695421,-3373.757546678929,5449.495628100146,2918.0786935949145,-65.46878555213755,-4366.756910074552,f_3,-1.6365182889243437,-1.5700345370072022,-1.5392360884970535
Brevoortia tyrannus,Teleostei,Clupeiformes,Clupeidae,Brevoortia,tyrannus,-1.568636236,39.99643951695421,-3373.757546678929,5449.495628100146,2918.0786935949145,-65.46878555213755,-4366.756910074552,f_3,-1.53178293840433,-1.5700345370072022,-1.5392360884970535
Brevoortia tyrannus,Teleostei,Clupeiformes,Clupeidae,Brevoortia,tyrannus,-1.568636236,38.92324979320565,-3373.757546678929,5449.495628100146,2918.0786935949145,-65.46878555213755,-4366.756910074552,f_3,-1.5165429718475936,-1.4337641708518456,-1.4919710642830162
Brevoortia tyrannus,Teleostei,Clupeiformes,Clupeidae,Brevoortia,tyrannus,-1.568636236,38.92324979320565,-3373.757546678929,5449.495628100146,2918.0786935949145,-65.46878555213755,-4366.756910074552,f_3,-1.3991573731297393,-1.4337641708518456,-1.4919710642830162
Brevoortia tyrannus,Teleostei,Clupeiformes,Clupeidae,Brevoortia,tyrannus,-1.1290111860000005,39.5871292029482,-3373.757546678929,5449.495628100146,2918.0786935949145,-65.46878555213755,-4366.756910074552,f_3,-1.1775880839811619,-0.9710802300210724,-1.0730649143354394
Brevoortia tyrannus,Teleostei,Clupeiformes,Clupeidae,Brevoortia,tyrannus,-1.105683937,40.9852266496354,-3373.757546678929,5449.495628100146,2918.0786935949145,-65.46878555213755,-4366.756910074552,f_3,-1.5073884994205498,-1.554431615353893,-1.3921071272973742
Brevoortia tyrannus,Teleostei,Clupeiformes,Clupeidae,Brevoortia,tyrannus,-1.1007268130000003,40.274047981413375,-3373.757546678929,5449.495628100146,2918.0786935949145,-65.46878555213755,-4366.756910074552,f_3,-1.267993497891286,-1.3043734288165636,-1.2781346737570236
Brevoortia tyrannus,Teleostei,Clupeiformes,Clupeidae,Brevoortia,tyrannus,-1.092051478,38.92324979320565,-3373.757546678929,5449.495628100146,2918.0786935949145,-65.46878555213755,-4366.756910074552,f_3,-1.019482628747241,-0.8830887624208739,-1.05249470695385
Chaenocephalus aceratus,Teleostei,Perciformes,Channichthyidae,Chaenocephalus,aceratus,0.053078443000000274,42.17687416261772,-2756.047650778884,216.10347744287705,-1994.1446024056083,-588.522102691723,179.2283583714183,f_3,-1.1018235165023234,-0.8157091857813651,-1.4744063804135252
Chaenocephalus aceratus,Teleostei,Perciformes,Channichthyidae,Chaenocephalus,aceratus,0.053078443000000274,42.17687416261772,-2756.047650778884,216.10347744287705,-1994.1446024056083,-588.522102691723,179.2283583714183,f_3,-1.0146733407834236,-0.8157091857813651,-1.4744063804135252
Chaenocephalus aceratus,Teleostei,Perciformes,Channichthyidae,Chaenocephalus,aceratus,0.053078443000000274,42.17687416261772,-2756.047650778884,216.10347744287705,-1994.1446024056083,-588.522102691723,179.2283583714183,f_3,-0.959156012933592,-0.8157091857813651,-1.4744063804135252
Chaenocephalus aceratus,Teleostei,Perciformes,Channichthyidae,Chaenocephalus,aceratus,0.053078443000000274,42.17687416261772,-2756.047650778884,216.10347744287705,-1994.1446024056083,-588.522102691723,179.2283583714183,f_3,-0.8946980237066737,-0.8157091857813651,-1.4744063804135252
Chaenocephalus aceratus,Teleostei,Perciformes,Channichthyidae,Chaenocephalus,aceratus,0.053078443000000274,41.57251272020155,-2756.047650778884,216.10347744287705,-1994.1446024056083,-588.522102691723,179.2283583714183,f_3,-0.8657343277713571,-0.784480394850906,-1.3325833877809128
Chaenocephalus aceratus,Teleostei,Perciformes,Channichthyidae,Chaenocephalus,aceratus,0.053078443000000274,41.87251281199445,-2756.047650778884,216.10347744287705,-1994.1446024056083,-588.522102691723,179.2283583714183,f_3,-0.813027977255354,-0.7647713757028108,-1.345143000808532
Chaenocephalus aceratus,Teleostei,Perciformes,Channichthyidae,Chaenocephalus,aceratus,0.053078443000000274,41.2767808139579,-2756.047650778884,216.10347744287705,-1994.1446024056083,-588.522102691723,179.2283583714183,f_3,-0.7888942975386346,-0.7757575078862543,-1.213921094685678
Chaenocephalus aceratus,Teleostei,Perciformes,Channichthyidae,Chaenocephalus,aceratus,0.053078443000000274,41.57251272020155,-2756.047650778884,216.10347744287705,-1994.1446024056083,-588.522102691723,179.2283583714183,f_3,-0.7660314145791304,-0.784480394850906,-1.3325833877809128
Chaenocephalus aceratus,Teleostei,Perciformes,Channichthyidae,Chaenocephalus,aceratus,0.053078443000000274,41.87251281199445,-2756.047650778884,216.10347744287705,-1994.1446024056083,-588.522102691723,179.2283583714183,f_3,-0.7550360302776673,-0.7647713757028108,-1.345143000808532
Chaenocephalus aceratus,Teleostei,Perciformes,Channichthyidae,Chaenocephalus,aceratus,0.053078443000000274,41.57251272020155,-2756.047650778884,216.10347744287705,-1994.1446024056083,-588.522102691723,179.2283583714183,f_3,-0.7338467312077293,-0.784480394850906,-1.3325833877809128
Chaenocephalus aceratus,Teleostei,Perciformes,Channichthyidae,Chaenocephalus,aceratus,0.053078443000000274,41.87251281199445,-2756.047650778884,216.10347744287705,-1994.1446024056083,-588.522102691723,179.2283583714183,f_3,-0.7136433451194422,-0.7647713757028108,-1.345143000808532
Chaenocephalus aceratus,Teleostei,Perciformes,Channichthyidae,Chaenocephalus,aceratus,0.053078443000000274,40.9852266496354,-2756.047650778884,216.10347744287705,-1994.1446024056083,-588.522102691723,179.2283583714183,f_3,-0.7038835078302861,-0.8564990633795875,-1.1769404193726567
Chaenocephalus aceratus,Teleostei,Perciformes,Channichthyidae,Chaenocephalus,aceratus,0.053078443000000274,41.87251281199445,-2756.047650778884,216.10347744287705,-1994.1446024056083,-588.522102691723,179.2283583714183,f_3,-0.6849981636699123,-0.7647713757028108,-1.345143000808532
Chaenocephalus aceratus,Teleostei,Perciformes,Channichthyidae,Chaenocephalus,aceratus,0.053078443000000274,41.87251281199445,-2756.047650778884,216.10347744287705,-1994.1446024056083,-588.522102691723,179.2283583714183,f_3,-0.666899941577116,-0.7647713757028108,-1.345143000808532
Chaenocephalus aceratus,Teleostei,Perciformes,Channichthyidae,Chaenocephalus,aceratus,0.053078443000000274,41.87251281199445,-2756.047650778884,216.10347744287705,-1994.1446024056083,-588.522102691723,179.2283583714183,f_3,-0.6581260172696107,-0.7647713757028108,-1.345143000808532
Chaenocephalus aceratus,Teleostei,Perciformes,Channichthyidae,Chaenocephalus,aceratus,0.053078443000000274,41.57251272020155,-2756.047650778884,216.10347744287705,-1994.1446024056083,-588.522102691723,179.2283583714183,f_3,-0.5441826649627739,-0.784480394850906,-1.3325833877809128
Chaenocephalus aceratus,Teleostei,Perciformes,Channichthyidae,Chaenocephalus,aceratus,0.1559430180000002,42.33072013804218,-2756.047650778884,216.10347744287705,-1994.1446024056083,-588.522102691723,179.2283583714183,f_3,-0.6980592151166529,-0.7574455724648874,-0.9321817627791008
Cirrhinus cirrhosus,Teleostei,Cypriniformes,Cyprinidae,Cirrhinus,cirrhosus,-2.468521083000012,39.5871292029482,-3373.757546678929,5449.495628100146,2918.0786935949145,-65.46878555213755,-4366.756910074552,f_3,-3.0933657130360572,-2.198483157027549,-2.1615207293398466
Cirrhinus cirrhosus,Teleostei,Cypriniformes,Cyprinidae,Cirrhinus,cirrhosus,-2.468521083000012,39.5871292029482,-3373.757546678929,5449.495628100146,2918.0786935949145,-65.46878555213755,-4366.756910074552,f_3,-2.9867312134655886,-2.198483157027549,-2.1615207293398466
Cirrhinus cirrhosus,Teleostei,Cypriniformes,Cyprinidae,Cirrhinus,cirrhosus,-2.468521083000012,38.28126975373334,-3373.757546678929,5449.495628100146,2918.0786935949145,-65.46878555213755,-4366.756910074552,f_3,-2.9441970968032307,-1.9981941346863445,-2.0337522400887456
Cirrhinus cirrhosus,Teleostei,Cypriniformes,Cyprinidae,Cirrhinus,cirrhosus,-2.468521083000012,38.28126975373334,-3373.757546678929,5449.495628100146,2918.0786935949145,-65.46878555213755,-4366.756910074552,f_3,-2.8659885922460737,-1.9981941346863445,-2.0337522400887456
Cirrhinus cirrhosus,Teleostei,Cypriniformes,Cyprinidae,Cirrhinus,cirrhosus,-2.3726341430000035,38.21823456559942,-3373.757546678929,5449.495628100146,2918.0786935949145,-65.46878555213755,-4366.756910074552,f_3,-2.406231651439811,-1.913551380527465,-2.0162045586581887
Cirrhinus cirrhosus,Teleostei,Cypriniformes,Cyprinidae,Cirrhinus,cirrhosus,-2.3062730510000087,38.21823456559942,-3373.757546678929,5449.495628100146,2918.0786935949145,-65.46878555213755,-4366.756910074552,f_3,-2.379987782316874,-1.876952546585311,-1.9640288304021056
Cirrhinus cirrhosus,Teleostei,Cypriniformes,Cyprinidae,Cirrhinus,cirrhosus,-2.3010299960000036,39.38559961257174,-3373.757546678929,5449.495628100146,2918.0786935949145,-65.46878555213755,-4366.756910074552,f_3,-2.535243470697731,-2.0615135024423363,-2.0641185750793976
Cirrhinus cirrhosus,Teleostei,Cypriniformes,Cyprinidae,Cirrhinus,cirrhosus,-2.3010299960000036,39.38559961257174,-3373.757546678929,5449.495628100146,2918.0786935949145,-65.46878555213755,-4366.756910074552,f_3,-2.5323577818958003,-2.0615135024423363,-2.0641185750793976
Cirrhinus cirrhosus,Teleostei,Cypriniformes,Cyprinidae,Cirrhinus,cirrhosus,-2.3010299960000036,38.21823456559942,-3373.757546678929,5449.495628100146,2918.0786935949145,-65.46878555213755,-4366.756910074552,f_3,-2.334757772474375,-1.8727968598183353,-1.95987314363513
Cirrhinus cirrhosus,Teleostei,Cypriniformes,Cyprinidae,Cirrhinus,cirrhosus,-2.279840697000005,38.21823456559942,-3373.757546678929,5449.495628100146,2918.0786935949145,-65.46878555213755,-4366.756910074552,f_3,-2.3153970844105025,-1.8560020542220372,-1.943078338038832
Cirrhinus cirrhosus,Teleostei,Cypriniformes,Cyprinidae,Cirrhinus,cirrhosus,-2.096910013,38.21823456559942,-3373.757546678929,5449.495628100146,2918.0786935949145,-65.46878555213755,-4366.756910074552,f_3,-2.1707550131736366,-1.7105935383939939,-1.7830286493908498
Cirrhinus cirrhosus,Teleostei,Cypriniformes,Cyprinidae,Cirrhinus,cirrhosus,-2.0457574910000025,39.38559961257174,-3373.757546678929,5449.495628100146,2918.0786935949145,-65.46878555213755,-4366.756910074552,f_3,-2.3322105836892364,-1.858766288426251,-1.8532442308592638
Cirrhinus cirrhosus,Teleostei,Cypriniformes,Cyprinidae,Cirrhinus,cirrhosus,-1.9586073150000003,39.38559961257174,-3373.757546678929,5449.495628100146,2918.0786935949145,-65.46878555213755,-4366.756910074552,f_3,-2.261702078945991,-1.7896903712095802,-1.8138047861062008
Cirrhinus cirrhosus,Teleostei,Cypriniformes,Cyprinidae,Cirrhinus,cirrhosus,-1.946921557,38.21823456559942,-3373.757546678929,5449.495628100146,2918.0786935949145,-65.46878555213755,-4366.756910074552,f_3,-2.047465854179734,-1.5942417892321195,-1.699661983561806
Cirrhinus cirrhosus,Teleostei,Cypriniformes,Cyprinidae,Cirrhinus,cirrhosus,-1.9393021600000022,39.38559961257174,-3373.757546678929,5449.495628100146,2918.0786935949145,-65.46878555213755,-4366.756910074552,f_3,-2.2458031725778738,-1.7769192376677718,-1.8025529670831362
Cirrhinus cirrhosus,Teleostei,Cypriniformes,Cyprinidae,Cirrhinus,cirrhosus,-1.9393021600000022,38.21823456559942,-3373.757546678929,5449.495628100146,2918.0786935949145,-65.46878555213755,-4366.756910074552,f_3,-2.042110855635267,-1.5882025950437706,-1.6936227893734572
Cirrhinus cirrhosus,Teleostei,Cypriniformes,Cyprinidae,Cirrhinus,cirrhosus,-1.9208187540000028,38.21823456559942,-3373.757546678929,5449.495628100146,2918.0786935949145,-65.46878555213755,-4366.756910074552,f_3,-2.023627450040944,-1.5828596540561415,-1.6762452767837344
Cirrhinus cirrhosus,Teleostei,Cypriniformes,Cyprinidae,Cirrhinus,cirrhosus,-1.7825160560000008,39.38559961257174,-3373.757546678929,5449.495628100146,2918.0786935949145,-65.46878555213755,-4366.756910074552,f_3,-1.9351422148305266,-1.652649334407587,-1.6814169568359518
Cirrhinus cirrhosus,Teleostei,Cypriniformes,Cyprinidae,Cirrhinus,cirrhosus,-1.7825160560000008,38.21823456559942,-3373.757546678929,5449.495628100146,2918.0786935949145,-65.46878555213755,-4366.756910074552,f_3,-1.9140671888157856,-1.4732398442477244,-1.5818221927014449
Cirrhinus cirrhosus,Teleostei,Cypriniformes,Cyprinidae,Cirrhinus,cirrhosus,-1.7037737130000001,38.21823456559942,-3373.757546678929,5449.495628100146,2918.0786935949145,-65.46878555213755,-4366.756910074552,f_3,-1.8491303548183549,-1.4121857683877967,-1.5082908457623554
Cirrhinus cirrhosus,Teleostei,Cypriniformes,Cyprinidae,Cirrhinus,cirrhosus,-1.6989700040000009,38.21823456559942,-3373.757546678929,5449.495628100146,2918.0786935949145,-65.46878555213755,-4366.756910074552,f_3,-1.8444569151820518,-1.408378310727391,-1.495721713936224
Cirrhinus cirrhosus,Teleostei,Cypriniformes,Cyprinidae,Cirrhinus,cirrhosus,-1.6322714540000016,38.21823456559942,-3373.757546678929,5449.495628100146,2918.0786935949145,-65.46878555213755,-4366.756910074552,f_3,-1.7969332511879241,-1.3555125136660997,-1.4489752575331205
Cirrhinus cirrhosus,Teleostei,Cypriniformes,Cyprinidae,Cirrhinus,cirrhosus,-1.6197887580000008,39.38559961257174,-3373.757546678929,5449.495628100146,2918.0786935949145,-65.46878555213755,-4366.756910074552,f_3,-1.9926669941847714,-1.5236703938998797,-1.5231932059854558
Cirrhinus cirrhosus,Teleostei,Cypriniformes,Cyprinidae,Cirrhinus,cirrhosus,-1.6197887580000008,39.38559961257174,-3373.757546678929,5449.495628100146,2918.0786935949145,-65.46878555213755,-4366.756910074552,f_3,-1.9887008070879482,-1.5236703938998797,-1.5231932059854558
Cirrhinus cirrhosus,Teleostei,Cypriniformes,Cyprinidae,Cirrhinus,cirrhosus,-1.6197887580000008,38.21823456559942,-3373.757546678929,5449.495628100146,2918.0786935949145,-65.46878555213755,-4366.756910074552,f_3,-1.784580824373251,-1.345618630313106,-1.4257489476321226
Cirrhinus cirrhosus,Teleostei,Cypriniformes,Cyprinidae,Cirrhinus,cirrhosus,-1.6197887580000008,38.21823456559942,-3373.757546678929,5449.495628100146,2918.0786935949145,-65.46878555213755,-4366.756910074552,f_3,-1.7821202257542088,-1.345618630313106,-1.4257489476321226
Cirrhinus cirrhosus,Teleostei,Cypriniformes,Cyprinidae,Cirrhinus,cirrhosus,-1.5086383060000006,39.38559961257174,-3373.757546678929,5449.495628100146,2918.0786935949145,-65.46878555213755,-4366.756910074552,f_3,-1.9019097007710577,-1.4319870414708868,-1.43649656067937
Cirrhinus cirrhosus,Teleostei,Cypriniformes,Cyprinidae,Cirrhinus,cirrhosus,-1.497572880000001,38.21823456559942,-3373.757546678929,5449.495628100146,2918.0786935949145,-65.46878555213755,-4366.756910074552,f_3,-1.6876392570645629,-1.2521915912177208,-1.3302817285566761
Cirrhinus cirrhosus,Teleostei,Cypriniformes,Cyprinidae,Cirrhinus,cirrhosus,-1.4948500220000007,38.21823456559942,-3373.757546678929,5449.495628100146,2918.0786935949145,-65.46878555213755,-4366.756910074552,f_3,-1.6850466674824005,-1.2500334324803162,-1.3281235698192715
Cirrhinus cirrhosus,Teleostei,Cypriniformes,Cyprinidae,Cirrhinus,cirrhosus,-1.4881166390000002,39.38559961257174,-3373.757546678929,5449.495628100146,2918.0786935949145,-65.46878555213755,-4366.756910074552,f_3,-1.8855841481785742,-1.4157214062662022,-1.4285383228402555
Cirrhinus cirrhosus,Teleostei,Cypriniformes,Cyprinidae,Cirrhinus,cirrhosus,-1.4881166390000002,38.21823456559942,-3373.757546678929,5449.495628100146,2918.0786935949145,-65.46878555213755,-4366.756910074552,f_3,-1.6757049017483745,-1.2446964999800745,-1.3310940346845999
Cirrhinus cirrhosus,Teleostei,Cypriniformes,Cyprinidae,Cirrhinus,cirrhosus,-1.37675071,39.38559961257174,-3373.757546678929,5449.495628100146,2918.0786935949145,-65.46878555213755,-4366.756910074552,f_3,-1.7958293678385966,-1.2860567066323498,-1.303961712223224
Cirrhinus cirrhosus,Teleostei,Cypriniformes,Cyprinidae,Cirrhinus,cirrhosus,-1.37675071,38.21823456559942,-3373.757546678929,5449.495628100146,2918.0786935949145,-65.46878555213755,-4366.756910074552,f_3,-1.585658319137621,-1.1192896775683634,-1.2065173942652465
Cirrhinus cirrhosus,Teleostei,Cypriniformes,Cyprinidae,Cirrhinus,cirrhosus,-1.3187587630000006,39.38559961257174,-3373.757546678929,5449.495628100146,2918.0786935949145,-65.46878555213755,-4366.756910074552,f_3,-1.7513398912562248,-1.197125055533138,-1.2718929748812062
Cirrhinus cirrhosus,Teleostei,Cypriniformes,Cyprinidae,Cirrhinus,cirrhosus,-1.3119363030000004,38.21823456559942,-3373.757546678929,5449.495628100146,2918.0786935949145,-65.46878555213755,-4366.756910074552,f_3,-1.531779069972414,-1.0254849196322429,-1.1690411808945078
Cirrhinus cirrhosus,Teleostei,Cypriniformes,Cyprinidae,Cirrhinus,cirrhosus,-1.301029996,38.21823456559942,-3373.757546678929,5449.495628100146,2918.0786935949145,-65.46878555213755,-4366.756910074552,f_3,-1.5266432987248777,-1.0168404946402427,-1.15039101359103
Cirrhinus cirrhosus,Teleostei,Cypriniformes,Cyprinidae,Cirrhinus,cirrhosus,-1.283996656,39.38559961257174,-3373.757546678929,5449.495628100146,2918.0786935949145,-65.46878555213755,-4366.756910074552,f_3,-1.7211735366409433,-1.1667653719388293,-1.232031478179795
Cirrhinus cirrhosus,Teleostei,Cypriniformes,Cyprinidae,Cirrhinus,cirrhosus,-1.283996656,38.21823456559942,-3373.757546678929,5449.495628100146,2918.0786935949145,-65.46878555213755,-4366.756910074552,f_3,-1.509609959447938,-1.0033397349428284,-1.1336651657741088
Cirrhinus cirrhosus,Teleostei,Cypriniformes,Cyprinidae,Cirrhinus,cirrhosus,-1.229147988,39.38559961257174,-3373.757546678929,5449.495628100146,2918.0786935949145,-65.46878555213755,-4366.756910074552,f_3,-1.6804113299478654,-1.0755182934656795,-1.1840238657733737
Cirrhinus cirrhosus,Teleostei,Cypriniformes,Cyprinidae,Cirrhinus,cirrhosus,-1.196542884,38.21823456559942,-3373.757546678929,5449.495628100146,2918.0786935949145,-65.46878555213755,-4366.756910074552,f_3,-1.442364493656199,-0.9009264275406823,-1.040188469258848
Cirrhinus cirrhosus,Teleostei,Cypriniformes,Cyprinidae,Cirrhinus,cirrhosus,-1.187086643,38.21823456559942,-3373.757546678929,5449.495628100146,2918.0786935949145,-65.46878555213755,-4366.756910074552,f_3,-1.4300740424892464,-0.8934313363030364,-1.0271525302428817
Cirrhinus cirrhosus,Teleostei,Cypriniformes,Cyprinidae,Cirrhinus,cirrhosus,-1.1739251970000004,39.38559961257174,-3373.757546678929,5449.495628100146,2918.0786935949145,-65.46878555213755,-4366.756910074552,f_3,-1.634839924502362,-1.0012639949029596,-1.113742742938129
Cirrhinus cirrhosus,Teleostei,Cypriniformes,Cyprinidae,Cirrhinus,cirrhosus,-1.1487416510000004,39.38559961257174,-3373.757546678929,5449.495628100146,2918.0786935949145,-65.46878555213755,-4366.756910074552,f_3,-1.6145637129759594,-0.9612844891164157,-1.081738917371056
Cirrhinus cirrhosus,Teleostei,Cypriniformes,Cyprinidae,Cirrhinus,cirrhosus,-1.1487416510000004,38.21823456559942,-3373.757546678929,5449.495628100146,2918.0786935949145,-65.46878555213755,-4366.756910074552,f_3,-1.4006838930750247,-0.8256050238843681,-0.9906617463819201
Cirrhinus cirrhosus,Teleostei,Cypriniformes,Cyprinidae,Cirrhinus,cirrhosus,-1.0757207140000002,39.38559961257174,-3373.757546678929,5449.495628100146,2918.0786935949145,-65.46878555213755,-4366.756910074552,f_3,-1.5566065220907315,-0.9068476571479616,-1.0518792587706574
Cirrhinus cirrhosus,Teleostei,Cypriniformes,Cyprinidae,Cirrhinus,cirrhosus,-1.0757207140000002,38.21823456559942,-3373.757546678929,5449.495628100146,2918.0786935949145,-65.46878555213755,-4366.756910074552,f_3,-1.339897412136098,-0.7711681919159137,-0.9580256587244
Cirrhinus cirrhosus,Teleostei,Cypriniformes,Cyprinidae,Cirrhinus,cirrhosus,-1.0222763950000002,38.21823456559942,-3373.757546678929,5449.495628100146,2918.0786935949145,-65.46878555213755,-4366.756910074552,f_3,-1.2989119514299843,-0.723181857522909,-0.9028479912410634
Cirrhinus cirrhosus,Teleostei,Cypriniformes,Cyprinidae,Cirrhinus,cirrhosus,-1.013228266,39.38559961257174,-3373.757546678929,5449.495628100146,2918.0786935949145,-65.46878555213755,-4366.756910074552,f_3,-1.5044549072566515,-0.8516897043090028,-0.9891583825846757
Cirrhinus cirrhosus,Teleostei,Cypriniformes,Cyprinidae,Cirrhinus,cirrhosus,-1.013228266,38.21823456559942,-3373.757546678929,5449.495628100146,2918.0786935949145,-65.46878555213755,-4366.756910074552,f_3,-1.2899940912506045,-0.7160102390769549,-0.8956763727951094
Cirrhinus cirrhosus,Teleostei,Cypriniformes,Cyprinidae,Cirrhinus,cirrhosus,-0.9172146300000003,39.38559961257174,-3373.757546678929,5449.495628100146,2918.0786935949145,-65.46878555213755,-4366.756910074552,f_3,-1.429892272289748,-0.773376692146325,-0.9081649273901928
Cirrhinus cirrhosus,Teleostei,Cypriniformes,Cyprinidae,Cirrhinus,cirrhosus,-0.9172146300000003,38.21823456559942,-3373.757546678929,5449.495628100146,2918.0786935949145,-65.46878555213755,-4366.756910074552,f_3,-1.2102480678560315,-0.639599948985712,-0.8190020489749856
Cirrhinus cirrhosus,Teleostei,Cypriniformes,Cyprinidae,Cirrhinus,cirrhosus,-0.9136401689999998,38.21823456559942,-3373.757546678929,5449.495628100146,2918.0786935949145,-65.46878555213755,-4366.756910074552,f_3,-1.2098712821074649,-0.6358829186791688,-0.8161689029796149
Cirrhinus cirrhosus,Teleostei,Cypriniformes,Cyprinidae,Cirrhinus,cirrhosus,-0.9030899869999999,39.38559961257174,-3373.757546678929,5449.495628100146,2918.0786935949145,-65.46878555213755,-4366.756910074552,f_3,-1.4157676295919082,-0.761297504333034,-0.8969696238880744
Cirrhinus cirrhosus,Teleostei,Cypriniformes,Cyprinidae,Cirrhinus,cirrhosus,-0.8696662320000002,39.38559961257174,-3373.757546678929,5449.495628100146,2918.0786935949145,-65.46878555213755,-4366.756910074552,f_3,-1.3934802402081976,-0.736009373805752,-0.8514493561119854
Cirrhinus cirrhosus,Teleostei,Cypriniformes,Cyprinidae,Cirrhinus,cirrhosus,-0.8696662320000002,38.21823456559942,-3373.757546678929,5449.495628100146,2918.0786935949145,-65.46878555213755,-4366.756910074552,f_3,-1.172760995690832,-0.6022326306451387,-0.7622864180921329
Cirrhinus cirrhosus,Teleostei,Cypriniformes,Cyprinidae,Cirrhinus,cirrhosus,-0.8477116559999998,39.38559961257174,-3373.757546678929,5449.495628100146,2918.0786935949145,-65.46878555213755,-4366.756910074552,f_3,-1.3715256643180447,-0.7207906294240852,-0.8402930625828771
Cirrhinus cirrhosus,Teleostei,Cypriniformes,Cyprinidae,Cirrhinus,cirrhosus,-0.8477116559999998,38.21823456559942,-3373.757546678929,5449.495628100146,2918.0786935949145,-65.46878555213755,-4366.756910074552,f_3,-1.1542126684107716,-0.587013886263472,-0.7511301841676694
Cirrhinus cirrhosus,Teleostei,Cypriniformes,Cyprinidae,Cirrhinus,cirrhosus,-0.826813732,39.38559961257174,-3373.757546678929,5449.495628100146,2918.0786935949145,-65.46878555213755,-4366.756910074552,f_3,-1.356304873212065,-0.6890242895371099,-0.8247428993045705
Cirrhinus cirrhosus,Teleostei,Cypriniformes,Cyprinidae,Cirrhinus,cirrhosus,-0.826813732,38.21823456559942,-3373.757546678929,5449.495628100146,2918.0786935949145,-65.46878555213755,-4366.756910074552,f_3,-1.1402084525746794,-0.5522321005155941,-0.7355800506916852
Cirrhinus cirrhosus,Teleostei,Cypriniformes,Cyprinidae,Cirrhinus,cirrhosus,-0.8096683019999998,38.21823456559942,-3373.757546678929,5449.495628100146,2918.0786935949145,-65.46878555213755,-4366.756910074552,f_3,-1.126551350577793,-0.5351315554077629,-0.7328041904517996
Cirrhinus cirrhosus,Teleostei,Cypriniformes,Cyprinidae,Cirrhinus,cirrhosus,-0.8096683019999998,38.21823456559942,-3373.757546678929,5449.495628100146,2918.0786935949145,-65.46878555213755,-4366.756910074552,f_3,-1.1229327539107015,-0.5351315554077629,-0.7328041904517996
Cirrhinus cirrhosus,Teleostei,Cypriniformes,Cyprinidae,Cirrhinus,cirrhosus,-0.795880017,39.38559961257174,-3373.757546678929,5449.495628100146,2918.0786935949145,-65.46878555213755,-4366.756910074552,f_3,-1.331123487834926,-0.6609950409322269,-0.8054329657613435
Cirrhinus cirrhosus,Teleostei,Cypriniformes,Cyprinidae,Cirrhinus,cirrhosus,-0.795880017,38.21823456559942,-3373.757546678929,5449.495628100146,2918.0786935949145,-65.46878555213755,-4366.756910074552,f_3,-1.1127630660618881,-0.5242028519107116,-0.7141667884436246
Cirrhinus cirrhosus,Teleostei,Cypriniformes,Cyprinidae,Cirrhinus,cirrhosus,-0.7447274949999998,39.38559961257174,-3373.757546678929,5449.495628100146,2918.0786935949145,-65.46878555213755,-4366.756910074552,f_3,-1.291709368650287,-0.6149058382687947,-0.7707661209467727
Cirrhinus cirrhosus,Teleostei,Cypriniformes,Cyprinidae,Cirrhinus,cirrhosus,-0.7447274949999998,38.21823456559942,-3373.757546678929,5449.495628100146,2918.0786935949145,-65.46878555213755,-4366.756910074552,f_3,-1.072246858523772,-0.4781136492472791,-0.6794998840244088
Cirrhinus cirrhosus,Teleostei,Cypriniformes,Cyprinidae,Cirrhinus,cirrhosus,-0.7447274949999998,38.21823456559942,-3373.757546678929,5449.495628100146,2918.0786935949145,-65.46878555213755,-4366.756910074552,f_3,-1.0649968485463452,-0.4781136492472791,-0.6794998840244088
Cirrhinus cirrhosus,Teleostei,Cypriniformes,Cyprinidae,Cirrhinus,cirrhosus,-0.7033348099999998,39.38559961257174,-3373.757546678929,5449.495628100146,2918.0786935949145,-65.46878555213755,-4366.756910074552,f_3,-1.2563070471953237,-0.5785874957422142,-0.7112061359052708
Cirrhinus cirrhosus,Teleostei,Cypriniformes,Cyprinidae,Cirrhinus,cirrhosus,-0.6497519820000001,39.38559961257174,-3373.757546678929,5449.495628100146,2918.0786935949145,-65.46878555213755,-4366.756910074552,f_3,-1.2149586754486392,-0.5271546112965109,-0.6676516060998288
Cirrhinus cirrhosus,Teleostei,Cypriniformes,Cyprinidae,Cirrhinus,cirrhosus,-0.6497519820000001,38.21823456559942,-3373.757546678929,5449.495628100146,2918.0786935949145,-65.46878555213755,-4366.756910074552,f_3,-0.9955987262496255,-0.39036242227499524,-0.5764559708792013
Cirrhinus cirrhosus,Teleostei,Cypriniformes,Cyprinidae,Cirrhinus,cirrhosus,-0.6090648930000001,39.38559961257174,-3373.757546678929,5449.495628100146,2918.0786935949145,-65.46878555213755,-4366.756910074552,f_3,-1.1805205360185895,-0.4186188926075821,-0.6355573723418506
Cirrhinus cirrhosus,Teleostei,Cypriniformes,Cyprinidae,Cirrhinus,cirrhosus,-0.6090648930000001,38.21823456559942,-3373.757546678929,5449.495628100146,2918.0786935949145,-65.46878555213755,-4366.756910074552,f_3,-0.9624647753712638,-0.2735579562845195,-0.5440800455700149
Cirrhinus cirrhosus,Teleostei,Cypriniformes,Cyprinidae,Cirrhinus,cirrhosus,0.08386080100000047,39.38559961257174,-3373.757546678929,5449.495628100146,2918.0786935949145,-65.46878555213755,-4366.756910074552,f_3,-0.6274739286896797,-0.4571778668463369,-0.18700152873393028
Cirrhinus cirrhosus,Teleostei,Cypriniformes,Cyprinidae,Cirrhinus,cirrhosus,0.08386080100000047,38.21823456559942,-3373.757546678929,5449.495628100146,2918.0786935949145,-65.46878555213755,-4366.756910074552,f_3,-0.39702500733548235,-0.34907040600065875,-0.12476768610153666
Cirrhinus cirrhosus,Teleostei,Cypriniformes,Cyprinidae,Cirrhinus,cirrhosus,0.26030994600000024,39.38559961257174,-3373.757546678929,5449.495628100146,2918.0786935949145,-65.46878555213755,-4366.756910074552,f_3,-0.4872369563857414,-0.3742416635736795,-0.05325682476442917
Cirrhinus cirrhosus,Teleostei,Cypriniformes,Cyprinidae,Cirrhinus,cirrhosus,0.26030994600000024,38.21823456559942,-3373.757546678929,5449.495628100146,2918.0786935949145,-65.46878555213755,-4366.756910074552,f_3,-0.25236769668121584,-0.26152664607735293,0.017877660262983874
Citharichthys stigmaeus,Teleostei,Pleuronectiformes,Paralichthyidae,Citharichthys,stigmaeus,-1.823908741000001,40.274047981413375,-2756.047650778884,216.10347744287705,-1994.1446024056083,-588.522102691723,179.2283583714183,f_3,-2.331123487628065,-2.0759465318487735,-2.1485258959499443
Coptodon zillii,Teleostei,Cichliformes,Cichlidae,Coptodon,zillii,-0.5016894459999999,38.79313697424123,-3649.0699176841617,8221.372203174908,5841.226629477732,478.6623617440597,1934.1702622999533,f_3,-1.1410118996573044,-0.8470877501256452,-0.8992374301833962
Coregonus sardinella,Teleostei,Salmoniformes,Salmonidae,Coregonus,sardinella,-0.8446639629999996,41.07225951457888,-2756.047650778884,216.10347744287705,-1994.1446024056083,-588.522102691723,179.2283583714183,f_3,-0.8857528389722185,-1.4727914835490692,-1.5025657370786742
Coregonus sardinella,Teleostei,Salmoniformes,Salmonidae,Coregonus,sardinella,-0.756961951,41.13048706661089,-2756.047650778884,216.10347744287705,-1994.1446024056083,-588.522102691723,179.2283583714183,f_3,-0.8512963397766005,-1.404086125923866,-1.4374791603399135
Coregonus sardinella,Teleostei,Salmoniformes,Salmonidae,Coregonus,sardinella,-0.698970004,41.13048706661089,-2756.047650778884,216.10347744287705,-1994.1446024056083,-588.522102691723,179.2283583714183,f_3,-0.8082447425545879,-1.3621646708337654,-1.3845311021975908
Cottus gobio,Teleostei,Scorpaeniformes,Cottidae,Cottus,gobio,-2.537602002000003,39.85906551895677,-2756.047650778884,216.10347744287705,-1994.1446024056083,-588.522102691723,179.2283583714183,f_3,-2.3976783828432104,-2.531242525939856,-2.4992137349908687
Ctenopharyngodon idella,Teleostei,Cypriniformes,Cyprinidae,Ctenopharyngodon,idella,-4.0,39.31887828508983,-3373.757546678929,5449.495628100146,2918.0786935949145,-65.46878555213755,-4366.756910074552,f_3,-3.535243468215358,-3.6328182286302986,-3.416409142009018
Ctenopharyngodon idella,Teleostei,Cypriniformes,Cyprinidae,Ctenopharyngodon,idella,-4.0,39.31887828508983,-3373.757546678929,5449.495628100146,2918.0786935949145,-65.46878555213755,-4366.756910074552,f_3,-3.5294911398706907,-3.6328182286302986,-3.416409142009018
Ctenopharyngodon idella,Teleostei,Cypriniformes,Cyprinidae,Ctenopharyngodon,idella,-1.7945249630000017,39.31887828508983,-3373.757546678929,5449.495628100146,2918.0786935949145,-65.46878555213755,-4366.756910074552,f_3,-2.1634370120630537,-1.6521742322430997,-1.6832840787925583
Ctenopharyngodon idella,Teleostei,Cypriniformes,Cyprinidae,Ctenopharyngodon,idella,-1.7945249630000017,39.31887828508983,-3373.757546678929,5449.495628100146,2918.0786935949145,-65.46878555213755,-4366.756910074552,f_3,-2.1256484512029483,-1.6521742322430997,-1.6832840787925583
Ctenopharyngodon idella,Teleostei,Cypriniformes,Cyprinidae,Ctenopharyngodon,idella,-1.7945249630000017,39.31887828508983,-3373.757546678929,5449.495628100146,2918.0786935949145,-65.46878555213755,-4366.756910074552,f_3,-2.028738438001557,-1.6521742322430997,-1.6832840787925583
Esox lucius,Teleostei,Esociformes,Esocidae,Esox,lucius,-1.1511952990000003,39.84538000289876,-2756.0476507788835,216.10347744287705,-1994.1446024056088,-588.522102691723,179.22835837141838,f_3,-1.3796564448897686,-1.4669046090435112,-1.4207023260733274
Esox lucius,Teleostei,Esociformes,Esocidae,Esox,lucius,-0.8860566479999996,39.5871292029482,-2756.0476507788835,216.10347744287705,-1994.1446024056088,-588.522102691723,179.22835837141838,f_3,-1.159640814490044,-1.2366783924623095,-1.264045699830421
Esox lucius,Teleostei,Esociformes,Esocidae,Esox,lucius,-0.6020599909999999,40.274047981413375,-2756.0476507788835,216.10347744287705,-1994.1446024056088,-588.522102691723,179.22835837141838,f_3,-1.2489367317973776,-1.1028996677765235,-1.1263296110301368
Esox lucius,Teleostei,Esociformes,Esocidae,Esox,lucius,-0.5767541259999999,40.9852266496354,-2756.0476507788835,216.10347744287705,-1994.1446024056088,-588.522102691723,179.22835837141838,f_3,-1.1419608198863203,-1.2367098410296098,-1.2446446944106118
Esox lucius,Teleostei,Esociformes,Esocidae,Esox,lucius,-0.5528419689999999,39.85906551895677,-2756.0476507788835,216.10347744287705,-1994.1446024056088,-588.522102691723,179.22835837141838,f_3,-0.8875997411321549,-0.9862026166932848,-0.9931483360124655
Esox lucius,Teleostei,Esociformes,Esocidae,Esox,lucius,-0.22184874999999984,41.72197348856467,-2756.0476507788835,216.10347744287705,-1994.1446024056088,-588.522102691723,179.22835837141838,f_3,-1.330993219041425,-1.175685063741073,-1.1364419455327113
Esox lucius,Teleostei,Esociformes,Esocidae,Esox,lucius,-0.22184874999999984,40.9852266496354,-2756.0476507788835,216.10347744287705,-1994.1446024056088,-588.522102691723,179.22835837141838,f_3,-1.0299632233774434,-1.2672049952453812,-1.085288748663956
Esox lucius,Teleostei,Esociformes,Esocidae,Esox,lucius,-0.1797985409999995,40.48479653181323,-2756.0476507788835,216.10347744287705,-1994.1446024056088,-588.522102691723,179.22835837141838,f_3,-0.7267804142756699,-0.8064158107944681,-0.841164709689722
Esox lucius,Teleostei,Esociformes,Esocidae,Esox,lucius,-0.167491087,40.274047981413375,-2756.0476507788835,216.10347744287705,-1994.1446024056088,-588.522102691723,179.22835837141838,f_3,-0.6432973699777425,-0.7568040481015732,-0.815446847391189
Esox lucius,Teleostei,Esociformes,Esocidae,Esox,lucius,0.2671717280000005,40.274047981413375,-2756.0476507788835,216.10347744287705,-1994.1446024056088,-588.522102691723,179.22835837141838,f_3,-0.33021964886635663,-0.5202581370456506,-0.49493315356802303
Etheostoma blennioides,Teleostei,Perciformes,Percidae,Etheostoma,blennioides,-1.908333042000003,39.9276343569388,-2756.047650778884,216.10347744287705,-1994.1446024056083,-588.522102691723,179.2283583714183,f_3,-1.9964184816463943,-2.079141749297861,-2.0718441549403717
Euthynnus affinis,Teleostei,Perciformes,Scombridae,Euthynnus,affinis,0.35410843900000016,39.05423835047708,-3649.0699176841617,8221.372203174908,5841.226629477732,478.6623617440597,1934.1702622999533,f_3,0.6453716903114207,0.17300662972115205,-0.09238026639435193
Gambusia affinis,Teleostei,Cyprinodontiformes,Poeciliidae,Gambusia,affinis,-3.698970004000092,39.31887828508983,-3649.0699176841617,8221.372203174908,5841.226629477732,478.6623617440597,1934.1702622999533,f_3,-3.518210130507827,-3.4738696733808943,-3.422766486464592
Gambusia affinis,Teleostei,Cyprinodontiformes,Poeciliidae,Gambusia,affinis,-3.657577319000128,39.5871292029482,-3649.0699176841617,8221.372203174908,5841.226629477732,478.6623617440597,1934.1702622999533,f_3,-3.631589137226211,-3.531060819249418,-3.4576600038995893
Gambusia affinis,Teleostei,Cyprinodontiformes,Poeciliidae,Gambusia,affinis,-3.657577319000128,38.92324979320565,-3649.0699176841617,8221.372203174908,5841.226629477732,478.6623617440597,1934.1702622999533,f_3,-3.506650400617818,-3.405405908923958,-3.344080860229044
Gambusia affinis,Teleostei,Cyprinodontiformes,Poeciliidae,Gambusia,affinis,-3.657577319000128,38.28126975373334,-3649.0699176841617,8221.372203174908,5841.226629477732,478.6623617440597,1934.1702622999533,f_3,-3.4097403876098173,-3.2616525117408273,-3.1897404459638437
Gambusia affinis,Teleostei,Cyprinodontiformes,Poeciliidae,Gambusia,affinis,-3.619788758000131,40.9852266496354,-3649.0699176841617,8221.372203174908,5841.226629477732,478.6623617440597,1934.1702622999533,f_3,-3.8073770167658867,-3.7185746930221435,-3.6353039304315407
Gambusia affinis,Teleostei,Cyprinodontiformes,Poeciliidae,Gambusia,affinis,-3.619788758000131,40.274047981413375,-3649.0699176841617,8221.372203174908,5841.226629477732,478.6623617440597,1934.1702622999533,f_3,-3.632153481223452,-3.6923789278904,-3.6619904807138615
Gambusia affinis,Teleostei,Cyprinodontiformes,Poeciliidae,Gambusia,affinis,-3.619788758000131,39.5871292029482,-3649.0699176841617,8221.372203174908,5841.226629477732,478.6623617440597,1934.1702622999533,f_3,-3.4560622221677084,-3.5025038790927936,-3.4575557601528035
Gambusia affinis,Teleostei,Cyprinodontiformes,Poeciliidae,Gambusia,affinis,-3.619788758000131,38.92324979320565,-3649.0699176841617,8221.372203174908,5841.226629477732,478.6623617440597,1934.1702622999533,f_3,-3.2960942075172786,-3.3768489687673333,-3.348568643182524
Gambusia affinis,Teleostei,Cyprinodontiformes,Poeciliidae,Gambusia,affinis,-3.619788758000131,38.28126975373334,-3649.0699176841617,8221.372203174908,5841.226629477732,478.6623617440597,1934.1702622999533,f_3,-3.1094484919902463,-3.2330955715842027,-3.1942281963210335
Gambusia affinis,Teleostei,Cyprinodontiformes,Poeciliidae,Gambusia,affinis,-3.3979400090000387,40.55553704645907,-3649.0699176841617,8221.372203174908,5841.226629477732,478.6623617440597,1934.1702622999533,f_3,-3.515988670716825,-3.5047870174418034,-3.4037265455700196
Gambusia affinis,Teleostei,Cyprinodontiformes,Poeciliidae,Gambusia,affinis,-3.3979400090000387,39.31887828508983,-3649.0699176841617,8221.372203174908,5841.226629477732,478.6623617440597,1934.1702622999533,f_3,-3.2729506208997594,-3.2949132138762725,-3.25794620605653
Gambusia affinis,Teleostei,Cyprinodontiformes,Poeciliidae,Gambusia,affinis,-3.3979400090000387,38.92324979320565,-3649.0699176841617,8221.372203174908,5841.226629477732,478.6623617440597,1934.1702622999533,f_3,-3.1127630676259486,-3.22700992027546,-3.223383277583982
Gasterosteus aculeatus,Teleostei,Gasterosteiformes,Gasterosteidae,Gasterosteus,aculeatus,-3.5376020020001078,40.9852266496354,-2756.047650778884,216.10347744287705,-1994.1446024056083,-588.522102691723,179.2283583714183,f_3,-3.7747204621456856,-3.5328525531979587,-3.5687393716405107
Gasterosteus aculeatus,Teleostei,Gasterosteiformes,Gasterosteidae,Gasterosteus,aculeatus,-3.301029996000038,40.9852266496354,-2756.047650778884,216.10347744287705,-1994.1446024056083,-588.522102691723,179.2283583714183,f_3,-3.5973913781468503,-3.3530238753727564,-3.4136719468102785
Gasterosteus aculeatus,Teleostei,Gasterosteiformes,Gasterosteidae,Gasterosteus,aculeatus,-3.2365720060000727,40.9852266496354,-2756.047650778884,216.10347744287705,-1994.1446024056083,-588.522102691723,179.2283583714183,f_3,-3.470785484695117,-3.3019339638481893,-3.3586604445402624
Gasterosteus aculeatus,Teleostei,Gasterosteiformes,Gasterosteidae,Gasterosteus,aculeatus,-3.1938200260000302,40.9852266496354,-2756.047650778884,216.10347744287705,-1994.1446024056083,-588.522102691723,179.2283583714183,f_3,-3.371128652311999,-3.2680484071359266,-3.3425490003506018
Gasterosteus aculeatus,Teleostei,Gasterosteiformes,Gasterosteidae,Gasterosteus,aculeatus,-3.1870866430000206,40.9852266496354,-2756.047650778884,216.10347744287705,-1994.1446024056083,-588.522102691723,179.2283583714183,f_3,-3.092241399230116,-3.2627114746356782,-3.3372120678503534
Gasterosteus aculeatus,Teleostei,Gasterosteiformes,Gasterosteidae,Gasterosteus,aculeatus,-3.173925197000029,40.9852266496354,-2756.047650778884,216.10347744287705,-1994.1446024056083,-588.522102691723,179.2283583714183,f_3,-3.460378286829416,-3.252279608676542,-3.3267802018912174
Gasterosteus aculeatus,Teleostei,Gasterosteiformes,Gasterosteidae,Gasterosteus,aculeatus,-3.161150909000028,40.9852266496354,-2756.047650778884,216.10347744287705,-1994.1446024056083,-588.522102691723,179.2283583714183,f_3,-3.506997651146674,-3.242154607203339,-3.316655200418014
Gasterosteus aculeatus,Teleostei,Gasterosteiformes,Gasterosteidae,Gasterosteus,aculeatus,-3.161150909000028,40.9852266496354,-2756.047650778884,216.10347744287705,-1994.1446024056083,-588.522102691723,179.2283583714183,f_3,-3.3259429766124957,-3.242154607203339,-3.316655200418014
Gasterosteus aculeatus,Teleostei,Gasterosteiformes,Gasterosteidae,Gasterosteus,aculeatus,-3.14266750400001,40.9852266496354,-2756.047650778884,216.10347744287705,-1994.1446024056083,-588.522102691723,179.2283583714183,f_3,-3.3916042327030635,-3.227504514544164,-3.3421712399109196
Gasterosteus aculeatus,Teleostei,Gasterosteiformes,Gasterosteidae,Gasterosteus,aculeatus,-3.1191864080000142,40.9852266496354,-2756.047650778884,216.10347744287705,-1994.1446024056083,-588.522102691723,179.2283583714183,f_3,-3.2350249164033418,-3.20889321256065,-3.2612391839954067
Gasterosteus aculeatus,Teleostei,Gasterosteiformes,Gasterosteidae,Gasterosteus,aculeatus,-3.0969100130000218,40.9852266496354,-2756.047650778884,216.10347744287705,-1994.1446024056083,-588.522102691723,179.2283583714183,f_3,-3.201863378138371,-3.1879422511071116,-3.215283584679922
Gasterosteus aculeatus,Teleostei,Gasterosteiformes,Gasterosteidae,Gasterosteus,aculeatus,-3.0655015490000412,40.9852266496354,-2756.047650778884,216.10347744287705,-1994.1446024056083,-588.522102691723,179.2283583714183,f_3,-3.314438279687896,-3.1630476546904003,-3.190388988263211
Gasterosteus aculeatus,Teleostei,Gasterosteiformes,Gasterosteidae,Gasterosteus,aculeatus,-3.0655015490000412,40.9852266496354,-2756.047650778884,216.10347744287705,-1994.1446024056083,-588.522102691723,179.2283583714183,f_3,-3.225386279697822,-3.1630476546904003,-3.190388988263211
Gasterosteus aculeatus,Teleostei,Gasterosteiformes,Gasterosteidae,Gasterosteus,aculeatus,-3.0315170510000025,40.9852266496354,-2756.047650778884,216.10347744287705,-1994.1446024056083,-588.522102691723,179.2283583714183,f_3,-3.1134421805730406,-3.1361112733972547,-3.168017925550782
Gasterosteus aculeatus,Teleostei,Gasterosteiformes,Gasterosteidae,Gasterosteus,aculeatus,-2.9956786260000383,39.85906551895677,-2756.047650778884,216.10347744287705,-1994.1446024056083,-588.522102691723,179.2283583714183,f_3,-2.7735260684842014,-2.8859347020691364,-2.8921906844852745
Gasterosteus aculeatus,Teleostei,Gasterosteiformes,Gasterosteidae,Gasterosteus,aculeatus,-2.974694135000026,40.9852266496354,-2756.047650778884,216.10347744287705,-1994.1446024056083,-588.522102691723,179.2283583714183,f_3,-3.261147228010583,-3.089318560690737,-3.1229733922045715
Gasterosteus aculeatus,Teleostei,Gasterosteiformes,Gasterosteidae,Gasterosteus,aculeatus,-2.9208187540000026,40.9852266496354,-2756.047650778884,216.10347744287705,-1994.1446024056083,-588.522102691723,179.2283583714183,f_3,-3.2897308041624616,-3.0466165085689596,-3.084816056702215
Gasterosteus aculeatus,Teleostei,Gasterosteiformes,Gasterosteidae,Gasterosteus,aculeatus,-2.9208187540000026,40.9852266496354,-2756.047650778884,216.10347744287705,-1994.1446024056083,-588.522102691723,179.2283583714183,f_3,-3.2447636581063737,-3.0466165085689596,-3.084816056702215
Gasterosteus aculeatus,Teleostei,Gasterosteiformes,Gasterosteidae,Gasterosteus,aculeatus,-2.9208187540000026,40.9852266496354,-2756.047650778884,216.10347744287705,-1994.1446024056083,-588.522102691723,179.2283583714183,f_3,-2.9789409697465667,-3.0466165085689596,-3.084816056702215
Gasterosteus aculeatus,Teleostei,Gasterosteiformes,Gasterosteidae,Gasterosteus,aculeatus,-2.7099653890000175,40.9852266496354,-2756.047650778884,216.10347744287705,-1994.1446024056083,-588.522102691723,179.2283583714183,f_3,-3.078877435954254,-2.8624733533866635,-2.926605653962969
Gasterosteus aculeatus,Teleostei,Gasterosteiformes,Gasterosteidae,Gasterosteus,aculeatus,-2.677780705000003,40.9852266496354,-2756.047650778884,216.10347744287705,-1994.1446024056083,-588.522102691723,179.2283583714183,f_3,-2.6109641841235947,-2.8359507624507314,-2.9010958194489267
Gasterosteus aculeatus,Teleostei,Gasterosteiformes,Gasterosteidae,Gasterosteus,aculeatus,-2.6216020990000013,40.9852266496354,-2756.047650778884,216.10347744287705,-1994.1446024056083,-588.522102691723,179.2283583714183,f_3,-2.9674488438555273,-2.7899419834103716,-2.8590406881880566
Gobius paganellus,Teleostei,Perciformes,Gobiidae,Gobius,paganellus,-1.978810701000004,39.17288413787093,-3649.0699176841617,8221.372203174908,5841.226629477732,478.6623617440597,1934.1702622999533,f_3,-2.0486713199370064,-2.1673397077905583,-2.1368187355816706
Hemichromis bimaculatus,Teleostei,Perciformes,Cichlidae,Hemichromis,bimaculatus,-2.5228787450000003,38.92324979320565,-3649.0699176841617,8221.372203174908,5841.226629477732,478.6623617440597,1934.1702622999533,f_3,-2.6476261706664044,-2.542494345267551,-2.5533396008951557
Heteropneustes fossilis,Teleostei,Siluriformes,Heteropneustidae,Heteropneustes,fossilis,-5.0,38.53550365546825,-3643.051895229117,8160.737153174095,5777.252841030514,466.7322415737173,1795.1630414385625,f_3,-4.4798651636458455,-4.29094067394793,-4.278758107373898
Heteropneustes fossilis,Teleostei,Siluriformes,Heteropneustidae,Heteropneustes,fossilis,-5.0,38.53550365546825,-3643.051895229117,8160.737153174095,5777.252841030514,466.7322415737173,1795.1630414385625,f_3,-4.366549612344461,-4.29094067394793,-4.278758107373898
Heteropneustes fossilis,Teleostei,Siluriformes,Heteropneustidae,Heteropneustes,fossilis,-4.698970004,38.53550365546825,-3643.051895229117,8160.737153174095,5777.252841030514,466.7322415737173,1795.1630414385625,f_3,-4.181904370263108,-4.046607969396497,-4.129040434069823
Heteropneustes fossilis,Teleostei,Siluriformes,Heteropneustidae,Heteropneustes,fossilis,-2.0457574910000025,38.79313697424123,-3643.051895229117,8160.737153174095,5777.252841030514,466.7322415737173,1795.1630414385625,f_3,-2.1658973442872065,-2.148827308695333,-2.1558168898460095
Heteropneustes fossilis,Teleostei,Siluriformes,Heteropneustidae,Heteropneustes,fossilis,-2.0,38.79313697424123,-3643.051895229117,8160.737153174095,5777.252841030514,466.7322415737173,1795.1630414385625,f_3,-2.1771783546968955,-2.112559560247428,-2.1267674575955
Heteropneustes fossilis,Teleostei,Siluriformes,Heteropneustidae,Heteropneustes,fossilis,-1.823908741000001,38.79313697424123,-3643.051895229117,8160.737153174095,5777.252841030514,466.7322415737173,1795.1630414385625,f_3,-2.110231565066284,-1.9717936085131929,-2.009843263650683
Heteropneustes fossilis,Teleostei,Siluriformes,Heteropneustidae,Heteropneustes,fossilis,-1.795880017,38.79313697424123,-3643.051895229117,8160.737153174095,5777.252841030514,466.7322415737173,1795.1630414385625,f_3,-2.0921111301262925,-1.9495778206906536,-1.9866720506252973
Heteropneustes fossilis,Teleostei,Siluriformes,Heteropneustidae,Heteropneustes,fossilis,-1.7695510790000017,38.79313697424123,-3643.051895229117,8160.737153174095,5777.252841030514,466.7322415737173,1795.1630414385625,f_3,-2.0863038585485443,-1.9287092966650603,-1.9665790053799737
Heteropneustes fossilis,Teleostei,Siluriformes,Heteropneustidae,Heteropneustes,fossilis,-1.6382721640000018,38.79313697424123,-3643.051895229117,8160.737153174095,5777.252841030514,466.7322415737173,1795.1630414385625,f_3,-1.958541517632061,-1.8246565926884888,-1.862135063965677
Heteropneustes fossilis,Teleostei,Siluriformes,Heteropneustidae,Heteropneustes,fossilis,-1.5850266520000007,38.79313697424123,-3643.051895229117,8160.737153174095,5777.252841030514,466.7322415737173,1795.1630414385625,f_3,-1.9124157468017828,-1.7809186891058346,-1.8055867093873235
Heteropneustes fossilis,Teleostei,Siluriformes,Heteropneustidae,Heteropneustes,fossilis,-1.4436974990000009,38.79313697424123,-3643.051895229117,8160.737153174095,5777.252841030514,466.7322415737173,1795.1630414385625,f_3,-1.7894139750948435,-1.6634208165059594,-1.6989388808385946
Heteropneustes fossilis,Teleostei,Siluriformes,Heteropneustidae,Heteropneustes,fossilis,-1.3565473240000003,38.79313697424123,-3643.051895229117,8160.737153174095,5777.252841030514,466.7322415737173,1795.1630414385625,f_3,-1.7022637993759453,-1.5805228627199965,-1.6130835118522007
Heteropneustes fossilis,Teleostei,Siluriformes,Heteropneustidae,Heteropneustes,fossilis,-1.3467874860000006,39.85906551895677,-3643.051895229117,8160.737153174095,5777.252841030514,466.7322415737173,1795.1630414385625,f_3,-2.1888904960010764,-1.7488472752995203,-1.7377056949824303
Heteropneustes fossilis,Teleostei,Siluriformes,Heteropneustidae,Heteropneustes,fossilis,-1.3467874860000006,39.5871292029482,-3643.051895229117,8160.737153174095,5777.252841030514,466.7322415737173,1795.1630414385625,f_3,-1.9862402085270094,-1.701712310570887,-1.6984776240212605
Heteropneustes fossilis,Teleostei,Siluriformes,Heteropneustidae,Heteropneustes,fossilis,-1.3467874860000006,38.28126975373334,-3643.051895229117,8160.737153174095,5777.252841030514,466.7322415737173,1795.1630414385625,f_3,-1.8225937688331715,-1.4887272986211915,-1.4928805784709498
Heteropneustes fossilis,Teleostei,Siluriformes,Heteropneustidae,Heteropneustes,fossilis,-1.3467874860000006,38.72840622674541,-3643.051895229117,8160.737153174095,5777.252841030514,466.7322415737173,1795.1630414385625,f_3,-1.8077022135111056,-1.5630918286535955,-1.5956524777857997
Heteropneustes fossilis,Teleostei,Siluriformes,Heteropneustidae,Heteropneustes,fossilis,-1.3467874860000006,38.28126975373334,-3643.051895229117,8160.737153174095,5777.252841030514,466.7322415737173,1795.1630414385625,f_3,-1.748492048368276,-1.4887272986211915,-1.4928805784709498
Heteropneustes fossilis,Teleostei,Siluriformes,Heteropneustidae,Heteropneustes,fossilis,-1.251811973,38.79313697424123,-3643.051895229117,8160.737153174095,5777.252841030514,466.7322415737173,1795.1630414385625,f_3,-1.6050815867463775,-1.4888949521267463,-1.521192593471306
Heteropneustes fossilis,Teleostei,Siluriformes,Heteropneustidae,Heteropneustes,fossilis,-1.124938737,38.79313697424123,-3643.051895229117,8160.737153174095,5777.252841030514,466.7322415737173,1795.1630414385625,f_3,-1.566630253143414,-1.380603126054285,-1.3861293703559756
Labeo rohita,Teleostei,Cypriniformes,Cyprinidae,Labeo,rohita,-2.221848750000005,38.92324979320565,-3373.757546678929,5449.495628100146,2918.0786935949145,-65.46878555213755,-4366.756910074552,f_3,-1.847536190900342,-1.9408378981154149,-2.0094208119801267
Labeo rohita,Teleostei,Cypriniformes,Cyprinidae,Labeo,rohita,-2.221848750000005,38.92324979320565,-3373.757546678929,5449.495628100146,2918.0786935949145,-65.46878555213755,-4366.756910074552,f_3,-1.5914208745913325,-1.9408378981154149,-2.0094208119801267
Labeo rohita,Teleostei,Cypriniformes,Cyprinidae,Labeo,rohita,-2.1549019600000006,38.92324979320565,-3373.757546678929,5449.495628100146,2918.0786935949145,-65.46878555213755,-4366.756910074552,f_3,-1.8062948014910185,-1.8852478463424678,-1.9211122284397284
Labeo rohita,Teleostei,Cypriniformes,Cyprinidae,Labeo,rohita,-2.1549019600000006,38.92324979320565,-3373.757546678929,5449.495628100146,2918.0786935949145,-65.46878555213755,-4366.756910074552,f_3,-1.734487756389649,-1.8852478463424678,-1.9211122284397284
Labeo rohita,Teleostei,Cypriniformes,Cyprinidae,Labeo,rohita,-2.070581074000003,38.92324979320565,-3373.757546678929,5449.495628100146,2918.0786935949145,-65.46878555213755,-4366.756910074552,f_3,-1.7682361065860424,-1.818414446706281,-1.8854359349646592
Labeo rohita,Teleostei,Cypriniformes,Cyprinidae,Labeo,rohita,-2.070581074000003,38.92324979320565,-3373.757546678929,5449.495628100146,2918.0786935949145,-65.46878555213755,-4366.756910074552,f_3,-1.7349003442010287,-1.818414446706281,-1.8854359349646592
Labeo rohita,Teleostei,Cypriniformes,Cyprinidae,Labeo,rohita,-1.9393021600000022,38.92324979320565,-3373.757546678929,5449.495628100146,2918.0786935949145,-65.46878555213755,-4366.756910074552,f_3,-1.735634802859369,-1.7168920281742577,-1.8082720493294469
Labeo rohita,Teleostei,Cypriniformes,Cyprinidae,Labeo,rohita,-1.9393021600000022,38.92324979320565,-3373.757546678929,5449.495628100146,2918.0786935949145,-65.46878555213755,-4366.756910074552,f_3,-1.7335265730790383,-1.7168920281742577,-1.8082720493294469
Lepidocephalichthys guntea,Teleostei,Cypriniformes,Cobitidae,Lepidocephalichthys,guntea,-2.896196279000032,39.05423835047708,-3640.06934724508,8130.684182658058,5745.543696853202,460.8179755894458,1726.2116509240366,f_3,-3.1603729779513516,-2.8373185037037287,-2.7995925704251987
Lepidocephalichthys guntea,Teleostei,Cypriniformes,Cobitidae,Lepidocephalichthys,guntea,-2.896196279000032,39.05423835047708,-3640.06934724508,8130.684182658058,5745.543696853202,460.8179755894458,1726.2116509240366,f_3,-2.762432968581213,-2.8373185037037287,-2.7995925704251987
Lepidocephalichthys guntea,Teleostei,Cypriniformes,Cobitidae,Lepidocephalichthys,guntea,-2.896196279000032,39.05423835047708,-3640.06934724508,8130.684182658058,5745.543696853202,460.8179755894458,1726.2116509240366,f_3,-2.5989308366419115,-2.8373185037037287,-2.7995925704251987
Lepidocephalichthys guntea,Teleostei,Cypriniformes,Cobitidae,Lepidocephalichthys,guntea,-2.896196279000032,39.05423835047708,-3640.06934724508,8130.684182658058,5745.543696853202,460.8179755894458,1726.2116509240366,f_3,-2.566138323437247,-2.8373185037037287,-2.7995925704251987
Lepidocephalichthys guntea,Teleostei,Cypriniformes,Cobitidae,Lepidocephalichthys,guntea,-2.896196279000032,39.05423835047708,-3640.06934724508,8130.684182658058,5745.543696853202,460.8179755894458,1726.2116509240366,f_3,-2.5211711777605057,-2.8373185037037287,-2.7995925704251987
Lepidocephalichthys guntea,Teleostei,Cypriniformes,Cobitidae,Lepidocephalichthys,guntea,-2.896196279000032,39.05423835047708,-3640.06934724508,8130.684182658058,5745.543696853202,460.8179755894458,1726.2116509240366,f_3,-2.480426209938924,-2.8373185037037287,-2.7995925704251987
Lepidocephalichthys guntea,Teleostei,Cypriniformes,Cobitidae,Lepidocephalichthys,guntea,-2.896196279000032,39.05423835047708,-3640.06934724508,8130.684182658058,5745.543696853202,460.8179755894458,1726.2116509240366,f_3,-2.455242664074758,-2.8373185037037287,-2.7995925704251987
Lepidocephalichthys guntea,Teleostei,Cypriniformes,Cobitidae,Lepidocephalichthys,guntea,-2.896196279000032,39.05423835047708,-3640.06934724508,8130.684182658058,5745.543696853202,460.8179755894458,1726.2116509240366,f_3,-2.3333731594357583,-2.8373185037037287,-2.7995925704251987
Leporinus fasciatus,Teleostei,Characiformes,Anostomidae,Leporinus,fasciatus,-2.4034029040000027,38.92324979320565,-3643.051895229117,8160.737153174095,5777.252841030514,466.7322415737173,1795.1630414385625,f_3,-2.670562569208503,-2.4526778855102123,-2.4684432111761523
Leporinus fasciatus,Teleostei,Characiformes,Anostomidae,Leporinus,fasciatus,-2.1191864080000027,38.28126975373334,-3643.051895229117,8160.737153174095,5777.252841030514,466.7322415737173,1795.1630414385625,f_3,-2.3279637484878095,-2.1197548546614,-2.0797203479787156
Leucaspius delineatus,Teleostei,Cypriniformes,Cyprinidae,Leucaspius,delineatus,-2.818156412000026,39.5871292029482,-3373.757546678929,5449.495628100138,2918.078693594914,-65.4687855521415,-4366.756910074555,f_3,-2.585008469576315,-2.4717801792297975,-2.454482536751033
Leuroglossus stilbius,Teleostei,Osmeriformes,Bathylagidae,Leuroglossus,stilbius,-2.0680338850000046,41.72197348856467,-2756.0476507788835,216.1034774428768,-1994.1446024056088,-588.5221026917211,179.22835837153607,f_3,-2.9342705755356904,-2.5233433780732586,-2.5705040283401006
Lipophrys pholis,Teleostei,Perciformes,Blenniidae,Lipophrys,pholis,-4.522878745000001,40.134763706879696,-3649.0699176841617,8221.372203174908,5841.226629477732,478.6623617440597,1934.1702622999533,f_3,-4.072715203798393,-4.240128841055629,-4.299911174971038
Lipophrys pholis,Teleostei,Perciformes,Blenniidae,Lipophrys,pholis,-4.22184875,40.134763706879696,-3649.0699176841617,8221.372203174908,5841.226629477732,478.6623617440597,1934.1702622999533,f_3,-3.8466933796947402,-4.030605148390806,-4.084845955980837
Lipophrys pholis,Teleostei,Perciformes,Blenniidae,Lipophrys,pholis,-4.22184875,40.134763706879696,-3649.0699176841617,8221.372203174908,5841.226629477732,478.6623617440597,1934.1702622999533,f_3,-3.774690718274137,-4.030605148390806,-4.084845955980837
Lipophrys pholis,Teleostei,Perciformes,Blenniidae,Lipophrys,pholis,-3.744727495000201,40.134763706879696,-3649.0699176841617,8221.372203174908,5841.226629477732,478.6623617440597,1934.1702622999533,f_3,-3.278684119394101,-3.6831668734196663,-3.7054426715611153
Lipophrys pholis,Teleostei,Perciformes,Blenniidae,Lipophrys,pholis,-3.698970004000092,40.134763706879696,-3649.0699176841617,8221.372203174908,5841.226629477732,478.6623617440597,1934.1702622999533,f_3,-3.473660722610156,-3.6442105642481515,-3.6395227522762004
Lipophrys pholis,Teleostei,Perciformes,Blenniidae,Lipophrys,pholis,-3.698970004000092,40.134763706879696,-3649.0699176841617,8221.372203174908,5841.226629477732,478.6623617440597,1934.1702622999533,f_3,-3.4706552124704735,-3.6442105642481515,-3.6395227522762004
Lipophrys pholis,Teleostei,Perciformes,Blenniidae,Lipophrys,pholis,-3.698970004000092,40.134763706879696,-3649.0699176841617,8221.372203174908,5841.226629477732,478.6623617440597,1934.1702622999533,f_3,-3.421615508210523,-3.6442105642481515,-3.6395227522762004
Lipophrys pholis,Teleostei,Perciformes,Blenniidae,Lipophrys,pholis,-3.698970004000092,40.134763706879696,-3649.0699176841617,8221.372203174908,5841.226629477732,478.6623617440597,1934.1702622999533,f_3,-3.299584754789858,-3.6442105642481515,-3.6395227522762004
Lipophrys pholis,Teleostei,Perciformes,Blenniidae,Lipophrys,pholis,-3.657577319000128,40.134763706879696,-3649.0699176841617,8221.372203174908,5841.226629477732,478.6623617440597,1934.1702622999533,f_3,-3.1852272463120217,-3.6503385790323026,-3.6067145835074625
Lipophrys pholis,Teleostei,Perciformes,Blenniidae,Lipophrys,pholis,-3.6382721640001567,40.134763706879696,-3649.0699176841617,8221.372203174908,5841.226629477732,478.6623617440597,1934.1702622999533,f_3,-3.3894817864070923,-3.636431732327467,-3.6212603998012685
Lipophrys pholis,Teleostei,Perciformes,Blenniidae,Lipophrys,pholis,-3.6382721640001567,40.134763706879696,-3649.0699176841617,8221.372203174908,5841.226629477732,478.6623617440597,1934.1702622999533,f_3,-3.3176643534050774,-3.636431732327467,-3.6212603998012685
Lipophrys pholis,Teleostei,Perciformes,Blenniidae,Lipophrys,pholis,-3.6382721640001567,40.134763706879696,-3649.0699176841617,8221.372203174908,5841.226629477732,478.6623617440597,1934.1702622999533,f_3,-3.2695721570687257,-3.636431732327467,-3.6212603998012685
Lipophrys pholis,Teleostei,Perciformes,Blenniidae,Lipophrys,pholis,-3.6382721640001567,40.134763706879696,-3649.0699176841617,8221.372203174908,5841.226629477732,478.6623617440597,1934.1702622999533,f_3,-3.197188280352419,-3.636431732327467,-3.6212603998012685
Lipophrys pholis,Teleostei,Perciformes,Blenniidae,Lipophrys,pholis,-3.6382721640001567,40.134763706879696,-3649.0699176841617,8221.372203174908,5841.226629477732,478.6623617440597,1934.1702622999533,f_3,-3.172806692067338,-3.636431732327467,-3.6212603998012685
Lipophrys pholis,Teleostei,Perciformes,Blenniidae,Lipophrys,pholis,-3.619788758000131,40.134763706879696,-3649.0699176841617,8221.372203174908,5841.226629477732,478.6623617440597,1934.1702622999533,f_3,-3.3954859532167836,-3.621781638875678,-3.6066103063494794
Lipophrys pholis,Teleostei,Perciformes,Blenniidae,Lipophrys,pholis,-3.6020599910001567,40.134763706879696,-3649.0699176841617,8221.372203174908,5841.226629477732,478.6623617440597,1934.1702622999533,f_3,-3.3055166740802626,-3.6117411883911728,-3.5925583457241355
Lipophrys pholis,Teleostei,Perciformes,Blenniidae,Lipophrys,pholis,-3.568636236000093,40.134763706879696,-3649.0699176841617,8221.372203174908,5841.226629477732,478.6623617440597,1934.1702622999533,f_3,-3.3453422453505715,-3.5965328768631073,-3.576584800717732
Lipophrys pholis,Teleostei,Perciformes,Blenniidae,Lipophrys,pholis,-3.568636236000093,40.134763706879696,-3649.0699176841617,8221.372203174908,5841.226629477732,478.6623617440597,1934.1702622999533,f_3,-3.2488364152305063,-3.5965328768631073,-3.576584800717732
Lipophrys pholis,Teleostei,Perciformes,Blenniidae,Lipophrys,pholis,-3.552841969000098,40.134763706879696,-3649.0699176841617,8221.372203174908,5841.226629477732,478.6623617440597,1934.1702622999533,f_3,-3.329547978167264,-3.5919256204889582,-3.564066140057889
Lipophrys pholis,Teleostei,Perciformes,Blenniidae,Lipophrys,pholis,-3.455931956000014,40.134763706879696,-3649.0699176841617,8221.372203174908,5841.226629477732,478.6623617440597,1934.1702622999533,f_3,-3.279519116067092,-3.5151139794492425,-3.4988284916877554
Lipophrys pholis,Teleostei,Perciformes,Blenniidae,Lipophrys,pholis,-3.4202164030000963,40.134763706879696,-3649.0699176841617,8221.372203174908,5841.226629477732,478.6623617440597,1934.1702622999533,f_3,-3.3910581746420716,-3.4868055503031,-3.470520062541613
Lipophrys pholis,Teleostei,Perciformes,Blenniidae,Lipophrys,pholis,-3.4202164030000963,40.134763706879696,-3649.0699176841617,8221.372203174908,5841.226629477732,478.6623617440597,1934.1702622999533,f_3,-3.3664978794863654,-3.4868055503031,-3.470520062541613
Lipophrys pholis,Teleostei,Perciformes,Blenniidae,Lipophrys,pholis,-3.3872161430000918,40.134763706879696,-3649.0699176841617,8221.372203174908,5841.226629477732,478.6623617440597,1934.1702622999533,f_3,-3.2855072473904765,-3.4606492838155956,-3.4528588288414315
Lipophrys pholis,Teleostei,Perciformes,Blenniidae,Lipophrys,pholis,-3.229147988000041,40.134763706879696,-3649.0699176841617,8221.372203174908,5841.226629477732,478.6623617440597,1934.1702622999533,f_3,-3.008894578421916,-3.332849558325895,-3.3262596119126457
Lipophrys pholis,Teleostei,Perciformes,Blenniidae,Lipophrys,pholis,-3.2006594510000146,40.134763706879696,-3649.0699176841617,8221.372203174908,5841.226629477732,478.6623617440597,1934.1702622999533,f_3,-2.9323155365953535,-3.3126575048461127,-3.3147489535904024
Lipophrys pholis,Teleostei,Perciformes,Blenniidae,Lipophrys,pholis,-3.1804560640000163,40.134763706879696,-3649.0699176841617,8221.372203174908,5841.226629477732,478.6623617440597,1934.1702622999533,f_3,-3.081428007216095,-3.3047378928397726,-3.2987355896253283
Lipophrys pholis,Teleostei,Perciformes,Blenniidae,Lipophrys,pholis,-3.1804560640000163,40.134763706879696,-3649.0699176841617,8221.372203174908,5841.226629477732,478.6623617440597,1934.1702622999533,f_3,-3.0085671666355016,-3.3047378928397726,-3.2987355896253283
Lipophrys pholis,Teleostei,Perciformes,Blenniidae,Lipophrys,pholis,-3.1804560640000163,40.134763706879696,-3649.0699176841617,8221.372203174908,5841.226629477732,478.6623617440597,1934.1702622999533,f_3,-2.8881999931016553,-3.3047378928397726,-3.2987355896253283
Lipophrys pholis,Teleostei,Perciformes,Blenniidae,Lipophrys,pholis,-3.154901960000013,40.134763706879696,-3649.0699176841617,8221.372203174908,5841.226629477732,478.6623617440597,1934.1702622999533,f_3,-2.9356668259720986,-3.2844835083569417,-3.2784812051424974
Lipophrys pholis,Teleostei,Perciformes,Blenniidae,Lipophrys,pholis,-3.136677140000016,40.134763706879696,-3649.0699176841617,8221.372203174908,5841.226629477732,478.6623617440597,1934.1702622999533,f_3,-3.208395111364043,-3.2700383722093282,-3.3153332568000597
Lipophrys pholis,Teleostei,Perciformes,Blenniidae,Lipophrys,pholis,-3.1079053970000015,40.134763706879696,-3649.0699176841617,8221.372203174908,5841.226629477732,478.6623617440597,1934.1702622999533,f_3,-3.0337800230518144,-3.242733396742068,-3.2164544526745558
Lipophrys pholis,Teleostei,Perciformes,Blenniidae,Lipophrys,pholis,-3.102372909000041,40.134763706879696,-3649.0699176841617,8221.372203174908,5841.226629477732,478.6623617440597,1934.1702622999533,f_3,-3.0763847267578863,-3.238348303095356,-3.212069359027844
Lipophrys pholis,Teleostei,Perciformes,Blenniidae,Lipophrys,pholis,-3.0861861480000514,40.134763706879696,-3649.0699176841617,8221.372203174908,5841.226629477732,478.6623617440597,1934.1702622999533,f_3,-3.1107543391070203,-3.2147021910198825,-3.1553071964319517
Lipophrys pholis,Teleostei,Perciformes,Blenniidae,Lipophrys,pholis,-3.0315170510000025,40.134763706879696,-3649.0699176841617,8221.372203174908,5841.226629477732,478.6623617440597,1934.1702622999533,f_3,-2.9573916771883413,-3.1653411070403656,-3.1328471937091558
Lipophrys pholis,Teleostei,Perciformes,Blenniidae,Lipophrys,pholis,-3.0315170510000025,40.134763706879696,-3649.0699176841617,8221.372203174908,5841.226629477732,478.6623617440597,1934.1702622999533,f_3,-2.885389015767827,-3.1653411070403656,-3.1328471937091558
Lipophrys pholis,Teleostei,Perciformes,Blenniidae,Lipophrys,pholis,-3.0087739240000424,40.134763706879696,-3649.0699176841617,8221.372203174908,5841.226629477732,478.6623617440597,1934.1702622999533,f_3,-3.0591129070566887,-3.1473147251097373,-3.1309490090908825
Lipophrys pholis,Teleostei,Perciformes,Blenniidae,Lipophrys,pholis,-2.8601209140000137,40.134763706879696,-3649.0699176841617,8221.372203174908,5841.226629477732,478.6623617440597,1934.1702622999533,f_3,-2.571325374351799,-3.0276286312367593,-2.9881968756200474
Lipophrys pholis,Teleostei,Perciformes,Blenniidae,Lipophrys,pholis,-2.844663963000028,39.99643951695421,-3649.0699176841617,8221.372203174908,5841.226629477732,478.6623617440597,1934.1702622999533,f_3,-2.7650102171862136,-2.977163508498054,-2.8980204856862737
Lipophrys pholis,Teleostei,Perciformes,Blenniidae,Lipophrys,pholis,-2.8124792790000277,40.134763706879696,-3649.0699176841617,8221.372203174908,5841.226629477732,478.6623617440597,1934.1702622999533,f_3,-3.010466139848668,-2.9920590892970225,-2.956552606835037
Lipophrys pholis,Teleostei,Perciformes,Blenniidae,Lipophrys,pholis,-2.809668302000008,40.134763706879696,-3649.0699176841617,8221.372203174908,5841.226629477732,478.6623617440597,1934.1702622999533,f_3,-2.714692788598872,-2.9898310867448377,-2.9543246042828524
Lipophrys pholis,Teleostei,Perciformes,Blenniidae,Lipophrys,pholis,-2.809668302000008,40.134763706879696,-3649.0699176841617,8221.372203174908,5841.226629477732,478.6623617440597,1934.1702622999533,f_3,-2.569535243786832,-2.9898310867448377,-2.9543246042828524
Lipophrys pholis,Teleostei,Perciformes,Blenniidae,Lipophrys,pholis,-2.809668302000008,40.134763706879696,-3649.0699176841617,8221.372203174908,5841.226629477732,478.6623617440597,1934.1702622999533,f_3,-2.3766099888207495,-2.9898310867448377,-2.9543246042828524
Lipophrys pholis,Teleostei,Perciformes,Blenniidae,Lipophrys,pholis,-2.8068754020000175,40.134763706879696,-3649.0699176841617,8221.372203174908,5841.226629477732,478.6623617440597,1934.1702622999533,f_3,-2.640708516528801,-2.987617412165526,-2.9521109297035406
Lipophrys pholis,Teleostei,Perciformes,Blenniidae,Lipophrys,pholis,-2.787812396000016,40.134763706879696,-3649.0699176841617,8221.372203174908,5841.226629477732,478.6623617440597,1934.1702622999533,f_3,-2.8862329996293448,-2.972507923180019,-2.9527368881248024
Lipophrys pholis,Teleostei,Perciformes,Blenniidae,Lipophrys,pholis,-2.787812396000016,40.134763706879696,-3649.0699176841617,8221.372203174908,5841.226629477732,478.6623617440597,1934.1702622999533,f_3,-2.8159698181102293,-2.972507923180019,-2.9527368881248024
Lipophrys pholis,Teleostei,Perciformes,Blenniidae,Lipophrys,pholis,-2.787812396000016,40.134763706879696,-3649.0699176841617,8221.372203174908,5841.226629477732,478.6623617440597,1934.1702622999533,f_3,-2.791446680251154,-2.972507923180019,-2.9527368881248024
Lipophrys pholis,Teleostei,Perciformes,Blenniidae,Lipophrys,pholis,-2.7619538970000117,40.134763706879696,-3649.0699176841617,8221.372203174908,5841.226629477732,478.6623617440597,1934.1702622999533,f_3,-2.864632324047069,-2.9520122728181466,-2.9458956933054945
Lipophrys pholis,Teleostei,Perciformes,Blenniidae,Lipophrys,pholis,-2.7619538970000117,40.134763706879696,-3649.0699176841617,8221.372203174908,5841.226629477732,478.6623617440597,1934.1702622999533,f_3,-2.690685733457963,-2.9520122728181466,-2.9458956933054945
Lipophrys pholis,Teleostei,Perciformes,Blenniidae,Lipophrys,pholis,-2.6161846340000077,40.134763706879696,-3649.0699176841617,8221.372203174908,5841.226629477732,478.6623617440597,1934.1702622999533,f_3,-2.5699930659795873,-2.8378145057313744,-2.8429553338864566
Lipophrys pholis,Teleostei,Perciformes,Blenniidae,Lipophrys,pholis,-2.5670307090000013,40.134763706879696,-3649.0699176841617,8221.372203174908,5841.226629477732,478.6623617440597,1934.1702622999533,f_3,-2.595188131639779,-2.798854716893142,-2.7924688263125295
Lipophrys pholis,Teleostei,Perciformes,Blenniidae,Lipophrys,pholis,-2.546681660000001,40.134763706879696,-3649.0699176841617,8221.372203174908,5841.226629477732,478.6623617440597,1934.1702622999533,f_3,-2.6244176651264164,-2.7994648434218465,-2.7972321527463184
Lipophrys pholis,Teleostei,Perciformes,Blenniidae,Lipophrys,pholis,-2.546681660000001,40.134763706879696,-3649.0699176841617,8221.372203174908,5841.226629477732,478.6623617440597,1934.1702622999533,f_3,-2.589500204016002,-2.7994648434218465,-2.7972321527463184
Lipophrys pholis,Teleostei,Perciformes,Blenniidae,Lipophrys,pholis,-2.518557371000005,40.134763706879696,-3649.0699176841617,8221.372203174908,5841.226629477732,478.6623617440597,1934.1702622999533,f_3,-2.594278085435813,-2.7771733100261895,-2.7922145818483726
Lipophrys pholis,Teleostei,Perciformes,Blenniidae,Lipophrys,pholis,-2.518557371000005,40.134763706879696,-3649.0699176841617,8221.372203174908,5841.226629477732,478.6623617440597,1934.1702622999533,f_3,-2.5707969895862903,-2.7771733100261895,-2.7922145818483726
Lipophrys pholis,Teleostei,Perciformes,Blenniidae,Lipophrys,pholis,-2.5142785740000044,40.134763706879696,-3649.0699176841617,8221.372203174908,5841.226629477732,478.6623617440597,1934.1702622999533,f_3,-2.6691805335041634,-2.7737819017591656,-2.7888231735813487
Lipophrys pholis,Teleostei,Perciformes,Blenniidae,Lipophrys,pholis,-2.511449283000004,40.134763706879696,-3649.0699176841617,8221.372203174908,5841.226629477732,478.6623617440597,1934.1702622999533,f_3,-2.4683054085415788,-2.7715393833860773,-2.7865806552082604
Lipophrys pholis,Teleostei,Perciformes,Blenniidae,Lipophrys,pholis,-2.4762535330000115,40.134763706879696,-3649.0699176841617,8221.372203174908,5841.226629477732,478.6623617440597,1934.1702622999533,f_3,-2.363983764771165,-2.7436429541995424,-2.7084973609900063
Lipophrys pholis,Teleostei,Perciformes,Blenniidae,Lipophrys,pholis,-2.4067139330000056,40.134763706879696,-3649.0699176841617,8221.372203174908,5841.226629477732,478.6623617440597,1934.1702622999533,f_3,-2.503021177699446,-2.6875126107708343,-2.7080949637909915
Lipophrys pholis,Teleostei,Perciformes,Blenniidae,Lipophrys,pholis,-2.3716110700000055,40.134763706879696,-3649.0699176841617,8221.372203174908,5841.226629477732,478.6623617440597,1934.1702622999533,f_3,-2.3284671949917084,-2.660030592529595,-2.6905712143420577
Lipophrys pholis,Teleostei,Perciformes,Blenniidae,Lipophrys,pholis,-2.3477536590000043,40.134763706879696,-3649.0699176841617,8221.372203174908,5841.226629477732,478.6623617440597,1934.1702622999533,f_3,-2.377716882374127,-2.6412452521227987,-2.6574112593389354
Lipophrys pholis,Teleostei,Perciformes,Blenniidae,Lipophrys,pholis,-2.3400838000000075,40.134763706879696,-3649.0699176841617,8221.372203174908,5841.226629477732,478.6623617440597,1934.1702622999533,f_3,-2.5949222275541506,-2.6351660613550454,-2.651332068571182
Lipophrys pholis,Teleostei,Perciformes,Blenniidae,Lipophrys,pholis,-2.3233063900000035,40.134763706879696,-3649.0699176841617,8221.372203174908,5841.226629477732,478.6623617440597,1934.1702622999533,f_3,-2.3774549982710647,-2.621868153795221,-2.638034161011358
Lipophrys pholis,Teleostei,Perciformes,Blenniidae,Lipophrys,pholis,-2.3233063900000035,40.134763706879696,-3649.0699176841617,8221.372203174908,5841.226629477732,478.6623617440597,1934.1702622999533,f_3,-2.3286471388442487,-2.621868153795221,-2.638034161011358
Lipophrys pholis,Teleostei,Perciformes,Blenniidae,Lipophrys,pholis,-2.290730039000003,40.134763706879696,-3649.0699176841617,8221.372203174908,5841.226629477732,478.6623617440597,1934.1702622999533,f_3,-2.4967845214573043,-2.5951634857901706,-2.6005977177360644
Lipophrys pholis,Teleostei,Perciformes,Blenniidae,Lipophrys,pholis,-2.2865094570000064,39.99643951695421,-3649.0699176841617,8221.372203174908,5841.226629477732,478.6623617440597,1934.1702622999533,f_3,-2.352421917256629,-2.558301209298809,-2.5282036694762104
Lipophrys pholis,Teleostei,Perciformes,Blenniidae,Lipophrys,pholis,-2.274905479,40.134763706879696,-3649.0699176841617,8221.372203174908,5841.226629477732,478.6623617440597,1934.1702622999533,f_3,-2.2094087556831505,-2.582620814659473,-2.588055046605367
Lipophrys pholis,Teleostei,Perciformes,Blenniidae,Lipophrys,pholis,-2.250263684000006,40.134763706879696,-3649.0699176841617,8221.372203174908,5841.226629477732,478.6623617440597,1934.1702622999533,f_3,-2.4003667615349147,-2.5630895334892583,-2.60530896567338
Lipophrys pholis,Teleostei,Perciformes,Blenniidae,Lipophrys,pholis,-2.2410881080000036,40.134763706879696,-3649.0699176841617,8221.372203174908,5841.226629477732,478.6623617440597,1934.1702622999533,f_3,-2.547458851735122,-2.5558168995453934,-2.598036331729515
Lipophrys pholis,Teleostei,Perciformes,Blenniidae,Lipophrys,pholis,-2.2328441340000014,40.134763706879696,-3649.0699176841617,8221.372203174908,5841.226629477732,478.6623617440597,1934.1702622999533,f_3,-2.2610015564320003,-2.5492826606981818,-2.5915020928823034
Lipophrys pholis,Teleostei,Perciformes,Blenniidae,Lipophrys,pholis,-2.2254830340000056,40.134763706879696,-3649.0699176841617,8221.372203174908,5841.226629477732,478.6623617440597,1934.1702622999533,f_3,-2.495778412959272,-2.5434481947503067,-2.555136891084094
Lipophrys pholis,Teleostei,Perciformes,Blenniidae,Lipophrys,pholis,-2.2254830340000056,40.134763706879696,-3649.0699176841617,8221.372203174908,5841.226629477732,478.6623617440597,1934.1702622999533,f_3,-2.255446257648896,-2.5434481947503067,-2.555136891084094
Lipophrys pholis,Teleostei,Perciformes,Blenniidae,Lipophrys,pholis,-2.2160964210000063,40.134763706879696,-3649.0699176841617,8221.372203174908,5841.226629477732,478.6623617440597,1934.1702622999533,f_3,-2.5693660344798523,-2.542745887374707,-2.547696987548697
Lipophrys pholis,Teleostei,Perciformes,Blenniidae,Lipophrys,pholis,-2.2013493550000036,40.134763706879696,-3649.0699176841617,8221.372203174908,5841.226629477732,478.6623617440597,1934.1702622999533,f_3,-2.4020088051011603,-2.5277042039712585,-2.5360083466651155
Lipophrys pholis,Teleostei,Perciformes,Blenniidae,Lipophrys,pholis,-2.2013493550000036,40.134763706879696,-3649.0699176841617,8221.372203174908,5841.226629477732,478.6623617440597,1934.1702622999533,f_3,-2.353845244774597,-2.5277042039712585,-2.5360083466651155
Lipophrys pholis,Teleostei,Perciformes,Blenniidae,Lipophrys,pholis,-2.2013493550000036,40.134763706879696,-3649.0699176841617,8221.372203174908,5841.226629477732,478.6623617440597,1934.1702622999533,f_3,-2.328222590940234,-2.5277042039712585,-2.5360083466651155
Lipophrys pholis,Teleostei,Perciformes,Blenniidae,Lipophrys,pholis,-2.2013493550000036,40.134763706879696,-3649.0699176841617,8221.372203174908,5841.226629477732,478.6623617440597,1934.1702622999533,f_3,-2.281110046294596,-2.5277042039712585,-2.5360083466651155
Lipophrys pholis,Teleostei,Perciformes,Blenniidae,Lipophrys,pholis,-2.2013493550000036,40.134763706879696,-3649.0699176841617,8221.372203174908,5841.226629477732,478.6623617440597,1934.1702622999533,f_3,-2.233125918695647,-2.5277042039712585,-2.5360083466651155
Lipophrys pholis,Teleostei,Perciformes,Blenniidae,Lipophrys,pholis,-2.1811145850000004,40.134763706879696,-3649.0699176841617,8221.372203174908,5841.226629477732,478.6623617440597,1934.1702622999533,f_3,-2.260875277145852,-2.4954380958920286,-2.4957133871476347
Lipophrys pholis,Teleostei,Perciformes,Blenniidae,Lipophrys,pholis,-2.177178355,40.134763706879696,-3649.0699176841617,8221.372203174908,5841.226629477732,478.6623617440597,1934.1702622999533,f_3,-2.0876657371675416,-2.492318208932468,-2.471690032056055
Lipophrys pholis,Teleostei,Perciformes,Blenniidae,Lipophrys,pholis,-2.1636758840000048,40.134763706879696,-3649.0699176841617,8221.372203174908,5841.226629477732,478.6623617440597,1934.1702622999533,f_3,-2.1572098420440167,-2.4816160438672346,-2.4609878669908216
Lipophrys pholis,Teleostei,Perciformes,Blenniidae,Lipophrys,pholis,-2.1414628020000004,40.134763706879696,-3649.0699176841617,8221.372203174908,5841.226629477732,478.6623617440597,1934.1702622999533,f_3,-2.4478335465634626,-2.4640097797862603,-2.4353067679670297
Lipophrys pholis,Teleostei,Perciformes,Blenniidae,Lipophrys,pholis,-2.1414628020000004,40.134763706879696,-3649.0699176841617,8221.372203174908,5841.226629477732,478.6623617440597,1934.1702622999533,f_3,-2.375546008463736,-2.4640097797862603,-2.4353067679670297
Lipophrys pholis,Teleostei,Perciformes,Blenniidae,Lipophrys,pholis,-2.1284270640000034,40.134763706879696,-3649.0699176841617,8221.372203174908,5841.226629477732,478.6623617440597,1934.1702622999533,f_3,-2.365415261130903,-2.453677550979907,-2.4369516380428746
Lipophrys pholis,Teleostei,Perciformes,Blenniidae,Lipophrys,pholis,-2.116906641000003,40.134763706879696,-3649.0699176841617,8221.372203174908,5841.226629477732,478.6623617440597,1934.1702622999533,f_3,-2.423277385557404,-2.4479009558516847,-2.403025203308085
Lipophrys pholis,Teleostei,Perciformes,Blenniidae,Lipophrys,pholis,-2.116906641000003,40.134763706879696,-3649.0699176841617,8221.372203174908,5841.226629477732,478.6623617440597,1934.1702622999533,f_3,-2.3509898474576847,-2.4479009558516847,-2.403025203308085
Lipophrys pholis,Teleostei,Perciformes,Blenniidae,Lipophrys,pholis,-2.1040252680000036,40.134763706879696,-3649.0699176841617,8221.372203174908,5841.226629477732,478.6623617440597,1934.1702622999533,f_3,-2.160091293582587,-2.4376910779624534,-2.411779049793625
Lipophrys pholis,Teleostei,Perciformes,Blenniidae,Lipophrys,pholis,-2.096910013,38.40796599650592,-3649.0699176841617,8221.372203174908,5841.226629477732,478.6623617440597,1934.1702622999533,f_3,-2.3309932190414306,-2.1277715045217547,-2.0552747308618535
Lipophrys pholis,Teleostei,Perciformes,Blenniidae,Lipophrys,pholis,-2.079876674000003,40.134763706879696,-3649.0699176841617,8221.372203174908,5841.226629477732,478.6623617440597,1934.1702622999533,f_3,-2.2570550284061714,-2.4185507117967786,-2.4142263460267652
Lipophrys pholis,Teleostei,Perciformes,Blenniidae,Lipophrys,pholis,-2.070581074000003,39.79073178756819,-3649.0699176841617,8221.372203174908,5841.226629477732,478.6623617440597,1934.1702622999533,f_3,-1.9368177639066402,-2.3398741920190047,-2.3119157892261213
Lipophrys pholis,Teleostei,Perciformes,Blenniidae,Lipophrys,pholis,-2.031050319000003,40.134763706879696,-3649.0699176841617,8221.372203174908,5841.226629477732,478.6623617440597,1934.1702622999533,f_3,-2.20822867371556,-2.37985055752547,-2.3759473432742784
Lipophrys pholis,Teleostei,Perciformes,Blenniidae,Lipophrys,pholis,-2.017728767000002,40.134763706879696,-3649.0699176841617,8221.372203174908,5841.226629477732,478.6623617440597,1934.1702622999533,f_3,-2.300798433684679,-2.369291790287299,-2.3653885760361075
Lipophrys pholis,Teleostei,Perciformes,Blenniidae,Lipophrys,pholis,-1.916497380000003,39.99643951695421,-3649.0699176841617,8221.372203174908,5841.226629477732,478.6623617440597,1934.1702622999533,f_3,-2.027949037680775,-2.2574197253373116,-2.2319214525272315
Lipophrys pholis,Teleostei,Perciformes,Blenniidae,Lipophrys,pholis,-1.9100948890000022,40.134763706879696,-3649.0699176841617,8221.372203174908,5841.226629477732,478.6623617440597,1934.1702622999533,f_3,-2.1134434776178055,-2.2839803292245353,-2.277760990236081
Lipophrys pholis,Teleostei,Perciformes,Blenniidae,Lipophrys,pholis,-1.8860566480000023,40.134763706879696,-3649.0699176841617,8221.372203174908,5841.226629477732,478.6623617440597,1934.1702622999533,f_3,-2.1378686206869686,-2.2649274297174786,-2.2726296644871495
Lipophrys pholis,Teleostei,Perciformes,Blenniidae,Lipophrys,pholis,-1.8860566480000023,40.134763706879696,-3649.0699176841617,8221.372203174908,5841.226629477732,478.6623617440597,1934.1702622999533,f_3,-2.0894052367503653,-2.2649274297174786,-2.2726296644871495
Lipophrys pholis,Teleostei,Perciformes,Blenniidae,Lipophrys,pholis,-1.8696662320000028,39.79073178756819,-3649.0699176841617,8221.372203174908,5841.226629477732,478.6623617440597,1934.1702622999533,f_3,-1.7536316879659606,-2.1788079046445814,-2.1576749215842974
Lipophrys pholis,Teleostei,Perciformes,Blenniidae,Lipophrys,pholis,-1.8446639630000008,40.134763706879696,-3649.0699176841617,8221.372203174908,5841.226629477732,478.6623617440597,1934.1702622999533,f_3,-2.277114822335144,-2.22663090324939,-2.2325639447635637
Lipophrys pholis,Teleostei,Perciformes,Blenniidae,Lipophrys,pholis,-1.7825160560000008,39.79073178756819,-3649.0699176841617,8221.372203174908,5841.226629477732,478.6623617440597,1934.1702622999533,f_3,-1.7259531693881556,-2.109731987427911,-2.093026102105416
Lipophrys pholis,Teleostei,Perciformes,Blenniidae,Lipophrys,pholis,-1.779891912000002,40.134763706879696,-3649.0699176841617,8221.372203174908,5841.226629477732,478.6623617440597,1934.1702622999533,f_3,-1.949517128766397,-2.1752920644978793,-2.1963883786313003
Lipophrys pholis,Teleostei,Perciformes,Blenniidae,Lipophrys,pholis,-1.728158393000002,40.134763706879696,-3649.0699176841617,8221.372203174908,5841.226629477732,478.6623617440597,1934.1702622999533,f_3,-2.0016122913961456,-2.1342876690991712,-2.171079391219233
Lipophrys pholis,Teleostei,Perciformes,Blenniidae,Lipophrys,pholis,-1.728158393000002,40.134763706879696,-3649.0699176841617,8221.372203174908,5841.226629477732,478.6623617440597,1934.1702622999533,f_3,-1.950812137716088,-2.1342876690991712,-2.171079391219233
Lipophrys pholis,Teleostei,Perciformes,Blenniidae,Lipophrys,pholis,-1.6989700040000009,39.99643951695421,-3649.0699176841617,8221.372203174908,5841.226629477732,478.6623617440597,1934.1702622999533,f_3,-1.9419574035168334,-2.0813044713061397,-2.056413877880822
Lipophrys pholis,Teleostei,Perciformes,Blenniidae,Lipophrys,pholis,-1.6946486310000008,40.134763706879696,-3649.0699176841617,8221.372203174908,5841.226629477732,478.6623617440597,1934.1702622999533,f_3,-2.1505805862031004,-2.107727567305891,-2.136445735982998
Lipophrys pholis,Teleostei,Perciformes,Blenniidae,Lipophrys,pholis,-1.6903698330000014,40.134763706879696,-3649.0699176841617,8221.372203174908,5841.226629477732,478.6623617440597,1934.1702622999533,f_3,-1.9670053892929342,-2.1043361582462596,-2.1330543269233666
Lipophrys pholis,Teleostei,Perciformes,Blenniidae,Lipophrys,pholis,-1.6655462490000006,40.134763706879696,-3649.0699176841617,8221.372203174908,5841.226629477732,478.6623617440597,1934.1702622999533,f_3,-1.9421818055679045,-2.084660789680107,-2.1149443849452725
Lipophrys pholis,Teleostei,Perciformes,Blenniidae,Lipophrys,pholis,-1.656591406000001,39.99643951695421,-3649.0699176841617,8221.372203174908,5841.226629477732,478.6623617440597,1934.1702622999533,f_3,-1.8520522920002087,-2.0477148601135418,-2.0243896932762824
Lipophrys pholis,Teleostei,Perciformes,Blenniidae,Lipophrys,pholis,-1.6458915610000018,40.134763706879696,-3649.0699176841617,8221.372203174908,5841.226629477732,478.6623617440597,1934.1702622999533,f_3,-2.0560660259416528,-2.0664290993103163,-2.1013357980426717
Lipophrys pholis,Teleostei,Perciformes,Blenniidae,Lipophrys,pholis,-1.6420651530000014,40.134763706879696,-3649.0699176841617,8221.372203174908,5841.226629477732,478.6623617440597,1934.1702622999533,f_3,-1.9694542477721482,-2.0633962581345826,-2.098302956866938
Lipophrys pholis,Teleostei,Perciformes,Blenniidae,Lipophrys,pholis,-1.4503837600000007,39.99643951695421,-3649.0699176841617,8221.372203174908,5841.226629477732,478.6623617440597,1934.1702622999533,f_3,-1.8353826290549453,-1.8801829570712216,-1.8539399814810946
Lipophrys pholis,Teleostei,Perciformes,Blenniidae,Lipophrys,pholis,-1.4202164030000004,39.79073178756819,-3649.0699176841617,8221.372203174908,5841.226629477732,478.6623617440597,1934.1702622999533,f_3,-1.3696232945016207,-1.8089786535524865,-1.7906070678505221
Lota lota,Teleostei,Gadiformes,Gadidae,Lota,lota,-0.6716203969999996,40.79791501439361,-3649.0699176841617,8221.372203174908,5841.226629477732,478.6623617440597,1934.1702622999533,f_3,-1.212693410831194,-1.2606931788996227,-1.2336265647356912
Macrognathus aculeatus,Teleostei,Synbranchiformes,Mastacembelidae,Macrognathus,aculeatus,-2.3010299960000036,39.45254776761606,-2756.047650778884,216.10347744287705,-1994.1446024056083,-588.522102691723,179.2283583714183,f_3,-2.6505066203994208,-2.306998881874284,-2.299725744329019
Macrognathus aculeatus,Teleostei,Synbranchiformes,Mastacembelidae,Macrognathus,aculeatus,-2.3010299960000036,39.45254776761606,-2756.047650778884,216.10347744287705,-1994.1446024056083,-588.522102691723,179.2283583714183,f_3,-2.646876739827416,-2.306998881874284,-2.299725744329019
Macrognathus aculeatus,Teleostei,Synbranchiformes,Mastacembelidae,Macrognathus,aculeatus,-2.3010299960000036,38.28126975373334,-2756.047650778884,216.10347744287705,-1994.1446024056083,-588.522102691723,179.2283583714183,f_3,-2.4609147272864607,-2.1548693314151315,-2.157767721107938
Macrognathus aculeatus,Teleostei,Synbranchiformes,Mastacembelidae,Macrognathus,aculeatus,-2.221848750000005,38.28126975373334,-2756.047650778884,216.10347744287705,-1994.1446024056083,-588.522102691723,179.2283583714183,f_3,-2.404136510091736,-2.0921096510008477,-2.1087468219074146
Macrognathus aculeatus,Teleostei,Synbranchiformes,Mastacembelidae,Macrognathus,aculeatus,-1.9586073150000003,39.45254776761606,-2756.047650778884,216.10347744287705,-1994.1446024056083,-588.522102691723,179.2283583714183,f_3,-2.419391773285914,-2.050457066874679,-2.0605118117026677
Macrognathus aculeatus,Teleostei,Synbranchiformes,Mastacembelidae,Macrognathus,aculeatus,-1.8900841370000019,38.28126975373334,-2756.047650778884,216.10347744287705,-1994.1446024056083,-588.522102691723,179.2283583714183,f_3,-2.1764069610981718,-1.8778701254883936,-1.8646821522827457
Macrognathus aculeatus,Teleostei,Synbranchiformes,Mastacembelidae,Macrognathus,aculeatus,-1.795880017,39.45254776761606,-2756.047650778884,216.10347744287705,-1994.1446024056083,-588.522102691723,179.2283583714183,f_3,-2.287106658693537,-1.933461204011372,-1.9298542404853118
Macrognathus aculeatus,Teleostei,Synbranchiformes,Mastacembelidae,Macrognathus,aculeatus,-1.795880017,38.28126975373334,-2756.047650778884,216.10347744287705,-1994.1446024056083,-588.522102691723,179.2283583714183,f_3,-2.0989747815860342,-1.8007189275719095,-1.7934337271824439
Macrognathus aculeatus,Teleostei,Synbranchiformes,Mastacembelidae,Macrognathus,aculeatus,-1.6289321380000008,39.45254776761606,-2756.047650778884,216.10347744287705,-1994.1446024056083,-588.522102691723,179.2283583714183,f_3,-2.0946239306671455,-1.793365909230198,-1.7671988360454987
Macrognathus aculeatus,Teleostei,Synbranchiformes,Mastacembelidae,Macrognathus,aculeatus,-1.6197887580000008,39.45254776761606,-2756.047650778884,216.10347744287705,-1994.1446024056083,-588.522102691723,179.2283583714183,f_3,-2.1608617724008363,-1.7861187940899996,-1.7597167593955958
Macrognathus aculeatus,Teleostei,Synbranchiformes,Mastacembelidae,Macrognathus,aculeatus,-1.6197887580000008,38.28126975373334,-2756.047650778884,216.10347744287705,-1994.1446024056083,-588.522102691723,179.2283583714183,f_3,-1.9731886409179473,-1.6549019181762568,-1.6294368432573583
Macrognathus aculeatus,Teleostei,Synbranchiformes,Mastacembelidae,Macrognathus,aculeatus,-1.5821962770000015,38.28126975373334,-2756.047650778884,216.10347744287705,-1994.1446024056083,-588.522102691723,179.2283583714183,f_3,-1.9392922989657488,-1.627976915478748,-1.6012437236814123
Macrognathus aculeatus,Teleostei,Synbranchiformes,Mastacembelidae,Macrognathus,aculeatus,-1.5670307090000015,39.38559961257174,-2756.047650778884,216.10347744287705,-1994.1446024056083,-588.522102691723,179.2283583714183,f_3,-2.047916517326319,-1.734364847039807,-1.7291285883070535
Macrognathus aculeatus,Teleostei,Synbranchiformes,Mastacembelidae,Macrognathus,aculeatus,-1.5654310960000004,39.25238263434555,-2756.047650778884,216.10347744287705,-1994.1446024056083,-588.522102691723,179.2283583714183,f_3,-2.026345823334292,-1.7161472469909596,-1.71259823560518
Macrognathus aculeatus,Teleostei,Synbranchiformes,Mastacembelidae,Macrognathus,aculeatus,-1.5543957970000002,38.21823456559942,-2756.047650778884,216.10347744287705,-1994.1446024056083,-588.522102691723,179.2283583714183,f_3,-1.8783407000143222,-1.6049508121640783,-1.582158821543476
Macrognathus aculeatus,Teleostei,Synbranchiformes,Mastacembelidae,Macrognathus,aculeatus,-1.5512936799999997,39.47939080062685,-2756.047650778884,216.10347744287705,-1994.1446024056083,-588.522102691723,179.2283583714183,f_3,-2.042520321584077,-1.7359395081145332,-1.7276709003317348
Macrognathus aculeatus,Teleostei,Synbranchiformes,Mastacembelidae,Macrognathus,aculeatus,-1.5482135640000008,38.13033325396505,-2756.047650778884,216.10347744287705,-1994.1446024056083,-588.522102691723,179.2283583714183,f_3,-1.8513083287465768,-1.5955262313640475,-1.5774555153288268
Macrognathus aculeatus,Teleostei,Synbranchiformes,Mastacembelidae,Macrognathus,aculeatus,-1.543633967,38.47162912595479,-2756.047650778884,216.10347744287705,-1994.1446024056083,-588.522102691723,179.2283583714183,f_3,-1.9496173269669554,-1.6259239689798137,-1.6049698777644816
Macrognathus aculeatus,Teleostei,Synbranchiformes,Mastacembelidae,Macrognathus,aculeatus,-1.5346171490000011,38.34451321937638,-2756.047650778884,216.10347744287705,-1994.1446024056083,-588.522102691723,179.2283583714183,f_3,-1.9035291973446915,-1.5997378689671058,-1.5688477300338448
Macrognathus aculeatus,Teleostei,Synbranchiformes,Mastacembelidae,Macrognathus,aculeatus,-1.5185573710000007,38.09278491988926,-2756.047650778884,216.10347744287705,-1994.1446024056083,-588.522102691723,179.2283583714183,f_3,-1.801757306983739,-1.5663965452031503,-1.55559329218891
Macrognathus aculeatus,Teleostei,Synbranchiformes,Mastacembelidae,Macrognathus,aculeatus,-1.501689446000001,38.78017351994741,-2756.047650778884,216.10347744287705,-1994.1446024056083,-588.522102691723,179.2283583714183,f_3,-1.9252224459275522,-1.612457083666864,-1.6419072360039255
Macrognathus aculeatus,Teleostei,Synbranchiformes,Mastacembelidae,Macrognathus,aculeatus,-1.497572880000001,38.79313697424123,-2756.047650778884,216.10347744287705,-1994.1446024056083,-588.522102691723,179.2283583714183,f_3,-1.9211058796982285,-1.6111359147563926,-1.6405860670934542
Macrognathus aculeatus,Teleostei,Synbranchiformes,Mastacembelidae,Macrognathus,aculeatus,-1.497572880000001,38.21823456559942,-2756.047650778884,216.10347744287705,-1994.1446024056083,-588.522102691723,179.2283583714183,f_3,-1.843419624737554,-1.5599125197491372,-1.538522598477377
Macrognathus aculeatus,Teleostei,Synbranchiformes,Mastacembelidae,Macrognathus,aculeatus,-1.4894549900000007,38.28126975373334,-2756.047650778884,216.10347744287705,-1994.1446024056083,-588.522102691723,179.2283583714183,f_3,-1.8353017344125622,-1.5459405008608946,-1.537445689799957
Macrognathus aculeatus,Teleostei,Synbranchiformes,Mastacembelidae,Macrognathus,aculeatus,-1.4867824,38.382559701816646,-2756.047650778884,216.10347744287705,-1994.1446024056083,-588.522102691723,179.2283583714183,f_3,-1.8636633782942422,-1.558993296486199,-1.5463415327014007
Macrognathus aculeatus,Teleostei,Synbranchiformes,Mastacembelidae,Macrognathus,aculeatus,-1.4814860600000008,39.45254776761606,-2756.047650778884,216.10347744287705,-1994.1446024056083,-588.522102691723,179.2283583714183,f_3,-2.059281881401308,-1.675018871489598,-1.6578751284876598
Macrognathus aculeatus,Teleostei,Synbranchiformes,Mastacembelidae,Macrognathus,aculeatus,-1.4814860600000008,38.28126975373334,-2756.047650778884,216.10347744287705,-1994.1446024056083,-588.522102691723,179.2283583714183,f_3,-1.8664849288062486,-1.5396242640585107,-1.5275952058301647
Macrognathus aculeatus,Teleostei,Synbranchiformes,Mastacembelidae,Macrognathus,aculeatus,-1.4559319560000004,38.28126975373334,-2756.047650778884,216.10347744287705,-1994.1446024056083,-588.522102691723,179.2283583714183,f_3,-1.832682665251824,-1.5193698795756825,-1.5073408213473365
Macrognathus aculeatus,Teleostei,Synbranchiformes,Mastacembelidae,Macrognathus,aculeatus,-1.4317982760000003,39.45254776761606,-2756.047650778884,216.10347744287705,-1994.1446024056083,-588.522102691723,179.2283583714183,f_3,-2.0094638283158197,-1.6356359417951847,-1.6160848193448327
Macrognathus aculeatus,Teleostei,Synbranchiformes,Mastacembelidae,Macrognathus,aculeatus,-1.3716110700000002,38.28126975373334,-2756.047650778884,216.10347744287705,-1994.1446024056083,-588.522102691723,179.2283583714183,f_3,-1.799514301999171,-1.4551585728129666,-1.391660497964979
Macrognathus aculeatus,Teleostei,Synbranchiformes,Mastacembelidae,Macrognathus,aculeatus,-1.3565473240000003,39.45254776761606,-2756.047650778884,216.10347744287705,-1994.1446024056083,-588.522102691723,179.2283583714183,f_3,-1.98152222240687,-1.577513464559995,-1.5571859974275477
Macrognathus aculeatus,Teleostei,Synbranchiformes,Mastacembelidae,Macrognathus,aculeatus,-1.3565473240000003,38.28126975373334,-2756.047650778884,216.10347744287705,-1994.1446024056083,-588.522102691723,179.2283583714183,f_3,-1.789128452157995,-1.4421188571289079,-1.4269060691821172
Macrognathus aculeatus,Teleostei,Synbranchiformes,Mastacembelidae,Macrognathus,aculeatus,-1.3419886030000001,39.45254776761606,-2756.047650778884,216.10347744287705,-1994.1446024056083,-588.522102691723,179.2283583714183,f_3,-1.9459830944480514,-1.5623192460279924,-1.5529122006061953
Macrognathus aculeatus,Teleostei,Synbranchiformes,Mastacembelidae,Macrognathus,aculeatus,-1.2757241300000002,39.45254776761606,-2756.047650778884,216.10347744287705,-1994.1446024056083,-588.522102691723,179.2283583714183,f_3,-1.9957025154597485,-1.5049005147789551,-1.503387899480439
Macrognathus aculeatus,Teleostei,Synbranchiformes,Mastacembelidae,Macrognathus,aculeatus,-1.271646218,38.28126975373334,-2756.047650778884,216.10347744287705,-1994.1446024056083,-588.522102691723,179.2283583714183,f_3,-1.7373380109176542,-1.3677731887963902,-1.3689537822432736
Macrognathus aculeatus,Teleostei,Synbranchiformes,Mastacembelidae,Macrognathus,aculeatus,-1.236572006,39.45254776761606,-2756.047650778884,216.10347744287705,-1994.1446024056083,-588.522102691723,179.2283583714183,f_3,-1.8834487467441319,-1.4730821670617813,-1.4724302197044943
Macrognathus aculeatus,Teleostei,Synbranchiformes,Mastacembelidae,Macrognathus,aculeatus,-1.236572006,38.28126975373334,-2756.047650778884,216.10347744287705,-1994.1446024056083,-588.522102691723,179.2283583714183,f_3,-1.6974867336994683,-1.3391870263100176,-1.3455337876532103
Macrognathus aculeatus,Teleostei,Synbranchiformes,Mastacembelidae,Macrognathus,aculeatus,-1.167491087,39.45254776761606,-2756.047650778884,216.10347744287705,-1994.1446024056083,-588.522102691723,179.2283583714183,f_3,-1.8374331316190147,-1.4166079215215372,-1.3781899720842903
Macrognathus aculeatus,Teleostei,Synbranchiformes,Mastacembelidae,Macrognathus,aculeatus,-1.167491087,38.28126975373334,-2756.047650778884,216.10347744287705,-1994.1446024056083,-588.522102691723,179.2283583714183,f_3,-1.6483768954770546,-1.2827127807697731,-1.25765567613715
Macrognathus aculeatus,Teleostei,Synbranchiformes,Mastacembelidae,Macrognathus,aculeatus,-1.140261434,39.45254776761606,-2756.047650778884,216.10347744287705,-1994.1446024056083,-588.522102691723,179.2283583714183,f_3,-1.8181724079108206,-1.398204553679161,-1.3546260225299034
Macrognathus aculeatus,Teleostei,Synbranchiformes,Mastacembelidae,Macrognathus,aculeatus,-1.140261434,38.28126975373334,-2756.047650778884,216.10347744287705,-1994.1446024056083,-588.522102691723,179.2283583714183,f_3,-1.6262868816378908,-1.2583982618780771,-1.2340917265827631
Macrognathus aculeatus,Teleostei,Synbranchiformes,Mastacembelidae,Macrognathus,aculeatus,-1.0783135250000002,39.45254776761606,-2756.047650778884,216.10347744287705,-1994.1446024056083,-588.522102691723,179.2283583714183,f_3,-1.7810480823426196,-1.371743670745029,-1.344505304084823
Macrognathus aculeatus,Teleostei,Synbranchiformes,Mastacembelidae,Macrognathus,aculeatus,-1.0783135250000002,38.28126975373334,-2756.047650778884,216.10347744287705,-1994.1446024056083,-588.522102691723,179.2283583714183,f_3,-1.5855282713921404,-1.2211705283674665,-1.2238083573066394
Melamphaes acanthomus,Teleostei,Stephanoberyciformes,Melamphaidae,Melamphaes,acanthomus,-1.7594507520000011,41.72197348856467,-3649.0699176841617,8221.372203174908,5841.226629477732,478.6623617440597,1934.1702622999533,f_3,-2.914482979964813,-2.70291396732118,-2.5418242572099423
Melamphaes acanthomus,Teleostei,Stephanoberyciformes,Melamphaidae,Melamphaes,acanthomus,-1.6439741430000006,40.9852266496354,-3649.0699176841617,8221.372203174908,5841.226629477732,478.6623617440597,1934.1702622999533,f_3,-2.313916187023942,-2.2529451985136246,-2.1597338377748625
Melanostigma pammelas,Teleostei,Perciformes,Zoarcidae,Melanostigma,pammelas,-2.0,42.02414240754758,-2756.047650778884,216.10347744287705,-1994.1446024056083,-588.522102691723,179.2283583714183,f_3,-3.410304735744433,-2.612297289037432,-2.6353687855911887
Melanostigma pammelas,Teleostei,Perciformes,Zoarcidae,Melanostigma,pammelas,-2.0,42.02414240754758,-2756.047650778884,216.10347744287705,-1994.1446024056083,-588.522102691723,179.2283583714183,f_3,-3.2342134766887143,-2.612297289037432,-2.6353687855911887
Melanostigma pammelas,Teleostei,Perciformes,Zoarcidae,Melanostigma,pammelas,-2.0,41.72197348856467,-2756.047650778884,216.10347744287705,-1994.1446024056083,-588.522102691723,179.2283583714183,f_3,-3.1550322299515083,-2.4728824295744856,-2.514367667434222
Melanostigma pammelas,Teleostei,Perciformes,Zoarcidae,Melanostigma,pammelas,-2.0,41.72197348856467,-2756.047650778884,216.10347744287705,-1994.1446024056083,-588.522102691723,179.2283583714183,f_3,-3.0880854398283906,-2.4728824295744856,-2.514367667434222
Melanostigma pammelas,Teleostei,Perciformes,Zoarcidae,Melanostigma,pammelas,-2.0,41.424118957145325,-2756.047650778884,216.10347744287705,-1994.1446024056083,-588.522102691723,179.2283583714183,f_3,-3.048576899187163,-2.416643607904153,-2.4556813289302313
Melanostigma pammelas,Teleostei,Perciformes,Zoarcidae,Melanostigma,pammelas,-2.0,41.424118957145325,-2756.047650778884,216.10347744287705,-1994.1446024056083,-588.522102691723,179.2283583714183,f_3,-2.9953313868188016,-2.416643607904153,-2.4556813289302313
Melanostigma pammelas,Teleostei,Perciformes,Zoarcidae,Melanostigma,pammelas,-2.0,40.9852266496354,-2756.047650778884,216.10347744287705,-1994.1446024056083,-588.522102691723,179.2283583714183,f_3,-2.6943013899613364,-2.3386587146551676,-2.3984454558493185
Melanostigma pammelas,Teleostei,Perciformes,Zoarcidae,Melanostigma,pammelas,-2.0,40.9852266496354,-2756.047650778884,216.10347744287705,-1994.1446024056083,-588.522102691723,179.2283583714183,f_3,-2.662116707186671,-2.3386587146551676,-2.3984454558493185
Myoxocephalus scorpius,Teleostei,Scorpaeniformes,Cottidae,Myoxocephalus,scorpius,-1.9100948890000022,39.79073178756819,-2756.047650778884,216.10347744287705,-1994.1446024056083,-588.522102691723,179.2283583714183,f_3,-1.8826490596821701,-2.060033067227746,-2.058070677173521
Myoxocephalus scorpius,Teleostei,Scorpaeniformes,Cottidae,Myoxocephalus,scorpius,-1.6197887580000008,39.79073178756819,-2756.047650778884,216.10347744287705,-1994.1446024056083,-588.522102691723,179.2283583714183,f_3,-1.6167937281503963,-1.8319609627843165,-1.822904100377063
Myoxocephalus scorpius,Teleostei,Scorpaeniformes,Cottidae,Myoxocephalus,scorpius,-1.5783960730000006,39.79073178756819,-2756.047650778884,216.10347744287705,-1994.1446024056083,-588.522102691723,179.2283583714183,f_3,-1.578767683721892,-1.7992427235595096,-1.7916989091225637
Myoxocephalus scorpius,Teleostei,Scorpaeniformes,Cottidae,Myoxocephalus,scorpius,-0.8181564119999998,39.79073178756819,-2756.047650778884,216.10347744287705,-1994.1446024056083,-588.522102691723,179.2283583714183,f_3,-0.8134877979631912,-1.2079376352980147,-1.1964539971342854
Oryzias latipes,Teleostei,Beloniformes,Adrianichthyidae,Oryzias,latipes,-3.744727495000201,38.92324979320565,-3649.0699176841617,8221.372203174908,5841.226629477732,478.6623617440597,1934.1702622999533,f_3,-3.219524963654838,-3.454154027618909,-3.4513593938318863
Oryzias latipes,Teleostei,Beloniformes,Adrianichthyidae,Oryzias,latipes,-3.677780705000127,38.92324979320565,-3649.0699176841617,8221.372203174908,5841.226629477732,478.6623617440597,1934.1702622999533,f_3,-3.370414934482246,-3.3984029128511235,-3.3600942234015103
Oryzias latipes,Teleostei,Beloniformes,Adrianichthyidae,Oryzias,latipes,-3.677780705000127,38.92324979320565,-3649.0699176841617,8221.372203174908,5841.226629477732,478.6623617440597,1934.1702622999533,f_3,-3.2978002773326183,-3.3984029128511235,-3.3600942234015103
Oryzias latipes,Teleostei,Beloniformes,Adrianichthyidae,Oryzias,latipes,-3.677780705000127,38.92324979320565,-3649.0699176841617,8221.372203174908,5841.226629477732,478.6623617440597,1934.1702622999533,f_3,-3.278525724666185,-3.3984029128511235,-3.3600942234015103
Oryzias latipes,Teleostei,Beloniformes,Adrianichthyidae,Oryzias,latipes,-3.677780705000127,38.92324979320565,-3649.0699176841617,8221.372203174908,5841.226629477732,478.6623617440597,1934.1702622999533,f_3,-3.1993444778549596,-3.3984029128511235,-3.3600942234015103
Oryzias latipes,Teleostei,Beloniformes,Adrianichthyidae,Oryzias,latipes,-3.677780705000127,38.92324979320565,-3649.0699176841617,8221.372203174908,5841.226629477732,478.6623617440597,1934.1702622999533,f_3,-3.1910084342105463,-3.3984029128511235,-3.3600942234015103
Oryzias latipes,Teleostei,Beloniformes,Adrianichthyidae,Oryzias,latipes,-3.677780705000127,38.92324979320565,-3649.0699176841617,8221.372203174908,5841.226629477732,478.6623617440597,1934.1702622999533,f_3,-3.163289443443615,-3.3984029128511235,-3.3600942234015103
Oryzias latipes,Teleostei,Beloniformes,Adrianichthyidae,Oryzias,latipes,-3.657577319000128,38.92324979320565,-3649.0699176841617,8221.372203174908,5841.226629477732,478.6623617440597,1934.1702622999533,f_3,-3.236652358348996,-3.405405908923958,-3.344080860229044
Oryzias latipes,Teleostei,Beloniformes,Adrianichthyidae,Oryzias,latipes,-3.6382721640001567,38.92324979320565,-3649.0699176841617,8221.372203174908,5841.226629477732,478.6623617440597,1934.1702622999533,f_3,-3.305851767111511,-3.3914990622191223,-3.363218736634313
Oryzias latipes,Teleostei,Beloniformes,Adrianichthyidae,Oryzias,latipes,-3.6382721640001567,38.92324979320565,-3649.0699176841617,8221.372203174908,5841.226629477732,478.6623617440597,1934.1702622999533,f_3,-3.157039438764343,-3.3914990622191223,-3.363218736634313
Oryzias latipes,Teleostei,Beloniformes,Adrianichthyidae,Oryzias,latipes,-3.619788758000131,38.92324979320565,-3649.0699176841617,8221.372203174908,5841.226629477732,478.6623617440597,1934.1702622999533,f_3,-3.2719388722964777,-3.3768489687673333,-3.348568643182524
Oryzias latipes,Teleostei,Beloniformes,Adrianichthyidae,Oryzias,latipes,-3.619788758000131,38.92324979320565,-3649.0699176841617,8221.372203174908,5841.226629477732,478.6623617440597,1934.1702622999533,f_3,-3.211208079005625,-3.3768489687673333,-3.348568643182524
Oryzias latipes,Teleostei,Beloniformes,Adrianichthyidae,Oryzias,latipes,-3.619788758000131,38.92324979320565,-3649.0699176841617,8221.372203174908,5841.226629477732,478.6623617440597,1934.1702622999533,f_3,-3.1527221456169596,-3.3768489687673333,-3.348568643182524
Oryzias latipes,Teleostei,Beloniformes,Adrianichthyidae,Oryzias,latipes,-3.619788758000131,38.92324979320565,-3649.0699176841617,8221.372203174908,5841.226629477732,478.6623617440597,1934.1702622999533,f_3,-3.113113445129572,-3.3768489687673333,-3.348568643182524
Oryzias latipes,Teleostei,Beloniformes,Adrianichthyidae,Oryzias,latipes,-3.619788758000131,38.92324979320565,-3649.0699176841617,8221.372203174908,5841.226629477732,478.6623617440597,1934.1702622999533,f_3,-3.085117583526204,-3.3768489687673333,-3.348568643182524
Oryzias latipes,Teleostei,Beloniformes,Adrianichthyidae,Oryzias,latipes,-3.6020599910001567,38.92324979320565,-3649.0699176841617,8221.372203174908,5841.226629477732,478.6623617440597,1934.1702622999533,f_3,-3.280775959974319,-3.366808518282827,-3.3345166825571795
Oryzias latipes,Teleostei,Beloniformes,Adrianichthyidae,Oryzias,latipes,-3.6020599910001567,38.92324979320565,-3649.0699176841617,8221.372203174908,5841.226629477732,478.6623617440597,1934.1702622999533,f_3,-3.2437266228856263,-3.366808518282827,-3.3345166825571795
Oryzias latipes,Teleostei,Beloniformes,Adrianichthyidae,Oryzias,latipes,-3.6020599910001567,38.92324979320565,-3649.0699176841617,8221.372203174908,5841.226629477732,478.6623617440597,1934.1702622999533,f_3,-3.204153750847255,-3.366808518282827,-3.3345166825571795
Oryzias latipes,Teleostei,Beloniformes,Adrianichthyidae,Oryzias,latipes,-3.5850266520001175,38.92324979320565,-3649.0699176841617,8221.372203174908,5841.226629477732,478.6623617440597,1934.1702622999533,f_3,-3.217180134843846,-3.35330775937799,-3.321015923652342
Oryzias latipes,Teleostei,Beloniformes,Adrianichthyidae,Oryzias,latipes,-3.568636236000093,38.92324979320565,-3649.0699176841617,8221.372203174908,5841.226629477732,478.6623617440597,1934.1702622999533,f_3,-3.711769236932915,-3.354393692507292,-3.325408899724906
Oryzias latipes,Teleostei,Beloniformes,Adrianichthyidae,Oryzias,latipes,-3.568636236000093,38.92324979320565,-3649.0699176841617,8221.372203174908,5841.226629477732,478.6623617440597,1934.1702622999533,f_3,-3.4918025966577813,-3.354393692507292,-3.325408899724906
Oryzias latipes,Teleostei,Beloniformes,Adrianichthyidae,Oryzias,latipes,-3.568636236000093,38.92324979320565,-3649.0699176841617,8221.372203174908,5841.226629477732,478.6623617440597,1934.1702622999533,f_3,-3.4617450738436615,-3.354393692507292,-3.325408899724906
Oryzias latipes,Teleostei,Beloniformes,Adrianichthyidae,Oryzias,latipes,-3.568636236000093,38.92324979320565,-3649.0699176841617,8221.372203174908,5841.226629477732,478.6623617440597,1934.1702622999533,f_3,-3.3980159927256115,-3.354393692507292,-3.325408899724906
Oryzias latipes,Teleostei,Beloniformes,Adrianichthyidae,Oryzias,latipes,-3.568636236000093,38.92324979320565,-3649.0699176841617,8221.372203174908,5841.226629477732,478.6623617440597,1934.1702622999533,f_3,-3.3834447473260014,-3.354393692507292,-3.325408899724906
Oryzias latipes,Teleostei,Beloniformes,Adrianichthyidae,Oryzias,latipes,-3.568636236000093,38.92324979320565,-3649.0699176841617,8221.372203174908,5841.226629477732,478.6623617440597,1934.1702622999533,f_3,-3.3577646852550744,-3.354393692507292,-3.325408899724906
Oryzias latipes,Teleostei,Beloniformes,Adrianichthyidae,Oryzias,latipes,-3.568636236000093,38.92324979320565,-3649.0699176841617,8221.372203174908,5841.226629477732,478.6623617440597,1934.1702622999533,f_3,-3.353628517553912,-3.354393692507292,-3.325408899724906
Oryzias latipes,Teleostei,Beloniformes,Adrianichthyidae,Oryzias,latipes,-3.568636236000093,38.92324979320565,-3649.0699176841617,8221.372203174908,5841.226629477732,478.6623617440597,1934.1702622999533,f_3,-3.343457222633688,-3.354393692507292,-3.325408899724906
Oryzias latipes,Teleostei,Beloniformes,Adrianichthyidae,Oryzias,latipes,-3.568636236000093,38.92324979320565,-3649.0699176841617,8221.372203174908,5841.226629477732,478.6623617440597,1934.1702622999533,f_3,-3.336476450357925,-3.354393692507292,-3.325408899724906
Oryzias latipes,Teleostei,Beloniformes,Adrianichthyidae,Oryzias,latipes,-3.568636236000093,38.92324979320565,-3649.0699176841617,8221.372203174908,5841.226629477732,478.6623617440597,1934.1702622999533,f_3,-3.3276629558305157,-3.354393692507292,-3.325408899724906
Oryzias latipes,Teleostei,Beloniformes,Adrianichthyidae,Oryzias,latipes,-3.568636236000093,38.92324979320565,-3649.0699176841617,8221.372203174908,5841.226629477732,478.6623617440597,1934.1702622999533,f_3,-3.3257284541834893,-3.354393692507292,-3.325408899724906
Oryzias latipes,Teleostei,Beloniformes,Adrianichthyidae,Oryzias,latipes,-3.568636236000093,38.92324979320565,-3649.0699176841617,8221.372203174908,5841.226629477732,478.6623617440597,1934.1702622999533,f_3,-3.297699733137181,-3.354393692507292,-3.325408899724906
Oryzias latipes,Teleostei,Beloniformes,Adrianichthyidae,Oryzias,latipes,-3.568636236000093,38.92324979320565,-3649.0699176841617,8221.372203174908,5841.226629477732,478.6623617440597,1934.1702622999533,f_3,-3.275649592014789,-3.354393692507292,-3.325408899724906
Oryzias latipes,Teleostei,Beloniformes,Adrianichthyidae,Oryzias,latipes,-3.568636236000093,38.92324979320565,-3649.0699176841617,8221.372203174908,5841.226629477732,478.6623617440597,1934.1702622999533,f_3,-3.2393686254346705,-3.354393692507292,-3.325408899724906
Oryzias latipes,Teleostei,Beloniformes,Adrianichthyidae,Oryzias,latipes,-3.568636236000093,38.92324979320565,-3649.0699176841617,8221.372203174908,5841.226629477732,478.6623617440597,1934.1702622999533,f_3,-3.2346479863547315,-3.354393692507292,-3.325408899724906
Oryzias latipes,Teleostei,Beloniformes,Adrianichthyidae,Oryzias,latipes,-3.568636236000093,38.92324979320565,-3649.0699176841617,8221.372203174908,5841.226629477732,478.6623617440597,1934.1702622999533,f_3,-3.208825673839459,-3.354393692507292,-3.325408899724906
Oryzias latipes,Teleostei,Beloniformes,Adrianichthyidae,Oryzias,latipes,-3.568636236000093,38.92324979320565,-3649.0699176841617,8221.372203174908,5841.226629477732,478.6623617440597,1934.1702622999533,f_3,-3.198623658181994,-3.354393692507292,-3.325408899724906
Oryzias latipes,Teleostei,Beloniformes,Adrianichthyidae,Oryzias,latipes,-3.568636236000093,38.92324979320565,-3649.0699176841617,8221.372203174908,5841.226629477732,478.6623617440597,1934.1702622999533,f_3,-3.180290325737427,-3.354393692507292,-3.325408899724906
Oryzias latipes,Teleostei,Beloniformes,Adrianichthyidae,Oryzias,latipes,-3.568636236000093,38.92324979320565,-3649.0699176841617,8221.372203174908,5841.226629477732,478.6623617440597,1934.1702622999533,f_3,-3.170729996218242,-3.354393692507292,-3.325408899724906
Oryzias latipes,Teleostei,Beloniformes,Adrianichthyidae,Oryzias,latipes,-3.568636236000093,38.92324979320565,-3649.0699176841617,8221.372203174908,5841.226629477732,478.6623617440597,1934.1702622999533,f_3,-3.1541645064314423,-3.354393692507292,-3.325408899724906
Oryzias latipes,Teleostei,Beloniformes,Adrianichthyidae,Oryzias,latipes,-3.568636236000093,38.92324979320565,-3649.0699176841617,8221.372203174908,5841.226629477732,478.6623617440597,1934.1702622999533,f_3,-3.1451565957439276,-3.354393692507292,-3.325408899724906
Oryzias latipes,Teleostei,Beloniformes,Adrianichthyidae,Oryzias,latipes,-3.568636236000093,38.92324979320565,-3649.0699176841617,8221.372203174908,5841.226629477732,478.6623617440597,1934.1702622999533,f_3,-3.1326038560909817,-3.354393692507292,-3.325408899724906
Oryzias latipes,Teleostei,Beloniformes,Adrianichthyidae,Oryzias,latipes,-3.568636236000093,38.92324979320565,-3649.0699176841617,8221.372203174908,5841.226629477732,478.6623617440597,1934.1702622999533,f_3,-3.094145606214158,-3.354393692507292,-3.325408899724906
Oryzias latipes,Teleostei,Beloniformes,Adrianichthyidae,Oryzias,latipes,-3.568636236000093,38.92324979320565,-3649.0699176841617,8221.372203174908,5841.226629477732,478.6623617440597,1934.1702622999533,f_3,-3.0924502448427393,-3.354393692507292,-3.325408899724906
Oryzias latipes,Teleostei,Beloniformes,Adrianichthyidae,Oryzias,latipes,-3.568636236000093,38.92324979320565,-3649.0699176841617,8221.372203174908,5841.226629477732,478.6623617440597,1934.1702622999533,f_3,-3.0715296093588744,-3.354393692507292,-3.325408899724906
Oryzias latipes,Teleostei,Beloniformes,Adrianichthyidae,Oryzias,latipes,-3.568636236000093,38.92324979320565,-3649.0699176841617,8221.372203174908,5841.226629477732,478.6623617440597,1934.1702622999533,f_3,-3.035941376404133,-3.354393692507292,-3.325408899724906
Oryzias latipes,Teleostei,Beloniformes,Adrianichthyidae,Oryzias,latipes,-3.568636236000093,38.92324979320565,-3649.0699176841617,8221.372203174908,5841.226629477732,478.6623617440597,1934.1702622999533,f_3,-3.0310173503787134,-3.354393692507292,-3.325408899724906
Oryzias latipes,Teleostei,Beloniformes,Adrianichthyidae,Oryzias,latipes,-3.568636236000093,38.92324979320565,-3649.0699176841617,8221.372203174908,5841.226629477732,478.6623617440597,1934.1702622999533,f_3,-3.0227725381728017,-3.354393692507292,-3.325408899724906
Oryzias latipes,Teleostei,Beloniformes,Adrianichthyidae,Oryzias,latipes,-3.568636236000093,38.92324979320565,-3649.0699176841617,8221.372203174908,5841.226629477732,478.6623617440597,1934.1702622999533,f_3,-3.008129359845078,-3.354393692507292,-3.325408899724906
Oryzias latipes,Teleostei,Beloniformes,Adrianichthyidae,Oryzias,latipes,-3.568636236000093,38.92324979320565,-3649.0699176841617,8221.372203174908,5841.226629477732,478.6623617440597,1934.1702622999533,f_3,-2.981991720744238,-3.354393692507292,-3.325408899724906
Oryzias latipes,Teleostei,Beloniformes,Adrianichthyidae,Oryzias,latipes,-3.568636236000093,38.92324979320565,-3649.0699176841617,8221.372203174908,5841.226629477732,478.6623617440597,1934.1702622999533,f_3,-2.9503697160984492,-3.354393692507292,-3.325408899724906
Oryzias latipes,Teleostei,Beloniformes,Adrianichthyidae,Oryzias,latipes,-3.568636236000093,38.92324979320565,-3649.0699176841617,8221.372203174908,5841.226629477732,478.6623617440597,1934.1702622999533,f_3,-2.9301108826492195,-3.354393692507292,-3.325408899724906
Oryzias latipes,Teleostei,Beloniformes,Adrianichthyidae,Oryzias,latipes,-3.552841969000098,38.92324979320565,-3649.0699176841617,8221.372203174908,5841.226629477732,478.6623617440597,1934.1702622999533,f_3,-3.0783513383887198,-3.349786436133143,-3.3128902390650627
Oryzias latipes,Teleostei,Beloniformes,Adrianichthyidae,Oryzias,latipes,-3.552841969000098,38.92324979320565,-3649.0699176841617,8221.372203174908,5841.226629477732,478.6623617440597,1934.1702622999533,f_3,-3.0003040208405607,-3.349786436133143,-3.3128902390650627
Oryzias latipes,Teleostei,Beloniformes,Adrianichthyidae,Oryzias,latipes,-3.5376020020001078,38.92324979320565,-3649.0699176841617,8221.372203174908,5841.226629477732,478.6623617440597,1934.1702622999533,f_3,-3.1661513597512716,-3.337707118027393,-3.300810920959313
Oryzias latipes,Teleostei,Beloniformes,Adrianichthyidae,Oryzias,latipes,-3.5376020020001078,38.92324979320565,-3649.0699176841617,8221.372203174908,5841.226629477732,478.6623617440597,1934.1702622999533,f_3,-3.03515343164483,-3.337707118027393,-3.300810920959313
Oryzias latipes,Teleostei,Beloniformes,Adrianichthyidae,Oryzias,latipes,-3.5228787450000727,38.92324979320565,-3649.0699176841617,8221.372203174908,5841.226629477732,478.6623617440597,1934.1702622999533,f_3,-3.0322704115406083,-3.3260373483450674,-3.2891411512769873
Oryzias latipes,Teleostei,Beloniformes,Adrianichthyidae,Oryzias,latipes,-3.5228787450000727,38.92324979320565,-3649.0699176841617,8221.372203174908,5841.226629477732,478.6623617440597,1934.1702622999533,f_3,-3.0311805880252645,-3.3260373483450674,-3.2891411512769873
Oryzias latipes,Teleostei,Beloniformes,Adrianichthyidae,Oryzias,latipes,-3.3767507100000995,38.92324979320565,-3649.0699176841617,8221.372203174908,5841.226629477732,478.6623617440597,1934.1702622999533,f_3,-2.981554585575866,-3.2102151146792095,-3.2065884719877316
Poecilia latipinna,Teleostei,Cyprinodontiformes,Poeciliidae,Poecilia,latipinna,-2.8538719640000116,38.92324979320565,-3649.0699176841617,8221.372203174908,5841.226629477732,478.6623617440597,1934.1702622999533,f_3,-3.1149575869203225,-2.7790093438347414,-2.7490789719987543
Poecilia latipinna,Teleostei,Cyprinodontiformes,Poeciliidae,Poecilia,latipinna,-2.8538719640000116,38.92324979320565,-3649.0699176841617,8221.372203174908,5841.226629477732,478.6623617440597,1934.1702622999533,f_3,-2.9378408366449213,-2.7790093438347414,-2.7490789719987543
Poecilia latipinna,Teleostei,Cyprinodontiformes,Poeciliidae,Poecilia,latipinna,-2.8538719640000116,38.92324979320565,-3649.0699176841617,8221.372203174908,5841.226629477732,478.6623617440597,1934.1702622999533,f_3,-2.7885055104311225,-2.7790093438347414,-2.7490789719987543
Poecilia latipinna,Teleostei,Cyprinodontiformes,Poeciliidae,Poecilia,latipinna,-2.8538719640000116,38.92324979320565,-3649.0699176841617,8221.372203174908,5841.226629477732,478.6623617440597,1934.1702622999533,f_3,-2.6100001561083492,-2.7790093438347414,-2.7490789719987543
Poecilia latipinna,Teleostei,Cyprinodontiformes,Poeciliidae,Poecilia,latipinna,-2.8538719640000116,38.92324979320565,-3649.0699176841617,8221.372203174908,5841.226629477732,478.6623617440597,1934.1702622999533,f_3,-2.4911220050662655,-2.7790093438347414,-2.7490789719987543
Poecilia latipinna,Teleostei,Cyprinodontiformes,Poeciliidae,Poecilia,latipinna,-2.431798276000004,38.92324979320565,-3649.0699176841617,8221.372203174908,5841.226629477732,478.6623617440597,1934.1702622999533,f_3,-2.9556122845313295,-2.476652682883216,-2.4945711033569484
Poecilia latipinna,Teleostei,Cyprinodontiformes,Poeciliidae,Poecilia,latipinna,-2.431798276000004,38.92324979320565,-3649.0699176841617,8221.372203174908,5841.226629477732,478.6623617440597,1934.1702622999533,f_3,-2.748681324524021,-2.476652682883216,-2.4945711033569484
Poecilia latipinna,Teleostei,Cyprinodontiformes,Poeciliidae,Poecilia,latipinna,-2.431798276000004,38.92324979320565,-3649.0699176841617,8221.372203174908,5841.226629477732,478.6623617440597,1934.1702622999533,f_3,-2.5498469381917372,-2.476652682883216,-2.4945711033569484
Poecilia latipinna,Teleostei,Cyprinodontiformes,Poeciliidae,Poecilia,latipinna,-2.431798276000004,38.92324979320565,-3649.0699176841617,8221.372203174908,5841.226629477732,478.6623617440597,1934.1702622999533,f_3,-2.3235890698985315,-2.476652682883216,-2.4945711033569484
Poecilia latipinna,Teleostei,Cyprinodontiformes,Poeciliidae,Poecilia,latipinna,-2.2518119730000037,38.92324979320565,-3649.0699176841617,8221.372203174908,5841.226629477732,478.6623617440597,1934.1702622999533,f_3,-3.1306377898184947,-2.338764304404076,-2.3443038499242888
Poecilia latipinna,Teleostei,Cyprinodontiformes,Poeciliidae,Poecilia,latipinna,-2.2518119730000037,38.92324979320565,-3649.0699176841617,8221.372203174908,5841.226629477732,478.6623617440597,1934.1702622999533,f_3,-2.6889888534690605,-2.338764304404076,-2.3443038499242888
Poecilia latipinna,Teleostei,Cyprinodontiformes,Poeciliidae,Poecilia,latipinna,-2.2518119730000037,38.92324979320565,-3649.0699176841617,8221.372203174908,5841.226629477732,478.6623617440597,1934.1702622999533,f_3,-2.4526016924388037,-2.338764304404076,-2.3443038499242888
Poecilia latipinna,Teleostei,Cyprinodontiformes,Poeciliidae,Poecilia,latipinna,-2.2518119730000037,38.92324979320565,-3649.0699176841617,8221.372203174908,5841.226629477732,478.6623617440597,1934.1702622999533,f_3,-2.2538767417016494,-2.338764304404076,-2.3443038499242888
Pterophyllum scalare,Teleostei,Perciformes,Cichlidae,Pterophyllum,scalare,-3.6382721640001567,38.92324979320565,-3649.0699176841617,8221.372203174908,5841.226629477732,478.6623617440597,1934.1702622999533,f_3,-3.434735073726539,-3.3914990622191223,-3.363218736634313
Pterophyllum scalare,Teleostei,Perciformes,Cichlidae,Pterophyllum,scalare,-3.3872161430000918,38.92324979320565,-3649.0699176841617,8221.372203174908,5841.226629477732,478.6623617440597,1934.1702622999533,f_3,-3.1423824439426937,-3.21851009945978,-3.2148834567683022
Pterophyllum scalare,Teleostei,Perciformes,Cichlidae,Pterophyllum,scalare,-3.3872161430000918,38.92324979320565,-3649.0699176841617,8221.372203174908,5841.226629477732,478.6623617440597,1934.1702622999533,f_3,-3.103793929342355,-3.21851009945978,-3.2148834567683022
Pterophyllum scalare,Teleostei,Perciformes,Cichlidae,Pterophyllum,scalare,-3.2596373110000623,38.92324979320565,-3649.0699176841617,8221.372203174908,5841.226629477732,478.6623617440597,1934.1702622999533,f_3,-3.224337841791589,-3.1135125041882152,-3.126428188191654
Pterophyllum scalare,Teleostei,Perciformes,Cichlidae,Pterophyllum,scalare,-3.229147988000041,38.92324979320565,-3649.0699176841617,8221.372203174908,5841.226629477732,478.6623617440597,1934.1702622999533,f_3,-3.279617241792691,-3.0924837689877194,-3.0939564190020183
Pterophyllum scalare,Teleostei,Perciformes,Cichlidae,Pterophyllum,scalare,-3.1938200260000302,38.92324979320565,-3649.0699176841617,8221.372203174908,5841.226629477732,478.6623617440597,1934.1702622999533,f_3,-3.3163230310785217,-3.066096283088818,-3.081680087475021
Pterophyllum scalare,Teleostei,Perciformes,Cichlidae,Pterophyllum,scalare,-3.1938200260000302,38.92324979320565,-3649.0699176841617,8221.372203174908,5841.226629477732,478.6623617440597,1934.1702622999533,f_3,-3.2819054673221006,-3.066096283088818,-3.081680087475021
Pterophyllum scalare,Teleostei,Perciformes,Cichlidae,Pterophyllum,scalare,-3.1804560640000163,38.92324979320565,-3649.0699176841617,8221.372203174908,5841.226629477732,478.6623617440597,1934.1702622999533,f_3,-3.2706145135353584,-3.063597653308705,-3.0710877057361743
Pterophyllum scalare,Teleostei,Perciformes,Cichlidae,Pterophyllum,scalare,-3.154901960000013,38.92324979320565,-3649.0699176841617,8221.372203174908,5841.226629477732,478.6623617440597,1934.1702622999533,f_3,-3.247143359642119,-3.043343268825874,-3.0508333212533434
Pterophyllum scalare,Teleostei,Perciformes,Cichlidae,Pterophyllum,scalare,-2.90657831500003,38.92324979320565,-3649.0699176841617,8221.372203174908,5841.226629477732,478.6623617440597,1934.1702622999533,f_3,-2.832583209089012,-2.8207848135534714,-2.7908544417174843
Pterophyllum scalare,Teleostei,Perciformes,Cichlidae,Pterophyllum,scalare,-2.90657831500003,38.92324979320565,-3649.0699176841617,8221.372203174908,5841.226629477732,478.6623617440597,1934.1702622999533,f_3,-2.7957449652210786,-2.8207848135534714,-2.7908544417174843
Pterophyllum scalare,Teleostei,Perciformes,Cichlidae,Pterophyllum,scalare,-2.892790030000014,38.92324979320565,-3649.0699176841617,8221.372203174908,5841.226629477732,478.6623617440597,1934.1702622999533,f_3,-2.780650531388124,-2.809856110056407,-2.77992573822042
Pterophyllum scalare,Teleostei,Perciformes,Cichlidae,Pterophyllum,scalare,-2.841637508000024,38.92324979320565,-3649.0699176841617,8221.372203174908,5841.226629477732,478.6623617440597,1934.1702622999533,f_3,-2.9509122464336617,-2.7693122174646683,-2.7454987089688205
Pterophyllum scalare,Teleostei,Perciformes,Cichlidae,Pterophyllum,scalare,-2.742321425000023,38.92324979320565,-3649.0699176841617,8221.372203174908,5841.226629477732,478.6623617440597,1934.1702622999533,f_3,-2.7797141564952232,-2.696304455311824,-2.6993808961560424
Pterophyllum scalare,Teleostei,Perciformes,Cichlidae,Pterophyllum,scalare,-2.742321425000023,38.92324979320565,-3649.0699176841617,8221.372203174908,5841.226629477732,478.6623617440597,1934.1702622999533,f_3,-2.7616910525391236,-2.696304455311824,-2.6993808961560424
Pterophyllum scalare,Teleostei,Perciformes,Cichlidae,Pterophyllum,scalare,-2.655607726000016,38.92324979320565,-3649.0699176841617,8221.372203174908,5841.226629477732,478.6623617440597,1934.1702622999533,f_3,-2.769247269606229,-2.6330098386596097,-2.6473177934422445
Pterophyllum scalare,Teleostei,Perciformes,Cichlidae,Pterophyllum,scalare,-2.3565473240000054,38.92324979320565,-3649.0699176841617,8221.372203174908,5841.226629477732,478.6623617440597,1934.1702622999533,f_3,-2.504400967455991,-2.421290335394864,-2.426381765063169
Pterophyllum scalare,Teleostei,Perciformes,Cichlidae,Pterophyllum,scalare,-2.331614083000001,38.92324979320565,-3649.0699176841617,8221.372203174908,5841.226629477732,478.6623617440597,1934.1702622999533,f_3,-2.5038727140555532,-2.401652283640481,-2.4168677700057186
Pterophyllum scalare,Teleostei,Perciformes,Cichlidae,Pterophyllum,scalare,-2.3062730510000087,38.92324979320565,-3649.0699176841617,8221.372203174908,5841.226629477732,478.6623617440597,1934.1702622999533,f_3,-2.537600837328145,-2.3815667817062516,-2.387470130110102
Pterophyllum scalare,Teleostei,Perciformes,Cichlidae,Pterophyllum,scalare,-2.296708622,38.92324979320565,-3649.0699176841617,8221.372203174908,5841.226629477732,478.6623617440597,1934.1702622999533,f_3,-2.5516773182949257,-2.3739859398060665,-2.3798892882099167
Pterophyllum scalare,Teleostei,Perciformes,Cichlidae,Pterophyllum,scalare,-2.256490235000003,38.92324979320565,-3649.0699176841617,8221.372203174908,5841.226629477732,478.6623617440597,1934.1702622999533,f_3,-2.598609107441807,-2.3424723317823553,-2.348011877302568
Pterophyllum scalare,Teleostei,Perciformes,Cichlidae,Pterophyllum,scalare,-2.231361899,38.92324979320565,-3649.0699176841617,8221.372203174908,5841.226629477732,478.6623617440597,1934.1702622999533,f_3,-2.514561834076465,-2.322555414376143,-2.364420802038461
Pterophyllum scalare,Teleostei,Perciformes,Cichlidae,Pterophyllum,scalare,-2.206908400000005,38.92324979320565,-3649.0699176841617,8221.372203174908,5841.226629477732,478.6623617440597,1934.1702622999533,f_3,-2.4804925664755344,-2.303173378101408,-2.3145080522651336
Pterophyllum scalare,Teleostei,Perciformes,Cichlidae,Pterophyllum,scalare,-2.1917890270000027,38.92324979320565,-3649.0699176841617,8221.372203174908,5841.226629477732,478.6623617440597,1934.1702622999533,f_3,-2.5727099834937914,-2.286561660107844,-2.2982773677658686
Pterophyllum scalare,Teleostei,Perciformes,Cichlidae,Pterophyllum,scalare,-2.1917890270000027,38.92324979320565,-3649.0699176841617,8221.372203174908,5841.226629477732,478.6623617440597,1934.1702622999533,f_3,-2.552875738090024,-2.286561660107844,-2.2982773677658686
Pterophyllum scalare,Teleostei,Perciformes,Cichlidae,Pterophyllum,scalare,-1.957424488000002,38.92324979320565,-3649.0699176841617,8221.372203174908,5841.226629477732,478.6623617440597,1934.1702622999533,f_3,-2.2995433597934074,-2.1154263519547265,-2.125767440454894
Pterophyllum scalare,Teleostei,Perciformes,Cichlidae,Pterophyllum,scalare,-1.9461535730000028,38.92324979320565,-3649.0699176841617,8221.372203174908,5841.226629477732,478.6623617440597,1934.1702622999533,f_3,-2.2293535085687104,-2.1064929357847344,-2.116834024284902
Pterophyllum scalare,Teleostei,Perciformes,Cichlidae,Pterophyllum,scalare,-1.8951715960000006,38.92324979320565,-3649.0699176841617,8221.372203174908,5841.226629477732,478.6623617440597,1934.1702622999533,f_3,-2.212054645163678,-2.0673915008345025,-2.07326960614355
Pterophyllum scalare,Teleostei,Perciformes,Cichlidae,Pterophyllum,scalare,-1.783042793,38.92324979320565,-3649.0699176841617,8221.372203174908,5841.226629477732,478.6623617440597,1934.1702622999533,f_3,-2.2202196730798294,-1.9768060696901246,-1.9903010975127025
Pterophyllum scalare,Teleostei,Perciformes,Cichlidae,Pterophyllum,scalare,-1.733063089000001,38.92324979320565,-3649.0699176841617,8221.372203174908,5841.226629477732,478.6623617440597,1934.1702622999533,f_3,-2.1843264304403385,-1.9371917619001144,-1.963419831962835
Pterophyllum scalare,Teleostei,Perciformes,Cichlidae,Pterophyllum,scalare,-1.7205612120000018,38.92324979320565,-3649.0699176841617,8221.372203174908,5841.226629477732,478.6623617440597,1934.1702622999533,f_3,-2.2332388543101724,-1.9272826755351606,-1.9466964445839348
Rhadinocentrus ornatus,Teleostei,Atheriniformes,Melanotaeniidae,Rhadinocentrus,ornatus,-3.2018480610000246,38.92324979320565,-3649.0699176841617,8221.372203174908,5841.226629477732,478.6623617440597,1934.1702622999533,f_3,-3.5113957833442773,-3.072459366980606,-3.0723182814327465
Rhadinocentrus ornatus,Teleostei,Atheriniformes,Melanotaeniidae,Rhadinocentrus,ornatus,-3.1880801710000553,38.92324979320565,-3649.0699176841617,8221.372203174908,5841.226629477732,478.6623617440597,1934.1702622999533,f_3,-3.181066377074043,-3.0696405806802542,-3.0771306331077235
Rhadinocentrus ornatus,Teleostei,Atheriniformes,Melanotaeniidae,Rhadinocentrus,ornatus,-3.179503780000041,38.92324979320565,-3649.0699176841617,8221.372203174908,5841.226629477732,478.6623617440597,1934.1702622999533,f_3,-3.1430354994877914,-3.0628428654956656,-3.070332917923135
Rhadinocentrus ornatus,Teleostei,Atheriniformes,Melanotaeniidae,Rhadinocentrus,ornatus,-3.1408166540000515,38.92324979320565,-3649.0699176841617,8221.372203174908,5841.226629477732,478.6623617440597,1934.1702622999533,f_3,-3.2058064780459685,-3.032179144140403,-3.087655048332551
Salvelinus namaycush,Teleostei,Salmoniformes,Salmonidae,Salvelinus,namaycush,-2.236572006000005,40.274047981413375,-2756.047650778884,216.10347744287705,-1994.1446024056083,-588.522102691723,179.2283583714183,f_3,-2.974648613590399,-2.3845938541819107,-2.479635505270871
Salvelinus namaycush,Teleostei,Salmoniformes,Salmonidae,Salvelinus,namaycush,-1.5575202310000011,41.11591470626842,-2756.047650778884,216.10347744287705,-1994.1446024056083,-588.522102691723,179.2283583714183,f_3,-2.462544717704696,-2.016989460819196,-2.057217840002996
Salvelinus namaycush,Teleostei,Salmoniformes,Salmonidae,Salvelinus,namaycush,-1.5575202310000011,41.11591470626842,-2756.047650778884,216.10347744287705,-1994.1446024056083,-588.522102691723,179.2283583714183,f_3,-2.3444454056267032,-2.016989460819196,-2.057217840002996
Salvelinus namaycush,Teleostei,Salmoniformes,Salmonidae,Salvelinus,namaycush,-1.5575202310000011,41.11591470626842,-2756.047650778884,216.10347744287705,-1994.1446024056083,-588.522102691723,179.2283583714183,f_3,-2.3049368643430284,-2.016989460819196,-2.057217840002996
Salvelinus namaycush,Teleostei,Salmoniformes,Salmonidae,Salvelinus,namaycush,-1.5575202310000011,40.69776232103897,-2756.047650778884,216.10347744287705,-1994.1446024056083,-588.522102691723,179.2283583714183,f_3,-2.104371835904146,-1.934777706473273,-1.9853631377941503
Salvelinus namaycush,Teleostei,Salmoniformes,Salmonidae,Salvelinus,namaycush,-1.5575202310000011,40.42838155667745,-2756.047650778884,216.10347744287705,-1994.1446024056083,-588.522102691723,179.2283583714183,f_3,-2.0812039708521195,-1.8786869679864635,-1.9270114060581185
Salvelinus namaycush,Teleostei,Salmoniformes,Salmonidae,Salvelinus,namaycush,-1.5575202310000011,40.42838155667745,-2756.047650778884,216.10347744287705,-1994.1446024056083,-588.522102691723,179.2283583714183,f_3,-2.059209677145951,-1.8786869679864635,-1.9270114060581185
Salvelinus namaycush,Teleostei,Salmoniformes,Salmonidae,Salvelinus,namaycush,-1.5575202310000011,40.69776232103897,-2756.047650778884,216.10347744287705,-1994.1446024056083,-588.522102691723,179.2283583714183,f_3,-2.053880843640885,-1.934777706473273,-1.9853631377941503
Salvelinus namaycush,Teleostei,Salmoniformes,Salmonidae,Salvelinus,namaycush,-1.5575202310000011,40.42838155667745,-2756.047650778884,216.10347744287705,-1994.1446024056083,-588.522102691723,179.2283583714183,f_3,-2.0134521865852757,-1.8786869679864635,-1.9270114060581185
Salvelinus namaycush,Teleostei,Salmoniformes,Salmonidae,Salvelinus,namaycush,-1.5575202310000011,40.42838155667745,-2756.047650778884,216.10347744287705,-1994.1446024056083,-588.522102691723,179.2283583714183,f_3,-1.9184766733544223,-1.8786869679864635,-1.9270114060581185
Salvelinus namaycush,Teleostei,Salmoniformes,Salmonidae,Salvelinus,namaycush,-1.5575202310000011,40.148648766110576,-2756.047650778884,216.10347744287705,-1994.1446024056083,-588.522102691723,179.2283583714183,f_3,-1.888513449976978,-1.8366505725337068,-1.8526635986161577
Salvelinus namaycush,Teleostei,Salmoniformes,Salmonidae,Salvelinus,namaycush,-1.5575202310000011,39.5871292029482,-2756.047650778884,216.10347744287705,-1994.1446024056083,-588.522102691723,179.2283583714183,f_3,-1.877789584585204,-1.7522009660580533,-1.76853597372425
Salvelinus namaycush,Teleostei,Salmoniformes,Salmonidae,Salvelinus,namaycush,-1.5575202310000011,39.30556113749115,-2756.047650778884,216.10347744287705,-1994.1446024056083,-588.522102691723,179.2283583714183,f_3,-1.821566660346363,-1.7148386808799656,-1.7145857206277229
Salvelinus namaycush,Teleostei,Salmoniformes,Salmonidae,Salvelinus,namaycush,-1.5575202310000011,39.30556113749115,-2756.047650778884,216.10347744287705,-1994.1446024056083,-588.522102691723,179.2283583714183,f_3,-1.7945084276123269,-1.7148386808799656,-1.7145857206277229
Salvelinus namaycush,Teleostei,Salmoniformes,Salmonidae,Salvelinus,namaycush,-1.5575202310000011,39.33220445973314,-2756.047650778884,216.10347744287705,-1994.1446024056083,-588.522102691723,179.2283583714183,f_3,-1.7372457746463286,-1.71882929220344,-1.7135930334706866
Salvelinus namaycush,Teleostei,Salmoniformes,Salmonidae,Salvelinus,namaycush,-1.081969663,41.11591470626842,-2756.047650778884,216.10347744287705,-1994.1446024056083,-588.522102691723,179.2283583714183,f_3,-2.130416292286576,-1.648700809210594,-1.6810617448970793
Salvelinus namaycush,Teleostei,Salmoniformes,Salmonidae,Salvelinus,namaycush,-1.081969663,40.92740936640544,-2756.047650778884,216.10347744287705,-1994.1446024056083,-588.522102691723,179.2283583714183,f_3,-1.9869941499842632,-1.5992275917965686,-1.656124395338478
Salvelinus namaycush,Teleostei,Salmoniformes,Salmonidae,Salvelinus,namaycush,-1.081969663,40.40023298814364,-2756.047650778884,216.10347744287705,-1994.1446024056083,-588.522102691723,179.2283583714183,f_3,-1.8389316145288255,-1.518275620677506,-1.5302138904068707
Salvelinus namaycush,Teleostei,Salmoniformes,Salmonidae,Salvelinus,namaycush,-1.081969663,40.92740936640544,-2756.047650778884,216.10347744287705,-1994.1446024056083,-588.522102691723,179.2283583714183,f_3,-1.829386296622595,-1.5992275917965686,-1.656124395338478
Salvelinus namaycush,Teleostei,Salmoniformes,Salmonidae,Salvelinus,namaycush,-1.081969663,40.40023298814364,-2756.047650778884,216.10347744287705,-1994.1446024056083,-588.522102691723,179.2283583714183,f_3,-1.7597503684812006,-1.518275620677506,-1.5302138904068707
Salvelinus namaycush,Teleostei,Salmoniformes,Salmonidae,Salvelinus,namaycush,-1.081969663,40.42838155667745,-2756.047650778884,216.10347744287705,-1994.1446024056083,-588.522102691723,179.2283583714183,f_3,-1.6928035788505875,-1.5224916863509377,-1.5362521273474243
Salvelinus namaycush,Teleostei,Salmoniformes,Salmonidae,Salvelinus,namaycush,-1.081969663,40.176447726654885,-2756.047650778884,216.10347744287705,-1994.1446024056083,-588.522102691723,179.2283583714183,f_3,-1.6348116318729007,-1.4808218076226707,-1.4859393990147494
Salvelinus namaycush,Teleostei,Salmoniformes,Salmonidae,Salvelinus,namaycush,-1.081969663,39.573629755649655,-2756.047650778884,216.10347744287705,-1994.1446024056083,-588.522102691723,179.2283583714183,f_3,-1.5678648422422874,-1.3918662770117425,-1.3913462452026888
Salvelinus namaycush,Teleostei,Salmoniformes,Salmonidae,Salvelinus,namaycush,-1.081969663,39.573629755649655,-2756.047650778884,216.10347744287705,-1994.1446024056083,-588.522102691723,179.2283583714183,f_3,-1.523661179750234,-1.3918662770117425,-1.3913462452026888
Sander vitreus,Teleostei,Perciformes,Percidae,Sander,vitreus,-1.13076828,39.5871292029482,-2756.047650778884,216.10347744287705,-1994.1446024056083,-588.522102691723,179.2283583714183,f_3,-1.5633494088530162,-1.4109758582840437,-1.4005032518942286
Sander vitreus,Teleostei,Perciformes,Percidae,Sander,vitreus,-0.7695510790000002,39.5871292029482,-2756.047650778884,216.10347744287705,-1994.1446024056083,-588.522102691723,179.2283583714183,f_3,-1.3347577725265265,-1.1355048058993622,-1.1513946021774912
Sander vitreus,Teleostei,Perciformes,Percidae,Sander,vitreus,-0.7695510790000002,39.5871292029482,-2756.047650778884,216.10347744287705,-1994.1446024056083,-588.522102691723,179.2283583714183,f_3,-1.3285974638062825,-1.1355048058993622,-1.1513946021774912
Sander vitreus,Teleostei,Perciformes,Percidae,Sander,vitreus,-0.7695510790000002,39.18611151728605,-2756.047650778884,216.10347744287705,-1994.1446024056083,-588.522102691723,179.2283583714183,f_3,-1.2353731404569896,-1.0743969160264988,-1.095744768714841
Sander vitreus,Teleostei,Perciformes,Percidae,Sander,vitreus,-0.7423214249999998,39.5871292029482,-2756.047650778884,216.10347744287705,-1994.1446024056083,-588.522102691723,179.2283583714183,f_3,-1.2893032989125905,-1.1240325639442774,-1.135689162890972
Sander vitreus,Teleostei,Perciformes,Percidae,Sander,vitreus,-0.7423214249999998,39.18611151728605,-2756.047650778884,216.10347744287705,-1994.1446024056083,-588.522102691723,179.2283583714183,f_3,-1.184143210477091,-1.062924674071414,-1.0800393312909669
Sander vitreus,Teleostei,Perciformes,Percidae,Sander,vitreus,-0.5361070109999997,39.5871292029482,-2756.047650778884,216.10347744287705,-1994.1446024056083,-588.522102691723,179.2283583714183,f_3,-1.1334983883077607,-0.9346681460928337,-0.953917429659232
Sander vitreus,Teleostei,Perciformes,Percidae,Sander,vitreus,-0.4388986159999998,39.5871292029482,-2756.047650778884,216.10347744287705,-1994.1446024056083,-588.522102691723,179.2283583714183,f_3,-0.9571087475145107,-0.8882410931840237,-1.0056488248049344
Sander vitreus,Teleostei,Perciformes,Percidae,Sander,vitreus,-0.30715308099999994,39.5871292029482,-2756.047650778884,216.10347744287705,-1994.1446024056083,-588.522102691723,179.2283583714183,f_3,-0.8979138790614302,-0.7489275776702475,-0.8085347520425464
Sander vitreus,Teleostei,Perciformes,Percidae,Sander,vitreus,-0.26841123499999964,39.5871292029482,-2756.047650778884,216.10347744287705,-1994.1446024056083,-588.522102691723,179.2283583714183,f_3,-0.8398668780091683,-0.7142685407125673,-0.7221786207792426
Sander vitreus,Teleostei,Perciformes,Percidae,Sander,vitreus,-0.1713401029999998,39.5871292029482,-2756.047650778884,216.10347744287705,-1994.1446024056083,-588.522102691723,179.2283583714183,f_3,-0.7124131176434796,-0.6409906288103665,-0.6885404695236833
Sarotherodon galilaeus,Teleostei,Perciformes,Cichlidae,Sarotherodon,galilaeus,-0.5482135640000002,38.79313697424123,-3649.0699176841617,8221.372203174908,5841.226629477732,478.6623617440597,1934.1702622999533,f_3,-1.1134202582822876,-0.8761790586150027,-0.8940525795885111
Sarotherodon galilaeus,Teleostei,Perciformes,Cichlidae,Sarotherodon,galilaeus,-0.5482135640000002,38.79313697424123,-3649.0699176841617,8221.372203174908,5841.226629477732,478.6623617440597,1934.1702622999533,f_3,-0.9171256132237592,-0.8761790586150027,-0.8940525795885111
Scopelengys tristis,Teleostei,Myctophiformes,Neoscopelidae,Scopelengys,tristis,-1.302770657,41.72197348856467,-3649.0699176841617,8221.372203174908,5841.226629477732,478.6623617440597,1934.1702622999533,f_3,-2.599132038611052,-2.29851318912671,-2.1504365433079298
Scophthalmus maximus,Teleostei,Pleuronectiformes,Scophthalmidae,Scophthalmus,maximus,-0.4948500219999997,40.274047981413375,-2756.047650778884,216.10347744287705,-1994.1446024056083,-588.522102691723,179.2283583714183,f_3,-0.8482499041962304,-1.0151390632470672,-1.0788034001029145
Tarletonbeania crenularis,Teleostei,Myctophiformes,Myctophidae,Tarletonbeania,crenularis,-2.8538719640000116,40.55553704645907,-3649.0699176841617,8221.372203174908,5841.226629477732,478.6623617440597,1934.1702622999533,f_3,-2.839295062341848,-3.0595631946934585,-2.9272950154053383
Tarletonbeania crenularis,Teleostei,Myctophiformes,Myctophidae,Tarletonbeania,crenularis,-2.482804102000009,41.2767808139579,-3649.0699176841617,8221.372203174908,5841.226629477732,478.6623617440597,1934.1702622999533,f_3,-2.7563882689083483,-2.9081929024343958,-2.8908599031645736
Tautogolabrus adspersus,Teleostei,Perciformes,Labridae,Tautogolabrus,adspersus,-1.3665315440000003,39.45254776761606,-2756.047650778884,216.10347744287705,-1994.1446024056083,-588.522102691723,179.2283583714183,f_3,-1.5413078313910522,-1.5854270361194263,-1.5650995689869789
Tautogolabrus adspersus,Teleostei,Perciformes,Labridae,Tautogolabrus,adspersus,-1.301029996,39.5871292029482,-2756.047650778884,216.10347744287705,-1994.1446024056083,-588.522102691723,179.2283583714183,f_3,-1.559046385189698,-1.5490956239753064,-1.5801189956441575
Triphoturus mexicanus,Teleostei,Myctophiformes,Myctophidae,Triphoturus,mexicanus,-2.9393021600000173,41.72197348856467,-3649.0699176841617,8221.372203174908,5841.226629477732,478.6623617440597,1934.1702622999533,f_3,-3.7933043868885523,-3.428856986429841,-3.3873891016369653
Triphoturus mexicanus,Teleostei,Myctophiformes,Myctophidae,Triphoturus,mexicanus,-2.0315170510000025,40.9852266496354,-3649.0699176841617,8221.372203174908,5841.226629477732,478.6623617440597,1934.1702622999533,f_3,-2.459550552460327,-2.5260007386333765,-2.4429119839674223
Anabas testudineus,Teleostei,Perciformes,Anabantidae,Anabas,testudineus,-1.5587763257573874,38.53550365546825,-2756.047650778884,216.10347744287705,-1994.1446024056083,-588.522102691723,179.2283583714183,f_4,-3.2687417143948694,-1.6940759549380031,-1.7406423477320119
Anarhichas minor,Teleostei,Perciformes,Anarhichadidae,Anarhichas,minor,-1.5606673061697374,42.27674654223775,-2756.047650778884,216.10347744287705,-1994.1446024056083,-588.522102691723,179.2283583714183,f_4,-2.4145392704914994,-2.339648929307296,-2.2848835716897704
Centropristis striata,Teleostei,Perciformes,Serranidae,Centropristis,striata,-1.0757207139381184,38.92324979320565,-2756.047650778884,216.10347744287705,-1994.1446024056083,-588.522102691723,179.2283583714183,f_4,-1.4857711126124107,-1.367194831804123,-1.3582729433502068
Chiasmodon niger,Teleostei,Perciformes,Chiasmodontidae,Chiasmodon,niger,-1.1157712303673966,42.10036976544264,-3649.0699176841617,8221.372203174908,5841.226629477732,478.6623617440597,1934.1702622999533,f_4,-1.9347856495806692,-2.0942983825565165,-1.9790348456737723
Dactylopterus volitans,Teleostei,Scorpaeniformes,Dactylopteridae,Dactylopterus,volitans,-4.698970004336019,39.18611151728605,-3649.0699176841617,8221.372203174908,5841.226629477732,478.6623617440597,1934.1702622999533,f_4,-3.585922890940494,-4.1272328712933515,-4.115613725681607
Gobionotothen gibberifrons,Teleostei,Perciformes,Nototheniidae,Gobionotothen,gibberifrons,-0.3279021420642826,42.44684318158106,-2756.047650778884,216.10347744287705,-1994.1446024056083,-588.522102691723,179.2283583714183,f_4,-1.3760791067483706,-1.3230867191894828,-1.2421443347676588
Melanocetus johnsonii,Teleostei,Lophiiformes,Melanocetidae,Melanocetus,johnsonii,-1.29627884007298,42.10036976544264,-2756.047650778884,216.10347744287705,-1994.1446024056083,-588.522102691723,179.2283583714183,f_4,-2.3259319638428866,-2.0722059555347236,-2.1205016091441977
Melanostigma gelatinosum,Teleostei,Perciformes,Zoarcidae,Melanostigma,gelatinosum,-1.3260580013659122,42.44684318158106,-2756.047650778884,216.10347744287705,-1994.1446024056083,-588.522102691723,179.2283583714183,f_4,-2.258987145320542,-2.133138732877592,-2.1079092462228317
Trematomus bernacchii,Teleostei,Perciformes,Nototheniidae,Trematomus,bernacchii,-1.258060922270801,42.47014428488293,-2756.047650778884,216.10347744287705,-1994.1446024056083,-588.522102691723,179.2283583714183,f_4,-2.553910405431002,-2.064563332088314,-2.0564611912556967
Acanthopagrus schlegelii,Teleostei,Perciformes,Sparidae,Acanthopagrus,schlegelii,-0.5951662830000001,38.92324979320565,-2756.047650778884,216.10347744287705,-1994.1446024056083,-588.522102691723,179.2283583714183,f_4,-1.5283497625478366,-0.9991233709908135,-0.9817963147047934
Acanthopagrus schlegelii,Teleostei,Perciformes,Sparidae,Acanthopagrus,schlegelii,-0.5951662830000001,38.92324979320565,-2756.047650778884,216.10347744287705,-1994.1446024056083,-588.522102691723,179.2283583714183,f_4,-1.3926871605477642,-0.9991233709908135,-0.9817963147047934
Acanthopagrus schlegelii,Teleostei,Perciformes,Sparidae,Acanthopagrus,schlegelii,-0.5951662830000001,38.92324979320565,-2756.047650778884,216.10347744287705,-1994.1446024056083,-588.522102691723,179.2283583714183,f_4,-1.3720025616879128,-0.9991233709908135,-0.9817963147047934
Acanthopagrus schlegelii,Teleostei,Perciformes,Sparidae,Acanthopagrus,schlegelii,-0.5951662830000001,38.92324979320565,-2756.047650778884,216.10347744287705,-1994.1446024056083,-588.522102691723,179.2283583714183,f_4,-1.3065010129314807,-0.9991233709908135,-0.9817963147047934
Acanthopagrus schlegelii,Teleostei,Perciformes,Sparidae,Acanthopagrus,schlegelii,-0.5951662830000001,38.92324979320565,-2756.047650778884,216.10347744287705,-1994.1446024056083,-588.522102691723,179.2283583714183,f_4,-1.1925576606246437,-0.9991233709908135,-0.9817963147047934
Acanthopagrus schlegelii,Teleostei,Perciformes,Sparidae,Acanthopagrus,schlegelii,-0.5951662830000001,38.92324979320565,-2756.047650778884,216.10347744287705,-1994.1446024056083,-588.522102691723,179.2283583714183,f_4,-1.130409753875799,-0.9991233709908135,-0.9817963147047934
Acanthopagrus schlegelii,Teleostei,Perciformes,Sparidae,Acanthopagrus,schlegelii,-0.5951662830000001,38.92324979320565,-2756.047650778884,216.10347744287705,-1994.1446024056083,-588.522102691723,179.2283583714183,f_4,-0.9335890099199613,-0.9991233709908135,-0.9817963147047934
Acanthopagrus schlegelii,Teleostei,Perciformes,Sparidae,Acanthopagrus,schlegelii,-0.5951662830000001,38.92324979320565,-2756.047650778884,216.10347744287705,-1994.1446024056083,-588.522102691723,179.2283583714183,f_4,-0.787987073053593,-0.9991233709908135,-0.9817963147047934
Acanthopagrus schlegelii,Teleostei,Perciformes,Sparidae,Acanthopagrus,schlegelii,-0.5951662830000001,38.92324979320565,-2756.047650778884,216.10347744287705,-1994.1446024056083,-588.522102691723,179.2283583714183,f_4,-0.7750220958892252,-0.9991233709908135,-0.9817963147047934
Acanthopagrus schlegelii,Teleostei,Perciformes,Sparidae,Acanthopagrus,schlegelii,-0.5951662830000001,38.92324979320565,-2756.047650778884,216.10347744287705,-1994.1446024056083,-588.522102691723,179.2283583714183,f_4,-0.7674249141104569,-0.9991233709908135,-0.9817963147047934
Acanthopagrus schlegelii,Teleostei,Perciformes,Sparidae,Acanthopagrus,schlegelii,-0.5951662830000001,38.92324979320565,-2756.047650778884,216.10347744287705,-1994.1446024056083,-588.522102691723,179.2283583714183,f_4,-0.7624329685812046,-0.9991233709908135,-0.9817963147047934
Acanthopagrus schlegelii,Teleostei,Perciformes,Sparidae,Acanthopagrus,schlegelii,-0.5951662830000001,38.92324979320565,-2756.047650778884,216.10347744287705,-1994.1446024056083,-588.522102691723,179.2283583714183,f_4,-0.7501985121641929,-0.9991233709908135,-0.9817963147047934
Acanthopagrus schlegelii,Teleostei,Perciformes,Sparidae,Acanthopagrus,schlegelii,-0.5951662830000001,38.92324979320565,-2756.047650778884,216.10347744287705,-1994.1446024056083,-588.522102691723,179.2283583714183,f_4,-0.7453996293092742,-0.9991233709908135,-0.9817963147047934
Acanthopagrus schlegelii,Teleostei,Perciformes,Sparidae,Acanthopagrus,schlegelii,-0.5951662830000001,38.92324979320565,-2756.047650778884,216.10347744287705,-1994.1446024056083,-588.522102691723,179.2283583714183,f_4,-0.7313131679778264,-0.9991233709908135,-0.9817963147047934
Acanthopagrus schlegelii,Teleostei,Perciformes,Sparidae,Acanthopagrus,schlegelii,-0.5951662830000001,38.92324979320565,-2756.047650778884,216.10347744287705,-1994.1446024056083,-588.522102691723,179.2283583714183,f_4,-0.5141093234332264,-0.9991233709908135,-0.9817963147047934
Acanthopagrus schlegelii,Teleostei,Perciformes,Sparidae,Acanthopagrus,schlegelii,-0.5951662830000001,38.92324979320565,-2756.047650778884,216.10347744287705,-1994.1446024056083,-588.522102691723,179.2283583714183,f_4,-0.49626849492126707,-0.9991233709908135,-0.9817963147047934
Acanthopagrus schlegelii,Teleostei,Perciformes,Sparidae,Acanthopagrus,schlegelii,-0.5951662830000001,38.92324979320565,-2756.047650778884,216.10347744287705,-1994.1446024056083,-588.522102691723,179.2283583714183,f_4,-0.47017689721048167,-0.9991233709908135,-0.9817963147047934
Acanthopagrus schlegelii,Teleostei,Perciformes,Sparidae,Acanthopagrus,schlegelii,-0.5951662830000001,38.92324979320565,-2756.047650778884,216.10347744287705,-1994.1446024056083,-588.522102691723,179.2283583714183,f_4,-0.46765192219422497,-0.9991233709908135,-0.9817963147047934
Acanthopagrus schlegelii,Teleostei,Perciformes,Sparidae,Acanthopagrus,schlegelii,-0.5951662830000001,38.92324979320565,-2756.047650778884,216.10347744287705,-1994.1446024056083,-588.522102691723,179.2283583714183,f_4,-0.43726929320050395,-0.9991233709908135,-0.9817963147047934
Acanthopagrus schlegelii,Teleostei,Perciformes,Sparidae,Acanthopagrus,schlegelii,-0.5951662830000001,38.92324979320565,-2756.047650778884,216.10347744287705,-1994.1446024056083,-588.522102691723,179.2283583714183,f_4,-0.40887392164103875,-0.9991233709908135,-0.9817963147047934
Acanthopagrus schlegelii,Teleostei,Perciformes,Sparidae,Acanthopagrus,schlegelii,-0.5951662830000001,38.92324979320565,-2756.047650778884,216.10347744287705,-1994.1446024056083,-588.522102691723,179.2283583714183,f_4,-0.3895209655992659,-0.9991233709908135,-0.9817963147047934
Anguilla japonica,Teleostei,Anguilliformes,Anguillidae,Anguilla,japonica,-1.0,38.92324979320565,-3373.757546678929,5449.495628100146,2918.0786935949145,-65.46878555213755,-4366.756910074552,f_4,-1.460914727216719,-1.160157550147174,-1.108931018441256
Anguilla japonica,Teleostei,Anguilliformes,Anguillidae,Anguilla,japonica,-0.4881166389999996,40.3440532794864,-3373.757546678929,5449.495628100146,2918.0786935949145,-65.46878555213755,-4366.756910074552,f_4,-1.597261108446195,-1.0078481493050062,-0.9349966572930091
Anguilla japonica,Teleostei,Anguilliformes,Anguillidae,Anguilla,japonica,-0.4881166389999996,40.55553704645907,-3373.757546678929,5449.495628100146,2918.0786935949145,-65.46878555213755,-4366.756910074552,f_4,-1.5760718093762567,-1.033983624820841,-0.9055213717624342
Anguilla japonica,Teleostei,Anguilliformes,Anguillidae,Anguilla,japonica,-0.4881166389999996,40.3440532794864,-3373.757546678929,5449.495628100146,2918.0786935949145,-65.46878555213755,-4366.756910074552,f_4,-1.5558684232879696,-1.0078481493050062,-0.9349966572930091
Anguilla japonica,Teleostei,Anguilliformes,Anguillidae,Anguilla,japonica,-0.4881166389999996,40.274047981413375,-3373.757546678929,5449.495628100146,2918.0786935949145,-65.46878555213755,-4366.756910074552,f_4,-1.4833177561393571,-1.0110999597424253,-0.9621586235670223
Anguilla japonica,Teleostei,Anguilliformes,Anguillidae,Anguilla,japonica,-0.4881166389999996,40.3440532794864,-3373.757546678929,5449.495628100146,2918.0786935949145,-65.46878555213755,-4366.756910074552,f_4,-1.4358931062112197,-1.0078481493050062,-0.9349966572930091
Anguilla japonica,Teleostei,Anguilliformes,Anguillidae,Anguilla,japonica,-0.4881166389999996,40.274047981413375,-3373.757546678929,5449.495628100146,2918.0786935949145,-65.46878555213755,-4366.756910074552,f_4,-1.4069294102759027,-1.0110999597424253,-0.9621586235670223
Anguilla japonica,Teleostei,Anguilliformes,Anguillidae,Anguilla,japonica,-0.4881166389999996,39.72263195565382,-3373.757546678929,5449.495628100146,2918.0786935949145,-65.46878555213755,-4366.756910074552,f_4,-1.3797771642322878,-0.7611816555332664,-0.7796132008867911
Anguilla japonica,Teleostei,Anguilliformes,Anguillidae,Anguilla,japonica,-0.4881166389999996,40.134763706879696,-3373.757546678929,5449.495628100146,2918.0786935949145,-65.46878555213755,-4366.756910074552,f_4,-1.3419886033428885,-0.9251666399791728,-0.8573582440805902
Anguilla japonica,Teleostei,Anguilliformes,Anguillidae,Anguilla,japonica,-0.4881166389999996,39.85906551895677,-3373.757546678929,5449.495628100146,2918.0786935949145,-65.46878555213755,-4366.756910074552,f_4,-1.3300893800431808,-0.8568770009499387,-0.8035289356330924
Anguilla japonica,Teleostei,Anguilliformes,Anguillidae,Anguilla,japonica,-0.4881166389999996,39.85906551895677,-3373.757546678929,5449.495628100146,2918.0786935949145,-65.46878555213755,-4366.756910074552,f_4,-1.2855072473904399,-0.8568770009499387,-0.8035289356330924
Anguilla japonica,Teleostei,Anguilliformes,Anguillidae,Anguilla,japonica,-0.4881166389999996,39.99643951695421,-3373.757546678929,5449.495628100146,2918.0786935949145,-65.46878555213755,-4366.756910074552,f_4,-1.2750418137122748,-0.883125121718974,-0.8280205766062141
Anguilla japonica,Teleostei,Anguilliformes,Anguillidae,Anguilla,japonica,-0.4881166389999996,39.5871292029482,-3373.757546678929,5449.495628100146,2918.0786935949145,-65.46878555213755,-4366.756910074552,f_4,-1.2548384276239875,-0.7444360257085263,-0.7592793863477336
Anguilla japonica,Teleostei,Anguilliformes,Anguillidae,Anguilla,japonica,-0.4881166389999996,39.5871292029482,-3373.757546678929,5449.495628100146,2918.0786935949145,-65.46878555213755,-4366.756910074552,f_4,-1.2450785903348311,-0.7444360257085263,-0.7592793863477336
Anguilla japonica,Teleostei,Anguilliformes,Anguillidae,Anguilla,japonica,-0.4881166389999996,39.72263195565382,-3373.757546678929,5449.495628100146,2918.0786935949145,-65.46878555213755,-4366.756910074552,f_4,-1.1822877604753759,-0.7611816555332664,-0.7796132008867911
Anguilla japonica,Teleostei,Anguilliformes,Anguillidae,Anguilla,japonica,-0.4881166389999996,39.5871292029482,-3373.757546678929,5449.495628100146,2918.0786935949145,-65.46878555213755,-4366.756910074552,f_4,-1.134863110547238,-0.7444360257085263,-0.7592793863477336
Anguilla japonica,Teleostei,Anguilliformes,Anguillidae,Anguilla,japonica,-0.4881166389999996,39.5871292029482,-3373.757546678929,5449.495628100146,2918.0786935949145,-65.46878555213755,-4366.756910074552,f_4,-1.1201398537265315,-0.7444360257085263,-0.7592793863477336
Anguilla japonica,Teleostei,Anguilliformes,Anguillidae,Anguilla,japonica,-0.4881166389999996,38.92324979320565,-3373.757546678929,5449.495628100146,2918.0786935949145,-65.46878555213755,-4366.756910074552,f_4,-1.029059384379199,-0.7987130736177578,-0.7454474631121619
Anguilla japonica,Teleostei,Anguilliformes,Anguillidae,Anguilla,japonica,-0.4881166389999996,39.05423835047708,-3373.757546678929,5449.495628100146,2918.0786935949145,-65.46878555213755,-4366.756910074552,f_4,-0.9792130117341012,-0.8078667988497792,-0.7396963466965014
Anguilla japonica,Teleostei,Anguilliformes,Anguillidae,Anguilla,japonica,-0.4881166389999996,38.40796599650592,-3373.757546678929,5449.495628100146,2918.0786935949145,-65.46878555213755,-4366.756910074552,f_4,-0.8648673486232255,-0.7515288751466378,-0.7163722433028852
Anguilla japonica,Teleostei,Anguilliformes,Anguillidae,Anguilla,japonica,-0.4881166389999996,38.79313697424123,-3373.757546678929,5449.495628100146,2918.0786935949145,-65.46878555213755,-4366.756910074552,f_4,-0.8375932637565632,-0.7971814638970611,-0.7769002269113547
Anguilla japonica,Teleostei,Anguilliformes,Anguillidae,Anguilla,japonica,-0.4881166389999996,38.5995906397614,-3373.757546678929,5449.495628100146,2918.0786935949145,-65.46878555213755,-4366.756910074552,f_4,-0.8301052423640132,-0.7869585691983042,-0.746529156274613
Anguilla japonica,Teleostei,Anguilliformes,Anguillidae,Anguilla,japonica,-0.4881166389999996,38.28126975373334,-3373.757546678929,5449.495628100146,2918.0786935949145,-65.46878555213755,-4366.756910074552,f_4,-0.7979205589926123,-0.7814257940203805,-0.7260832454620094
Anguilla japonica,Teleostei,Anguilliformes,Anguillidae,Anguilla,japonica,-0.4881166389999996,38.40796599650592,-3373.757546678929,5449.495628100146,2918.0786935949145,-65.46878555213755,-4366.756910074552,f_4,-0.7615705369537681,-0.7515288751466378,-0.7163722433028852
Arapaima gigas,Teleostei,Osteoglossiformes,Osteoglossidae,Arapaima,gigas,0.36172783600000025,38.53550365546825,-3373.757546678929,5449.495628100146,2918.0786935949145,-65.46878555213755,-4366.756910074552,f_4,-0.6505066203994188,-0.19673375168372537,-0.09457056888822213
Arapaima gigas,Teleostei,Osteoglossiformes,Osteoglossidae,Arapaima,gigas,0.36172783600000025,38.53550365546825,-3373.757546678929,5449.495628100146,2918.0786935949145,-65.46878555213755,-4366.756910074552,f_4,-0.5860486311725003,-0.19673375168372537,-0.09457056888822213
Arapaima gigas,Teleostei,Osteoglossiformes,Osteoglossidae,Arapaima,gigas,0.36172783600000025,38.53550365546825,-3373.757546678929,5449.495628100146,2918.0786935949145,-65.46878555213755,-4366.756910074552,f_4,-0.571325374351794,-0.19673375168372537,-0.09457056888822213
Balistes capriscus,Teleostei,Tetraodontiformes,Balistidae,Balistes,capriscus,-0.4948500219999997,39.9276343569388,-2756.047650778884,216.10347744287705,-1994.1446024056083,-588.522102691723,179.2283583714183,f_4,-0.9807452007072618,-1.0371046119152314,-1.0432057884503003
Balistes capriscus,Teleostei,Tetraodontiformes,Balistidae,Balistes,capriscus,-0.40340290399999984,39.87276043925189,-2756.047650778884,216.10347744287705,-1994.1446024056083,-588.522102691723,179.2283583714183,f_4,-0.8404495158628904,-0.9689997359718522,-0.9920847117085376
Balistes capriscus,Teleostei,Tetraodontiformes,Balistidae,Balistes,capriscus,-0.15490195999999995,39.87276043925189,-2756.047650778884,216.10347744287705,-1994.1446024056083,-588.522102691723,179.2283583714183,f_4,-0.5356926473895829,-0.757851645488646,-0.7802442170684432
Borostomias panamensis,Teleostei,Stomiiformes,Stomiidae,Borostomias,panamensis,-1.0112181570000003,40.9852266496354,-3649.0699176841617,8221.372203174908,5841.226629477732,478.6623617440597,1934.1702622999533,f_4,-1.7402816530120353,-1.634523633276851,-1.5853124374282084
Borostomias panamensis,Teleostei,Stomiiformes,Stomiidae,Borostomias,panamensis,-0.9576214020000001,41.72197348856467,-3649.0699176841617,8221.372203174908,5841.226629477732,478.6623617440597,1934.1702622999533,f_4,-1.9699861271030075,-1.9558959869494192,-1.8323773673319423
Campostoma anomalum,Teleostei,Cypriniformes,Cyprinidae,Campostoma,anomalum,-1.7155692660000008,39.87276043925189,-3373.757546678927,5449.495628100146,2918.078693594916,-65.468785552137,-4366.756910074552,f_4,-1.8540323935505398,-1.7599581216673588,-1.8160273297287444
Carassius auratus,Teleostei,Cypriniformes,Cyprinidae,Carassius,auratus,-2.8041003480000266,39.72263195565382,-3637.01583887237,8099.9161555794,5713.08006386565,454.76296588698006,1655.6186343081702,f_4,-2.8860254779748957,-2.8412090424406853,-2.8650362973470096
Carassius auratus,Teleostei,Cypriniformes,Cyprinidae,Carassius,auratus,-2.610833916000009,39.72263195565382,-3637.01583887237,8099.9161555794,5713.08006386565,454.76296588698006,1655.6186343081702,f_4,-2.686684898765352,-2.6945952888120583,-2.7123754981781407
Carassius auratus,Teleostei,Cypriniformes,Cyprinidae,Carassius,auratus,-2.420216403000005,41.72197348856467,-3637.01583887237,8099.9161555794,5713.08006386565,454.76296588698006,1655.6186343081702,f_4,-3.751339889487194,-3.1172818011693746,-3.104410159961483
Carassius auratus,Teleostei,Cypriniformes,Cyprinidae,Carassius,auratus,-2.420216403000005,40.9852266496354,-3637.01583887237,8099.9161555794,5713.08006386565,454.76296588698006,1655.6186343081702,f_4,-3.299042220894096,-2.7124397240048346,-2.8003877093956295
Carassius auratus,Teleostei,Cypriniformes,Cyprinidae,Carassius,auratus,-2.420216403000005,40.274047981413375,-3637.01583887237,8099.9161555794,5713.08006386565,454.76296588698006,1655.6186343081702,f_4,-2.9980122252300716,-2.6598421077261754,-2.764493465874894
Carassius auratus,Teleostei,Cypriniformes,Cyprinidae,Carassius,auratus,-2.420216403000005,38.92324979320565,-3637.01583887237,8099.9161555794,5713.08006386565,454.76296588698006,1655.6186343081702,f_4,-2.817683912018626,-2.4357120183998693,-2.512471962512128
Carassius auratus,Teleostei,Cypriniformes,Cyprinidae,Carassius,auratus,-2.420216403000005,39.5871292029482,-3637.01583887237,8099.9161555794,5713.08006386565,454.76296588698006,1655.6186343081702,f_4,-2.77744269385777,-2.5315034606563254,-2.605097165574341
Carassius auratus,Teleostei,Cypriniformes,Cyprinidae,Carassius,auratus,-2.420216403000005,39.5871292029482,-3637.01583887237,8099.9161555794,5713.08006386565,454.76296588698006,1655.6186343081702,f_4,-2.7441613068678365,-2.5315034606563254,-2.605097165574341
Carassius auratus,Teleostei,Cypriniformes,Cyprinidae,Carassius,auratus,-2.420216403000005,37.66012307591843,-3637.01583887237,8099.9161555794,5713.08006386565,454.76296588698006,1655.6186343081702,f_4,-2.375676277388462,-2.33293488540699,-2.3746759607811616
Carassius auratus,Teleostei,Cypriniformes,Cyprinidae,Carassius,auratus,-2.4089353930000037,40.05165461896208,-3637.01583887237,8099.9161555794,5713.08006386565,454.76296588698006,1655.6186343081702,f_4,-2.604396279094409,-2.5802026738488637,-2.639336619769916
Carassius auratus,Teleostei,Cypriniformes,Cyprinidae,Carassius,auratus,-2.4089353930000037,39.47939080062685,-3637.01583887237,8099.9161555794,5713.08006386565,454.76296588698006,1655.6186343081702,f_4,-2.3959942529856058,-2.4988659972995833,-2.578454464416802
Carassius auratus,Teleostei,Cypriniformes,Cyprinidae,Carassius,auratus,-2.305394801000006,39.5871292029482,-3637.01583887237,8099.9161555794,5713.08006386565,454.76296588698006,1655.6186343081702,f_4,-2.503511930800051,-2.445967789268445,-2.495577718088862
Carassius auratus,Teleostei,Cypriniformes,Cyprinidae,Carassius,auratus,-2.3010299960000036,38.92324979320565,-3637.01583887237,8099.9161555794,5713.08006386565,454.76296588698006,1655.6186343081702,f_4,-2.423532999686689,-2.3468072660384447,-2.402948682494801
Carassius auratus,Teleostei,Cypriniformes,Cyprinidae,Carassius,auratus,-2.2262135550000015,40.134763706879696,-3637.01583887237,8099.9161555794,5713.08006386565,454.76296588698006,1655.6186343081702,f_4,-2.6452922137137334,-2.4525272962264744,-2.465851928964395
Carassius auratus,Teleostei,Cypriniformes,Cyprinidae,Carassius,auratus,-2.221848750000005,41.72197348856467,-3637.01583887237,8099.9161555794,5713.08006386565,454.76296588698006,1655.6186343081702,f_4,-2.8687254898004526,-2.995969886147235,-2.9157733642614008
Carassius auratus,Teleostei,Cypriniformes,Cyprinidae,Carassius,auratus,-2.221848750000005,40.274047981413375,-3637.01583887237,8099.9161555794,5713.08006386565,454.76296588698006,1655.6186343081702,f_4,-2.362640539452278,-2.5072019751886407,-2.5727902049162137
Carassius auratus,Teleostei,Cypriniformes,Cyprinidae,Carassius,auratus,-2.221848750000005,38.28126975373334,-3637.01583887237,8099.9161555794,5713.08006386565,454.76296588698006,1655.6186343081702,f_4,-2.079485267371068,-2.2051157143461464,-2.261084571767694
Catostomus commersonii,Teleostei,Cypriniformes,Catostomidae,Catostomus,commersonii,-1.7695510790000017,40.274047981413375,-3640.06934724508,8130.684182658058,5745.543696853202,460.8179755894458,1726.2116509240366,f_4,-2.2660419600413197,-2.155829149827065,-2.2546507118169354
Catostomus commersonii,Teleostei,Cypriniformes,Catostomidae,Catostomus,commersonii,-1.15490196,40.274047981413375,-3640.06934724508,8130.684182658058,5745.543696853202,460.8179755894458,1726.2116509240366,f_4,-1.6674493337843521,-1.6455661418917713,-1.7178756343891846
Catostomus commersonii,Teleostei,Cypriniformes,Catostomidae,Catostomus,commersonii,-1.1426675040000005,40.9852266496354,-3640.06934724508,8130.684182658058,5745.543696853202,460.8179755894458,1726.2116509240366,f_4,-2.0087739243075053,-1.74939459979699,-1.7264879111084372
Catostomus commersonii,Teleostei,Cypriniformes,Catostomidae,Catostomus,commersonii,-1.0222763950000002,39.5871292029482,-3640.06934724508,8130.684182658058,5745.543696853202,460.8179755894458,1726.2116509240366,f_4,-1.3871278810135443,-1.4437255462531504,-1.4382072557674626
Catostomus commersonii,Teleostei,Cypriniformes,Catostomidae,Catostomus,commersonii,-1.0,40.9852266496354,-3640.06934724508,8130.684182658058,5745.543696853202,460.8179755894458,1726.2116509240366,f_4,-1.8661064207387739,-1.6375698026896506,-1.6271905094835026
Catostomus commersonii,Teleostei,Cypriniformes,Catostomidae,Catostomus,commersonii,-1.0,40.9852266496354,-3640.06934724508,8130.684182658058,5745.543696853202,460.8179755894458,1726.2116509240366,f_4,-1.8081144737610884,-1.6375698026896506,-1.6271905094835026
Catostomus commersonii,Teleostei,Cypriniformes,Catostomidae,Catostomus,commersonii,-1.0,39.5871292029482,-3640.06934724508,8130.684182658058,5745.543696853202,460.8179755894458,1726.2116509240366,f_4,-1.53511320169735,-1.4265309685907763,-1.4177619376365864
Catostomus commersonii,Teleostei,Cypriniformes,Catostomidae,Catostomus,commersonii,-1.0,40.274047981413375,-3640.06934724508,8130.684182658058,5745.543696853202,460.8179755894458,1726.2116509240366,f_4,-1.5070844780971058,-1.5177195603933709,-1.6007445185810796
Catostomus commersonii,Teleostei,Cypriniformes,Catostomidae,Catostomus,commersonii,-1.0,39.5871292029482,-3640.06934724508,8130.684182658058,5745.543696853202,460.8179755894458,1726.2116509240366,f_4,-1.368781779930825,-1.4265309685907763,-1.4177619376365864
Catostomus commersonii,Teleostei,Cypriniformes,Catostomidae,Catostomus,commersonii,-0.6675615399999998,39.5871292029482,-3640.06934724508,8130.684182658058,5745.543696853202,460.8179755894458,1726.2116509240366,f_4,-1.1236237644971516,-1.1519035385917635,-1.126864599550447
Centropristis striata,Teleostei,Perciformes,Serranidae,Centropristis,striata,-1.3872161430000005,39.5871292029482,-2756.047650778884,216.10347744287705,-1994.1446024056083,-588.522102691723,179.2283583714183,f_4,-1.0086457613515871,-1.6918497527212604,-1.7066726574611693
Cyclothone acclinidens,Teleostei,Stomiiformes,Gonostomatidae,Cyclothone,acclinidens,-3.6382721640001567,42.02414240754758,-3649.0699176841617,8221.372203174908,5841.226629477732,478.6623617440597,1934.1702622999533,f_4,-4.385688797389882,-3.9573777810889914,-3.8713368485298116
Cyclothone acclinidens,Teleostei,Stomiiformes,Gonostomatidae,Cyclothone,acclinidens,-3.6382721640001567,42.02414240754758,-3649.0699176841617,8221.372203174908,5841.226629477732,478.6623617440597,1934.1702622999533,f_4,-4.349476624735438,-3.9573777810889914,-3.8713368485298116
Cyclothone acclinidens,Teleostei,Stomiiformes,Gonostomatidae,Cyclothone,acclinidens,-3.6382721640001567,42.02414240754758,-3649.0699176841617,8221.372203174908,5841.226629477732,478.6623617440597,1934.1702622999533,f_4,-3.7837590816916573,-3.9573777810889914,-3.8713368485298116
Cyclothone acclinidens,Teleostei,Stomiiformes,Gonostomatidae,Cyclothone,acclinidens,-3.2839966560000593,42.02414240754758,-3649.0699176841617,8221.372203174908,5841.226629477732,478.6623617440597,1934.1702622999533,f_4,-4.2170498667345875,-3.709236574898258,-3.636959432191733
Cyclothone acclinidens,Teleostei,Stomiiformes,Gonostomatidae,Cyclothone,acclinidens,-3.2839966560000593,42.02414240754758,-3649.0699176841617,8221.372203174908,5841.226629477732,478.6623617440597,1934.1702622999533,f_4,-4.137868620686963,-3.709236574898258,-3.636959432191733
Cyclothone acclinidens,Teleostei,Stomiiformes,Gonostomatidae,Cyclothone,acclinidens,-3.2839966560000593,42.02414240754758,-3649.0699176841617,8221.372203174908,5841.226629477732,478.6623617440597,1934.1702622999533,f_4,-3.5575808238590882,-3.709236574898258,-3.636959432191733
Cyclothone acclinidens,Teleostei,Stomiiformes,Gonostomatidae,Cyclothone,acclinidens,-3.060480747000001,42.02414240754758,-3649.0699176841617,8221.372203174908,5841.226629477732,478.6623617440597,1934.1702622999533,f_4,-4.090443970758825,-3.5335419444369736,-3.4417772291108015
Cyclothone acclinidens,Teleostei,Stomiiformes,Gonostomatidae,Cyclothone,acclinidens,-3.060480747000001,42.02414240754758,-3649.0699176841617,8221.372203174908,5841.226629477732,478.6623617440597,1934.1702622999533,f_4,-4.0392914483114435,-3.5335419444369736,-3.4417772291108015
Cyclothone acclinidens,Teleostei,Stomiiformes,Gonostomatidae,Cyclothone,acclinidens,-3.060480747000001,42.02414240754758,-3649.0699176841617,8221.372203174908,5841.226629477732,478.6623617440597,1934.1702622999533,f_4,-3.3952385212045817,-3.5335419444369736,-3.4417772291108015
Embiotoca lateralis,Teleostei,Perciformes,Embiotocidae,Embiotoca,lateralis,-0.22257317800000004,40.274047981413375,-3649.0699176841617,8221.372203174908,5841.226629477732,478.6623617440597,1934.1702622999533,f_4,-0.6034941337872983,-0.8652986491042821,-0.8960921390277348
Engraulis japonicus,Teleostei,Clupeiformes,Engraulidae,Engraulis,japonicus,-0.6132870609999996,40.10702238066101,-3373.757546678929,5449.495628100146,2918.0786935949145,-65.46878555213755,-4366.756910074552,f_4,0.4403011939787132,-0.9005137284415798,-0.9099629907672999
Engraulis japonicus,Teleostei,Clupeiformes,Engraulidae,Engraulis,japonicus,-0.5811023780000001,40.10702238066101,-3373.757546678929,5449.495628100146,2918.0786935949145,-65.46878555213755,-4366.756910074552,f_4,-0.4473390673363266,-0.8756711975301656,-0.863781699003072
Engraulis japonicus,Teleostei,Clupeiformes,Engraulidae,Engraulis,japonicus,-0.5811023780000001,40.10702238066101,-3373.757546678929,5449.495628100146,2918.0786935949145,-65.46878555213755,-4366.756910074552,f_4,0.4082666097992827,-0.8756711975301656,-0.863781699003072
Engraulis japonicus,Teleostei,Clupeiformes,Engraulidae,Engraulis,japonicus,-0.5219387919999997,40.10702238066101,-3373.757546678929,5449.495628100146,2918.0786935949145,-65.46878555213755,-4366.756910074552,f_4,0.5023253783032776,-0.8328296083854354,-0.8856727463199192
Engraulis japonicus,Teleostei,Clupeiformes,Engraulidae,Engraulis,japonicus,-0.5219387919999997,40.10702238066101,-3373.757546678929,5449.495628100146,2918.0786935949145,-65.46878555213755,-4366.756910074552,f_4,1.1392702793977685,-0.8328296083854354,-0.8856727463199192
Engraulis japonicus,Teleostei,Clupeiformes,Engraulidae,Engraulis,japonicus,-0.40384291899999986,40.10702238066101,-3373.757546678929,5449.495628100146,2918.0786935949145,-65.46878555213755,-4366.756910074552,f_4,-0.49192835823663783,-0.8574686516168264,-0.7992843346848804
Engraulis japonicus,Teleostei,Clupeiformes,Engraulidae,Engraulis,japonicus,-0.40384291899999986,40.10702238066101,-3373.757546678929,5449.495628100146,2918.0786935949145,-65.46878555213755,-4366.756910074552,f_4,0.7846428539261201,-0.8574686516168264,-0.7992843346848804
Engraulis japonicus,Teleostei,Clupeiformes,Engraulidae,Engraulis,japonicus,-0.20149437399999984,40.10702238066101,-3373.757546678929,5449.495628100146,2918.0786935949145,-65.46878555213755,-4366.756910074552,f_4,-0.29165282154309985,-0.7099671011741622,-0.6290750204398134
Engraulis japonicus,Teleostei,Clupeiformes,Engraulidae,Engraulis,japonicus,-0.20149437399999984,40.10702238066101,-3373.757546678929,5449.495628100146,2918.0786935949145,-65.46878555213755,-4366.756910074552,f_4,-0.17723020355502184,-0.7099671011741622,-0.6290750204398134
Engraulis japonicus,Teleostei,Clupeiformes,Engraulidae,Engraulis,japonicus,-0.20149437399999984,40.10702238066101,-3373.757546678929,5449.495628100146,2918.0786935949145,-65.46878555213755,-4366.756910074552,f_4,-0.10394323585507498,-0.7099671011741622,-0.6290750204398134
Engraulis japonicus,Teleostei,Clupeiformes,Engraulidae,Engraulis,japonicus,-0.19767105599999982,40.10702238066101,-3373.757546678929,5449.495628100146,2918.0786935949145,-65.46878555213755,-4366.756910074552,f_4,-0.005915798316835169,-0.7070159801207352,-0.6261238993863865
Engraulis japonicus,Teleostei,Clupeiformes,Engraulidae,Engraulis,japonicus,-0.19767105599999982,40.10702238066101,-3373.757546678929,5449.495628100146,2918.0786935949145,-65.46878555213755,-4366.756910074552,f_4,0.07326544769002573,-0.7070159801207352,-0.6261238993863865
Engraulis japonicus,Teleostei,Clupeiformes,Engraulidae,Engraulis,japonicus,-0.19767105599999982,40.10702238066101,-3373.757546678929,5449.495628100146,2918.0786935949145,-65.46878555213755,-4366.756910074552,f_4,0.25594158721737087,-0.7070159801207352,-0.6261238993863865
Engraulis japonicus,Teleostei,Clupeiformes,Engraulidae,Engraulis,japonicus,-0.19767105599999982,40.10702238066101,-3373.757546678929,5449.495628100146,2918.0786935949145,-65.46878555213755,-4366.756910074552,f_4,0.267085473649069,-0.7070159801207352,-0.6261238993863865
Engraulis japonicus,Teleostei,Clupeiformes,Engraulidae,Engraulis,japonicus,-0.19767105599999982,40.10702238066101,-3373.757546678929,5449.495628100146,2918.0786935949145,-65.46878555213755,-4366.756910074552,f_4,0.8169058468060498,-0.7070159801207352,-0.6261238993863865
Epinephelus akaara,Teleostei,Perciformes,Serranidae,Epinephelus,akaara,-0.55129368,38.92324979320565,-2756.047650778884,216.10347744287705,-1994.1446024056083,-588.522102691723,179.2283583714183,f_4,-1.3083859002332923,-0.9592738134224571,-0.9588629199424317
Epinephelus akaara,Teleostei,Perciformes,Serranidae,Epinephelus,akaara,-0.55129368,38.92324979320565,-2756.047650778884,216.10347744287705,-1994.1446024056083,-588.522102691723,179.2283583714183,f_4,-1.2373225443041327,-0.9592738134224571,-0.9588629199424317
Epinephelus akaara,Teleostei,Perciformes,Serranidae,Epinephelus,akaara,-0.55129368,38.92324979320565,-2756.047650778884,216.10347744287705,-1994.1446024056083,-588.522102691723,179.2283583714183,f_4,-1.0865371505187773,-0.9592738134224571,-0.9588629199424317
Epinephelus akaara,Teleostei,Perciformes,Serranidae,Epinephelus,akaara,-0.55129368,38.92324979320565,-2756.047650778884,216.10347744287705,-1994.1446024056083,-588.522102691723,179.2283583714183,f_4,-0.9931154653375442,-0.9592738134224571,-0.9588629199424317
Epinephelus akaara,Teleostei,Perciformes,Serranidae,Epinephelus,akaara,-0.55129368,38.92324979320565,-2756.047650778884,216.10347744287705,-1994.1446024056083,-588.522102691723,179.2283583714183,f_4,-0.9703723383952689,-0.9592738134224571,-0.9588629199424317
Epinephelus akaara,Teleostei,Perciformes,Serranidae,Epinephelus,akaara,-0.55129368,38.92324979320565,-2756.047650778884,216.10347744287705,-1994.1446024056083,-588.522102691723,179.2283583714183,f_4,-0.9202057287656377,-0.9592738134224571,-0.9588629199424317
Epinephelus akaara,Teleostei,Perciformes,Serranidae,Epinephelus,akaara,-0.55129368,38.92324979320565,-2756.047650778884,216.10347744287705,-1994.1446024056083,-588.522102691723,179.2283583714183,f_4,-0.8824171680100902,-0.9592738134224571,-0.9588629199424317
Epinephelus akaara,Teleostei,Perciformes,Serranidae,Epinephelus,akaara,-0.55129368,38.92324979320565,-2756.047650778884,216.10347744287705,-1994.1446024056083,-588.522102691723,179.2283583714183,f_4,-0.8716933024926267,-0.9592738134224571,-0.9588629199424317
Epinephelus akaara,Teleostei,Perciformes,Serranidae,Epinephelus,akaara,-0.55129368,38.92324979320565,-2756.047650778884,216.10347744287705,-1994.1446024056083,-588.522102691723,179.2283583714183,f_4,-0.8646884010202112,-0.9592738134224571,-0.9588629199424317
Epinephelus akaara,Teleostei,Perciformes,Serranidae,Epinephelus,akaara,-0.55129368,38.92324979320565,-2756.047650778884,216.10347744287705,-1994.1446024056083,-588.522102691723,179.2283583714183,f_4,-0.8312646454809104,-0.9592738134224571,-0.9588629199424317
Epinephelus akaara,Teleostei,Perciformes,Serranidae,Epinephelus,akaara,-0.55129368,38.92324979320565,-2756.047650778884,216.10347744287705,-1994.1446024056083,-588.522102691723,179.2283583714183,f_4,-0.8217193276244705,-0.9592738134224571,-0.9588629199424317
Epinephelus akaara,Teleostei,Perciformes,Serranidae,Epinephelus,akaara,-0.55129368,38.92324979320565,-2756.047650778884,216.10347744287705,-1994.1446024056083,-588.522102691723,179.2283583714183,f_4,-0.8002304116958111,-0.9592738134224571,-0.9588629199424317
Epinephelus akaara,Teleostei,Perciformes,Serranidae,Epinephelus,akaara,-0.55129368,38.92324979320565,-2756.047650778884,216.10347744287705,-1994.1446024056083,-588.522102691723,179.2283583714183,f_4,-0.7913366985831697,-0.9592738134224571,-0.9588629199424317
Epinephelus akaara,Teleostei,Perciformes,Serranidae,Epinephelus,akaara,-0.55129368,38.92324979320565,-2756.047650778884,216.10347744287705,-1994.1446024056083,-588.522102691723,179.2283583714183,f_4,-0.6828448130661393,-0.9592738134224571,-0.9588629199424317
Epinephelus akaara,Teleostei,Perciformes,Serranidae,Epinephelus,akaara,-0.55129368,38.92324979320565,-2756.047650778884,216.10347744287705,-1994.1446024056083,-588.522102691723,179.2283583714183,f_4,-0.6715638026385672,-0.9592738134224571,-0.9588629199424317
Epinephelus akaara,Teleostei,Perciformes,Serranidae,Epinephelus,akaara,-0.55129368,38.92324979320565,-2756.047650778884,216.10347744287705,-1994.1446024056083,-588.522102691723,179.2283583714183,f_4,-0.6605684183201149,-0.9592738134224571,-0.9588629199424317
Epinephelus akaara,Teleostei,Perciformes,Serranidae,Epinephelus,akaara,-0.55129368,38.92324979320565,-2756.047650778884,216.10347744287705,-1994.1446024056083,-588.522102691723,179.2283583714183,f_4,-0.6094158958972733,-0.9592738134224571,-0.9588629199424317
Epinephelus akaara,Teleostei,Perciformes,Serranidae,Epinephelus,akaara,-0.55129368,38.92324979320565,-2756.047650778884,216.10347744287705,-1994.1446024056083,-588.522102691723,179.2283583714183,f_4,-0.5998705779761058,-0.9592738134224571,-0.9588629199424317
Epinephelus akaara,Teleostei,Perciformes,Serranidae,Epinephelus,akaara,-0.55129368,38.92324979320565,-2756.047650778884,216.10347744287705,-1994.1446024056083,-588.522102691723,179.2283583714183,f_4,-0.5942424929969403,-0.9592738134224571,-0.9588629199424317
Epinephelus akaara,Teleostei,Perciformes,Serranidae,Epinephelus,akaara,-0.55129368,38.92324979320565,-2756.047650778884,216.10347744287705,-1994.1446024056083,-588.522102691723,179.2283583714183,f_4,-0.5636584053562298,-0.9592738134224571,-0.9588629199424317
Epinephelus akaara,Teleostei,Perciformes,Serranidae,Epinephelus,akaara,-0.55129368,38.92324979320565,-2756.047650778884,216.10347744287705,-1994.1446024056083,-588.522102691723,179.2283583714183,f_4,-0.5482986499395117,-0.9592738134224571,-0.9588629199424317
Epinephelus akaara,Teleostei,Perciformes,Serranidae,Epinephelus,akaara,-0.55129368,38.92324979320565,-2756.047650778884,216.10347744287705,-1994.1446024056083,-588.522102691723,179.2283583714183,f_4,-0.5466250660302672,-0.9592738134224571,-0.9588629199424317
Epinephelus akaara,Teleostei,Perciformes,Serranidae,Epinephelus,akaara,-0.55129368,38.92324979320565,-2756.047650778884,216.10347744287705,-1994.1446024056083,-588.522102691723,179.2283583714183,f_4,-0.541642665537166,-0.9592738134224571,-0.9588629199424317
Epinephelus akaara,Teleostei,Perciformes,Serranidae,Epinephelus,akaara,-0.55129368,38.92324979320565,-2756.047650778884,216.10347744287705,-1994.1446024056083,-588.522102691723,179.2283583714183,f_4,-0.530234649816929,-0.9592738134224571,-0.9588629199424317
Epinephelus akaara,Teleostei,Perciformes,Serranidae,Epinephelus,akaara,-0.55129368,38.92324979320565,-2756.047650778884,216.10347744287705,-1994.1446024056083,-588.522102691723,179.2283583714183,f_4,-0.5175536180707866,-0.9592738134224571,-0.9588629199424317
Epinephelus akaara,Teleostei,Perciformes,Serranidae,Epinephelus,akaara,-0.55129368,38.92324979320565,-2756.047650778884,216.10347744287705,-1994.1446024056083,-588.522102691723,179.2283583714183,f_4,-0.49920041610798727,-0.9592738134224571,-0.9588629199424317
Epinephelus akaara,Teleostei,Perciformes,Serranidae,Epinephelus,akaara,-0.55129368,38.92324979320565,-2756.047650778884,216.10347744287705,-1994.1446024056083,-588.522102691723,179.2283583714183,f_4,-0.4702367201284502,-0.9592738134224571,-0.9588629199424317
Epinephelus akaara,Teleostei,Perciformes,Serranidae,Epinephelus,akaara,-0.55129368,38.92324979320565,-2756.047650778884,216.10347744287705,-1994.1446024056083,-588.522102691723,179.2283583714183,f_4,-0.46328786023305796,-0.9592738134224571,-0.9588629199424317
Epinephelus akaara,Teleostei,Perciformes,Serranidae,Epinephelus,akaara,-0.55129368,38.92324979320565,-2756.047650778884,216.10347744287705,-1994.1446024056083,-588.522102691723,179.2283583714183,f_4,-0.4564484356917972,-0.9592738134224571,-0.9588629199424317
Epinephelus akaara,Teleostei,Perciformes,Serranidae,Epinephelus,akaara,-0.55129368,38.92324979320565,-2756.047650778884,216.10347744287705,-1994.1446024056083,-588.522102691723,179.2283583714183,f_4,-0.4138237085843861,-0.9592738134224571,-0.9588629199424317
Gambusia holbrooki,Teleostei,Cyprinodontiformes,Poeciliidae,Gambusia,holbrooki,-4.0,39.5871292029482,-3649.0699176841617,8221.372203174908,5841.226629477732,478.6623617440597,1934.1702622999533,f_4,-3.6993416177635097,-3.6663126685975462,-3.678346297118542
Gambusia holbrooki,Teleostei,Cyprinodontiformes,Poeciliidae,Gambusia,holbrooki,-3.8699809680002883,38.92324979320565,-3649.0699176841617,8221.372203174908,5841.226629477732,478.6623617440597,1934.1702622999533,f_4,-3.5517146121653234,-3.499062901812205,-3.509520155770344
Gambusia holbrooki,Teleostei,Cyprinodontiformes,Poeciliidae,Gambusia,holbrooki,-3.8486988090001732,38.92324979320565,-3649.0699176841617,8221.372203174908,5841.226629477732,478.6623617440597,1934.1702622999533,f_4,-3.2840737783224325,-3.482635749404894,-3.493093003363033
Gambusia holbrooki,Teleostei,Cyprinodontiformes,Poeciliidae,Gambusia,holbrooki,-3.823908741000198,39.5871292029482,-3649.0699176841617,8221.372203174908,5841.226629477732,478.6623617440597,1934.1702622999533,f_4,-3.6246190691204743,-3.55036702663505,-3.5528865248306327
Gambusia holbrooki,Teleostei,Cyprinodontiformes,Poeciliidae,Gambusia,holbrooki,-3.818305869000166,38.92324979320565,-3649.0699176841617,8221.372203174908,5841.226629477732,478.6623617440597,1934.1702622999533,f_4,-3.2807225427145226,-3.4591762189369706,-3.473837991056824
Gambusia holbrooki,Teleostei,Cyprinodontiformes,Poeciliidae,Gambusia,holbrooki,-3.6382721640001567,38.15540662779636,-3649.0699176841617,8221.372203174908,5841.226629477732,478.6623617440597,1934.1702622999533,f_4,-3.075911305329069,-3.2383079799378374,-3.2371226021185744
Gambusia holbrooki,Teleostei,Cyprinodontiformes,Poeciliidae,Gambusia,holbrooki,-3.5228787450000727,38.663891140577256,-3649.0699176841617,8221.372203174908,5841.226629477732,478.6623617440597,1934.1702622999533,f_4,-3.9986850189086867,-3.216204834232424,-3.229781865334455
Gambusia holbrooki,Teleostei,Cyprinodontiformes,Poeciliidae,Gambusia,holbrooki,-3.5228787450000727,38.5995906397614,-3649.0699176841617,8221.372203174908,5841.226629477732,478.6623617440597,1934.1702622999533,f_4,-2.997172684192464,-3.2061813166425592,-3.204267059394812
Gambusia holbrooki,Teleostei,Cyprinodontiformes,Poeciliidae,Gambusia,holbrooki,-3.4202164030000963,38.15540662779636,-3649.0699176841617,8221.372203174908,5841.226629477732,478.6623617440597,1934.1702622999533,f_4,-2.9491364813929675,-3.10128689095612,-3.050956250313382
Gambusia holbrooki,Teleostei,Cyprinodontiformes,Poeciliidae,Gambusia,holbrooki,-3.301029996000038,38.5995906397614,-3649.0699176841617,8221.372203174908,5841.226629477732,478.6623617440597,1934.1702622999533,f_4,-2.8456386698350853,-3.066380489170483,-3.0708211800036898
Gambusia holbrooki,Teleostei,Cyprinodontiformes,Poeciliidae,Gambusia,holbrooki,-3.2365720060000727,38.15540662779636,-3649.0699176841617,8221.372203174908,5841.226629477732,478.6623617440597,1934.1702622999533,f_4,-2.807398693640907,-2.964149393037918,-2.974789290478433
Gambusia holbrooki,Teleostei,Cyprinodontiformes,Poeciliidae,Gambusia,holbrooki,-3.154901960000013,38.5995906397614,-3649.0699176841617,8221.372203174908,5841.226629477732,478.6623617440597,1934.1702622999533,f_4,-2.746321279357566,-2.9643154758098813,-2.953763574851859
Gambusia holbrooki,Teleostei,Cyprinodontiformes,Poeciliidae,Gambusia,holbrooki,-3.1079053970000015,38.15540662779636,-3649.0699176841617,8221.372203174908,5841.226629477732,478.6623617440597,1934.1702622999533,f_4,-2.707977613128555,-2.8540178073374673,-2.833889912862249
Gambusia holbrooki,Teleostei,Cyprinodontiformes,Poeciliidae,Gambusia,holbrooki,-3.0457574910000362,39.5871292029482,-3649.0699176841617,8221.372203174908,5841.226629477732,478.6623617440597,1934.1702622999533,f_4,-3.1550322299515083,-3.0026915188971484,-2.9782894485841145
Gambusia holbrooki,Teleostei,Cyprinodontiformes,Poeciliidae,Gambusia,holbrooki,-3.0457574910000362,38.5995906397614,-3649.0699176841617,8221.372203174908,5841.226629477732,478.6623617440597,1934.1702622999533,f_4,-2.707874197131664,-2.867019640657507,-2.847742256827214
Gambusia holbrooki,Teleostei,Cyprinodontiformes,Poeciliidae,Gambusia,holbrooki,-3.004364805000004,38.15540662779636,-3649.0699176841617,8221.372203174908,5841.226629477732,478.6623617440597,1934.1702622999533,f_4,-2.6822757790903364,-2.7846527055128885,-2.735401596357446
Gambusia holbrooki,Teleostei,Cyprinodontiformes,Poeciliidae,Gambusia,holbrooki,-2.958607315000016,38.5995906397614,-3649.0699176841617,8221.372203174908,5841.226629477732,478.6623617440597,1934.1702622999533,f_4,-2.6562623468333952,-2.8052479211312553,-2.7932028756789054
Gambusia holbrooki,Teleostei,Cyprinodontiformes,Poeciliidae,Gambusia,holbrooki,-2.8632794330000024,38.15540662779636,-3649.0699176841617,8221.372203174908,5841.226629477732,478.6623617440597,1934.1702622999533,f_4,-2.6213378261800515,-2.677406138613936,-2.6758170141242457
Gambusia holbrooki,Teleostei,Cyprinodontiformes,Poeciliidae,Gambusia,holbrooki,-2.8239087410000243,39.5871292029482,-3649.0699176841617,8221.372203174908,5841.226629477732,478.6623617440597,1934.1702622999533,f_4,-2.777847441736894,-2.8397530028663103,-2.826981834276746
Hippoglossoides platessoides,Teleostei,Pleuronectiformes,Pleuronectidae,Hippoglossoides,platessoides,-0.6363880199999997,41.948190586821845,-2756.047650778884,216.10347744287705,-1994.1446024056083,-588.522102691723,179.2283583714183,f_4,-1.7243431904629856,-1.5061049528065185,-1.486233417501071
Hippoglossoides platessoides,Teleostei,Pleuronectiformes,Pleuronectidae,Hippoglossoides,platessoides,-0.571865206,41.948190586821845,-2756.047650778884,216.10347744287705,-1994.1446024056083,-588.522102691723,179.2283583714183,f_4,-1.6396169902380557,-1.4551587654375926,-1.4527648416768737
Hippoglossoides platessoides,Teleostei,Pleuronectiformes,Pleuronectidae,Hippoglossoides,platessoides,-0.5316526699999998,41.948190586821845,-2756.047650778884,216.10347744287705,-1994.1446024056083,-588.522102691723,179.2283583714183,f_4,-1.6865546295735858,-1.4244297893429494,-1.4217258170387757
Hippoglossoides platessoides,Teleostei,Pleuronectiformes,Pleuronectidae,Hippoglossoides,platessoides,-0.4634415569999996,41.948190586821845,-2756.047650778884,216.10347744287705,-1994.1446024056083,-588.522102691723,179.2283583714183,f_4,-1.618343517414215,-1.4035322697596202,-1.413556008753315
Hippoglossoides platessoides,Teleostei,Pleuronectiformes,Pleuronectidae,Hippoglossoides,platessoides,-0.40893539300000015,41.948190586821845,-2756.047650778884,216.10347744287705,-1994.1446024056083,-588.522102691723,179.2283583714183,f_4,-1.5886609366842765,-1.374028856018104,-1.3693070100003424
Ictalurus punctatus,Teleostei,Siluriformes,Ictaluridae,Ictalurus,punctatus,-2.353596274000009,39.12006379856485,-3643.051895229117,8160.737153174095,5777.252841030514,466.7322415737173,1795.1630414385625,f_4,-2.5876794798103098,-2.4023887571895073,-2.4632548350750296
Ictalurus punctatus,Teleostei,Siluriformes,Ictaluridae,Ictalurus,punctatus,-2.3467874860000006,39.31887828508983,-3643.051895229117,8160.737153174095,5777.252841030514,466.7322415737173,1795.1630414385625,f_4,-2.688906358560849,-2.4321671869944166,-2.507892819747639
Ictalurus punctatus,Teleostei,Siluriformes,Ictaluridae,Ictalurus,punctatus,-2.3467874860000006,39.31887828508983,-3643.051895229117,8160.737153174095,5777.252841030514,466.7322415737173,1795.1630414385625,f_4,-2.6779109740825855,-2.4321671869944166,-2.507892819747639
Ictalurus punctatus,Teleostei,Siluriformes,Ictaluridae,Ictalurus,punctatus,-2.3467874860000006,39.31887828508983,-3643.051895229117,8160.737153174095,5777.252841030514,466.7322415737173,1795.1630414385625,f_4,-2.63651828934227,-2.4321671869944166,-2.507892819747639
Ictalurus punctatus,Teleostei,Siluriformes,Ictaluridae,Ictalurus,punctatus,-2.270025714000005,39.12006379856485,-3643.051895229117,8160.737153174095,5777.252841030514,466.7322415737173,1795.1630414385625,f_4,-2.1916494628890537,-2.340974963183448,-2.3833800748940672
Ictalurus punctatus,Teleostei,Siluriformes,Ictaluridae,Ictalurus,punctatus,-2.265200170000005,39.12006379856485,-3643.051895229117,8160.737153174095,5777.252841030514,466.7322415737173,1795.1630414385625,f_4,-2.6625374107950432,-2.3372502495989025,-2.3796553613095215
Ictalurus punctatus,Teleostei,Siluriformes,Ictaluridae,Ictalurus,punctatus,-2.1732774800000008,39.12006379856485,-3643.051895229117,8160.737153174095,5777.252841030514,466.7322415737173,1795.1630414385625,f_4,-2.1425428628548433,-2.265981508696685,-2.3174023779340396
Ictalurus punctatus,Teleostei,Siluriformes,Ictaluridae,Ictalurus,punctatus,-2.140261434000001,39.12006379856485,-3643.051895229117,8160.737153174095,5777.252841030514,466.7322415737173,1795.1630414385625,f_4,-2.3098866506093083,-2.2397501037574257,-2.2775903896467162
Ictalurus punctatus,Teleostei,Siluriformes,Ictaluridae,Ictalurus,punctatus,-2.139661993000001,39.12006379856485,-3643.051895229117,8160.737153174095,5777.252841030514,466.7322415737173,1795.1630414385625,f_4,-2.3737451994623813,-2.239287410631877,-2.2771276965211675
Ictalurus punctatus,Teleostei,Siluriformes,Ictaluridae,Ictalurus,punctatus,-2.1186153430000045,39.12006379856485,-3643.051895229117,8160.737153174095,5777.252841030514,466.7322415737173,1795.1630414385625,f_4,-2.5159525836133154,-2.2230420415783234,-2.274035478145295
Ictalurus punctatus,Teleostei,Siluriformes,Ictaluridae,Ictalurus,punctatus,-2.082494490000004,39.12006379856485,-3643.051895229117,8160.737153174095,5777.252841030514,466.7322415737173,1795.1630414385625,f_4,-2.132833473196617,-2.1981540808218867,-2.23802485368646
Ictalurus punctatus,Teleostei,Siluriformes,Ictaluridae,Ictalurus,punctatus,-0.0835460509999994,39.85906551895677,-3643.051895229117,8160.737153174095,5777.252841030514,466.7322415737173,1795.1630414385625,f_4,-0.870471226141224,-0.6688677193993198,-0.6509194206196525
Labrus bergylta,Teleostei,Perciformes,Labridae,Labrus,bergylta,-1.4948500220000007,39.79073178756819,-2756.047650778884,216.10347744287705,-1994.1446024056083,-588.522102691723,179.2283583714183,f_4,-1.4969147902580677,-1.8114188040796964,-1.8079382575709086
Labrus bergylta,Teleostei,Perciformes,Labridae,Labrus,bergylta,-1.2441251440000003,39.79073178756819,-2756.047650778884,216.10347744287705,-1994.1446024056083,-588.522102691723,179.2283583714183,f_4,-1.216679315545995,-1.6065629898629266,-1.6060280480922389
Labrus bergylta,Teleostei,Perciformes,Labridae,Labrus,bergylta,-1.236572006,39.79073178756819,-2756.047650778884,216.10347744287705,-1994.1446024056083,-588.522102691723,179.2283583714183,f_4,-1.2386367748164995,-1.6007329164630058,-1.600817310956526
Labrus bergylta,Teleostei,Perciformes,Labridae,Labrus,bergylta,-0.9030899869999999,39.85906551895677,-2756.047650778884,216.10347744287705,-1994.1446024056083,-588.522102691723,179.2283583714183,f_4,-1.383975795182106,-1.3547033420050683,-1.3417641553781627
Leuciscus leuciscus,Teleostei,Cypriniformes,Cyprinidae,Leuciscus,leuciscus,-2.0021769190000005,40.06548222283536,-3373.757546678929,5449.495628100146,2918.0786935949145,-65.46878555213755,-4366.756910074552,f_4,-1.8561791523116715,-2.024396717026014,-2.0377095037179775
Lutjanus campechanus,Teleostei,Perciformes,Lutjanidae,Lutjanus,campechanus,-0.4371126189999998,40.274047981413375,-2756.047650778884,216.10347744287705,-1994.1446024056083,-588.522102691723,179.2283583714183,f_4,-0.9840944923736525,-1.0532539753112387,-1.1889820600957746
Lutjanus campechanus,Teleostei,Perciformes,Lutjanidae,Lutjanus,campechanus,-0.4371126189999998,39.5871292029482,-2756.047650778884,216.10347744287705,-1994.1446024056083,-588.522102691723,179.2283583714183,f_4,-0.8931748431943424,-0.9641080070642045,-1.0747920085554448
Mugil curema,Teleostei,Mugiliformes,Mugilidae,Mugil,curema,-0.8538719640000001,39.5871292029482,-3649.0699176841617,8221.372203174908,5841.226629477732,478.6623617440597,1934.1702622999533,f_4,-1.2640464294108116,-1.2993265705806243,-1.235355247228318
Mugil curema,Teleostei,Mugiliformes,Mugilidae,Mugil,curema,-0.8538719640000001,39.5871292029482,-3649.0699176841617,8221.372203174908,5841.226629477732,478.6623617440597,1934.1702622999533,f_4,-1.226619931470188,-1.2993265705806243,-1.235355247228318
Mugil curema,Teleostei,Mugiliformes,Mugilidae,Mugil,curema,-0.8538719640000001,39.5871292029482,-3649.0699176841617,8221.372203174908,5841.226629477732,478.6623617440597,1934.1702622999533,f_4,-1.1056839373155616,-1.2993265705806243,-1.235355247228318
Mugil curema,Teleostei,Mugiliformes,Mugilidae,Mugil,curema,-0.8538719640000001,39.5871292029482,-3649.0699176841617,8221.372203174908,5841.226629477732,478.6623617440597,1934.1702622999533,f_4,-1.0572205533789618,-1.2993265705806243,-1.235355247228318
Mugil curema,Teleostei,Mugiliformes,Mugilidae,Mugil,curema,-0.8538719640000001,39.5871292029482,-3649.0699176841617,8221.372203174908,5841.226629477732,478.6623617440597,1934.1702622999533,f_4,-1.008904193041901,-1.2993265705806243,-1.235355247228318
Mugil curema,Teleostei,Mugiliformes,Mugilidae,Mugil,curema,-0.8538719640000001,39.5871292029482,-3649.0699176841617,8221.372203174908,5841.226629477732,478.6623617440597,1934.1702622999533,f_4,-0.7151734362070756,-1.2993265705806243,-1.235355247228318
Mugil curema,Teleostei,Mugiliformes,Mugilidae,Mugil,curema,-0.8538719640000001,39.5871292029482,-3649.0699176841617,8221.372203174908,5841.226629477732,478.6623617440597,1934.1702622999533,f_4,-0.5967237453267514,-1.2993265705806243,-1.235355247228318
Mugil curema,Teleostei,Mugiliformes,Mugilidae,Mugil,curema,-0.8538719640000001,39.5871292029482,-3649.0699176841617,8221.372203174908,5841.226629477732,478.6623617440597,1934.1702622999533,f_4,-0.5431909540448425,-1.2993265705806243,-1.235355247228318
Mystus cavasius,Teleostei,Siluriformes,Bagridae,Mystus,cavasius,-2.397940009000006,38.40796599650592,-3643.051895229117,8160.737153174095,5777.252841030514,466.7322415737173,1795.1630414385625,f_4,-1.9532014514532343,-2.358315861271034,-2.4722704327405487
Mystus cavasius,Teleostei,Siluriformes,Bagridae,Mystus,cavasius,-2.1549019600000006,38.40796599650592,-3643.051895229117,8160.737153174095,5777.252841030514,466.7322415737173,1795.1630414385625,f_4,-2.0426321915684724,-2.173066038364669,-2.2315795135687764
Mystus cavasius,Teleostei,Siluriformes,Bagridae,Mystus,cavasius,-2.0457574910000025,38.40796599650592,-3643.051895229117,8160.737153174095,5777.252841030514,466.7322415737173,1795.1630414385625,f_4,-1.8549590599629762,-2.0929517856835624,-2.179513546080968
Mystus cavasius,Teleostei,Siluriformes,Bagridae,Mystus,cavasius,-1.8538719640000025,38.40796599650592,-3643.051895229117,8160.737153174095,5777.252841030514,466.7322415737173,1795.1630414385625,f_4,-1.7754957129103692,-1.9463014584869052,-2.036057750598197
Mystus cavasius,Teleostei,Siluriformes,Bagridae,Mystus,cavasius,-1.823908741000001,38.40796599650592,-3643.051895229117,8160.737153174095,5777.252841030514,466.7322415737173,1795.1630414385625,f_4,-1.819109858062552,-1.9231736155442498,-2.0110262992141887
Mystus cavasius,Teleostei,Siluriformes,Bagridae,Mystus,cavasius,-1.7212463990000022,38.40796599650592,-3643.051895229117,8160.737153174095,5777.252841030514,466.7322415737173,1795.1630414385625,f_4,-1.809201569402303,-1.843931188189188,-1.9738080074487265
Mystus cavasius,Teleostei,Siluriformes,Bagridae,Mystus,cavasius,-1.6197887580000008,38.40796599650592,-3643.051895229117,8160.737153174095,5777.252841030514,466.7322415737173,1795.1630414385625,f_4,-1.7444059143696702,-1.7656186386219999,-1.8464103027521057
Mystus cavasius,Teleostei,Siluriformes,Bagridae,Mystus,cavasius,-1.6020599910000006,38.40796599650592,-3643.051895229117,8160.737153174095,5777.252841030514,466.7322415737173,1795.1630414385625,f_4,-1.6600519383056491,-1.7519342583154185,-1.8327259224455243
Mystus cavasius,Teleostei,Siluriformes,Bagridae,Mystus,cavasius,-1.4814860600000008,38.40796599650592,-3643.051895229117,8160.737153174095,5777.252841030514,466.7322415737173,1795.1630414385625,f_4,-1.5187485222410562,-1.6588663350433992,-1.744143010274274
Mystus cavasius,Teleostei,Siluriformes,Bagridae,Mystus,cavasius,-1.4559319560000004,38.40796599650592,-3643.051895229117,8160.737153174095,5777.252841030514,466.7322415737173,1795.1630414385625,f_4,-1.4787165944000442,-1.6391417779137385,-1.716404869424883
Mystus cavasius,Teleostei,Siluriformes,Bagridae,Mystus,cavasius,-1.4317982760000003,38.40796599650592,-3643.051895229117,8160.737153174095,5777.252841030514,466.7322415737173,1795.1630414385625,f_4,-1.4917247226878916,-1.6205136096199515,-1.7007763942863847
Mystus cavasius,Teleostei,Siluriformes,Bagridae,Mystus,cavasius,-1.37675071,38.40796599650592,-3643.051895229117,8160.737153174095,5777.252841030514,466.7322415737173,1795.1630414385625,f_4,-1.3215423232427308,-1.573119976952654,-1.657587666610722
Mystus cavasius,Teleostei,Siluriformes,Bagridae,Mystus,cavasius,-1.3467874860000006,38.40796599650592,-3643.051895229117,8160.737153174095,5777.252841030514,466.7322415737173,1795.1630414385625,f_4,-1.499283376444521,-1.549992133238126,-1.634459822896194
Mystus cavasius,Teleostei,Siluriformes,Bagridae,Mystus,cavasius,-1.3279021420000006,38.40796599650592,-3643.051895229117,8160.737153174095,5777.252841030514,466.7322415737173,1795.1630414385625,f_4,-1.403622856002402,-1.5323310743895224,-1.6161305235880028
Mystus cavasius,Teleostei,Siluriformes,Bagridae,Mystus,cavasius,-1.283996656,38.40796599650592,-3643.051895229117,8160.737153174095,5777.252841030514,466.7322415737173,1795.1630414385625,f_4,-1.3761077864914888,-1.4984415564118032,-1.5822410056102836
Mystus cavasius,Teleostei,Siluriformes,Bagridae,Mystus,cavasius,-1.2757241300000002,38.40796599650592,-3643.051895229117,8160.737153174095,5777.252841030514,466.7322415737173,1795.1630414385625,f_4,-1.3093216384317485,-1.4920562058750129,-1.5758556550734932
Mystus cavasius,Teleostei,Siluriformes,Bagridae,Mystus,cavasius,-1.251811973,38.40796599650592,-3643.051895229117,8160.737153174095,5777.252841030514,466.7322415737173,1795.1630414385625,f_4,-1.27105133097947,-1.4735990255003886,-1.553851372485963
Mystus vittatus,Teleostei,Siluriformes,Bagridae,Mystus,vittatus,-2.397940009000006,38.40796599650592,-3643.051895229117,8160.737153174095,5777.252841030514,466.7322415737173,1795.1630414385625,f_4,-2.15023334578154,-2.358315861271034,-2.4722704327405487
Mystus vittatus,Teleostei,Siluriformes,Bagridae,Mystus,vittatus,-2.397940009000006,37.96815614540901,-3643.051895229117,8160.737153174095,5777.252841030514,466.7322415737173,1795.1630414385625,f_4,-2.037392730828295,-2.309940875745403,-2.435422879726127
Mystus vittatus,Teleostei,Siluriformes,Bagridae,Mystus,vittatus,-2.3467874860000006,38.40796599650592,-3643.051895229117,8160.737153174095,5777.252841030514,466.7322415737173,1795.1630414385625,f_4,-2.3574184987132614,-2.318832541400384,-2.4077667668244045
Mystus vittatus,Teleostei,Siluriformes,Bagridae,Mystus,vittatus,-2.3010299960000036,38.40796599650592,-3643.051895229117,8160.737153174095,5777.252841030514,466.7322415737173,1795.1630414385625,f_4,-2.0738449999510844,-2.2866056858001085,-2.3758129829253543
Mystus vittatus,Teleostei,Siluriformes,Bagridae,Mystus,vittatus,-2.3010299960000036,37.96815614540901,-3643.051895229117,8160.737153174095,5777.252841030514,466.7322415737173,1795.1630414385625,f_4,-1.9267174368800284,-2.2382307002744763,-2.3389654448120933
Mystus vittatus,Teleostei,Siluriformes,Bagridae,Mystus,vittatus,-2.3010299960000036,37.96815614540901,-3643.051895229117,8160.737153174095,5777.252841030514,466.7322415737173,1795.1630414385625,f_4,-1.9217540173901668,-2.2382307002744763,-2.3389654448120933
Mystus vittatus,Teleostei,Siluriformes,Bagridae,Mystus,vittatus,-2.1870866430000007,37.96815614540901,-3643.051895229117,8160.737153174095,5777.252841030514,466.7322415737173,1795.1630414385625,f_4,-1.9579048880898018,-2.1502807500123353,-2.245142723406039
Mystus vittatus,Teleostei,Siluriformes,Bagridae,Mystus,vittatus,-2.1307682800000016,39.5871292029482,-3643.051895229117,8160.737153174095,5777.252841030514,466.7322415737173,1795.1630414385625,f_4,-2.5036465160692356,-2.3079694524535443,-2.3852267711743957
Mystus vittatus,Teleostei,Siluriformes,Bagridae,Mystus,vittatus,-2.1307682800000016,39.5871292029482,-3643.051895229117,8160.737153174095,5777.252841030514,466.7322415737173,1795.1630414385625,f_4,-2.388784669886883,-2.3079694524535443,-2.3852267711743957
Mystus vittatus,Teleostei,Siluriformes,Bagridae,Mystus,vittatus,-2.1307682800000016,39.5871292029482,-3643.051895229117,8160.737153174095,5777.252841030514,466.7322415737173,1795.1630414385625,f_4,-2.370811298755258,-2.3079694524535443,-2.3852267711743957
Mystus vittatus,Teleostei,Siluriformes,Bagridae,Mystus,vittatus,-2.1307682800000016,39.5871292029482,-3643.051895229117,8160.737153174095,5777.252841030514,466.7322415737173,1795.1630414385625,f_4,-2.30554456733492,-2.3079694524535443,-2.3852267711743957
Mystus vittatus,Teleostei,Siluriformes,Bagridae,Mystus,vittatus,-2.1307682800000016,39.5871292029482,-3643.051895229117,8160.737153174095,5777.252841030514,466.7322415737173,1795.1630414385625,f_4,-2.2314428467687626,-2.3079694524535443,-2.3852267711743957
Mystus vittatus,Teleostei,Siluriformes,Bagridae,Mystus,vittatus,-2.1307682800000016,39.5871292029482,-3643.051895229117,8160.737153174095,5777.252841030514,466.7322415737173,1795.1630414385625,f_4,-2.225102668898611,-2.3079694524535443,-2.3852267711743957
Mystus vittatus,Teleostei,Siluriformes,Bagridae,Mystus,vittatus,-2.1307682800000016,39.5871292029482,-3643.051895229117,8160.737153174095,5777.252841030514,466.7322415737173,1795.1630414385625,f_4,-2.1831381672591172,-2.3079694524535443,-2.3852267711743957
Mystus vittatus,Teleostei,Siluriformes,Bagridae,Mystus,vittatus,-2.1307682800000016,39.5871292029482,-3643.051895229117,8160.737153174095,5777.252841030514,466.7322415737173,1795.1630414385625,f_4,-2.097028218113918,-2.3079694524535443,-2.3852267711743957
Mystus vittatus,Teleostei,Siluriformes,Bagridae,Mystus,vittatus,-2.096910013,38.40796599650592,-3643.051895229117,8160.737153174095,5777.252841030514,466.7322415737173,1795.1630414385625,f_4,-2.1216084734429814,-2.1263090736636894,-2.1976810223128402
Mystus vittatus,Teleostei,Siluriformes,Bagridae,Mystus,vittatus,-2.096910013,37.96815614540901,-3643.051895229117,8160.737153174095,5777.252841030514,466.7322415737173,1795.1630414385625,f_4,-1.9873867530736402,-2.077934088138058,-2.1635752010017
Mystus vittatus,Teleostei,Siluriformes,Bagridae,Mystus,vittatus,-2.0457574910000025,38.40796599650592,-3643.051895229117,8160.737153174095,5777.252841030514,466.7322415737173,1795.1630414385625,f_4,-2.001217364336725,-2.0929517856835624,-2.179513546080968
Mystus vittatus,Teleostei,Siluriformes,Bagridae,Mystus,vittatus,-2.0457574910000025,37.96815614540901,-3643.051895229117,8160.737153174095,5777.252841030514,466.7322415737173,1795.1630414385625,f_4,-1.9605178870005433,-2.0445768001579308,-2.1444286216218438
Mystus vittatus,Teleostei,Siluriformes,Bagridae,Mystus,vittatus,-2.0087739240000024,37.96815614540901,-3643.051895229117,8160.737153174095,5777.252841030514,466.7322415737173,1795.1630414385625,f_4,-1.8762532313166334,-2.0181142225672577,-2.1158819552957575
Mystus vittatus,Teleostei,Siluriformes,Bagridae,Mystus,vittatus,-1.9586073150000003,38.40796599650592,-3643.051895229117,8160.737153174095,5777.252841030514,466.7322415737173,1795.1630414385625,f_4,-2.0425761877732236,-2.0251623396525167,-2.117707416701769
Mystus vittatus,Teleostei,Siluriformes,Bagridae,Mystus,vittatus,-1.9586073150000003,37.96815614540901,-3643.051895229117,8160.737153174095,5777.252841030514,466.7322415737173,1795.1630414385625,f_4,-1.8090054237750968,-1.9767873541268852,-2.082622477341484
Mystus vittatus,Teleostei,Siluriformes,Bagridae,Mystus,vittatus,-1.9208187540000028,38.40796599650592,-3643.051895229117,8160.737153174095,5777.252841030514,466.7322415737173,1795.1630414385625,f_4,-1.998685028049216,-1.9966394105360847,-2.1026511832449284
Mystus vittatus,Teleostei,Siluriformes,Bagridae,Mystus,vittatus,-1.8860566480000023,38.40796599650592,-3643.051895229117,8160.737153174095,5777.252841030514,466.7322415737173,1795.1630414385625,f_4,-1.9953313858639972,-1.9711439901701937,-2.050062153655139
Mystus vittatus,Teleostei,Siluriformes,Bagridae,Mystus,vittatus,-1.823908741000001,38.40796599650592,-3643.051895229117,8160.737153174095,5777.252841030514,466.7322415737173,1795.1630414385625,f_4,-2.100674566614848,-1.9231736155442498,-2.0110262992141887
Mystus vittatus,Teleostei,Siluriformes,Bagridae,Mystus,vittatus,-1.795880017,38.40796599650592,-3643.051895229117,8160.737153174095,5777.252841030514,466.7322415737173,1795.1630414385625,f_4,-2.0600567155816347,-1.9015389627382075,-1.9886171585550962
Mystus vittatus,Teleostei,Siluriformes,Bagridae,Mystus,vittatus,-1.7447274950000005,38.40796599650592,-3643.051895229117,8160.737153174095,5777.252841030514,466.7322415737173,1795.1630414385625,f_4,-1.847536190900342,-1.862055643639436,-1.9553009979407836
Mystus vittatus,Teleostei,Siluriformes,Bagridae,Mystus,vittatus,-1.6989700040000009,37.96815614540901,-3643.051895229117,8160.737153174095,5777.252841030514,466.7322415737173,1795.1630414385625,f_4,-1.609587655615878,-1.7795020269173945,-1.8947757204790148
Mystus vittatus,Teleostei,Siluriformes,Bagridae,Mystus,vittatus,-1.6777807050000009,37.96815614540901,-3643.051895229117,8160.737153174095,5777.252841030514,466.7322415737173,1795.1630414385625,f_4,-1.6109641844191187,-1.7631465507612765,-1.8760554449425944
Mystus vittatus,Teleostei,Siluriformes,Bagridae,Mystus,vittatus,-1.6575773190000016,38.40796599650592,-3643.051895229117,8160.737153174095,5777.252841030514,466.7322415737173,1795.1630414385625,f_4,-1.647926304626147,-1.7947866591596078,-1.8885997775047634
Mystus vittatus,Teleostei,Siluriformes,Bagridae,Mystus,vittatus,-1.6382721640000018,38.40796599650592,-3643.051895229117,8160.737153174095,5777.252841030514,466.7322415737173,1795.1630414385625,f_4,-1.6092442040813029,-1.7798855054077702,-1.877867551422451
Mystus vittatus,Teleostei,Siluriformes,Bagridae,Mystus,vittatus,-1.6197887580000008,37.96815614540901,-3643.051895229117,8160.737153174095,5777.252841030514,466.7322415737173,1795.1630414385625,f_4,-1.5691956494115333,-1.718384055012581,-1.8137887637557428
Mystus vittatus,Teleostei,Siluriformes,Bagridae,Mystus,vittatus,-1.5850266520000007,38.40796599650592,-3643.051895229117,8160.737153174095,5777.252841030514,466.7322415737173,1795.1630414385625,f_4,-1.607941559540916,-1.738786661036548,-1.819578325166654
Mystus vittatus,Teleostei,Siluriformes,Bagridae,Mystus,vittatus,-1.5528419690000002,38.40796599650592,-3643.051895229117,8160.737153174095,5777.252841030514,466.7322415737173,1795.1630414385625,f_4,-1.603311220196185,-1.7139441301251332,-1.794735794255239
Mystus vittatus,Teleostei,Siluriformes,Bagridae,Mystus,vittatus,-1.5528419690000002,37.96815614540901,-3643.051895229117,8160.737153174095,5777.252841030514,466.7322415737173,1795.1630414385625,f_4,-1.483139759563218,-1.6667095465157145,-1.7621142552588762
Mystus vittatus,Teleostei,Siluriformes,Bagridae,Mystus,vittatus,-1.5228787450000005,37.96815614540901,-3643.051895229117,8160.737153174095,5777.252841030514,466.7322415737173,1795.1630414385625,f_4,-1.5752486321551762,-1.6435817028011863,-1.7385110048976196
Mystus vittatus,Teleostei,Siluriformes,Bagridae,Mystus,vittatus,-1.5228787450000005,37.96815614540901,-3643.051895229117,8160.737153174095,5777.252841030514,466.7322415737173,1795.1630414385625,f_4,-1.5676954943147887,-1.6435817028011863,-1.7385110048976196
Mystus vittatus,Teleostei,Siluriformes,Bagridae,Mystus,vittatus,-1.5086383060000006,37.96815614540901,-3643.051895229117,8160.737153174095,5777.252841030514,466.7322415737173,1795.1630414385625,f_4,-1.5667605219747314,-1.6325898733632633,-1.732479578306033
Mystus vittatus,Teleostei,Siluriformes,Bagridae,Mystus,vittatus,-1.4948500220000007,37.96815614540901,-3643.051895229117,8160.737153174095,5777.252841030514,466.7322415737173,1795.1630414385625,f_4,-1.5510463164681063,-1.621947050767019,-1.7218367557097887
Mystus vittatus,Teleostei,Siluriformes,Bagridae,Mystus,vittatus,-1.4202164030000004,37.96815614540901,-3643.051895229117,8160.737153174095,5777.252841030514,466.7322415737173,1795.1630414385625,f_4,-1.5586795307011192,-1.5630759270826826,-1.6572172091868058
Mystus vittatus,Teleostei,Siluriformes,Bagridae,Mystus,vittatus,-1.4089353930000006,37.96815614540901,-3643.051895229117,8160.737153174095,5777.252841030514,466.7322415737173,1795.1630414385625,f_4,-1.5544223038541265,-1.5516144047541058,-1.6407693831775876
Mystus vittatus,Teleostei,Siluriformes,Bagridae,Mystus,vittatus,-1.3979400090000005,37.96815614540901,-3643.051895229117,8160.737153174095,5777.252841030514,466.7322415737173,1795.1630414385625,f_4,-1.5505661676956901,-1.543127349998809,-1.6322823284222907
Mystus vittatus,Teleostei,Siluriformes,Bagridae,Mystus,vittatus,-1.3872161430000005,37.96815614540901,-3643.051895229117,8160.737153174095,5777.252841030514,466.7322415737173,1795.1630414385625,f_4,-1.5422483720544637,-1.5348498730202453,-1.624004851443727
Mystus vittatus,Teleostei,Siluriformes,Bagridae,Mystus,vittatus,-1.301029996,37.96815614540901,-3643.051895229117,8160.737153174095,5777.252841030514,466.7322415737173,1795.1630414385625,f_4,-1.428033500830053,-1.4669351105021935,-1.560769154224697
Mystus vittatus,Teleostei,Siluriformes,Bagridae,Mystus,vittatus,-1.296708622,37.96815614540901,-3643.051895229117,8160.737153174095,5777.252841030514,466.7322415737173,1795.1630414385625,f_4,-1.416978744426108,-1.4635995528030612,-1.5566378596166521
Mystus vittatus,Teleostei,Siluriformes,Bagridae,Mystus,vittatus,-1.2924298240000005,37.96815614540901,-3643.051895229117,8160.737153174095,5777.252841030514,466.7322415737173,1795.1630414385625,f_4,-1.406069367533777,-1.4602968584257798,-1.5533351652393708
Mystus vittatus,Teleostei,Siluriformes,Bagridae,Mystus,vittatus,-1.283996656,37.96815614540901,-3643.051895229117,8160.737153174095,5777.252841030514,466.7322415737173,1795.1630414385625,f_4,-1.3932713945957047,-1.453787512451449,-1.54682581926504
Mystus vittatus,Teleostei,Siluriformes,Bagridae,Mystus,vittatus,-1.232844134,37.96815614540901,-3643.051895229117,8160.737153174095,5777.252841030514,466.7322415737173,1795.1630414385625,f_4,-1.350892796463271,-1.4130494731947232,-1.4943359396618314
Mystus vittatus,Teleostei,Siluriformes,Bagridae,Mystus,vittatus,-1.229147988,37.96815614540901,-3643.051895229117,8160.737153174095,5777.252841030514,466.7322415737173,1795.1630414385625,f_4,-1.3319566843557447,-1.410575199562555,-1.4914829794118238
Mystus vittatus,Teleostei,Siluriformes,Bagridae,Mystus,vittatus,-1.2218487500000006,37.96815614540901,-3643.051895229117,8160.737153174095,5777.252841030514,466.7322415737173,1795.1630414385625,f_4,-1.3443517535857428,-1.4049411050572662,-1.4820399990937756
Mystus vittatus,Teleostei,Siluriformes,Bagridae,Mystus,vittatus,-1.2111248840000002,37.96815614540901,-3643.051895229117,8160.737153174095,5777.252841030514,466.7322415737173,1795.1630414385625,f_4,-1.3160782486929317,-1.3946082284030252,-1.4671547660965731
Oligolepis acutipennis,Teleostei,Perciformes,Gobiidae,Oligolepis,acutipennis,-2.200659451000001,38.79313697424123,-3649.0699176841617,8221.372203174908,5841.226629477732,478.6623617440597,1934.1702622999533,f_4,-3.1196024915604403,-2.2598307349410325,-2.2812159805180836
Oligolepis acutipennis,Teleostei,Perciformes,Gobiidae,Oligolepis,acutipennis,-2.200659451000001,39.99643951695421,-3649.0699176841617,8221.372203174908,5841.226629477732,478.6623617440597,1934.1702622999533,f_4,-2.8401121734832566,-2.4132469917912975,-2.3941409079211873
Oligolepis acutipennis,Teleostei,Perciformes,Gobiidae,Oligolepis,acutipennis,-2.200659451000001,38.79313697424123,-3649.0699176841617,8221.372203174908,5841.226629477732,478.6623617440597,1934.1702622999533,f_4,-2.443646849911521,-2.2598307349410325,-2.2812159805180836
Oligolepis acutipennis,Teleostei,Perciformes,Gobiidae,Oligolepis,acutipennis,-2.200659451000001,38.79313697424123,-3649.0699176841617,8221.372203174908,5841.226629477732,478.6623617440597,1934.1702622999533,f_4,-2.417839586021721,-2.2598307349410325,-2.2812159805180836
Oligolepis acutipennis,Teleostei,Perciformes,Gobiidae,Oligolepis,acutipennis,-2.200659451000001,39.31887828508983,-3649.0699176841617,8221.372203174908,5841.226629477732,478.6623617440597,1934.1702622999533,f_4,-2.4041383083364902,-2.322150907999179,-2.308496556274919
Oligolepis acutipennis,Teleostei,Perciformes,Gobiidae,Oligolepis,acutipennis,-2.200659451000001,38.663891140577256,-3649.0699176841617,8221.372203174908,5841.226629477732,478.6623617440597,1934.1702622999533,f_4,-2.341451240117523,-2.2438583443902016,-2.2713316605386753
Oligolepis acutipennis,Teleostei,Perciformes,Gobiidae,Oligolepis,acutipennis,-2.200659451000001,38.79313697424123,-3649.0699176841617,8221.372203174908,5841.226629477732,478.6623617440597,1934.1702622999533,f_4,-2.301334016987424,-2.2598307349410325,-2.2812159805180836
Oligolepis acutipennis,Teleostei,Perciformes,Gobiidae,Oligolepis,acutipennis,-2.200659451000001,38.79313697424123,-3649.0699176841617,8221.372203174908,5841.226629477732,478.6623617440597,1934.1702622999533,f_4,-2.280550411050595,-2.2598307349410325,-2.2812159805180836
Oligolepis acutipennis,Teleostei,Perciformes,Gobiidae,Oligolepis,acutipennis,-2.200659451000001,38.79313697424123,-3649.0699176841617,8221.372203174908,5841.226629477732,478.6623617440597,1934.1702622999533,f_4,-2.2253579110117454,-2.2598307349410325,-2.2812159805180836
Oligolepis acutipennis,Teleostei,Perciformes,Gobiidae,Oligolepis,acutipennis,-2.200659451000001,38.79313697424123,-3649.0699176841617,8221.372203174908,5841.226629477732,478.6623617440597,1934.1702622999533,f_4,-2.176395280379124,-2.2598307349410325,-2.2812159805180836
Oligolepis acutipennis,Teleostei,Perciformes,Gobiidae,Oligolepis,acutipennis,-2.200659451000001,38.03036842813129,-3649.0699176841617,8221.372203174908,5841.226629477732,478.6623617440597,1934.1702622999533,f_4,-2.159177749017008,-2.162468173899376,-2.172388310836662
Oligolepis acutipennis,Teleostei,Perciformes,Gobiidae,Oligolepis,acutipennis,-2.200659451000001,37.29701727733975,-3649.0699176841617,8221.372203174908,5841.226629477732,478.6623617440597,1934.1702622999533,f_4,-2.0807644860948606,-2.122869946081323,-2.099988147778635
Oncorhynchus mykiss,Teleostei,Salmoniformes,Salmonidae,Oncorhynchus,mykiss,-4.15490196,41.87251281199445,-2756.047650778884,216.10347744287705,-1994.1446024056083,-588.522102691723,179.2283583714183,f_4,-4.552369499653768,-4.2107085312561106,-4.231806438831374
Oncorhynchus mykiss,Teleostei,Salmoniformes,Salmonidae,Oncorhynchus,mykiss,-4.15490196,41.87251281199445,-2756.047650778884,216.10347744287705,-1994.1446024056083,-588.522102691723,179.2283583714183,f_4,-4.464836173776244,-4.2107085312561106,-4.231806438831374
Oncorhynchus mykiss,Teleostei,Salmoniformes,Salmonidae,Oncorhynchus,mykiss,-4.15490196,40.69776232103897,-2756.047650778884,216.10347744287705,-1994.1446024056083,-588.522102691723,179.2283583714183,f_4,-4.400853865037139,-3.9927036923809607,-3.967965054592758
Oncorhynchus mykiss,Teleostei,Salmoniformes,Salmonidae,Oncorhynchus,mykiss,-4.15490196,40.69776232103897,-2756.047650778884,216.10347744287705,-1994.1446024056083,-588.522102691723,179.2283583714183,f_4,-4.141960808845876,-3.9927036923809607,-3.967965054592758
Oncorhynchus mykiss,Teleostei,Salmoniformes,Salmonidae,Oncorhynchus,mykiss,-4.15490196,40.69776232103897,-2756.047650778884,216.10347744287705,-1994.1446024056083,-588.522102691723,179.2283583714183,f_4,-3.8785704235709986,-3.9927036923809607,-3.967965054592758
Oncorhynchus mykiss,Teleostei,Salmoniformes,Salmonidae,Oncorhynchus,mykiss,-4.15490196,40.41430237104044,-2756.047650778884,216.10347744287705,-1994.1446024056083,-588.522102691723,179.2283583714183,f_4,-3.8542435829238304,-3.949447219569984,-3.922432844701111
Oncorhynchus mykiss,Teleostei,Salmoniformes,Salmonidae,Oncorhynchus,mykiss,-4.15490196,40.9852266496354,-2756.047650778884,216.10347744287705,-1994.1446024056083,-588.522102691723,179.2283583714183,f_4,-3.808570582798335,-4.045199231216165,-4.1030238913738
Oncorhynchus mykiss,Teleostei,Salmoniformes,Salmonidae,Oncorhynchus,mykiss,-4.15490196,39.85906551895677,-2756.047650778884,216.10347744287705,-1994.1446024056083,-588.522102691723,179.2283583714183,f_4,-3.6697841508322977,-3.8505647009750192,-3.859675955788697
Oncorhynchus mykiss,Teleostei,Salmoniformes,Salmonidae,Oncorhynchus,mykiss,-4.045757491,41.87251281199445,-2756.047650778884,216.10347744287705,-1994.1446024056083,-588.522102691723,179.2283583714183,f_4,-4.526643297264625,-4.1243601739765685,-4.162755494515464
Oncorhynchus mykiss,Teleostei,Salmoniformes,Salmonidae,Oncorhynchus,mykiss,-4.045757491,41.87251281199445,-2756.047650778884,216.10347744287705,-1994.1446024056083,-588.522102691723,179.2283583714183,f_4,-4.430756372255435,-4.1243601739765685,-4.162755494515464
Oncorhynchus mykiss,Teleostei,Salmoniformes,Salmonidae,Oncorhynchus,mykiss,-4.045757491,40.69776232103897,-2756.047650778884,216.10347744287705,-1994.1446024056083,-588.522102691723,179.2283583714183,f_4,-3.920768109322247,-3.9100924097081133,-3.898914118309506
Oncorhynchus mykiss,Teleostei,Salmoniformes,Salmonidae,Oncorhynchus,mykiss,-3.853871964000074,40.69776232103897,-2756.047650778884,216.10347744287705,-1994.1446024056083,-588.522102691723,179.2283583714183,f_4,-3.893108837304023,-3.7537784281218514,-3.6855975310392872
Oncorhynchus mykiss,Teleostei,Salmoniformes,Salmonidae,Oncorhynchus,mykiss,-3.853871964000074,40.69776232103897,-2756.047650778884,216.10347744287705,-1994.1446024056083,-588.522102691723,179.2283583714183,f_4,-3.792884990301183,-3.7537784281218514,-3.6855975310392872
Oncorhynchus mykiss,Teleostei,Salmoniformes,Salmonidae,Oncorhynchus,mykiss,-3.769551079000073,40.69776232103897,-2756.047650778884,216.10347744287705,-1994.1446024056083,-588.522102691723,179.2283583714183,f_4,-3.6719999413597355,-3.6825398326743906,-3.6061809623068366
Oncorhynchus mykiss,Teleostei,Salmoniformes,Salmonidae,Oncorhynchus,mykiss,-3.657577319000128,40.69776232103897,-2756.047650778884,216.10347744287705,-1994.1446024056083,-588.522102691723,179.2283583714183,f_4,-3.6596420915850394,-3.586460355139657,-3.5459752627791654
Oncorhynchus mykiss,Teleostei,Salmoniformes,Salmonidae,Oncorhynchus,mykiss,-3.657577319000128,40.69776232103897,-2756.047650778884,216.10347744287705,-1994.1446024056083,-588.522102691723,179.2283583714183,f_4,-3.586439420830265,-3.586460355139657,-3.5459752627791654
Oncorhynchus mykiss,Teleostei,Salmoniformes,Salmonidae,Oncorhynchus,mykiss,-3.552841969000098,41.87251281199445,-2756.047650778884,216.10347744287705,-1994.1446024056083,-588.522102691723,179.2283583714183,f_4,-3.8047842156808973,-3.719840982207259,-3.7100921724617133
Oncorhynchus mykiss,Teleostei,Salmoniformes,Salmonidae,Oncorhynchus,mykiss,-3.5228787450000727,41.87251281199445,-2756.047650778884,216.10347744287705,-1994.1446024056083,-588.522102691723,179.2283583714183,f_4,-3.675504909104332,-3.6967131384927114,-3.6869643287471656
Oncorhynchus mykiss,Teleostei,Salmoniformes,Salmonidae,Oncorhynchus,mykiss,-3.4089353930000037,41.87251281199445,-2756.047650778884,216.10347744287705,-1994.1446024056083,-588.522102691723,179.2283583714183,f_4,-3.476817448966234,-3.608763189002393,-3.5677992815016535
Oncorhynchus mykiss,Teleostei,Salmoniformes,Salmonidae,Oncorhynchus,mykiss,-3.207608311000064,40.69776232103897,-2756.047650778884,216.10347744287705,-1994.1446024056083,-588.522102691723,179.2283583714183,f_4,-3.226977938944202,-3.2347394643662195,-3.2413694572384917
Oncorhynchus mykiss,Teleostei,Salmoniformes,Salmonidae,Oncorhynchus,mykiss,-3.0809219080000356,41.87251281199445,-2756.047650778884,216.10347744287705,-1994.1446024056083,-588.522102691723,179.2283583714183,f_4,-3.474193303919987,-3.3434113221397497,-3.385086244402872
Oncorhynchus mykiss,Teleostei,Salmoniformes,Salmonidae,Oncorhynchus,mykiss,-3.0809219080000356,41.87251281199445,-2756.047650778884,216.10347744287705,-1994.1446024056083,-588.522102691723,179.2283583714183,f_4,-3.4230407798750035,-3.3434113221397497,-3.385086244402872
Oncorhynchus mykiss,Teleostei,Salmoniformes,Salmonidae,Oncorhynchus,mykiss,-3.026872146000011,40.69776232103897,-2756.047650778884,216.10347744287705,-1994.1446024056083,-588.522102691723,179.2283583714183,f_4,-3.2941620782788696,-3.0956824704332253,-3.0977969711432745
Oncorhynchus mykiss,Teleostei,Salmoniformes,Salmonidae,Oncorhynchus,mykiss,-3.026872146000011,40.69776232103897,-2756.047650778884,216.10347744287705,-1994.1446024056083,-588.522102691723,179.2283583714183,f_4,-3.1966276308782193,-3.0956824704332253,-3.0977969711432745
Oncorhynchus mykiss,Teleostei,Salmoniformes,Salmonidae,Oncorhynchus,mykiss,-3.004364805000004,41.87251281199445,-2756.047650778884,216.10347744287705,-1994.1446024056083,-588.522102691723,179.2283583714183,f_4,-3.495591450509398,-3.2886237452915177,-3.300497573963543
Oncorhynchus mykiss,Teleostei,Salmoniformes,Salmonidae,Oncorhynchus,mykiss,-2.978810701000004,41.87251281199445,-2756.047650778884,216.10347744287705,-1994.1446024056083,-588.522102691723,179.2283583714183,f_4,-3.5695715025475474,-3.265707110410407,-3.294253620528798
Oncorhynchus mykiss,Teleostei,Salmoniformes,Salmonidae,Oncorhynchus,mykiss,-2.958607315000016,40.134763706879696,-2756.047650778884,216.10347744287705,-1994.1446024056083,-588.522102691723,179.2283583714183,f_4,-2.678715968646315,-2.9308659124868823,-2.959798304761349
Oncorhynchus mykiss,Teleostei,Salmoniformes,Salmonidae,Oncorhynchus,mykiss,-2.958607315000016,39.85906551895677,-2756.047650778884,216.10347744287705,-1994.1446024056083,-588.522102691723,179.2283583714183,f_4,-2.6471014329991,-2.896794724218561,-2.910278358114403
Oncorhynchus mykiss,Teleostei,Salmoniformes,Salmonidae,Oncorhynchus,mykiss,-2.958607315000016,39.5871292029482,-2756.047650778884,216.10347744287705,-1994.1446024056083,-588.522102691723,179.2283583714183,f_4,-2.5654549331422674,-2.858919587400957,-2.895688549455856
Oncorhynchus mykiss,Teleostei,Salmoniformes,Salmonidae,Oncorhynchus,mykiss,-2.950781977000026,40.69776232103897,-2756.047650778884,216.10347744287705,-1994.1446024056083,-588.522102691723,179.2283583714183,f_4,-3.071052099165598,-3.027586705195202,-3.0160283736191613
Oncorhynchus mykiss,Teleostei,Salmoniformes,Salmonidae,Oncorhynchus,mykiss,-2.950781977000026,40.69776232103897,-2756.047650778884,216.10347744287705,-1994.1446024056083,-588.522102691723,179.2283583714183,f_4,-2.921754018196149,-3.027586705195202,-3.0160283736191613
Oncorhynchus mykiss,Teleostei,Salmoniformes,Salmonidae,Oncorhynchus,mykiss,-2.801342913000004,41.87251281199445,-2756.047650778884,216.10347744287705,-1994.1446024056083,-588.522102691723,179.2283583714183,f_4,-3.512677642411473,-3.1273455569090487,-3.150886855873894
Oncorhynchus mykiss,Teleostei,Salmoniformes,Salmonidae,Oncorhynchus,mykiss,-2.5767541260000146,41.87251281199445,-2756.047650778884,216.10347744287705,-1994.1446024056083,-588.522102691723,179.2283583714183,f_4,-3.0475396073935213,-2.931493704070243,-2.9169483226752817
Oncorhynchus mykiss,Teleostei,Salmoniformes,Salmonidae,Oncorhynchus,mykiss,-2.5638373530000007,41.87251281199445,-2756.047650778884,216.10347744287705,-1994.1446024056083,-588.522102691723,179.2283583714183,f_4,-2.965541914952827,-2.921523578450905,-2.9097849797784168
Oncorhynchus mykiss,Teleostei,Salmoniformes,Salmonidae,Oncorhynchus,mykiss,-2.5257837360000086,40.69776232103897,-2756.047650778884,216.10347744287705,-1994.1446024056083,-588.522102691723,179.2283583714183,f_4,-2.7599972109741655,-2.6879955049725757,-2.591452895447176
Oncorhynchus mykiss,Teleostei,Salmoniformes,Salmonidae,Oncorhynchus,mykiss,-2.5257837360000086,40.69776232103897,-2756.047650778884,216.10347744287705,-1994.1446024056083,-588.522102691723,179.2283583714183,f_4,-2.624334609244986,-2.6879955049725757,-2.591452895447176
Oncorhynchus mykiss,Teleostei,Salmoniformes,Salmonidae,Oncorhynchus,mykiss,-2.3757179040000014,41.87251281199445,-2756.047650778884,216.10347744287705,-1994.1446024056083,-588.522102691723,179.2283583714183,f_4,-2.8222348110236637,-2.8424482603589416,-2.83973618604051
Oncorhynchus mykiss,Teleostei,Salmoniformes,Salmonidae,Oncorhynchus,mykiss,-2.3635121040000078,41.87251281199445,-2756.047650778884,216.10347744287705,-1994.1446024056083,-588.522102691723,179.2283583714183,f_4,-2.748510972420925,-2.8330269165539277,-2.813776684176376
Oncorhynchus mykiss,Teleostei,Salmoniformes,Salmonidae,Oncorhynchus,mykiss,-2.3506651410000066,41.87251281199445,-2756.047650778884,216.10347744287705,-1994.1446024056083,-588.522102691723,179.2283583714183,f_4,-2.6242493083128866,-2.823110675482194,-2.803860443104642
Oncorhynchus mykiss,Teleostei,Salmoniformes,Salmonidae,Oncorhynchus,mykiss,-2.3260580010000007,40.69776232103897,-2756.047650778884,216.10347744287705,-1994.1446024056083,-588.522102691723,179.2283583714183,f_4,-2.4019089841156545,-2.5472988119818085,-2.518080837830134
Oncorhynchus mykiss,Teleostei,Salmoniformes,Salmonidae,Oncorhynchus,mykiss,-2.3260580010000007,40.69776232103897,-2756.047650778884,216.10347744287705,-1994.1446024056083,-588.522102691723,179.2283583714183,f_4,-2.3281227698976688,-2.5472988119818085,-2.518080837830134
Oncorhynchus mykiss,Teleostei,Salmoniformes,Salmonidae,Oncorhynchus,mykiss,-2.250263684000006,40.69776232103897,-2756.047650778884,216.10347744287705,-1994.1446024056083,-588.522102691723,179.2283583714183,f_4,-2.264369071377826,-2.4865077787502545,-2.450621417519946
Oncorhynchus mykiss,Teleostei,Salmoniformes,Salmonidae,Oncorhynchus,mykiss,-2.150580586000002,40.69776232103897,-2756.047650778884,216.10347744287705,-1994.1446024056083,-588.522102691723,179.2283583714183,f_4,-2.3761938892954397,-2.4110278031757373,-2.3494320149841537
Oncorhynchus mykiss,Teleostei,Salmoniformes,Salmonidae,Oncorhynchus,mykiss,-2.137868621000001,41.87251281199445,-2756.047650778884,216.10347744287705,-1994.1446024056083,-588.522102691723,179.2283583714183,f_4,-2.6396883360590597,-2.681505075391247,-2.6245077237408867
Oncorhynchus mykiss,Teleostei,Salmoniformes,Salmonidae,Oncorhynchus,mykiss,-2.137868621000001,41.87251281199445,-2756.047650778884,216.10347744287705,-1994.1446024056083,-588.522102691723,179.2283583714183,f_4,-2.5750455008901545,-2.681505075391247,-2.6245077237408867
Oncorhynchus mykiss,Teleostei,Salmoniformes,Salmonidae,Oncorhynchus,mykiss,-2.137868621000001,40.69776232103897,-2756.047650778884,216.10347744287705,-1994.1446024056083,-588.522102691723,179.2283583714183,f_4,-2.29775335237457,-2.4074239790198955,-2.3446609041258424
Oncorhynchus mykiss,Teleostei,Salmoniformes,Salmonidae,Oncorhynchus,mykiss,-2.096910013,40.69776232103897,-2756.047650778884,216.10347744287705,-1994.1446024056083,-588.522102691723,179.2283583714183,f_4,-1.9821699398167123,-2.351544554418296,-2.320656796087516
Oncorhynchus mykiss,Teleostei,Salmoniformes,Salmonidae,Oncorhynchus,mykiss,-2.096910013,40.41430237104044,-2756.047650778884,216.10347744287705,-1994.1446024056083,-588.522102691723,179.2283583714183,f_4,-1.8482499041962315,-2.303579463521473,-2.2663730842845498
Oncorhynchus mykiss,Teleostei,Salmoniformes,Salmonidae,Oncorhynchus,mykiss,-2.096910013,40.134763706879696,-2756.047650778884,216.10347744287705,-1994.1446024056083,-588.522102691723,179.2283583714183,f_4,-1.8369688937952657,-2.226889618978892,-2.2630652776936926
Oncorhynchus mykiss,Teleostei,Salmoniformes,Salmonidae,Oncorhynchus,mykiss,-2.0222763950000036,40.9852266496354,-2756.047650778884,216.10347744287705,-1994.1446024056083,-588.522102691723,179.2283583714183,f_4,-2.0381294478802316,-2.3841225148937926,-2.444901089478058
Oncorhynchus mykiss,Teleostei,Salmoniformes,Salmonidae,Oncorhynchus,mykiss,-2.0222763950000036,39.85906551895677,-2756.047650778884,216.10347744287705,-1994.1446024056083,-588.522102691723,179.2283583714183,f_4,-1.7486339978524026,-2.167945817392261,-2.224104357272362
Oncorhynchus mykiss,Teleostei,Salmoniformes,Salmonidae,Oncorhynchus,mykiss,-1.9586073150000003,39.5871292029482,-2756.047650778884,216.10347744287705,-1994.1446024056083,-588.522102691723,179.2283583714183,f_4,-1.7089958486175627,-2.1399204283377764,-2.1850884466835203
Oncorhynchus mykiss,Teleostei,Salmoniformes,Salmonidae,Oncorhynchus,mykiss,-1.0952844549999998,40.274047981413375,-2756.047650778884,216.10347744287705,-1994.1446024056083,-588.522102691723,179.2283583714183,f_4,-1.4086791756182266,-1.5395298763662755,-1.5784592767381076
Oncorhynchus mykiss,Teleostei,Salmoniformes,Salmonidae,Oncorhynchus,mykiss,-1.0952844549999998,40.274047981413375,-2756.047650778884,216.10347744287705,-1994.1446024056083,-588.522102691723,179.2283583714183,f_4,-1.3533008442406134,-1.5395298763662755,-1.5784592767381076
Oncorhynchus mykiss,Teleostei,Salmoniformes,Salmonidae,Oncorhynchus,mykiss,-1.0952844549999998,40.274047981413375,-2756.047650778884,216.10347744287705,-1994.1446024056083,-588.522102691723,179.2283583714183,f_4,-1.2777024839880968,-1.5395298763662755,-1.5784592767381076
Oncorhynchus mykiss,Teleostei,Salmoniformes,Salmonidae,Oncorhynchus,mykiss,-1.0952844549999998,40.274047981413375,-2756.047650778884,216.10347744287705,-1994.1446024056083,-588.522102691723,179.2283583714183,f_4,-1.2067361121833318,-1.5395298763662755,-1.5784592767381076
Oncorhynchus mykiss,Teleostei,Salmoniformes,Salmonidae,Oncorhynchus,mykiss,-1.0952844549999998,40.274047981413375,-2756.047650778884,216.10347744287705,-1994.1446024056083,-588.522102691723,179.2283583714183,f_4,-1.129012231547949,-1.5395298763662755,-1.5784592767381076
Oncorhynchus mykiss,Teleostei,Salmoniformes,Salmonidae,Oncorhynchus,mykiss,-1.0952844549999998,40.274047981413375,-2756.047650778884,216.10347744287705,-1994.1446024056083,-588.522102691723,179.2283583714183,f_4,-1.1111375077965757,-1.5395298763662755,-1.5784592767381076
Oncorhynchus mykiss,Teleostei,Salmoniformes,Salmonidae,Oncorhynchus,mykiss,-1.0705810739999997,40.69776232103897,-2756.047650778884,216.10347744287705,-1994.1446024056083,-588.522102691723,179.2283583714183,f_4,-1.3473468998130724,-1.591758342983439,-1.5406666474978103
Oncorhynchus mykiss,Teleostei,Salmoniformes,Salmonidae,Oncorhynchus,mykiss,-1.0705810739999997,39.5871292029482,-2756.047650778884,216.10347744287705,-1994.1446024056083,-588.522102691723,179.2283583714183,f_4,-1.006669543988854,-1.4503203402174147,-1.440665173023228
Oncorhynchus mykiss,Teleostei,Salmoniformes,Salmonidae,Oncorhynchus,mykiss,-1.0,40.274047981413375,-2756.047650778884,216.10347744287705,-1994.1446024056083,-588.522102691723,179.2283583714183,f_4,-1.7027345578211217,-1.4880820841173732,-1.522672033998417
Oncorhynchus mykiss,Teleostei,Salmoniformes,Salmonidae,Oncorhynchus,mykiss,-1.0,41.72197348856467,-2756.047650778884,216.10347744287705,-1994.1446024056083,-588.522102691723,179.2283583714183,f_4,-1.677910974082569,-1.7502698568470425,-1.790199926361287
Oncorhynchus mykiss,Teleostei,Salmoniformes,Salmonidae,Oncorhynchus,mykiss,-1.0,41.72197348856467,-2756.047650778884,216.10347744287705,-1994.1446024056083,-588.522102691723,179.2283583714183,f_4,-1.6621167068541864,-1.7502698568470425,-1.790199926361287
Oncorhynchus mykiss,Teleostei,Salmoniformes,Salmonidae,Oncorhynchus,mykiss,-1.0,41.72197348856467,-2756.047650778884,216.10347744287705,-1994.1446024056083,-588.522102691723,179.2283583714183,f_4,-1.654429878220947,-1.7502698568470425,-1.790199926361287
Oncorhynchus mykiss,Teleostei,Salmoniformes,Salmonidae,Oncorhynchus,mykiss,-1.0,41.72197348856467,-2756.047650778884,216.10347744287705,-1994.1446024056083,-588.522102691723,179.2283583714183,f_4,-1.6394527222088513,-1.7502698568470425,-1.790199926361287
Oncorhynchus mykiss,Teleostei,Salmoniformes,Salmonidae,Oncorhynchus,mykiss,-1.0,41.72197348856467,-2756.047650778884,216.10347744287705,-1994.1446024056083,-588.522102691723,179.2283583714183,f_4,-1.6321534834989073,-1.7502698568470425,-1.790199926361287
Oncorhynchus mykiss,Teleostei,Salmoniformes,Salmonidae,Oncorhynchus,mykiss,-1.0,41.72197348856467,-2756.047650778884,216.10347744287705,-1994.1446024056083,-588.522102691723,179.2283583714183,f_4,-1.617913044444356,-1.7502698568470425,-1.790199926361287
Oncorhynchus mykiss,Teleostei,Salmoniformes,Salmonidae,Oncorhynchus,mykiss,-1.0,40.274047981413375,-2756.047650778884,216.10347744287705,-1994.1446024056083,-588.522102691723,179.2283583714183,f_4,-1.6041247599180573,-1.4880820841173732,-1.522672033998417
Oncorhynchus mykiss,Teleostei,Salmoniformes,Salmonidae,Oncorhynchus,mykiss,-1.0,41.72197348856467,-2756.047650778884,216.10347744287705,-1994.1446024056083,-588.522102691723,179.2283583714183,f_4,-1.5973913772874349,-1.7502698568470425,-1.790199926361287
Oncorhynchus mykiss,Teleostei,Salmoniformes,Salmonidae,Oncorhynchus,mykiss,-1.0,40.274047981413375,-2756.047650778884,216.10347744287705,-1994.1446024056083,-588.522102691723,179.2283583714183,f_4,-1.5907607983218768,-1.4880820841173732,-1.522672033998417
Oncorhynchus mykiss,Teleostei,Salmoniformes,Salmonidae,Oncorhynchus,mykiss,-1.0,40.274047981413375,-2756.047650778884,216.10347744287705,-1994.1446024056083,-588.522102691723,179.2283583714183,f_4,-1.5714556431183122,-1.4880820841173732,-1.522672033998417
Oncorhynchus mykiss,Teleostei,Salmoniformes,Salmonidae,Oncorhynchus,mykiss,-1.0,41.72197348856467,-2756.047650778884,216.10347744287705,-1994.1446024056083,-588.522102691723,179.2283583714183,f_4,-1.5410730141683477,-1.7502698568470425,-1.790199926361287
Oncorhynchus mykiss,Teleostei,Salmoniformes,Salmonidae,Oncorhynchus,mykiss,-1.0,40.274047981413375,-2756.047650778884,216.10347744287705,-1994.1446024056083,-588.522102691723,179.2283583714183,f_4,-1.437176880296057,-1.4880820841173732,-1.522672033998417
Oncorhynchus mykiss,Teleostei,Salmoniformes,Salmonidae,Oncorhynchus,mykiss,-1.0,40.274047981413375,-2756.047650778884,216.10347744287705,-1994.1446024056083,-588.522102691723,179.2283583714183,f_4,-1.3728782359817826,-1.4880820841173732,-1.522672033998417
Oncorhynchus mykiss,Teleostei,Salmoniformes,Salmonidae,Oncorhynchus,mykiss,-1.0,40.274047981413375,-2756.047650778884,216.10347744287705,-1994.1446024056083,-588.522102691723,179.2283583714183,f_4,-1.3610867112456162,-1.4880820841173732,-1.522672033998417
Oncorhynchus mykiss,Teleostei,Salmoniformes,Salmonidae,Oncorhynchus,mykiss,-1.0,40.274047981413375,-2756.047650778884,216.10347744287705,-1994.1446024056083,-588.522102691723,179.2283583714183,f_4,-1.3065010129314807,-1.4880820841173732,-1.522672033998417
Oncorhynchus mykiss,Teleostei,Salmoniformes,Salmonidae,Oncorhynchus,mykiss,-0.956637722,40.134763706879696,-2756.047650778884,216.10347744287705,-1994.1446024056083,-588.522102691723,179.2283583714183,f_4,-1.0284859621951652,-1.430106652822919,-1.4200301236163506
Oncorhynchus mykiss,Teleostei,Salmoniformes,Salmonidae,Oncorhynchus,mykiss,-0.93930216,40.69776232103897,-2756.047650778884,216.10347744287705,-1994.1446024056083,-588.522102691723,179.2283583714183,f_4,-1.3673356605186022,-1.4873814162704886,-1.459588236598086
Oncorhynchus mykiss,Teleostei,Salmoniformes,Salmonidae,Oncorhynchus,mykiss,-0.93930216,40.69776232103897,-2756.047650778884,216.10347744287705,-1994.1446024056083,-588.522102691723,179.2283583714183,f_4,-1.3121803956232203,-1.4873814162704886,-1.459588236598086
Oncorhynchus mykiss,Teleostei,Salmoniformes,Salmonidae,Oncorhynchus,mykiss,-0.9377941909999998,40.41430237104044,-2756.047650778884,216.10347744287705,-1994.1446024056083,-588.522102691723,179.2283583714183,f_4,-1.4396139061766327,-1.4546343292119477,-1.4226064686018596
Oncorhynchus mykiss,Teleostei,Salmoniformes,Salmonidae,Oncorhynchus,mykiss,-0.8777841220000001,39.85906551895677,-2756.047650778884,216.10347744287705,-1994.1446024056083,-588.522102691723,179.2283583714183,f_4,-0.8632072189863166,-1.3351703941894077,-1.3222312075625022
Oncorhynchus mykiss,Teleostei,Salmoniformes,Salmonidae,Oncorhynchus,mykiss,-0.8523236759999999,40.41430237104044,-2756.047650778884,216.10347744287705,-1994.1446024056083,-588.522102691723,179.2283583714183,f_4,-0.8526952863073298,-1.3886618319559696,-1.356193075788478
Oncorhynchus mykiss,Teleostei,Salmoniformes,Salmonidae,Oncorhynchus,mykiss,-0.8239087409999997,40.9852266496354,-2756.047650778884,216.10347744287705,-1994.1446024056083,-588.522102691723,179.2283583714183,f_4,-1.1338429297322916,-1.4549898403150094,-1.4925030478398282
Oncorhynchus mykiss,Teleostei,Salmoniformes,Salmonidae,Oncorhynchus,mykiss,-0.6777807049999999,41.188879949757805,-2756.047650778884,216.10347744287705,-1994.1446024056083,-588.522102691723,179.2283583714183,f_4,-1.464836148797171,-1.3656093581877673,-1.3999980547984188
Oncorhynchus mykiss,Teleostei,Salmoniformes,Salmonidae,Oncorhynchus,mykiss,-0.6777807049999999,41.188879949757805,-2756.047650778884,216.10347744287705,-1994.1446024056083,-588.522102691723,179.2283583714183,f_4,-1.4348729253962735,-1.3656093581877673,-1.3999980547984188
Oncorhynchus mykiss,Teleostei,Salmoniformes,Salmonidae,Oncorhynchus,mykiss,-0.6777807049999999,41.188879949757805,-2756.047650778884,216.10347744287705,-1994.1446024056083,-588.522102691723,179.2283583714183,f_4,-1.4068442017755074,-1.3656093581877673,-1.3999980547984188
Oncorhynchus mykiss,Teleostei,Salmoniformes,Salmonidae,Oncorhynchus,mykiss,-0.6777807049999999,41.188879949757805,-2756.047650778884,216.10347744287705,-1994.1446024056083,-588.522102691723,179.2283583714183,f_4,-1.3891154348421655,-1.3656093581877673,-1.3999980547984188
Oncorhynchus mykiss,Teleostei,Salmoniformes,Salmonidae,Oncorhynchus,mykiss,-0.6777807049999999,41.188879949757805,-2756.047650778884,216.10347744287705,-1994.1446024056083,-588.522102691723,179.2283583714183,f_4,-1.3805152630350492,-1.3656093581877673,-1.3999980547984188
Oncorhynchus mykiss,Teleostei,Salmoniformes,Salmonidae,Oncorhynchus,mykiss,-0.6777807049999999,41.188879949757805,-2756.047650778884,216.10347744287705,-1994.1446024056083,-588.522102691723,179.2283583714183,f_4,-1.3638095695584371,-1.3656093581877673,-1.3999980547984188
Oncorhynchus mykiss,Teleostei,Salmoniformes,Salmonidae,Oncorhynchus,mykiss,-0.6777807049999999,41.188879949757805,-2756.047650778884,216.10347744287705,-1994.1446024056083,-588.522102691723,179.2283583714183,f_4,-1.3556916793486486,-1.3656093581877673,-1.3999980547984188
Oncorhynchus mykiss,Teleostei,Salmoniformes,Salmonidae,Oncorhynchus,mykiss,-0.6777807049999999,41.188879949757805,-2756.047650778884,216.10347744287705,-1994.1446024056083,-588.522102691723,179.2283583714183,f_4,-1.3477227496893136,-1.3656093581877673,-1.3999980547984188
Oncorhynchus mykiss,Teleostei,Salmoniformes,Salmonidae,Oncorhynchus,mykiss,-0.6777807049999999,41.188879949757805,-2756.047650778884,216.10347744287705,-1994.1446024056083,-588.522102691723,179.2283583714183,f_4,-1.3246574456030185,-1.3656093581877673,-1.3999980547984188
Oncorhynchus mykiss,Teleostei,Salmoniformes,Salmonidae,Oncorhynchus,mykiss,-0.6777807049999999,41.188879949757805,-2756.047650778884,216.10347744287705,-1994.1446024056083,-588.522102691723,179.2283583714183,f_4,-1.3099341887551366,-1.3656093581877673,-1.3999980547984188
Oncorhynchus mykiss,Teleostei,Salmoniformes,Salmonidae,Oncorhynchus,mykiss,-0.6777807049999999,41.188879949757805,-2756.047650778884,216.10347744287705,-1994.1446024056083,-588.522102691723,179.2283583714183,f_4,-1.3027556041393182,-1.3656093581877673,-1.3999980547984188
Oncorhynchus mykiss,Teleostei,Salmoniformes,Salmonidae,Oncorhynchus,mykiss,-0.6777807049999999,41.188879949757805,-2756.047650778884,216.10347744287705,-1994.1446024056083,-588.522102691723,179.2283583714183,f_4,-1.2819054651979913,-1.3656093581877673,-1.3999980547984188
Oncorhynchus mykiss,Teleostei,Salmoniformes,Salmonidae,Oncorhynchus,mykiss,-0.6777807049999999,41.188879949757805,-2756.047650778884,216.10347744287705,-1994.1446024056083,-588.522102691723,179.2283583714183,f_4,-1.2751720825035022,-1.3656093581877673,-1.3999980547984188
Oncorhynchus mykiss,Teleostei,Salmoniformes,Salmonidae,Oncorhynchus,mykiss,-0.6777807049999999,41.188879949757805,-2756.047650778884,216.10347744287705,-1994.1446024056083,-588.522102691723,179.2283583714183,f_4,-1.2492363485342983,-1.3656093581877673,-1.3999980547984188
Oncorhynchus mykiss,Teleostei,Salmoniformes,Salmonidae,Oncorhynchus,mykiss,-0.6777807049999999,41.188879949757805,-2756.047650778884,216.10347744287705,-1994.1446024056083,-588.522102691723,179.2283583714183,f_4,-1.2072718466920793,-1.3656093581877673,-1.3999980547984188
Oncorhynchus mykiss,Teleostei,Salmoniformes,Salmonidae,Oncorhynchus,mykiss,-0.6635402659999997,41.188879949757805,-2756.047650778884,216.10347744287705,-1994.1446024056083,-588.522102691723,179.2283583714183,f_4,-1.3256569730572374,-1.3607346410204828,-1.3890062253604958
Oncorhynchus mykiss,Teleostei,Salmoniformes,Salmonidae,Oncorhynchus,mykiss,-0.661543506,40.69776232103897,-2756.047650778884,216.10347744287705,-1994.1446024056083,-588.522102691723,179.2283583714183,f_4,-1.4186357265045,-1.2808400361993306,-1.2384056189076653
Oncorhynchus mykiss,Teleostei,Salmoniformes,Salmonidae,Oncorhynchus,mykiss,-0.6595558850000001,41.2767808139579,-2756.047650778884,216.10347744287705,-1994.1446024056083,-588.522102691723,179.2283583714183,f_4,-1.194799355831152,-1.3740886485189814,-1.3967937022185748
Oncorhynchus mykiss,Teleostei,Salmoniformes,Salmonidae,Oncorhynchus,mykiss,-0.6497519820000001,41.2767808139579,-2756.047650778884,216.10347744287705,-1994.1446024056083,-588.522102691723,179.2283583714183,f_4,-1.2087983669054838,-1.3665212673728004,-1.3892263210723939
Oncorhynchus mykiss,Teleostei,Salmoniformes,Salmonidae,Oncorhynchus,mykiss,-0.6478174819999997,40.274047981413375,-2756.047650778884,216.10347744287705,-1994.1446024056083,-588.522102691723,179.2283583714183,f_4,-1.0849943622433804,-1.2147573767655961,-1.2397776522383404
Oncorhynchus mykiss,Teleostei,Salmoniformes,Salmonidae,Oncorhynchus,mykiss,-0.6478174819999997,40.274047981413375,-2756.047650778884,216.10347744287705,-1994.1446024056083,-588.522102691723,179.2283583714183,f_4,-1.0713504816464101,-1.2147573767655961,-1.2397776522383404
Oncorhynchus mykiss,Teleostei,Salmoniformes,Salmonidae,Oncorhynchus,mykiss,-0.6478174819999997,40.274047981413375,-2756.047650778884,216.10347744287705,-1994.1446024056083,-588.522102691723,179.2283583714183,f_4,-1.0452849910666853,-1.2147573767655961,-1.2397776522383404
Oncorhynchus mykiss,Teleostei,Salmoniformes,Salmonidae,Oncorhynchus,mykiss,-0.6478174819999997,40.274047981413375,-2756.047650778884,216.10347744287705,-1994.1446024056083,-588.522102691723,179.2283583714183,f_4,-1.0050437723310945,-1.2147573767655961,-1.2397776522383404
Oncorhynchus mykiss,Teleostei,Salmoniformes,Salmonidae,Oncorhynchus,mykiss,-0.623423043,41.2767808139579,-2756.047650778884,216.10347744287705,-1994.1446024056083,-588.522102691723,179.2283583714183,f_4,-1.1763952803791244,-1.3514654087213271,-1.368056758841204
Oncorhynchus mykiss,Teleostei,Salmoniformes,Salmonidae,Oncorhynchus,mykiss,-0.5767541259999999,41.15966279781615,-2756.047650778884,216.10347744287705,-1994.1446024056083,-588.522102691723,179.2283583714183,f_4,-1.3535904043598928,-1.3075260088551857,-1.3331957351843404
Oncorhynchus mykiss,Teleostei,Salmoniformes,Salmonidae,Oncorhynchus,mykiss,-0.5406075119999997,40.274047981413375,-2756.047650778884,216.10347744287705,-1994.1446024056083,-588.522102691723,179.2283583714183,f_4,-1.0532851549249655,-1.1239670100825805,-1.1669561746260269
Oncorhynchus mykiss,Teleostei,Salmoniformes,Salmonidae,Oncorhynchus,mykiss,-0.5228787449999996,40.274047981413375,-2756.047650778884,216.10347744287705,-1994.1446024056083,-588.522102691723,179.2283583714183,f_4,-1.014105386754413,-1.107450876871914,-1.1768329776826445
Oncorhynchus mykiss,Teleostei,Salmoniformes,Salmonidae,Oncorhynchus,mykiss,-0.45593195599999986,40.9852266496354,-2756.047650778884,216.10347744287705,-1994.1446024056083,-588.522102691723,179.2283583714183,f_4,-1.0273875988322816,-1.2816978680112296,-1.2805941044368225
Oncorhynchus mykiss,Teleostei,Salmoniformes,Salmonidae,Oncorhynchus,mykiss,-0.45593195599999986,40.9852266496354,-2756.047650778884,216.10347744287705,-1994.1446024056083,-588.522102691723,179.2283583714183,f_4,-0.9471585971594054,-1.2816978680112296,-1.2805941044368225
Oncorhynchus mykiss,Teleostei,Salmoniformes,Salmonidae,Oncorhynchus,mykiss,-0.45593195599999986,40.9852266496354,-2756.047650778884,216.10347744287705,-1994.1446024056083,-588.522102691723,179.2283583714183,f_4,-0.9267174368800274,-1.2816978680112296,-1.2805941044368225
Oncorhynchus mykiss,Teleostei,Salmoniformes,Salmonidae,Oncorhynchus,mykiss,-0.45593195599999986,40.9852266496354,-2756.047650778884,216.10347744287705,-1994.1446024056083,-588.522102691723,179.2283583714183,f_4,-0.9024488621597366,-1.2816978680112296,-1.2805941044368225
Oncorhynchus mykiss,Teleostei,Salmoniformes,Salmonidae,Oncorhynchus,mykiss,-0.45593195599999986,40.9852266496354,-2756.047650778884,216.10347744287705,-1994.1446024056083,-588.522102691723,179.2283583714183,f_4,-0.8619153156978419,-1.2816978680112296,-1.2805941044368225
Oncorhynchus mykiss,Teleostei,Salmoniformes,Salmonidae,Oncorhynchus,mykiss,-0.45593195599999986,40.9852266496354,-2756.047650778884,216.10347744287705,-1994.1446024056083,-588.522102691723,179.2283583714183,f_4,-0.8288101916477741,-1.2816978680112296,-1.2805941044368225
Oncorhynchus mykiss,Teleostei,Salmoniformes,Salmonidae,Oncorhynchus,mykiss,-0.34678748600000003,41.72197348856467,-2756.047650778884,216.10347744287705,-1994.1446024056083,-588.522102691723,179.2283583714183,f_4,-1.1660276129268823,-1.1417040061418315,-1.2000287085601034
Oncorhynchus mykiss,Teleostei,Salmoniformes,Salmonidae,Oncorhynchus,mykiss,-0.3010299959999997,40.48479653181323,-2756.047650778884,216.10347744287705,-1994.1446024056083,-588.522102691723,179.2283583714183,f_4,-0.9631467026289893,-0.9516686397290627,-0.9239048351930013
Oncorhynchus mykiss,Teleostei,Salmoniformes,Salmonidae,Oncorhynchus,mykiss,-0.3010299959999997,40.48479653181323,-2756.047650778884,216.10347744287705,-1994.1446024056083,-588.522102691723,179.2283583714183,f_4,-0.9260048945662863,-0.9516686397290627,-0.9239048351930013
Oncorhynchus mykiss,Teleostei,Salmoniformes,Salmonidae,Oncorhynchus,mykiss,-0.3010299959999997,40.48479653181323,-2756.047650778884,216.10347744287705,-1994.1446024056083,-588.522102691723,179.2283583714183,f_4,-0.9119941801816079,-0.9516686397290627,-0.9239048351930013
Oncorhynchus mykiss,Teleostei,Salmoniformes,Salmonidae,Oncorhynchus,mykiss,-0.3010299959999997,40.48479653181323,-2756.047650778884,216.10347744287705,-1994.1446024056083,-588.522102691723,179.2283583714183,f_4,-0.8917907939858569,-0.9516686397290627,-0.9239048351930013
Oncorhynchus mykiss,Teleostei,Salmoniformes,Salmonidae,Oncorhynchus,mykiss,-0.3010299959999997,40.274047981413375,-2756.047650778884,216.10347744287705,-1994.1446024056083,-588.522102691723,179.2283583714183,f_4,-0.8600763807662698,-0.9241087926308162,-0.973938916863534
Oncorhynchus mykiss,Teleostei,Salmoniformes,Salmonidae,Oncorhynchus,mykiss,-0.3010299959999997,40.274047981413375,-2756.047650778884,216.10347744287705,-1994.1446024056083,-588.522102691723,179.2283583714183,f_4,-0.8540022330807849,-0.9241087926308162,-0.973938916863534
Oncorhynchus mykiss,Teleostei,Salmoniformes,Salmonidae,Oncorhynchus,mykiss,-0.3010299959999997,40.48479653181323,-2756.047650778884,216.10347744287705,-1994.1446024056083,-588.522102691723,179.2283583714183,f_4,-0.7768362782885311,-0.9516686397290627,-0.9239048351930013
Oncorhynchus mykiss,Teleostei,Salmoniformes,Salmonidae,Oncorhynchus,mykiss,-0.2881927709999996,40.134763706879696,-2756.047650778884,216.10347744287705,-1994.1446024056083,-588.522102691723,179.2283583714183,f_4,-0.6571048196716315,-0.9043818296434735,-0.8991805961821555
Oncorhynchus mykiss,Teleostei,Salmoniformes,Salmonidae,Oncorhynchus,mykiss,-0.2881927709999996,39.85906551895677,-2756.047650778884,216.10347744287705,-1994.1446024056083,-588.522102691723,179.2283583714183,f_4,-0.6015874918875308,-0.8657996907511858,-0.8561175173269213
Oncorhynchus mykiss,Teleostei,Salmoniformes,Salmonidae,Oncorhynchus,mykiss,-0.2881927709999996,39.5871292029482,-2756.047650778884,216.10347744287705,-1994.1446024056083,-588.522102691723,179.2283583714183,f_4,-0.5224062457595685,-0.83058654891803,-0.8470562785883631
Oncorhynchus mykiss,Teleostei,Salmoniformes,Salmonidae,Oncorhynchus,mykiss,-0.2881927709999996,39.31887828508983,-2756.047650778884,216.10347744287705,-1994.1446024056083,-588.522102691723,179.2283583714183,f_4,-0.37627821012723756,-0.7981996015140461,-0.8207002827080256
Oncorhynchus mykiss,Teleostei,Salmoniformes,Salmonidae,Oncorhynchus,mykiss,-0.2881927709999996,38.92324979320565,-2756.047650778884,216.10347744287705,-1994.1446024056083,-588.522102691723,179.2283583714183,f_4,-0.26713374068304147,-0.7454455836675099,-0.750329083174216
Oncorhynchus mykiss,Teleostei,Salmoniformes,Salmonidae,Oncorhynchus,mykiss,-0.2881927709999996,38.79313697424123,-2756.047650778884,216.10347744287705,-1994.1446024056083,-588.522102691723,179.2283583714183,f_4,-0.25916481102150407,-0.7354205100056703,-0.7957011501670972
Oncorhynchus mykiss,Teleostei,Salmoniformes,Salmonidae,Oncorhynchus,mykiss,-0.2881927709999996,39.05423835047708,-2756.047650778884,216.10347744287705,-1994.1446024056083,-588.522102691723,179.2283583714183,f_4,-0.2286754889501038,-0.7479263866336346,-0.7602802013396683
Oncorhynchus mykiss,Teleostei,Salmoniformes,Salmonidae,Oncorhynchus,mykiss,-0.2479515519999999,40.274047981413375,-2756.047650778884,216.10347744287705,-1994.1446024056083,-588.522102691723,179.2283583714183,f_4,-0.7288373604208627,-0.9154558559047872,-0.9492911043150023
Oncorhynchus mykiss,Teleostei,Salmoniformes,Salmonidae,Oncorhynchus,mykiss,-0.2254830339999995,40.274047981413375,-2756.047650778884,216.10347744287705,-1994.1446024056083,-588.522102691723,179.2283583714183,f_4,-0.760726504781423,-0.9014138410869295,-0.9339673950601479
Oncorhynchus mykiss,Teleostei,Salmoniformes,Salmonidae,Oncorhynchus,mykiss,-0.15490195999999995,40.274047981413375,-2756.047650778884,216.10347744287705,-1994.1446024056083,-588.522102691723,179.2283583714183,f_4,-0.6675796026216201,-0.8139347930614301,-0.8864644734085148
Oncorhynchus mykiss,Teleostei,Salmoniformes,Salmonidae,Oncorhynchus,mykiss,-0.11463877999999984,40.274047981413375,-2756.047650778884,216.10347744287705,-1994.1446024056083,-588.522102691723,179.2283583714183,f_4,-0.5381717796118517,-0.7372479262174578,-0.800361672628261
Oncorhynchus mykiss,Teleostei,Salmoniformes,Salmonidae,Oncorhynchus,mykiss,-0.11463877999999984,40.274047981413375,-2756.047650778884,216.10347744287705,-1994.1446024056083,-588.522102691723,179.2283583714183,f_4,-0.4915197584050315,-0.7372479262174578,-0.800361672628261
Oncorhynchus mykiss,Teleostei,Salmoniformes,Salmonidae,Oncorhynchus,mykiss,-0.11463877999999984,40.274047981413375,-2756.047650778884,216.10347744287705,-1994.1446024056083,-588.522102691723,179.2283583714183,f_4,-0.43503840241973435,-0.7372479262174578,-0.800361672628261
Oncorhynchus mykiss,Teleostei,Salmoniformes,Salmonidae,Oncorhynchus,mykiss,-0.11463877999999984,40.274047981413375,-2756.047650778884,216.10347744287705,-1994.1446024056083,-588.522102691723,179.2283583714183,f_4,-0.42803350083005265,-0.7372479262174578,-0.800361672628261
Oncorhynchus mykiss,Teleostei,Salmoniformes,Salmonidae,Oncorhynchus,mykiss,0.07918124600000054,40.9852266496354,-2756.047650778884,216.10347744287705,-1994.1446024056083,-588.522102691723,179.2283583714183,f_4,-0.6498822504464091,-0.8002678532494022,-0.799978731694359
Pleuronectes platessa,Teleostei,Pleuronectiformes,Pleuronectidae,Pleuronectes,platessa,-3.0,40.9852266496354,-2756.047650778884,216.10347744287705,-1994.1446024056083,-588.522102691723,179.2283583714183,f_4,-2.92458330796481,-3.120451622815282,-3.1906940886927675
Pleuronectes platessa,Teleostei,Pleuronectiformes,Pleuronectidae,Pleuronectes,platessa,-3.0,40.274047981413375,-2756.047650778884,216.10347744287705,-1994.1446024056083,-588.522102691723,179.2283583714183,f_4,-2.623553311286757,-3.023036664014906,-3.063895680112704
Pleuronectes platessa,Teleostei,Pleuronectiformes,Pleuronectidae,Pleuronectes,platessa,-3.0,39.5871292029482,-2756.047650778884,216.10347744287705,-1994.1446024056083,-588.522102691723,179.2283583714183,f_4,-2.2877612095975692,-2.894061616519601,-2.9292552721559697
Pleuronectes platessa,Teleostei,Pleuronectiformes,Pleuronectidae,Pleuronectes,platessa,-2.6989700040000053,40.9852266496354,-2756.047650778884,216.10347744287705,-1994.1446024056083,-588.522102691723,179.2283583714183,f_4,-2.6959749736988288,-2.8760823374626647,-2.9342023546018328
Pleuronectes platessa,Teleostei,Pleuronectiformes,Pleuronectidae,Pleuronectes,platessa,-2.6989700040000053,40.274047981413375,-2756.047650778884,216.10347744287705,-1994.1446024056083,-588.522102691723,179.2283583714183,f_4,-2.431667785482441,-2.781803716188186,-2.815153106773469
Pleuronectes platessa,Teleostei,Pleuronectiformes,Pleuronectidae,Pleuronectes,platessa,-2.6989700040000053,39.5871292029482,-2756.047650778884,216.10347744287705,-1994.1446024056083,-588.522102691723,179.2283583714183,f_4,-2.0722468585237728,-2.656967773822607,-2.6790636177013107
Pleuronectes platessa,Teleostei,Pleuronectiformes,Pleuronectidae,Pleuronectes,platessa,-2.3010299960000036,41.72197348856467,-2756.047650778884,216.10347744287705,-1994.1446024056083,-588.522102691723,179.2283583714183,f_4,-2.6860288647384367,-2.7592969035005352,-2.802968752705405
Pleuronectes platessa,Teleostei,Pleuronectiformes,Pleuronectidae,Pleuronectes,platessa,-2.3010299960000036,40.9852266496354,-2756.047650778884,216.10347744287705,-1994.1446024056083,-588.522102691723,179.2283583714183,f_4,-2.428033501153293,-2.595045707195308,-2.6364665632484274
Pleuronectes platessa,Teleostei,Pleuronectiformes,Pleuronectidae,Pleuronectes,platessa,-2.3010299960000036,40.274047981413375,-2756.047650778884,216.10347744287705,-1994.1446024056083,-588.522102691723,179.2283583714183,f_4,-2.1407917897246946,-2.4632706899066847,-2.5142258182431783
Pleuronectes platessa,Teleostei,Pleuronectiformes,Pleuronectidae,Pleuronectes,platessa,-2.3010299960000036,39.5871292029482,-2756.047650778884,216.10347744287705,-1994.1446024056083,-588.522102691723,179.2283583714183,f_4,-1.9539387007925686,-2.346814660098898,-2.39387143711071
Pleuronectes platessa,Teleostei,Pleuronectiformes,Pleuronectidae,Pleuronectes,platessa,-1.568636236,40.9852266496354,-2756.047650778884,216.10347744287705,-1994.1446024056083,-588.522102691723,179.2283583714183,f_4,-1.8750069799741051,-2.039790504568977,-2.101881472422719
Pleuronectes platessa,Teleostei,Pleuronectiformes,Pleuronectidae,Pleuronectes,platessa,-1.568636236,39.5871292029482,-2756.047650778884,216.10347744287705,-1994.1446024056083,-588.522102691723,179.2283583714183,f_4,-1.753501419204199,-1.8432109818376743,-1.8637771860681034
Pleuronectes platessa,Teleostei,Pleuronectiformes,Pleuronectidae,Pleuronectes,platessa,-1.036212173,39.5871292029482,-2756.047650778884,216.10347744287705,-1994.1446024056083,-588.522102691723,179.2283583714183,f_4,-1.5830637776230394,-1.423791867481367,-1.4264815123301915
Pleuronectes platessa,Teleostei,Pleuronectiformes,Pleuronectidae,Pleuronectes,platessa,-0.9788107009999999,40.274047981413375,-2756.047650778884,216.10347744287705,-1994.1446024056083,-588.522102691723,179.2283583714183,f_4,-1.5828051920352246,-1.4689610766333394,-1.496375002282664
Pleuronectes platessa,Teleostei,Pleuronectiformes,Pleuronectidae,Pleuronectes,platessa,-0.9746941349999999,39.5871292029482,-2756.047650778884,216.10347744287705,-1994.1446024056083,-588.522102691723,179.2283583714183,f_4,-1.585528050370699,-1.3763664558062778,-1.3767998217605038
Pleuronectes platessa,Teleostei,Pleuronectiformes,Pleuronectidae,Pleuronectes,platessa,-0.9586073149999998,40.9852266496354,-2756.047650778884,216.10347744287705,-1994.1446024056083,-588.522102691723,179.2283583714183,f_4,-1.7155692661554804,-1.565496015523002,-1.6085283556865249
Pleuronectes platessa,Teleostei,Pleuronectiformes,Pleuronectidae,Pleuronectes,platessa,-0.9586073149999998,40.274047981413375,-2756.047650778884,216.10347744287705,-1994.1446024056083,-588.522102691723,179.2283583714183,f_4,-1.5558684232879696,-1.4533666014222508,-1.4864000008269351
Pleuronectes platessa,Teleostei,Pleuronectiformes,Pleuronectidae,Pleuronectes,platessa,-0.9586073149999998,39.5871292029482,-2756.047650778884,216.10347744287705,-1994.1446024056083,-588.522102691723,179.2283583714183,f_4,-1.2548384276239875,-1.3639494522547324,-1.3700022835824148
Pleuronectes platessa,Teleostei,Pleuronectiformes,Pleuronectidae,Pleuronectes,platessa,-0.9208187539999996,40.9852266496354,-2756.047650778884,216.10347744287705,-1994.1446024056083,-588.522102691723,179.2283583714183,f_4,-1.762791494974431,-1.5339043107579426,-1.5898108622208702
Pleuronectes platessa,Teleostei,Pleuronectiformes,Pleuronectidae,Pleuronectes,platessa,-0.9208187539999996,40.9852266496354,-2756.047650778884,216.10347744287705,-1994.1446024056083,-588.522102691723,179.2283583714183,f_4,-1.62342304294349,-1.5339043107579426,-1.5898108622208702
Pleuronectes platessa,Teleostei,Pleuronectiformes,Pleuronectidae,Pleuronectes,platessa,-0.9208187539999996,40.274047981413375,-2756.047650778884,216.10347744287705,-1994.1446024056083,-588.522102691723,179.2283583714183,f_4,-1.5180798623985694,-1.4241985808846436,-1.4676825148118613
Pleuronectes platessa,Teleostei,Pleuronectiformes,Pleuronectidae,Pleuronectes,platessa,-0.9065783149999999,40.9852266496354,-2756.047650778884,216.10347744287705,-1994.1446024056083,-588.522102691723,179.2283583714183,f_4,-1.8116028016069086,-1.52291248132002,-1.570523586148655
Pleuronectes platessa,Teleostei,Pleuronectiformes,Pleuronectidae,Pleuronectes,platessa,-0.8961962790000002,40.9852266496354,-2756.047650778884,216.10347744287705,-1994.1446024056083,-588.522102691723,179.2283583714183,f_4,-1.693586887413358,-1.5148988541467026,-1.5625099589753375
Pleuronectes platessa,Teleostei,Pleuronectiformes,Pleuronectidae,Pleuronectes,platessa,-0.8860566479999996,39.5871292029482,-2756.047650778884,216.10347744287705,-1994.1446024056083,-588.522102691723,179.2283583714183,f_4,-1.36681218706792,-1.3079494541316732,-1.3161573752102416
Pleuronectes platessa,Teleostei,Pleuronectiformes,Pleuronectidae,Pleuronectes,platessa,-0.8794260690000002,39.5871292029482,-2756.047650778884,216.10347744287705,-1994.1446024056083,-588.522102691723,179.2283583714183,f_4,-1.307329300843631,-1.3028314803499192,-1.3110394014284876
Pleuronectes platessa,Teleostei,Pleuronectiformes,Pleuronectidae,Pleuronectes,platessa,-0.8239087409999997,40.9852266496354,-2756.047650778884,216.10347744287705,-1994.1446024056083,-588.522102691723,179.2283583714183,f_4,-1.6212993493136336,-1.4549898403150094,-1.4925030478398282
Pleuronectes platessa,Teleostei,Pleuronectiformes,Pleuronectidae,Pleuronectes,platessa,-0.8013429129999998,40.9852266496354,-2756.047650778884,216.10347744287705,-1994.1446024056083,-588.522102691723,179.2283583714183,f_4,-1.558304864359283,-1.4357335699549132,-1.443381368617072
Pleuronectes platessa,Teleostei,Pleuronectiformes,Pleuronectidae,Pleuronectes,platessa,-0.7851561519999996,40.9852266496354,-2756.047650778884,216.10347744287705,-1994.1446024056083,-588.522102691723,179.2283583714183,f_4,-1.5140893796657646,-1.4232394245100697,-1.4273576670766284
Pleuronectes platessa,Teleostei,Pleuronectiformes,Pleuronectidae,Pleuronectes,platessa,-0.7304870559999996,40.9852266496354,-2756.047650778884,216.10347744287705,-1994.1446024056083,-588.522102691723,179.2283583714183,f_4,-1.5174122304732338,-1.3891097410376776,-1.432936142469821
Pleuronectes platessa,Teleostei,Pleuronectiformes,Pleuronectidae,Pleuronectes,platessa,-0.55129368,40.274047981413375,-2756.047650778884,216.10347744287705,-1994.1446024056083,-588.522102691723,179.2283583714183,f_4,-1.2538979690860335,-1.1322153889423188,-1.1752045534857651
Pleuronectes platessa,Teleostei,Pleuronectiformes,Pleuronectidae,Pleuronectes,platessa,-0.5397036729999997,41.72197348856467,-2756.047650778884,216.10347744287705,-1994.1446024056083,-588.522102691723,179.2283583714183,f_4,-1.6488481426675938,-1.3821853788288807,-1.434741991072812
Pleuronectes platessa,Teleostei,Pleuronectiformes,Pleuronectidae,Pleuronectes,platessa,-0.5316526699999998,40.9852266496354,-2756.047650778884,216.10347744287705,-1994.1446024056083,-588.522102691723,179.2283583714183,f_4,-1.329043277957157,-1.2724824570158095,-1.29485976770924
Pleuronectes platessa,Teleostei,Pleuronectiformes,Pleuronectidae,Pleuronectes,platessa,-0.4921441279999996,40.9852266496354,-2756.047650778884,216.10347744287705,-1994.1446024056083,-588.522102691723,179.2283583714183,f_4,-1.3225349967764086,-1.3006533414152435,-1.28594288202828
Pleuronectes platessa,Teleostei,Pleuronectiformes,Pleuronectidae,Pleuronectes,platessa,-0.4168012259999998,40.9852266496354,-2756.047650778884,216.10347744287705,-1994.1446024056083,-588.522102691723,179.2283583714183,f_4,-1.3084617512425396,-1.2752603561061813,-1.261114970440421
Pleuronectes platessa,Teleostei,Pleuronectiformes,Pleuronectidae,Pleuronectes,platessa,-0.24260397099999956,40.9852266496354,-2756.047650778884,216.10347744287705,-1994.1446024056083,-588.522102691723,179.2283583714183,f_4,-1.1342644964181379,-1.1659566412452413,-1.1142157191380202
Pleuronectes platessa,Teleostei,Pleuronectiformes,Pleuronectidae,Pleuronectes,platessa,-0.19928292199999967,40.9852266496354,-2756.047650778884,216.10347744287705,-1994.1446024056083,-588.522102691723,179.2283583714183,f_4,-0.937359528870947,-1.1072393411885304,-1.0556016149817498
Pomoxis annularis,Teleostei,Perciformes,Centrarchidae,Pomoxis,annularis,-1.9393021600000022,39.94137644413789,-2756.047650778884,216.10347744287705,-1994.1446024056083,-588.522102691723,179.2283583714183,f_4,-2.390565501166039,-2.168797670588607,-2.1805916755551347
Pseudobathylagus milleri,Teleostei,Osmeriformes,Bathylagidae,Pseudobathylagus,milleri,-1.3861581780000005,41.72197348856467,-2756.047650778883,216.10347744340885,-1994.144602405467,-588.5221026922189,179.2283583715086,f_4,-2.5923429297552363,-2.03892427168674,-2.0894014004083563
Pseudopleuronectes americanus,Teleostei,Pleuronectiformes,Pleuronectidae,Pseudopleuronectes,americanus,-1.9488474779999998,40.69776232103897,-2756.047650778884,216.10347744287705,-1994.1446024056083,-588.522102691723,179.2283583714183,f_4,-2.705809428866324,-2.265104873094269,-2.2749717225687234
Pseudopleuronectes americanus,Teleostei,Pleuronectiformes,Pleuronectidae,Pseudopleuronectes,americanus,-1.9488474779999998,40.69776232103897,-2756.047650778884,216.10347744287705,-1994.1446024056083,-588.522102691723,179.2283583714183,f_4,-2.2006594505464183,-2.265104873094269,-2.2749717225687234
Pseudopleuronectes americanus,Teleostei,Pleuronectiformes,Pleuronectidae,Pseudopleuronectes,americanus,-1.8860566480000023,40.999706503601,-2756.047650778884,216.10347744287705,-1994.1446024056083,-588.522102691723,179.2283583714183,f_4,-2.777847441736894,-2.280818604407375,-2.3434907769117865
Pseudopleuronectes americanus,Teleostei,Pleuronectiformes,Pleuronectidae,Pseudopleuronectes,americanus,-1.8297382850000012,39.5871292029482,-2756.047650778884,216.10347744287705,-1994.1446024056083,-588.522102691723,179.2283583714183,f_4,-2.1361090287381383,-2.0384544635052753,-2.093355877659742
Pseudopleuronectes americanus,Teleostei,Pleuronectiformes,Pleuronectidae,Pseudopleuronectes,americanus,-1.8297382850000012,39.5871292029482,-2756.047650778884,216.10347744287705,-1994.1446024056083,-588.522102691723,179.2283583714183,f_4,-1.870696892283949,-2.0384544635052753,-2.093355877659742
Pseudopleuronectes americanus,Teleostei,Pleuronectiformes,Pleuronectidae,Pseudopleuronectes,americanus,-1.8250684060000024,39.5871292029482,-2756.047650778884,216.10347744287705,-1994.1446024056083,-588.522102691723,179.2283583714183,f_4,-1.9610850222969278,-2.038040811863487,-2.089751317894153
Pseudopleuronectes americanus,Teleostei,Pleuronectiformes,Pleuronectidae,Pseudopleuronectes,americanus,-1.8250684060000024,39.5871292029482,-2756.047650778884,216.10347744287705,-1994.1446024056083,-588.522102691723,179.2283583714183,f_4,-1.6936636276140271,-2.038040811863487,-2.089751317894153
Pseudopleuronectes americanus,Teleostei,Pleuronectiformes,Pleuronectidae,Pseudopleuronectes,americanus,-1.8013429130000012,39.38559961257174,-2756.047650778884,216.10347744287705,-1994.1446024056083,-588.522102691723,179.2283583714183,f_4,-2.252606254426356,-1.9900359986926668,-2.066088683452396
Pseudopleuronectes americanus,Teleostei,Pleuronectiformes,Pleuronectidae,Pseudopleuronectes,americanus,-1.7934439559999997,39.5871292029482,-2756.047650778884,216.10347744287705,-1994.1446024056083,-588.522102691723,179.2283583714183,f_4,-2.018926990172421,-2.0136307104285422,-2.054633018507891
Pseudopleuronectes americanus,Teleostei,Pleuronectiformes,Pleuronectidae,Pseudopleuronectes,americanus,-1.7934439559999997,39.5871292029482,-2756.047650778884,216.10347744287705,-1994.1446024056083,-588.522102691723,179.2283583714183,f_4,-1.867158687141491,-2.0136307104285422,-2.054633018507891
Pseudopleuronectes americanus,Teleostei,Pleuronectiformes,Pleuronectidae,Pseudopleuronectes,americanus,-1.7746907180000018,39.45254776761606,-2756.047650778884,216.10347744287705,-1994.1446024056083,-588.522102691723,179.2283583714183,f_4,-2.2929008492555503,-1.979094501527116,-2.057642285735521
Pseudopleuronectes americanus,Teleostei,Pleuronectiformes,Pleuronectidae,Pseudopleuronectes,americanus,-1.7723703500000014,39.5871292029482,-2756.047650778884,216.10347744287705,-1994.1446024056083,-588.522102691723,179.2283583714183,f_4,-2.1411521303598193,-1.997364534730309,-2.0599178744289683
Pseudopleuronectes americanus,Teleostei,Pleuronectiformes,Pleuronectidae,Pseudopleuronectes,americanus,-1.7723703500000014,39.5871292029482,-2756.047650778884,216.10347744287705,-1994.1446024056083,-588.522102691723,179.2283583714183,f_4,-1.651065898475786,-1.997364534730309,-2.0599178744289683
Pseudopleuronectes americanus,Teleostei,Pleuronectiformes,Pleuronectidae,Pseudopleuronectes,americanus,-1.765229705,40.134763706879696,-2756.047650778884,216.10347744287705,-1994.1446024056083,-588.522102691723,179.2283583714183,f_4,-1.9449552485498618,-2.059530332954885,-2.0906502579856996
Pseudopleuronectes americanus,Teleostei,Pleuronectiformes,Pleuronectidae,Pseudopleuronectes,americanus,-1.765229705,40.134763706879696,-2756.047650778884,216.10347744287705,-1994.1446024056083,-588.522102691723,179.2283583714183,f_4,-1.8679081320149202,-2.059530332954885,-2.0906502579856996
Pseudopleuronectes americanus,Teleostei,Pleuronectiformes,Pleuronectidae,Pseudopleuronectes,americanus,-1.7647241230000004,39.05423835047708,-2756.047650778884,216.10347744287705,-1994.1446024056083,-588.522102691723,179.2283583714183,f_4,-1.705076572423834,-1.897910296882083,-1.9318556709551529
Pseudopleuronectes americanus,Teleostei,Pleuronectiformes,Pleuronectidae,Pseudopleuronectes,americanus,-1.7647241230000004,39.05423835047708,-2756.047650778884,216.10347744287705,-1994.1446024056083,-588.522102691723,179.2283583714183,f_4,-1.5706725353175284,-1.897910296882083,-1.9318556709551529
Pseudopleuronectes americanus,Teleostei,Pleuronectiformes,Pleuronectidae,Pseudopleuronectes,americanus,-1.7619538970000017,40.88415334100498,-2756.047650778884,216.10347744287705,-1994.1446024056083,-588.522102691723,179.2283583714183,f_4,-2.615956130222047,-2.1688314027866906,-2.3220762045504375
Pseudopleuronectes americanus,Teleostei,Pleuronectiformes,Pleuronectidae,Pseudopleuronectes,americanus,-1.7579557609999998,40.134763706879696,-2756.047650778884,216.10347744287705,-1994.1446024056083,-588.522102691723,179.2283583714183,f_4,-2.1387464480342886,-2.0539157622391224,-2.085035687269937
Pseudopleuronectes americanus,Teleostei,Pleuronectiformes,Pleuronectidae,Pseudopleuronectes,americanus,-1.7579557609999998,40.134763706879696,-2756.047650778884,216.10347744287705,-1994.1446024056083,-588.522102691723,179.2283583714183,f_4,-1.7598902604076487,-2.0539157622391224,-2.085035687269937
Pseudopleuronectes americanus,Teleostei,Pleuronectiformes,Pleuronectidae,Pseudopleuronectes,americanus,-1.7466619949999997,40.134763706879696,-2756.047650778884,216.10347744287705,-1994.1446024056083,-588.522102691723,179.2283583714183,f_4,-1.9015639546596368,-2.0451983940748537,-2.0662170566256477
Pseudopleuronectes americanus,Teleostei,Pleuronectiformes,Pleuronectidae,Pseudopleuronectes,americanus,-1.7466619949999997,40.134763706879696,-2756.047650778884,216.10347744287705,-1994.1446024056083,-588.522102691723,179.2283583714183,f_4,-1.7112322564893452,-2.0451983940748537,-2.0662170566256477
Pseudopleuronectes americanus,Teleostei,Pleuronectiformes,Pleuronectidae,Pseudopleuronectes,americanus,-1.7447274950000005,40.941848388937245,-2756.047650778884,216.10347744287705,-1994.1446024056083,-588.522102691723,179.2283583714183,f_4,-2.439028885123237,-2.1661049965770505,-2.227008262612378
Pseudopleuronectes americanus,Teleostei,Pleuronectiformes,Pleuronectidae,Pseudopleuronectes,americanus,-1.7187393130000002,40.69776232103897,-2756.047650778884,216.10347744287705,-1994.1446024056083,-588.522102691723,179.2283583714183,f_4,-2.309369842492168,-2.0951167197097633,-2.118507061666466
Pseudopleuronectes americanus,Teleostei,Pleuronectiformes,Pleuronectidae,Pseudopleuronectes,americanus,-1.7187393130000002,40.69776232103897,-2756.047650778884,216.10347744287705,-1994.1446024056083,-588.522102691723,179.2283583714183,f_4,-2.2204287591553866,-2.0951167197097633,-2.118507061666466
Pseudopleuronectes americanus,Teleostei,Pleuronectiformes,Pleuronectidae,Pseudopleuronectes,americanus,-1.6736641390000018,40.941848388937245,-2756.047650778884,216.10347744287705,-1994.1446024056083,-588.522102691723,179.2283583714183,f_4,-2.5157671492168916,-2.116870245512471,-2.1778589262706585
Pseudopleuronectes americanus,Teleostei,Pleuronectiformes,Pleuronectidae,Pseudopleuronectes,americanus,-1.6695862270000001,40.88415334100498,-2756.047650778884,216.10347744287705,-1994.1446024056083,-588.522102691723,179.2283583714183,f_4,-2.301739710097518,-2.1031523984389096,-2.235105736902369
Pseudopleuronectes americanus,Teleostei,Pleuronectiformes,Pleuronectidae,Pseudopleuronectes,americanus,-1.6458915610000018,39.5871292029482,-2756.047650778884,216.10347744287705,-1994.1446024056083,-588.522102691723,179.2283583714183,f_4,-2.270866459657674,-1.9001288239299694,-1.9414675316052716
Pseudopleuronectes americanus,Teleostei,Pleuronectiformes,Pleuronectidae,Pseudopleuronectes,americanus,-1.6363880200000003,39.38559961257174,-2756.047650778884,216.10347744287705,-1994.1446024056083,-588.522102691723,179.2283583714183,f_4,-2.189360257477646,-1.8627115497197935,-1.929393467899418
Pseudopleuronectes americanus,Teleostei,Pleuronectiformes,Pleuronectidae,Pseudopleuronectes,americanus,-1.6270879970000007,39.5871292029482,-2756.047650778884,216.10347744287705,-1994.1446024056083,-588.522102691723,179.2283583714183,f_4,-2.168161011189712,-1.8856148353996243,-1.9192820751150457
Pseudopleuronectes americanus,Teleostei,Pleuronectiformes,Pleuronectidae,Pseudopleuronectes,americanus,-1.6161846340000003,39.45254776761606,-2756.047650778884,216.10347744287705,-1994.1446024056083,-588.522102691723,179.2283583714183,f_4,-1.9226856468702795,-1.8567477227374256,-1.8924044366991342
Pseudopleuronectes americanus,Teleostei,Pleuronectiformes,Pleuronectidae,Pseudopleuronectes,americanus,-1.6143937260000012,40.999706503601,-2756.047650778884,216.10347744287705,-1994.1446024056083,-588.522102691723,179.2283583714183,f_4,-2.284335770882638,-2.076898978596944,-2.138989946450686
Pseudopleuronectes americanus,Teleostei,Pleuronectiformes,Pleuronectidae,Pseudopleuronectes,americanus,-1.582528307,40.69776232103897,-2756.047650778884,216.10347744287705,-1994.1446024056083,-588.522102691723,179.2283583714183,f_4,-3.3906427805578767,-1.991037915158188,-1.9775455865714702
Pseudopleuronectes americanus,Teleostei,Pleuronectiformes,Pleuronectidae,Pseudopleuronectes,americanus,-1.582528307,40.69776232103897,-2756.047650778884,216.10347744287705,-1994.1446024056083,-588.522102691723,179.2283583714183,f_4,-2.2218507602436137,-1.991037915158188,-1.9775455865714702
Pseudopleuronectes americanus,Teleostei,Pleuronectiformes,Pleuronectidae,Pseudopleuronectes,americanus,-1.5620909640000005,39.5871292029482,-2756.047650778884,216.10347744287705,-1994.1446024056083,-588.522102691723,179.2283583714183,f_4,-2.013224037228459,-1.8381588543401444,-1.8587250585705735
Pseudopleuronectes americanus,Teleostei,Pleuronectiformes,Pleuronectidae,Pseudopleuronectes,americanus,-1.5620909640000005,39.5871292029482,-2756.047650778884,216.10347744287705,-1994.1446024056083,-588.522102691723,179.2283583714183,f_4,-1.5743254208775135,-1.8381588543401444,-1.8587250585705735
Pseudopleuronectes americanus,Teleostei,Pleuronectiformes,Pleuronectidae,Pseudopleuronectes,americanus,-1.5202807650000003,40.69776232103897,-2756.047650778884,216.10347744287705,-1994.1446024056083,-588.522102691723,179.2283583714183,f_4,-2.726335246993569,-1.9387896424034259,-1.9355052704953128
Pseudopleuronectes americanus,Teleostei,Pleuronectiformes,Pleuronectidae,Pseudopleuronectes,americanus,-1.5202807650000003,40.69776232103897,-2756.047650778884,216.10347744287705,-1994.1446024056083,-588.522102691723,179.2283583714183,f_4,-2.4533339749298158,-1.9387896424034259,-1.9355052704953128
Pseudopleuronectes americanus,Teleostei,Pleuronectiformes,Pleuronectidae,Pseudopleuronectes,americanus,-1.486382926000001,39.5871292029482,-2756.047650778884,216.10347744287705,-1994.1446024056083,-588.522102691723,179.2283583714183,f_4,-1.747338278645796,-1.7797217625639865,-1.7920369479722225
Pseudopleuronectes americanus,Teleostei,Pleuronectiformes,Pleuronectidae,Pseudopleuronectes,americanus,-1.486382926000001,39.5871292029482,-2756.047650778884,216.10347744287705,-1994.1446024056083,-588.522102691723,179.2283583714183,f_4,-1.5443748731898135,-1.7797217625639865,-1.7920369479722225
Pseudopleuronectes americanus,Teleostei,Pleuronectiformes,Pleuronectidae,Pseudopleuronectes,americanus,-1.4669909779999997,40.134763706879696,-2756.047650778884,216.10347744287705,-1994.1446024056083,-588.522102691723,179.2283583714183,f_4,-2.032067402579308,-1.8324310943855036,-1.8291360487071278
Pseudopleuronectes americanus,Teleostei,Pleuronectiformes,Pleuronectidae,Pseudopleuronectes,americanus,-1.4669909779999997,40.134763706879696,-2756.047650778884,216.10347744287705,-1994.1446024056083,-588.522102691723,179.2283583714183,f_4,-1.7533138016264787,-1.8324310943855036,-1.8291360487071278
Pseudopleuronectes americanus,Teleostei,Pleuronectiformes,Pleuronectidae,Pseudopleuronectes,americanus,-1.4500163890000002,39.05423835047708,-2756.047650778884,216.10347744287705,-1994.1446024056083,-588.522102691723,179.2283583714183,f_4,-1.4304385739269527,-1.6561112985272939,-1.6643026047576677
Pseudopleuronectes americanus,Teleostei,Pleuronectiformes,Pleuronectidae,Pseudopleuronectes,americanus,-1.4500163890000002,39.05423835047708,-2756.047650778884,216.10347744287705,-1994.1446024056083,-588.522102691723,179.2283583714183,f_4,-1.1899450008552364,-1.6561112985272939,-1.6643026047576677
Pseudopleuronectes americanus,Teleostei,Pleuronectiformes,Pleuronectidae,Pseudopleuronectes,americanus,-1.4036228560000006,40.134763706879696,-2756.047650778884,216.10347744287705,-1994.1446024056083,-588.522102691723,179.2283583714183,f_4,-2.089521451490665,-1.7721911523335265,-1.7673228873458418
Pseudopleuronectes americanus,Teleostei,Pleuronectiformes,Pleuronectidae,Pseudopleuronectes,americanus,-1.4036228560000006,40.134763706879696,-2756.047650778884,216.10347744287705,-1994.1446024056083,-588.522102691723,179.2283583714183,f_4,-1.6262766002549878,-1.7721911523335265,-1.7673228873458418
Pseudopleuronectes americanus,Teleostei,Pleuronectiformes,Pleuronectidae,Pseudopleuronectes,americanus,-1.3716110700000002,39.05423835047708,-2756.047650778884,216.10347744287705,-1994.1446024056083,-588.522102691723,179.2283583714183,f_4,-1.2848558869655229,-1.59226519499896,-1.6117799059435596
Pseudopleuronectes americanus,Teleostei,Pleuronectiformes,Pleuronectidae,Pseudopleuronectes,americanus,-1.3716110700000002,39.05423835047708,-2756.047650778884,216.10347744287705,-1994.1446024056083,-588.522102691723,179.2283583714183,f_4,-1.2242783331330804,-1.59226519499896,-1.6117799059435596
Pseudopleuronectes americanus,Teleostei,Pleuronectiformes,Pleuronectidae,Pseudopleuronectes,americanus,-1.3647173619999997,40.69776232103897,-2756.047650778884,216.10347744287705,-1994.1446024056083,-588.522102691723,179.2283583714183,f_4,-2.4131639910732456,-1.8093195481306483,-1.8044801098173333
Pseudopleuronectes americanus,Teleostei,Pleuronectiformes,Pleuronectidae,Pseudopleuronectes,americanus,-1.3647173619999997,40.69776232103897,-2756.047650778884,216.10347744287705,-1994.1446024056083,-588.522102691723,179.2283583714183,f_4,-2.34352806293185,-1.8093195481306483,-1.8044801098173333
Pseudopleuronectes americanus,Teleostei,Pleuronectiformes,Pleuronectidae,Pseudopleuronectes,americanus,-1.3128278950000007,40.69776232103897,-2756.047650778884,216.10347744287705,-1994.1446024056083,-588.522102691723,179.2283583714183,f_4,-3.024032356158261,-1.7655849821393137,-1.7512785773747361
Pseudopleuronectes americanus,Teleostei,Pleuronectiformes,Pleuronectidae,Pseudopleuronectes,americanus,-1.3128278950000007,40.69776232103897,-2756.047650778884,216.10347744287705,-1994.1446024056083,-588.522102691723,179.2283583714183,f_4,-1.9826396710000072,-1.7655849821393137,-1.7512785773747361
Pseudopleuronectes americanus,Teleostei,Pleuronectiformes,Pleuronectidae,Pseudopleuronectes,americanus,-1.2851674880000004,40.134763706879696,-2756.047650778884,216.10347744287705,-1994.1446024056083,-588.522102691723,179.2283583714183,f_4,-1.7315541253101625,-1.6807584934764241,-1.6855676393129637
Pseudopleuronectes americanus,Teleostei,Pleuronectiformes,Pleuronectidae,Pseudopleuronectes,americanus,-1.2851674880000004,40.134763706879696,-2756.047650778884,216.10347744287705,-1994.1446024056083,-588.522102691723,179.2283583714183,f_4,-1.3857117852298184,-1.6807584934764241,-1.6855676393129637
Pseudopleuronectes americanus,Teleostei,Pleuronectiformes,Pleuronectidae,Pseudopleuronectes,americanus,-1.267123959,39.5871292029482,-2756.047650778884,216.10347744287705,-1994.1446024056083,-588.522102691723,179.2283583714183,f_4,-1.3784453473166363,-1.599153677596354,-1.6199430333553115
Pseudopleuronectes americanus,Teleostei,Pleuronectiformes,Pleuronectidae,Pseudopleuronectes,americanus,-1.267123959,39.5871292029482,-2756.047650778884,216.10347744287705,-1994.1446024056083,-588.522102691723,179.2283583714183,f_4,-1.2741779025505249,-1.599153677596354,-1.6199430333553115
Pseudopleuronectes americanus,Teleostei,Pleuronectiformes,Pleuronectidae,Pseudopleuronectes,americanus,-1.259400487,40.134763706879696,-2756.047650778884,216.10347744287705,-1994.1446024056083,-588.522102691723,179.2283583714183,f_4,-1.6652535784952505,-1.6608696066156474,-1.662131657311512
Pseudopleuronectes americanus,Teleostei,Pleuronectiformes,Pleuronectidae,Pseudopleuronectes,americanus,-1.259400487,40.134763706879696,-2756.047650778884,216.10347744287705,-1994.1446024056083,-588.522102691723,179.2283583714183,f_4,-1.3817732223476675,-1.6608696066156474,-1.662131657311512
Pseudopleuronectes americanus,Teleostei,Pleuronectiformes,Pleuronectidae,Pseudopleuronectes,americanus,-1.2520446930000004,39.05423835047708,-2756.047650778884,216.10347744287705,-1994.1446024056083,-588.522102691723,179.2283583714183,f_4,-1.2608186174007754,-1.4999749768045367,-1.511815304051105
Pseudopleuronectes americanus,Teleostei,Pleuronectiformes,Pleuronectidae,Pseudopleuronectes,americanus,-1.2520446930000004,39.05423835047708,-2756.047650778884,216.10347744287705,-1994.1446024056083,-588.522102691723,179.2283583714183,f_4,-1.1358798807924755,-1.4999749768045367,-1.511815304051105
Pseudopleuronectes americanus,Teleostei,Pleuronectiformes,Pleuronectidae,Pseudopleuronectes,americanus,-1.2450404120000003,39.05423835047708,-2756.047650778884,216.10347744287705,-1994.1446024056083,-588.522102691723,179.2283583714183,f_4,-1.3455847099414406,-1.4945685520386087,-1.506408879285177
Pseudopleuronectes americanus,Teleostei,Pleuronectiformes,Pleuronectidae,Pseudopleuronectes,americanus,-1.2450404120000003,39.05423835047708,-2756.047650778884,216.10347744287705,-1994.1446024056083,-588.522102691723,179.2283583714183,f_4,-1.0456204681421193,-1.4945685520386087,-1.506408879285177
Pseudopleuronectes americanus,Teleostei,Pleuronectiformes,Pleuronectidae,Pseudopleuronectes,americanus,-0.24565166399999983,39.5871292029482,-2756.047650778884,216.10347744287705,-1994.1446024056083,-588.522102691723,179.2283583714183,f_4,-0.7637315266875501,-0.8026111929785888,-0.8577368062048982
Pseudopleuronectes americanus,Teleostei,Pleuronectiformes,Pleuronectidae,Pseudopleuronectes,americanus,-0.19791074199999953,40.274047981413375,-2756.047650778884,216.10347744287705,-1994.1446024056083,-588.522102691723,179.2283583714183,f_4,-0.9646325307211293,-0.866561736489953,-0.912685050402332
Pseudopleuronectes americanus,Teleostei,Pleuronectiformes,Pleuronectidae,Pseudopleuronectes,americanus,-0.19722627499999953,40.9852266496354,-2756.047650778884,216.10347744287705,-1994.1446024056083,-588.522102691723,179.2283583714183,f_4,-1.0888867999191865,-1.1056518681451772,-1.0540141419383966
Pseudopleuronectes americanus,Teleostei,Pleuronectiformes,Pleuronectidae,Pseudopleuronectes,americanus,-0.16685288800000003,40.274047981413375,-2756.047650778884,216.10347744287705,-1994.1446024056083,-588.522102691723,179.2283583714183,f_4,-0.8446335933532956,-0.8231594077099599,-0.8956890880570445
Pseudopleuronectes americanus,Teleostei,Pleuronectiformes,Pleuronectidae,Pseudopleuronectes,americanus,-0.15739075999999988,41.72197348856467,-2756.047650778884,216.10347744287705,-1994.1446024056083,-588.522102691723,179.2283583714183,f_4,-1.2453459307445678,-1.0852286897275383,-1.130314213797951
Pseudopleuronectes americanus,Teleostei,Pleuronectiformes,Pleuronectidae,Pseudopleuronectes,americanus,-0.1450869779999998,40.9852266496354,-2756.047650778884,216.10347744287705,-1994.1446024056083,-588.522102691723,179.2283583714183,f_4,-1.0237825257389386,-1.0482037072356187,-1.02074593981452
Scardinius erythrophthalmus,Teleostei,Cypriniformes,Cyprinidae,Scardinius,erythrophthalmus,-1.2757241300000002,39.5871292029482,-3373.757546678929,5449.495628100146,2918.0786935949145,-65.46878555213755,-4366.756910074552,f_4,-1.349569130463612,-1.2896170612415057,-1.361390277254332
Scophthalmus rhombus,Teleostei,Pleuronectiformes,Scophthalmidae,Scophthalmus,rhombus,-1.301029996,39.79073178756819,-2756.047650778884,216.10347744287705,-1994.1446024056083,-588.522102691723,179.2283583714183,f_4,-1.428033500830053,-1.6504863848772402,-1.6517938771298266
Scophthalmus rhombus,Teleostei,Pleuronectiformes,Scophthalmidae,Scophthalmus,rhombus,-1.15490196,39.79073178756819,-2756.047650778884,216.10347744287705,-1994.1446024056083,-588.522102691723,179.2283583714183,f_4,-1.400853838075356,-1.5327958319362058,-1.5132502109640131
Scophthalmus rhombus,Teleostei,Pleuronectiformes,Scophthalmidae,Scophthalmus,rhombus,-0.838631998,39.79073178756819,-2756.047650778884,216.10347744287705,-1994.1446024056083,-588.522102691723,179.2283583714183,f_4,-1.1349933792600762,-1.2965050911569949,-1.2804389414883666
Sebastes diploproa,Teleostei,Scorpaeniformes,Scorpaenidae,Sebastes,diploproa,-2.6989700040000053,40.9852266496354,-2756.047650778884,216.10347744287705,-1994.1446024056083,-588.522102691723,179.2283583714183,f_4,-3.040958607678954,-2.8760823374626647,-2.9342023546018328
Sebastes diploproa,Teleostei,Scorpaeniformes,Scorpaenidae,Sebastes,diploproa,-2.6989700040000053,40.9852266496354,-2756.047650778884,216.10347744287705,-1994.1446024056083,-588.522102691723,179.2283583714183,f_4,-2.938882754030115,-2.8760823374626647,-2.9342023546018328
Sebastes diploproa,Teleostei,Scorpaeniformes,Scorpaenidae,Sebastes,diploproa,-2.6989700040000053,40.274047981413375,-2756.047650778884,216.10347744287705,-1994.1446024056083,-588.522102691723,179.2283583714183,f_4,-2.9104873824706767,-2.781803716188186,-2.815153106773469
Sebastes diploproa,Teleostei,Scorpaeniformes,Scorpaenidae,Sebastes,diploproa,-2.6989700040000053,40.274047981413375,-2756.047650778884,216.10347744287705,-1994.1446024056083,-588.522102691723,179.2283583714183,f_4,-2.905024486769159,-2.781803716188186,-2.815153106773469
Sebastes diploproa,Teleostei,Scorpaeniformes,Scorpaenidae,Sebastes,diploproa,-2.6989700040000053,39.5871292029482,-2756.047650778884,216.10347744287705,-1994.1446024056083,-588.522102691723,179.2283583714183,f_4,-2.881257764811409,-2.656967773822607,-2.6790636177013107
Sebastes diploproa,Teleostei,Scorpaeniformes,Scorpaenidae,Sebastes,diploproa,-2.6989700040000053,40.274047981413375,-2756.047650778884,216.10347744287705,-1994.1446024056083,-588.522102691723,179.2283583714183,f_4,-2.8490730814400105,-2.781803716188186,-2.815153106773469
Sebastes diploproa,Teleostei,Scorpaeniformes,Scorpaenidae,Sebastes,diploproa,-2.6989700040000053,39.5871292029482,-2756.047650778884,216.10347744287705,-1994.1446024056083,-588.522102691723,179.2283583714183,f_4,-2.78280860849634,-2.656967773822607,-2.6790636177013107
Sebastes diploproa,Teleostei,Scorpaeniformes,Scorpaenidae,Sebastes,diploproa,-2.6989700040000053,39.5871292029482,-2756.047650778884,216.10347744287705,-1994.1446024056083,-588.522102691723,179.2283583714183,f_4,-2.704310752805142,-2.656967773822607,-2.6790636177013107
Seriola quinqueradiata,Teleostei,Perciformes,Carangidae,Seriola,quinqueradiata,-0.004803707999999663,39.69545724591846,-3649.0699176841617,8221.372203174908,5841.226629477732,478.6623617440597,1934.1702622999533,f_4,-0.24471645809691248,-0.5821181008461371,-0.48004117385782763
Serranus scriba,Teleostei,Perciformes,Serranidae,Serranus,scriba,-2.387216143000007,40.134763706879696,-2756.047650778884,216.10347744287705,-1994.1446024056083,-588.522102691723,179.2283583714183,f_4,-2.577412789011337,-2.482193683677186,-2.515357444320381
Solea solea,Teleostei,Pleuronectiformes,Soleidae,Solea,solea,-1.5528419690000002,39.85906551895677,-2756.047650778884,216.10347744287705,-1994.1446024056083,-588.522102691723,179.2283583714183,f_4,-1.6983288796001812,-1.8646260830341048,-1.8661758062598786
Solea solea,Teleostei,Pleuronectiformes,Soleidae,Solea,solea,-1.4317982760000003,39.85906551895677,-2756.047650778884,216.10347744287705,-1994.1446024056083,-588.522102691723,179.2283583714183,f_4,-1.5410730141683477,-1.7692625431836388,-1.755158056610869
Solea solea,Teleostei,Pleuronectiformes,Soleidae,Solea,solea,-1.3372421680000004,39.79073178756819,-2756.047650778884,216.10347744287705,-1994.1446024056083,-588.522102691723,179.2283583714183,f_4,-1.519660197568304,-1.6784376311977174,-1.6849449415364157
Solea solea,Teleostei,Pleuronectiformes,Soleidae,Solea,solea,-1.2076083110000002,39.79073178756819,-2756.047650778884,216.10347744287705,-1994.1446024056083,-588.522102691723,179.2283583714183,f_4,-1.3874641230072002,-1.5771831227408144,-1.5615796898823557
Solea solea,Teleostei,Pleuronectiformes,Soleidae,Solea,solea,-1.0969100130000002,39.79073178756819,-2756.047650778884,216.10347744287705,-1994.1446024056083,-588.522102691723,179.2283583714183,f_4,-1.1667706321836784,-1.4897093102191379,-1.470551442221634
Solea solea,Teleostei,Pleuronectiformes,Soleidae,Solea,solea,-0.7328282719999998,40.41430237104044,-2756.047650778884,216.10347744287705,-1994.1446024056083,-588.522102691723,179.2283583714183,f_4,-1.1219437065302058,-1.29608417293065,-1.256036461937628
Stenobrachius leucopsarus,Teleostei,Myctophiformes,Myctophidae,Stenobrachius,leucopsarus,-2.366531544000006,41.72197348856467,-3649.0699176841617,8221.372203174908,5841.226629477732,478.6623617440597,1934.1702622999533,f_4,-2.998685028530315,-3.0599394517835545,-3.0144322285702825
Stenobrachius leucopsarus,Teleostei,Myctophiformes,Myctophidae,Stenobrachius,leucopsarus,-2.3565473240000054,40.9852266496354,-3649.0699176841617,8221.372203174908,5841.226629477732,478.6623617440597,1934.1702622999533,f_4,-2.7668520570014397,-2.657603031273595,-2.6861173059629255
Symbolophorus californiensis,Teleostei,Myctophiformes,Myctophidae,Symbolophorus,californiensis,-3.0969100130000218,41.72197348856467,-3649.0699176841617,8221.372203174908,5841.226629477732,478.6623617440597,1934.1702622999533,f_4,-3.5727162986634946,-3.5792723080175772,-3.492851858334141
Xiphophorus hellerii,Teleostei,Cyprinodontiformes,Poeciliidae,Xiphophorus,hellerii,-4.0,38.92324979320565,-3649.0699176841617,8221.372203174908,5841.226629477732,478.6623617440597,1934.1702622999533,f_4,-3.7503885321709305,-3.5804135656279183,-3.613277045904956
Xiphophorus hellerii,Teleostei,Cyprinodontiformes,Poeciliidae,Xiphophorus,hellerii,-3.0,39.85906551895677,-3649.0699176841617,8221.372203174908,5841.226629477732,478.6623617440597,1934.1702622999533,f_4,-2.9539387007925884,-3.009175426115593,-2.954558612450218
Xiphophorus hellerii,Teleostei,Cyprinodontiformes,Poeciliidae,Xiphophorus,hellerii,-2.6989700040000053,38.92324979320565,-3649.0699176841617,8221.372203174908,5841.226629477732,478.6623617440597,1934.1702622999533,f_4,-2.7788609648171807,-2.653092596621123,-2.6706248121319835
Zoarces viviparus,Teleostei,Perciformes,Zoarcidae,Zoarces,viviparus,-3.6382721640001567,41.72197348856467,-2756.047650778884,216.10347744287705,-1994.1446024056083,-588.522102691723,179.2283583714183,f_4,-4.075449048917227,-3.76028068023841,-3.8128375580919216
Zoarces viviparus,Teleostei,Perciformes,Zoarcidae,Zoarces,viviparus,-3.6382721640001567,41.72197348856467,-2756.047650778884,216.10347744287705,-1994.1446024056083,-588.522102691723,179.2283583714183,f_4,-3.855452307474708,-3.76028068023841,-3.8128375580919216
Zoarces viviparus,Teleostei,Perciformes,Zoarcidae,Zoarces,viviparus,-3.619788758000131,41.72197348856467,-2756.047650778884,216.10347744287705,-1994.1446024056083,-588.522102691723,179.2283583714183,f_4,-4.075850993098052,-3.74601381345262,-3.7800145136900123
Zoarces viviparus,Teleostei,Perciformes,Zoarcidae,Zoarces,viviparus,-3.619788758000131,41.72197348856467,-2756.047650778884,216.10347744287705,-1994.1446024056083,-588.522102691723,179.2283583714183,f_4,-3.8717309924848977,-3.74601381345262,-3.7800145136900123
Zoarces viviparus,Teleostei,Perciformes,Zoarcidae,Zoarces,viviparus,-3.6020599910001567,41.72197348856467,-2756.047650778884,216.10347744287705,-1994.1446024056083,-588.522102691723,179.2283583714183,f_4,-4.077866284199741,-3.732329433146058,-3.7753874167849397
Zoarces viviparus,Teleostei,Perciformes,Zoarcidae,Zoarces,viviparus,-3.6020599910001567,41.72197348856467,-2756.047650778884,216.10347744287705,-1994.1446024056083,-588.522102691723,179.2283583714183,f_4,-3.995331377271358,-3.732329433146058,-3.7753874167849397
Zoarces viviparus,Teleostei,Perciformes,Zoarcidae,Zoarces,viviparus,-3.5376020020001078,41.72197348856467,-2756.047650778884,216.10347744287705,-1994.1446024056083,-588.522102691723,179.2283583714183,f_4,-4.090574225149968,-3.6825759655036605,-3.722543284398165
Zoarces viviparus,Teleostei,Perciformes,Zoarcidae,Zoarces,viviparus,-3.5376020020001078,41.72197348856467,-2756.047650778884,216.10347744287705,-1994.1446024056083,-588.522102691723,179.2283583714183,f_4,-4.034092875721981,-3.6825759655036605,-3.722543284398165
