"scale","n","rmse","mae","r2"
"BMR",463,2.55044279670834,0.60784794136873,-0.035923544620063
"log_BMR",463,3.30820157603066,3.00742762597051,0.283128815201604
