"","component","Variance","Std.Dev"
"1","random_effect_1",2.40474763817455e-07,0.000490382262951521
"2","random_effect_2",0.146560911414898,0.382832746006526
"3","residual",0.397761133542585,0.630683069015322
