"taxon_name","class","order","family","Genus","species","wet_Mass_g","wet_Mass_kg","BMR","BMR_unit","temperature","temperature_unit","Reference","log_mass","log_BMR","inv_kT","row_id","temp_K","pc1","pc2","pc3","pc4","pc5","removed_due_bad_branch","in_phylogeny","fixed_only_log_BMR","fixed_only_BMR","conditional_log_BMR","conditional_BMR"
"Ambystoma gracile","Amphibia","Caudata","Ambystomatidae","Ambystoma","gracile",22,0.022,0.0248011111111111,"W",15,"C","J. F. Gillooly, J. P. Gomez, E. V. Mavrodiev,  A broad-scale comparison of aerobic activity levels in vertebrates: endotherms versus ectotherms. Proc. Biol. Sci. 284, 20162328 (2017).",-3.81671282562382,-3.69686682394744,40.2740479814134,0,288.15,-5126.81836119685,-1622.5901421774,27.3461553712044,-1.52597053816768,0.00220570966094921,FALSE,TRUE,-4.07495431933383,0.0169929909103846,-4.70475500234515,0.00905213169729028
"Ambystoma gracile","Amphibia","Caudata","Ambystomatidae","Ambystoma","gracile",30.39,0.03039,0.00777984,"W",15,"C","A. M. Makarieva et al., Mean mass-specific metabolic rates are strikingly similar across life's major domains: Evidence for life's metabolic optimum. Proc. Natl. Acad. Sci. U.S.A. 105, 16994-16999 (2008).",-3.49364167205344,-4.85621950655601,40.2740479814134,46,288.15,-5126.81836119685,-1622.5901421774,27.3461553712044,-1.52597053816768,0.00220570966094921,FALSE,TRUE,-3.82048910580927,0.0219170785018656,-4.45028978882062,0.011675183142568
"Ambystoma jeffersonianum","Amphibia","Caudata","Ambystomatidae","Ambystoma","jeffersonianum",5,0.005,0.0050338888888888,"W",15,"C","J. F. Gillooly, J. P. Gomez, E. V. Mavrodiev,  A broad-scale comparison of aerobic activity levels in vertebrates: endotherms versus ectotherms. Proc. Biol. Sci. 284, 20162328 (2017).",-5.29831736654804,-5.29156245464435,40.2740479814134,1,288.15,-5463.52186819174,2899.74159249874,8.67803683342492,-0.676783266230328,0.00155564083056903,FALSE,TRUE,-5.24193197022796,0.00529002678272398,-5.92702307692038,0.00266640787669154
"Ambystoma jeffersonianum","Amphibia","Caudata","Ambystomatidae","Ambystoma","jeffersonianum",8.92,0.0089199999999999,0.0038801999999999,"W",15,"C","A. M. Makarieva et al., Mean mass-specific metabolic rates are strikingly similar across life's major domains: Evidence for life's metabolic optimum. Proc. Natl. Acad. Sci. U.S.A. 105, 16994-16999 (2008).",-4.71945933239023,-5.5518685802837,40.2740479814134,47,288.15,-5463.52186819174,2899.74159249874,8.67803683342492,-0.676783266230328,0.00155564083056903,FALSE,TRUE,-4.7859976299611,0.00834579357969684,-5.47108873665349,0.0042066497301715
"Ambystoma macrodactylum","Amphibia","Caudata","Ambystomatidae","Ambystoma","macrodactylum",3.414,0.003414,0.001351944,"W",15,"C","A. M. Makarieva et al., Mean mass-specific metabolic rates are strikingly similar across life's major domains: Evidence for life's metabolic optimum. Proc. Natl. Acad. Sci. U.S.A. 105, 16994-16999 (2008).",-5.67987065460989,-6.60621172233754,40.2740479814134,48,288.15,-5126.81836119685,-1622.5901421774,27.3461553712044,-1.52597053816768,0.00220570966094921,FALSE,TRUE,-5.54246031466433,0.00391687822092992,-6.21376972064543,0.00200167745862729
"Ambystoma macrodactylum","Amphibia","Caudata","Ambystomatidae","Ambystoma","macrodactylum",2,0.002,0.0035605555555555,"W",15,"C","J. F. Gillooly, J. P. Gomez, E. V. Mavrodiev,  A broad-scale comparison of aerobic activity levels in vertebrates: endotherms versus ectotherms. Proc. Biol. Sci. 284, 20162328 (2017).",-6.21460809842219,-5.63783869136218,40.2740479814134,2,288.15,-5126.81836119685,-1622.5901421774,27.3461553712044,-1.52597053816768,0.00220570966094921,FALSE,TRUE,-5.96364331511326,0.00257052964152011,-6.63495272109434,0.00131364085119364
"Ambystoma tigrinum","Amphibia","Caudata","Ambystomatidae","Ambystoma","tigrinum",10.78,0.01078,0.00169246,"W",15,"C","A. M. Makarieva et al., Mean mass-specific metabolic rates are strikingly similar across life's major domains: Evidence for life's metabolic optimum. Proc. Natl. Acad. Sci. U.S.A. 105, 16994-16999 (2008).",-4.53006271350129,-6.38157218713511,40.2740479814134,53,288.15,-5463.60534431407,2900.87504345145,8.67320376250161,-0.676532351367968,0.00155421665850336,FALSE,TRUE,-4.63682042694008,0.00968845385265625,-5.46650674569929,0.00422596878725529
"Ambystoma tigrinum","Amphibia","Caudata","Ambystomatidae","Ambystoma","tigrinum",38,0.038,0.0341322222222222,"W",15,"C","J. F. Gillooly, J. P. Gomez, E. V. Mavrodiev,  A broad-scale comparison of aerobic activity levels in vertebrates: endotherms versus ectotherms. Proc. Biol. Sci. 284, 20162328 (2017).",-3.27016911925575,-3.377513407658,40.2740479814134,3,288.15,-5463.60534431407,2900.87504345145,8.67320376250161,-0.676532351367968,0.00155421665850336,FALSE,TRUE,-3.64447218125228,0.0261352008630125,-4.47415850001152,0.0113998110302661
"Amphiuma means","Amphibia","Caudata","Amphiumidae","Amphiuma","means",125,0.125,0.142755913286043,"W",18,"C","J. F. Gillooly, J. P. Gomez, E. V. Mavrodiev,  A broad-scale comparison of aerobic activity levels in vertebrates: endotherms versus ectotherms. Proc. Biol. Sci. 284, 20162328 (2017).",-2.07944154167984,-1.94661900723362,39.8590655189568,4,291.15,-5126.81836119685,-1622.5901421774,27.3461553712044,-1.52597053816768,0.00220570966094921,FALSE,TRUE,-2.61916615529814,0.0728635944257267,-3.15132363883216,0.0427954436502078
"Amphiuma means","Amphibia","Caudata","Amphiumidae","Amphiuma","means",352,0.352,0.023936,"W",5,"C","A. M. Makarieva et al., Mean mass-specific metabolic rates are strikingly similar across life's major domains: Evidence for life's metabolic optimum. Proc. Natl. Acad. Sci. U.S.A. 105, 16994-16999 (2008).",-1.04412410338404,-3.73237167719007,41.7219734885647,54,278.15,-5126.81836119685,-1622.5901421774,27.3461553712044,-1.52597053816768,0.00220570966094921,FALSE,TRUE,-2.19621523156243,0.111223317259406,-2.72837271509645,0.0653255064326543
"Anaxyrus americanus","Amphibia","Anura","Bufonidae","Anaxyrus","americanus",30,0.03,0.275765575262758,"W",20,"C","J. F. Gillooly, J. P. Gomez, E. V. Mavrodiev,  A broad-scale comparison of aerobic activity levels in vertebrates: endotherms versus ectotherms. Proc. Biol. Sci. 284, 20162328 (2017).",-3.50655789731998,-1.28820413916982,39.5871292029482,5,293.15,-5126.81836119685,-1622.5901421774,27.3461553712044,-1.52597053816768,0.00220570966094921,FALSE,TRUE,-3.68593002506238,0.0250738445724206,-3.32079234059454,0.0361241977432828
"Anaxyrus americanus","Amphibia","Anura","Bufonidae","Anaxyrus","americanus",50,0.05,0.01145,"W",20,"C","A. M. Makarieva et al., Mean mass-specific metabolic rates are strikingly similar across life's major domains: Evidence for life's metabolic optimum. Proc. Natl. Acad. Sci. U.S.A. 105, 16994-16999 (2008).",-2.99573227355399,-4.46976554898189,39.5871292029482,55,293.15,-5126.81836119685,-1622.5901421774,27.3461553712044,-1.52597053816768,0.00220570966094921,FALSE,TRUE,-3.28358103788452,0.0374937495755088,-2.9184433534167,0.0540177083690054
"Anaxyrus woodhousii","Amphibia","Anura","Bufonidae","Anaxyrus","woodhousii",71,0.071,0.744707454969839,"W",20,"C","J. F. Gillooly, J. P. Gomez, E. V. Mavrodiev,  A broad-scale comparison of aerobic activity levels in vertebrates: endotherms versus ectotherms. Proc. Biol. Sci. 284, 20162328 (2017).",-2.64507540194082,-0.294763815613564,39.5871292029482,6,293.15,-5126.81836119685,-1622.5901421774,27.3461553712044,-1.52597053816768,0.00220570966094921,FALSE,TRUE,-3.00738808558042,0.0494205926897687,-2.64012078911393,0.0713526504124276
"Anaxyrus woodhousii","Amphibia","Anura","Bufonidae","Anaxyrus","woodhousii",56.3,0.0562999999999999,0.0124423,"W",25,"C","A. M. Makarieva et al., Mean mass-specific metabolic rates are strikingly similar across life's major domains: Evidence for life's metabolic optimum. Proc. Natl. Acad. Sci. U.S.A. 105, 16994-16999 (2008).",-2.87706074383649,-4.38665332130088,38.9232497932056,57,298.15,-5126.81836119685,-1622.5901421774,27.3461553712044,-1.52597053816768,0.00220570966094921,FALSE,TRUE,-3.050231938139,0.0473479413240978,-2.68296464167249,0.0683601899769598
"Aneides lugubris","Amphibia","Caudata","Plethodontidae","Aneides","lugubris",5,0.005,0.0246092143733935,"W",23,"C","J. F. Gillooly, J. P. Gomez, E. V. Mavrodiev,  A broad-scale comparison of aerobic activity levels in vertebrates: endotherms versus ectotherms. Proc. Biol. Sci. 284, 20162328 (2017).",-5.29831736654804,-3.70463433815278,39.1861115172861,7,296.15,-5126.81836119685,-1622.5901421774,27.3461553712044,-1.52597053816768,0.00220570966094921,FALSE,TRUE,-5.01270583553799,0.00665287733767009,-5.4766155356849,0.00418346455144583
"Aneides lugubris","Amphibia","Caudata","Plethodontidae","Aneides","lugubris",5.58,0.00558,0.00183582,"W",15,"C","A. M. Makarieva et al., Mean mass-specific metabolic rates are strikingly similar across life's major domains: Evidence for life's metabolic optimum. Proc. Natl. Acad. Sci. U.S.A. 105, 16994-16999 (2008).",-5.18856650258892,-6.30026403080568,40.2740479814134,60,288.15,-5126.81836119685,-1622.5901421774,27.3461553712044,-1.52597053816768,0.00220570966094921,FALSE,TRUE,-5.15548730711515,0.00576766876414011,-5.61939700726205,0.00362682740032481
"Batrachoseps attenuatus","Amphibia","Caudata","Plethodontidae","Batrachoseps","attenuatus",1,0.001,0.0031900833446991,"W",23,"C","J. F. Gillooly, J. P. Gomez, E. V. Mavrodiev,  A broad-scale comparison of aerobic activity levels in vertebrates: endotherms versus ectotherms. Proc. Biol. Sci. 284, 20162328 (2017).",-6.90775527898214,-5.74770823566176,39.1861115172861,8,296.15,-5126.81836119685,-1622.5901421774,27.3461553712044,-1.52597053816768,0.00220570966094921,FALSE,TRUE,-6.28037073695677,0.00187270618411701,-6.92282100018644,0.000985047198987458
"Batrachoseps attenuatus","Amphibia","Caudata","Plethodontidae","Batrachoseps","attenuatus",0.93,0.00093,0.00044547,"W",25,"C","A. M. Makarieva et al., Mean mass-specific metabolic rates are strikingly similar across life's major domains: Evidence for life's metabolic optimum. Proc. Natl. Acad. Sci. U.S.A. 105, 16994-16999 (2008).",-6.98032597181697,-7.71638065338819,38.9232497932056,62,298.15,-5126.81836119685,-1622.5901421774,27.3461553712044,-1.52597053816768,0.00220570966094921,FALSE,TRUE,-6.28214618008461,0.00186938425061657,-6.92459644331431,0.00098329985532104
"Bolitoglossa rostrata","Amphibia","Caudata","Plethodontidae","Bolitoglossa","rostrata",3,0.003,0.0031922222222222,"W",15,"C","J. F. Gillooly, J. P. Gomez, E. V. Mavrodiev,  A broad-scale comparison of aerobic activity levels in vertebrates: endotherms versus ectotherms. Proc. Biol. Sci. 284, 20162328 (2017).",-5.80914299031403,-5.74703798332717,40.2740479814134,9,288.15,-5126.81836119685,-1622.5901421774,27.3461553712044,-1.52597053816768,0.00220570966094921,FALSE,TRUE,-5.64428095740582,0.0035376912374911,-6.50484338232452,0.00149617506783234
"Bombina orientalis","Amphibia","Anura","Bombinatoridae","Bombina","orientalis",3,0.003,0.0101584803106676,"W",20,"C","J. F. Gillooly, J. P. Gomez, E. V. Mavrodiev,  A broad-scale comparison of aerobic activity levels in vertebrates: endotherms versus ectotherms. Proc. Biol. Sci. 284, 20162328 (2017).",-5.80914299031403,-4.58944642374106,39.5871292029482,10,293.15,-5126.81836119685,-1622.5901421774,27.3461553712044,-1.52597053816768,0.00220570966094921,FALSE,TRUE,-5.49954848301464,0.00408861710182663,-5.59415083581148,0.00371955650901261
"Bombina orientalis","Amphibia","Anura","Bombinatoridae","Bombina","orientalis",2.6,0.0026,0.0012012,"W",20,"C","A. M. Makarieva et al., Mean mass-specific metabolic rates are strikingly similar across life's major domains: Evidence for life's metabolic optimum. Proc. Natl. Acad. Sci. U.S.A. 105, 16994-16999 (2008).",-5.9522438339547,-6.7244342218551,39.5871292029482,64,293.15,-5126.81836119685,-1622.5901421774,27.3461553712044,-1.52597053816768,0.00220570966094921,FALSE,TRUE,-5.61226107381744,0.00365280076113876,-5.70686342661427,0.00332307929767987
"Colostethus inguinalis","Amphibia","Anura","Dendrobatidae","Colostethus","inguinalis",2,0.002,0.0093325876024832,"W",20,"C","J. F. Gillooly, J. P. Gomez, E. V. Mavrodiev,  A broad-scale comparison of aerobic activity levels in vertebrates: endotherms versus ectotherms. Proc. Biol. Sci. 284, 20162328 (2017).",-6.21460809842219,-4.67424296040114,39.5871292029482,11,293.15,-5126.81836119685,-1622.5901421774,27.3461553712044,-1.52597053816768,0.00220570966094921,FALSE,TRUE,-5.81891084072208,0.00297083910028421,-5.85176499459344,0.00287482063474606
"Colostethus inguinalis","Amphibia","Anura","Dendrobatidae","Colostethus","inguinalis",1.57,0.00157,0.00112726,"W",20,"C","A. M. Makarieva et al., Mean mass-specific metabolic rates are strikingly similar across life's major domains: Evidence for life's metabolic optimum. Proc. Natl. Acad. Sci. U.S.A. 105, 16994-16999 (2008).",-6.45667965962192,-6.78796536955583,39.5871292029482,68,293.15,-5126.81836119685,-1622.5901421774,27.3461553712044,-1.52597053816768,0.00220570966094921,FALSE,TRUE,-6.00957717173975,0.0024551260576562,-6.04243132561111,0.00237577560184176
"Dendrobates auratus","Amphibia","Anura","Dendrobatidae","Dendrobates","auratus",11,0.011,0.007249,"W",25,"C","A. M. Makarieva et al., Mean mass-specific metabolic rates are strikingly similar across life's major domains: Evidence for life's metabolic optimum. Proc. Natl. Acad. Sci. U.S.A. 105, 16994-16999 (2008).",-4.50986000618377,-4.9268917506634,38.9232497932056,72,298.15,-5126.81836119685,-1622.5901421774,27.3461553712044,-1.52597053816768,0.00220570966094921,FALSE,TRUE,-4.33629727806236,0.0130848883191859,-4.29218392282176,0.0136750274574081
"Dendrobates auratus","Amphibia","Anura","Dendrobatidae","Dendrobates","auratus",2,0.002,0.0113333333333333,"W",25,"C","J. F. Gillooly, J. P. Gomez, E. V. Mavrodiev,  A broad-scale comparison of aerobic activity levels in vertebrates: endotherms versus ectotherms. Proc. Biol. Sci. 284, 20162328 (2017).",-6.21460809842219,-4.48000704303409,38.9232497932056,12,298.15,-5126.81836119685,-1622.5901421774,27.3461553712044,-1.52597053816768,0.00220570966094921,FALSE,TRUE,-5.67903271730831,0.00341686191683357,-5.63491936206769,0.00357096517685672
"Desmognathus ochrophaeus","Amphibia","Caudata","Plethodontidae","Desmognathus","ochrophaeus",2,0.002,0.0035857686202513,"W",21,"C","J. F. Gillooly, J. P. Gomez, E. V. Mavrodiev,  A broad-scale comparison of aerobic activity levels in vertebrates: endotherms versus ectotherms. Proc. Biol. Sci. 284, 20162328 (2017).",-6.21460809842219,-5.63078242895639,39.4525477676161,13,294.15,-5126.81836119685,-1622.5901421774,27.3461553712044,-1.52597053816768,0.00220570966094921,FALSE,TRUE,-5.79055478939057,0.00305628611087836,-6.36257826071104,0.00172491369659291
"Desmognathus quadramaculatus","Amphibia","Caudata","Plethodontidae","Desmognathus","quadramaculatus",1.6,0.0016,0.0004288,"W",5,"C","A. M. Makarieva et al., Mean mass-specific metabolic rates are strikingly similar across life's major domains: Evidence for life's metabolic optimum. Proc. Natl. Acad. Sci. U.S.A. 105, 16994-16999 (2008).",-6.4377516497364,-7.75451994820768,41.7219734885647,74,278.15,-5126.81836119685,-1622.5901421774,27.3461553712044,-1.52597053816768,0.00220570966094921,FALSE,TRUE,-6.44447624182762,0.00158927674781137,-7.06240275998411,0.000856717133323333
"Desmognathus quadramaculatus","Amphibia","Caudata","Plethodontidae","Desmognathus","quadramaculatus",28,0.028,0.0164792770632827,"W",21,"C","J. F. Gillooly, J. P. Gomez, E. V. Mavrodiev,  A broad-scale comparison of aerobic activity levels in vertebrates: endotherms versus ectotherms. Proc. Biol. Sci. 284, 20162328 (2017).",-3.57555076880693,-4.10565162298227,39.4525477676161,14,294.15,-5126.81836119685,-1622.5901421774,27.3461553712044,-1.52597053816768,0.00220570966094921,FALSE,TRUE,-3.71191582870795,0.0244306734223424,-4.32984234686442,0.0131696235588745
"Discoglossus pictus","Amphibia","Anura","Alytidae","Discoglossus","pictus",31,0.031,0.0674754342586623,"W",20,"C","J. F. Gillooly, J. P. Gomez, E. V. Mavrodiev,  A broad-scale comparison of aerobic activity levels in vertebrates: endotherms versus ectotherms. Proc. Biol. Sci. 284, 20162328 (2017).",-3.47376807449699,-2.69599168425347,39.5871292029482,15,293.15,-5126.81836119685,-1622.5901421774,27.3461553712044,-1.52597053816768,0.00220570966094921,FALSE,TRUE,-3.66010330183477,0.0257298546478765,-3.83246190499619,0.021656234355439
"Discoglossus pictus","Amphibia","Anura","Alytidae","Discoglossus","pictus",101.25,0.10125,0.01609875,"W",20,"C","A. M. Makarieva et al., Mean mass-specific metabolic rates are strikingly similar across life's major domains: Evidence for life's metabolic optimum. Proc. Natl. Acad. Sci. U.S.A. 105, 16994-16999 (2008).",-2.29016257299549,-4.12901364975739,39.5871292029482,76,293.15,-5126.81836119685,-1622.5901421774,27.3461553712044,-1.52597053816768,0.00220570966094921,FALSE,TRUE,-2.72784295194006,0.0653601226475228,-2.90020155510151,0.0550121309632725
"Dryophytes arenicolor","Amphibia","Anura","Hylidae","Dryophytes","arenicolor",3,0.003,0.0234553529124358,"W",20,"C","J. F. Gillooly, J. P. Gomez, E. V. Mavrodiev,  A broad-scale comparison of aerobic activity levels in vertebrates: endotherms versus ectotherms. Proc. Biol. Sci. 284, 20162328 (2017).",-5.80914299031403,-3.75265654095227,39.5871292029482,16,293.15,-5126.81836119685,-1622.5901421774,27.3461553712044,-1.52597053816768,0.00220570966094921,FALSE,TRUE,-5.49954848301464,0.00408861710182663,-4.90825479802914,0.00738536604637238
"Dryophytes arenicolor","Amphibia","Anura","Hylidae","Dryophytes","arenicolor",7.78,0.00778,0.02273316,"W",20,"C","A. M. Makarieva et al., Mean mass-specific metabolic rates are strikingly similar across life's major domains: Evidence for life's metabolic optimum. Proc. Natl. Acad. Sci. U.S.A. 105, 16994-16999 (2008).",-4.85619894079184,-3.78393062746333,39.5871292029482,77,293.15,-5126.81836119685,-1622.5901421774,27.3461553712044,-1.52597053816768,0.00220570966094921,FALSE,TRUE,-4.7489673544962,0.00866063395175739,-4.15767366951066,0.015643908523201
"Dryophytes chrysoscelis","Amphibia","Anura","Hylidae","Dryophytes","chrysoscelis",5,0.005,0.0444330277003186,"W",20,"C","J. F. Gillooly, J. P. Gomez, E. V. Mavrodiev,  A broad-scale comparison of aerobic activity levels in vertebrates: endotherms versus ectotherms. Proc. Biol. Sci. 284, 20162328 (2017).",-5.29831736654804,-3.11377221895169,39.5871292029482,17,293.15,-5126.81836119685,-1622.5901421774,27.3461553712044,-1.52597053816768,0.00220570966094921,FALSE,TRUE,-5.09719949583679,0.00611384445984188,-4.55623626445045,0.0105015095608689
"Dryophytes chrysoscelis","Amphibia","Anura","Hylidae","Dryophytes","chrysoscelis",3.37,0.00337,0.00248032,"W",10,"C","A. M. Makarieva et al., Mean mass-specific metabolic rates are strikingly similar across life's major domains: Evidence for life's metabolic optimum. Proc. Natl. Acad. Sci. U.S.A. 105, 16994-16999 (2008).",-5.69284253461787,-5.99936769487113,40.9852266496354,78,283.15,-5126.81836119685,-1622.5901421774,27.3461553712044,-1.52597053816768,0.00220570966094921,FALSE,TRUE,-5.70252153127786,0.00333753912900564,-5.16155829989152,0.00573275936331769
"Dryophytes cinereus","Amphibia","Anura","Hylidae","Dryophytes","cinereus",3.9,0.0039,0.0027026999999999,"W",25,"C","A. M. Makarieva et al., Mean mass-specific metabolic rates are strikingly similar across life's major domains: Evidence for life's metabolic optimum. Proc. Natl. Acad. Sci. U.S.A. 105, 16994-16999 (2008).",-5.54677872584654,-5.91350400563881,38.9232497932056,79,298.15,-5126.81836119685,-1622.5901421774,27.3461553712044,-1.52597053816768,0.00220570966094921,FALSE,TRUE,-5.15302059269623,0.00578191351749047,-4.75009917880629,0.00865083718086755
"Dryophytes cinereus","Amphibia","Anura","Hylidae","Dryophytes","cinereus",10,0.01,0.0572960049746542,"W",21,"C","J. F. Gillooly, J. P. Gomez, E. V. Mavrodiev,  A broad-scale comparison of aerobic activity levels in vertebrates: endotherms versus ectotherms. Proc. Biol. Sci. 284, 20162328 (2017).",-4.60517018598809,-2.8595243789023,39.4525477676161,18,294.15,-5126.81836119685,-1622.5901421774,27.3461553712044,-1.52597053816768,0.00220570966094921,FALSE,TRUE,-4.52288988797179,0.010857601035843,-4.11996847408184,0.0162450265732553
"Dryophytes squirellus","Amphibia","Anura","Hylidae","Dryophytes","squirellus",2,0.002,0.0172546452441754,"W",28,"C","J. F. Gillooly, J. P. Gomez, E. V. Mavrodiev,  A broad-scale comparison of aerobic activity levels in vertebrates: endotherms versus ectotherms. Proc. Biol. Sci. 284, 20162328 (2017).",-6.21460809842219,-4.05967388223927,38.5355036554682,19,301.15,-5126.81836119685,-1622.5901421774,27.3461553712044,-1.52597053816768,0.00220570966094921,FALSE,TRUE,-5.59733534680441,0.00370773038063291,-5.29841481184797,0.0049995127972385
"Dryophytes squirellus","Amphibia","Anura","Hylidae","Dryophytes","squirellus",2.27,0.00227,0.0006787299999999,"W",27,"C","A. M. Makarieva et al., Mean mass-specific metabolic rates are strikingly similar across life's major domains: Evidence for life's metabolic optimum. Proc. Natl. Acad. Sci. U.S.A. 105, 16994-16999 (2008).",-6.08797544748883,-7.29528715308042,38.6638911405773,80,300.15,-5126.81836119685,-1622.5901421774,27.3461553712044,-1.52597053816768,0.00220570966094921,FALSE,TRUE,-5.52464483507606,0.00398728458430188,-5.22572430011965,0.00537646437550452
"Dryophytes versicolor","Amphibia","Anura","Hylidae","Dryophytes","versicolor",2.2,0.0022,0.0017226,"W",19,"C","A. M. Makarieva et al., Mean mass-specific metabolic rates are strikingly similar across life's major domains: Evidence for life's metabolic optimum. Proc. Natl. Acad. Sci. U.S.A. 105, 16994-16999 (2008).",-6.11929791861787,-6.3639205016092,39.7226319556538,81,292.15,-5126.81836119685,-1622.5901421774,27.3461553712044,-1.52597053816768,0.00220570966094921,FALSE,TRUE,-5.77239047403701,0.0031123087214455,-5.23343485661777,0.00533516825580597
"Dryophytes versicolor","Amphibia","Anura","Hylidae","Dryophytes","versicolor",9,0.009,0.0814540597121181,"W",19.3,"C","J. F. Gillooly, J. P. Gomez, E. V. Mavrodiev,  A broad-scale comparison of aerobic activity levels in vertebrates: endotherms versus ectotherms. Proc. Biol. Sci. 284, 20162328 (2017).",-4.71053070164592,-2.50771610217905,39.6818838291819,20,292.45,-5126.81836119685,-1622.5901421774,27.3461553712044,-1.52597053816768,0.00220570966094921,FALSE,TRUE,-4.65419718750996,0.00952155419706015,-4.11524157009071,0.0163219970268562
"Eleutherodactylus coqui","Amphibia","Anura","Eleutherodactylidae","Eleutherodactylus","coqui",30.7,0.0306999999999999,0.0093941999999999,"W",20,"C","A. M. Makarieva et al., Mean mass-specific metabolic rates are strikingly similar across life's major domains: Evidence for life's metabolic optimum. Proc. Natl. Acad. Sci. U.S.A. 105, 16994-16999 (2008).",-3.48349262438899,-4.66766280141875,39.5871292029482,82,293.15,-5126.81836119685,-1622.5901421774,27.3461553712044,-1.52597053816768,0.00220570966094921,FALSE,TRUE,-3.667762789961,0.0255335299648275,-3.94695750537532,0.0193133733106947
"Eleutherodactylus coqui","Amphibia","Anura","Eleutherodactylidae","Eleutherodactylus","coqui",5,0.005,0.0113973193729441,"W",20,"C","J. F. Gillooly, J. P. Gomez, E. V. Mavrodiev,  A broad-scale comparison of aerobic activity levels in vertebrates: endotherms versus ectotherms. Proc. Biol. Sci. 284, 20162328 (2017).",-5.29831736654804,-4.47437709395627,39.5871292029482,21,293.15,-5126.81836119685,-1622.5901421774,27.3461553712044,-1.52597053816768,0.00220570966094921,FALSE,TRUE,-5.09719949583679,0.00611384445984188,-5.37639421125114,0.00462446675328868
"Eurycea longicauda","Amphibia","Caudata","Plethodontidae","Eurycea","longicauda",1,0.001,0.0034377777777777,"W",15,"C","J. F. Gillooly, J. P. Gomez, E. V. Mavrodiev,  A broad-scale comparison of aerobic activity levels in vertebrates: endotherms versus ectotherms. Proc. Biol. Sci. 284, 20162328 (2017).",-6.90775527898214,-5.67293001117346,40.2740479814134,22,288.15,-5126.81836119685,-1622.5901421774,27.3461553712044,-1.52597053816768,0.00220570966094921,FALSE,TRUE,-6.50959687164674,0.00148907989240355,-6.99336233528261,0.000917954864941763
"Eurycea longicauda","Amphibia","Caudata","Plethodontidae","Eurycea","longicauda",1.14,0.00114,0.00042864,"W",15,"C","A. M. Makarieva et al., Mean mass-specific metabolic rates are strikingly similar across life's major domains: Evidence for life's metabolic optimum. Proc. Natl. Acad. Sci. U.S.A. 105, 16994-16999 (2008).",-6.77672701657573,-7.75489315216798,40.2740479814134,84,288.15,-5126.81836119685,-1622.5901421774,27.3461553712044,-1.52597053816768,0.00220570966094921,FALSE,TRUE,-6.40639318291589,0.00165096851759292,-6.89015864655174,0.00101775236528372
"Geotrypetes seraphini","Amphibia","Gymnophiona","Dermophiidae","Geotrypetes","seraphini",2,0.002,0.0025602673953715,"W",20,"C","J. F. Gillooly, J. P. Gomez, E. V. Mavrodiev,  A broad-scale comparison of aerobic activity levels in vertebrates: endotherms versus ectotherms. Proc. Biol. Sci. 284, 20162328 (2017).",-6.21460809842219,-5.96764357462833,39.5871292029482,23,293.15,-5600.94468722638,4753.10106532136,0.931797137007782,-0.305173090550027,0.000517052968916991,FALSE,TRUE,-5.81891084072208,0.00297083910028421,-6.54147367172136,0.00144236136490137
"Geotrypetes seraphini","Amphibia","Gymnophiona","Dermophiidae","Geotrypetes","seraphini",1.9,0.0019,0.000817,"W",20,"C","A. M. Makarieva et al., Mean mass-specific metabolic rates are strikingly similar across life's major domains: Evidence for life's metabolic optimum. Proc. Natl. Acad. Sci. U.S.A. 105, 16994-16999 (2008).",-6.26590139280974,-7.10987146310427,39.5871292029482,86,293.15,-5600.94468722638,4753.10106532136,0.931797137007782,-0.305173090550027,0.000517052968916991,FALSE,TRUE,-5.85931172134686,0.00285320680835258,-6.58187455234616,0.00138525013557533
"Hydromantes platycephalus","Amphibia","Caudata","Plethodontidae","Hydromantes","platycephalus",2,0.002,0.0047883333333333,"W",15,"C","J. F. Gillooly, J. P. Gomez, E. V. Mavrodiev,  A broad-scale comparison of aerobic activity levels in vertebrates: endotherms versus ectotherms. Proc. Biol. Sci. 284, 20162328 (2017).",-6.21460809842219,-5.341572875219,40.2740479814134,24,288.15,-5126.81836119685,-1622.5901421774,27.3461553712044,-1.52597053816768,0.00220570966094921,FALSE,TRUE,-5.96364331511326,0.00257052964152011,-6.56942082634005,0.00140260953143072
"Hyperolius viridiflavus","Amphibia","Anura","Hyperoliidae","Hyperolius","viridiflavus",1,0.001,0.0054508918740167,"W",20,"C","J. F. Gillooly, J. P. Gomez, E. V. Mavrodiev,  A broad-scale comparison of aerobic activity levels in vertebrates: endotherms versus ectotherms. Proc. Biol. Sci. 284, 20162328 (2017).",-6.90775527898214,-5.21197603708706,39.5871292029482,25,293.15,-5126.81836119685,-1622.5901421774,27.3461553712044,-1.52597053816768,0.00220570966094921,FALSE,TRUE,-6.36486439725557,0.00172097481248394,-6.45495562954044,0.00157270906180894
"Hyperolius viridiflavus","Amphibia","Anura","Hyperoliidae","Hyperolius","viridiflavus",1,0.001,0.00056,"W",20,"C","A. M. Makarieva et al., Mean mass-specific metabolic rates are strikingly similar across life's major domains: Evidence for life's metabolic optimum. Proc. Natl. Acad. Sci. U.S.A. 105, 16994-16999 (2008).",-6.90775527898214,-7.48757377423508,39.5871292029482,89,293.15,-5126.81836119685,-1622.5901421774,27.3461553712044,-1.52597053816768,0.00220570966094921,FALSE,TRUE,-6.36486439725557,0.00172097481248394,-6.45495562954047,0.00157270906180889
"Incilius alvarius","Amphibia","Anura","Bufonidae","Incilius","alvarius",174,0.174,1.18990995810072,"W",26,"C","J. F. Gillooly, J. P. Gomez, E. V. Mavrodiev,  A broad-scale comparison of aerobic activity levels in vertebrates: endotherms versus ectotherms. Proc. Biol. Sci. 284, 20162328 (2017).",-1.74869997976761,0.173877638799079,38.7931369742412,26,299.15,-5126.81836119685,-1622.5901421774,27.3461553712044,-1.52597053816768,0.00220570966094921,FALSE,TRUE,-2.1340702788061,0.118354575998432,-1.57385760378829,0.207244172456164
"Incilius alvarius","Amphibia","Anura","Bufonidae","Incilius","alvarius",150.8,0.1508,0.1456728,"W",15,"C","A. M. Makarieva et al., Mean mass-specific metabolic rates are strikingly similar across life's major domains: Evidence for life's metabolic optimum. Proc. Natl. Acad. Sci. U.S.A. 105, 16994-16999 (2008).",-1.89180082340828,-1.9263922681779,40.2740479814134,90,288.15,-5126.81836119685,-1622.5901421774,27.3461553712044,-1.52597053816768,0.00220570966094921,FALSE,TRUE,-2.55880798981315,0.0773969434239289,-1.99859531479535,0.135525520286947
"Kaloula pulchra","Amphibia","Anura","Microhylidae","Kaloula","pulchra",0.9,9e-04,0.0006984,"W",20,"C","A. M. Makarieva et al., Mean mass-specific metabolic rates are strikingly similar across life's major domains: Evidence for life's metabolic optimum. Proc. Natl. Acad. Sci. U.S.A. 105, 16994-16999 (2008).",-7.01311579463996,-7.26671855343888,39.5871292029482,91,293.15,-5126.81836119685,-1622.5901421774,27.3461553712044,-1.52597053816768,0.00220570966094921,FALSE,TRUE,-6.44785102672598,0.0015839223207452,-6.23916879003281,0.0019514769359643
"Kaloula pulchra","Amphibia","Anura","Microhylidae","Kaloula","pulchra",31,0.031,0.176493271738998,"W",20,"C","J. F. Gillooly, J. P. Gomez, E. V. Mavrodiev,  A broad-scale comparison of aerobic activity levels in vertebrates: endotherms versus ectotherms. Proc. Biol. Sci. 284, 20162328 (2017).",-3.47376807449699,-1.73447252379432,39.5871292029482,27,293.15,-5126.81836119685,-1622.5901421774,27.3461553712044,-1.52597053816768,0.00220570966094921,FALSE,TRUE,-3.66010330183477,0.0257298546478765,-3.45142106514164,0.0317005557996175
"Necturus maculosus","Amphibia","Caudata","Proteidae","Necturus","maculosus",102,0.102,0.0387977777777777,"W",15,"C","J. F. Gillooly, J. P. Gomez, E. V. Mavrodiev,  A broad-scale comparison of aerobic activity levels in vertebrates: endotherms versus ectotherms. Proc. Biol. Sci. 284, 20162328 (2017).",-2.28278246569787,-3.24939230776173,40.2740479814134,29,288.15,-5126.81836119685,-1622.5901421774,27.3461553712044,-1.52597053816768,0.00220570966094921,FALSE,TRUE,-2.86676252549324,0.0568827853676903,-3.85124414002876,0.021253277928931
"Necturus maculosus","Amphibia","Caudata","Proteidae","Necturus","maculosus",125,0.125,0.01375,"W",25,"C","A. M. Makarieva et al., Mean mass-specific metabolic rates are strikingly similar across life's major domains: Evidence for life's metabolic optimum. Proc. Natl. Acad. Sci. U.S.A. 105, 16994-16999 (2008).",-2.07944154167984,-4.28671645486956,38.9232497932056,97,298.15,-5126.81836119685,-1622.5901421774,27.3461553712044,-1.52597053816768,0.00220570966094921,FALSE,TRUE,-2.42199156958546,0.0887447001006564,-3.406473184121,0.0331579363381554
"Notophthalmus viridescens","Amphibia","Caudata","Salamandridae","Notophthalmus","viridescens",1,0.001,0.0027011111111111,"W",15,"C","J. F. Gillooly, J. P. Gomez, E. V. Mavrodiev,  A broad-scale comparison of aerobic activity levels in vertebrates: endotherms versus ectotherms. Proc. Biol. Sci. 284, 20162328 (2017).",-6.90775527898214,-5.91409206799033,40.2740479814134,30,288.15,-5126.81836119685,-1622.5901421774,27.3461553712044,-1.52597053816768,0.00220570966094921,FALSE,TRUE,-6.50959687164674,0.00148907989240355,-6.99047677388133,0.000920607505406031
"Notophthalmus viridescens","Amphibia","Caudata","Salamandridae","Notophthalmus","viridescens",3,0.003,0.001116,"W",20,"C","A. M. Makarieva et al., Mean mass-specific metabolic rates are strikingly similar across life's major domains: Evidence for life's metabolic optimum. Proc. Natl. Acad. Sci. U.S.A. 105, 16994-16999 (2008).",-5.80914299031403,-6.79800441502302,39.5871292029482,98,293.15,-5126.81836119685,-1622.5901421774,27.3461553712044,-1.52597053816768,0.00220570966094921,FALSE,TRUE,-5.49954848301464,0.00408861710182663,-5.98042838524923,0.00252774321235209
"Odontophrynus americanus","Amphibia","Anura","Odontophrynidae","Odontophrynus","americanus",15.24,0.01524,0.00452628,"W",20,"C","A. M. Makarieva et al., Mean mass-specific metabolic rates are strikingly similar across life's major domains: Evidence for life's metabolic optimum. Proc. Natl. Acad. Sci. U.S.A. 105, 16994-16999 (2008).",-4.18383172872364,-5.39785486890307,39.5871292029482,100,293.15,-5126.81836119685,-1622.5901421774,27.3461553712044,-1.52597053816768,0.00220570966094921,FALSE,TRUE,-4.21938102561782,0.0147077454056247,-4.13531977481001,0.0159975486987142
"Odontophrynus americanus","Amphibia","Anura","Odontophrynidae","Odontophrynus","americanus",15,0.015,0.0725959690494053,"W",20,"C","J. F. Gillooly, J. P. Gomez, E. V. Mavrodiev,  A broad-scale comparison of aerobic activity levels in vertebrates: endotherms versus ectotherms. Proc. Biol. Sci. 284, 20162328 (2017).",-4.19970507787993,-2.6228458814283,39.5871292029482,31,293.15,-5126.81836119685,-1622.5901421774,27.3461553712044,-1.52597053816768,0.00220570966094921,FALSE,TRUE,-4.23188358159586,0.0145250057322677,-4.14782233078804,0.0157987835757746
"Osteopilus septentrionalis","Amphibia","Anura","Hylidae","Osteopilus","septentrionalis",16,0.016,0.115660111240447,"W",21,"C","J. F. Gillooly, J. P. Gomez, E. V. Mavrodiev,  A broad-scale comparison of aerobic activity levels in vertebrates: endotherms versus ectotherms. Proc. Biol. Sci. 284, 20162328 (2017).",-4.13516655674236,-2.15709946446412,39.4525477676161,32,294.15,-5126.81836119685,-1622.5901421774,27.3461553712044,-1.52597053816768,0.00220570966094921,FALSE,TRUE,-4.15269411979011,0.0157220024183655,-3.81064811633968,0.0221338290110807
"Osteopilus septentrionalis","Amphibia","Anura","Hylidae","Osteopilus","septentrionalis",5,0.005,0.00273,"W",20,"C","A. M. Makarieva et al., Mean mass-specific metabolic rates are strikingly similar across life's major domains: Evidence for life's metabolic optimum. Proc. Natl. Acad. Sci. U.S.A. 105, 16994-16999 (2008).",-5.29831736654804,-5.90345366978527,39.5871292029482,101,293.15,-5126.81836119685,-1622.5901421774,27.3461553712044,-1.52597053816768,0.00220570966094921,FALSE,TRUE,-5.09719949583679,0.00611384445984188,-4.75515349238633,0.00860722344861177
"Plethodon glutinosus","Amphibia","Caudata","Plethodontidae","Plethodon","glutinosus",4,0.004,0.0045105048172519,"W",22,"C","J. F. Gillooly, J. P. Gomez, E. V. Mavrodiev,  A broad-scale comparison of aerobic activity levels in vertebrates: endotherms versus ectotherms. Proc. Biol. Sci. 284, 20162328 (2017).",-5.52146091786225,-5.40134619885975,39.3188782850898,33,295.15,-5126.81836119685,-1622.5901421774,27.3461553712044,-1.52597053816768,0.00220570966094921,FALSE,TRUE,-5.21643732823966,0.00542662802262198,-5.95293981318612,0.00259819108355547
"Plethodon glutinosus","Amphibia","Caudata","Plethodontidae","Plethodon","glutinosus",5.01,0.00501,0.00137775,"W",20,"C","A. M. Makarieva et al., Mean mass-specific metabolic rates are strikingly similar across life's major domains: Evidence for life's metabolic optimum. Proc. Natl. Acad. Sci. U.S.A. 105, 16994-16999 (2008).",-5.29631936388536,-6.58730354520093,39.5871292029482,103,293.15,-5126.81836119685,-1622.5901421774,27.3461553712044,-1.52597053816768,0.00220570966094921,FALSE,TRUE,-5.09562578005139,0.00612347348806739,-5.83212826499787,0.00293183062313481
"Plethodon jordani","Amphibia","Caudata","Plethodontidae","Plethodon","jordani",3.1,0.0031,0.0007254,"W",5,"C","A. M. Makarieva et al., Mean mass-specific metabolic rates are strikingly similar across life's major domains: Evidence for life's metabolic optimum. Proc. Natl. Acad. Sci. U.S.A. 105, 16994-16999 (2008).",-5.77635316749104,-7.22878733111547,41.7219734885647,104,278.15,-5126.81836119685,-1622.5901421774,27.3461553712044,-1.52597053816768,0.00220570966094921,FALSE,TRUE,-5.92352937254077,0.00267573980958345,-6.62155067872601,0.00133136482497208
"Plethodon jordani","Amphibia","Caudata","Plethodontidae","Plethodon","jordani",4,0.004,0.0089600584827443,"W",27,"C","J. F. Gillooly, J. P. Gomez, E. V. Mavrodiev,  A broad-scale comparison of aerobic activity levels in vertebrates: endotherms versus ectotherms. Proc. Biol. Sci. 284, 20162328 (2017).",-5.52146091786225,-4.7149785249246,38.6638911405773,34,300.15,-5126.81836119685,-1622.5901421774,27.3461553712044,-1.52597053816768,0.00220570966094921,FALSE,TRUE,-5.07843278812282,0.00622966457374363,-5.77645409430805,0.00309968714265537
"Plethodon yonahlossee","Amphibia","Caudata","Plethodontidae","Plethodon","yonahlossee",5,0.005,0.0053562244704867,"W",22,"C","J. F. Gillooly, J. P. Gomez, E. V. Mavrodiev,  A broad-scale comparison of aerobic activity levels in vertebrates: endotherms versus ectotherms. Proc. Biol. Sci. 284, 20162328 (2017).",-5.29831736654804,-5.22949594193308,39.3188782850898,35,295.15,-5126.81836119685,-1622.5901421774,27.3461553712044,-1.52597053816768,0.00220570966094921,FALSE,TRUE,-5.04067953988786,0.00646935064245048,-5.76855440639402,0.00312427067699339
"Pseudacris cadaverina","Amphibia","Anura","Hylidae","Pseudacris","cadaverina",3,0.003,0.025260251790679,"W",23,"C","J. F. Gillooly, J. P. Gomez, E. V. Mavrodiev,  A broad-scale comparison of aerobic activity levels in vertebrates: endotherms versus ectotherms. Proc. Biol. Sci. 284, 20162328 (2017).",-5.80914299031403,-3.6785231941491,39.1861115172861,36,296.15,-5126.81836119685,-1622.5901421774,27.3461553712044,-1.52597053816768,0.00220570966094921,FALSE,TRUE,-5.41505482271584,0.00444909389465499,-4.89635108584859,0.00747380464766614
"Pseudacris regilla","Amphibia","Anura","Hylidae","Pseudacris","regilla",4,0.004,0.0376887169873225,"W",21,"C","J. F. Gillooly, J. P. Gomez, E. V. Mavrodiev,  A broad-scale comparison of aerobic activity levels in vertebrates: endotherms versus ectotherms. Proc. Biol. Sci. 284, 20162328 (2017).",-5.52146091786225,-3.27839451347851,39.4525477676161,38,294.15,-5126.81836119685,-1622.5901421774,27.3461553712044,-1.52597053816768,0.00220570966094921,FALSE,TRUE,-5.24460123285709,0.00527592514079151,-4.64146665076858,0.00964354353997851
"Pseudacris regilla","Amphibia","Anura","Hylidae","Pseudacris","regilla",41.4,0.0414,0.0218592,"W",21,"C","A. M. Makarieva et al., Mean mass-specific metabolic rates are strikingly similar across life's major domains: Evidence for life's metabolic optimum. Proc. Natl. Acad. Sci. U.S.A. 105, 16994-16999 (2008).",-3.18447439815087,-3.82313339342674,39.4525477676161,106,294.15,-5126.81836119685,-1622.5901421774,27.3461553712044,-1.52597053816768,0.00220570966094921,FALSE,TRUE,-3.40388668075209,0.0332438104611799,-2.80075209866359,0.0607643446527529
"Pseudacris regilla","Amphibia","Anura","Hylidae","Pseudacris","regilla",4,0.004,0.0272133640425357,"W",23,"C","J. F. Gillooly, J. P. Gomez, E. V. Mavrodiev,  A broad-scale comparison of aerobic activity levels in vertebrates: endotherms versus ectotherms. Proc. Biol. Sci. 284, 20162328 (2017).",-5.52146091786225,-3.60404710124761,39.1861115172861,37,296.15,-5126.81836119685,-1622.5901421774,27.3461553712044,-1.52597053816768,0.00220570966094921,FALSE,TRUE,-5.18846362388979,0.00558057409267156,-4.58532904180128,0.0102003928798507
"Pseudoeurycea unguidentis","Amphibia","Caudata","Plethodontidae","Pseudoeurycea","unguidentis",3,0.003,0.0041744444444444,"W",15,"C","J. F. Gillooly, J. P. Gomez, E. V. Mavrodiev,  A broad-scale comparison of aerobic activity levels in vertebrates: endotherms versus ectotherms. Proc. Biol. Sci. 284, 20162328 (2017).",-5.80914299031403,-5.47877399673249,40.2740479814134,39,288.15,-5126.81836119685,-1622.5901421774,27.3461553712044,-1.52597053816768,0.00220570966094921,FALSE,TRUE,-5.64428095740582,0.0035376912374911,-6.49372255891842,0.00151290662847583
"Pseudotriton ruber","Amphibia","Caudata","Plethodontidae","Pseudotriton","ruber",10.81,0.01081,0.00184851,"W",5,"C","A. M. Makarieva et al., Mean mass-specific metabolic rates are strikingly similar across life's major domains: Evidence for life's metabolic optimum. Proc. Natl. Acad. Sci. U.S.A. 105, 16994-16999 (2008).",-4.52728364733102,-6.2933753698105,41.7219734885647,113,278.15,-5126.81836119685,-1622.5901421774,27.3461553712044,-1.52597053816768,0.00220570966094921,FALSE,TRUE,-4.93970664915026,0.0071566974877002,-5.52819821137308,0.00397314140467174
"Pseudotriton ruber","Amphibia","Caudata","Plethodontidae","Pseudotriton","ruber",11,0.011,0.0125233333333333,"W",15,"C","J. F. Gillooly, J. P. Gomez, E. V. Mavrodiev,  A broad-scale comparison of aerobic activity levels in vertebrates: endotherms versus ectotherms. Proc. Biol. Sci. 284, 20162328 (2017).",-4.50986000618377,-4.38016170806437,40.2740479814134,40,288.15,-5126.81836119685,-1622.5901421774,27.3461553712044,-1.52597053816768,0.00220570966094921,FALSE,TRUE,-4.62090787586731,0.00984385500471659,-5.20939943809013,0.0054649547459624
"Rhinella marina","Amphibia","Anura","Bufonidae","Rhinella","marina",266,0.266,2.10944444444444,"W",25,"C","J. F. Gillooly, J. P. Gomez, E. V. Mavrodiev,  A broad-scale comparison of aerobic activity levels in vertebrates: endotherms versus ectotherms. Proc. Biol. Sci. 284, 20162328 (2017).",-1.32425897020044,0.746424616347546,38.9232497932056,41,298.15,-5126.81836119685,-1622.5901421774,27.3461553712044,-1.52597053816768,0.00220570966094921,FALSE,TRUE,-1.82717617929819,0.160867187097095,-1.47200682957283,0.229464526610858
"Rhinella marina","Amphibia","Anura","Bufonidae","Rhinella","marina",145,0.145,0.01885,"W",15,"C","A. M. Makarieva et al., Mean mass-specific metabolic rates are strikingly similar across life's major domains: Evidence for life's metabolic optimum. Proc. Natl. Acad. Sci. U.S.A. 105, 16994-16999 (2008).",-1.93102153656156,-3.97124236508812,40.2740479814134,117,288.15,-5126.81836119685,-1622.5901421774,27.3461553712044,-1.52597053816768,0.00220570966094921,FALSE,TRUE,-2.58969996836598,0.0750425518474897,-2.23453061864062,0.107042361752505
"Scaphiopus couchii","Amphibia","Anura","Scaphiopodidae","Scaphiopus","couchii",21,0.021,0.227055555555556,"W",25,"C","J. F. Gillooly, J. P. Gomez, E. V. Mavrodiev,  A broad-scale comparison of aerobic activity levels in vertebrates: endotherms versus ectotherms. Proc. Biol. Sci. 284, 20162328 (2017).",-3.86323284125871,-1.48256055331402,38.9232497932056,42,298.15,-5126.81836119685,-1622.5901421774,27.3461553712044,-1.52597053816768,0.00220570966094921,FALSE,TRUE,-3.82698495545173,0.0217751698629048,-3.14296463224018,0.0431546703432494
"Scaphiopus couchii","Amphibia","Anura","Scaphiopodidae","Scaphiopus","couchii",24.6,0.0246,0.0138743999999999,"W",21,"C","A. M. Makarieva et al., Mean mass-specific metabolic rates are strikingly similar across life's major domains: Evidence for life's metabolic optimum. Proc. Natl. Acad. Sci. U.S.A. 105, 16994-16999 (2008).",-3.70500883604382,-4.2777098635279,39.4525477676161,118,294.15,-5126.81836119685,-1622.5901421774,27.3461553712044,-1.52597053816768,0.00220570966094921,FALSE,TRUE,-3.81388276186756,0.0220623495876774,-3.12986243865603,0.0437238115453541
"Spea hammondii","Amphibia","Anura","Scaphiopodidae","Spea","hammondii",11,0.011,0.05304,"W",15,"C","J. F. Gillooly, J. P. Gomez, E. V. Mavrodiev,  A broad-scale comparison of aerobic activity levels in vertebrates: endotherms versus ectotherms. Proc. Biol. Sci. 284, 20162328 (2017).",-4.50986000618377,-2.93670893310453,40.2740479814134,43,288.15,-5126.81836119685,-1622.5901421774,27.3461553712044,-1.52597053816768,0.00220570966094921,FALSE,TRUE,-4.62090787586731,0.00984385500471659,-4.04675403440689,0.0174790189511318
"Spea hammondii","Amphibia","Anura","Scaphiopodidae","Spea","hammondii",12.74,0.01274,0.00875238,"W",21,"C","A. M. Makarieva et al., Mean mass-specific metabolic rates are strikingly similar across life's major domains: Evidence for life's metabolic optimum. Proc. Natl. Acad. Sci. U.S.A. 105, 16994-16999 (2008).",-4.36300862883812,-4.73842961559791,39.4525477676161,123,294.15,-5126.81836119685,-1622.5901421774,27.3461553712044,-1.52597053816768,0.00220570966094921,FALSE,TRUE,-4.33215267213992,0.0131392325647565,-3.75799883067951,0.0233303817348655
"Xenopus laevis","Amphibia","Anura","Pipidae","Xenopus","laevis",36,0.036,0.268944444444444,"W",25,"C","J. F. Gillooly, J. P. Gomez, E. V. Mavrodiev,  A broad-scale comparison of aerobic activity levels in vertebrates: endotherms versus ectotherms. Proc. Biol. Sci. 284, 20162328 (2017).",-3.32423634052603,-1.31325044693861,38.9232497932056,44,298.15,-5126.81836119685,-1622.5901421774,27.3461553712044,-1.52597053816768,0.00220570966094921,FALSE,TRUE,-3.40244733229297,0.0332916943410697,-3.01716670175351,0.0489396828313657
"Xenopus laevis","Amphibia","Anura","Pipidae","Xenopus","laevis",139,0.139,0.031553,"W",20,"C","A. M. Makarieva et al., Mean mass-specific metabolic rates are strikingly similar across life's major domains: Evidence for life's metabolic optimum. Proc. Natl. Acad. Sci. U.S.A. 105, 16994-16999 (2008).",-1.97328134585145,-3.45608660735218,39.5871292029482,130,293.15,-5126.81836119685,-1622.5901421774,27.3461553712044,-1.52597053816768,0.00220570966094921,FALSE,TRUE,-2.47825319984985,0.083889636108962,-2.09297256931038,0.123320013152548
"Acris crepitans","Amphibia","Anura","Hylidae","Acris","crepitans",1.59,0.00159,0.00058671,"W",15,"C","A. M. Makarieva et al., Mean mass-specific metabolic rates are strikingly similar across life's major domains: Evidence for life's metabolic optimum. Proc. Natl. Acad. Sci. U.S.A. 105, 16994-16999 (2008).",-6.44402126275,-7.44097989769161,40.2740479814134,45,288.15,-5126.81836119685,-1622.5901421774,27.3461553712044,-1.52597053816768,0.00220570966094921,FALSE,TRUE,-6.14433932960066,0.00214559295350971,-5.89445669863628,0.00275467255393727
"Ambystoma maculatum","Amphibia","Caudata","Ambystomatidae","Ambystoma","maculatum",15.83,0.01583,0.00444823,"W",15,"C","A. M. Makarieva et al., Mean mass-specific metabolic rates are strikingly similar across life's major domains: Evidence for life's metabolic optimum. Proc. Natl. Acad. Sci. U.S.A. 105, 16994-16999 (2008).",-4.14584840508922,-5.41524901473761,40.2740479814134,49,288.15,-5463.52186819174,2899.74159249874,8.67803683342492,-0.676783266230328,0.00155564083056903,FALSE,TRUE,-4.3341961444909,0.0131124103208878,-5.05316168470677,0.00638910115563461
"Ambystoma mexicanum","Amphibia","Caudata","Ambystomatidae","Ambystoma","mexicanum",21.3,0.0213,0.0022364999999999,"W",22,"C","A. M. Makarieva et al., Mean mass-specific metabolic rates are strikingly similar across life's major domains: Evidence for life's metabolic optimum. Proc. Natl. Acad. Sci. U.S.A. 105, 16994-16999 (2008).",-3.84904820626676,-6.10284313509142,39.3188782850898,50,295.15,-5463.60534431407,2900.87504345145,8.67320376250161,-0.676532351367968,0.00155421665850336,FALSE,TRUE,-3.89917067334283,0.0202587055655015,-4.73741372067125,0.00876127601638201
"Ambystoma opacum","Amphibia","Caudata","Ambystomatidae","Ambystoma","opacum",4.65,0.00465,0.0011439,"W",14,"C","A. M. Makarieva et al., Mean mass-specific metabolic rates are strikingly similar across life's major domains: Evidence for life's metabolic optimum. Proc. Natl. Acad. Sci. U.S.A. 105, 16994-16999 (2008).",-5.37088805938287,-6.77331180243265,40.4143023710404,51,287.15,-5126.81836119685,-1622.5901421774,27.3461553712044,-1.52597053816768,0.00220570966094921,FALSE,TRUE,-5.3286432084351,0.00485064686628249,-6.07966221756732,0.0022889496893501
"Ambystoma talpoideum","Amphibia","Caudata","Ambystomatidae","Ambystoma","talpoideum",7,0.007,0.006867,"W",15,"C","A. M. Makarieva et al., Mean mass-specific metabolic rates are strikingly similar across life's major domains: Evidence for life's metabolic optimum. Proc. Natl. Acad. Sci. U.S.A. 105, 16994-16999 (2008).",-4.96184512992682,-4.9810279493436,40.2740479814134,52,288.15,-5464.58065517508,2914.11616748927,8.61676543906449,-0.673606629642694,0.00153776405679733,FALSE,TRUE,-4.9769114674976,0.00689532614286302,-5.66604919876413,0.00346151405054107
"Anaxyrus terrestris","Amphibia","Anura","Bufonidae","Anaxyrus","terrestris",19.8,0.0198,0.0124542,"W",25,"C","A. M. Makarieva et al., Mean mass-specific metabolic rates are strikingly similar across life's major domains: Evidence for life's metabolic optimum. Proc. Natl. Acad. Sci. U.S.A. 105, 16994-16999 (2008).",-3.92207334128165,-4.38569736356334,38.9232497932056,56,298.15,-5126.81836119685,-1622.5901421774,27.3461553712044,-1.52597053816768,0.00220570966094921,FALSE,TRUE,-3.87333035099929,0.02078901927802,-3.51626026351624,0.0297103364971095
"Aneides ferreus","Amphibia","Caudata","Plethodontidae","Aneides","ferreus",2.73,0.00273,0.00091182,"W",15,"C","A. M. Makarieva et al., Mean mass-specific metabolic rates are strikingly similar across life's major domains: Evidence for life's metabolic optimum. Proc. Natl. Acad. Sci. U.S.A. 105, 16994-16999 (2008).",-5.90345366978527,-7.0000679557907,40.2740479814134,58,288.15,-5126.81836119685,-1622.5901421774,27.3461553712044,-1.52597053816768,0.00220570966094921,FALSE,TRUE,-5.71856424430431,0.00328442314795909,-6.31728263387281,0.00180484126323097
"Aneides hardii","Amphibia","Caudata","Plethodontidae","Aneides","hardii",0.97,0.0009699999999999,0.0004238899999999,"W",20,"C","A. M. Makarieva et al., Mean mass-specific metabolic rates are strikingly similar across life's major domains: Evidence for life's metabolic optimum. Proc. Natl. Acad. Sci. U.S.A. 105, 16994-16999 (2008).",-6.93821448646695,-7.76603657035363,39.5871292029482,59,293.15,-5126.81836119685,-1622.5901421774,27.3461553712044,-1.52597053816768,0.00220570966094921,FALSE,TRUE,-6.38885542415708,0.00168017819261812,-7.00906472146014,0.000903653360881652
"Aquiloeurycea cephalica","Amphibia","Caudata","Plethodontidae","Aquiloeurycea","cephalica",1.45,0.00145,0.0004364499999999,"W",15,"C","A. M. Makarieva et al., Mean mass-specific metabolic rates are strikingly similar across life's major domains: Evidence for life's metabolic optimum. Proc. Natl. Acad. Sci. U.S.A. 105, 16994-16999 (2008).",-6.53619172254965,-7.73683673678314,40.2740479814134,61,288.15,-5126.81836119685,-1622.5901421774,27.3461553712044,-1.52597053816768,0.00220570966094921,FALSE,TRUE,-6.21693688427051,0.00199534784733948,-7.07558004194117,0.000845501984969549
"Bolitoglossa franklini","Amphibia","Caudata","Plethodontidae","Bolitoglossa","franklini",3.18,0.00318,0.00067416,"W",15,"C","A. M. Makarieva et al., Mean mass-specific metabolic rates are strikingly similar across life's major domains: Evidence for life's metabolic optimum. Proc. Natl. Acad. Sci. U.S.A. 105, 16994-16999 (2008).",-5.75087408219005,-7.30204308650018,40.2740479814134,63,288.15,-5126.81836119685,-1622.5901421774,27.3461553712044,-1.52597053816768,0.00220570966094921,FALSE,TRUE,-5.59838577306718,0.00370383772809598,-6.45894819798588,0.00156644243153454
"Boulengerula taitana","Amphibia","Gymnophiona","Herpelidae","Boulengerula","taitana",5,0.005,0.002165,"W",35,"C","A. M. Makarieva et al., Mean mass-specific metabolic rates are strikingly similar across life's major domains: Evidence for life's metabolic optimum. Proc. Natl. Acad. Sci. U.S.A. 105, 16994-16999 (2008).",-5.29831736654804,-6.13533491752768,37.6601230759184,65,308.15,-5600.94468722638,4753.10106532136,0.931797137007782,-0.305173090550027,0.000517052968916991,FALSE,TRUE,-4.69118298606087,0.00917582486022383,-5.42031234227787,0.0044257640786917
"Bufo bufo","Amphibia","Anura","Bufonidae","Bufo","bufo",76.13,0.0761299999999999,0.0350198,"W",15,"C","A. M. Makarieva et al., Mean mass-specific metabolic rates are strikingly similar across life's major domains: Evidence for life's metabolic optimum. Proc. Natl. Acad. Sci. U.S.A. 105, 16994-16999 (2008).",-2.57531287366402,-3.35184166316301,40.2740479814134,66,288.15,-5126.81836119685,-1622.5901421774,27.3461553712044,-1.52597053816768,0.00220570966094921,FALSE,TRUE,-3.0971724890659,0.0451767597558332,-2.86501247347185,0.0569824203589846
"Bufotes viridis","Amphibia","Anura","Bufonidae","Bufotes","viridis",35,0.035,0.007245,"W",20,"C","A. M. Makarieva et al., Mean mass-specific metabolic rates are strikingly similar across life's major domains: Evidence for life's metabolic optimum. Proc. Natl. Acad. Sci. U.S.A. 105, 16994-16999 (2008).",-3.35240721749272,-4.92744370320949,39.5871292029482,67,293.15,-5126.81836119685,-1622.5901421774,27.3461553712044,-1.52597053816768,0.00220570966094921,FALSE,TRUE,-3.56451409168765,0.0283107385657458,-3.38288626523252,0.0339493264300216
"Crinia parinsignifera","Amphibia","Anura","Myobatrachidae","Crinia","parinsignifera",251,0.251,0.104667,"W",30,"C","A. M. Makarieva et al., Mean mass-specific metabolic rates are strikingly similar across life's major domains: Evidence for life's metabolic optimum. Proc. Natl. Acad. Sci. U.S.A. 105, 16994-16999 (2008).",-1.38230233985035,-2.25697139703369,38.2812697537333,69,303.15,-5126.81836119685,-1622.5901421774,27.3461553712044,-1.52597053816768,0.00220570966094921,FALSE,TRUE,-1.73762975156824,0.175936921004695,-2.08394224447928,0.124438676273233
"Crinia signifera","Amphibia","Anura","Myobatrachidae","Crinia","signifera",0.452,0.000452,0.000638676,"W",25,"C","A. M. Makarieva et al., Mean mass-specific metabolic rates are strikingly similar across life's major domains: Evidence for life's metabolic optimum. Proc. Natl. Acad. Sci. U.S.A. 105, 16994-16999 (2008).",-7.70182837813204,-7.35611327442965,38.9232497932056,70,298.15,-5126.81836119685,-1622.5901421774,27.3461553712044,-1.52597053816768,0.00220570966094921,FALSE,TRUE,-6.85043357390618,0.00105899644013161,-7.19674606681724,0.000749019105458396
"Cryptobranchus alleganiensis","Amphibia","Caudata","Cryptobranchidae","Cryptobranchus","alleganiensis",0.621,0.000621,0.000827793,"W",25,"C","A. M. Makarieva et al., Mean mass-specific metabolic rates are strikingly similar across life's major domains: Evidence for life's metabolic optimum. Proc. Natl. Acad. Sci. U.S.A. 105, 16994-16999 (2008).",-7.3841794760308,-7.09674743483422,38.9232497932056,71,298.15,-5496.78637722393,3349.29085023844,6.78752517793817,-0.583784052190972,0.00120921630151862,FALSE,TRUE,-6.60023916686692,0.00136004272149046,-7.24375471922407,0.000714623505832215
"Dendrotriton bromeliacius","Amphibia","Caudata","Plethodontidae","Dendrotriton","bromeliacius",0.59,0.0005899999999999,0.0001775899999999,"W",15,"C","A. M. Makarieva et al., Mean mass-specific metabolic rates are strikingly similar across life's major domains: Evidence for life's metabolic optimum. Proc. Natl. Acad. Sci. U.S.A. 105, 16994-16999 (2008).",-7.43538802106468,-8.63603303529833,40.2740479814134,73,288.15,-5126.81836119685,-1622.5901421774,27.3461553712044,-1.52597053816768,0.00220570966094921,FALSE,TRUE,-6.92518389293531,0.00098272238582742,-7.74152362073302,0.000434409195742177
"Dicamptodon ensatus","Amphibia","Caudata","Ambystomatidae","Dicamptodon","ensatus",23.41,0.02341,0.0044479,"W",15,"C","A. M. Makarieva et al., Mean mass-specific metabolic rates are strikingly similar across life's major domains: Evidence for life's metabolic optimum. Proc. Natl. Acad. Sci. U.S.A. 105, 16994-16999 (2008).",-3.75459199747932,-5.41532320430097,40.2740479814134,75,288.15,-5466.92093264869,2945.88809041927,8.48134747674539,-0.666587664090881,0.00149832888861658,FALSE,TRUE,-4.02602519142062,0.0178451201083073,-4.78691840725978,0.00833811249925411
"Eleutherodactylus portoricensis","Amphibia","Anura","Eleutherodactylidae","Eleutherodactylus","portoricensis",4.06,0.0040599999999999,0.0013804,"W",15,"C","A. M. Makarieva et al., Mean mass-specific metabolic rates are strikingly similar across life's major domains: Evidence for life's metabolic optimum. Proc. Natl. Acad. Sci. U.S.A. 105, 16994-16999 (2008).",-5.50657230536852,-6.58538196674043,40.2740479814134,83,288.15,-5126.81836119685,-1622.5901421774,27.3461553712044,-1.52597053816768,0.00220570966094921,FALSE,TRUE,-5.40596282500668,0.00448972949562233,-5.70679551985591,0.00332330496488485
"Fejervarya cancrivora","Amphibia","Anura","Dicroglossidae","Fejervarya","cancrivora",20.45,0.02045,0.00844585,"W",30,"C","A. M. Makarieva et al., Mean mass-specific metabolic rates are strikingly similar across life's major domains: Evidence for life's metabolic optimum. Proc. Natl. Acad. Sci. U.S.A. 105, 16994-16999 (2008).",-3.88977239649333,-4.77408008251443,38.2812697537333,85,303.15,-5126.81836119685,-1622.5901421774,27.3461553712044,-1.52597053816768,0.00220570966094921,FALSE,TRUE,-3.71262472192875,0.0244133608206917,-4.39295097112174,0.0123641889677574
"Hyla arborea","Amphibia","Anura","Hylidae","Hyla","arborea",3.23,0.00323,0.0015213299999999,"W",18.5,"C","A. M. Makarieva et al., Mean mass-specific metabolic rates are strikingly similar across life's major domains: Evidence for life's metabolic optimum. Proc. Natl. Acad. Sci. U.S.A. 105, 16994-16999 (2008).",-5.73527314174757,-6.48817032671336,39.7907317875682,87,291.65,-5126.81836119685,-1622.5901421774,27.3461553712044,-1.52597053816768,0.00220570966094921,FALSE,TRUE,-5.48426397955433,0.00415158960988176,-5.19363167052432,0.00555180782225251
"Lepidobatrachus llanensis","Amphibia","Anura","Ceratophryidae","Lepidobatrachus","llanensis",6.25,0.00625,0.00263125,"W",25,"C","A. M. Makarieva et al., Mean mass-specific metabolic rates are strikingly similar across life's major domains: Evidence for life's metabolic optimum. Proc. Natl. Acad. Sci. U.S.A. 105, 16994-16999 (2008).",-5.07517381523383,-5.94029626053358,38.9232497932056,92,298.15,-5126.81836119685,-1622.5901421774,27.3461553712044,-1.52597053816768,0.00220570966094921,FALSE,TRUE,-4.78156358407121,0.00838288137514572,-4.79433535418282,0.00827649793982409
"Limnonectes magnus","Amphibia","Anura","Dicroglossidae","Limnonectes","magnus",34.2,0.0342,0.0106362,"W",30,"C","A. M. Makarieva et al., Mean mass-specific metabolic rates are strikingly similar across life's major domains: Evidence for life's metabolic optimum. Proc. Natl. Acad. Sci. U.S.A. 105, 16994-16999 (2008).",-3.37552963491358,-4.54349200171648,38.2812697537333,93,303.15,-5126.81836119685,-1622.5901421774,27.3461553712044,-1.52597053816768,0.00220570966094921,FALSE,TRUE,-3.30758424498521,0.0366044945213231,-3.98791049417835,0.0185384097935104
"Lissotriton vulgaris","Amphibia","Caudata","Salamandridae","Lissotriton","vulgaris",8.75,0.00875,0.00903875,"W",25,"C","A. M. Makarieva et al., Mean mass-specific metabolic rates are strikingly similar across life's major domains: Evidence for life's metabolic optimum. Proc. Natl. Acad. Sci. U.S.A. 105, 16994-16999 (2008).",-4.73870157861261,-4.70623438847511,38.9232497932056,94,298.15,-5126.81836119685,-1622.5901421774,27.3461553712044,-1.52597053816768,0.00220570966094921,FALSE,TRUE,-4.51654308134085,0.010926731276169,-5.01109917489312,0.00666357484519463
"Mannophryne trinitatis","Amphibia","Anura","Aromobatidae","Mannophryne","trinitatis",5.1,0.0050999999999999,0.0032589,"W",25,"C","A. M. Makarieva et al., Mean mass-specific metabolic rates are strikingly similar across life's major domains: Evidence for life's metabolic optimum. Proc. Natl. Acad. Sci. U.S.A. 105, 16994-16999 (2008).",-5.27851473925188,-5.72636556385646,38.9232497932056,96,298.15,-5126.81836119685,-1622.5901421774,27.3461553712044,-1.52597053816768,0.00220570966094921,FALSE,TRUE,-4.94172394217406,0.00714227488398483,-5.01095151601642,0.00666455885381814
"Occidozyga martensii","Amphibia","Anura","Dicroglossidae","Occidozyga","martensii",9.3,0.0093,0.0027063,"W",35,"C","A. M. Makarieva et al., Mean mass-specific metabolic rates are strikingly similar across life's major domains: Evidence for life's metabolic optimum. Proc. Natl. Acad. Sci. U.S.A. 105, 16994-16999 (2008).",-4.67774087882293,-5.91217289063357,37.6601230759184,99,308.15,-5126.81836119685,-1622.5901421774,27.3461553712044,-1.52597053816768,0.00220570966094921,FALSE,TRUE,-4.20238933577019,0.0149597901226298,-4.85966037433867,0.00775311660139652
"Plethodon dorsalis","Amphibia","Caudata","Plethodontidae","Plethodon","dorsalis",0.69,0.00069,0.00013248,"W",25,"C","A. M. Makarieva et al., Mean mass-specific metabolic rates are strikingly similar across life's major domains: Evidence for life's metabolic optimum. Proc. Natl. Acad. Sci. U.S.A. 105, 16994-16999 (2008).",-7.27881896037297,-8.92907886732733,38.9232497932056,102,298.15,-5126.81836119685,-1622.5901421774,27.3461553712044,-1.52597053816768,0.00220570966094921,FALSE,TRUE,-6.5172525373965,0.00147772352023298,-7.29204467081787,0.000680934341824283
"Pseudacris nigrita","Amphibia","Anura","Hylidae","Pseudacris","nigrita",1,0.001,9e-04,"W",25,"C","A. M. Makarieva et al., Mean mass-specific metabolic rates are strikingly similar across life's major domains: Evidence for life's metabolic optimum. Proc. Natl. Acad. Sci. U.S.A. 105, 16994-16999 (2008).",-6.90775527898214,-7.01311579463996,38.9232497932056,105,298.15,-5126.81836119685,-1622.5901421774,27.3461553712044,-1.52597053816768,0.00220570966094921,FALSE,TRUE,-6.22498627384179,0.00197935098405148,-5.89886696736053,0.00274255045822524
"Pseudobranchus striatus","Amphibia","Caudata","Sirenidae","Pseudobranchus","striatus",2.19,0.00219,0.00061977,"W",25,"C","A. M. Makarieva et al., Mean mass-specific metabolic rates are strikingly similar across life's major domains: Evidence for life's metabolic optimum. Proc. Natl. Acad. Sci. U.S.A. 105, 16994-16999 (2008).",-6.12385373515373,-7.38616211649263,38.9232497932056,107,298.15,-5486.46746321214,3210.00472928317,7.37117743118576,-0.612080916568389,0.0012992110606324,FALSE,TRUE,-5.60755054326654,0.00367004798060592,-7.13839361586815,0.000794026584239124
"Pseudoeurycea brunnata","Amphibia","Caudata","Plethodontidae","Pseudoeurycea","brunnata",3.33,0.00333,0.0080585999999999,"W",15,"C","A. M. Makarieva et al., Mean mass-specific metabolic rates are strikingly similar across life's major domains: Evidence for life's metabolic optimum. Proc. Natl. Acad. Sci. U.S.A. 105, 16994-16999 (2008).",-5.70478297498978,-4.8210154348212,40.2740479814134,108,288.15,-5126.81836119685,-1622.5901421774,27.3461553712044,-1.52597053816768,0.00220570966094921,FALSE,TRUE,-5.56208236650896,0.00384077017337938,-6.40898399313371,0.00164669670760219
"Pseudoeurycea cochranae","Amphibia","Caudata","Plethodontidae","Pseudoeurycea","cochranae",2.23,0.0022299999999999,0.0005619599999999,"W",15,"C","A. M. Makarieva et al., Mean mass-specific metabolic rates are strikingly similar across life's major domains: Evidence for life's metabolic optimum. Proc. Natl. Acad. Sci. U.S.A. 105, 16994-16999 (2008).",-6.10575369351015,-7.484079884981,40.2740479814134,109,288.15,-5126.81836119685,-1622.5901421774,27.3461553712044,-1.52597053816768,0.00220570966094921,FALSE,TRUE,-5.8779047430281,0.00280064720735207,-6.74120052761009,0.001181228207965
"Pseudoeurycea goebeli","Amphibia","Caudata","Plethodontidae","Pseudoeurycea","goebeli",3.78,0.00378,0.00097902,"W",5,"C","A. M. Makarieva et al., Mean mass-specific metabolic rates are strikingly similar across life's major domains: Evidence for life's metabolic optimum. Proc. Natl. Acad. Sci. U.S.A. 105, 16994-16999 (2008).",-5.57803126935064,-6.92895848663324,41.7219734885647,110,278.15,-5126.81836119685,-1622.5901421774,27.3461553712044,-1.52597053816768,0.00220570966094921,FALSE,TRUE,-5.76732222250843,0.00312812272570461,-6.63792577602799,0.00130974112470298
"Pseudoeurycea leprosa","Amphibia","Caudata","Plethodontidae","Pseudoeurycea","leprosa",2.46,0.00246,0.00068388,"W",15,"C","A. M. Makarieva et al., Mean mass-specific metabolic rates are strikingly similar across life's major domains: Evidence for life's metabolic optimum. Proc. Natl. Acad. Sci. U.S.A. 105, 16994-16999 (2008).",-6.00759392903787,-7.28772809432937,40.2740479814134,111,288.15,-5126.81836119685,-1622.5901421774,27.3461553712044,-1.52597053816768,0.00220570966094921,FALSE,TRUE,-5.80058974554251,0.00302576978484802,-6.65003134705506,0.00129398154231942
"Pseudoeurycea rex","Amphibia","Caudata","Plethodontidae","Pseudoeurycea","rex",1.86,0.00186,0.00048174,"W",15,"C","A. M. Makarieva et al., Mean mass-specific metabolic rates are strikingly similar across life's major domains: Evidence for life's metabolic optimum. Proc. Natl. Acad. Sci. U.S.A. 105, 16994-16999 (2008).",-6.28717879125703,-7.63810600853963,40.2740479814134,112,288.15,-5126.81836119685,-1622.5901421774,27.3461553712044,-1.52597053816768,0.00220570966094921,FALSE,TRUE,-6.02080322135607,0.00242771881607622,-6.89140677487565,0.00101648287213986
"Silverstoneia nubicola","Amphibia","Anura","Dendrobatidae","Silverstoneia","nubicola",0.27,0.00027,0.00024165,"W",25,"C","A. M. Makarieva et al., Mean mass-specific metabolic rates are strikingly similar across life's major domains: Evidence for life's metabolic optimum. Proc. Natl. Acad. Sci. U.S.A. 105, 16994-16999 (2008).",-8.2170885989659,-8.32802015967318,38.9232497932056,119,298.15,-5126.81836119685,-1622.5901421774,27.3461553712044,-1.52597053816768,0.00220570966094921,FALSE,TRUE,-7.25627544702355,0.000705731681654614,-7.35264006257553,0.000640898113756247
"Siren intermedia","Amphibia","Caudata","Sirenidae","Siren","intermedia",13.7,0.0136999999999999,0.0025070999999999,"W",25,"C","A. M. Makarieva et al., Mean mass-specific metabolic rates are strikingly similar across life's major domains: Evidence for life's metabolic optimum. Proc. Natl. Acad. Sci. U.S.A. 105, 16994-16999 (2008).",-4.29035944614806,-5.98862857228881,38.9232497932056,120,298.15,-5486.46746321214,3210.00472928317,7.37117743118576,-0.612080916568389,0.0012992110606324,FALSE,TRUE,-4.16340887171297,0.0155544443374089,-5.83885534199165,0.00291217416219038
"Siren lacertina","Amphibia","Caudata","Sirenidae","Siren","lacertina",269,0.269,0.016947,"W",25,"C","A. M. Makarieva et al., Mean mass-specific metabolic rates are strikingly similar across life's major domains: Evidence for life's metabolic optimum. Proc. Natl. Acad. Sci. U.S.A. 105, 16994-16999 (2008).",-1.3130438993803,-4.0776644519709,38.9232497932056,121,298.15,-5486.46746321214,3210.00472928317,7.37117743118576,-0.612080916568389,0.0012992110606324,FALSE,TRUE,-1.81834269057782,0.162294500376516,-3.49378916085658,0.0303855181457923
"Smilisca baudinii","Amphibia","Anura","Hylidae","Smilisca","baudinii",23.7,0.0237,0.0194339999999999,"W",15,"C","A. M. Makarieva et al., Mean mass-specific metabolic rates are strikingly similar across life's major domains: Evidence for life's metabolic optimum. Proc. Natl. Acad. Sci. U.S.A. 105, 16994-16999 (2008).",-3.74228023084105,-3.94073116956489,40.2740479814134,122,288.15,-5126.81836119685,-1622.5901421774,27.3461553712044,-1.52597053816768,0.00220570966094921,FALSE,TRUE,-4.01632789628347,0.0180190112790685,-3.75194899038766,0.0234719546332178
"Taricha granulosa","Amphibia","Caudata","Salamandridae","Taricha","granulosa",6.56,0.00656,0.0019745599999999,"W",15,"C","A. M. Makarieva et al., Mean mass-specific metabolic rates are strikingly similar across life's major domains: Evidence for life's metabolic optimum. Proc. Natl. Acad. Sci. U.S.A. 105, 16994-16999 (2008).",-5.02676467602614,-6.22740969025945,40.2740479814134,124,288.15,-5126.81836119685,-1622.5901421774,27.3461553712044,-1.52597053816768,0.00220570966094921,FALSE,TRUE,-5.02804499018297,0.00655160651342758,-5.6959163213225,0.00335965724266371
"Taricha rivularis","Amphibia","Caudata","Salamandridae","Taricha","rivularis",10.83,0.01083,0.0036822,"W",15,"C","A. M. Makarieva et al., Mean mass-specific metabolic rates are strikingly similar across life's major domains: Evidence for life's metabolic optimum. Proc. Natl. Acad. Sci. U.S.A. 105, 16994-16999 (2008).",-4.52543521796924,-5.60424487934117,40.2740479814134,125,288.15,-5126.81836119685,-1622.5901421774,27.3461553712044,-1.52597053816768,0.00220570966094921,FALSE,TRUE,-4.6331756055884,0.00972383096859239,-5.30104693672797,0.00498637075854799
"Telmatobius culeus","Amphibia","Anura","Telmatobiidae","Telmatobius","culeus",122.3,0.1223,0.0313088,"W",10,"C","A. M. Makarieva et al., Mean mass-specific metabolic rates are strikingly similar across life's major domains: Evidence for life's metabolic optimum. Proc. Natl. Acad. Sci. U.S.A. 105, 16994-16999 (2008).",-2.10127823628901,-3.46385607079158,40.9852266496354,126,283.15,-5126.81836119685,-1622.5901421774,27.3461553712044,-1.52597053816768,0.00220570966094921,FALSE,TRUE,-2.87364570636674,0.0564925952824221,-2.94372240326947,0.0526693069841479
"Telmatobius marmoratus","Amphibia","Anura","Telmatobiidae","Telmatobius","marmoratus",18.4,0.0184,0.0167992,"W",10,"C","A. M. Makarieva et al., Mean mass-specific metabolic rates are strikingly similar across life's major domains: Evidence for life's metabolic optimum. Proc. Natl. Acad. Sci. U.S.A. 105, 16994-16999 (2008).",-3.9954046143672,-4.08642401275437,40.9852266496354,127,283.15,-5126.81836119685,-1622.5901421774,27.3461553712044,-1.52597053816768,0.00220570966094921,FALSE,TRUE,-4.36554390870855,0.0127077414439635,-4.43562060561131,0.0118477108697383
"Triturus cristatus","Amphibia","Caudata","Salamandridae","Triturus","cristatus",7,0.007,0.007035,"W",10,"C","A. M. Makarieva et al., Mean mass-specific metabolic rates are strikingly similar across life's major domains: Evidence for life's metabolic optimum. Proc. Natl. Acad. Sci. U.S.A. 105, 16994-16999 (2008).",-4.96184512992682,-4.95685758841578,40.9852266496354,128,283.15,-5126.81836119685,-1622.5901421774,27.3461553712044,-1.52597053816768,0.00220570966094921,FALSE,TRUE,-5.12675545431651,0.00593578820017874,-5.62131154786882,0.00361989033475895
"Typhlonectes compressicauda","Amphibia","Gymnophiona","Typhlonectidae","Typhlonectes","compressicauda",30.62,0.03062,0.00802244,"W",25,"C","A. M. Makarieva et al., Mean mass-specific metabolic rates are strikingly similar across life's major domains: Evidence for life's metabolic optimum. Proc. Natl. Acad. Sci. U.S.A. 105, 16994-16999 (2008).",-3.4861018887526,-4.82551266397364,38.9232497932056,129,298.15,-5600.94468722638,4753.10106532136,0.931797137007782,-0.305173090550027,0.000517052968916991,FALSE,TRUE,-3.52993983924243,0.0293066789260127,-4.29184006372621,0.0136797305485354
"Illex illecebrosus","Cephalopoda","Teuthida","Ommastrephidae","Illex","illecebrosus",443,0.443,1.3783059,"W",5,"C","A. M. Makarieva et al., Mean mass-specific metabolic rates are strikingly similar across life's major domains: Evidence for life's metabolic optimum. Proc. Natl. Acad. Sci. U.S.A. 105, 16994-16999 (2008).",-0.814185508937001,0.32085513634466,41.7219734885647,132,278.15,-5126.81836119685,-1622.5901421774,27.3461553712044,-1.52597053816768,0.00220570966094921,FALSE,TRUE,-2.01510536493748,0.133306356810004,-0.14042012676813,0.868993071445968
"Lolliguncula brevis","Cephalopoda","Teuthida","Loliginidae","Lolliguncula","brevis",41.1,0.0411,0.12340275,"W",5,"C","A. M. Makarieva et al., Mean mass-specific metabolic rates are strikingly similar across life's major domains: Evidence for life's metabolic optimum. Proc. Natl. Acad. Sci. U.S.A. 105, 16994-16999 (2008).",-3.19174715747995,-2.09230188250795,41.7219734885647,134,278.15,-5126.81836119685,-1622.5901421774,27.3461553712044,-1.52597053816768,0.00220570966094921,FALSE,TRUE,-3.88777869363954,0.0204908118932354,-2.61841901899607,0.0729180538039773
"Octopus bimaculoides","Cephalopoda","Octopoda","Octopodidae","Octopus","bimaculoides",360,0.36,0.159516,"W",5,"C","A. M. Makarieva et al., Mean mass-specific metabolic rates are strikingly similar across life's major domains: Evidence for life's metabolic optimum. Proc. Natl. Acad. Sci. U.S.A. 105, 16994-16999 (2008).",-1.02165124753198,-1.83561104830867,41.7219734885647,135,278.15,-5126.81836119685,-1622.5901421774,27.3461553712044,-1.52597053816768,0.00220570966094921,FALSE,TRUE,-2.17851461050821,0.113209566110364,-1.39148862009265,0.248704801965886
"Octopus cyanea","Cephalopoda","Octopoda","Octopodidae","Octopus","cyanea",1150,1.15,0.8855,"W",5,"C","A. M. Makarieva et al., Mean mass-specific metabolic rates are strikingly similar across life's major domains: Evidence for life's metabolic optimum. Proc. Natl. Acad. Sci. U.S.A. 105, 16994-16999 (2008).",0.139761942375159,-0.121602821759249,41.7219734885647,136,278.15,-5126.81836119685,-1622.5901421774,27.3461553712044,-1.52597053816768,0.00220570966094921,FALSE,TRUE,-1.26373391252935,0.282596862084209,-0.473749074418731,0.622663475161184
"Octopus rubescens","Cephalopoda","Octopoda","Octopodidae","Octopus","rubescens",0.096,9.6e-05,0.0005525376,"W",5,"C","A. M. Makarieva et al., Mean mass-specific metabolic rates are strikingly similar across life's major domains: Evidence for life's metabolic optimum. Proc. Natl. Acad. Sci. U.S.A. 105, 16994-16999 (2008).",-9.25116236649644,-7.50098907258931,41.7219734885647,137,278.15,-5126.81836119685,-1622.5901421774,27.3461553712044,-1.52597053816768,0.00220570966094921,FALSE,TRUE,-8.66044368695774,0.000173307395611386,-7.83894214229231,0.000394085706831921
"Octopus vulgaris","Cephalopoda","Octopoda","Octopodidae","Octopus","vulgaris",2160,2.16,0.638496,"W",5,"C","A. M. Makarieva et al., Mean mass-specific metabolic rates are strikingly similar across life's major domains: Evidence for life's metabolic optimum. Proc. Natl. Acad. Sci. U.S.A. 105, 16994-16999 (2008).",0.770108221696074,-0.448639868212017,41.7219734885647,138,278.15,-5126.81836119685,-1622.5901421774,27.3461553712044,-1.52597053816768,0.00220570966094921,FALSE,TRUE,-0.767245139733797,0.4642903631925,0.0197808506817727,1.01997778809516
"Sthenoteuthis oualaniensis","Cephalopoda","Teuthida","Ommastrephidae","Sthenoteuthis","oualaniensis",750,0.75,1.4058,"W",5,"C","A. M. Makarieva et al., Mean mass-specific metabolic rates are strikingly similar across life's major domains: Evidence for life's metabolic optimum. Proc. Natl. Acad. Sci. U.S.A. 105, 16994-16999 (2008).",-0.287682072451781,0.340606535759668,41.7219734885647,139,278.15,-5126.81836119685,-1622.5901421774,27.3461553712044,-1.52597053816768,0.00220570966094921,FALSE,TRUE,-1.60040783497855,0.201814194320948,0.35277839707476,1.42301576403442
"Sthenoteuthis pteropus","Cephalopoda","Teuthida","Ommastrephidae","Sthenoteuthis","pteropus",1300,1.3,2.93228,"W",5,"C","A. M. Makarieva et al., Mean mass-specific metabolic rates are strikingly similar across life's major domains: Evidence for life's metabolic optimum. Proc. Natl. Acad. Sci. U.S.A. 105, 16994-16999 (2008).",0.262364264467491,1.07578027741838,41.7219734885647,140,278.15,-5126.81836119685,-1622.5901421774,27.3461553712044,-1.52597053816768,0.00220570966094921,FALSE,TRUE,-1.16716686924786,0.31124749816866,0.78601936280544,2.19464293827573
"Balanus balanus","Maxillopoda","Sessilia","Balanidae","Balanus","balanus",0.00498,4.98e-06,1.5946956e-05,"W",20,"C","A. M. Makarieva et al., Mean mass-specific metabolic rates are strikingly similar across life's major domains: Evidence for life's metabolic optimum. Proc. Natl. Acad. Sci. U.S.A. 105, 16994-16999 (2008).",-12.2100806669277,-11.0462425933419,39.5871292029482,141,293.15,-5126.81836119685,-1622.5901421774,27.3461553712044,-1.52597053816768,0.00220570966094921,FALSE,TRUE,-10.5412117656574,2.64246897868694e-05,-11.3515850396609,1.17508492938223e-05
"Balanus balanus","Maxillopoda","Sessilia","Balanidae","Balanus","balanus",0.0076,7.6e-06,2.816484e-05,"W",20,"C","A. M. Makarieva et al., Mean mass-specific metabolic rates are strikingly similar across life's major domains: Evidence for life's metabolic optimum. Proc. Natl. Acad. Sci. U.S.A. 105, 16994-16999 (2008).",-11.787362310672,-10.4774361664432,39.5871292029482,142,293.15,-5126.81836119685,-1622.5901421774,27.3461553712044,-1.52597053816768,0.00220570966094921,FALSE,TRUE,-10.2082599821367,3.68645570470502e-05,-11.0186332561402,1.63933751971106e-05
"Balanus balanus","Maxillopoda","Sessilia","Balanidae","Balanus","balanus",0.092,9.2e-05,8.60016e-05,"W",15,"C","A. M. Makarieva et al., Mean mass-specific metabolic rates are strikingly similar across life's major domains: Evidence for life's metabolic optimum. Proc. Natl. Acad. Sci. U.S.A. 105, 16994-16999 (2008).",-9.29372198091523,-9.36114465723267,40.2740479814134,143,288.15,-5126.81836119685,-1622.5901421774,27.3461553712044,-1.52597053816768,0.00220570966094921,FALSE,TRUE,-8.38889039432766,0.000227379439949118,-9.19926366833114,0.000101113827746183
"Balanus balanus","Maxillopoda","Sessilia","Balanidae","Balanus","balanus",0.092,9.2e-05,8.9654e-05,"W",20,"C","A. M. Makarieva et al., Mean mass-specific metabolic rates are strikingly similar across life's major domains: Evidence for life's metabolic optimum. Proc. Natl. Acad. Sci. U.S.A. 105, 16994-16999 (2008).",-9.29372198091523,-9.31955274094975,39.5871292029482,144,293.15,-5126.81836119685,-1622.5901421774,27.3461553712044,-1.52597053816768,0.00220570966094921,FALSE,TRUE,-8.24415791993649,0.000262789317769584,-9.05453119393997,0.000116860318665737
"Balanus balanus","Maxillopoda","Sessilia","Balanidae","Balanus","balanus",0.102,0.000102,9.89808e-05,"W",10,"C","A. M. Makarieva et al., Mean mass-specific metabolic rates are strikingly similar across life's major domains: Evidence for life's metabolic optimum. Proc. Natl. Acad. Sci. U.S.A. 105, 16994-16999 (2008).",-9.19053774468,-9.2205846660323,40.9852266496354,145,283.15,-5126.81836119685,-1622.5901421774,27.3461553712044,-1.52597053816768,0.00220570966094921,FALSE,TRUE,-8.45746188616894,0.000212310254992856,-9.26783516017241,9.44126810977273e-05
"Balanus balanus","Maxillopoda","Sessilia","Balanidae","Balanus","balanus",0.11,0.00011,8.0608e-05,"W",20,"C","A. M. Makarieva et al., Mean mass-specific metabolic rates are strikingly similar across life's major domains: Evidence for life's metabolic optimum. Proc. Natl. Acad. Sci. U.S.A. 105, 16994-16999 (2008).",-9.11503019217186,-9.42591265779407,39.5871292029482,146,293.15,-5126.81836119685,-1622.5901421774,27.3461553712044,-1.52597053816768,0.00220570966094921,FALSE,TRUE,-8.10341231738067,0.000302505131385116,-8.91378559138415,0.000134521624972143
"Balanus balanus","Maxillopoda","Sessilia","Balanidae","Balanus","balanus",0.1129,0.0001129,8.171702e-05,"W",20,"C","A. M. Makarieva et al., Mean mass-specific metabolic rates are strikingly similar across life's major domains: Evidence for life's metabolic optimum. Proc. Natl. Acad. Sci. U.S.A. 105, 16994-16999 (2008).",-9.08900808680866,-9.41224825466115,39.5871292029482,147,293.15,-5126.81836119685,-1622.5901421774,27.3461553712044,-1.52597053816768,0.00220570966094921,FALSE,TRUE,-8.08291614951045,0.000308769303811404,-8.89328942351393,0.000137307252607719
"Balanus balanus","Maxillopoda","Sessilia","Balanidae","Balanus","balanus",0.117,0.000117,8.7984e-05,"W",5,"C","A. M. Makarieva et al., Mean mass-specific metabolic rates are strikingly similar across life's major domains: Evidence for life's metabolic optimum. Proc. Natl. Acad. Sci. U.S.A. 105, 16994-16999 (2008).",-9.05333662316652,-9.33835557819882,41.7219734885647,148,278.15,-5126.81836119685,-1622.5901421774,27.3461553712044,-1.52597053816768,0.00220570966094921,FALSE,TRUE,-8.50462733052734,0.000202529028610737,-9.31500060453082,9.00630475522783e-05
"Euchaeta marina","Maxillopoda","Calanoida","Euchaetidae","Euchaeta","marina",0.00146,1.46e-06,7.98036e-06,"W",24,"C","A. M. Makarieva et al., Mean mass-specific metabolic rates are strikingly similar across life's major domains: Evidence for life's metabolic optimum. Proc. Natl. Acad. Sci. U.S.A. 105, 16994-16999 (2008).",-13.437074122244,-11.7385270347382,39.0542383504771,149,297.15,-5126.81836119685,-1622.5901421774,27.3461553712044,-1.52597053816768,0.00220570966094921,FALSE,TRUE,-11.3953673136184,1.12474703360251e-05,-11.657532084855,8.65362642619078e-06
"Euphausia tricantha","Malacostraca","Euphausiacea","Euphausiidae","Euphausia","tricantha",0.32,0.00032,0.000790976,"W",0.1,"C","A. M. Makarieva et al., Mean mass-specific metabolic rates are strikingly similar across life's major domains: Evidence for life's metabolic optimum. Proc. Natl. Acad. Sci. U.S.A. 105, 16994-16999 (2008).",-8.0471895621705,-7.142242931997,42.4701442848829,160,273.25,-5126.81836119685,-1622.5901421774,27.3461553712044,-1.52597053816768,0.00220570966094921,FALSE,TRUE,-7.86977930078855,0.000382118686187308,-8.154193552258,0.000287527068096451
"Semibalanus balanoides","Maxillopoda","Sessilia","Archaeobalanidae","Semibalanus","balanoides",0.0046,4.6e-06,1.08008e-05,"W",5,"C","A. M. Makarieva et al., Mean mass-specific metabolic rates are strikingly similar across life's major domains: Evidence for life's metabolic optimum. Proc. Natl. Acad. Sci. U.S.A. 105, 16994-16999 (2008).",-12.2894542544692,-11.4358903525034,41.7219734885647,161,278.15,-5126.81836119685,-1622.5901421774,27.3461553712044,-1.52597053816768,0.00220570966094921,FALSE,TRUE,-11.053537547176,1.58310469816755e-05,-11.4500128526363,1.06493377308797e-05
"Semibalanus balanoides","Maxillopoda","Sessilia","Archaeobalanidae","Semibalanus","balanoides",0.005,5e-06,1.55565e-05,"W",20,"C","A. M. Makarieva et al., Mean mass-specific metabolic rates are strikingly similar across life's major domains: Evidence for life's metabolic optimum. Proc. Natl. Acad. Sci. U.S.A. 105, 16994-16999 (2008).",-12.2060726455302,-11.0710320002485,39.5871292029482,162,293.15,-5126.81836119685,-1622.5901421774,27.3461553712044,-1.52597053816768,0.00220570966094921,FALSE,TRUE,-10.5380548696936,2.6508241596198e-05,-10.9345301751539,1.78317465507128e-05
"Semibalanus balanoides","Maxillopoda","Sessilia","Archaeobalanidae","Semibalanus","balanoides",0.0063,6.3e-06,2.262645e-05,"W",10,"C","A. M. Makarieva et al., Mean mass-specific metabolic rates are strikingly similar across life's major domains: Evidence for life's metabolic optimum. Proc. Natl. Acad. Sci. U.S.A. 105, 16994-16999 (2008).",-11.9749609245668,-10.6963909820341,40.9852266496354,163,283.15,-5126.81836119685,-1622.5901421774,27.3461553712044,-1.52597053816768,0.00220570966094921,FALSE,TRUE,-10.6505974576437,2.3686685578009e-05,-11.0470727631041,1.59337228129859e-05
"Semibalanus balanoides","Maxillopoda","Sessilia","Archaeobalanidae","Semibalanus","balanoides",0.0076,7.6e-06,2.72004e-05,"W",15,"C","A. M. Makarieva et al., Mean mass-specific metabolic rates are strikingly similar across life's major domains: Evidence for life's metabolic optimum. Proc. Natl. Acad. Sci. U.S.A. 105, 16994-16999 (2008).",-11.787362310672,-10.5122788788881,40.2740479814134,164,288.15,-5126.81836119685,-1622.5901421774,27.3461553712044,-1.52597053816768,0.00220570966094921,FALSE,TRUE,-10.3529924565279,3.18971958467513e-05,-10.7494677619882,2.14568254161108e-05
"Triops cancriformis","Branchiopoda","Notostraca","Triopsidae","Triops","cancriformis",0.16,0.00016,0.00056,"W",20,"C","A. M. Makarieva et al., Mean mass-specific metabolic rates are strikingly similar across life's major domains: Evidence for life's metabolic optimum. Proc. Natl. Acad. Sci. U.S.A. 105, 16994-16999 (2008).",-8.74033674273045,-7.48757377423508,39.5871292029482,172,293.15,-5126.81836119685,-1622.5901421774,27.3461553712044,-1.52597053816768,0.00220570966094921,FALSE,TRUE,-7.80828708702615,0.00040635350020788,-7.86685261044906,0.000383238667374335
"Triops cancriformis","Branchiopoda","Notostraca","Triopsidae","Triops","cancriformis",0.19,0.00019,0.000589,"W",20,"C","A. M. Makarieva et al., Mean mass-specific metabolic rates are strikingly similar across life's major domains: Evidence for life's metabolic optimum. Proc. Natl. Acad. Sci. U.S.A. 105, 16994-16999 (2008).",-8.56848648580379,-7.43708437431269,39.5871292029482,173,293.15,-5126.81836119685,-1622.5901421774,27.3461553712044,-1.52597053816768,0.00220570966094921,FALSE,TRUE,-7.67293017929912,0.000465252551039177,-7.73149570272203,0.000438787330640806
"Triops cancriformis","Branchiopoda","Notostraca","Triopsidae","Triops","cancriformis",0.23,0.00023,0.000368,"W",20,"C","A. M. Makarieva et al., Mean mass-specific metabolic rates are strikingly similar across life's major domains: Evidence for life's metabolic optimum. Proc. Natl. Acad. Sci. U.S.A. 105, 16994-16999 (2008).",-8.37743124904108,-7.90742761979534,39.5871292029482,174,293.15,-5126.81836119685,-1622.5901421774,27.3461553712044,-1.52597053816768,0.00220570966094921,FALSE,TRUE,-7.5224465750512,0.000540807819042606,-7.58101209847411,0.000510044746186461
"Triops cancriformis","Branchiopoda","Notostraca","Triopsidae","Triops","cancriformis",0.34,0.00034,0.000578,"W",20,"C","A. M. Makarieva et al., Mean mass-specific metabolic rates are strikingly similar across life's major domains: Evidence for life's metabolic optimum. Proc. Natl. Acad. Sci. U.S.A. 105, 16994-16999 (2008).",-7.98656494035407,-7.4559366892919,39.5871292029482,175,293.15,-5126.81836119685,-1622.5901421774,27.3461553712044,-1.52597053816768,0.00220570966094921,FALSE,TRUE,-7.21458288124752,0.000735777436337076,-7.27314840467043,0.000693923797978044
"Triops cancriformis","Branchiopoda","Notostraca","Triopsidae","Triops","cancriformis",0.41,0.00041,0.0007175,"W",20,"C","A. M. Makarieva et al., Mean mass-specific metabolic rates are strikingly similar across life's major domains: Evidence for life's metabolic optimum. Proc. Natl. Acad. Sci. U.S.A. 105, 16994-16999 (2008).",-7.79935339826592,-7.2397376103305,39.5871292029482,176,293.15,-5126.81836119685,-1622.5901421774,27.3461553712044,-1.52597053816768,0.00220570966094921,FALSE,TRUE,-7.06712674192574,0.000852679561273687,-7.12569226534866,0.000804176114128919
"Cherax destructor","Malacostraca","Decapoda","Parastacidae","Cherax","destructor",53,0.053,0.0224879,"W",20,"C","A. M. Makarieva et al., Mean mass-specific metabolic rates are strikingly similar across life's major domains: Evidence for life's metabolic optimum. Proc. Natl. Acad. Sci. U.S.A. 105, 16994-16999 (2008).",-2.93746336543002,-3.79477789220387,39.5871292029482,185,293.15,-5126.81836119685,-1622.5901421774,27.3461553712044,-1.52597053816768,0.00220570966094921,FALSE,TRUE,-3.23768585354588,0.0392546310355898,-3.46547654530636,0.0312581059727948
"Lucifer typus","Malacostraca","Decapoda","Luciferidae","Lucifer","typus",0.000466,4.66e-07,5.084759e-06,"W",17,"C","A. M. Makarieva et al., Mean mass-specific metabolic rates are strikingly similar across life's major domains: Evidence for life's metabolic optimum. Proc. Natl. Acad. Sci. U.S.A. 105, 16994-16999 (2008).",-14.5790802028208,-12.1892629238838,39.9964395169542,189,290.15,-5126.81836119685,-1622.5901421774,27.3461553712044,-1.52597053816768,0.00220570966094921,FALSE,TRUE,-12.4933820947696,3.7513975974187e-06,-12.7762132372208,2.82722968055423e-06
"Macrobrachium acanthurus","Malacostraca","Decapoda","Palaemonidae","Macrobrachium","acanthurus",1.7,0.0017,0.00221187,"W",20,"C","A. M. Makarieva et al., Mean mass-specific metabolic rates are strikingly similar across life's major domains: Evidence for life's metabolic optimum. Proc. Natl. Acad. Sci. U.S.A. 105, 16994-16999 (2008).",-6.37712702791997,-6.11391696739267,39.5871292029482,190,293.15,-5126.81836119685,-1622.5901421774,27.3461553712044,-1.52597053816768,0.00220570966094921,FALSE,TRUE,-5.94691797982874,0.00261388416041567,-6.13005595998198,0.00217645916269174
"Macrobrachium olfersii","Malacostraca","Decapoda","Palaemonidae","Macrobrachium","olfersii",1.2,0.0012,0.0010182,"W",20,"C","A. M. Makarieva et al., Mean mass-specific metabolic rates are strikingly similar across life's major domains: Evidence for life's metabolic optimum. Proc. Natl. Acad. Sci. U.S.A. 105, 16994-16999 (2008).",-6.72543372218818,-6.88971891649604,39.5871292029482,191,293.15,-5126.81836119685,-1622.5901421774,27.3461553712044,-1.52597053816768,0.00220570966094921,FALSE,TRUE,-6.22125982789994,0.00198674068860943,-6.40439780805317,0.00165426610754199
"Oplophorus spinosus","Malacostraca","Decapoda","Oplophoridae","Oplophorus","spinosus",2.92,0.00292,0.005219792,"W",10,"C","A. M. Makarieva et al., Mean mass-specific metabolic rates are strikingly similar across life's major domains: Evidence for life's metabolic optimum. Proc. Natl. Acad. Sci. U.S.A. 105, 16994-16999 (2008).",-5.83617166270195,-5.25529772462479,40.9852266496354,196,283.15,-5126.81836119685,-1622.5901421774,27.3461553712044,-1.52597053816768,0.00220570966094921,FALSE,TRUE,-5.81541392906434,0.00298124604765004,-4.95845801368151,0.00702375001303857
"Oplophorus spinosus","Malacostraca","Decapoda","Oplophoridae","Oplophorus","spinosus",2.92,0.00292,0.012264,"W",5,"C","A. M. Makarieva et al., Mean mass-specific metabolic rates are strikingly similar across life's major domains: Evidence for life's metabolic optimum. Proc. Natl. Acad. Sci. U.S.A. 105, 16994-16999 (2008).",-5.83617166270195,-4.40108713741262,41.7219734885647,197,278.15,-5126.81836119685,-1622.5901421774,27.3461553712044,-1.52597053816768,0.00220570966094921,FALSE,TRUE,-5.97064508060799,0.00255259425871818,-5.11368916522515,0.00601385584128038
"Oplophorus spinosus","Malacostraca","Decapoda","Oplophoridae","Oplophorus","spinosus",2.92,0.00292,0.01205814,"W",20,"C","A. M. Makarieva et al., Mean mass-specific metabolic rates are strikingly similar across life's major domains: Evidence for life's metabolic optimum. Proc. Natl. Acad. Sci. U.S.A. 105, 16994-16999 (2008).",-5.83617166270195,-4.41801532843331,39.5871292029482,198,293.15,-5126.81836119685,-1622.5901421774,27.3461553712044,-1.52597053816768,0.00220570966094921,FALSE,TRUE,-5.52083746785426,0.00400249457757335,-4.66388155247142,0.00942978905198969
"Palaemon adspersus","Malacostraca","Decapoda","Palaemonidae","Palaemon","adspersus",0.1,1e-04,0.00035702,"W",20,"C","A. M. Makarieva et al., Mean mass-specific metabolic rates are strikingly similar across life's major domains: Evidence for life's metabolic optimum. Proc. Natl. Acad. Sci. U.S.A. 105, 16994-16999 (2008).",-9.21034037197618,-7.93771875534487,39.5871292029482,199,293.15,-5126.81836119685,-1622.5901421774,27.3461553712044,-1.52597053816768,0.00220570966094921,FALSE,TRUE,-8.17848285520783,0.000280627369680446,-7.99800698376081,0.000336131877058254
"Palaemon adspersus","Malacostraca","Decapoda","Palaemonidae","Palaemon","adspersus",0.132,0.000132,0.0004490508,"W",20,"C","A. M. Makarieva et al., Mean mass-specific metabolic rates are strikingly similar across life's major domains: Evidence for life's metabolic optimum. Proc. Natl. Acad. Sci. U.S.A. 105, 16994-16999 (2008).",-8.9327086353779,-7.7083745363101,39.5871292029482,200,293.15,-5126.81836119685,-1622.5901421774,27.3461553712044,-1.52597053816768,0.00220570966094921,FALSE,TRUE,-7.95980774802504,0.000349220249289129,-7.77933187657802,0.000418291551654324
"Palaemon adspersus","Malacostraca","Decapoda","Palaemonidae","Palaemon","adspersus",3.2,0.0032,0.00490304,"W",20,"C","A. M. Makarieva et al., Mean mass-specific metabolic rates are strikingly similar across life's major domains: Evidence for life's metabolic optimum. Proc. Natl. Acad. Sci. U.S.A. 105, 16994-16999 (2008).",-5.74460446917646,-5.31789985807587,39.5871292029482,201,293.15,-5126.81836119685,-1622.5901421774,27.3461553712044,-1.52597053816768,0.00220570966094921,FALSE,TRUE,-5.4487150725404,0.00430182867882626,-5.26823920109339,0.00515267541524347
"Palaemon adspersus","Malacostraca","Decapoda","Palaemonidae","Palaemon","adspersus",3.28,0.00328,0.005506136,"W",20,"C","A. M. Makarieva et al., Mean mass-specific metabolic rates are strikingly similar across life's major domains: Evidence for life's metabolic optimum. Proc. Natl. Acad. Sci. U.S.A. 105, 16994-16999 (2008).",-5.71991185658608,-5.20189217223985,39.5871292029482,202,293.15,-5126.81836119685,-1622.5901421774,27.3461553712044,-1.52597053816768,0.00220570966094921,FALSE,TRUE,-5.42926607232528,0.00438631385874504,-5.24879020087826,0.00525387068405157
"Stereomastis sculpta","Malacostraca","Decapoda","Crangonidae","Stereomastis","sculpta",16.76,0.01676,0.001992764,"W",2.5,"C","A. M. Makarieva et al., Mean mass-specific metabolic rates are strikingly similar across life's major domains: Evidence for life's metabolic optimum. Proc. Natl. Acad. Sci. U.S.A. 105, 16994-16999 (2008).",-4.0887601839282,-6.2182326592136,42.1003697654426,212,275.65,-5126.81836119685,-1622.5901421774,27.3461553712044,-1.52597053816768,0.00220570966094921,FALSE,TRUE,-4.67403343277591,0.00933454324227389,-4.95737940512326,0.00703132997708585
"Triakis semifasciata","Chondrichthyes","Carcharhiniformes","Triakidae","Triakis","semifasciata",1920,1.92,1.3035,"W",16,"C","J. F. Gillooly, J. P. Gomez, E. V. Mavrodiev,  A broad-scale comparison of aerobic activity levels in vertebrates: endotherms versus ectotherms. Proc. Biol. Sci. 284, 20162328 (2017).",0.65232518603969,0.265052954391419,40.1347637068797,234,289.15,-5126.81836119685,-1622.5901421774,27.3461553712039,-1.5259705381972,0.0022057096844201,FALSE,TRUE,-0.525594229685261,0.591203949029886,-0.471947138117641,0.62378648657409
"Acipenser transmontanus","Chondrostei","Acipenseriformes","Acipenseridae","Acipenser","transmontanus",899.999999089576,0.899999999089576,0.42270613155778,"W",10,"C","J. G. Rubalcaba, W. C. E. P. Verberk, A. J. Hendriks. B. Saris, H. A. Woods, Oxygen limitation may affect the temperature and size dependence of metabolism in aquatic ectotherms. Proc. Natl. Acad. Sci. U.S.A. 117, 31963-3196 (2020).",-0.105360516669408,-0.861078065818409,40.9852266496354,363,283.15,-5763.09594699511,6933.58829445778,-8.10191784173671,0.112340042955903,-6.04758502159359e-05,FALSE,TRUE,-1.30157211487603,0.272103678358893,-1.06441894812219,0.34492821773957
"Acipenser transmontanus","Chondrostei","Acipenseriformes","Acipenseridae","Acipenser","transmontanus",950,0.95,0.01805,"W",15,"C","A. M. Makarieva et al., Mean mass-specific metabolic rates are strikingly similar across life's major domains: Evidence for life's metabolic optimum. Proc. Natl. Acad. Sci. U.S.A. 105, 16994-16999 (2008).",-0.0512932943875506,-4.01460959420325,40.2740479814134,235,288.15,-5763.09594699511,6933.58829445778,-8.10191784173671,0.112340042955903,-6.04758502159359e-05,FALSE,TRUE,-1.10914237841472,0.329841719186228,-0.871989211660879,0.418118994279091
"Acipenser transmontanus","Chondrostei","Acipenseriformes","Acipenseridae","Acipenser","transmontanus",899.999999089576,0.899999999089576,1.12721635089924,"W",10,"C","J. G. Rubalcaba, W. C. E. P. Verberk, A. J. Hendriks. B. Saris, H. A. Woods, Oxygen limitation may affect the temperature and size dependence of metabolism in aquatic ectotherms. Proc. Natl. Acad. Sci. U.S.A. 117, 31963-3196 (2020).",-0.105360516669408,0.119751187262956,40.9852266496354,367,283.15,-5763.09594699511,6933.58829445778,-8.10191784173671,0.112340042955903,-6.04758502159359e-05,FALSE,TRUE,-1.30157211487603,0.272103678358893,-1.06441894812219,0.344928217739571
"Acipenser transmontanus","Chondrostei","Acipenseriformes","Acipenseridae","Acipenser","transmontanus",899.999999089576,0.899999999089576,0.800916880846319,"W",10,"C","J. G. Rubalcaba, W. C. E. P. Verberk, A. J. Hendriks. B. Saris, H. A. Woods, Oxygen limitation may affect the temperature and size dependence of metabolism in aquatic ectotherms. Proc. Natl. Acad. Sci. U.S.A. 117, 31963-3196 (2020).",-0.105360516669408,-0.22199810652874,40.9852266496354,366,283.15,-5763.09594699511,6933.58829445778,-8.10191784173671,0.112340042955903,-6.04758502159359e-05,FALSE,TRUE,-1.30157211487603,0.272103678358893,-1.06441894812217,0.344928217739575
"Acipenser transmontanus","Chondrostei","Acipenseriformes","Acipenseridae","Acipenser","transmontanus",899.999999089576,0.899999999089576,0.5561922783655,"W",10,"C","J. G. Rubalcaba, W. C. E. P. Verberk, A. J. Hendriks. B. Saris, H. A. Woods, Oxygen limitation may affect the temperature and size dependence of metabolism in aquatic ectotherms. Proc. Natl. Acad. Sci. U.S.A. 117, 31963-3196 (2020).",-0.105360516669408,-0.586641220116649,40.9852266496354,364,283.15,-5763.09594699511,6933.58829445778,-8.10191784173671,0.112340042955903,-6.04758502159359e-05,FALSE,TRUE,-1.30157211487603,0.272103678358893,-1.06441894812215,0.344928217739583
"Acipenser transmontanus","Chondrostei","Acipenseriformes","Acipenseridae","Acipenser","transmontanus",899.999999089576,0.899999999089576,0.45045,"W",15,"C","J. G. Rubalcaba, W. C. E. P. Verberk, A. J. Hendriks. B. Saris, H. A. Woods, Oxygen limitation may affect the temperature and size dependence of metabolism in aquatic ectotherms. Proc. Natl. Acad. Sci. U.S.A. 117, 31963-3196 (2020).",-0.105360516669408,-0.797508195884688,40.2740479814134,365,288.15,-5763.09594699511,6933.58829445778,-8.10191784173671,0.112340042955903,-6.04758502159359e-05,FALSE,TRUE,-1.15172812805713,0.316090053027964,-0.914574961303302,0.40068689733895
"Acipenser transmontanus","Chondrostei","Acipenseriformes","Acipenseridae","Acipenser","transmontanus",899.999999089576,0.899999999089576,0.326397359823881,"W",10,"C","J. G. Rubalcaba, W. C. E. P. Verberk, A. J. Hendriks. B. Saris, H. A. Woods, Oxygen limitation may affect the temperature and size dependence of metabolism in aquatic ectotherms. Proc. Natl. Acad. Sci. U.S.A. 117, 31963-3196 (2020).",-0.105360516669408,-1.11963974469977,40.9852266496354,362,283.15,-5763.09594699511,6933.58829445778,-8.10191784173671,0.112340042955903,-6.04758502159359e-05,FALSE,TRUE,-1.30157211487603,0.272103678358893,-1.06441894812219,0.344928217739568
"Acipenser transmontanus","Chondrostei","Acipenseriformes","Acipenseridae","Acipenser","transmontanus",949.999999368159,0.949999999368159,0.463283333333333,"W",15,"C","J. G. Rubalcaba, W. C. E. P. Verberk, A. J. Hendriks. B. Saris, H. A. Woods, Oxygen limitation may affect the temperature and size dependence of metabolism in aquatic ectotherms. Proc. Natl. Acad. Sci. U.S.A. 117, 31963-3196 (2020).",-0.0512932950526467,-0.769416461017673,40.2740479814134,368,288.15,-5763.09594699511,6933.58829445778,-8.10191784173671,0.112340042955903,-6.04758502159359e-05,FALSE,TRUE,-1.10914237893858,0.329841719013438,-0.871989212184755,0.418118994060048
"Anguilla anguilla","Teleostei","Anguilliformes","Anguillidae","Anguilla","anguilla",39.9999999697936,0.0399999999697935,0.0292491303448839,"W",17,"C","J. G. Rubalcaba, W. C. E. P. Verberk, A. J. Hendriks. B. Saris, H. A. Woods, Oxygen limitation may affect the temperature and size dependence of metabolism in aquatic ectotherms. Proc. Natl. Acad. Sci. U.S.A. 117, 31963-3196 (2020).",-3.21887582562336,-3.53190543754511,39.9964395169542,390,290.15,-5763.09594699511,6933.58829445778,-8.10191784173671,0.112340042955903,-6.04758502159359e-05,FALSE,TRUE,-3.54557972808045,0.0288518914087855,-4.0893348753722,0.0167503709385332
"Anguilla anguilla","Teleostei","Anguilliformes","Anguillidae","Anguilla","anguilla",80.0000000014841,0.080000000001484,0.0214666666666666,"W",25,"C","J. G. Rubalcaba, W. C. E. P. Verberk, A. J. Hendriks. B. Saris, H. A. Woods, Oxygen limitation may affect the temperature and size dependence of metabolism in aquatic ectotherms. Proc. Natl. Acad. Sci. U.S.A. 117, 31963-3196 (2020).",-2.52572864428971,-3.84125393453994,38.9232497932056,404,298.15,-5763.09594699511,6933.58829445778,-8.10191784173671,0.112340042955903,-6.04758502159359e-05,FALSE,TRUE,-2.77350714627446,0.0624426248492245,-3.3172622935662,0.0362519432012591
"Anguilla anguilla","Teleostei","Anguilliformes","Anguillidae","Anguilla","anguilla",39.9999999697936,0.0399999999697935,0.0198533605819626,"W",13,"C","J. G. Rubalcaba, W. C. E. P. Verberk, A. J. Hendriks. B. Saris, H. A. Woods, Oxygen limitation may affect the temperature and size dependence of metabolism in aquatic ectotherms. Proc. Natl. Acad. Sci. U.S.A. 117, 31963-3196 (2020).",-3.21887582562336,-3.91938198733894,40.5555370464591,389,286.15,-5763.09594699511,6933.58829445778,-8.10191784173671,0.112340042955903,-6.04758502159359e-05,FALSE,TRUE,-3.66338050949457,0.0256456705908028,-4.20713565678631,0.0148889543939076
"Anguilla anguilla","Teleostei","Anguilliformes","Anguillidae","Anguilla","anguilla",430.000000416257,0.430000000416257,0.247050690255051,"W",17,"C","J. G. Rubalcaba, W. C. E. P. Verberk, A. J. Hendriks. B. Saris, H. A. Woods, Oxygen limitation may affect the temperature and size dependence of metabolism in aquatic ectotherms. Proc. Natl. Acad. Sci. U.S.A. 117, 31963-3196 (2020).",-0.84397006932649,-1.398161739705,39.9964395169542,434,290.15,-5763.09594699511,6933.58829445778,-8.10191784173671,0.112340042955903,-6.04758502159359e-05,FALSE,TRUE,-1.67499829826823,0.187308498230508,-2.21875344556,0.1087445804106
"Anguilla anguilla","Teleostei","Anguilliformes","Anguillidae","Anguilla","anguilla",74.9999999323558,0.0749999999323558,0.0131895429051271,"W",27,"C","J. G. Rubalcaba, W. C. E. P. Verberk, A. J. Hendriks. B. Saris, H. A. Woods, Oxygen limitation may affect the temperature and size dependence of metabolism in aquatic ectotherms. Proc. Natl. Acad. Sci. U.S.A. 117, 31963-3196 (2020).",-2.59026716634775,-4.32833096750639,38.6638911405773,396,300.15,-5763.09594699511,6933.58829445778,-8.10191784173671,0.112340042955903,-6.04758502159359e-05,FALSE,TRUE,-2.7696941848217,0.0626811706647716,-3.31344933211356,0.0363904343261396
"Anguilla anguilla","Teleostei","Anguilliformes","Anguillidae","Anguilla","anguilla",71.1,0.0711,0.0091008,"W",14,"C","A. M. Makarieva et al., Mean mass-specific metabolic rates are strikingly similar across life's major domains: Evidence for life's metabolic optimum. Proc. Natl. Acad. Sci. U.S.A. 105, 16994-16999 (2008).",-2.64366794217294,-4.69939295723546,40.4143023710404,237,287.15,-5763.09594699511,6933.58829445778,-8.10191784173671,0.112340042955903,-6.04758502159359e-05,FALSE,TRUE,-3.18056331400686,0.0415622359359556,-3.72431846129858,0.0241295400394487
"Anguilla anguilla","Teleostei","Anguilliformes","Anguillidae","Anguilla","anguilla",229.999999990683,0.229999999990683,0.0987787498964738,"W",20,"C","J. G. Rubalcaba, W. C. E. P. Verberk, A. J. Hendriks. B. Saris, H. A. Woods, Oxygen limitation may affect the temperature and size dependence of metabolism in aquatic ectotherms. Proc. Natl. Acad. Sci. U.S.A. 117, 31963-3196 (2020).",-1.46967597009945,-2.31487277938127,39.5871292029482,433,293.15,-5763.09594699511,6933.58829445778,-8.10191784173671,0.112340042955903,-6.04758502159359e-05,FALSE,TRUE,-2.0815912012263,0.124731581164612,-2.62534634851803,0.0724146719760935
"Anguilla anguilla","Teleostei","Anguilliformes","Anguillidae","Anguilla","anguilla",80.0000000014841,0.080000000001484,0.0161777777777777,"W",25,"C","J. G. Rubalcaba, W. C. E. P. Verberk, A. J. Hendriks. B. Saris, H. A. Woods, Oxygen limitation may affect the temperature and size dependence of metabolism in aquatic ectotherms. Proc. Natl. Acad. Sci. U.S.A. 117, 31963-3196 (2020).",-2.52572864428971,-4.12411672055578,38.9232497932056,399,298.15,-5763.09594699511,6933.58829445778,-8.10191784173671,0.112340042955903,-6.04758502159359e-05,FALSE,TRUE,-2.77350714627446,0.0624426248492245,-3.31726229356623,0.0362519432012582
"Anguilla anguilla","Teleostei","Anguilliformes","Anguillidae","Anguilla","anguilla",80.0000000014841,0.080000000001484,0.0746442733888888,"W",25,"C","J. G. Rubalcaba, W. C. E. P. Verberk, A. J. Hendriks. B. Saris, H. A. Woods, Oxygen limitation may affect the temperature and size dependence of metabolism in aquatic ectotherms. Proc. Natl. Acad. Sci. U.S.A. 117, 31963-3196 (2020).",-2.52572864428971,-2.59502147074744,38.9232497932056,424,298.15,-5763.09594699511,6933.58829445778,-8.10191784173671,0.112340042955903,-6.04758502159359e-05,FALSE,TRUE,-2.77350714627446,0.0624426248492245,-3.3172622935662,0.0362519432012594
"Anguilla anguilla","Teleostei","Anguilliformes","Anguillidae","Anguilla","anguilla",80.0000000014841,0.080000000001484,0.0799315760555555,"W",25,"C","J. G. Rubalcaba, W. C. E. P. Verberk, A. J. Hendriks. B. Saris, H. A. Woods, Oxygen limitation may affect the temperature and size dependence of metabolism in aquatic ectotherms. Proc. Natl. Acad. Sci. U.S.A. 117, 31963-3196 (2020).",-2.52572864428971,-2.52658430959096,38.9232497932056,425,298.15,-5763.09594699511,6933.58829445778,-8.10191784173671,0.112340042955903,-6.04758502159359e-05,FALSE,TRUE,-2.77350714627446,0.0624426248492245,-3.31726229356615,0.0362519432012609
"Anguilla anguilla","Teleostei","Anguilliformes","Anguillidae","Anguilla","anguilla",51.2000000028494,0.0512000000028493,0.020027445532018,"W",14,"C","J. G. Rubalcaba, W. C. E. P. Verberk, A. J. Hendriks. B. Saris, H. A. Woods, Oxygen limitation may affect the temperature and size dependence of metabolism in aquatic ectotherms. Proc. Natl. Acad. Sci. U.S.A. 117, 31963-3196 (2020).",-2.97201574688102,-3.91065166953827,40.4143023710404,391,287.15,-5763.09594699511,6933.58829445778,-8.10191784173671,0.112340042955903,-6.04758502159359e-05,FALSE,TRUE,-3.43918465271811,0.0320908398429449,-3.98293980000984,0.0186307879605674
"Anguilla anguilla","Teleostei","Anguilliformes","Anguillidae","Anguilla","anguilla",54.000000022012,0.054000000022012,0.0407398601270816,"W",17,"C","J. G. Rubalcaba, W. C. E. P. Verberk, A. J. Hendriks. B. Saris, H. A. Woods, Oxygen limitation may affect the temperature and size dependence of metabolism in aquatic ectotherms. Proc. Natl. Acad. Sci. U.S.A. 117, 31963-3196 (2020).",-2.91877123201023,-3.20054830149616,39.9964395169542,392,290.15,-5763.09594699511,6933.58829445778,-8.10191784173671,0.112340042955903,-6.04758502159359e-05,FALSE,TRUE,-3.30920399892756,0.0365452522389271,-3.85295914621928,0.0212168596634156
"Anguilla anguilla","Teleostei","Anguilliformes","Anguillidae","Anguilla","anguilla",67.0000000461545,0.0670000000461544,0.0104513762527507,"W",13,"C","J. G. Rubalcaba, W. C. E. P. Verberk, A. J. Hendriks. B. Saris, H. A. Woods, Oxygen limitation may affect the temperature and size dependence of metabolism in aquatic ectotherms. Proc. Natl. Acad. Sci. U.S.A. 117, 31963-3196 (2020).",-2.7030626589023,-4.56102161041503,40.5555370464591,393,286.15,-5763.09594699511,6933.58829445778,-8.10191784173671,0.112340042955903,-6.04758502159359e-05,FALSE,TRUE,-3.25710311159666,0.0384997661552421,-3.8008582588884,0.0223515801792713
"Anguilla anguilla","Teleostei","Anguilliformes","Anguillidae","Anguilla","anguilla",74.9999999323558,0.0749999999323558,0.0113998748990307,"W",21,"C","J. G. Rubalcaba, W. C. E. P. Verberk, A. J. Hendriks. B. Saris, H. A. Woods, Oxygen limitation may affect the temperature and size dependence of metabolism in aquatic ectotherms. Proc. Natl. Acad. Sci. U.S.A. 117, 31963-3196 (2020).",-2.59026716634775,-4.47415289741114,39.4525477676161,394,294.15,-5763.09594699511,6933.58829445778,-8.10191784173671,0.112340042955903,-6.04758502159359e-05,FALSE,TRUE,-2.93586262955597,0.0530849069399866,-3.47961777684774,0.0308191885891931
"Anguilla anguilla","Teleostei","Anguilliformes","Anguillidae","Anguilla","anguilla",74.9999999323558,0.0749999999323558,0.0162645836402141,"W",22,"C","J. G. Rubalcaba, W. C. E. P. Verberk, A. J. Hendriks. B. Saris, H. A. Woods, Oxygen limitation may affect the temperature and size dependence of metabolism in aquatic ectotherms. Proc. Natl. Acad. Sci. U.S.A. 117, 31963-3196 (2020).",-2.59026716634775,-4.11876531789575,39.3188782850898,395,295.15,-5763.09594699511,6933.58829445778,-8.10191784173671,0.112340042955903,-6.04758502159359e-05,FALSE,TRUE,-2.90769872493855,0.054601237866615,-3.45145387223024,0.0316995158137345
"Anguilla anguilla","Teleostei","Anguilliformes","Anguillidae","Anguilla","anguilla",195.500000120693,0.195500000120693,0.0524654806690585,"W",12,"C","J. G. Rubalcaba, W. C. E. P. Verberk, A. J. Hendriks. B. Saris, H. A. Woods, Oxygen limitation may affect the temperature and size dependence of metabolism in aquatic ectotherms. Proc. Natl. Acad. Sci. U.S.A. 117, 31963-3196 (2020).",-1.63219489893936,-2.94759983670531,40.697762321039,431,285.15,-5763.09594699511,6933.58829445778,-8.10191784173671,0.112340042955903,-6.04758502159359e-05,FALSE,TRUE,-2.44360661613711,0.0868470619279123,-2.98736176342881,0.0504202820398596
"Anguilla anguilla","Teleostei","Anguilliformes","Anguillidae","Anguilla","anguilla",222.999999975271,0.222999999975271,0.100226972156061,"W",20,"C","J. G. Rubalcaba, W. C. E. P. Verberk, A. J. Hendriks. B. Saris, H. A. Woods, Oxygen limitation may affect the temperature and size dependence of metabolism in aquatic ectotherms. Proc. Natl. Acad. Sci. U.S.A. 117, 31963-3196 (2020).",-1.50058350763291,-2.30031794336044,39.5871292029482,432,293.15,-5763.09594699511,6933.58829445778,-8.10191784173671,0.112340042955903,-6.04758502159359e-05,FALSE,TRUE,-2.1059353528197,0.12173175885794,-2.64969050011144,0.0706730829871939
"Anguilla anguilla","Teleostei","Anguilliformes","Anguillidae","Anguilla","anguilla",80.0000000014841,0.080000000001484,0.0227111111111111,"W",25,"C","J. G. Rubalcaba, W. C. E. P. Verberk, A. J. Hendriks. B. Saris, H. A. Woods, Oxygen limitation may affect the temperature and size dependence of metabolism in aquatic ectotherms. Proc. Natl. Acad. Sci. U.S.A. 117, 31963-3196 (2020).",-2.52572864428971,-3.78490099798881,38.9232497932056,406,298.15,-5763.09594699511,6933.58829445778,-8.10191784173671,0.112340042955903,-6.04758502159359e-05,FALSE,TRUE,-2.77350714627446,0.0624426248492245,-3.31726229356623,0.0362519432012584
"Anguilla anguilla","Teleostei","Anguilliformes","Anguillidae","Anguilla","anguilla",74.9999999323558,0.0749999999323558,0.0174947515722222,"W",25,"C","J. G. Rubalcaba, W. C. E. P. Verberk, A. J. Hendriks. B. Saris, H. A. Woods, Oxygen limitation may affect the temperature and size dependence of metabolism in aquatic ectotherms. Proc. Natl. Acad. Sci. U.S.A. 117, 31963-3196 (2020).",-2.59026716634775,-4.04585435319345,38.9232497932056,397,298.15,-5763.09594699511,6933.58829445778,-8.10191784173671,0.112340042955903,-6.04758502159359e-05,FALSE,TRUE,-2.82434055747371,0.0593477803783776,-3.36809570476542,0.0344551877598485
"Anguilla anguilla","Teleostei","Anguilliformes","Anguillidae","Anguilla","anguilla",74.9999999323558,0.0749999999323558,0.0181595275060075,"W",30,"C","J. G. Rubalcaba, W. C. E. P. Verberk, A. J. Hendriks. B. Saris, H. A. Woods, Oxygen limitation may affect the temperature and size dependence of metabolism in aquatic ectotherms. Proc. Natl. Acad. Sci. U.S.A. 117, 31963-3196 (2020).",-2.59026716634775,-4.00855992453913,38.2812697537333,398,303.15,-5763.09594699511,6933.58829445778,-8.10191784173671,0.112340042955903,-6.04758502159359e-05,FALSE,TRUE,-2.68907658954117,0.0679436502906357,-3.23283173683286,0.0394456408129849
"Anguilla anguilla","Teleostei","Anguilliformes","Anguillidae","Anguilla","anguilla",80.0000000014841,0.080000000001484,0.0239555555555555,"W",25,"C","J. G. Rubalcaba, W. C. E. P. Verberk, A. J. Hendriks. B. Saris, H. A. Woods, Oxygen limitation may affect the temperature and size dependence of metabolism in aquatic ectotherms. Proc. Natl. Acad. Sci. U.S.A. 117, 31963-3196 (2020).",-2.52572864428971,-3.73155501728352,38.9232497932056,409,298.15,-5763.09594699511,6933.58829445778,-8.10191784173671,0.112340042955903,-6.04758502159359e-05,FALSE,TRUE,-2.77350714627446,0.0624426248492245,-3.31726229356616,0.0362519432012608
"Anguilla anguilla","Teleostei","Anguilliformes","Anguillidae","Anguilla","anguilla",80.0000000014841,0.080000000001484,0.0267555555555555,"W",25,"C","J. G. Rubalcaba, W. C. E. P. Verberk, A. J. Hendriks. B. Saris, H. A. Woods, Oxygen limitation may affect the temperature and size dependence of metabolism in aquatic ectotherms. Proc. Natl. Acad. Sci. U.S.A. 117, 31963-3196 (2020).",-2.52572864428971,-3.62101314288369,38.9232497932056,410,298.15,-5763.09594699511,6933.58829445778,-8.10191784173671,0.112340042955903,-6.04758502159359e-05,FALSE,TRUE,-2.77350714627446,0.0624426248492245,-3.31726229356618,0.03625194320126
"Anguilla anguilla","Teleostei","Anguilliformes","Anguillidae","Anguilla","anguilla",80.0000000014841,0.080000000001484,0.0276888888888888,"W",25,"C","J. G. Rubalcaba, W. C. E. P. Verberk, A. J. Hendriks. B. Saris, H. A. Woods, Oxygen limitation may affect the temperature and size dependence of metabolism in aquatic ectotherms. Proc. Natl. Acad. Sci. U.S.A. 117, 31963-3196 (2020).",-2.52572864428971,-3.58672406940506,38.9232497932056,411,298.15,-5763.09594699511,6933.58829445778,-8.10191784173671,0.112340042955903,-6.04758502159359e-05,FALSE,TRUE,-2.77350714627446,0.0624426248492245,-3.31726229356616,0.0362519432012607
"Anguilla anguilla","Teleostei","Anguilliformes","Anguillidae","Anguilla","anguilla",80.0000000014841,0.080000000001484,0.0283111111111111,"W",25,"C","J. G. Rubalcaba, W. C. E. P. Verberk, A. J. Hendriks. B. Saris, H. A. Woods, Oxygen limitation may affect the temperature and size dependence of metabolism in aquatic ectotherms. Proc. Natl. Acad. Sci. U.S.A. 117, 31963-3196 (2020).",-2.52572864428971,-3.56450093262035,38.9232497932056,412,298.15,-5763.09594699511,6933.58829445778,-8.10191784173671,0.112340042955903,-6.04758502159359e-05,FALSE,TRUE,-2.77350714627446,0.0624426248492245,-3.31726229356617,0.0362519432012602
"Anguilla anguilla","Teleostei","Anguilliformes","Anguillidae","Anguilla","anguilla",80.0000000014841,0.080000000001484,0.0177333333333333,"W",25,"C","J. G. Rubalcaba, W. C. E. P. Verberk, A. J. Hendriks. B. Saris, H. A. Woods, Oxygen limitation may affect the temperature and size dependence of metabolism in aquatic ectotherms. Proc. Natl. Acad. Sci. U.S.A. 117, 31963-3196 (2020).",-2.52572864428971,-4.03230917130265,38.9232497932056,400,298.15,-5763.09594699511,6933.58829445778,-8.10191784173671,0.112340042955903,-6.04758502159359e-05,FALSE,TRUE,-2.77350714627446,0.0624426248492245,-3.31726229356613,0.036251943201262
"Anguilla anguilla","Teleostei","Anguilliformes","Anguillidae","Anguilla","anguilla",80.0000000014841,0.080000000001484,0.0180444444444444,"W",25,"C","J. G. Rubalcaba, W. C. E. P. Verberk, A. J. Hendriks. B. Saris, H. A. Woods, Oxygen limitation may affect the temperature and size dependence of metabolism in aquatic ectotherms. Proc. Natl. Acad. Sci. U.S.A. 117, 31963-3196 (2020).",-2.52572864428971,-4.01491742859078,38.9232497932056,401,298.15,-5763.09594699511,6933.58829445778,-8.10191784173671,0.112340042955903,-6.04758502159359e-05,FALSE,TRUE,-2.77350714627446,0.0624426248492245,-3.31726229356617,0.0362519432012605
"Anguilla anguilla","Teleostei","Anguilliformes","Anguillidae","Anguilla","anguilla",80.0000000014841,0.080000000001484,0.0202222222222222,"W",25,"C","J. G. Rubalcaba, W. C. E. P. Verberk, A. J. Hendriks. B. Saris, H. A. Woods, Oxygen limitation may affect the temperature and size dependence of metabolism in aquatic ectotherms. Proc. Natl. Acad. Sci. U.S.A. 117, 31963-3196 (2020).",-2.52572864428971,-3.90097316924156,38.9232497932056,402,298.15,-5763.09594699511,6933.58829445778,-8.10191784173671,0.112340042955903,-6.04758502159359e-05,FALSE,TRUE,-2.77350714627446,0.0624426248492245,-3.31726229356621,0.0362519432012588
"Anguilla anguilla","Teleostei","Anguilliformes","Anguillidae","Anguilla","anguilla",80.0000000014841,0.080000000001484,0.0205333333333333,"W",25,"C","J. G. Rubalcaba, W. C. E. P. Verberk, A. J. Hendriks. B. Saris, H. A. Woods, Oxygen limitation may affect the temperature and size dependence of metabolism in aquatic ectotherms. Proc. Natl. Acad. Sci. U.S.A. 117, 31963-3196 (2020).",-2.52572864428971,-3.88570569711077,38.9232497932056,403,298.15,-5763.09594699511,6933.58829445778,-8.10191784173671,0.112340042955903,-6.04758502159359e-05,FALSE,TRUE,-2.77350714627446,0.0624426248492245,-3.31726229356622,0.0362519432012585
"Anguilla anguilla","Teleostei","Anguilliformes","Anguillidae","Anguilla","anguilla",80.0000000014841,0.080000000001484,0.0559832050555555,"W",25,"C","J. G. Rubalcaba, W. C. E. P. Verberk, A. J. Hendriks. B. Saris, H. A. Woods, Oxygen limitation may affect the temperature and size dependence of metabolism in aquatic ectotherms. Proc. Natl. Acad. Sci. U.S.A. 117, 31963-3196 (2020).",-2.52572864428971,-2.88270354295113,38.9232497932056,417,298.15,-5763.09594699511,6933.58829445778,-8.10191784173671,0.112340042955903,-6.04758502159359e-05,FALSE,TRUE,-2.77350714627446,0.0624426248492245,-3.31726229356623,0.0362519432012584
"Anguilla anguilla","Teleostei","Anguilliformes","Anguillidae","Anguilla","anguilla",80.0000000014841,0.080000000001484,0.0224,"W",25,"C","J. G. Rubalcaba, W. C. E. P. Verberk, A. J. Hendriks. B. Saris, H. A. Woods, Oxygen limitation may affect the temperature and size dependence of metabolism in aquatic ectotherms. Proc. Natl. Acad. Sci. U.S.A. 117, 31963-3196 (2020).",-2.52572864428971,-3.79869432012114,38.9232497932056,405,298.15,-5763.09594699511,6933.58829445778,-8.10191784173671,0.112340042955903,-6.04758502159359e-05,FALSE,TRUE,-2.77350714627446,0.0624426248492245,-3.31726229356618,0.03625194320126
"Anguilla anguilla","Teleostei","Anguilliformes","Anguillidae","Anguilla","anguilla",20.0000000154742,0.0200000000154742,0.0122742418681735,"W",18.5,"C","J. G. Rubalcaba, W. C. E. P. Verberk, A. J. Hendriks. B. Saris, H. A. Woods, Oxygen limitation may affect the temperature and size dependence of metabolism in aquatic ectotherms. Proc. Natl. Acad. Sci. U.S.A. 117, 31963-3196 (2020).",-3.91202300465444,-4.40025236947584,39.7907317875682,384,291.65,-5763.09594699511,6933.58829445778,-8.10191784173671,0.112340042955903,-6.04758502159359e-05,FALSE,TRUE,-4.04819105779471,0.0174539192308647,-4.59194620508645,0.0101331180443568
"Anguilla anguilla","Teleostei","Anguilliformes","Anguillidae","Anguilla","anguilla",485.000000444174,0.485000000444174,0.278650197124996,"W",17,"C","J. G. Rubalcaba, W. C. E. P. Verberk, A. J. Hendriks. B. Saris, H. A. Woods, Oxygen limitation may affect the temperature and size dependence of metabolism in aquatic ectotherms. Proc. Natl. Acad. Sci. U.S.A. 117, 31963-3196 (2020).",-0.723606387128832,-1.27779805753818,39.9964395169542,435,290.15,-5763.09594699511,6933.58829445778,-8.10191784173671,0.112340042955903,-6.04758502159359e-05,FALSE,TRUE,-1.58019450736167,0.205935038428049,-2.1239496546534,0.11955848003298
"Anguilla anguilla","Teleostei","Anguilliformes","Anguillidae","Anguilla","anguilla",1190.99999867604,1.19099999867604,0.435446428097885,"W",17,"C","J. G. Rubalcaba, W. C. E. P. Verberk, A. J. Hendriks. B. Saris, H. A. Woods, Oxygen limitation may affect the temperature and size dependence of metabolism in aquatic ectotherms. Proc. Natl. Acad. Sci. U.S.A. 117, 31963-3196 (2020).",0.174793289261528,-0.831383502660623,39.9964395169542,436,290.15,-5763.09594699511,6933.58829445778,-8.10191784173671,0.112340042955903,-6.04758502159359e-05,FALSE,TRUE,-0.872574953722826,0.417874156110249,-1.41633010101456,0.242602712636787
"Anguilla anguilla","Teleostei","Anguilliformes","Anguillidae","Anguilla","anguilla",33.0000000092788,0.0330000000092787,0.0266201906572535,"W",17,"C","J. G. Rubalcaba, W. C. E. P. Verberk, A. J. Hendriks. B. Saris, H. A. Woods, Oxygen limitation may affect the temperature and size dependence of metabolism in aquatic ectotherms. Proc. Natl. Acad. Sci. U.S.A. 117, 31963-3196 (2020).",-3.41124771723448,-3.62608530386,39.9964395169542,387,290.15,-5763.09594699511,6933.58829445778,-8.10191784173671,0.112340042955903,-6.04758502159359e-05,FALSE,TRUE,-3.69710038826307,0.0247953191329936,-4.24085553555484,0.0143952709072818
"Anguilla anguilla","Teleostei","Anguilliformes","Anguillidae","Anguilla","anguilla",37.6000000062629,0.0376000000062629,0.0253272157186523,"W",13,"C","J. G. Rubalcaba, W. C. E. P. Verberk, A. J. Hendriks. B. Saris, H. A. Woods, Oxygen limitation may affect the temperature and size dependence of metabolism in aquatic ectotherms. Proc. Natl. Acad. Sci. U.S.A. 117, 31963-3196 (2020).",-3.28075122841972,-3.6758757413161,40.5555370464591,388,286.15,-5763.09594699511,6933.58829445778,-8.10191784173671,0.112340042955903,-6.04758502159359e-05,FALSE,TRUE,-3.71211632948495,0.0244257755443689,-4.25587147677671,0.0141807271846637
"Anguilla anguilla","Teleostei","Anguilliformes","Anguillidae","Anguilla","anguilla",80.0000000014841,0.080000000001484,0.0737112199444444,"W",25,"C","J. G. Rubalcaba, W. C. E. P. Verberk, A. J. Hendriks. B. Saris, H. A. Woods, Oxygen limitation may affect the temperature and size dependence of metabolism in aquatic ectotherms. Proc. Natl. Acad. Sci. U.S.A. 117, 31963-3196 (2020).",-2.52572864428971,-2.60760025332172,38.9232497932056,423,298.15,-5763.09594699511,6933.58829445778,-8.10191784173671,0.112340042955903,-6.04758502159359e-05,FALSE,TRUE,-2.77350714627446,0.0624426248492245,-3.31726229356619,0.0362519432012595
"Anguilla anguilla","Teleostei","Anguilliformes","Anguillidae","Anguilla","anguilla",80.0000000014841,0.080000000001484,0.0553611694277777,"W",25,"C","J. G. Rubalcaba, W. C. E. P. Verberk, A. J. Hendriks. B. Saris, H. A. Woods, Oxygen limitation may affect the temperature and size dependence of metabolism in aquatic ectotherms. Proc. Natl. Acad. Sci. U.S.A. 117, 31963-3196 (2020).",-2.52572864428971,-2.89387684383915,38.9232497932056,416,298.15,-5763.09594699511,6933.58829445778,-8.10191784173671,0.112340042955903,-6.04758502159359e-05,FALSE,TRUE,-2.77350714627446,0.0624426248492245,-3.31726229356621,0.0362519432012589
"Anguilla anguilla","Teleostei","Anguilliformes","Anguillidae","Anguilla","anguilla",80.0000000014841,0.080000000001484,0.0314222222222222,"W",25,"C","J. G. Rubalcaba, W. C. E. P. Verberk, A. J. Hendriks. B. Saris, H. A. Woods, Oxygen limitation may affect the temperature and size dependence of metabolism in aquatic ectotherms. Proc. Natl. Acad. Sci. U.S.A. 117, 31963-3196 (2020).",-2.52572864428971,-3.46023992229594,38.9232497932056,413,298.15,-5763.09594699511,6933.58829445778,-8.10191784173671,0.112340042955903,-6.04758502159359e-05,FALSE,TRUE,-2.77350714627446,0.0624426248492245,-3.31726229356617,0.0362519432012604
"Anguilla anguilla","Teleostei","Anguilliformes","Anguillidae","Anguilla","anguilla",80.0000000014841,0.080000000001484,0.0472747064777777,"W",25,"C","J. G. Rubalcaba, W. C. E. P. Verberk, A. J. Hendriks. B. Saris, H. A. Woods, Oxygen limitation may affect the temperature and size dependence of metabolism in aquatic ectotherms. Proc. Natl. Acad. Sci. U.S.A. 117, 31963-3196 (2020).",-2.52572864428971,-3.05177987328232,38.9232497932056,414,298.15,-5763.09594699511,6933.58829445778,-8.10191784173671,0.112340042955903,-6.04758502159359e-05,FALSE,TRUE,-2.77350714627446,0.0624426248492245,-3.31726229356623,0.0362519432012583
"Anguilla anguilla","Teleostei","Anguilliformes","Anguillidae","Anguilla","anguilla",80.0000000014841,0.080000000001484,0.0475857242833333,"W",25,"C","J. G. Rubalcaba, W. C. E. P. Verberk, A. J. Hendriks. B. Saris, H. A. Woods, Oxygen limitation may affect the temperature and size dependence of metabolism in aquatic ectotherms. Proc. Natl. Acad. Sci. U.S.A. 117, 31963-3196 (2020).",-2.52572864428971,-3.04522247274077,38.9232497932056,415,298.15,-5763.09594699511,6933.58829445778,-8.10191784173671,0.112340042955903,-6.04758502159359e-05,FALSE,TRUE,-2.77350714627446,0.0624426248492245,-3.31726229356618,0.03625194320126
"Anguilla anguilla","Teleostei","Anguilliformes","Anguillidae","Anguilla","anguilla",21.0000000128662,0.0210000000128661,0.0140184762353509,"W",18.5,"C","J. G. Rubalcaba, W. C. E. P. Verberk, A. J. Hendriks. B. Saris, H. A. Woods, Oxygen limitation may affect the temperature and size dependence of metabolism in aquatic ectotherms. Proc. Natl. Acad. Sci. U.S.A. 117, 31963-3196 (2020).",-3.86323284064604,-4.26737908835004,39.7907317875682,385,291.65,-5763.09594699511,6933.58829445778,-8.10191784173671,0.112340042955903,-6.04758502159359e-05,FALSE,TRUE,-4.00976175401724,0.0181377159600471,-4.55351690130899,0.0105301058431141
"Anguilla anguilla","Teleostei","Anguilliformes","Anguillidae","Anguilla","anguilla",119.999999986841,0.119999999986841,0.0557315899153661,"W",20,"C","J. G. Rubalcaba, W. C. E. P. Verberk, A. J. Hendriks. B. Saris, H. A. Woods, Oxygen limitation may affect the temperature and size dependence of metabolism in aquatic ectotherms. Proc. Natl. Acad. Sci. U.S.A. 117, 31963-3196 (2020).",-2.12026353630975,-2.88720814891178,39.5871292029482,428,293.15,-5763.09594699511,6933.58829445778,-8.10191784173671,0.112340042955903,-6.04758502159359e-05,FALSE,TRUE,-2.59402291208178,0.0747188473019401,-3.13777805937346,0.0433790766322549
"Anguilla anguilla","Teleostei","Anguilliformes","Anguillidae","Anguilla","anguilla",0.229999999990683,0.0002299999999906,0.0003069997979298,"W",17,"C","J. G. Rubalcaba, W. C. E. P. Verberk, A. J. Hendriks. B. Saris, H. A. Woods, Oxygen limitation may affect the temperature and size dependence of metabolism in aquatic ectotherms. Proc. Natl. Acad. Sci. U.S.A. 117, 31963-3196 (2020).",-8.37743124908195,-8.08866346858641,39.9964395169542,383,290.15,-5763.09594699511,6933.58829445778,-8.10191784173671,0.112340042955903,-6.04758502159359e-05,FALSE,TRUE,-7.60868747633271,0.000496122603984158,-8.15244262362442,0.000288030948473468
"Anguilla anguilla","Teleostei","Anguilliformes","Anguillidae","Anguilla","anguilla",181.499999844479,0.181499999844479,0.0428422507211065,"W",14,"C","J. G. Rubalcaba, W. C. E. P. Verberk, A. J. Hendriks. B. Saris, H. A. Woods, Oxygen limitation may affect the temperature and size dependence of metabolism in aquatic ectotherms. Proc. Natl. Acad. Sci. U.S.A. 117, 31963-3196 (2020).",-1.7064996261341,-3.1502304969417,40.4143023710404,430,287.15,-5763.09594699511,6933.58829445778,-8.10191784173671,0.112340042955903,-6.04758502159359e-05,FALSE,TRUE,-2.44240785501967,0.086951233234697,-2.9861630023114,0.0504807601556624
"Anguilla anguilla","Teleostei","Anguilliformes","Anguillidae","Anguilla","anguilla",89.9999999089575,0.0899999999089575,0.0611097901906224,"W",17,"C","J. G. Rubalcaba, W. C. E. P. Verberk, A. J. Hendriks. B. Saris, H. A. Woods, Oxygen limitation may affect the temperature and size dependence of metabolism in aquatic ectotherms. Proc. Natl. Acad. Sci. U.S.A. 117, 31963-3196 (2020).",-2.40794560966346,-2.79508319338799,39.9964395169542,426,290.15,-5763.09594699511,6933.58829445778,-8.10191784173671,0.112340042955903,-6.04758502159359e-05,FALSE,TRUE,-2.90685501286754,0.054647325029509,-3.4506101601593,0.0317262723636944
"Anguilla anguilla","Teleostei","Anguilliformes","Anguillidae","Anguilla","anguilla",80.0000000014841,0.080000000001484,0.0236444444444444,"W",25,"C","J. G. Rubalcaba, W. C. E. P. Verberk, A. J. Hendriks. B. Saris, H. A. Woods, Oxygen limitation may affect the temperature and size dependence of metabolism in aquatic ectotherms. Proc. Natl. Acad. Sci. U.S.A. 117, 31963-3196 (2020).",-2.52572864428971,-3.74462709885087,38.9232497932056,408,298.15,-5763.09594699511,6933.58829445778,-8.10191784173671,0.112340042955903,-6.04758502159359e-05,FALSE,TRUE,-2.77350714627446,0.0624426248492245,-3.31726229356614,0.0362519432012614
"Anguilla anguilla","Teleostei","Anguilliformes","Anguillidae","Anguilla","anguilla",80.0000000014841,0.080000000001484,0.0233333333333333,"W",25,"C","J. G. Rubalcaba, W. C. E. P. Verberk, A. J. Hendriks. B. Saris, H. A. Woods, Oxygen limitation may affect the temperature and size dependence of metabolism in aquatic ectotherms. Proc. Natl. Acad. Sci. U.S.A. 117, 31963-3196 (2020).",-2.52572864428971,-3.75787232560089,38.9232497932056,407,298.15,-5763.09594699511,6933.58829445778,-8.10191784173671,0.112340042955903,-6.04758502159359e-05,FALSE,TRUE,-2.77350714627446,0.0624426248492245,-3.31726229356616,0.0362519432012606
"Anguilla anguilla","Teleostei","Anguilliformes","Anguillidae","Anguilla","anguilla",80.0000000014841,0.080000000001484,0.0721561309444444,"W",25,"C","J. G. Rubalcaba, W. C. E. P. Verberk, A. J. Hendriks. B. Saris, H. A. Woods, Oxygen limitation may affect the temperature and size dependence of metabolism in aquatic ectotherms. Proc. Natl. Acad. Sci. U.S.A. 117, 31963-3196 (2020).",-2.52572864428971,-2.62892302239745,38.9232497932056,422,298.15,-5763.09594699511,6933.58829445778,-8.10191784173671,0.112340042955903,-6.04758502159359e-05,FALSE,TRUE,-2.77350714627446,0.0624426248492245,-3.31726229356615,0.0362519432012611
"Anguilla anguilla","Teleostei","Anguilliformes","Anguillidae","Anguilla","anguilla",80.0000000014841,0.080000000001484,0.0597154187222222,"W",25,"C","J. G. Rubalcaba, W. C. E. P. Verberk, A. J. Hendriks. B. Saris, H. A. Woods, Oxygen limitation may affect the temperature and size dependence of metabolism in aquatic ectotherms. Proc. Natl. Acad. Sci. U.S.A. 117, 31963-3196 (2020).",-2.52572864428971,-2.81816502187558,38.9232497932056,418,298.15,-5763.09594699511,6933.58829445778,-8.10191784173671,0.112340042955903,-6.04758502159359e-05,FALSE,TRUE,-2.77350714627446,0.0624426248492245,-3.31726229356615,0.036251943201261
"Anguilla anguilla","Teleostei","Anguilliformes","Anguillidae","Anguilla","anguilla",112.49999988411,0.11249999988411,0.0485631250914364,"W",15.5,"C","J. G. Rubalcaba, W. C. E. P. Verberk, A. J. Hendriks. B. Saris, H. A. Woods, Oxygen limitation may affect the temperature and size dependence of metabolism in aquatic ectotherms. Proc. Natl. Acad. Sci. U.S.A. 117, 31963-3196 (2020).",-2.18480205836779,-3.02489077904138,40.204285209923,427,288.65,-5763.09594699511,6933.58829445778,-8.10191784173671,0.112340042955903,-6.04758502159359e-05,FALSE,TRUE,-2.77488991498806,0.062356340810371,-3.31864506227975,0.0362018497901777
"Anguilla anguilla","Teleostei","Anguilliformes","Anguillidae","Anguilla","anguilla",21.0000000128662,0.0210000000128661,0.0146967896020739,"W",18.5,"C","J. G. Rubalcaba, W. C. E. P. Verberk, A. J. Hendriks. B. Saris, H. A. Woods, Oxygen limitation may affect the temperature and size dependence of metabolism in aquatic ectotherms. Proc. Natl. Acad. Sci. U.S.A. 117, 31963-3196 (2020).",-3.86323284064604,-4.22012620346572,39.7907317875682,386,291.65,-5763.09594699511,6933.58829445778,-8.10191784173671,0.112340042955903,-6.04758502159359e-05,FALSE,TRUE,-4.00976175401724,0.0181377159600471,-4.55351690130893,0.0105301058431147
"Anguilla anguilla","Teleostei","Anguilliformes","Anguillidae","Anguilla","anguilla",149.999999980769,0.149999999980768,0.0599264407698248,"W",20,"C","J. G. Rubalcaba, W. C. E. P. Verberk, A. J. Hendriks. B. Saris, H. A. Woods, Oxygen limitation may affect the temperature and size dependence of metabolism in aquatic ectotherms. Proc. Natl. Acad. Sci. U.S.A. 117, 31963-3196 (2020).",-1.89711998501409,-2.8146374560667,39.5871292029482,429,293.15,-5763.09594699511,6933.58829445778,-8.10191784173671,0.112340042955903,-6.04758502159359e-05,FALSE,TRUE,-2.41826512374458,0.0890760193574769,-2.96202027103635,0.0517143345933758
"Anguilla anguilla","Teleostei","Anguilliformes","Anguillidae","Anguilla","anguilla",80.0000000014841,0.080000000001484,0.0609594899444444,"W",25,"C","J. G. Rubalcaba, W. C. E. P. Verberk, A. J. Hendriks. B. Saris, H. A. Woods, Oxygen limitation may affect the temperature and size dependence of metabolism in aquatic ectotherms. Proc. Natl. Acad. Sci. U.S.A. 117, 31963-3196 (2020).",-2.52572864428971,-2.79754573469183,38.9232497932056,419,298.15,-5763.09594699511,6933.58829445778,-8.10191784173671,0.112340042955903,-6.04758502159359e-05,FALSE,TRUE,-2.77350714627446,0.0624426248492245,-3.31726229356617,0.0362519432012604
"Anguilla anguilla","Teleostei","Anguilliformes","Anguillidae","Anguilla","anguilla",80.0000000014841,0.080000000001484,0.0706010418888889,"W",25,"C","J. G. Rubalcaba, W. C. E. P. Verberk, A. J. Hendriks. B. Saris, H. A. Woods, Oxygen limitation may affect the temperature and size dependence of metabolism in aquatic ectotherms. Proc. Natl. Acad. Sci. U.S.A. 117, 31963-3196 (2020).",-2.52572864428971,-2.65071037695885,38.9232497932056,421,298.15,-5763.09594699511,6933.58829445778,-8.10191784173671,0.112340042955903,-6.04758502159359e-05,FALSE,TRUE,-2.77350714627446,0.0624426248492245,-3.31726229356615,0.0362519432012612
"Anguilla anguilla","Teleostei","Anguilliformes","Anguillidae","Anguilla","anguilla",80.0000000014841,0.080000000001484,0.0650027213888888,"W",25,"C","J. G. Rubalcaba, W. C. E. P. Verberk, A. J. Hendriks. B. Saris, H. A. Woods, Oxygen limitation may affect the temperature and size dependence of metabolism in aquatic ectotherms. Proc. Natl. Acad. Sci. U.S.A. 117, 31963-3196 (2020).",-2.52572864428971,-2.73332614244155,38.9232497932056,420,298.15,-5763.09594699511,6933.58829445778,-8.10191784173671,0.112340042955903,-6.04758502159359e-05,FALSE,TRUE,-2.77350714627446,0.0624426248492245,-3.31726229356617,0.0362519432012604
"Acipenser fulvescens","Chondrostei","Acipenseriformes","Acipenseridae","Acipenser","fulvescens",30.5100000251216,0.0305100000251215,0.0599285395997636,"W",17,"C","J. G. Rubalcaba, W. C. E. P. Verberk, A. J. Hendriks. B. Saris, H. A. Woods, Oxygen limitation may affect the temperature and size dependence of metabolism in aquatic ectotherms. Proc. Natl. Acad. Sci. U.S.A. 117, 31963-3196 (2020).",-3.48970077943017,-2.81460243324274,39.9964395169542,327,290.15,-5763.09594699511,6933.58829445778,-8.10191784173671,0.112340042955903,-6.04758502159359e-05,FALSE,TRUE,-3.75889351031267,0.0233095178521306,-3.42057345431607,0.0326936812297266
"Acipenser gueldenstaedtii","Chondrostei","Acipenseriformes","Acipenseridae","Acipenser","gueldenstaedtii",0.30000000019365,0.0003000000001936,0.0007056216444444,"W",25,"C","J. G. Rubalcaba, W. C. E. P. Verberk, A. J. Hendriks. B. Saris, H. A. Woods, Oxygen limitation may affect the temperature and size dependence of metabolism in aquatic ectotherms. Proc. Natl. Acad. Sci. U.S.A. 117, 31963-3196 (2020).",-8.11172808266274,-7.25643137850917,38.9232497932056,330,298.15,-5763.09594699511,6933.58829445778,-8.10191784173671,0.112340042955903,-6.04758502159359e-05,FALSE,TRUE,-7.17328881704484,0.000766796725577712,-6.87809920422263,0.00103010019556656
"Acipenser gueldenstaedtii","Chondrostei","Acipenseriformes","Acipenseridae","Acipenser","gueldenstaedtii",0.470000000069567,0.0004700000000695,0.001382453048858,"W",20,"C","J. G. Rubalcaba, W. C. E. P. Verberk, A. J. Hendriks. B. Saris, H. A. Woods, Oxygen limitation may affect the temperature and size dependence of metabolism in aquatic ectotherms. Proc. Natl. Acad. Sci. U.S.A. 117, 31963-3196 (2020).",-7.6627778631123,-6.58389578618751,39.5871292029482,331,293.15,-5763.09594699511,6933.58829445778,-8.10191784173671,0.112340042955903,-6.04758502159359e-05,FALSE,TRUE,-6.95955377438897,0.000949520180244606,-6.66436416156676,0.00127556742320129
"Acipenser gueldenstaedtii","Chondrostei","Acipenseriformes","Acipenseridae","Acipenser","gueldenstaedtii",12.4999999997681,0.0124999999997681,0.0255617759111111,"W",25,"C","J. G. Rubalcaba, W. C. E. P. Verberk, A. J. Hendriks. B. Saris, H. A. Woods, Oxygen limitation may affect the temperature and size dependence of metabolism in aquatic ectotherms. Proc. Natl. Acad. Sci. U.S.A. 117, 31963-3196 (2020).",-4.38202663469243,-3.66665717179601,38.9232497932056,333,298.15,-5763.09594699511,6933.58829445778,-8.10191784173671,0.112340042955903,-6.04758502159359e-05,FALSE,TRUE,-4.23561002755233,0.0144709798082508,-3.94042041473012,0.0194400401479129
"Acipenser gueldenstaedtii","Chondrostei","Acipenseriformes","Acipenseridae","Acipenser","gueldenstaedtii",0.30000000019365,0.0003000000001936,0.000594497087904,"W",18,"C","J. G. Rubalcaba, W. C. E. P. Verberk, A. J. Hendriks. B. Saris, H. A. Woods, Oxygen limitation may affect the temperature and size dependence of metabolism in aquatic ectotherms. Proc. Natl. Acad. Sci. U.S.A. 117, 31963-3196 (2020).",-8.11172808266274,-7.42779474024073,39.8590655189568,329,291.15,-5763.09594699511,6933.58829445778,-8.10191784173671,0.112340042955903,-6.04758502159359e-05,FALSE,TRUE,-7.37046340275752,0.000629576364065672,-7.0752737899353,0.000845760961302403
"Acipenser gueldenstaedtii","Chondrostei","Acipenseriformes","Acipenseridae","Acipenser","gueldenstaedtii",0.0200000000154742,2.00000000154742e-05,0.0001284423350502,"W",20,"C","J. G. Rubalcaba, W. C. E. P. Verberk, A. J. Hendriks. B. Saris, H. A. Woods, Oxygen limitation may affect the temperature and size dependence of metabolism in aquatic ectotherms. Proc. Natl. Acad. Sci. U.S.A. 117, 31963-3196 (2020).",-10.8197782836366,-8.96003050882257,39.5871292029482,328,293.15,-5763.09594699511,6933.58829445778,-8.10191784173671,0.112340042955903,-6.04758502159359e-05,FALSE,TRUE,-9.4461477560172,7.89932812946426e-05,-9.15095814319496,0.000106118077706647
"Acipenser gueldenstaedtii","Chondrostei","Acipenseriformes","Acipenseridae","Acipenser","gueldenstaedtii",12.4999999997681,0.0124999999997681,0.0187677817357516,"W",18,"C","J. G. Rubalcaba, W. C. E. P. Verberk, A. J. Hendriks. B. Saris, H. A. Woods, Oxygen limitation may affect the temperature and size dependence of metabolism in aquatic ectotherms. Proc. Natl. Acad. Sci. U.S.A. 117, 31963-3196 (2020).",-4.38202663469243,-3.97561361673414,39.8590655189568,332,291.15,-5763.09594699511,6933.58829445778,-8.10191784173671,0.112340042955903,-6.04758502159359e-05,FALSE,TRUE,-4.43278461326501,0.0118813585768539,-4.13759500044282,0.0159611920413359
"Acipenser gueldenstaedtii","Chondrostei","Acipenseriformes","Acipenseridae","Acipenser","gueldenstaedtii",208.000000017835,0.208000000017835,0.0803702653436653,"W",18,"C","J. G. Rubalcaba, W. C. E. P. Verberk, A. J. Hendriks. B. Saris, H. A. Woods, Oxygen limitation may affect the temperature and size dependence of metabolism in aquatic ectotherms. Proc. Natl. Acad. Sci. U.S.A. 117, 31963-3196 (2020).",-1.57021719919507,-2.5211110052367,39.8590655189568,335,291.15,-5763.09594699511,6933.58829445778,-8.10191784173671,0.112340042955903,-6.04758502159359e-05,FALSE,TRUE,-2.21807840849609,0.108818011814547,-1.92288879567389,0.146184055711603
"Acipenser gueldenstaedtii","Chondrostei","Acipenseriformes","Acipenseridae","Acipenser","gueldenstaedtii",54.3000000514067,0.0543000000514066,0.0453943018528141,"W",21,"C","J. G. Rubalcaba, W. C. E. P. Verberk, A. J. Hendriks. B. Saris, H. A. Woods, Oxygen limitation may affect the temperature and size dependence of metabolism in aquatic ectotherms. Proc. Natl. Acad. Sci. U.S.A. 117, 31963-3196 (2020).",-2.91323105109553,-3.09236869166176,39.4525477676161,334,294.15,-5763.09594699511,6933.58829445778,-8.10191784173671,0.112340042955903,-6.04758502159359e-05,FALSE,TRUE,-3.19024335338361,0.0411618528439834,-2.8950537405614,0.0552960533738894
"Acipenser ruthenus","Chondrostei","Acipenseriformes","Acipenseridae","Acipenser","ruthenus",204.999999973682,0.204999999973683,0.150248730455901,"W",20.7,"C","J. G. Rubalcaba, W. C. E. P. Verberk, A. J. Hendriks. B. Saris, H. A. Woods, Oxygen limitation may affect the temperature and size dependence of metabolism in aquatic ectotherms. Proc. Natl. Acad. Sci. U.S.A. 117, 31963-3196 (2020).",-1.58474529997211,-1.89546315514727,39.4928260195483,336,293.85,-5763.09594699511,6933.58829445778,-8.10191784173671,0.112340042955903,-6.04758502159359e-05,FALSE,TRUE,-2.15235542411,0.11621011105467,-1.86136857647254,0.155459726189713
"Acipenser ruthenus","Chondrostei","Acipenseriformes","Acipenseridae","Acipenser","ruthenus",258.000000021844,0.258000000021844,0.0450946466800781,"W",20,"C","J. G. Rubalcaba, W. C. E. P. Verberk, A. J. Hendriks. B. Saris, H. A. Woods, Oxygen limitation may affect the temperature and size dependence of metabolism in aquatic ectotherms. Proc. Natl. Acad. Sci. U.S.A. 117, 31963-3196 (2020).",-1.35479569397585,-3.0989917384084,39.5871292029482,337,293.15,-5763.09594699511,6933.58829445778,-8.10191784173671,0.112340042955903,-6.04758502159359e-05,FALSE,TRUE,-1.99110638489255,0.136544271324667,-1.70011953725503,0.182661687870874
"Acipenser ruthenus","Chondrostei","Acipenseriformes","Acipenseridae","Acipenser","ruthenus",287.000000175789,0.287000000175789,0.16553930187253,"W",10,"C","J. G. Rubalcaba, W. C. E. P. Verberk, A. J. Hendriks. B. Saris, H. A. Woods, Oxygen limitation may affect the temperature and size dependence of metabolism in aquatic ectotherms. Proc. Natl. Acad. Sci. U.S.A. 117, 31963-3196 (2020).",-1.24827306261001,-1.79854663880737,40.9852266496354,338,283.15,-5763.09594699511,6933.58829445778,-8.10191784173671,0.112340042955903,-6.04758502159359e-05,FALSE,TRUE,-2.20178088259971,0.110606006549836,-1.91079403496225,0.147962852260643
"Acipenser ruthenus","Chondrostei","Acipenseriformes","Acipenseridae","Acipenser","ruthenus",304.000000273867,0.304000000273867,0.244752985983002,"W",6.5,"C","J. G. Rubalcaba, W. C. E. P. Verberk, A. J. Hendriks. B. Saris, H. A. Woods, Oxygen limitation may affect the temperature and size dependence of metabolism in aquatic ectotherms. Proc. Natl. Acad. Sci. U.S.A. 117, 31963-3196 (2020).",-1.19072757667504,-1.4075057975111,41.4981831784168,339,279.65,-5763.09594699511,6933.58829445778,-8.10191784173671,0.112340042955903,-6.04758502159359e-05,FALSE,TRUE,-2.2645344584667,0.103878382987512,-1.97354761082917,0.138962994095003
"Acipenser stellatus","Chondrostei","Acipenseriformes","Acipenseridae","Acipenser","stellatus",0.80000000001484,0.0008000000000148,0.0020367776487716,"W",21,"C","J. G. Rubalcaba, W. C. E. P. Verberk, A. J. Hendriks. B. Saris, H. A. Woods, Oxygen limitation may affect the temperature and size dependence of metabolism in aquatic ectotherms. Proc. Natl. Acad. Sci. U.S.A. 117, 31963-3196 (2020).",-7.13089883027785,-6.1963863039195,39.4525477676161,350,294.15,-5763.09594699511,6933.58829445778,-8.10191784173671,0.112340042955903,-6.04758502159359e-05,FALSE,TRUE,-6.51226613426129,0.00148511044721934,-5.9856014727964,0.00251470073943055
"Acipenser stellatus","Chondrostei","Acipenseriformes","Acipenseridae","Acipenser","stellatus",0.430000000416256,0.0004300000004162,0.0013807551374708,"W",20,"C","J. G. Rubalcaba, W. C. E. P. Verberk, A. J. Hendriks. B. Saris, H. A. Woods, Oxygen limitation may affect the temperature and size dependence of metabolism in aquatic ectotherms. Proc. Natl. Acad. Sci. U.S.A. 117, 31963-3196 (2020).",-7.75172534830876,-6.58512472840714,39.5871292029482,348,293.15,-5763.09594699511,6933.58829445778,-8.10191784173671,0.112340042955903,-6.04758502159359e-05,FALSE,TRUE,-7.02961277087581,0.000885274518308909,-6.50294810941088,0.00149901341678579
"Acipenser stellatus","Chondrostei","Acipenseriformes","Acipenseridae","Acipenser","stellatus",0.650000000534531,0.0006500000005345,0.0020671706769777,"W",17,"C","J. G. Rubalcaba, W. C. E. P. Verberk, A. J. Hendriks. B. Saris, H. A. Woods, Oxygen limitation may affect the temperature and size dependence of metabolism in aquatic ectotherms. Proc. Natl. Acad. Sci. U.S.A. 117, 31963-3196 (2020).",-7.33853819425228,-6.18157442937516,39.9964395169542,349,290.15,-5763.09594699511,6933.58829445778,-8.10191784173671,0.112340042955903,-6.04758502159359e-05,FALSE,TRUE,-6.79040908748605,0.0011245086576475,-6.26374442602114,0.00190410265995835
"Acipenser stellatus","Chondrostei","Acipenseriformes","Acipenseridae","Acipenser","stellatus",3.62000000389123,0.0036200000038912,0.009599316915429,"W",20,"C","J. G. Rubalcaba, W. C. E. P. Verberk, A. J. Hendriks. B. Saris, H. A. Woods, Oxygen limitation may affect the temperature and size dependence of metabolism in aquatic ectotherms. Proc. Natl. Acad. Sci. U.S.A. 117, 31963-3196 (2020).",-5.62128125206954,-4.64606333768277,39.5871292029482,352,293.15,-5763.09594699511,6933.58829445778,-8.10191784173671,0.112340042955903,-6.04758502159359e-05,FALSE,TRUE,-5.35158022027384,0.00474065380011222,-4.82491555880893,0.00802723167078086
"Acipenser stellatus","Chondrostei","Acipenseriformes","Acipenseridae","Acipenser","stellatus",6050.00000484134,6.05000000484134,4.72108275671383,"W",21.8,"C","J. G. Rubalcaba, W. C. E. P. Verberk, A. J. Hendriks. B. Saris, H. A. Woods, Oxygen limitation may affect the temperature and size dependence of metabolism in aquatic ectotherms. Proc. Natl. Acad. Sci. U.S.A. 117, 31963-3196 (2020).",1.80005827284297,1.55203817089872,39.3455396706027,358,294.95,-5763.09594699511,6933.58829445778,-8.10191784173671,0.112340042955903,-6.04758502159359e-05,FALSE,TRUE,0.544699407257651,1.72409005551985,1.07136406872255,2.91935899150018
"Acipenser stellatus","Chondrostei","Acipenseriformes","Acipenseridae","Acipenser","stellatus",6.11999999794878,0.0061199999979487,0.0172974107777777,"W",25,"C","J. G. Rubalcaba, W. C. E. P. Verberk, A. J. Hendriks. B. Saris, H. A. Woods, Oxygen limitation may affect the temperature and size dependence of metabolism in aquatic ectotherms. Proc. Natl. Acad. Sci. U.S.A. 117, 31963-3196 (2020).",-5.09619318279308,-4.05719845470389,38.9232497932056,355,298.15,-5763.09594699511,6933.58829445778,-8.10191784173671,0.112340042955903,-6.04758502159359e-05,FALSE,TRUE,-4.79811937308241,0.00824523869528298,-4.27145471161752,0.0139614584778066
"Acipenser stellatus","Chondrostei","Acipenseriformes","Acipenseridae","Acipenser","stellatus",10399.9999928451,10.3999999928451,4.81159306812286,"W",22.5,"C","J. G. Rubalcaba, W. C. E. P. Verberk, A. J. Hendriks. B. Saris, H. A. Woods, Oxygen limitation may affect the temperature and size dependence of metabolism in aquatic ectotherms. Proc. Natl. Acad. Sci. U.S.A. 117, 31963-3196 (2020).",2.34180580545936,1.57102822847727,39.2523826343456,361,295.65,-5763.09594699511,6933.58829445778,-8.10191784173671,0.112340042955903,-6.04758502159359e-05,FALSE,TRUE,0.991031875097548,2.69401292344366,1.51769653656246,4.56170536225362
"Acipenser stellatus","Chondrostei","Acipenseriformes","Acipenseridae","Acipenser","stellatus",0.229999999990683,0.0002299999999906,0.0007573672333333,"W",25,"C","J. G. Rubalcaba, W. C. E. P. Verberk, A. J. Hendriks. B. Saris, H. A. Woods, Oxygen limitation may affect the temperature and size dependence of metabolism in aquatic ectotherms. Proc. Natl. Acad. Sci. U.S.A. 117, 31963-3196 (2020).",-8.37743124908195,-7.18566230546925,38.9232497932056,347,298.15,-5763.09594699511,6933.58829445778,-8.10191784173671,0.112340042955903,-6.04758502159359e-05,FALSE,TRUE,-7.38256845166961,0.00062200125243277,-6.85590379020473,0.00105321931600983
"Acipenser stellatus","Chondrostei","Acipenseriformes","Acipenseridae","Acipenser","stellatus",1.75000000126408,0.001750000001264,0.0032499033698108,"W",17,"C","J. G. Rubalcaba, W. C. E. P. Verberk, A. J. Hendriks. B. Saris, H. A. Woods, Oxygen limitation may affect the temperature and size dependence of metabolism in aquatic ectotherms. Proc. Natl. Acad. Sci. U.S.A. 117, 31963-3196 (2020).",-6.34813949032443,-5.72913001544841,39.9964395169542,351,290.15,-5763.09594699511,6933.58829445778,-8.10191784173671,0.112340042955903,-6.04758502159359e-05,FALSE,TRUE,-6.01032700685382,0.00245328580795685,-5.48366234538892,0.00415408809954486
"Acipenser stellatus","Chondrostei","Acipenseriformes","Acipenseridae","Acipenser","stellatus",7520.0000070709,7.5200000070709,4.96186793165889,"W",22.4,"C","J. G. Rubalcaba, W. C. E. P. Verberk, A. J. Hendriks. B. Saris, H. A. Woods, Oxygen limitation may affect the temperature and size dependence of metabolism in aquatic ectotherms. Proc. Natl. Acad. Sci. U.S.A. 117, 31963-3196 (2020).",2.01756613890203,1.60178226896596,39.2656637653333,360,295.55,-5763.09594699511,6933.58829445778,-8.10191784173671,0.112340042955903,-6.04758502159359e-05,FALSE,TRUE,0.732847979831032,2.08099881886539,1.25951264129593,3.5237037611264
"Acipenser stellatus","Chondrostei","Acipenseriformes","Acipenseridae","Acipenser","stellatus",0.0200000000154742,2.00000000154742e-05,0.0001284423350502,"W",20,"C","J. G. Rubalcaba, W. C. E. P. Verberk, A. J. Hendriks. B. Saris, H. A. Woods, Oxygen limitation may affect the temperature and size dependence of metabolism in aquatic ectotherms. Proc. Natl. Acad. Sci. U.S.A. 117, 31963-3196 (2020).",-10.8197782836366,-8.96003050882257,39.5871292029482,340,293.15,-5763.09594699511,6933.58829445778,-8.10191784173671,0.112340042955903,-6.04758502159359e-05,FALSE,TRUE,-9.4461477560172,7.89932812946426e-05,-8.91948309455233,0.000133757366836665
"Acipenser stellatus","Chondrostei","Acipenseriformes","Acipenseridae","Acipenser","stellatus",0.229999999990683,0.0002299999999906,0.0006627234930456,"W",18,"C","J. G. Rubalcaba, W. C. E. P. Verberk, A. J. Hendriks. B. Saris, H. A. Woods, Oxygen limitation may affect the temperature and size dependence of metabolism in aquatic ectotherms. Proc. Natl. Acad. Sci. U.S.A. 117, 31963-3196 (2020).",-8.37743124908195,-7.31915270899958,39.8590655189568,346,291.15,-5763.09594699511,6933.58829445778,-8.10191784173671,0.112340042955903,-6.04758502159359e-05,FALSE,TRUE,-7.57974303738229,0.000510692435020355,-7.0530783759174,0.00086474285220458
"Acipenser stellatus","Chondrostei","Acipenseriformes","Acipenseridae","Acipenser","stellatus",0.0599999999469976,5.99999999469977e-05,0.0002881130315518,"W",21.7,"C","J. G. Rubalcaba, W. C. E. P. Verberk, A. J. Hendriks. B. Saris, H. A. Woods, Oxygen limitation may affect the temperature and size dependence of metabolism in aquatic ectotherms. Proc. Natl. Acad. Sci. U.S.A. 117, 31963-3196 (2020).",-9.72116599662555,-8.15215768415882,39.3588839268925,343,294.85,-5763.09594699511,6933.58829445778,-8.10191784173671,0.112340042955903,-6.04758502159359e-05,FALSE,TRUE,-8.53274099943698,0.000196914487033428,-8.00607633797209,0.000333430424029878
"Acipenser stellatus","Chondrostei","Acipenseriformes","Acipenseridae","Acipenser","stellatus",0.160000000126762,0.0001600000001267,0.0008104315900359,"W",20.5,"C","J. G. Rubalcaba, W. C. E. P. Verberk, A. J. Hendriks. B. Saris, H. A. Woods, Oxygen limitation may affect the temperature and size dependence of metabolism in aquatic ectotherms. Proc. Natl. Acad. Sci. U.S.A. 117, 31963-3196 (2020).",-8.74033674193857,-7.11794362499499,39.5197239088856,345,293.65,-5763.09594699511,6933.58829445778,-8.10191784173671,0.112340042955903,-6.04758502159359e-05,FALSE,TRUE,-7.79408491970882,0.000412165776372006,-7.2674202582439,0.000697910101266428
"Acipenser stellatus","Chondrostei","Acipenseriformes","Acipenseridae","Acipenser","stellatus",0.0899999999089575,8.99999999089575e-05,0.0004187438741183,"W",22.1,"C","J. G. Rubalcaba, W. C. E. P. Verberk, A. J. Hendriks. B. Saris, H. A. Woods, Oxygen limitation may affect the temperature and size dependence of metabolism in aquatic ectotherms. Proc. Natl. Acad. Sci. U.S.A. 117, 31963-3196 (2020).",-9.31570088864559,-7.77825110390323,39.3055611374912,344,295.25,-5763.09594699511,6933.58829445778,-8.10191784173671,0.112340042955903,-6.04758502159359e-05,FALSE,TRUE,-8.202143631967,0.000274065444387313,-7.67547897050211,0.0004640682293654
"Acipenser stellatus","Chondrostei","Acipenseriformes","Acipenseridae","Acipenser","stellatus",10.4200000008756,0.0104200000008756,0.0331892382984556,"W",22,"C","J. G. Rubalcaba, W. C. E. P. Verberk, A. J. Hendriks. B. Saris, H. A. Woods, Oxygen limitation may affect the temperature and size dependence of metabolism in aquatic ectotherms. Proc. Natl. Acad. Sci. U.S.A. 117, 31963-3196 (2020).",-4.56402824257289,-3.40552960324377,39.3188782850898,356,295.15,-5763.09594699511,6933.58829445778,-8.10191784173671,0.112340042955903,-6.04758502159359e-05,FALSE,TRUE,-4.46232075837447,0.0115355609489459,-3.93565609690956,0.0195328796604827
"Acipenser stellatus","Chondrostei","Acipenseriformes","Acipenseridae","Acipenser","stellatus",3699.99999942924,3.69999999942924,3.63171793859086,"W",24.4,"C","J. G. Rubalcaba, W. C. E. P. Verberk, A. J. Hendriks. B. Saris, H. A. Woods, Oxygen limitation may affect the temperature and size dependence of metabolism in aquatic ectotherms. Proc. Natl. Acad. Sci. U.S.A. 117, 31963-3196 (2020).",1.30833281949592,1.28970579764374,39.0017372738843,357,297.55,-5763.09594699511,6933.58829445778,-8.10191784173671,0.112340042955903,-6.04758502159359e-05,FALSE,TRUE,0.229833072258554,1.25838993220682,0.756497733723453,2.13080050641184
"Acipenser stellatus","Chondrostei","Acipenseriformes","Acipenseridae","Acipenser","stellatus",6500.00000534532,6.50000000534532,2.23975072337614,"W",20,"C","J. G. Rubalcaba, W. C. E. P. Verberk, A. J. Hendriks. B. Saris, H. A. Woods, Oxygen limitation may affect the temperature and size dependence of metabolism in aquatic ectotherms. Proc. Natl. Acad. Sci. U.S.A. 117, 31963-3196 (2020).",1.87180217772395,0.806364575467322,39.5871292029482,359,293.15,-5763.09594699511,6933.58829445778,-8.10191784173671,0.112340042955903,-6.04758502159359e-05,FALSE,TRUE,0.550305645572372,1.73378285994593,1.07697030703728,2.93577157717897
"Acipenser stellatus","Chondrostei","Acipenseriformes","Acipenseridae","Acipenser","stellatus",6.11999999794878,0.0061199999979487,0.0152694672224919,"W",18,"C","J. G. Rubalcaba, W. C. E. P. Verberk, A. J. Hendriks. B. Saris, H. A. Woods, Oxygen limitation may affect the temperature and size dependence of metabolism in aquatic ectotherms. Proc. Natl. Acad. Sci. U.S.A. 117, 31963-3196 (2020).",-5.09619318279308,-4.18190005083233,39.8590655189568,354,291.15,-5763.09594699511,6933.58829445778,-8.10191784173671,0.112340042955903,-6.04758502159359e-05,FALSE,TRUE,-4.99529395879509,0.00676973078454252,-4.46862929733019,0.0114630174755755
"Acipenser stellatus","Chondrostei","Acipenseriformes","Acipenseridae","Acipenser","stellatus",0.030000000019365,3.0000000019365e-05,0.0001424984370014,"W",21,"C","J. G. Rubalcaba, W. C. E. P. Verberk, A. J. Hendriks. B. Saris, H. A. Woods, Oxygen limitation may affect the temperature and size dependence of metabolism in aquatic ectotherms. Proc. Natl. Acad. Sci. U.S.A. 117, 31963-3196 (2020).",-10.4143131756566,-8.85617952672695,39.4525477676161,341,294.15,-5763.09594699511,6933.58829445778,-8.10191784173671,0.112340042955903,-6.04758502159359e-05,FALSE,TRUE,-9.09842934707924,0.000111841334527526,-8.57176468561428,0.00018937816184775
"Acipenser stellatus","Chondrostei","Acipenseriformes","Acipenseridae","Acipenser","stellatus",0.0499999999613143,4.99999999613144e-05,0.0002450545484669,"W",21.1,"C","J. G. Rubalcaba, W. C. E. P. Verberk, A. J. Hendriks. B. Saris, H. A. Woods, Oxygen limitation may affect the temperature and size dependence of metabolism in aquatic ectotherms. Proc. Natl. Acad. Sci. U.S.A. 117, 31963-3196 (2020).",-9.90348755330984,-8.314029725398,39.4391399348998,342,294.25,-5763.09594699511,6933.58829445778,-8.10191784173671,0.112340042955903,-6.04758502159359e-05,FALSE,TRUE,-8.69325535627909,0.000167713170477105,-8.16659069481411,0.000283984557916698
"Acipenser stellatus","Chondrostei","Acipenseriformes","Acipenseridae","Acipenser","stellatus",3.73999999827353,0.0037399999982735,0.0178396625804147,"W",23,"C","J. G. Rubalcaba, W. C. E. P. Verberk, A. J. Hendriks. B. Saris, H. A. Woods, Oxygen limitation may affect the temperature and size dependence of metabolism in aquatic ectotherms. Proc. Natl. Acad. Sci. U.S.A. 117, 31963-3196 (2020).",-5.58866966801733,-4.02633106566302,39.1861115172861,353,296.15,-5763.09594699511,6933.58829445778,-8.10191784173671,0.112340042955903,-6.04758502159359e-05,FALSE,TRUE,-5.24140022553289,0.00529284047441901,-4.71473556406791,0.00896223569070671
"Albula vulpes","Teleostei","Albuliformes","Albulidae","Albula","vulpes",671.999999916715,0.671999999916715,0.945917273018837,"W",20.6,"C","J. G. Rubalcaba, W. C. E. P. Verberk, A. J. Hendriks. B. Saris, H. A. Woods, Oxygen limitation may affect the temperature and size dependence of metabolism in aquatic ectotherms. Proc. Natl. Acad. Sci. U.S.A. 117, 31963-3196 (2020).",-0.397496938582924,-0.0556001629942968,39.5062703858528,369,293.75,-5763.09594699511,6933.58829445778,-8.10191784173671,0.112340042955903,-6.04758502159359e-05,FALSE,TRUE,-1.22005849799952,0.295212897054982,-1.1621917858042,0.312799838753761
"Anguilla australis","Teleostei","Anguilliformes","Anguillidae","Anguilla","australis",699.999999977021,0.699999999977021,0.0769055989865146,"W",20,"C","J. G. Rubalcaba, W. C. E. P. Verberk, A. J. Hendriks. B. Saris, H. A. Woods, Oxygen limitation may affect the temperature and size dependence of metabolism in aquatic ectotherms. Proc. Natl. Acad. Sci. U.S.A. 117, 31963-3196 (2020).",-0.35667494397156,-2.56517659645367,39.5871292029482,438,293.15,-5763.10486088712,6933.70816172064,-8.10241444940861,0.112362994779397,-6.05075985370386e-05,FALSE,TRUE,-1.20494207722775,0.299709359007429,-1.93147916938497,0.144933658421806
"Anguilla australis","Teleostei","Anguilliformes","Anguillidae","Anguilla","australis",646.499999677844,0.646499999677844,0.109773625560928,"W",17.5,"C","J. G. Rubalcaba, W. C. E. P. Verberk, A. J. Hendriks. B. Saris, H. A. Woods, Oxygen limitation may affect the temperature and size dependence of metabolism in aquatic ectotherms. Proc. Natl. Acad. Sci. U.S.A. 117, 31963-3196 (2020).",-0.436182081268533,-2.20933498312353,39.9276343569388,437,290.65,-5763.10486088712,6933.70816172064,-8.10241444940861,0.112362994779397,-6.05075985370386e-05,FALSE,TRUE,-1.33930922119504,0.26202660850589,-2.06584631335237,0.126711007959119
"Anguilla australis","Teleostei","Anguilliformes","Anguillidae","Anguilla","australis",699.999999977021,0.699999999977021,0.0769286706655611,"W",20,"C","J. G. Rubalcaba, W. C. E. P. Verberk, A. J. Hendriks. B. Saris, H. A. Woods, Oxygen limitation may affect the temperature and size dependence of metabolism in aquatic ectotherms. Proc. Natl. Acad. Sci. U.S.A. 117, 31963-3196 (2020).",-0.35667494397156,-2.56487664145312,39.5871292029482,439,293.15,-5763.10486088712,6933.70816172064,-8.10241444940861,0.112362994779397,-6.05075985370386e-05,FALSE,TRUE,-1.20494207722775,0.299709359007429,-1.93147916938511,0.144933658421786
"Anguilla japonica","Teleostei","Anguilliformes","Anguillidae","Anguilla","japonica",325.000000015809,0.325000000015809,0.071433765618021,"W",20,"C","J. G. Rubalcaba, W. C. E. P. Verberk, A. J. Hendriks. B. Saris, H. A. Woods, Oxygen limitation may affect the temperature and size dependence of metabolism in aquatic ectotherms. Proc. Natl. Acad. Sci. U.S.A. 117, 31963-3196 (2020).",-1.12393009660376,-2.63898461360684,39.5871292029482,452,293.15,-5763.09594699511,6933.58829445778,-8.10191784173671,0.112340042955903,-6.04758502159359e-05,FALSE,TRUE,-1.80926636952279,0.163774242516403,-2.50415333995431,0.0817447787329703
"Anguilla japonica","Teleostei","Anguilliformes","Anguillidae","Anguilla","japonica",325.000000015809,0.325000000015809,0.0542208333333333,"W",15,"C","J. G. Rubalcaba, W. C. E. P. Verberk, A. J. Hendriks. B. Saris, H. A. Woods, Oxygen limitation may affect the temperature and size dependence of metabolism in aquatic ectotherms. Proc. Natl. Acad. Sci. U.S.A. 117, 31963-3196 (2020).",-1.12393009660376,-2.91469006554737,40.2740479814134,444,288.15,-5763.09594699511,6933.58829445778,-8.10191784173671,0.112340042955903,-6.04758502159359e-05,FALSE,TRUE,-1.95399884391397,0.141706275801218,-2.64888581434548,0.0707299754983372
"Anguilla japonica","Teleostei","Anguilliformes","Anguillidae","Anguilla","japonica",325.000000015809,0.325000000015809,0.0620104717387516,"W",14.5,"C","J. G. Rubalcaba, W. C. E. P. Verberk, A. J. Hendriks. B. Saris, H. A. Woods, Oxygen limitation may affect the temperature and size dependence of metabolism in aquatic ectotherms. Proc. Natl. Acad. Sci. U.S.A. 117, 31963-3196 (2020).",-1.12393009660376,-2.78045200918676,40.3440532794864,445,287.65,-5763.09594699511,6933.58829445778,-8.10191784173671,0.112340042955903,-6.04758502159359e-05,FALSE,TRUE,-1.96874882648576,0.139631450140798,-2.6636357969173,0.0696943659793137
"Anguilla japonica","Teleostei","Anguilliformes","Anguillidae","Anguilla","japonica",325.000000015809,0.325000000015809,0.0935277777777777,"W",25,"C","J. G. Rubalcaba, W. C. E. P. Verberk, A. J. Hendriks. B. Saris, H. A. Woods, Oxygen limitation may affect the temperature and size dependence of metabolism in aquatic ectotherms. Proc. Natl. Acad. Sci. U.S.A. 117, 31963-3196 (2020).",-1.12393009660376,-2.36949679827717,38.9232497932056,457,298.15,-5763.09594699511,6933.58829445778,-8.10191784173671,0.112340042955903,-6.04758502159359e-05,FALSE,TRUE,-1.66938824610902,0.188362261745858,-2.36427521654057,0.0940174179496776
"Anguilla japonica","Teleostei","Anguilliformes","Anguillidae","Anguilla","japonica",325.000000015809,0.325000000015809,0.0792401596120093,"W",17,"C","J. G. Rubalcaba, W. C. E. P. Verberk, A. J. Hendriks. B. Saris, H. A. Woods, Oxygen limitation may affect the temperature and size dependence of metabolism in aquatic ectotherms. Proc. Natl. Acad. Sci. U.S.A. 117, 31963-3196 (2020).",-1.12393009660376,-2.53527204286798,39.9964395169542,451,290.15,-5763.09594699511,6933.58829445778,-8.10191784173671,0.112340042955903,-6.04758502159359e-05,FALSE,TRUE,-1.89550727077211,0.15024210228548,-2.59039424120367,0.0749904699236955
"Anguilla japonica","Teleostei","Anguilliformes","Anguillidae","Anguilla","japonica",325.000000015809,0.325000000015809,0.0646479166666666,"W",15,"C","J. G. Rubalcaba, W. C. E. P. Verberk, A. J. Hendriks. B. Saris, H. A. Woods, Oxygen limitation may affect the temperature and size dependence of metabolism in aquatic ectotherms. Proc. Natl. Acad. Sci. U.S.A. 117, 31963-3196 (2020).",-1.12393009660376,-2.73879939908371,40.2740479814134,446,288.15,-5763.09594699511,6933.58829445778,-8.10191784173671,0.112340042955903,-6.04758502159359e-05,FALSE,TRUE,-1.95399884391397,0.141706275801218,-2.64888581434549,0.0707299754983362
"Anguilla japonica","Teleostei","Anguilliformes","Anguillidae","Anguilla","japonica",325.000000015809,0.325000000015809,0.0563265565852139,"W",19,"C","J. G. Rubalcaba, W. C. E. P. Verberk, A. J. Hendriks. B. Saris, H. A. Woods, Oxygen limitation may affect the temperature and size dependence of metabolism in aquatic ectotherms. Proc. Natl. Acad. Sci. U.S.A. 117, 31963-3196 (2020).",-1.12393009660376,-2.87658915726737,39.7226319556538,447,292.15,-5763.09594699511,6933.58829445778,-8.10191784173671,0.112340042955903,-6.04758502159359e-05,FALSE,TRUE,-1.83781654066489,0.159164576354838,-2.53270351109644,0.0794439520912427
"Anguilla japonica","Teleostei","Anguilliformes","Anguillidae","Anguilla","japonica",325.000000015809,0.325000000015809,0.0714080126528725,"W",16,"C","J. G. Rubalcaba, W. C. E. P. Verberk, A. J. Hendriks. B. Saris, H. A. Woods, Oxygen limitation may affect the temperature and size dependence of metabolism in aquatic ectotherms. Proc. Natl. Acad. Sci. U.S.A. 117, 31963-3196 (2020).",-1.12393009660376,-2.63934519390399,40.1347637068797,448,289.15,-5763.09594699511,6933.58829445778,-8.10191784173671,0.112340042955903,-6.04758502159359e-05,FALSE,TRUE,-1.9246519133466,0.145926543098738,-2.61953888377809,0.072836441149646
"Anguilla japonica","Teleostei","Anguilliformes","Anguillidae","Anguilla","japonica",325.000000015809,0.325000000015809,0.110289808511424,"W",24,"C","J. G. Rubalcaba, W. C. E. P. Verberk, A. J. Hendriks. B. Saris, H. A. Woods, Oxygen limitation may affect the temperature and size dependence of metabolism in aquatic ectotherms. Proc. Natl. Acad. Sci. U.S.A. 117, 31963-3196 (2020).",-1.12393009660376,-2.2046437548935,39.0542383504771,458,297.15,-5763.09594699511,6933.58829445778,-8.10191784173671,0.112340042955903,-6.04758502159359e-05,FALSE,TRUE,-1.69698728489667,0.183234727357125,-2.39187425532818,0.0914581072936679
"Anguilla japonica","Teleostei","Anguilliformes","Anguillidae","Anguilla","japonica",325.000000015809,0.325000000015809,0.0735752105443097,"W",18,"C","J. G. Rubalcaba, W. C. E. P. Verberk, A. J. Hendriks. B. Saris, H. A. Woods, Oxygen limitation may affect the temperature and size dependence of metabolism in aquatic ectotherms. Proc. Natl. Acad. Sci. U.S.A. 117, 31963-3196 (2020).",-1.12393009660376,-2.60944712323829,39.8590655189568,450,291.15,-5763.09594699511,6933.58829445778,-8.10191784173671,0.112340042955903,-6.04758502159359e-05,FALSE,TRUE,-1.8665628318217,0.154654322223139,-2.56144980225321,0.0771927450616171
"Anguilla japonica","Teleostei","Anguilliformes","Anguillidae","Anguilla","japonica",325.000000015809,0.325000000015809,0.0484070841970345,"W",13,"C","J. G. Rubalcaba, W. C. E. P. Verberk, A. J. Hendriks. B. Saris, H. A. Woods, Oxygen limitation may affect the temperature and size dependence of metabolism in aquatic ectotherms. Proc. Natl. Acad. Sci. U.S.A. 117, 31963-3196 (2020).",-1.12393009660376,-3.02810910826293,40.5555370464591,442,286.15,-5763.09594699511,6933.58829445778,-8.10191784173671,0.112340042955903,-6.04758502159359e-05,FALSE,TRUE,-2.01330805218623,0.133546165465944,-2.70819502261778,0.0666570125980372
"Anguilla japonica","Teleostei","Anguilliformes","Anguillidae","Anguilla","japonica",325.000000015809,0.325000000015809,0.0470424268362943,"W",14.5,"C","J. G. Rubalcaba, W. C. E. P. Verberk, A. J. Hendriks. B. Saris, H. A. Woods, Oxygen limitation may affect the temperature and size dependence of metabolism in aquatic ectotherms. Proc. Natl. Acad. Sci. U.S.A. 117, 31963-3196 (2020).",-1.12393009660376,-3.05670538581491,40.3440532794864,443,287.65,-5763.09594699511,6933.58829445778,-8.10191784173671,0.112340042955903,-6.04758502159359e-05,FALSE,TRUE,-1.96874882648576,0.139631450140798,-2.66363579691731,0.0696943659793127
"Anguilla japonica","Teleostei","Anguilliformes","Anguillidae","Anguilla","japonica",100,0.1,0.0346007308944444,"W",25,"C","J. G. Rubalcaba, W. C. E. P. Verberk, A. J. Hendriks. B. Saris, H. A. Woods, Oxygen limitation may affect the temperature and size dependence of metabolism in aquatic ectotherms. Proc. Natl. Acad. Sci. U.S.A. 117, 31963-3196 (2020).",-2.30258509299405,-3.36388047302468,38.9232497932056,440,298.15,-5763.09594699511,6933.58829445778,-8.10191784173671,0.112340042955903,-6.04758502159359e-05,FALSE,TRUE,-2.59774935793726,0.0744409297071259,-3.29263632836883,0.0371557653638718
"Anguilla japonica","Teleostei","Anguilliformes","Anguillidae","Anguilla","japonica",325.000000015809,0.325000000015809,0.0427658425784494,"W",14.5,"C","J. G. Rubalcaba, W. C. E. P. Verberk, A. J. Hendriks. B. Saris, H. A. Woods, Oxygen limitation may affect the temperature and size dependence of metabolism in aquatic ectotherms. Proc. Natl. Acad. Sci. U.S.A. 117, 31963-3196 (2020).",-1.12393009660376,-3.15201556561924,40.3440532794864,441,287.65,-5763.09594699511,6933.58829445778,-8.10191784173671,0.112340042955903,-6.04758502159359e-05,FALSE,TRUE,-1.96874882648576,0.139631450140798,-2.6636357969173,0.069694365979314
"Anguilla japonica","Teleostei","Anguilliformes","Anguillidae","Anguilla","japonica",325.000000015809,0.325000000015809,0.111722095706209,"W",29,"C","J. G. Rubalcaba, W. C. E. P. Verberk, A. J. Hendriks. B. Saris, H. A. Woods, Oxygen limitation may affect the temperature and size dependence of metabolism in aquatic ectotherms. Proc. Natl. Acad. Sci. U.S.A. 117, 31963-3196 (2020).",-1.12393009660376,-2.19174077952212,38.4079659965059,459,302.15,-5763.09594699511,6933.58829445778,-8.10191784173671,0.112340042955903,-6.04758502159359e-05,FALSE,TRUE,-1.56081893449889,0.209964053967633,-2.25570590493042,0.104799539107882
"Anguilla japonica","Teleostei","Anguilliformes","Anguillidae","Anguilla","japonica",325.000000015809,0.325000000015809,0.138247835944113,"W",26,"C","J. G. Rubalcaba, W. C. E. P. Verberk, A. J. Hendriks. B. Saris, H. A. Woods, Oxygen limitation may affect the temperature and size dependence of metabolism in aquatic ectotherms. Proc. Natl. Acad. Sci. U.S.A. 117, 31963-3196 (2020).",-1.12393009660376,-1.97870729190934,38.7931369742412,460,299.15,-5763.09594699511,6933.58829445778,-8.10191784173671,0.112340042955903,-6.04758502159359e-05,FALSE,TRUE,-1.64197372370972,0.193597556866652,-2.33686069414125,0.0966305153127052
"Anguilla japonica","Teleostei","Anguilliformes","Anguillidae","Anguilla","japonica",325.000000015809,0.325000000015809,0.130473938301969,"W",27.5,"C","J. G. Rubalcaba, W. C. E. P. Verberk, A. J. Hendriks. B. Saris, H. A. Woods, Oxygen limitation may affect the temperature and size dependence of metabolism in aquatic ectotherms. Proc. Natl. Acad. Sci. U.S.A. 117, 31963-3196 (2020).",-1.12393009660376,-2.03658177866171,38.5995906397614,461,300.65,-5763.09594699511,6933.58829445778,-8.10191784173671,0.112340042955903,-6.04758502159359e-05,FALSE,TRUE,-1.60119388076934,0.201655621453912,-2.29608085120089,0.100652544030898
"Anguilla japonica","Teleostei","Anguilliformes","Anguillidae","Anguilla","japonica",325.000000015809,0.325000000015809,0.0730572602911579,"W",20,"C","J. G. Rubalcaba, W. C. E. P. Verberk, A. J. Hendriks. B. Saris, H. A. Woods, Oxygen limitation may affect the temperature and size dependence of metabolism in aquatic ectotherms. Proc. Natl. Acad. Sci. U.S.A. 117, 31963-3196 (2020).",-1.12393009660376,-2.61651175775478,39.5871292029482,453,293.15,-5763.09594699511,6933.58829445778,-8.10191784173671,0.112340042955903,-6.04758502159359e-05,FALSE,TRUE,-1.80926636952279,0.163774242516403,-2.50415333995431,0.0817447787329706
"Anguilla japonica","Teleostei","Anguilliformes","Anguillidae","Anguilla","japonica",325.000000015809,0.325000000015809,0.141721547331025,"W",29,"C","J. G. Rubalcaba, W. C. E. P. Verberk, A. J. Hendriks. B. Saris, H. A. Woods, Oxygen limitation may affect the temperature and size dependence of metabolism in aquatic ectotherms. Proc. Natl. Acad. Sci. U.S.A. 117, 31963-3196 (2020).",-1.12393009660376,-1.95389108081821,38.4079659965059,463,302.15,-5763.09594699511,6933.58829445778,-8.10191784173671,0.112340042955903,-6.04758502159359e-05,FALSE,TRUE,-1.56081893449889,0.209964053967633,-2.25570590493043,0.104799539107881
"Anguilla japonica","Teleostei","Anguilliformes","Anguillidae","Anguilla","japonica",325.000000015809,0.325000000015809,0.0941626910419368,"W",20,"C","J. G. Rubalcaba, W. C. E. P. Verberk, A. J. Hendriks. B. Saris, H. A. Woods, Oxygen limitation may affect the temperature and size dependence of metabolism in aquatic ectotherms. Proc. Natl. Acad. Sci. U.S.A. 117, 31963-3196 (2020).",-1.12393009660376,-2.36273123697868,39.5871292029482,455,293.15,-5763.09594699511,6933.58829445778,-8.10191784173671,0.112340042955903,-6.04758502159359e-05,FALSE,TRUE,-1.80926636952279,0.163774242516403,-2.50415333995431,0.0817447787329703
"Anguilla japonica","Teleostei","Anguilliformes","Anguillidae","Anguilla","japonica",325.000000015809,0.325000000015809,0.0974096803882105,"W",20,"C","J. G. Rubalcaba, W. C. E. P. Verberk, A. J. Hendriks. B. Saris, H. A. Woods, Oxygen limitation may affect the temperature and size dependence of metabolism in aquatic ectotherms. Proc. Natl. Acad. Sci. U.S.A. 117, 31963-3196 (2020).",-1.12393009660376,-2.328829685303,39.5871292029482,456,293.15,-5763.09594699511,6933.58829445778,-8.10191784173671,0.112340042955903,-6.04758502159359e-05,FALSE,TRUE,-1.80926636952279,0.163774242516403,-2.50415333995429,0.0817447787329722
"Anguilla japonica","Teleostei","Anguilliformes","Anguillidae","Anguilla","japonica",325.000000015809,0.325000000015809,0.0887569982554886,"W",19,"C","J. G. Rubalcaba, W. C. E. P. Verberk, A. J. Hendriks. B. Saris, H. A. Woods, Oxygen limitation may affect the temperature and size dependence of metabolism in aquatic ectotherms. Proc. Natl. Acad. Sci. U.S.A. 117, 31963-3196 (2020).",-1.12393009660376,-2.42185300015242,39.7226319556538,454,292.15,-5763.09594699511,6933.58829445778,-8.10191784173671,0.112340042955903,-6.04758502159359e-05,FALSE,TRUE,-1.83781654066489,0.159164576354838,-2.53270351109643,0.0794439520912439
"Anguilla japonica","Teleostei","Anguilliformes","Anguillidae","Anguilla","japonica",325.000000015809,0.325000000015809,0.0663971412229136,"W",18,"C","J. G. Rubalcaba, W. C. E. P. Verberk, A. J. Hendriks. B. Saris, H. A. Woods, Oxygen limitation may affect the temperature and size dependence of metabolism in aquatic ectotherms. Proc. Natl. Acad. Sci. U.S.A. 117, 31963-3196 (2020).",-1.12393009660376,-2.71210127729838,39.8590655189568,449,291.15,-5763.09594699511,6933.58829445778,-8.10191784173671,0.112340042955903,-6.04758502159359e-05,FALSE,TRUE,-1.8665628318217,0.154654322223139,-2.56144980225322,0.0771927450616157
"Anguilla japonica","Teleostei","Anguilliformes","Anguillidae","Anguilla","japonica",325.000000015809,0.325000000015809,0.123975956857723,"W",30,"C","J. G. Rubalcaba, W. C. E. P. Verberk, A. J. Hendriks. B. Saris, H. A. Woods, Oxygen limitation may affect the temperature and size dependence of metabolism in aquatic ectotherms. Proc. Natl. Acad. Sci. U.S.A. 117, 31963-3196 (2020).",-1.12393009660376,-2.08766762848611,38.2812697537333,462,303.15,-5763.09594699511,6933.58829445778,-8.10191784173671,0.112340042955903,-6.04758502159359e-05,FALSE,TRUE,-1.53412427817648,0.215644453059891,-2.229011248608,0.107634801599572
"Arapaima gigas","Teleostei","Osteoglossiformes","Osteoglossidae","Arapaima","gigas",2299.99999990683,2.29999999990683,0.192419107683111,"W",28,"C","J. G. Rubalcaba, W. C. E. P. Verberk, A. J. Hendriks. B. Saris, H. A. Woods, Oxygen limitation may affect the temperature and size dependence of metabolism in aquatic ectotherms. Proc. Natl. Acad. Sci. U.S.A. 117, 31963-3196 (2020).",0.832909122894596,-1.64807943339938,38.5355036554682,469,301.15,-5763.09594699511,6933.58829445778,-8.10191784173671,0.112340042955903,-6.04758502159359e-05,FALSE,TRUE,-0.0463972493563674,0.954662647732131,-1.31597988093768,0.268211379215595
"Arapaima gigas","Teleostei","Osteoglossiformes","Osteoglossidae","Arapaima","gigas",2299.99999990683,2.29999999990683,0.230902929219734,"W",28,"C","J. G. Rubalcaba, W. C. E. P. Verberk, A. J. Hendriks. B. Saris, H. A. Woods, Oxygen limitation may affect the temperature and size dependence of metabolism in aquatic ectotherms. Proc. Natl. Acad. Sci. U.S.A. 117, 31963-3196 (2020).",0.832909122894596,-1.46575787660543,38.5355036554682,471,301.15,-5763.09594699511,6933.58829445778,-8.10191784173671,0.112340042955903,-6.04758502159359e-05,FALSE,TRUE,-0.0463972493563674,0.954662647732131,-1.31597988093763,0.268211379215609
"Arapaima gigas","Teleostei","Osteoglossiformes","Osteoglossidae","Arapaima","gigas",2299.99999990683,2.29999999990683,0.223206164912409,"W",28,"C","J. G. Rubalcaba, W. C. E. P. Verberk, A. J. Hendriks. B. Saris, H. A. Woods, Oxygen limitation may affect the temperature and size dependence of metabolism in aquatic ectotherms. Proc. Natl. Acad. Sci. U.S.A. 117, 31963-3196 (2020).",0.832909122894596,-1.49965942828111,38.5355036554682,470,301.15,-5763.09594699511,6933.58829445778,-8.10191784173671,0.112340042955903,-6.04758502159359e-05,FALSE,TRUE,-0.0463972493563674,0.954662647732131,-1.31597988093767,0.268211379215599
"Chiloscyllium plagiosum","Chondrichthyes","Orectolobiformes","Hemiscylliidae","Chiloscyllium","plagiosum",879.999999695718,0.879999999695718,0.242021919536061,"W",23,"C","J. G. Rubalcaba, W. C. E. P. Verberk, A. J. Hendriks. B. Saris, H. A. Woods, Oxygen limitation may affect the temperature and size dependence of metabolism in aquatic ectotherms. Proc. Natl. Acad. Sci. U.S.A. 117, 31963-3196 (2020).",-0.12783337185566,-1.41872698033197,39.1861115172861,609,296.15,-5126.81836119685,-1622.5901421774,27.3461553712115,-1.52597053818329,0.00220570968968711,FALSE,TRUE,-0.940202613896957,0.390548696748101,-1.42438155188027,0.240657251219283
"Chiloscyllium plagiosum","Chondrichthyes","Orectolobiformes","Hemiscylliidae","Chiloscyllium","plagiosum",879.999999695718,0.879999999695718,0.21555077207625,"W",23,"C","J. G. Rubalcaba, W. C. E. P. Verberk, A. J. Hendriks. B. Saris, H. A. Woods, Oxygen limitation may affect the temperature and size dependence of metabolism in aquatic ectotherms. Proc. Natl. Acad. Sci. U.S.A. 117, 31963-3196 (2020).",-0.12783337185566,-1.53455879590606,39.1861115172861,608,296.15,-5126.81836119685,-1622.5901421774,27.3461553712115,-1.52597053818329,0.00220570968968711,FALSE,TRUE,-0.940202613896957,0.390548696748101,-1.42438155188024,0.24065725121929
"Chiloscyllium plagiosum","Chondrichthyes","Orectolobiformes","Hemiscylliidae","Chiloscyllium","plagiosum",879.999999695718,0.879999999695718,0.177734847116117,"W",23,"C","J. G. Rubalcaba, W. C. E. P. Verberk, A. J. Hendriks. B. Saris, H. A. Woods, Oxygen limitation may affect the temperature and size dependence of metabolism in aquatic ectotherms. Proc. Natl. Acad. Sci. U.S.A. 117, 31963-3196 (2020).",-0.12783337185566,-1.72746246222452,39.1861115172861,607,296.15,-5126.81836119685,-1622.5901421774,27.3461553712115,-1.52597053818329,0.00220570968968711,FALSE,TRUE,-0.940202613896957,0.390548696748101,-1.42438155188024,0.24065725121929
"Conger conger","Teleostei","Anguilliformes","Congridae","Conger","conger",148.299999990308,0.148299999990308,0.0977227595286157,"W",16,"C","J. G. Rubalcaba, W. C. E. P. Verberk, A. J. Hendriks. B. Saris, H. A. Woods, Oxygen limitation may affect the temperature and size dependence of metabolism in aquatic ectotherms. Proc. Natl. Acad. Sci. U.S.A. 117, 31963-3196 (2020).",-1.9085180299036,-2.3256207938528,40.1347637068797,782,289.15,-5763.09594699511,6933.58829445778,-8.10191784173671,0.112340042955903,-6.04758502159359e-05,FALSE,TRUE,-2.54262827480605,0.0786593893783533,-2.40331109942728,0.0904180738655005
"Conger conger","Teleostei","Anguilliformes","Congridae","Conger","conger",80.0000000014841,0.080000000001484,0.0602945214394744,"W",18.5,"C","J. G. Rubalcaba, W. C. E. P. Verberk, A. J. Hendriks. B. Saris, H. A. Woods, Oxygen limitation may affect the temperature and size dependence of metabolism in aquatic ectotherms. Proc. Natl. Acad. Sci. U.S.A. 117, 31963-3196 (2020).",-2.52572864428971,-2.80851403444333,39.7907317875682,780,291.65,-5763.09594699511,6933.58829445778,-8.10191784173671,0.112340042955903,-6.04758502159359e-05,FALSE,TRUE,-2.95628394532253,0.0520118373311915,-2.81696676994377,0.0597870157251218
"Conger conger","Teleostei","Anguilliformes","Congridae","Conger","conger",107.999999878906,0.107999999878906,0.0697693748101832,"W",18.5,"C","J. G. Rubalcaba, W. C. E. P. Verberk, A. J. Hendriks. B. Saris, H. A. Woods, Oxygen limitation may affect the temperature and size dependence of metabolism in aquatic ectotherms. Proc. Natl. Acad. Sci. U.S.A. 117, 31963-3196 (2020).",-2.22562405297916,-2.66256012179662,39.7907317875682,781,291.65,-5763.09594699511,6933.58829445778,-8.10191784173671,0.112340042955903,-6.04758502159359e-05,FALSE,TRUE,-2.71990821798327,0.065880800821687,-2.58059104260451,0.0757292315906644
"Conger conger","Teleostei","Anguilliformes","Congridae","Conger","conger",544.999999652839,0.544999999652839,0.332331075209582,"W",13,"C","J. G. Rubalcaba, W. C. E. P. Verberk, A. J. Hendriks. B. Saris, H. A. Woods, Oxygen limitation may affect the temperature and size dependence of metabolism in aquatic ectotherms. Proc. Natl. Acad. Sci. U.S.A. 117, 31963-3196 (2020).",-0.606969484955886,-1.10162359246701,40.5555370464591,784,286.15,-5763.09594699511,6933.58829445778,-8.10191784173671,0.112340042955903,-6.04758502159359e-05,FALSE,TRUE,-1.60612687561579,0.200663304871104,-1.46680970023705,0.230660187745159
"Conger conger","Teleostei","Anguilliformes","Congridae","Conger","conger",160.000000126762,0.160000000126762,0.0895804318727153,"W",18.5,"C","J. G. Rubalcaba, W. C. E. P. Verberk, A. J. Hendriks. B. Saris, H. A. Woods, Oxygen limitation may affect the temperature and size dependence of metabolism in aquatic ectotherms. Proc. Natl. Acad. Sci. U.S.A. 117, 31963-3196 (2020).",-1.83258146295605,-2.41261837713049,39.7907317875682,783,291.65,-5763.09594699511,6933.58829445778,-8.10191784173671,0.112340042955903,-6.04758502159359e-05,FALSE,TRUE,-2.41033038817964,0.0897856255619853,-2.27101321280084,0.103207555872003
"Engraulis japonicus","Teleostei","Clupeiformes","Engraulidae","Engraulis","japonicus",628.789999627078,0.628789999627078,1.22304555914015,"W",16.2,"C","J. G. Rubalcaba, W. C. E. P. Verberk, A. J. Hendriks. B. Saris, H. A. Woods, Oxygen limitation may affect the temperature and size dependence of metabolism in aquatic ectotherms. Proc. Natl. Acad. Sci. U.S.A. 117, 31963-3196 (2020).",-0.463957941894567,0.201344107965531,40.107022380661,839,289.35,-5763.09594699511,6933.58829445778,-8.10191784173671,0.112340042955903,-6.04758502159359e-05,FALSE,TRUE,-1.39898343864291,0.246847772345391,1.00783780301785,2.73967089813879
"Engraulis japonicus","Teleostei","Clupeiformes","Engraulidae","Engraulis","japonicus",634.3499997041,0.6343499997041,1.53274558060504,"W",16.2,"C","J. G. Rubalcaba, W. C. E. P. Verberk, A. J. Hendriks. B. Saris, H. A. Woods, Oxygen limitation may affect the temperature and size dependence of metabolism in aquatic ectotherms. Proc. Natl. Acad. Sci. U.S.A. 117, 31963-3196 (2020).",-0.455154426861991,0.427060624345486,40.107022380661,840,289.35,-5763.09594699511,6933.58829445778,-8.10191784173671,0.112340042955903,-6.04758502159359e-05,FALSE,TRUE,-1.39204939854749,0.248565372769426,1.01477184311327,2.75873390142882
"Engraulis japonicus","Teleostei","Clupeiformes","Engraulidae","Engraulis","japonicus",300.64999987434,0.30064999987434,21.4119465356799,"W",16.2,"C","J. G. Rubalcaba, W. C. E. P. Verberk, A. J. Hendriks. B. Saris, H. A. Woods, Oxygen limitation may affect the temperature and size dependence of metabolism in aquatic ectotherms. Proc. Natl. Acad. Sci. U.S.A. 117, 31963-3196 (2020).",-1.20180848191452,3.06394901559545,40.107022380661,834,289.35,-5763.09594699511,6933.58829445778,-8.10191784173671,0.112340042955903,-6.04758502159359e-05,FALSE,TRUE,-1.98014734987548,0.138048894324772,0.426673891785299,1.53215293258806
"Engraulis japonicus","Teleostei","Clupeiformes","Engraulidae","Engraulis","japonicus",262.359999861057,0.262359999861057,0.554685487752051,"W",16.2,"C","J. G. Rubalcaba, W. C. E. P. Verberk, A. J. Hendriks. B. Saris, H. A. Woods, Oxygen limitation may affect the temperature and size dependence of metabolism in aquatic ectotherms. Proc. Natl. Acad. Sci. U.S.A. 117, 31963-3196 (2020).",-1.33803767308619,-0.589354014599495,40.107022380661,831,289.35,-5763.09594699511,6933.58829445778,-8.10191784173671,0.112340042955903,-6.04758502159359e-05,FALSE,TRUE,-2.08744752148373,0.124003247837311,0.319373720177031,1.37626556702008
"Engraulis japonicus","Teleostei","Clupeiformes","Engraulidae","Engraulis","japonicus",394.600000076166,0.394600000076166,0.500561579849093,"W",16.2,"C","J. G. Rubalcaba, W. C. E. P. Verberk, A. J. Hendriks. B. Saris, H. A. Woods, Oxygen limitation may affect the temperature and size dependence of metabolism in aquatic ectotherms. Proc. Natl. Acad. Sci. U.S.A. 117, 31963-3196 (2020).",-0.929882685200601,-0.692024651133726,40.107022380661,835,289.35,-5763.09594699511,6933.58829445778,-8.10191784173671,0.112340042955903,-6.04758502159359e-05,FALSE,TRUE,-1.7659664947947,0.171021415274962,0.64085474686609,1.89810258336764
"Engraulis japonicus","Teleostei","Clupeiformes","Engraulidae","Engraulis","japonicus",394.600000076166,0.394600000076166,9.4629974886288,"W",16.2,"C","J. G. Rubalcaba, W. C. E. P. Verberk, A. J. Hendriks. B. Saris, H. A. Woods, Oxygen limitation may affect the temperature and size dependence of metabolism in aquatic ectotherms. Proc. Natl. Acad. Sci. U.S.A. 117, 31963-3196 (2020).",-0.929882685200601,2.24738919213758,40.107022380661,836,289.35,-5763.09594699511,6933.58829445778,-8.10191784173671,0.112340042955903,-6.04758502159359e-05,FALSE,TRUE,-1.7659664947947,0.171021415274962,0.640854746866089,1.89810258336763
"Engraulis japonicus","Teleostei","Clupeiformes","Engraulidae","Engraulis","japonicus",300.64999987434,0.30064999987434,4.93982142260759,"W",16.2,"C","J. G. Rubalcaba, W. C. E. P. Verberk, A. J. Hendriks. B. Saris, H. A. Woods, Oxygen limitation may affect the temperature and size dependence of metabolism in aquatic ectotherms. Proc. Natl. Acad. Sci. U.S.A. 117, 31963-3196 (2020).",-1.20180848191452,1.59732918127671,40.107022380661,833,289.35,-5763.09594699511,6933.58829445778,-8.10191784173671,0.112340042955903,-6.04758502159359e-05,FALSE,TRUE,-1.98014734987548,0.138048894324772,0.426673891785277,1.53215293258803
"Engraulis japonicus","Teleostei","Clupeiformes","Engraulidae","Engraulis","japonicus",628.789999627078,0.628789999627078,1.03313165235022,"W",16.2,"C","J. G. Rubalcaba, W. C. E. P. Verberk, A. J. Hendriks. B. Saris, H. A. Woods, Oxygen limitation may affect the temperature and size dependence of metabolism in aquatic ectotherms. Proc. Natl. Acad. Sci. U.S.A. 117, 31963-3196 (2020).",-0.463957941894567,0.0325946286288968,40.107022380661,838,289.35,-5763.09594699511,6933.58829445778,-8.10191784173671,0.112340042955903,-6.04758502159359e-05,FALSE,TRUE,-1.39898343864291,0.246847772345391,1.00783780301787,2.73967089813883
"Engraulis japonicus","Teleostei","Clupeiformes","Engraulidae","Engraulis","japonicus",634.3499997041,0.6343499997041,2.87389796298705,"W",16.2,"C","J. G. Rubalcaba, W. C. E. P. Verberk, A. J. Hendriks. B. Saris, H. A. Woods, Oxygen limitation may affect the temperature and size dependence of metabolism in aquatic ectotherms. Proc. Natl. Acad. Sci. U.S.A. 117, 31963-3196 (2020).",-0.455154426861991,1.05566928354259,40.107022380661,843,289.35,-5763.09594699511,6933.58829445778,-8.10191784173671,0.112340042955903,-6.04758502159359e-05,FALSE,TRUE,-1.39204939854749,0.248565372769426,1.01477184311327,2.75873390142883
"Engraulis japonicus","Teleostei","Clupeiformes","Engraulidae","Engraulis","japonicus",634.3499997041,0.6343499997041,10.1927581067938,"W",16.2,"C","J. G. Rubalcaba, W. C. E. P. Verberk, A. J. Hendriks. B. Saris, H. A. Woods, Oxygen limitation may affect the temperature and size dependence of metabolism in aquatic ectotherms. Proc. Natl. Acad. Sci. U.S.A. 117, 31963-3196 (2020).",-0.455154426861991,2.32167747859828,40.107022380661,844,289.35,-5763.09594699511,6933.58829445778,-8.10191784173671,0.112340042955903,-6.04758502159359e-05,FALSE,TRUE,-1.39204939854749,0.248565372769426,1.01477184311327,2.75873390142884
"Engraulis japonicus","Teleostei","Clupeiformes","Engraulidae","Engraulis","japonicus",628.789999627078,0.628789999627078,0.793840129812178,"W",16.2,"C","J. G. Rubalcaba, W. C. E. P. Verberk, A. J. Hendriks. B. Saris, H. A. Woods, Oxygen limitation may affect the temperature and size dependence of metabolism in aquatic ectotherms. Proc. Natl. Acad. Sci. U.S.A. 117, 31963-3196 (2020).",-0.463957941894567,-0.230873185851804,40.107022380661,837,289.35,-5763.09594699511,6933.58829445778,-8.10191784173671,0.112340042955903,-6.04758502159359e-05,FALSE,TRUE,-1.39898343864291,0.246847772345391,1.00783780301785,2.7396708981388
"Engraulis japonicus","Teleostei","Clupeiformes","Engraulidae","Engraulis","japonicus",634.3499997041,0.6343499997041,2.80109254793852,"W",16.2,"C","J. G. Rubalcaba, W. C. E. P. Verberk, A. J. Hendriks. B. Saris, H. A. Woods, Oxygen limitation may affect the temperature and size dependence of metabolism in aquatic ectotherms. Proc. Natl. Acad. Sci. U.S.A. 117, 31963-3196 (2020).",-0.455154426861991,1.03000953676694,40.107022380661,842,289.35,-5763.09594699511,6933.58829445778,-8.10191784173671,0.112340042955903,-6.04758502159359e-05,FALSE,TRUE,-1.39204939854749,0.248565372769426,1.01477184311329,2.75873390142888
"Engraulis japonicus","Teleostei","Clupeiformes","Engraulidae","Engraulis","japonicus",243.620000079322,0.243620000079321,4.28239836818674,"W",16.2,"C","J. G. Rubalcaba, W. C. E. P. Verberk, A. J. Hendriks. B. Saris, H. A. Woods, Oxygen limitation may affect the temperature and size dependence of metabolism in aquatic ectotherms. Proc. Natl. Acad. Sci. U.S.A. 117, 31963-3196 (2020).",-1.41214564438473,1.45451321904586,40.107022380661,830,289.35,-5763.09594699511,6933.58829445778,-8.10191784173671,0.112340042955903,-6.04758502159359e-05,FALSE,TRUE,-2.14581825663587,0.116972284526375,0.261002985024892,1.29823154068137
"Engraulis japonicus","Teleostei","Clupeiformes","Engraulidae","Engraulis","japonicus",634.3499997041,0.6343499997041,1.83929469655341,"W",16.2,"C","J. G. Rubalcaba, W. C. E. P. Verberk, A. J. Hendriks. B. Saris, H. A. Woods, Oxygen limitation may affect the temperature and size dependence of metabolism in aquatic ectotherms. Proc. Natl. Acad. Sci. U.S.A. 117, 31963-3196 (2020).",-0.455154426861991,0.609382181045579,40.107022380661,841,289.35,-5763.09594699511,6933.58829445778,-8.10191784173671,0.112340042955903,-6.04758502159359e-05,FALSE,TRUE,-1.39204939854749,0.248565372769426,1.01477184311329,2.75873390142889
"Engraulis japonicus","Teleostei","Clupeiformes","Engraulidae","Engraulis","japonicus",262.359999861057,0.262359999861057,3.97788735506624,"W",16.2,"C","J. G. Rubalcaba, W. C. E. P. Verberk, A. J. Hendriks. B. Saris, H. A. Woods, Oxygen limitation may affect the temperature and size dependence of metabolism in aquatic ectotherms. Proc. Natl. Acad. Sci. U.S.A. 117, 31963-3196 (2020).",-1.33803767308619,1.38075086305404,40.107022380661,832,289.35,-5763.09594699511,6933.58829445778,-8.10191784173671,0.112340042955903,-6.04758502159359e-05,FALSE,TRUE,-2.08744752148373,0.124003247837311,0.319373720177042,1.37626556702009
"Gilchristella aestuaria","Teleostei","Clupeiformes","Clupeidae","Gilchristella","aestuaria",0.870000000764002,0.000870000000764,0.0014641527671704,"W",20,"C","J. G. Rubalcaba, W. C. E. P. Verberk, A. J. Hendriks. B. Saris, H. A. Woods, Oxygen limitation may affect the temperature and size dependence of metabolism in aquatic ectotherms. Proc. Natl. Acad. Sci. U.S.A. 117, 31963-3196 (2020).",-7.04701734543748,-6.5264785197269,39.5871292029482,1125,293.15,-5763.09594699511,6933.58829445778,-8.10191784173671,0.112340042955903,-6.04758502159359e-05,FALSE,TRUE,-6.47455339636551,0.00154218753012951,-6.47869153377528,0.00153581893237259
"Gilchristella aestuaria","Teleostei","Clupeiformes","Clupeidae","Gilchristella","aestuaria",1.31999999937434,0.0013199999993743,0.0018523262829966,"W",20,"C","J. G. Rubalcaba, W. C. E. P. Verberk, A. J. Hendriks. B. Saris, H. A. Woods, Oxygen limitation may affect the temperature and size dependence of metabolism in aquatic ectotherms. Proc. Natl. Acad. Sci. U.S.A. 117, 31963-3196 (2020).",-6.63012354285787,-6.29131297955193,39.5871292029482,1126,293.15,-5763.09594699511,6933.58829445778,-8.10191784173671,0.112340042955903,-6.04758502159359e-05,FALSE,TRUE,-6.14618929044613,0.00214162735978295,-6.15032742785592,0.00213278332302785
"Gilchristella aestuaria","Teleostei","Clupeiformes","Clupeidae","Gilchristella","aestuaria",0.119999999986841,0.0001199999999868,0.0002894331733333,"W",15,"C","J. G. Rubalcaba, W. C. E. P. Verberk, A. J. Hendriks. B. Saris, H. A. Woods, Oxygen limitation may affect the temperature and size dependence of metabolism in aquatic ectotherms. Proc. Natl. Acad. Sci. U.S.A. 117, 31963-3196 (2020).",-9.02801881529223,-8.14758612237038,40.2740479814134,1117,288.15,-5763.09594699511,6933.58829445778,-8.10191784173671,0.112340042955903,-6.04758502159359e-05,FALSE,TRUE,-8.17961076033002,0.000280311027068521,-8.18374889773983,0.000279153458262283
"Gilchristella aestuaria","Teleostei","Clupeiformes","Clupeidae","Gilchristella","aestuaria",0.0499999999613143,4.99999999613144e-05,0.0001273326358333,"W",15,"C","J. G. Rubalcaba, W. C. E. P. Verberk, A. J. Hendriks. B. Saris, H. A. Woods, Oxygen limitation may affect the temperature and size dependence of metabolism in aquatic ectotherms. Proc. Natl. Acad. Sci. U.S.A. 117, 31963-3196 (2020).",-9.90348755330984,-8.96870771578976,40.2740479814134,1112,288.15,-5763.09594699511,6933.58829445778,-8.10191784173671,0.112340042955903,-6.04758502159359e-05,FALSE,TRUE,-8.86916888674191,0.000140659443035678,-8.8733070241517,0.000140078577611785
"Gilchristella aestuaria","Teleostei","Clupeiformes","Clupeidae","Gilchristella","aestuaria",0.119999999986841,0.0001199999999868,0.0003385843884127,"W",20,"C","J. G. Rubalcaba, W. C. E. P. Verberk, A. J. Hendriks. B. Saris, H. A. Woods, Oxygen limitation may affect the temperature and size dependence of metabolism in aquatic ectotherms. Proc. Natl. Acad. Sci. U.S.A. 117, 31963-3196 (2020).",-9.02801881529223,-7.9907371956108,39.5871292029482,1118,293.15,-5763.09594699511,6933.58829445778,-8.10191784173671,0.112340042955903,-6.04758502159359e-05,FALSE,TRUE,-8.03487828593884,0.00032396395902423,-8.03901642334864,0.000322626121632559
"Gilchristella aestuaria","Teleostei","Clupeiformes","Clupeidae","Gilchristella","aestuaria",0.789999999471675,0.0007899999994716,0.0009932586858333,"W",15,"C","J. G. Rubalcaba, W. C. E. P. Verberk, A. J. Hendriks. B. Saris, H. A. Woods, Oxygen limitation may affect the temperature and size dependence of metabolism in aquatic ectotherms. Proc. Natl. Acad. Sci. U.S.A. 117, 31963-3196 (2020).",-7.14347761317207,-6.91451941844669,40.2740479814134,1123,288.15,-5763.09594699511,6933.58829445778,-8.10191784173671,0.112340042955903,-6.04758502159359e-05,FALSE,TRUE,-6.69526226900348,0.00123675746857396,-6.6994004064133,0.00123165017086443
"Gilchristella aestuaria","Teleostei","Clupeiformes","Clupeidae","Gilchristella","aestuaria",0.829999999281268,0.0008299999992812,0.0015617759111111,"W",25,"C","J. G. Rubalcaba, W. C. E. P. Verberk, A. J. Hendriks. B. Saris, H. A. Woods, Oxygen limitation may affect the temperature and size dependence of metabolism in aquatic ectotherms. Proc. Natl. Acad. Sci. U.S.A. 117, 31963-3196 (2020).",-7.09408485803965,-6.46193170065341,38.9232497932056,1124,298.15,-5763.09594699511,6933.58829445778,-8.10191784173671,0.112340042955903,-6.04758502159359e-05,FALSE,TRUE,-6.37174773984338,0.00170916943012216,-6.37588587725317,0.00170211126606217
"Gilchristella aestuaria","Teleostei","Clupeiformes","Clupeidae","Gilchristella","aestuaria",1.37999999872504,0.001379999998725,0.0023606251444444,"W",25,"C","J. G. Rubalcaba, W. C. E. P. Verberk, A. J. Hendriks. B. Saris, H. A. Woods, Oxygen limitation may affect the temperature and size dependence of metabolism in aquatic ectotherms. Proc. Natl. Acad. Sci. U.S.A. 117, 31963-3196 (2020).",-6.58567178073694,-6.04882880330851,38.9232497932056,1128,298.15,-5763.09594699511,6933.58829445778,-8.10191784173671,0.112340042955903,-6.04758502159359e-05,FALSE,TRUE,-5.97129898159073,0.00255092566043235,-5.97543711900054,0.00254039139068769
"Gilchristella aestuaria","Teleostei","Clupeiformes","Clupeidae","Gilchristella","aestuaria",0.0899999999089575,8.99999999089575e-05,0.0002323647767154,"W",20,"C","J. G. Rubalcaba, W. C. E. P. Verberk, A. J. Hendriks. B. Saris, H. A. Woods, Oxygen limitation may affect the temperature and size dependence of metabolism in aquatic ectotherms. Proc. Natl. Acad. Sci. U.S.A. 117, 31963-3196 (2020).",-9.31570088864559,-8.36720210766013,39.5871292029482,1116,293.15,-5763.09594699511,6933.58829445778,-8.10191784173671,0.112340042955903,-6.04758502159359e-05,FALSE,TRUE,-8.26146948547502,0.000258279174727238,-8.26560762288481,0.000257212588374607
"Gilchristella aestuaria","Teleostei","Clupeiformes","Clupeidae","Gilchristella","aestuaria",0.0499999999613143,4.99999999613144e-05,0.0001420756012388,"W",20,"C","J. G. Rubalcaba, W. C. E. P. Verberk, A. J. Hendriks. B. Saris, H. A. Woods, Oxygen limitation may affect the temperature and size dependence of metabolism in aquatic ectotherms. Proc. Natl. Acad. Sci. U.S.A. 117, 31963-3196 (2020).",-9.90348755330984,-8.85915123894911,39.5871292029482,1113,293.15,-5763.09594699511,6933.58829445778,-8.10191784173671,0.112340042955903,-6.04758502159359e-05,FALSE,TRUE,-8.72443641235073,0.000162564386126851,-8.72857454976056,0.000161893062332157
"Gilchristella aestuaria","Teleostei","Clupeiformes","Clupeidae","Gilchristella","aestuaria",0.0499999999613143,4.99999999613144e-05,0.0001485676317377,"W",20,"C","J. G. Rubalcaba, W. C. E. P. Verberk, A. J. Hendriks. B. Saris, H. A. Woods, Oxygen limitation may affect the temperature and size dependence of metabolism in aquatic ectotherms. Proc. Natl. Acad. Sci. U.S.A. 117, 31963-3196 (2020).",-9.90348755330984,-8.81447027082235,39.5871292029482,1114,293.15,-5763.09594699511,6933.58829445778,-8.10191784173671,0.112340042955903,-6.04758502159359e-05,FALSE,TRUE,-8.72443641235073,0.000162564386126851,-8.7285745497605,0.000161893062332166
"Gilchristella aestuaria","Teleostei","Clupeiformes","Clupeidae","Gilchristella","aestuaria",0.0499999999613143,4.99999999613144e-05,8.85234441666667e-05,"W",15,"C","J. G. Rubalcaba, W. C. E. P. Verberk, A. J. Hendriks. B. Saris, H. A. Woods, Oxygen limitation may affect the temperature and size dependence of metabolism in aquatic ectotherms. Proc. Natl. Acad. Sci. U.S.A. 117, 31963-3196 (2020).",-9.90348755330984,-9.33224313519371,40.2740479814134,1111,288.15,-5763.09594699511,6933.58829445778,-8.10191784173671,0.112340042955903,-6.04758502159359e-05,FALSE,TRUE,-8.86916888674191,0.000140659443035678,-8.87330702415171,0.000140078577611785
"Gilchristella aestuaria","Teleostei","Clupeiformes","Clupeidae","Gilchristella","aestuaria",0.149999999980768,0.0001499999999807,0.0003685476132363,"W",20,"C","J. G. Rubalcaba, W. C. E. P. Verberk, A. J. Hendriks. B. Saris, H. A. Woods, Oxygen limitation may affect the temperature and size dependence of metabolism in aquatic ectotherms. Proc. Natl. Acad. Sci. U.S.A. 117, 31963-3196 (2020).",-8.80487526399668,-7.90594064644193,39.5871292029482,1121,293.15,-5763.09594699511,6933.58829445778,-8.10191784173671,0.112340042955903,-6.04758502159359e-05,FALSE,TRUE,-7.85912049760174,0.000386213397652551,-7.86325863501157,0.000384618495781046
"Gilchristella aestuaria","Teleostei","Clupeiformes","Clupeidae","Gilchristella","aestuaria",0.759999999508625,0.0007599999995086,0.0010969209258333,"W",15,"C","J. G. Rubalcaba, W. C. E. P. Verberk, A. J. Hendriks. B. Saris, H. A. Woods, Oxygen limitation may affect the temperature and size dependence of metabolism in aquatic ectotherms. Proc. Natl. Acad. Sci. U.S.A. 117, 31963-3196 (2020).",-7.18219212533048,-6.81524818248098,40.2740479814134,1122,288.15,-5763.09594699511,6933.58829445778,-8.10191784173671,0.112340042955903,-6.04758502159359e-05,FALSE,TRUE,-6.7257555411326,0.00119961387940049,-6.72989367854239,0.00119465996937833
"Gilchristella aestuaria","Teleostei","Clupeiformes","Clupeidae","Gilchristella","aestuaria",0.119999999986841,0.0001199999999868,0.0004334033111111,"W",25,"C","J. G. Rubalcaba, W. C. E. P. Verberk, A. J. Hendriks. B. Saris, H. A. Woods, Oxygen limitation may affect the temperature and size dependence of metabolism in aquatic ectotherms. Proc. Natl. Acad. Sci. U.S.A. 117, 31963-3196 (2020).",-9.02801881529223,-7.74384182904094,38.9232497932056,1119,298.15,-5763.09594699511,6933.58829445778,-8.10191784173671,0.112340042955903,-6.04758502159359e-05,FALSE,TRUE,-7.89500016252507,0.000372601839631983,-7.89913829993483,0.000371063147875151
"Gilchristella aestuaria","Teleostei","Clupeiformes","Clupeidae","Gilchristella","aestuaria",0.149999999980768,0.0001499999999807,0.000275192445,"W",15,"C","J. G. Rubalcaba, W. C. E. P. Verberk, A. J. Hendriks. B. Saris, H. A. Woods, Oxygen limitation may affect the temperature and size dependence of metabolism in aquatic ectotherms. Proc. Natl. Acad. Sci. U.S.A. 117, 31963-3196 (2020).",-8.80487526399668,-8.19803990504355,40.2740479814134,1120,288.15,-5763.09594699511,6933.58829445778,-8.10191784173671,0.112340042955903,-6.04758502159359e-05,FALSE,TRUE,-8.00385297199291,0.000334172586634901,-8.00799110940272,0.000332792591826162
"Gilchristella aestuaria","Teleostei","Clupeiformes","Clupeidae","Gilchristella","aestuaria",0.0499999999613143,4.99999999613144e-05,0.00019827385,"W",25,"C","J. G. Rubalcaba, W. C. E. P. Verberk, A. J. Hendriks. B. Saris, H. A. Woods, Oxygen limitation may affect the temperature and size dependence of metabolism in aquatic ectotherms. Proc. Natl. Acad. Sci. U.S.A. 117, 31963-3196 (2020).",-9.90348755330984,-8.52586140203693,38.9232497932056,1115,298.15,-5763.09594699511,6933.58829445778,-8.10191784173671,0.112340042955903,-6.04758502159359e-05,FALSE,TRUE,-8.58455828893696,0.000186970765241755,-8.58869642634674,0.000186198653178296
"Gilchristella aestuaria","Teleostei","Clupeiformes","Clupeidae","Gilchristella","aestuaria",1.37999999872504,0.001379999998725,0.0018058782408333,"W",15,"C","J. G. Rubalcaba, W. C. E. P. Verberk, A. J. Hendriks. B. Saris, H. A. Woods, Oxygen limitation may affect the temperature and size dependence of metabolism in aquatic ectotherms. Proc. Natl. Acad. Sci. U.S.A. 117, 31963-3196 (2020).",-6.58567178073694,-6.31670824551079,40.2740479814134,1127,288.15,-5763.09594699511,6933.58829445778,-8.10191784173671,0.112340042955903,-6.04758502159359e-05,FALSE,TRUE,-6.25590957939568,0.0019190796066855,-6.26004771680552,0.00191115460026448
"Gilchristella aestuaria","Teleostei","Clupeiformes","Clupeidae","Gilchristella","aestuaria",1.43999999968418,0.0014399999996841,0.0021070136547484,"W",20,"C","J. G. Rubalcaba, W. C. E. P. Verberk, A. J. Hendriks. B. Saris, H. A. Woods, Oxygen limitation may affect the temperature and size dependence of metabolism in aquatic ectotherms. Proc. Natl. Acad. Sci. U.S.A. 117, 31963-3196 (2020).",-6.5431121656136,-6.16248366352214,39.5871292029482,1130,293.15,-5763.09594699511,6933.58829445778,-8.10191784173671,0.112340042955903,-6.04758502159359e-05,FALSE,TRUE,-6.07765525871709,0.00229354813008404,-6.08179339612692,0.00228407672327296
"Gilchristella aestuaria","Teleostei","Clupeiformes","Clupeidae","Gilchristella","aestuaria",1.43999999968418,0.0014399999996841,0.0015056683033333,"W",15,"C","J. G. Rubalcaba, W. C. E. P. Verberk, A. J. Hendriks. B. Saris, H. A. Woods, Oxygen limitation may affect the temperature and size dependence of metabolism in aquatic ectotherms. Proc. Natl. Acad. Sci. U.S.A. 117, 31963-3196 (2020).",-6.5431121656136,-6.49851842397374,40.2740479814134,1129,288.15,-5763.09594699511,6933.58829445778,-8.10191784173671,0.112340042955903,-6.04758502159359e-05,FALSE,TRUE,-6.22238773310827,0.00198450109670027,-6.22652587051819,0.00197630592653673
"Gnathonemus petersii","Teleostei","Osteoglossiformes","Mormyridae","Gnathonemus","petersii",5.84999999889302,0.005849999998893,0.0022071567547251,"W",26,"C","J. G. Rubalcaba, W. C. E. P. Verberk, A. J. Hendriks. B. Saris, H. A. Woods, Oxygen limitation may affect the temperature and size dependence of metabolism in aquatic ectotherms. Proc. Natl. Acad. Sci. U.S.A. 117, 31963-3196 (2020).",-5.1413136179276,-6.11605012807432,38.7931369742412,1211,299.15,-5763.09594699511,6933.58829445778,-8.10191784173671,0.112340042955903,-6.04758502159359e-05,FALSE,TRUE,-4.80624371273854,0.0081785229532145,-5.38778884241639,0.00457207173813773
"Ichthyomyzon fossor","Cephalaspidomorphi","Petromyzontiformes","Petromyzontidae","Ichthyomyzon","fossor",3.78000000141675,0.0037800000014167,0.0031923996732403,"W",18,"C","J. G. Rubalcaba, W. C. E. P. Verberk, A. J. Hendriks. B. Saris, H. A. Woods, Oxygen limitation may affect the temperature and size dependence of metabolism in aquatic ectotherms. Proc. Natl. Acad. Sci. U.S.A. 117, 31963-3196 (2020).",-5.57803126897585,-5.74698239631793,39.8590655189568,1244,291.15,-5126.81836119685,-1622.5901421774,27.3461553712044,-1.52597053816768,0.00220570966094921,FALSE,TRUE,-5.37481107175841,0.00463179372751947,-5.53591928433519,0.00394258261513262
"Lampetra fluviatilis","Cephalaspidomorphi","Petromyzontiformes","Petromyzontidae","Lampetra","fluviatilis",1.42999999846869,0.0014299999984686,0.0005350777836985,"W",4.8,"C","J. G. Rubalcaba, W. C. E. P. Verberk, A. J. Hendriks. B. Saris, H. A. Woods, Oxygen limitation may affect the temperature and size dependence of metabolism in aquatic ectotherms. Proc. Natl. Acad. Sci. U.S.A. 117, 31963-3196 (2020).",-6.55008083578123,-7.53309843154573,41.7519946963276,1357,277.95,-5126.81836119685,-1622.5901421774,27.3461553712044,-1.52597053816768,0.00220570966094921,FALSE,TRUE,-6.53927711724667,0.0014455330723504,-7.0319065369277,0.00088324623276777
"Lampetra fluviatilis","Cephalaspidomorphi","Petromyzontiformes","Petromyzontidae","Lampetra","fluviatilis",1.42999999846869,0.0014299999984686,0.0005184536050994,"W",10,"C","J. G. Rubalcaba, W. C. E. P. Verberk, A. J. Hendriks. B. Saris, H. A. Woods, Oxygen limitation may affect the temperature and size dependence of metabolism in aquatic ectotherms. Proc. Natl. Acad. Sci. U.S.A. 117, 31963-3196 (2020).",-6.55008083578123,-7.56466001337359,40.9852266496354,1359,283.15,-5126.81836119685,-1622.5901421774,27.3461553712044,-1.52597053816768,0.00220570966094921,FALSE,TRUE,-6.37772055457734,0.00169899130405604,-6.87034997425835,0.00103811368796477
"Lampetra fluviatilis","Cephalaspidomorphi","Petromyzontiformes","Petromyzontidae","Lampetra","fluviatilis",1.42999999846869,0.0014299999984686,0.0005773687877647,"W",10,"C","J. G. Rubalcaba, W. C. E. P. Verberk, A. J. Hendriks. B. Saris, H. A. Woods, Oxygen limitation may affect the temperature and size dependence of metabolism in aquatic ectotherms. Proc. Natl. Acad. Sci. U.S.A. 117, 31963-3196 (2020).",-6.55008083578123,-7.45702934871767,40.9852266496354,1360,283.15,-5126.81836119685,-1622.5901421774,27.3461553712044,-1.52597053816768,0.00220570966094921,FALSE,TRUE,-6.37772055457734,0.00169899130405604,-6.87034997425835,0.00103811368796478
"Lampetra fluviatilis","Cephalaspidomorphi","Petromyzontiformes","Petromyzontidae","Lampetra","fluviatilis",23.2999999986041,0.023299999998604,0.0159222617644331,"W",16,"C","J. G. Rubalcaba, W. C. E. P. Verberk, A. J. Hendriks. B. Saris, H. A. Woods, Oxygen limitation may affect the temperature and size dependence of metabolism in aquatic ectotherms. Proc. Natl. Acad. Sci. U.S.A. 117, 31963-3196 (2020).",-3.7593019184704,-4.14003703802676,40.1347637068797,1363,289.15,-5126.81836119685,-1622.5901421774,27.3461553712044,-1.52597053816768,0.00220570966094921,FALSE,TRUE,-4.00038800416345,0.0183085337230951,-4.49301742384444,0.0111868374011897
"Lampetra fluviatilis","Cephalaspidomorphi","Petromyzontiformes","Petromyzontidae","Lampetra","fluviatilis",28.599999991502,0.028599999991502,0.0151815495618418,"W",16,"C","J. G. Rubalcaba, W. C. E. P. Verberk, A. J. Hendriks. B. Saris, H. A. Woods, Oxygen limitation may affect the temperature and size dependence of metabolism in aquatic ectotherms. Proc. Natl. Acad. Sci. U.S.A. 117, 31963-3196 (2020).",-3.55434856145346,-4.18767443305166,40.1347637068797,1364,289.15,-5126.81836119685,-1622.5901421774,27.3461553712044,-1.52597053816768,0.00220570966094921,FALSE,TRUE,-3.83895762209585,0.0215160174812254,-4.33158704177687,0.0131466666159066
"Lampetra fluviatilis","Cephalaspidomorphi","Petromyzontiformes","Petromyzontidae","Lampetra","fluviatilis",33.2000000226252,0.0332000000226251,0.0153950992082299,"W",16,"C","J. G. Rubalcaba, W. C. E. P. Verberk, A. J. Hendriks. B. Saris, H. A. Woods, Oxygen limitation may affect the temperature and size dependence of metabolism in aquatic ectotherms. Proc. Natl. Acad. Sci. U.S.A. 117, 31963-3196 (2020).",-3.40520540237822,-4.17370605344132,40.1347637068797,1369,289.15,-5126.81836119685,-1622.5901421774,27.3461553712044,-1.52597053816768,0.00220570966094921,FALSE,TRUE,-3.72148583484283,0.02419798690937,-4.21411525452383,0.0147853972953478
"Lampetra fluviatilis","Cephalaspidomorphi","Petromyzontiformes","Petromyzontidae","Lampetra","fluviatilis",30.3000000347234,0.0303000000347233,0.0104959526963832,"W",9.5,"C","J. G. Rubalcaba, W. C. E. P. Verberk, A. J. Hendriks. B. Saris, H. A. Woods, Oxygen limitation may affect the temperature and size dependence of metabolism in aquatic ectotherms. Proc. Natl. Acad. Sci. U.S.A. 117, 31963-3196 (2020).",-3.49660756532083,-4.55676555361381,41.0577283773015,1366,282.65,-5126.81836119685,-1622.5901421774,27.3461553712044,-1.52597053816768,0.00220570966094921,FALSE,TRUE,-3.987945137632,0.0185377675700944,-4.48057455731301,0.0113269033295709
"Lampetra fluviatilis","Cephalaspidomorphi","Petromyzontiformes","Petromyzontidae","Lampetra","fluviatilis",32.8000000217754,0.0328000000217753,0.0099763510760769,"W",9.5,"C","J. G. Rubalcaba, W. C. E. P. Verberk, A. J. Hendriks. B. Saris, H. A. Woods, Oxygen limitation may affect the temperature and size dependence of metabolism in aquatic ectotherms. Proc. Natl. Acad. Sci. U.S.A. 117, 31963-3196 (2020).",-3.41732676292816,-4.60753787915497,41.0577283773015,1367,282.65,-5126.81836119685,-1622.5901421774,27.3461553712044,-1.52597053816768,0.00220570966094921,FALSE,TRUE,-3.92550005057828,0.0197322672723888,-4.41812947025929,0.0120567637404283
"Lampetra fluviatilis","Cephalaspidomorphi","Petromyzontiformes","Petromyzontidae","Lampetra","fluviatilis",29.2999999761097,0.0292999999761097,0.0113873018190653,"W",9.5,"C","J. G. Rubalcaba, W. C. E. P. Verberk, A. J. Hendriks. B. Saris, H. A. Woods, Oxygen limitation may affect the temperature and size dependence of metabolism in aquatic ectotherms. Proc. Natl. Acad. Sci. U.S.A. 117, 31963-3196 (2020).",-3.53016776377448,-4.47525641992267,41.0577283773015,1365,282.65,-5126.81836119685,-1622.5901421774,27.3461553712044,-1.52597053816768,0.00220570966094921,FALSE,TRUE,-4.01437864297922,0.0180541691510104,-4.50700806266022,0.0110314161560165
"Lampetra fluviatilis","Cephalaspidomorphi","Petromyzontiformes","Petromyzontidae","Lampetra","fluviatilis",1.42999999846869,0.0014299999984686,0.0004978403681201,"W",9.4,"C","J. G. Rubalcaba, W. C. E. P. Verberk, A. J. Hendriks. B. Saris, H. A. Woods, Oxygen limitation may affect the temperature and size dependence of metabolism in aquatic ectotherms. Proc. Natl. Acad. Sci. U.S.A. 117, 31963-3196 (2020).",-6.55008083578123,-7.60523107826903,41.0722595145789,1358,282.55,-5126.81836119685,-1622.5901421774,27.3461553712044,-1.52597053816768,0.00220570966094921,FALSE,TRUE,-6.39605821296072,0.00166811970345258,-6.88868763264173,0.0010192505948581
"Lampetra fluviatilis","Cephalaspidomorphi","Petromyzontiformes","Petromyzontidae","Lampetra","fluviatilis",56.8000000377949,0.0568000000377949,0.024954395791944,"W",9.5,"C","J. G. Rubalcaba, W. C. E. P. Verberk, A. J. Hendriks. B. Saris, H. A. Woods, Oxygen limitation may affect the temperature and size dependence of metabolism in aquatic ectotherms. Proc. Natl. Acad. Sci. U.S.A. 117, 31963-3196 (2020).",-2.86821895258963,-3.69070528825734,41.0577283773015,1395,282.65,-5126.81836119685,-1622.5901421774,27.3461553712044,-1.52597053816768,0.00220570966094921,FALSE,TRUE,-3.49299831013629,0.0304095580594428,-3.98562772981732,0.0185807769534205
"Lampetra fluviatilis","Cephalaspidomorphi","Petromyzontiformes","Petromyzontidae","Lampetra","fluviatilis",58.7999999896915,0.0587999999896914,0.0188780139382086,"W",9.5,"C","J. G. Rubalcaba, W. C. E. P. Verberk, A. J. Hendriks. B. Saris, H. A. Woods, Oxygen limitation may affect the temperature and size dependence of metabolism in aquatic ectotherms. Proc. Natl. Acad. Sci. U.S.A. 117, 31963-3196 (2020).",-2.83361342425287,-3.96975731774887,41.0577283773015,1396,282.65,-5126.81836119685,-1622.5901421774,27.3461553712044,-1.52597053816768,0.00220570966094921,FALSE,TRUE,-3.46574145646791,0.0312498264483513,-3.95837087614892,0.0190941957767
"Lampetra fluviatilis","Cephalaspidomorphi","Petromyzontiformes","Petromyzontidae","Lampetra","fluviatilis",62.2000000442813,0.0622000000442812,0.0236482102560364,"W",9.5,"C","J. G. Rubalcaba, W. C. E. P. Verberk, A. J. Hendriks. B. Saris, H. A. Woods, Oxygen limitation may affect the temperature and size dependence of metabolism in aquatic ectotherms. Proc. Natl. Acad. Sci. U.S.A. 117, 31963-3196 (2020).",-2.77740027852509,-3.74446784318532,41.0577283773015,1397,282.65,-5126.81836119685,-1622.5901421774,27.3461553712044,-1.52597053816768,0.00220570966094921,FALSE,TRUE,-3.42146548205043,0.032664530562866,-3.91409490173144,0.0199586049718452
"Lampetra fluviatilis","Cephalaspidomorphi","Petromyzontiformes","Petromyzontidae","Lampetra","fluviatilis",1.42999999846869,0.0014299999984686,0.0002651533625606,"W",4.4,"C","J. G. Rubalcaba, W. C. E. P. Verberk, A. J. Hendriks. B. Saris, H. A. Woods, Oxygen limitation may affect the temperature and size dependence of metabolism in aquatic ectotherms. Proc. Natl. Acad. Sci. U.S.A. 117, 31963-3196 (2020).",-6.55008083578123,-8.23520217273196,41.8121669099055,1356,277.55,-5126.81836119685,-1622.5901421774,27.3461553712044,-1.52597053816768,0.00220570966094921,FALSE,TRUE,-6.55195528769963,0.00142732204286177,-7.04458470738065,0.000872118972175593
"Lampetra fluviatilis","Cephalaspidomorphi","Petromyzontiformes","Petromyzontidae","Lampetra","fluviatilis",1.42999999846869,0.0014299999984686,0.00130367039422,"W",14.7,"C","J. G. Rubalcaba, W. C. E. P. Verberk, A. J. Hendriks. B. Saris, H. A. Woods, Oxygen limitation may affect the temperature and size dependence of metabolism in aquatic ectotherms. Proc. Natl. Acad. Sci. U.S.A. 117, 31963-3196 (2020).",-6.55008083578123,-6.64257161259689,40.316021976183,1362,287.85,-5126.81836119685,-1622.5901421774,27.3461553712044,-1.52597053816768,0.00220570966094921,FALSE,TRUE,-6.23672040827282,0.00195626075041163,-6.72934982795383,0.0011953098626122
"Lampetra fluviatilis","Cephalaspidomorphi","Petromyzontiformes","Petromyzontidae","Lampetra","fluviatilis",42.2000000037241,0.0422000000037241,0.0205983889238735,"W",16,"C","J. G. Rubalcaba, W. C. E. P. Verberk, A. J. Hendriks. B. Saris, H. A. Woods, Oxygen limitation may affect the temperature and size dependence of metabolism in aquatic ectotherms. Proc. Natl. Acad. Sci. U.S.A. 117, 31963-3196 (2020).",-3.16533505785192,-3.88254241382393,40.1347637068797,1373,289.15,-5126.81836119685,-1622.5901421774,27.3461553712044,-1.52597053816768,0.00220570966094921,FALSE,TRUE,-3.53255328000614,0.0292301876529011,-4.02518269968716,0.0178601608094246
"Lampetra fluviatilis","Cephalaspidomorphi","Petromyzontiformes","Petromyzontidae","Lampetra","fluviatilis",42.6999999975397,0.0426999999975396,0.0133482698841364,"W",9.5,"C","J. G. Rubalcaba, W. C. E. P. Verberk, A. J. Hendriks. B. Saris, H. A. Woods, Oxygen limitation may affect the temperature and size dependence of metabolism in aquatic ectotherms. Proc. Natl. Acad. Sci. U.S.A. 117, 31963-3196 (2020).",-3.15355635880518,-4.31636849922816,41.0577283773015,1374,282.65,-5126.81836119685,-1622.5901421774,27.3461553712044,-1.52597053816768,0.00220570966094921,FALSE,TRUE,-3.71774274552384,0.0242887318629947,-4.21037216520486,0.0148408440644079
"Lampetra fluviatilis","Cephalaspidomorphi","Petromyzontiformes","Petromyzontidae","Lampetra","fluviatilis",1.42999999846869,0.0014299999984686,0.0009997379608967,"W",9.8,"C","J. G. Rubalcaba, W. C. E. P. Verberk, A. J. Hendriks. B. Saris, H. A. Woods, Oxygen limitation may affect the temperature and size dependence of metabolism in aquatic ectotherms. Proc. Natl. Acad. Sci. U.S.A. 117, 31963-3196 (2020).",-6.55008083578123,-6.90801735242368,41.0141965924872,1361,282.95,-5126.81836119685,-1622.5901421774,27.3461553712044,-1.52597053816768,0.00220570966094921,FALSE,TRUE,-6.3838244661945,0.00168865239728468,-6.87645388587553,0.00103179643336061
"Lampetra fluviatilis","Cephalaspidomorphi","Petromyzontiformes","Petromyzontidae","Lampetra","fluviatilis",44.1999999644714,0.0441999999644714,0.0126968668773924,"W",9.5,"C","J. G. Rubalcaba, W. C. E. P. Verberk, A. J. Hendriks. B. Saris, H. A. Woods, Oxygen limitation may affect the temperature and size dependence of metabolism in aquatic ectotherms. Proc. Natl. Acad. Sci. U.S.A. 117, 31963-3196 (2020).",-3.1190304907023,-4.3664000185212,41.0577283773015,1376,282.65,-5126.81836119685,-1622.5901421774,27.3461553712044,-1.52597053816768,0.00220570966094921,FALSE,TRUE,-3.69054863579963,0.0249583052655819,-4.18317805548067,0.0152499652368723
"Lampetra fluviatilis","Cephalaspidomorphi","Petromyzontiformes","Petromyzontidae","Lampetra","fluviatilis",45.2000000196308,0.0452000000196307,0.0273026275909227,"W",16,"C","J. G. Rubalcaba, W. C. E. P. Verberk, A. J. Hendriks. B. Saris, H. A. Woods, Oxygen limitation may affect the temperature and size dependence of metabolism in aquatic ectotherms. Proc. Natl. Acad. Sci. U.S.A. 117, 31963-3196 (2020).",-3.09665819170964,-3.60077233267109,40.1347637068797,1377,289.15,-5126.81836119685,-1622.5901421774,27.3461553712044,-1.52597053816768,0.00220570966094921,FALSE,TRUE,-3.47846032489715,0.0308548809712651,-3.97108974457818,0.0188528771161602
"Lampetra fluviatilis","Cephalaspidomorphi","Petromyzontiformes","Petromyzontidae","Lampetra","fluviatilis",45.6999999926498,0.0456999999926498,0.0181471921425308,"W",9.5,"C","J. G. Rubalcaba, W. C. E. P. Verberk, A. J. Hendriks. B. Saris, H. A. Woods, Oxygen limitation may affect the temperature and size dependence of metabolism in aquatic ectotherms. Proc. Natl. Acad. Sci. U.S.A. 117, 31963-3196 (2020).",-3.08565698124281,-4.00923943312987,41.0577283773015,1378,282.65,-5126.81836119685,-1622.5901421774,27.3461553712044,-1.52597053816768,0.00220570966094921,FALSE,TRUE,-3.66426217500974,0.0256230696521275,-4.15689159469077,0.0156561480156172
"Lampetra fluviatilis","Cephalaspidomorphi","Petromyzontiformes","Petromyzontidae","Lampetra","fluviatilis",43.7000000029763,0.0437000000029762,0.0136608757320958,"W",9.5,"C","J. G. Rubalcaba, W. C. E. P. Verberk, A. J. Hendriks. B. Saris, H. A. Woods, Oxygen limitation may affect the temperature and size dependence of metabolism in aquatic ectotherms. Proc. Natl. Acad. Sci. U.S.A. 117, 31963-3196 (2020).",-3.13040717681249,-4.29321931766338,41.0577283773015,1375,282.65,-5126.81836119685,-1622.5901421774,27.3461553712044,-1.52597053816768,0.00220570966094921,FALSE,TRUE,-3.69950941991247,0.0247356583156967,-4.19213883959349,0.0151139240189409
"Lampetra fluviatilis","Cephalaspidomorphi","Petromyzontiformes","Petromyzontidae","Lampetra","fluviatilis",32.8000000217754,0.0328000000217753,0.0146874057515617,"W",9.5,"C","J. G. Rubalcaba, W. C. E. P. Verberk, A. J. Hendriks. B. Saris, H. A. Woods, Oxygen limitation may affect the temperature and size dependence of metabolism in aquatic ectotherms. Proc. Natl. Acad. Sci. U.S.A. 117, 31963-3196 (2020).",-3.41732676292816,-4.2207649040133,41.0577283773015,1368,282.65,-5126.81836119685,-1622.5901421774,27.3461553712044,-1.52597053816768,0.00220570966094921,FALSE,TRUE,-3.92550005057828,0.0197322672723888,-4.4181294702593,0.0120567637404283
"Lampetra fluviatilis","Cephalaspidomorphi","Petromyzontiformes","Petromyzontidae","Lampetra","fluviatilis",46.7999999920123,0.0467999999920123,0.0158161663483671,"W",9.5,"C","J. G. Rubalcaba, W. C. E. P. Verberk, A. J. Hendriks. B. Saris, H. A. Woods, Oxygen limitation may affect the temperature and size dependence of metabolism in aquatic ectotherms. Proc. Natl. Acad. Sci. U.S.A. 117, 31963-3196 (2020).",-3.06187207622921,-4.14672267544233,41.0577283773015,1381,282.65,-5126.81836119685,-1622.5901421774,27.3461553712044,-1.52597053816768,0.00220570966094921,FALSE,TRUE,-3.6455281256647,0.0261076181091839,-4.13815754534573,0.0159522156791488
"Lampetra fluviatilis","Cephalaspidomorphi","Petromyzontiformes","Petromyzontidae","Lampetra","fluviatilis",36.9999999942923,0.0369999999942923,0.0308238142166228,"W",16.5,"C","J. G. Rubalcaba, W. C. E. P. Verberk, A. J. Hendriks. B. Saris, H. A. Woods, Oxygen limitation may affect the temperature and size dependence of metabolism in aquatic ectotherms. Proc. Natl. Acad. Sci. U.S.A. 117, 31963-3196 (2020).",-3.29683736649217,-3.47946769890773,40.0654822228354,1370,289.65,-5126.81836119685,-1622.5901421774,27.3461553712044,-1.52597053816768,0.00220570966094921,FALSE,TRUE,-3.62153287230175,0.0267416535191985,-4.11416229198278,0.0163396225106134
"Lampetra fluviatilis","Cephalaspidomorphi","Petromyzontiformes","Petromyzontidae","Lampetra","fluviatilis",39.4000000158242,0.0394000000158242,0.0146468514825265,"W",9.5,"C","J. G. Rubalcaba, W. C. E. P. Verberk, A. J. Hendriks. B. Saris, H. A. Woods, Oxygen limitation may affect the temperature and size dependence of metabolism in aquatic ectotherms. Proc. Natl. Acad. Sci. U.S.A. 117, 31963-3196 (2020).",-3.23398946227662,-4.22352988248528,41.0577283773015,1371,282.65,-5126.81836119685,-1622.5901421774,27.3461553712044,-1.52597053816768,0.00220570966094921,FALSE,TRUE,-3.78109543617142,0.0227977043117692,-4.27372485585247,0.0139297999016949
"Lampetra fluviatilis","Cephalaspidomorphi","Petromyzontiformes","Petromyzontidae","Lampetra","fluviatilis",63.6000000514878,0.0636000000514878,0.0188070439553237,"W",9.5,"C","J. G. Rubalcaba, W. C. E. P. Verberk, A. J. Hendriks. B. Saris, H. A. Woods, Oxygen limitation may affect the temperature and size dependence of metabolism in aquatic ectotherms. Proc. Natl. Acad. Sci. U.S.A. 117, 31963-3196 (2020).",-2.7551418078265,-3.97352380084602,41.0577283773015,1398,282.65,-5126.81836119685,-1622.5901421774,27.3461553712044,-1.52597053816768,0.00220570966094921,FALSE,TRUE,-3.40393372028077,0.0332422467247831,-3.8965631399618,0.0203115997482236
"Lampetra fluviatilis","Cephalaspidomorphi","Petromyzontiformes","Petromyzontidae","Lampetra","fluviatilis",49.5000000075717,0.0495000000075717,0.031108082318854,"W",16,"C","J. G. Rubalcaba, W. C. E. P. Verberk, A. J. Hendriks. B. Saris, H. A. Woods, Oxygen limitation may affect the temperature and size dependence of metabolism in aquatic ectotherms. Proc. Natl. Acad. Sci. U.S.A. 117, 31963-3196 (2020).",-3.00578260925453,-3.47028761192515,40.1347637068797,1385,289.15,-5126.81836119685,-1622.5901421774,27.3461553712044,-1.52597053816768,0.00220570966094921,FALSE,TRUE,-3.4068826732311,0.0331443613039157,-3.89951209291211,0.0202517900275902
"Lampetra fluviatilis","Cephalaspidomorphi","Petromyzontiformes","Petromyzontidae","Lampetra","fluviatilis",50.699999961086,0.050699999961086,0.0235099858407285,"W",16,"C","J. G. Rubalcaba, W. C. E. P. Verberk, A. J. Hendriks. B. Saris, H. A. Woods, Oxygen limitation may affect the temperature and size dependence of metabolism in aquatic ectotherms. Proc. Natl. Acad. Sci. U.S.A. 117, 31963-3196 (2020).",-2.98182936915253,-3.75033001869625,40.1347637068797,1386,289.15,-5126.81836119685,-1622.5901421774,27.3461553712044,-1.52597053816768,0.00220570966094921,FALSE,TRUE,-3.38801603568145,0.0337756200962654,-3.88064545536246,0.0206375002966316
"Lampetra fluviatilis","Cephalaspidomorphi","Petromyzontiformes","Petromyzontidae","Lampetra","fluviatilis",52.4000000019635,0.0524000000019634,0.0150523942090982,"W",9.5,"C","J. G. Rubalcaba, W. C. E. P. Verberk, A. J. Hendriks. B. Saris, H. A. Woods, Oxygen limitation may affect the temperature and size dependence of metabolism in aquatic ectotherms. Proc. Natl. Acad. Sci. U.S.A. 117, 31963-3196 (2020).",-2.94884868761767,-4.19621821677871,41.0577283773015,1387,282.65,-5126.81836119685,-1622.5901421774,27.3461553712044,-1.52597053816768,0.00220570966094921,FALSE,TRUE,-3.55650587654571,0.0285383672843701,-4.04913529622672,0.0174374463479262
"Lampetra fluviatilis","Cephalaspidomorphi","Petromyzontiformes","Petromyzontidae","Lampetra","fluviatilis",53.0000000487185,0.0530000000487185,0.0179114704416906,"W",9.5,"C","J. G. Rubalcaba, W. C. E. P. Verberk, A. J. Hendriks. B. Saris, H. A. Woods, Oxygen limitation may affect the temperature and size dependence of metabolism in aquatic ectotherms. Proc. Natl. Acad. Sci. U.S.A. 117, 31963-3196 (2020).",-2.9374633645108,-4.02231396456608,41.0577283773015,1388,282.65,-5126.81836119685,-1622.5901421774,27.3461553712044,-1.52597053816768,0.00220570966094921,FALSE,TRUE,-3.54753828955003,0.0287954385072326,-4.04016770923107,0.0175945214045186
"Lampetra fluviatilis","Cephalaspidomorphi","Petromyzontiformes","Petromyzontidae","Lampetra","fluviatilis",53.0000000487185,0.0530000000487185,0.0323375181531563,"W",16,"C","J. G. Rubalcaba, W. C. E. P. Verberk, A. J. Hendriks. B. Saris, H. A. Woods, Oxygen limitation may affect the temperature and size dependence of metabolism in aquatic ectotherms. Proc. Natl. Acad. Sci. U.S.A. 117, 31963-3196 (2020).",-2.9374633645108,-3.43152717010466,40.1347637068797,1389,289.15,-5126.81836119685,-1622.5901421774,27.3461553712044,-1.52597053816768,0.00220570966094921,FALSE,TRUE,-3.35307139664567,0.0349767614477821,-3.84570081632668,0.0213714188724437
"Lampetra fluviatilis","Cephalaspidomorphi","Petromyzontiformes","Petromyzontidae","Lampetra","fluviatilis",54.2000000576094,0.0542000000576093,0.0271171444671967,"W",16,"C","J. G. Rubalcaba, W. C. E. P. Verberk, A. J. Hendriks. B. Saris, H. A. Woods, Oxygen limitation may affect the temperature and size dependence of metabolism in aquatic ectotherms. Proc. Natl. Acad. Sci. U.S.A. 117, 31963-3196 (2020).",-2.91507436947363,-3.60758911396108,40.1347637068797,1390,289.15,-5126.81836119685,-1622.5901421774,27.3461553712044,-1.52597053816768,0.00220570966094921,FALSE,TRUE,-3.33543682810011,0.0355990321568125,-3.82806624778115,0.0217516372638626
"Lampetra fluviatilis","Cephalaspidomorphi","Petromyzontiformes","Petromyzontidae","Lampetra","fluviatilis",55.4999999843228,0.0554999999843228,0.0196941686749813,"W",9.5,"C","J. G. Rubalcaba, W. C. E. P. Verberk, A. J. Hendriks. B. Saris, H. A. Woods, Oxygen limitation may affect the temperature and size dependence of metabolism in aquatic ectotherms. Proc. Natl. Acad. Sci. U.S.A. 117, 31963-3196 (2020).",-2.89137225851222,-3.92743269340285,41.0577283773015,1391,282.65,-5126.81836119685,-1622.5901421774,27.3461553712044,-1.52597053816768,0.00220570966094921,FALSE,TRUE,-3.51123488393831,0.0298600180035783,-4.00386430361934,0.0182449982753803
"Lampetra fluviatilis","Cephalaspidomorphi","Petromyzontiformes","Petromyzontidae","Lampetra","fluviatilis",55.4999999843228,0.0554999999843228,0.0220387125588233,"W",9.5,"C","J. G. Rubalcaba, W. C. E. P. Verberk, A. J. Hendriks. B. Saris, H. A. Woods, Oxygen limitation may affect the temperature and size dependence of metabolism in aquatic ectotherms. Proc. Natl. Acad. Sci. U.S.A. 117, 31963-3196 (2020).",-2.89137225851222,-3.81495471025007,41.0577283773015,1392,282.65,-5126.81836119685,-1622.5901421774,27.3461553712044,-1.52597053816768,0.00220570966094921,FALSE,TRUE,-3.51123488393831,0.0298600180035783,-4.00386430361934,0.0182449982753803
"Lampetra fluviatilis","Cephalaspidomorphi","Petromyzontiformes","Petromyzontidae","Lampetra","fluviatilis",46.7999999920123,0.0467999999920123,0.0154207621890542,"W",9.5,"C","J. G. Rubalcaba, W. C. E. P. Verberk, A. J. Hendriks. B. Saris, H. A. Woods, Oxygen limitation may affect the temperature and size dependence of metabolism in aquatic ectotherms. Proc. Natl. Acad. Sci. U.S.A. 117, 31963-3196 (2020).",-3.06187207622921,-4.17204048346577,41.0577283773015,1380,282.65,-5126.81836119685,-1622.5901421774,27.3461553712044,-1.52597053816768,0.00220570966094921,FALSE,TRUE,-3.6455281256647,0.0261076181091839,-4.13815754534572,0.0159522156791489
"Lampetra fluviatilis","Cephalaspidomorphi","Petromyzontiformes","Petromyzontidae","Lampetra","fluviatilis",56.8000000377949,0.0568000000377949,0.0182359046181185,"W",9.5,"C","J. G. Rubalcaba, W. C. E. P. Verberk, A. J. Hendriks. B. Saris, H. A. Woods, Oxygen limitation may affect the temperature and size dependence of metabolism in aquatic ectotherms. Proc. Natl. Acad. Sci. U.S.A. 117, 31963-3196 (2020).",-2.86821895258963,-4.00436284706146,41.0577283773015,1394,282.65,-5126.81836119685,-1622.5901421774,27.3461553712044,-1.52597053816768,0.00220570966094921,FALSE,TRUE,-3.49299831013629,0.0304095580594428,-3.9856277298173,0.0185807769534208
"Lampetra fluviatilis","Cephalaspidomorphi","Petromyzontiformes","Petromyzontidae","Lampetra","fluviatilis",46.7999999920123,0.0467999999920123,0.0162115705076799,"W",9.5,"C","J. G. Rubalcaba, W. C. E. P. Verberk, A. J. Hendriks. B. Saris, H. A. Woods, Oxygen limitation may affect the temperature and size dependence of metabolism in aquatic ectotherms. Proc. Natl. Acad. Sci. U.S.A. 117, 31963-3196 (2020).",-3.06187207622921,-4.12203006281472,41.0577283773015,1382,282.65,-5126.81836119685,-1622.5901421774,27.3461553712044,-1.52597053816768,0.00220570966094921,FALSE,TRUE,-3.6455281256647,0.0261076181091839,-4.13815754534573,0.0159522156791488
"Lampetra fluviatilis","Cephalaspidomorphi","Petromyzontiformes","Petromyzontidae","Lampetra","fluviatilis",48.8999999860808,0.0488999999860808,0.0319244521217112,"W",16,"C","J. G. Rubalcaba, W. C. E. P. Verberk, A. J. Hendriks. B. Saris, H. A. Woods, Oxygen limitation may affect the temperature and size dependence of metabolism in aquatic ectotherms. Proc. Natl. Acad. Sci. U.S.A. 117, 31963-3196 (2020).",-3.01797788278596,-3.44438303862939,40.1347637068797,1383,289.15,-5126.81836119685,-1622.5901421774,27.3461553712044,-1.52597053816768,0.00220570966094921,FALSE,TRUE,-3.41648821321469,0.0328275159875355,-3.90911763289571,0.020058191944353
"Lampetra fluviatilis","Cephalaspidomorphi","Petromyzontiformes","Petromyzontidae","Lampetra","fluviatilis",49.5000000075717,0.0495000000075717,0.015892205602808,"W",9.5,"C","J. G. Rubalcaba, W. C. E. P. Verberk, A. J. Hendriks. B. Saris, H. A. Woods, Oxygen limitation may affect the temperature and size dependence of metabolism in aquatic ectotherms. Proc. Natl. Acad. Sci. U.S.A. 117, 31963-3196 (2020).",-3.00578260925453,-4.14192650360982,41.0577283773015,1384,282.65,-5126.81836119685,-1622.5901421774,27.3461553712044,-1.52597053816768,0.00220570966094921,FALSE,TRUE,-3.60134956613546,0.0272868721483339,-4.0939789858165,0.0166727607206133
"Lampetra fluviatilis","Cephalaspidomorphi","Petromyzontiformes","Petromyzontidae","Lampetra","fluviatilis",56.0999999669104,0.0560999999669103,0.0165892321742899,"W",9.5,"C","J. G. Rubalcaba, W. C. E. P. Verberk, A. J. Hendriks. B. Saris, H. A. Woods, Oxygen limitation may affect the temperature and size dependence of metabolism in aquatic ectotherms. Proc. Natl. Acad. Sci. U.S.A. 117, 31963-3196 (2020).",-2.88061946704332,-4.09900145829269,41.0577283773015,1393,282.65,-5126.81836119685,-1622.5901421774,27.3461553712044,-1.52597053816768,0.00220570966094921,FALSE,TRUE,-3.50276550700113,0.0301139877159044,-3.99539492668214,0.0184001782542684
"Lampetra fluviatilis","Cephalaspidomorphi","Petromyzontiformes","Petromyzontidae","Lampetra","fluviatilis",41.1999999968566,0.0411999999968566,0.0125312702546855,"W",9.5,"C","J. G. Rubalcaba, W. C. E. P. Verberk, A. J. Hendriks. B. Saris, H. A. Woods, Oxygen limitation may affect the temperature and size dependence of metabolism in aquatic ectotherms. Proc. Natl. Acad. Sci. U.S.A. 117, 31963-3196 (2020).",-3.18931702270295,-4.3795281381426,41.0577283773015,1372,282.65,-5126.81836119685,-1622.5901421774,27.3461553712044,-1.52597053816768,0.00220570966094921,FALSE,TRUE,-3.7459094353504,0.0236141437423224,-4.23853885503142,0.0144286588106419
"Lampetra fluviatilis","Cephalaspidomorphi","Petromyzontiformes","Petromyzontidae","Lampetra","fluviatilis",46.7999999920123,0.0467999999920123,0.0150253580297414,"W",9.5,"C","J. G. Rubalcaba, W. C. E. P. Verberk, A. J. Hendriks. B. Saris, H. A. Woods, Oxygen limitation may affect the temperature and size dependence of metabolism in aquatic ectotherms. Proc. Natl. Acad. Sci. U.S.A. 117, 31963-3196 (2020).",-3.06187207622921,-4.19801596991023,41.0577283773015,1379,282.65,-5126.81836119685,-1622.5901421774,27.3461553712044,-1.52597053816768,0.00220570966094921,FALSE,TRUE,-3.6455281256647,0.0261076181091839,-4.13815754534573,0.0159522156791487
"Petromyzon marinus","Cephalaspidomorphi","Petromyzontiformes","Petromyzontidae","Petromyzon","marinus",3.44000000339386,0.0034400000033938,0.0082304678758862,"W",22.5,"C","J. G. Rubalcaba, W. C. E. P. Verberk, A. J. Hendriks. B. Saris, H. A. Woods, Oxygen limitation may affect the temperature and size dependence of metabolism in aquatic ectotherms. Proc. Natl. Acad. Sci. U.S.A. 117, 31963-3196 (2020).",-5.67228380661026,-4.79991241586214,39.2523826343456,2711,295.65,-5126.81836119685,-1622.5901421774,27.3461553712044,-1.52597053816768,0.00220570966094921,FALSE,TRUE,-5.32122163872756,0.00488678019729375,-5.36324225362702,0.00468568925947641
"Petromyzon marinus","Cephalaspidomorphi","Petromyzontiformes","Petromyzontidae","Petromyzon","marinus",3.88000000362536,0.0038800000036253,0.003940792571734,"W",18,"C","J. G. Rubalcaba, W. C. E. P. Verberk, A. J. Hendriks. B. Saris, H. A. Woods, Oxygen limitation may affect the temperature and size dependence of metabolism in aquatic ectotherms. Proc. Natl. Acad. Sci. U.S.A. 117, 31963-3196 (2020).",-5.5519201244126,-5.53637341556374,39.8590655189568,2713,291.15,-5126.81836119685,-1622.5901421774,27.3461553712044,-1.52597053816768,0.00220570966094921,FALSE,TRUE,-5.354244772653,0.0047280388937534,-5.39626538755245,0.00453348015839054
"Petromyzon marinus","Cephalaspidomorphi","Petromyzontiformes","Petromyzontidae","Petromyzon","marinus",22.7999999999762,0.0227999999999761,0.012790097969,"W",5,"C","J. G. Rubalcaba, W. C. E. P. Verberk, A. J. Hendriks. B. Saris, H. A. Woods, Oxygen limitation may affect the temperature and size dependence of metabolism in aquatic ectotherms. Proc. Natl. Acad. Sci. U.S.A. 117, 31963-3196 (2020).",-3.78099474302279,-4.35908400360837,41.7219734885647,2714,278.15,-5126.81836119685,-1622.5901421774,27.3461553712044,-1.52597053816768,0.00220570966094921,FALSE,TRUE,-4.35189630679351,0.0128823604957555,-4.39391692169297,0.0123522515387725
"Petromyzon marinus","Cephalaspidomorphi","Petromyzontiformes","Petromyzontidae","Petromyzon","marinus",34.8000000042805,0.0348000000042804,0.0186386212344767,"W",10,"C","J. G. Rubalcaba, W. C. E. P. Verberk, A. J. Hendriks. B. Saris, H. A. Woods, Oxygen limitation may affect the temperature and size dependence of metabolism in aquatic ectotherms. Proc. Natl. Acad. Sci. U.S.A. 117, 31963-3196 (2020).",-3.35813789207871,-3.98251944056794,40.9852266496354,2715,283.15,-5126.81836119685,-1622.5901421774,27.3461553712044,-1.52597053816768,0.00220570966094921,FALSE,TRUE,-3.86360428715115,0.0209922010847861,-3.90562490205061,0.020128372299254
"Petromyzon marinus","Cephalaspidomorphi","Petromyzontiformes","Petromyzontidae","Petromyzon","marinus",3.5399999997898,0.0035399999997898,0.0051317490698236,"W",22.5,"C","J. G. Rubalcaba, W. C. E. P. Verberk, A. J. Hendriks. B. Saris, H. A. Woods, Oxygen limitation may affect the temperature and size dependence of metabolism in aquatic ectotherms. Proc. Natl. Acad. Sci. U.S.A. 117, 31963-3196 (2020).",-5.64362855189583,-5.27230872862611,39.2523826343456,2712,295.65,-5126.81836119685,-1622.5901421774,27.3461553712044,-1.52597053816768,0.00220570966094921,FALSE,TRUE,-5.29865148528327,0.00499832968538107,-5.34067210018272,0.00479264848766523
"Petromyzon marinus","Cephalaspidomorphi","Petromyzontiformes","Petromyzontidae","Petromyzon","marinus",75.6000000868277,0.0756000000868277,0.0468145355251967,"W",20,"C","J. G. Rubalcaba, W. C. E. P. Verberk, A. J. Hendriks. B. Saris, H. A. Woods, Oxygen limitation may affect the temperature and size dependence of metabolism in aquatic ectotherms. Proc. Natl. Acad. Sci. U.S.A. 117, 31963-3196 (2020).",-2.58229899464814,-3.06156153613582,39.5871292029482,2717,293.15,-5126.81836119685,-1622.5901421774,27.3461553712044,-1.52597053816768,0.00220570966094921,FALSE,TRUE,-2.95794259436433,0.0519256394528162,-2.99996320926377,0.049788900104459
"Petromyzon marinus","Cephalaspidomorphi","Petromyzontiformes","Petromyzontidae","Petromyzon","marinus",35.6999999907775,0.0356999999907774,0.0263357242866666,"W",15,"C","J. G. Rubalcaba, W. C. E. P. Verberk, A. J. Hendriks. B. Saris, H. A. Woods, Oxygen limitation may affect the temperature and size dependence of metabolism in aquatic ectotherms. Proc. Natl. Acad. Sci. U.S.A. 117, 31963-3196 (2020).",-3.33260459045488,-3.63682892360871,40.2740479814134,2716,288.15,-5126.81836119685,-1622.5901421774,27.3461553712044,-1.52597053816768,0.00220570966094921,FALSE,TRUE,-3.69364913603333,0.0248810418737506,-3.73566975093279,0.02385718734331
"Squalus acanthias","Chondrichthyes","Squaliformes","Squalidae","Squalus","acanthias",100,0.1,0.103521094486251,"W",13,"C","J. G. Rubalcaba, W. C. E. P. Verberk, A. J. Hendriks. B. Saris, H. A. Woods, Oxygen limitation may affect the temperature and size dependence of metabolism in aquatic ectotherms. Proc. Natl. Acad. Sci. U.S.A. 117, 31963-3196 (2020).",-2.30258509299405,-2.26797987558209,40.5555370464591,3236,286.15,-5126.81836119684,-1622.59014217743,27.3461553712492,-1.52597053821882,0.00220570967204616,FALSE,TRUE,-2.94166916401448,0.0527775607702115,-2.66121826822914,0.0698630579351339
"Squalus acanthias","Chondrichthyes","Squaliformes","Squalidae","Squalus","acanthias",640.000000023745,0.640000000023745,0.235971371570687,"W",13,"C","J. G. Rubalcaba, W. C. E. P. Verberk, A. J. Hendriks. B. Saris, H. A. Woods, Oxygen limitation may affect the temperature and size dependence of metabolism in aquatic ectotherms. Proc. Natl. Acad. Sci. U.S.A. 117, 31963-3196 (2020).",-0.446287102591318,-1.44404478821867,40.5555370464591,3237,286.15,-5126.81836119684,-1622.59014217743,27.3461553712492,-1.52597053821882,0.00220570967204616,FALSE,TRUE,-1.4795662827366,0.2277364401927,-1.19911538695127,0.301460770125317
"Squalus acanthias","Chondrichthyes","Squaliformes","Squalidae","Squalus","acanthias",940.000000866425,0.940000000866425,0.366578122278315,"W",13,"C","J. G. Rubalcaba, W. C. E. P. Verberk, A. J. Hendriks. B. Saris, H. A. Woods, Oxygen limitation may affect the temperature and size dependence of metabolism in aquatic ectotherms. Proc. Natl. Acad. Sci. U.S.A. 117, 31963-3196 (2020).",-0.061875402796359,-1.00354362272141,40.5555370464591,3238,286.15,-5126.81836119684,-1622.59014217743,27.3461553712492,-1.52597053821882,0.00220570967204616,FALSE,TRUE,-1.1767865260526,0.308267759066881,-0.896335630267252,0.408062214261693
"Squalus acanthias","Chondrichthyes","Squaliformes","Squalidae","Squalus","acanthias",1049.99999983091,1.04999999983091,0.454145623352926,"W",13,"C","J. G. Rubalcaba, W. C. E. P. Verberk, A. J. Hendriks. B. Saris, H. A. Woods, Oxygen limitation may affect the temperature and size dependence of metabolism in aquatic ectotherms. Proc. Natl. Acad. Sci. U.S.A. 117, 31963-3196 (2020).",0.0487901640083945,-0.78933737608811,40.5555370464591,3239,286.15,-5126.81836119684,-1622.59014217743,27.3461553712492,-1.52597053821882,0.00220570967204616,FALSE,TRUE,-1.08962140228474,0.336343808602127,-0.809170506499402,0.445227226184289
"Squalus acanthias","Chondrichthyes","Squaliformes","Squalidae","Squalus","acanthias",1120.00000085057,1.12000000085057,0.508246030942827,"W",13,"C","J. G. Rubalcaba, W. C. E. P. Verberk, A. J. Hendriks. B. Saris, H. A. Woods, Oxygen limitation may affect the temperature and size dependence of metabolism in aquatic ectotherms. Proc. Natl. Acad. Sci. U.S.A. 117, 31963-3196 (2020).",0.113328686066438,-0.676789635765704,40.5555370464591,3240,286.15,-5126.81836119684,-1622.59014217743,27.3461553712492,-1.52597053821882,0.00220570967204616,FALSE,TRUE,-1.03878799108549,0.353883331895489,-0.758337095300151,0.468444758675681
"Squalus acanthias","Chondrichthyes","Squaliformes","Squalidae","Squalus","acanthias",1239.99999953679,1.23999999953679,0.457194532329549,"W",13,"C","J. G. Rubalcaba, W. C. E. P. Verberk, A. J. Hendriks. B. Saris, H. A. Woods, Oxygen limitation may affect the temperature and size dependence of metabolism in aquatic ectotherms. Proc. Natl. Acad. Sci. U.S.A. 117, 31963-3196 (2020).",0.215111379243386,-0.782646306167224,40.5555370464591,3241,286.15,-5126.81836119684,-1622.59014217743,27.3461553712492,-1.52597053821882,0.00220570967204616,FALSE,TRUE,-0.958619413773206,0.383421867688239,-0.678168517987872,0.507545702472473
"Squalus acanthias","Chondrichthyes","Squaliformes","Squalidae","Squalus","acanthias",1549.99999939223,1.54999999939223,0.5275321527425,"W",13,"C","J. G. Rubalcaba, W. C. E. P. Verberk, A. J. Hendriks. B. Saris, H. A. Woods, Oxygen limitation may affect the temperature and size dependence of metabolism in aquatic ectotherms. Proc. Natl. Acad. Sci. U.S.A. 117, 31963-3196 (2020).",0.438254930539045,-0.639545462423128,40.5555370464591,3242,286.15,-5126.81836119684,-1622.59014217743,27.3461553712492,-1.52597053821882,0.00220570967204616,FALSE,TRUE,-0.782861625436013,0.457096100134708,-0.50241072965068,0.60507023931388
"Squalus acanthias","Chondrichthyes","Squaliformes","Squalidae","Squalus","acanthias",1615.00000123787,1.61500000123787,0.307797284761691,"W",9,"C","J. G. Rubalcaba, W. C. E. P. Verberk, A. J. Hendriks. B. Saris, H. A. Woods, Oxygen limitation may affect the temperature and size dependence of metabolism in aquatic ectotherms. Proc. Natl. Acad. Sci. U.S.A. 117, 31963-3196 (2020).",0.479334957441101,-1.17831387905327,41.1304870666109,3243,282.15,-5126.81836119684,-1622.59014217743,27.3461553712492,-1.52597053821882,0.00220570967204616,FALSE,TRUE,-0.871646039566621,0.418262505673151,-0.591195143781258,0.553665179661566
"Squalus acanthias","Chondrichthyes","Squaliformes","Squalidae","Squalus","acanthias",1750.00000126408,1.75000000126408,0.682459270106291,"W",13,"C","J. G. Rubalcaba, W. C. E. P. Verberk, A. J. Hendriks. B. Saris, H. A. Woods, Oxygen limitation may affect the temperature and size dependence of metabolism in aquatic ectotherms. Proc. Natl. Acad. Sci. U.S.A. 117, 31963-3196 (2020).",0.559615788657757,-0.382052431203735,40.5555370464591,3244,286.15,-5126.81836119684,-1622.59014217743,27.3461553712492,-1.52597053821882,0.00220570967204616,FALSE,TRUE,-0.687272414411102,0.502946028214849,-0.406821518625767,0.665763005994235
"Squalus acanthias","Chondrichthyes","Squaliformes","Squalidae","Squalus","acanthias",1811.99999857811,1.81199999857811,0.329645434286282,"W",9,"C","J. G. Rubalcaba, W. C. E. P. Verberk, A. J. Hendriks. B. Saris, H. A. Woods, Oxygen limitation may affect the temperature and size dependence of metabolism in aquatic ectotherms. Proc. Natl. Acad. Sci. U.S.A. 117, 31963-3196 (2020).",0.594431206836081,-1.10973764370445,41.1304870666109,3245,282.15,-5126.81836119684,-1622.59014217743,27.3461553712492,-1.52597053821882,0.00220570967204616,FALSE,TRUE,-0.780991113075983,0.457951904186234,-0.500540217290642,0.60620308985037
"Squalus acanthias","Chondrichthyes","Squaliformes","Squalidae","Squalus","acanthias",1854.00000081761,1.85400000081761,0.504132681084584,"W",10,"C","J. G. Rubalcaba, W. C. E. P. Verberk, A. J. Hendriks. B. Saris, H. A. Woods, Oxygen limitation may affect the temperature and size dependence of metabolism in aquatic ectotherms. Proc. Natl. Acad. Sci. U.S.A. 117, 31963-3196 (2020).",0.617345467584659,-0.684915789436374,40.9852266496354,3246,283.15,-5126.81836119684,-1622.59014217743,27.3461553712492,-1.52597053821882,0.00220570967204616,FALSE,TRUE,-0.732336729524247,0.480784213785859,-0.451885833738889,0.636426824048644
"Squalus acanthias","Chondrichthyes","Squaliformes","Squalidae","Squalus","acanthias",1854.00000081761,1.85400000081761,0.779114143612106,"W",10,"C","J. G. Rubalcaba, W. C. E. P. Verberk, A. J. Hendriks. B. Saris, H. A. Woods, Oxygen limitation may affect the temperature and size dependence of metabolism in aquatic ectotherms. Proc. Natl. Acad. Sci. U.S.A. 117, 31963-3196 (2020).",0.617345467584659,-0.249597718027397,40.9852266496354,3247,283.15,-5126.81836119684,-1622.59014217743,27.3461553712492,-1.52597053821882,0.00220570967204616,FALSE,TRUE,-0.732336729524247,0.480784213785859,-0.451885833738916,0.636426824048627
"Squalus acanthias","Chondrichthyes","Squaliformes","Squalidae","Squalus","acanthias",1854.00000081761,1.85400000081761,1.35963056386247,"W",10,"C","J. G. Rubalcaba, W. C. E. P. Verberk, A. J. Hendriks. B. Saris, H. A. Woods, Oxygen limitation may affect the temperature and size dependence of metabolism in aquatic ectotherms. Proc. Natl. Acad. Sci. U.S.A. 117, 31963-3196 (2020).",0.617345467584659,0.307213018627212,40.9852266496354,3248,283.15,-5126.81836119684,-1622.59014217743,27.3461553712492,-1.52597053821882,0.00220570967204616,FALSE,TRUE,-0.732336729524247,0.480784213785859,-0.451885833738907,0.636426824048633
"Squalus acanthias","Chondrichthyes","Squaliformes","Squalidae","Squalus","acanthias",1870.00000199576,1.87000000199576,0.715997268545176,"W",13,"C","J. G. Rubalcaba, W. C. E. P. Verberk, A. J. Hendriks. B. Saris, H. A. Woods, Oxygen limitation may affect the temperature and size dependence of metabolism in aquatic ectotherms. Proc. Natl. Acad. Sci. U.S.A. 117, 31963-3196 (2020).",0.625938431933746,-0.334078926909807,40.5555370464591,3249,286.15,-5126.81836119684,-1622.59014217743,27.3461553712492,-1.52597053821882,0.00220570967204616,FALSE,TRUE,-0.635033749967604,0.529917603313817,-0.354582854182252,0.701465995792224
"Squalus acanthias","Chondrichthyes","Squaliformes","Squalidae","Squalus","acanthias",2059.99999824899,2.05999999824899,0.848708217414419,"W",10,"C","J. G. Rubalcaba, W. C. E. P. Verberk, A. J. Hendriks. B. Saris, H. A. Woods, Oxygen limitation may affect the temperature and size dependence of metabolism in aquatic ectotherms. Proc. Natl. Acad. Sci. U.S.A. 117, 31963-3196 (2020).",0.722705981951484,-0.164039829698698,40.9852266496354,3250,283.15,-5126.81836119684,-1622.59014217743,27.3461553712492,-1.52597053821882,0.00220570967204616,FALSE,TRUE,-0.649350101070681,0.522385164024153,-0.368899205285356,0.691495105989664
"Squalus acanthias","Chondrichthyes","Squaliformes","Squalidae","Squalus","acanthias",2699.99999901158,2.69999999901158,0.8997826636543,"W",13,"C","J. G. Rubalcaba, W. C. E. P. Verberk, A. J. Hendriks. B. Saris, H. A. Woods, Oxygen limitation may affect the temperature and size dependence of metabolism in aquatic ectotherms. Proc. Natl. Acad. Sci. U.S.A. 117, 31963-3196 (2020).",0.993251772644202,-0.105602029648538,40.5555370464591,3251,286.15,-5126.81836119684,-1622.59014217743,27.3461553712492,-1.52597053821882,0.00220570967204616,FALSE,TRUE,-0.345721421580045,0.707709612273392,-0.0652705257947161,0.936813996743348
"Squalus acanthias","Chondrichthyes","Squaliformes","Squalidae","Squalus","acanthias",3300.00000092788,3.30000000092788,1.19332878090863,"W",13,"C","J. G. Rubalcaba, W. C. E. P. Verberk, A. J. Hendriks. B. Saris, H. A. Woods, Oxygen limitation may affect the temperature and size dependence of metabolism in aquatic ectotherms. Proc. Natl. Acad. Sci. U.S.A. 117, 31963-3196 (2020).",1.19392246875361,0.176746696856183,40.5555370464591,3252,286.15,-5126.81836119684,-1622.59014217743,27.3461553712492,-1.52597053821882,0.00220570967204616,FALSE,TRUE,-0.187664253772654,0.8288929582028,0.0927866420126791,1.09722760801843
"Squalus acanthias","Chondrichthyes","Squaliformes","Squalidae","Squalus","acanthias",3499.99999717711,3.49999999717711,1.61842598965811,"W",11,"C","J. G. Rubalcaba, W. C. E. P. Verberk, A. J. Hendriks. B. Saris, H. A. Woods, Oxygen limitation may affect the temperature and size dependence of metabolism in aquatic ectotherms. Proc. Natl. Acad. Sci. U.S.A. 117, 31963-3196 (2020).",1.25276296768883,0.481454065601891,40.8409886533319,3253,284.15,-5126.81836119684,-1622.59014217743,27.3461553712492,-1.52597053821882,0.00220570967204616,FALSE,TRUE,-0.201462967347362,0.817533852446693,0.0789879284379665,1.08219125825256
"Squalus acanthias","Chondrichthyes","Squaliformes","Squalidae","Squalus","acanthias",4600.00000337274,4.60000000337274,1.53296305646862,"W",13,"C","J. G. Rubalcaba, W. C. E. P. Verberk, A. J. Hendriks. B. Saris, H. A. Woods, Oxygen limitation may affect the temperature and size dependence of metabolism in aquatic ectotherms. Proc. Natl. Acad. Sci. U.S.A. 117, 31963-3196 (2020).",1.52605630422825,0.427202500752996,40.5555370464591,3254,286.15,-5126.81836119684,-1622.59014217743,27.3461553712492,-1.52597053821882,0.00220570967204616,FALSE,TRUE,0.0739391312054192,1.07674126355872,0.354390026990753,1.42531098783955
"Squalus acanthias","Chondrichthyes","Squaliformes","Squalidae","Squalus","acanthias",5759.99999438699,5.75999999438699,2.00121874726167,"W",13,"C","J. G. Rubalcaba, W. C. E. P. Verberk, A. J. Hendriks. B. Saris, H. A. Woods, Oxygen limitation may affect the temperature and size dependence of metabolism in aquatic ectotherms. Proc. Natl. Acad. Sci. U.S.A. 117, 31963-3196 (2020).",1.75093747373332,0.693756368598063,40.5555370464591,3255,286.15,-5126.81836119684,-1622.59014217743,27.3461553712492,-1.52597053821882,0.00220570967204616,FALSE,TRUE,0.251065544948485,1.28539433267546,0.531516440733813,1.70151059318912
"Squalus acanthias","Chondrichthyes","Squaliformes","Squalidae","Squalus","acanthias",7039.99999769634,7.03999999769634,2.396017003407,"W",13,"C","J. G. Rubalcaba, W. C. E. P. Verberk, A. J. Hendriks. B. Saris, H. A. Woods, Oxygen limitation may affect the temperature and size dependence of metabolism in aquatic ectotherms. Proc. Natl. Acad. Sci. U.S.A. 117, 31963-3196 (2020).",1.95160816984273,0.873807776808574,40.5555370464591,3256,286.15,-5126.81836119684,-1622.59014217743,27.3461553712492,-1.52597053821882,0.00220570967204616,FALSE,TRUE,0.409122712755874,1.5054964527695,0.689573608541205,1.99286561118107
"Squalus acanthias","Chondrichthyes","Squaliformes","Squalidae","Squalus","acanthias",7850.00000460464,7.85000000460464,2.17075226563026,"W",13,"C","J. G. Rubalcaba, W. C. E. P. Verberk, A. J. Hendriks. B. Saris, H. A. Woods, Oxygen limitation may affect the temperature and size dependence of metabolism in aquatic ectotherms. Proc. Natl. Acad. Sci. U.S.A. 117, 31963-3196 (2020).",2.06051353238089,0.775073773666589,40.5555370464591,3257,286.15,-5126.81836119684,-1622.59014217743,27.3461553712492,-1.52597053821882,0.00220570967204616,FALSE,TRUE,0.494901421334404,1.64033652890044,0.775352317119737,2.17135699868057
"Squalus acanthias","Chondrichthyes","Squaliformes","Squalidae","Squalus","acanthias",8969.99999908931,8.96999999908931,1.59004146808097,"W",13,"C","J. G. Rubalcaba, W. C. E. P. Verberk, A. J. Hendriks. B. Saris, H. A. Woods, Oxygen limitation may affect the temperature and size dependence of metabolism in aquatic ectotherms. Proc. Natl. Acad. Sci. U.S.A. 117, 31963-3196 (2020).",2.19388567596918,0.463760096446119,40.5555370464591,3258,286.15,-5126.81836119684,-1622.59014217743,27.3461553712492,-1.52597053821882,0.00220570967204616,FALSE,TRUE,0.599951255160024,1.82202998366586,0.880402150945371,2.41186944699132
"Acheta domesticus","Insecta","Orthoptera","Gryllidae","Acheta","domesticus",0.369,0.0003689999999999,0.0011385999999999,"W",25,"C","A. M. Makarieva et al., Mean mass-specific metabolic rates are strikingly similar across life's major domains: Evidence for life's metabolic optimum. Proc. Natl. Acad. Sci. U.S.A. 105, 16994-16999 (2008).",-7.90471391392402,-6.77795584144738,38.9232497932056,3334,298.15,-5126.81836119685,-1622.5901421774,27.3461553712044,-1.52597053816768,0.00220570966094921,FALSE,TRUE,-7.0102352479826,0.0009025962294765,-6.63818381155398,0.00130940320856202
"Acheta domesticus","Insecta","Orthoperta","Gryllidae","Acheta","domesticus",0.369,0.000369,0.00112135,"W",25,"C","Hack, 1997",-7.90471391392375,-6.79322196239198,38.9232497932056,3758,298.15,-5126.81836119685,-1622.5901421774,27.3461553712044,-1.52597053816768,0.00220570966094921,FALSE,TRUE,-7.01023524798239,0.000902596229476693,-6.63818381155378,0.00130940320856227
"Amara quenseli","Insecta","Coleoptera","Carabidae","Amara","quenseli",0.015,1.5e-05,1.4e-06,"W",25,"C","A. M. Makarieva et al., Mean mass-specific metabolic rates are strikingly similar across life's major domains: Evidence for life's metabolic optimum. Proc. Natl. Acad. Sci. U.S.A. 105, 16994-16999 (2008).",-11.1074603568621,-13.4790383213431,38.9232497932056,3335,298.15,-5126.81836119685,-1622.5901421774,27.3461553712044,-1.52597053816768,0.00220570966094921,FALSE,TRUE,-9.53286083203889,7.24321111999937e-05,-10.5608168917783,2.59116756956505e-05
"Anax junius","Insecta","Odonata","Aeshnidae","Anax","junius",1.019,0.001019,0.0041483999999999,"W",25,"C","A. M. Makarieva et al., Mean mass-specific metabolic rates are strikingly similar across life's major domains: Evidence for life's metabolic optimum. Proc. Natl. Acad. Sci. U.S.A. 105, 16994-16999 (2008).",-6.88893352474155,-5.48503256124872,38.9232497932056,3337,298.15,-5126.81836119685,-1622.5901421774,27.3461553712044,-1.52597053816768,0.00220570966094921,FALSE,TRUE,-6.21016142284904,0.00200891315341049,-5.64290610430952,0.00354255838828472
"Anax junius","Insecta","Odonata","Aeschnidae","Anax","junius",1.019,0.001019,0.0040855058468556,"W",30,"C","(May, 1979)",-6.88893352474155,-5.5003097280169,38.2812697537333,3793,303.15,-5126.81836119685,-1622.5901421774,27.3461553712044,-1.52597053816768,0.00220570966094921,FALSE,TRUE,-6.07489745491651,0.00229988201562647,-5.50764213637699,0.00405565880869012
"Apis mellifera","Insecta","Hymenoptera","Apidae","Apis","mellifera",0.0944,9.44e-05,0.0006069,"W",25,"C","A. M. Makarieva et al., Mean mass-specific metabolic rates are strikingly similar across life's major domains: Evidence for life's metabolic optimum. Proc. Natl. Acad. Sci. U.S.A. 105, 16994-16999 (2008).",-9.26796948481282,-7.40714652512246,38.9232497932056,3340,298.15,-5126.81836119685,-1622.5901421774,27.3461553712044,-1.52597053816768,0.00220570966094921,FALSE,TRUE,-8.08399598490082,0.000308436063744279,-8.27077402299163,0.000255887152045924
"Blaps gigas","Insecta","Coleoptera","Tenebrionidae","Blaps","gigas",1.776,0.001776,0.0045083,"W",25,"C","A. M. Makarieva et al., Mean mass-specific metabolic rates are strikingly similar across life's major domains: Evidence for life's metabolic optimum. Proc. Natl. Acad. Sci. U.S.A. 105, 16994-16999 (2008).",-6.33339163441216,-5.40183513666038,38.9232497932056,3343,298.15,-5126.81836119685,-1622.5901421774,27.3461553712044,-1.52597053816768,0.00220570966094921,FALSE,TRUE,-5.77259191476325,0.00311168183885833,-5.78116557504656,0.00308511737592668
"Bombyx mori","Insecta","Lepidoptera","Bombycidae","Bombyx","mori",0.49,0.00049,0.0034926,"W",25,"C","A. M. Makarieva et al., Mean mass-specific metabolic rates are strikingly similar across life's major domains: Evidence for life's metabolic optimum. Proc. Natl. Acad. Sci. U.S.A. 105, 16994-16999 (2008).",-7.6211051668596,-5.65710883445853,38.9232497932056,3345,298.15,-5126.81836119685,-1622.5901421774,27.3461553712044,-1.52597053816768,0.00220570966094921,FALSE,TRUE,-6.78685238144805,0.00112851532542593,-6.29325681720242,0.00184872915867222
"Cataglyphis bicolor","Insecta","Hymenoptera","Formicidae","Cataglyphis","bicolor",0.034,3.4e-05,3.78e-05,"W",25,"C","A. M. Makarieva et al., Mean mass-specific metabolic rates are strikingly similar across life's major domains: Evidence for life's metabolic optimum. Proc. Natl. Acad. Sci. U.S.A. 105, 16994-16999 (2008).",-10.2891500333481,-10.1832014553387,38.9232497932056,3349,298.15,-5126.81836119685,-1622.5901421774,27.3461553712044,-1.52597053816712,0.00220570966120407,FALSE,TRUE,-8.88832321578601,0.000137990844972595,-9.41274623549148,8.16763366211403e-05
"Cicindela longilabris","Insecta","Coleoptera","Carabidae","Cicindela","longilabris",0.1243,0.0001242999999999,0.0002696,"W",25,"C","A. M. Makarieva et al., Mean mass-specific metabolic rates are strikingly similar across life's major domains: Evidence for life's metabolic optimum. Proc. Natl. Acad. Sci. U.S.A. 105, 16994-16999 (2008).",-8.99281255944841,-8.21857117892612,38.9232497932056,3350,298.15,-5126.81836119685,-1622.5901421774,27.3461553712044,-1.52597053816768,0.00220570966094921,FALSE,TRUE,-7.86727014914663,0.000383078683802294,-8.53402462353717,0.000196661885009902
"Cicindela repanda","Insecta","Coleoptera","Carabidae","Cicindela","repanda",0.049,4.9e-05,0.0001222222222222,"W",25,"C","May, Pearson, & Casey, 1986",-9.92369025985365,-9.00966967651421,38.9232497932056,3756,298.15,-5126.81836119685,-1622.5901421774,27.3461553712044,-1.52597053816768,0.00220570966094921,FALSE,TRUE,-8.60047083940032,0.000184019129810074,-9.21175084768586,9.98590518543677e-05
"Cicindela repanda","Insecta","Coleoptera","Carabidae","Cicindela","repanda",0.0634,6.34e-05,0.0001454999999999,"W",25,"C","A. M. Makarieva et al., Mean mass-specific metabolic rates are strikingly similar across life's major domains: Evidence for life's metabolic optimum. Proc. Natl. Acad. Sci. U.S.A. 105, 16994-16999 (2008).",-9.66604669652109,-8.83533447135341,38.9232497932056,3351,298.15,-5126.81836119685,-1622.5901421774,27.3461553712044,-1.52597053816768,0.00220570966094921,FALSE,TRUE,-8.39753930672678,0.000225421335036672,-9.00881931501232,0.000122326199497524
"Cicindela repanda","Insecta","Coleoptera","Carabidae","Cicindela","repanda",0.0689999999999999,6.9e-05,0.0001388888888888,"W",25,"C","May, Pearson, & Casey, 1986",-9.58140405336701,-8.88183630500479,38.9232497932056,3755,298.15,-5126.81836119685,-1622.5901421774,27.3461553712044,-1.52597053816768,0.00220570966094921,FALSE,TRUE,-8.33087099534877,0.000240962076603187,-8.9421510036343,0.000130759473361756
"Cicindela repanda","Insecta","Coleoptera","Carabidae","Cicindela","repanda",0.059,5.9e-05,8.88888888888889e-05,"W",25,"C","May, Pearson, & Casey, 1986",-9.73797311405855,-9.32812340763257,38.9232497932056,3753,298.15,-5126.81836119685,-1622.5901421774,27.3461553712044,-1.52597053816768,0.00220570966094921,FALSE,TRUE,-8.4541917530825,0.000213005674219288,-9.06547176136805,0.000115588768890993
"Cicindela repanda","Insecta","Coleoptera","Carabidae","Cicindela","repanda",0.055,5.5e-05,0.0001166666666666,"W",25,"C","May, Pearson, & Casey, 1986",-9.8081773727318,-9.0561896921495,38.9232497932056,3754,298.15,-5126.81836119685,-1622.5901421774,27.3461553712044,-1.52597053816768,0.00220570966094921,FALSE,TRUE,-8.50948775050038,0.000201547040844613,-9.12076775878593,0.000109370674796521
"Cicindela repanda","Insecta","Coleoptera","Carabidae","Cicindela","repanda",0.085,8.5e-05,0.0001888888888888,"W",25,"C","May, Pearson, & Casey, 1986",-9.37285930147396,-8.57435160525666,38.9232497932056,3752,298.15,-5126.81836119685,-1622.5901421774,27.3461553712044,-1.52597053816768,0.00220570966094921,FALSE,TRUE,-8.16661187090072,0.000283978544298778,-8.77789187918625,0.000154102609929348
"Conocephalus fasciatus","Insecta","Orthoptera","Tettigoniidae","Conocephalus","fasciatus",0.05137,5.137e-05,0.0007171,"W",25,"C","A. M. Makarieva et al., Mean mass-specific metabolic rates are strikingly similar across life's major domains: Evidence for life's metabolic optimum. Proc. Natl. Acad. Sci. U.S.A. 105, 16994-16999 (2008).",-9.8764562134851,-7.24029525707575,38.9232497932056,3353,298.15,-5126.81836119685,-1622.5901421774,27.3461553712044,-1.52597053816768,0.00220570966094921,FALSE,TRUE,-8.56326720310543,0.000190994256107502,-8.2025574165126,0.000273952063801127
"Culex tarsalis","Insecta","Diptera","Culicidae","Culex","tarsalis",0.00223,2.23e-06,0.000236,"W",25,"C","A. M. Makarieva et al., Mean mass-specific metabolic rates are strikingly similar across life's major domains: Evidence for life's metabolic optimum. Proc. Natl. Acad. Sci. U.S.A. 105, 16994-16999 (2008).",-13.0135089724922,-8.35167875293866,38.9232497932056,3355,298.15,-5126.81836119685,-1622.5901421774,27.3461553712044,-1.52597053816768,0.00220570966094921,FALSE,TRUE,-11.0341495190799,1.61409744987448e-05,-10.275267023305,3.44753141024649e-05
"Deilephila elpenor","Insecta","Lepidoptera","Sphingidae","Deilephila","elpenor",0.6,6e-04,0.0008932,"W",25,"C","A. M. Makarieva et al., Mean mass-specific metabolic rates are strikingly similar across life's major domains: Evidence for life's metabolic optimum. Proc. Natl. Acad. Sci. U.S.A. 105, 16994-16999 (2008).",-7.41858090274813,-7.02070003799827,38.9232497932056,3356,298.15,-5126.81836119685,-1622.5901421774,27.3461553712044,-1.52597053816768,0.00220570966094921,FALSE,TRUE,-6.62733526101965,0.00132368566735169,-6.26793964263262,0.00189613126939565
"Drosophila americana","Insecta","Diptera","Drosophilidae","Drosophila","americana",0.0011,1.1e-06,1.53e-05,"W",25,"C","A. M. Makarieva et al., Mean mass-specific metabolic rates are strikingly similar across life's major domains: Evidence for life's metabolic optimum. Proc. Natl. Acad. Sci. U.S.A. 105, 16994-16999 (2008).",-13.7202003781599,-11.0876577295659,38.9232497932056,3357,298.15,-5126.81836119685,-1622.5901421774,27.3461553712044,-1.52597053816768,0.00220570966094921,FALSE,TRUE,-11.5907711098714,9.25107210538418e-06,-10.6279679766457,2.4228813885489e-05
"Drosophila melanogaster","Insecta","Diptera","Drosophilidae","Drosophila","melanogaster",0.00095,9.5e-07,3.2e-05,"W",25,"C","A. M. Makarieva et al., Mean mass-specific metabolic rates are strikingly similar across life's major domains: Evidence for life's metabolic optimum. Proc. Natl. Acad. Sci. U.S.A. 105, 16994-16999 (2008).",-13.8668038523518,-10.3497746551645,38.9232497932056,3358,298.15,-5126.81836119685,-1622.5901421774,27.3461553712044,-1.52597053816768,0.00220570966094921,FALSE,TRUE,-11.7062425283234,8.24220602557649e-06,-10.6428989922136,2.38697404247068e-05
"Drosophila melanogaster","Insecta","Diptera","Drosophilidae","Drosophila","melanogaster",0.00095,9.5e-07,2.43233033025598e-05,"W",24,"C","Lehmann, Dickinson, & Staunton, 2000",-13.8668038523518,-10.6240756835044,39.0542383504771,3789,297.15,-5126.81836119685,-1622.5901421774,27.3461553712044,-1.52597053816768,0.00220570966094921,FALSE,TRUE,-11.733841567111,8.01783945425028e-06,-10.6704980310013,2.32199663471212e-05
"Drosophila mimica","Insecta","Diptera","Drosophilidae","Drosophila","mimica",0.00244,2.44e-06,3.3415514843076e-05,"W",24,"C","Lehmann, Dickinson, & Staunton, 2000",-12.9235125186592,-10.3064902495761,39.0542383504771,3791,297.15,-5126.81836119685,-1622.5901421774,27.3461553712044,-1.52597053816768,0.00220570966094921,FALSE,TRUE,-10.9908633470154,1.68549976784405e-05,-10.0354743530344,4.38176281210113e-05
"Drosophila mimica","Insecta","Diptera","Drosophilidae","Drosophila","mimica",0.00244,2.44e-06,4.95e-05,"W",25,"C","A. M. Makarieva et al., Mean mass-specific metabolic rates are strikingly similar across life's major domains: Evidence for life's metabolic optimum. Proc. Natl. Acad. Sci. U.S.A. 105, 16994-16999 (2008).",-12.9235125186592,-9.91353788838963,38.9232497932056,3359,298.15,-5126.81836119685,-1622.5901421774,27.3461553712044,-1.52597053816768,0.00220570966094921,FALSE,TRUE,-10.9632643082278,1.73266581625898e-05,-10.0078753142467,4.50437952251605e-05
"Drosophila nikananu","Insecta","Diptera","Drosophilidae","Drosophila","nikananu",0.00049,4.9e-07,1.94e-05,"W",25,"C","A. M. Makarieva et al., Mean mass-specific metabolic rates are strikingly similar across life's major domains: Evidence for life's metabolic optimum. Proc. Natl. Acad. Sci. U.S.A. 105, 16994-16999 (2008).",-14.5288604458417,-10.850237491895,38.9232497932056,3360,298.15,-5126.81836119685,-1622.5901421774,27.3461553712044,-1.52597053816768,0.00220570966094921,FALSE,TRUE,-12.2277077553048,4.8929862524138e-06,-11.2159775628635,1.34574518713269e-05
"Drosophila repleta","Insecta","Diptera","Drosophilidae","Drosophila","repleta",0.00343,3.43e-06,3.23e-05,"W",25,"C","A. M. Makarieva et al., Mean mass-specific metabolic rates are strikingly similar across life's major domains: Evidence for life's metabolic optimum. Proc. Natl. Acad. Sci. U.S.A. 105, 16994-16999 (2008).",-12.5829502967864,-10.3404433277357,38.9232497932056,3361,298.15,-5126.81836119685,-1622.5901421774,27.3461553712044,-1.52597053816768,0.00220570966094921,FALSE,TRUE,-10.6950223511557,2.26574384591815e-05,-9.71316696885087,6.0481866274798e-05
"Drosophila virilis","Insecta","Diptera","Drosophilidae","Drosophila","virilis",0.00167,1.67e-06,4.57e-05,"W",25,"C","A. M. Makarieva et al., Mean mass-specific metabolic rates are strikingly similar across life's major domains: Evidence for life's metabolic optimum. Proc. Natl. Acad. Sci. U.S.A. 105, 16994-16999 (2008).",-13.3026869315356,-9.99341226006412,38.9232497932056,3362,298.15,-5126.81836119685,-1622.5901421774,27.3461553712044,-1.52597053816768,0.00220570966094921,FALSE,TRUE,-11.2619189447353,1.28531846488217e-05,-10.2914287216584,3.39226128015893e-05
"Drosophila virilis","Insecta","Diptera","Drosophilidae","Drosophila","virilis",0.00167,1.67e-06,3.34107514054647e-05,"W",24,"C","Lehmann, Dickinson, & Staunton, 2000",-13.3026869315356,-10.3066328114126,39.0542383504771,3790,297.15,-5126.81836119685,-1622.5901421774,27.3461553712044,-1.52597053816768,0.00220570966094921,FALSE,TRUE,-11.289517983523,1.25032995620706e-05,-10.319027760446,3.2999182799828e-05
"Eacles imperialis","Insecta","Lepidoptera","Saturniidae","Eacles","imperialis",1.357,0.001357,0.0047224265705433,"W",23,"C","Bartholomew & Casey, 1978",-6.60247889812941,-5.35543250756216,39.1861115172861,3783,296.15,-5126.81836119685,-1622.5901421774,27.3461553712044,-1.52597053816768,0.00220570966094921,FALSE,TRUE,-6.03992147808857,0.00238174592551712,-5.55316365751085,0.00387517809392309
"Eacles imperialis","Insecta","Lepidoptera","Saturniidae","Eacles","imperialis",1.12,0.00112,0.0029993790380478,"W",23,"C","Bartholomew & Casey, 1978",-6.79442659367513,-5.80934999905626,39.1861115172861,3781,296.15,-5126.81836119685,-1622.5901421774,27.3461553712044,-1.52597053816768,0.00220570966094921,FALSE,TRUE,-6.19110802257821,0.0020475567567881,-5.7043502020005,0.00333144144594127
"Eacles imperialis","Insecta","Lepidoptera","Saturniidae","Eacles","imperialis",0.838,0.000838,0.0026802961616597,"W",23,"C","Bartholomew & Casey, 1978",-7.08449245748219,-5.92182798248296,39.1861115172861,3782,296.15,-5126.81836119685,-1622.5901421774,27.3461553712044,-1.52597053816768,0.00220570966094921,FALSE,TRUE,-6.41957680152714,0.00162934562548392,-5.93281898094943,0.00265099833179468
"Eacles imperialis","Insecta","Lepidoptera","Saturniidae","Eacles","imperialis",1.105,0.001105,0.0032829,"W",25,"C","A. M. Makarieva et al., Mean mass-specific metabolic rates are strikingly similar across life's major domains: Evidence for life's metabolic optimum. Proc. Natl. Acad. Sci. U.S.A. 105, 16994-16999 (2008).",-6.80790994401242,-5.71902810087177,38.9232497932056,3363,298.15,-5126.81836119685,-1622.5901421774,27.3461553712044,-1.52597053816768,0.00220570966094921,FALSE,TRUE,-6.14634364604382,0.00214129681312333,-5.65958582546609,0.00348395956676248
"Eciton hamatum","Insecta","Hymenoptera","Formicidae","Eciton","hamatum",0.0121199999999999,1.212e-05,2.87537348310107e-05,"W",28,"C","Chown et al., 2007",-11.3206535773231,-10.4567428919925,38.5355036554682,3744,301.15,-5126.81836119685,-1622.5901421774,27.3461553712044,-1.52597053816768,0.00220570966094921,FALSE,TRUE,-9.61908392663089,6.6448461446083e-05,-10.1873461400344,3.76436551423873e-05
"Eciton hamatum","Insecta","Hymenoptera","Formicidae","Eciton","hamatum",0.00563,5.63e-06,2.03063099089059e-05,"W",28,"C","Chown et al., 2007",-12.0874011158127,-10.8045788872641,38.5355036554682,3731,301.15,-5126.81836119685,-1622.5901421774,27.3461553712044,-1.52597053816768,0.00220570966094921,FALSE,TRUE,-10.2230083994442,3.63248528500392e-05,-10.7912706128477,2.05783580842478e-05
"Eciton hamatum","Insecta","Hymenoptera","Formicidae","Eciton","hamatum",0.0080299999999999,8.03e-06,1.4458092655141e-05,"W",28,"C","Chown et al., 2007",-11.7323260300056,-11.1442562548342,38.5355036554682,3735,301.15,-5126.81836119685,-1622.5901421774,27.3461553712044,-1.52597053816768,0.00220570966094921,FALSE,TRUE,-9.94333546508093,4.80467787142741e-05,-10.5115976784844,2.72189352358488e-05
"Eciton hamatum","Insecta","Hymenoptera","Formicidae","Eciton","hamatum",0.00563,5.63e-06,2.50173738077721e-05,"W",28,"C","Chown et al., 2007",-12.0874011158127,-10.5959400221527,38.5355036554682,3732,301.15,-5126.81836119685,-1622.5901421774,27.3461553712044,-1.52597053816768,0.00220570966094921,FALSE,TRUE,-10.2230083994442,3.63248528500392e-05,-10.7912706128477,2.05783580842476e-05
"Eciton hamatum","Insecta","Hymenoptera","Formicidae","Eciton","hamatum",0.0067399999999999,6.74e-06,2.19308147016184e-05,"W",28,"C","Chown et al., 2007",-11.9074506330401,-10.7276178461279,38.5355036554682,3734,301.15,-5126.81836119685,-1622.5901421774,27.3461553712044,-1.52597053816768,0.00220570966094921,FALSE,TRUE,-10.0812713934734,4.18561677866467e-05,-10.6495336068769,2.37118980854193e-05
"Eciton hamatum","Insecta","Hymenoptera","Formicidae","Eciton","hamatum",0.00553,5.53e-06,2.32304185357883e-05,"W",28,"C","Chown et al., 2007",-12.10532274243,-10.6700479943065,38.5355036554682,3730,301.15,-5126.81836119685,-1622.5901421774,27.3461553712044,-1.52597053816768,0.00220570966094921,FALSE,TRUE,-10.2371242698755,3.58156979703227e-05,-10.805386483279,2.02899172341662e-05
"Eciton hamatum","Insecta","Hymenoptera","Formicidae","Eciton","hamatum",0.00282,2.82e-06,1.93316070332784e-05,"W",28,"C","Chown et al., 2007",-12.7787736730143,-10.8537691314548,38.5355036554682,3728,301.15,-5126.81836119685,-1622.5901421774,27.3461553712044,-1.52597053816768,0.00220570966094921,FALSE,TRUE,-10.7675641836702,2.10720259036821e-05,-11.3358263970737,1.19374934950643e-05
"Eciton hamatum","Insecta","Hymenoptera","Formicidae","Eciton","hamatum",0.006,6e-06,2.72916805175695e-05,"W",28,"C","Chown et al., 2007",-12.0237510887362,-10.5089286451631,38.5355036554682,3733,301.15,-5126.81836119685,-1622.5901421774,27.3461553712044,-1.52597053816768,0.00220570966094921,FALSE,TRUE,-10.1728748064203,3.81923697747296e-05,-10.7411370198238,2.16363233336413e-05
"Eciton hamatum","Insecta","Hymenoptera","Formicidae","Eciton","hamatum",0.00866,8.66e-06,1.86818051161934e-05,"W",28,"C","Chown et al., 2007",-11.6567958353899,-10.8879604962031,38.5355036554682,3738,301.15,-5126.81836119685,-1622.5901421774,27.3461553712044,-1.52597053816768,0.00220570966094921,FALSE,TRUE,-9.88384452357154,5.0991861134581e-05,-10.452106736975,2.88873510965513e-05
"Eciton hamatum","Insecta","Hymenoptera","Formicidae","Eciton","hamatum",0.01487,1.487e-05,4.54861341959492e-05,"W",28,"C","Chown et al., 2007",-11.1161647974922,-9.99810302139711,38.5355036554682,3747,301.15,-5126.81836119685,-1622.5901421774,27.3461553712044,-1.52597053816768,0.00220570966094921,FALSE,TRUE,-9.45801946622338,7.80610405458315e-05,-10.0262816796269,4.42222863617012e-05
"Eciton hamatum","Insecta","Hymenoptera","Formicidae","Eciton","hamatum",0.01863,1.863e-05,6.91226789299156e-05,"W",28,"C","Chown et al., 2007",-10.8907373733508,-9.57962767655293,38.5355036554682,3748,301.15,-5126.81836119685,-1622.5901421774,27.3461553712044,-1.52597053816768,0.00220570966094921,FALSE,TRUE,-9.28046279802663,9.32279677600256e-05,-9.84872501143012,5.28144879747373e-05
"Eciton hamatum","Insecta","Hymenoptera","Formicidae","Eciton","hamatum",0.0140299999999999,1.403e-05,3.70387092738443e-05,"W",28,"C","Chown et al., 2007",-11.1743126638499,-10.2035469956119,38.5355036554682,3745,301.15,-5126.81836119685,-1622.5901421774,27.3461553712044,-1.52597053816768,0.00220570966094921,FALSE,TRUE,-9.50381931268192,7.45664925875844e-05,-10.0720815260854,4.22425932979947e-05
"Eciton hamatum","Insecta","Hymenoptera","Formicidae","Eciton","hamatum",0.00453,4.53e-06,1.46205431344122e-05,"W",28,"C","Chown et al., 2007",-12.3047886184693,-11.1330829542361,38.5355036554682,3729,301.15,-5126.81836119685,-1622.5901421774,27.3461553712044,-1.52597053816768,0.00220570966094921,FALSE,TRUE,-10.3942324677949,3.06085104683027e-05,-10.9624946811984,1.73399983598694e-05
"Eciton hamatum","Insecta","Hymenoptera","Formicidae","Eciton","hamatum",0.0238199999999999,2.382e-05,8.95914393180928e-05,"W",28,"C","Chown et al., 2007",-10.6449849940371,-9.3202507858728,38.5355036554682,3750,301.15,-5126.81836119685,-1622.5901421774,27.3461553712044,-1.52597053816768,0.00220570966094921,FALSE,TRUE,-9.08689729090811,0.000113138560544908,-9.65515950431159,6.40940190904846e-05
"Eciton hamatum","Insecta","Hymenoptera","Formicidae","Eciton","hamatum",0.00908,9.08e-06,1.55140207704041e-05,"W",28,"C","Chown et al., 2007",-11.6094363653511,-11.0737663770797,38.5355036554682,3739,301.15,-5126.81836119685,-1622.5901421774,27.3461553712044,-1.52597053816768,0.00220570966094921,FALSE,TRUE,-9.846542098014,5.29299033541627e-05,-10.4148043114175,2.99852695641521e-05
"Eciton hamatum","Insecta","Hymenoptera","Formicidae","Eciton","hamatum",0.0080299999999999,8.03e-06,2.32304185357883e-05,"W",28,"C","Chown et al., 2007",-11.7323260300056,-10.6700479943065,38.5355036554682,3736,301.15,-5126.81836119685,-1622.5901421774,27.3461553712044,-1.52597053816768,0.00220570966094921,FALSE,TRUE,-9.94333546508093,4.80467787142741e-05,-10.5115976784844,2.72189352358489e-05
"Eciton hamatum","Insecta","Hymenoptera","Formicidae","Eciton","hamatum",0.01465,1.465e-05,7.2290463275705e-05,"W",28,"C","Chown et al., 2007",-11.1310702225012,-9.53481834240012,38.5355036554682,3746,301.15,-5126.81836119685,-1622.5901421774,27.3461553712044,-1.52597053816768,0.00220570966094921,FALSE,TRUE,-9.46975964208145,7.71499488552492e-05,-10.0380218554849,4.37061446684706e-05
"Eciton hamatum","Insecta","Hymenoptera","Formicidae","Eciton","hamatum",0.006,6e-06,2.53e-05,"W",25,"C","A. M. Makarieva et al., Mean mass-specific metabolic rates are strikingly similar across life's major domains: Evidence for life's metabolic optimum. Proc. Natl. Acad. Sci. U.S.A. 105, 16994-16999 (2008).",-12.0237510887362,-10.5847061622308,38.9232497932056,3364,298.15,-5126.81836119685,-1622.5901421774,27.3461553712044,-1.52597053816768,0.00220570966094921,FALSE,TRUE,-10.2545721769242,3.51962091090948e-05,-10.8228343903277,1.99389711844141e-05
"Eciton hamatum","Insecta","Hymenoptera","Formicidae","Eciton","hamatum",0.00206,2.06e-06,1.03968306733598e-05,"W",28,"C","Chown et al., 2007",-13.0928045751628,-11.4740095412067,38.5355036554682,3727,301.15,-5126.81836119685,-1622.5901421774,27.3461553712044,-1.52597053816768,0.00220570966094921,FALSE,TRUE,-11.014908892987,1.64545439162066e-05,-11.5831711063905,9.32164813491636e-06
"Eciton hamatum","Insecta","Hymenoptera","Formicidae","Eciton","hamatum",0.01164,1.164e-05,3.50080782829537e-05,"W",28,"C","Chown et al., 2007",-11.361063115661,-10.2599317150226,38.5355036554682,3743,301.15,-5126.81836119685,-1622.5901421774,27.3461553712044,-1.52597053816768,0.00220570966094921,FALSE,TRUE,-9.65091227678823,6.43668198858856e-05,-10.2191744901917,3.64643863479437e-05
"Eciton hamatum","Insecta","Hymenoptera","Formicidae","Eciton","hamatum",0.00824,8.24e-06,2.0062634189999e-05,"W",28,"C","Chown et al., 2007",-11.7065102140429,-10.8166514684983,38.5355036554682,3737,301.15,-5126.81836119685,-1622.5901421774,27.3461553712044,-1.52597053816768,0.00220570966094921,FALSE,TRUE,-9.92300177992005,4.90337471325249e-05,-10.4912639933236,2.77780617824156e-05
"Eciton hamatum","Insecta","Hymenoptera","Formicidae","Eciton","hamatum",0.0225,2.25e-05,8.99163402766353e-05,"W",28,"C","Chown et al., 2007",-10.7019952487539,-9.31663087241767,38.5355036554682,3749,301.15,-5126.81836119685,-1622.5901421774,27.3461553712044,-1.52597053816768,0.00220570966094921,FALSE,TRUE,-9.13180110382755,0.000108170583091364,-9.70006331723105,6.12796148748488e-05
"Eciton hamatum","Insecta","Hymenoptera","Formicidae","Eciton","hamatum",0.00923,9.23e-06,1.98189584710921e-05,"W",28,"C","Chown et al., 2007",-11.5930515094495,-10.8288715798331,38.5355036554682,3741,301.15,-5126.81836119685,-1622.5901421774,27.3461553712044,-1.52597053816768,0.00220570966094921,FALSE,TRUE,-9.83363665656718,5.36174138941237e-05,-10.4018988699707,3.03747505108861e-05
"Eciton hamatum","Insecta","Hymenoptera","Formicidae","Eciton","hamatum",0.02388,2.388e-05,7.70015271745711e-05,"W",28,"C","Chown et al., 2007",-10.6424692694399,-9.47168530287128,38.5355036554682,3751,301.15,-5126.81836119685,-1622.5901421774,27.3461553712044,-1.52597053816768,0.00220570966094921,FALSE,TRUE,-9.08491579429433,0.000113362966475886,-9.65317800769783,6.42211470825225e-05
"Eciton hamatum","Insecta","Hymenoptera","Formicidae","Eciton","hamatum",0.00908,9.08e-06,3.60640063982169e-05,"W",28,"C","Chown et al., 2007",-11.6094363653511,-10.2302152426941,38.5355036554682,3740,301.15,-5126.81836119685,-1622.5901421774,27.3461553712044,-1.52597053816768,0.00220570966094921,FALSE,TRUE,-9.846542098014,5.29299033541627e-05,-10.4148043114175,2.99852695641521e-05
"Eciton hamatum","Insecta","Hymenoptera","Formicidae","Eciton","hamatum",0.00971,9.71e-06,2.98908881859095e-05,"W",28,"C","Chown et al., 2007",-11.542354275661,-10.4179568669574,38.5355036554682,3742,301.15,-5126.81836119685,-1622.5901421774,27.3461553712044,-1.52597053816768,0.00220570966094921,FALSE,TRUE,-9.79370525978812,5.58017537539793e-05,-10.3619674731916,3.16121988220844e-05
"Enyo ocypete","Insecta","Lepidoptera","Sphingidae","Enyo","ocypete",0.45333,0.00045333,0.0011487,"W",25,"C","A. M. Makarieva et al., Mean mass-specific metabolic rates are strikingly similar across life's major domains: Evidence for life's metabolic optimum. Proc. Natl. Acad. Sci. U.S.A. 105, 16994-16999 (2008).",-7.6988902208705,-6.76912441081292,38.9232497932056,3365,298.15,-5126.81836119685,-1622.5901421774,27.3461553712044,-1.52597053816768,0.00220570966094921,FALSE,TRUE,-6.84811935053258,0.00106145003243121,-6.56095294550847,0.001414537091101
"Enyo ocypete","Insecta","Lepidoptera","Sphingidae","Enyo","ocypete",0.397,0.000397,0.0011295533824137,"W",23,"C","Bartholomew & Casey, 1978",-7.83157427727708,-6.78593296118657,39.1861115172861,3777,296.15,-5126.81836119685,-1622.5901421774,27.3461553712044,-1.52597053816768,0.00220570966094921,FALSE,TRUE,-7.00801167939686,0.000904605447086716,-6.72084527437274,0.00120551878903363
"Enyo ocypete","Insecta","Lepidoptera","Sphingidae","Enyo","ocypete",0.575,0.000575,0.001174224985108,"W",23,"C","Bartholomew & Casey, 1978",-7.46114051716692,-6.74714693615144,39.1861115172861,3775,296.15,-5126.81836119685,-1622.5901421774,27.3461553712044,-1.52597053816768,0.00220570966094921,FALSE,TRUE,-6.7162415698671,0.00121108143588091,-6.42907516484299,0.00161394277550077
"Enyo ocypete","Insecta","Lepidoptera","Sphingidae","Enyo","ocypete",0.388,0.000388,0.0013337664233021,"W",23,"C","Bartholomew & Casey, 1978",-7.854505218341,-6.61974844179556,39.1861115172861,3776,296.15,-5126.81836119685,-1622.5901421774,27.3461553712044,-1.52597053816768,0.00220570966094921,FALSE,TRUE,-7.0260731087435,0.000888413643441692,-6.73890670371939,0.00118394084741798
"Erinnyis ello","Insecta","Lepidoptera","Sphingidae","Erinnyis","ello",1.21,0.00121,0.0041353999999999,"W",25,"C","A. M. Makarieva et al., Mean mass-specific metabolic rates are strikingly similar across life's major domains: Evidence for life's metabolic optimum. Proc. Natl. Acad. Sci. U.S.A. 105, 16994-16999 (2008).",-6.71713491937349,-5.48817121999763,38.9232497932056,3366,298.15,-5126.81836119685,-1622.5901421774,27.3461553712044,-1.52597053816768,0.00220570966094921,FALSE,TRUE,-6.07484519818747,0.00230000220307806,-5.63477508665984,0.00357148041648133
"Erinnyis ello","Insecta","Lepidoptera","Sphingidae","Erinnyis","ello",1.21,0.00121,0.0043650537489887,"W",23,"C","Bartholomew & Casey, 1978",-6.71713491937349,-5.43412477613782,39.1861115172861,3770,296.15,-5126.81836119685,-1622.5901421774,27.3461553712044,-1.52597053816768,0.00220570966094921,FALSE,TRUE,-6.13022966130244,0.00217608114169356,-5.69015954977479,0.00337905379909295
"Erythemis simplicicollis","Insecta","Odonata","Libellulidae","Erythemis","simplicicollis",0.263,0.000263,0.0008642416214502,"W",30,"C","(May, 1979)",-8.24335652578651,-7.05365817379999,38.2812697537333,3794,303.15,-5126.81836119685,-1622.5901421774,27.3461553712044,-1.52597053816768,0.00220570966094921,FALSE,TRUE,-7.14170126687734,0.000791404560167259,-6.8679111777971,0.0010406485256736
"Erythemis simplicicollis","Insecta","Odonata","Libellulidae","Erythemis","simplicicollis",0.263,0.000263,0.0008774999999999,"W",25,"C","A. M. Makarieva et al., Mean mass-specific metabolic rates are strikingly similar across life's major domains: Evidence for life's metabolic optimum. Proc. Natl. Acad. Sci. U.S.A. 105, 16994-16999 (2008).",-8.24335652578651,-7.03843360262437,38.9232497932056,3367,298.15,-5126.81836119685,-1622.5901421774,27.3461553712044,-1.52597053816768,0.00220570966094921,FALSE,TRUE,-7.27696523480988,0.000691280256894388,-7.00317514572964,0.000908991199156562
"Galleria mellonella","Insecta","Lepidoptera","Pyralidae","Galleria","mellonella",0.0536,5.36e-05,0.0006349999999999,"W",25,"C","A. M. Makarieva et al., Mean mass-specific metabolic rates are strikingly similar across life's major domains: Evidence for life's metabolic optimum. Proc. Natl. Acad. Sci. U.S.A. 105, 16994-16999 (2008).",-9.83396148988752,-7.36188555907174,38.9232497932056,3368,298.15,-5126.81836119685,-1622.5901421774,27.3461553712044,-1.52597053816768,0.00220570966094921,FALSE,TRUE,-8.52979646827064,0.000197495162366359,-8.00564736549053,0.000333573487189188
"Hapigia simplex","Insecta","Lepidoptera","Notodontidae","Hapigia","simplex",0.478,0.000478,0.0016719942722734,"W",23,"C","Bartholomew & Casey, 1978",-7.64589982547282,-6.3937381899993,39.1861115172861,3787,296.15,-5126.81836119685,-1622.5901421774,27.3461553712044,-1.52597053816768,0.00220570966094921,FALSE,TRUE,-6.86176622076561,0.00104706295415813,-6.39995491709164,0.00166163218269677
"Hapigia simplex","Insecta","Lepidoptera","Notodontidae","Hapigia","simplex",0.478,0.000478,0.001584,"W",25,"C","A. M. Makarieva et al., Mean mass-specific metabolic rates are strikingly similar across life's major domains: Evidence for life's metabolic optimum. Proc. Natl. Acad. Sci. U.S.A. 105, 16994-16999 (2008).",-7.64589982547282,-6.4478019855899,38.9232497932056,3370,298.15,-5126.81836119685,-1622.5901421774,27.3461553712044,-1.52597053816768,0.00220570966094921,FALSE,TRUE,-6.80638175765064,0.00110668993687013,-6.34457045397667,0.00175625697391672
"Hypera postica","Insecta","Coleoptera","Curculionidae","Hypera","postica",0.0058,5.8e-06,0.0001595,"W",25,"C","A. M. Makarieva et al., Mean mass-specific metabolic rates are strikingly similar across life's major domains: Evidence for life's metabolic optimum. Proc. Natl. Acad. Sci. U.S.A. 105, 16994-16999 (2008).",-12.0576526404119,-8.74346663573938,38.9232497932056,3374,298.15,-5126.81836119685,-1622.5901421774,27.3461553712044,-1.52597053816768,0.00220570966094921,FALSE,TRUE,-10.2812745472554,3.42688236963511e-05,-9.46101512371003,7.78275463142906e-05
"Ips acuminatus","Insecta","Coleoptera","Curculionidae","Ips","acuminatus",0.00284,2.84e-06,3.63e-05,"W",25,"C","A. M. Makarieva et al., Mean mass-specific metabolic rates are strikingly similar across life's major domains: Evidence for life's metabolic optimum. Proc. Natl. Acad. Sci. U.S.A. 105, 16994-16999 (2008).",-12.7717065057912,-10.2236928166935,38.9232497932056,3375,298.15,-5126.81836119685,-1622.5901421774,27.3461553712044,-1.52597053816768,0.00220570966094921,FALSE,TRUE,-10.843695138861,1.95273377388843e-05,-10.0234357153156,4.43483206699519e-05
"Leptogenys attenuata","Insecta","Hymenoptera","Formicidae","Leptogenys","attenuata",0.004,4e-06,1.23e-05,"W",25,"C","A. M. Makarieva et al., Mean mass-specific metabolic rates are strikingly similar across life's major domains: Evidence for life's metabolic optimum. Proc. Natl. Acad. Sci. U.S.A. 105, 16994-16999 (2008).",-12.4292161968444,-11.3059112955859,38.9232497932056,3376,298.15,-5126.81836119685,-1622.5901421774,27.3461553712044,-1.52597053816768,0.00220570966094921,FALSE,TRUE,-10.5739345346316,2.55739952162221e-05,-11.1042140444872,1.50487738103015e-05
"Leptogenys attenuata","Insecta","Hymenoptera","Formicidae","Leptogenys","attenuata",0.00538,5.38e-06,2.14662e-05,"W",25,"C","Duncan & Crewe, 1993",-12.1328221837906,-10.7490309528888,38.9232497932056,3757,298.15,-5126.81836119685,-1622.5901421774,27.3461553712044,-1.52597053816768,0.00220570966094921,FALSE,TRUE,-10.3404814238057,3.22987695203771e-05,-10.8707609336612,1.90059031744443e-05
"Libellula auripennis","Insecta","Odonata","Libellulidae","Libellula","auripennis",0.464,0.000464,0.0013961,"W",25,"C","A. M. Makarieva et al., Mean mass-specific metabolic rates are strikingly similar across life's major domains: Evidence for life's metabolic optimum. Proc. Natl. Acad. Sci. U.S.A. 105, 16994-16999 (2008).",-7.67562600573802,-6.57407264396967,38.9232497932056,3377,298.15,-5126.81836119685,-1622.5901421774,27.3461553712044,-1.52597053816768,0.00220570966094921,FALSE,TRUE,-6.82979541970266,0.00108107926249857,-6.55156567040687,0.00142787826056099
"Libellula auripennis","Insecta","Odonata","Libellulidae","Libellula","auripennis",0.464,0.000464,0.0013749298523071,"W",30,"C","(May, 1979)",-7.67562600573802,-6.58935256566892,38.2812697537333,3795,303.15,-5126.81836119685,-1622.5901421774,27.3461553712044,-1.52597053816768,0.00220570966094921,FALSE,TRUE,-6.69453145177012,0.00123766164259822,-6.41630170247434,0.00163469064174981
"Libellula needhami","Insecta","Odonata","Libellulidae","Libellula","needhami",0.518,0.000518,0.0016499158227686,"W",30,"C","(May, 1979)",-7.56553531570479,-6.40703100887491,38.2812697537333,3796,303.15,-5126.81836119685,-1622.5901421774,27.3461553712044,-1.52597053816768,0.00220570966094921,FALSE,TRUE,-6.60781912652296,0.00134977262516197,-6.32202401246124,0.00179630408250638
"Libellula needhami","Insecta","Odonata","Libellulidae","Libellula","needhami",0.518,0.000518,0.0016752999999999,"W",25,"C","A. M. Makarieva et al., Mean mass-specific metabolic rates are strikingly similar across life's major domains: Evidence for life's metabolic optimum. Proc. Natl. Acad. Sci. U.S.A. 105, 16994-16999 (2008).",-7.56553531570479,-6.39176302526485,38.9232497932056,3378,298.15,-5126.81836119685,-1622.5901421774,27.3461553712044,-1.52597053816768,0.00220570966094921,FALSE,TRUE,-6.7430830944555,0.00117900655876153,-6.45728798039378,0.0015690452268218
"Manduca rustica","Insecta","Lepidoptera","Sphingidae","Manduca","rustica",2.704,0.002704,0.0084620778818114,"W",23,"C","Bartholomew & Casey, 1978",-5.91302312080142,-4.77216052301456,39.1861115172861,3766,296.15,-5126.81836119685,-1622.5901421774,27.3461553712044,-1.52597053816768,0.00220570966094921,FALSE,TRUE,-5.49687543496581,0.0040995607917814,-5.07791457506857,0.00623289370386577
"Manduca rustica","Insecta","Lepidoptera","Sphingidae","Manduca","rustica",2.81,0.00281,0.0067049,"W",25,"C","A. M. Makarieva et al., Mean mass-specific metabolic rates are strikingly similar across life's major domains: Evidence for life's metabolic optimum. Proc. Natl. Acad. Sci. U.S.A. 105, 16994-16999 (2008).",-5.87457079563648,-5.00491667660282,38.9232497932056,3382,298.15,-5126.81836119685,-1622.5901421774,27.3461553712044,-1.52597053816768,0.00220570966094921,FALSE,TRUE,-5.41120420986211,0.00446625865901555,-4.99224334996486,0.00679041411739075
"Manduca rustica","Insecta","Lepidoptera","Sphingidae","Manduca","rustica",2.916,0.002916,0.005692438514763,"W",23,"C","Bartholomew & Casey, 1978",-5.83754246483573,-5.16861656118036,39.1861115172861,3765,296.15,-5126.81836119685,-1622.5901421774,27.3461553712044,-1.52597053816768,0.00220570966094921,FALSE,TRUE,-5.43742351230104,0.00435067831175552,-5.01846265240379,0.00661468797126999
"Melanoplus bivittatus","Insecta","Orthoptera","Acrididae","Melanoplus","bivittatus",1.65,0.00165,0.005057,"W",25,"C","A. M. Makarieva et al., Mean mass-specific metabolic rates are strikingly similar across life's major domains: Evidence for life's metabolic optimum. Proc. Natl. Acad. Sci. U.S.A. 105, 16994-16999 (2008).",-6.40697999106965,-5.28698185688429,38.9232497932056,3383,298.15,-5126.81836119685,-1622.5901421774,27.3461553712044,-1.52597053816768,0.00220570966094921,FALSE,TRUE,-5.83055337830719,0.00293645156193492,-5.47784461428953,0.00417832590322062
"Miathyria marcella","Insecta","Odonata","Libellulidae","Miathyria","marcella",0.172,0.000172,0.0010213764617139,"W",40,"C","(May, 1979)",-8.66801608115082,-6.88660408913679,37.0588118340867,3799,313.15,-5126.81836119685,-1622.5901421774,27.3461553712044,-1.52597053816768,0.00220570966094921,FALSE,TRUE,-7.21861247678767,0.000732818516490001,-6.42677588153655,0.00161765795667231
"Miathyria marcella","Insecta","Odonata","Libellulidae","Miathyria","marcella",0.184,0.000184,0.0010999438818457,"W",30,"C","(May, 1979)",-8.60057480035529,-6.81249611698311,38.2812697537333,3798,303.15,-5126.81836119685,-1622.5901421774,27.3461553712044,-1.52597053816768,0.00220570966094921,FALSE,TRUE,-7.42306227205669,0.000597317194226412,-6.63122567680557,0.00131854598397108
"Miathyria marcella","Insecta","Odonata","Libellulidae","Miathyria","marcella",0.171,0.000171,0.0007542472332656,"W",20,"C","(May, 1979)",-8.67384700146161,-7.18979034812461,39.5871292029482,3797,293.15,-5126.81836119685,-1622.5901421774,27.3461553712044,-1.52597053816768,0.00220570966094921,FALSE,TRUE,-7.75591680876954,0.000428201444337801,-6.96408021351842,0.0009452319474805
"Miathyria marcella","Insecta","Odonata","Libellulidae","Miathyria","marcella",0.0171,1.71e-05,0.0007658999999999,"W",25,"C","A. M. Makarieva et al., Mean mass-specific metabolic rates are strikingly similar across life's major domains: Evidence for life's metabolic optimum. Proc. Natl. Acad. Sci. U.S.A. 105, 16994-16999 (2008).",-10.9764320944557,-7.17445894504886,38.9232497932056,3384,298.15,-5126.81836119685,-1622.5901421774,27.3461553712044,-1.52597053816768,0.00220570966094921,FALSE,TRUE,-9.42965714330803,8.03067289163094e-05,-8.63782054805692,0.000177272839158078
"Mimas tiliae","Insecta","Lepidoptera","Sphingidae","Mimas","tiliae",0.32,0.00032,0.0016668,"W",25,"C","A. M. Makarieva et al., Mean mass-specific metabolic rates are strikingly similar across life's major domains: Evidence for life's metabolic optimum. Proc. Natl. Acad. Sci. U.S.A. 105, 16994-16999 (2008).",-8.0471895621705,-6.39684965841598,38.9232497932056,3387,298.15,-5126.81836119685,-1622.5901421774,27.3461553712044,-1.52597053816768,0.00220570966094921,FALSE,TRUE,-7.12245540707889,0.00080678333556104,-6.74188093981495,0.00118042475924473
"Musca domestica","Insecta","Diptera","Muscidae","Musca","domestica",0.018,1.8e-05,0.0005876,"W",25,"C","A. M. Makarieva et al., Mean mass-specific metabolic rates are strikingly similar across life's major domains: Evidence for life's metabolic optimum. Proc. Natl. Acad. Sci. U.S.A. 105, 16994-16999 (2008).",-10.9251388000681,-7.43946411366455,38.9232497932056,3388,298.15,-5126.81836119685,-1622.5901421774,27.3461553712044,-1.52597053816768,0.00220570966094921,FALSE,TRUE,-9.38925626268326,8.3617622663059e-05,-8.32724167705803,0.000241838193567157
"Oecanthus quadripunctatus","Insecta","Orthoptera","Oecanthidae","Oecanthus","quadripunctatus",0.05,5e-05,0.0001343,"W",25,"C","A. M. Makarieva et al., Mean mass-specific metabolic rates are strikingly similar across life's major domains: Evidence for life's metabolic optimum. Proc. Natl. Acad. Sci. U.S.A. 105, 16994-16999 (2008).",-9.90348755253613,-8.91543445443508,38.9232497932056,3392,298.15,-5126.81836119685,-1622.5901421774,27.3461553712044,-1.52597053816768,0.00220570966094921,FALSE,TRUE,-8.58455828832755,0.000186970765355697,-8.2321787025678,0.000265956258996306
"Omorgus radula","Insecta","Coleoptera","Trogidae","Omorgus","radula",0.207,0.000207,0.0001141,"W",25,"C","A. M. Makarieva et al., Mean mass-specific metabolic rates are strikingly similar across life's major domains: Evidence for life's metabolic optimum. Proc. Natl. Acad. Sci. U.S.A. 105, 16994-16999 (2008).",-8.48279176469891,-9.07843530109624,38.9232497932056,3393,298.15,-5126.81836119685,-1622.5901421774,27.3461553712044,-1.52597053816768,0.00220570966094921,FALSE,TRUE,-7.46555508110784,0.000572467220406017,-7.55748340847473,0.000522187724906115
"Oryba achemenides","Insecta","Lepidoptera","Sphingidae","Oryba","achemenides",2.8085,0.0028085,0.006058,"W",25,"C","A. M. Makarieva et al., Mean mass-specific metabolic rates are strikingly similar across life's major domains: Evidence for life's metabolic optimum. Proc. Natl. Acad. Sci. U.S.A. 105, 16994-16999 (2008).",-5.87510474599179,-5.10637556637709,38.9232497932056,3395,298.15,-5126.81836119685,-1622.5901421774,27.3461553712044,-1.52597053816768,0.00220570966094921,FALSE,TRUE,-5.41162477291663,0.00446438071055718,-5.03247761025838,0.00652262999925369
"Oryba achemenides","Insecta","Lepidoptera","Sphingidae","Oryba","achemenides",3.387,0.003387,0.0078494387591464,"W",23,"C","Bartholomew & Casey, 1978",-5.6878107051465,-4.8473132453939,39.1861115172861,3779,296.15,-5126.81836119685,-1622.5901421774,27.3461553712044,-1.52597053816768,0.00220570966094921,FALSE,TRUE,-5.31948811701846,0.00489525888372361,-4.94034095436021,0.0071521593966173
"Oryba achemenides","Insecta","Lepidoptera","Sphingidae","Oryba","achemenides",2.23,0.00223,0.0049394029264872,"W",23,"C","Bartholomew & Casey, 1978",-6.10575369351011,-5.31051082017064,39.1861115172861,3778,296.15,-5126.81836119685,-1622.5901421774,27.3461553712044,-1.52597053816768,0.00220570966094921,FALSE,TRUE,-5.64867860833809,0.00352216786452789,-5.26953144567985,0.00514602119869596
"Pachydiplax longipennis","Insecta","Odonata","Libellulidae","Pachydiplax","longipennis",0.186,0.000186,0.0006206826190415,"W",20,"C","(May, 1979)",-8.58976388425107,-7.38469068712539,39.5871292029482,3801,293.15,-5126.81836119685,-1622.5901421774,27.3461553712044,-1.52597053816768,0.00220570966094921,FALSE,TRUE,-7.68968920491716,0.000457520344714022,-7.34206021324509,0.000647714714959236
"Pachydiplax longipennis","Insecta","Odonata","Libellulidae","Pachydiplax","longipennis",0.19,0.00019,0.0007071067811865,"W",30,"C","(May, 1979)",-8.56848648580379,-7.25432886926218,38.2812697537333,3803,303.15,-5126.81836119685,-1622.5901421774,27.3461553712044,-1.52597053816768,0.00220570966094921,FALSE,TRUE,-7.39778808795281,0.000612606294872734,-7.05015909628075,0.000867270966745192
"Pachydiplax longipennis","Insecta","Odonata","Libellulidae","Pachydiplax","longipennis",0.187,0.000187,0.00075,"W",35,"C","(May, 1979)",-8.58440194110969,-7.19543735143392,37.6601230759184,3804,308.15,-5126.81836119685,-1622.5901421774,27.3461553712044,-1.52597053816768,0.00220570966094921,FALSE,TRUE,-7.27944939017792,0.000689565140523173,-6.93182039850585,0.000976222136567431
"Pachydiplax longipennis","Insecta","Odonata","Libellulidae","Pachydiplax","longipennis",0.2,2e-04,0.0005333333333333,"W",15,"C","(May, 1979)",-8.51719319141624,-7.53636393840457,40.2740479814134,3800,288.15,-5126.81836119685,-1622.5901421774,27.3461553712044,-1.52597053816768,0.00220570966094921,FALSE,TRUE,-7.77726177306552,0.000419158355341786,-7.42963278139345,0.000593405381399348
"Pachydiplax longipennis","Insecta","Odonata","Libellulidae","Pachydiplax","longipennis",0.2,2e-04,0.0007777777777777,"W",25,"C","(May, 1979)",-8.51719319141624,-7.15906970726314,38.9232497932056,3802,298.15,-5126.81836119685,-1622.5901421774,27.3461553712044,-1.52597053816768,0.00220570966094921,FALSE,TRUE,-7.49265117526058,0.000557163861624638,-7.1450221835885,0.000788780730709064
"Pachydiplax longipennis","Insecta","Odonata","Libellulidae","Pachydiplax","longipennis",0.2,2e-04,0.0017652,"W",25,"C","A. M. Makarieva et al., Mean mass-specific metabolic rates are strikingly similar across life's major domains: Evidence for life's metabolic optimum. Proc. Natl. Acad. Sci. U.S.A. 105, 16994-16999 (2008).",-8.51719319141624,-6.33949128056888,38.9232497932056,3396,298.15,-5126.81836119685,-1622.5901421774,27.3461553712044,-1.52597053816768,0.00220570966094921,FALSE,TRUE,-7.49265117526058,0.000557163861624638,-7.1450221835885,0.000788780730709062
"Pachydiplax longipennis","Insecta","Odonata","Libellulidae","Pachydiplax","longipennis",0.192,0.000192,0.0008445997664172,"W",40,"C","(May, 1979)",-8.55801518593649,-7.07664769202473,37.0588118340867,3805,313.15,-5126.81836119685,-1622.5901421774,27.3461553712044,-1.52597053816768,0.00220570966094921,FALSE,TRUE,-7.13197087793472,0.000799142821439526,-6.78434188626265,0.00113135201697743
"Pachylia ficus","Insecta","Lepidoptera","Sphingidae","Pachylia","ficus",3.225,0.003225,0.005398882268486,"W",23,"C","Bartholomew & Casey, 1978",-5.7368223287344,-5.22156333415415,39.1861115172861,3771,296.15,-5126.81836119685,-1622.5901421774,27.3461553712044,-1.52597053816768,0.00220570966094921,FALSE,TRUE,-5.35809185221316,0.00470988469467987,-5.06000688896766,0.00634551579870539
"Pachylia ficus","Insecta","Lepidoptera","Sphingidae","Pachylia","ficus",3.225,0.003225,0.0051148999999999,"W",25,"C","A. M. Makarieva et al., Mean mass-specific metabolic rates are strikingly similar across life's major domains: Evidence for life's metabolic optimum. Proc. Natl. Acad. Sci. U.S.A. 105, 16994-16999 (2008).",-5.7368223287344,-5.27559743011181,38.9232497932056,3397,298.15,-5126.81836119685,-1622.5901421774,27.3461553712044,-1.52597053816768,0.00220570966094921,FALSE,TRUE,-5.30270738909819,0.00497809799756667,-5.00462242585268,0.00670687321214992
"Perigonia lusca","Insecta","Lepidoptera","Sphingidae","Perigonia","lusca",0.398,0.000398,0.0013656747109409,"W",23,"C","Bartholomew & Casey, 1978",-7.82905855267984,-6.59610667873852,39.1861115172861,3772,296.15,-5126.81836119685,-1622.5901421774,27.3461553712044,-1.52597053816768,0.00220570966094921,FALSE,TRUE,-7.00603018278308,0.000906399696779697,-6.52624314287491,0.00146449743540144
"Perigonia lusca","Insecta","Lepidoptera","Sphingidae","Perigonia","lusca",0.419,0.000419,0.002003840463717,"W",23,"C","Bartholomew & Casey, 1978",-7.77763963804214,-6.21268970785213,39.1861115172861,3773,296.15,-5126.81836119685,-1622.5901421774,27.3461553712044,-1.52597053816768,0.00220570966094921,FALSE,TRUE,-6.96553035806062,0.000943862217923703,-6.48574331815245,0.0015250267651596
"Perigonia lusca","Insecta","Lepidoptera","Sphingidae","Perigonia","lusca",0.55833,0.00055833,0.0022651999999999,"W",25,"C","A. M. Makarieva et al., Mean mass-specific metabolic rates are strikingly similar across life's major domains: Evidence for life's metabolic optimum. Proc. Natl. Acad. Sci. U.S.A. 105, 16994-16999 (2008).",-7.49056037254029,-6.09009222372467,38.9232497932056,3399,298.15,-5126.81836119685,-1622.5901421774,27.3461553712044,-1.52597053816768,0.00220570966094921,FALSE,TRUE,-6.68402949369139,0.00125072800438455,-6.20424245378322,0.00202083910808184
"Perigonia lusca","Insecta","Lepidoptera","Sphingidae","Perigonia","lusca",0.858,0.000858,0.0038034678865457,"W",23,"C","Bartholomew & Casey, 1978",-7.06090645847631,-5.57184202669502,39.1861115172861,3774,296.15,-5126.81836119685,-1622.5901421774,27.3461553712044,-1.52597053816768,0.00220570966094921,FALSE,TRUE,-6.40099941940282,0.00165989751013407,-5.92121237949465,0.00268194666796257
"Perithemis tenera","Insecta","Odonata","Libellulidae","Perithemis","tenera",0.061,6.1e-05,0.0003311,"W",25,"C","A. M. Makarieva et al., Mean mass-specific metabolic rates are strikingly similar across life's major domains: Evidence for life's metabolic optimum. Proc. Natl. Acad. Sci. U.S.A. 105, 16994-16999 (2008).",-9.70463669379096,-8.01309011341107,38.9232497932056,3401,298.15,-5126.81836119685,-1622.5901421774,27.3461553712048,-1.52597053816694,0.00220570966120378,FALSE,TRUE,-8.42793450539019,0.000218672691518851,-8.05697394055784,0.000316884266530439
"Perithemis tenera","Insecta","Odonata","Libellulidae","Perithemis","tenera",0.061,6.1e-05,0.0003260547935471,"W",30,"C","(May, 1979)",-9.70463669379096,-8.02844511235581,38.2812697537333,3806,303.15,-5126.81836119685,-1622.5901421774,27.3461553712048,-1.52597053816694,0.00220570966120378,FALSE,TRUE,-8.29267053745766,0.000250345013510933,-7.92170997262531,0.000362781449457424
"Phormia regina","Insecta","Diptera","Calliphoridae","Phormia","regina",0.05,5e-05,0.0005415,"W",25,"C","A. M. Makarieva et al., Mean mass-specific metabolic rates are strikingly similar across life's major domains: Evidence for life's metabolic optimum. Proc. Natl. Acad. Sci. U.S.A. 105, 16994-16999 (2008).",-9.90348755253613,-7.52116749152323,38.9232497932056,3402,298.15,-5126.81836119685,-1622.5901421774,27.3461553712044,-1.52597053816768,0.00220570966094921,FALSE,TRUE,-8.58455828832755,0.000186970765355697,-7.57805277955352,0.000511556366834816
"Physosterna cribripes","Insecta","Coleoptera","Tenebrionidae","Physosterna","cribripes",1.226,0.001226,0.0007798479095597,"W",22,"C","Bartholomew, Lighton, & Louw, 1985",-6.70399844146812,-7.15641164503719,39.3188782850898,3714,295.15,-5126.81836119685,-1622.5901421774,27.3461553712044,-1.52597053816768,0.00220570966094921,FALSE,TRUE,-6.14785649123097,0.00213805981170371,-6.77004078023637,0.00114764784859659
"Physosterna cribripes","Insecta","Coleoptera","Tenebrionidae","Physosterna","cribripes",1.285,0.001285,0.0010244305555555,"W",35,"C","Bartholomew, Lighton, & Louw, 1985",-6.65699656063495,-6.88361837632554,37.6601230759184,3713,308.15,-5126.81836119685,-1622.5901421774,27.3461553712044,-1.52597053816768,0.00220570966094921,FALSE,TRUE,-5.76133916501348,0.00314689456432075,-6.38352345401888,0.00168916077872731
"Physosterna cribripes","Insecta","Coleoptera","Tenebrionidae","Physosterna","cribripes",1.226,0.0012259999999999,0.0024436999999999,"W",25,"C","A. M. Makarieva et al., Mean mass-specific metabolic rates are strikingly similar across life's major domains: Evidence for life's metabolic optimum. Proc. Natl. Acad. Sci. U.S.A. 105, 16994-16999 (2008).",-6.7039984414682,-6.01424199479801,38.9232497932056,3404,298.15,-5126.81836119685,-1622.5901421774,27.3461553712044,-1.52597053816768,0.00220570966094921,FALSE,TRUE,-6.06449832376619,0.00232392357936638,-6.6866826127716,0.00124741407212433
"Physosterna cribripes","Insecta","Coleoptera","Tenebrionidae","Physosterna","cribripes",1.226,0.001226,0.0013009222222222,"W",35,"C","Bartholomew, Lighton, & Louw, 1985",-6.70399844146812,-6.64468186431171,37.6601230759184,3712,308.15,-5126.81836119685,-1622.5901421774,27.3461553712044,-1.52597053816768,0.00220570966094921,FALSE,TRUE,-5.79835993740398,0.00303252419866444,-6.42054422640938,0.0016277701181994
"Pimelia grandis","Insecta","Coleoptera","Tenebrionidae","Pimelia","grandis",2.098,0.002098,0.0037340999999999,"W",25,"C","A. M. Makarieva et al., Mean mass-specific metabolic rates are strikingly similar across life's major domains: Evidence for life's metabolic optimum. Proc. Natl. Acad. Sci. U.S.A. 105, 16994-16999 (2008).",-6.16677076900803,-5.59024845328926,38.9232497932056,3405,298.15,-5126.81836119685,-1622.5901421774,27.3461553712044,-1.52597053816768,0.00220570966094921,FALSE,TRUE,-5.6413539084475,0.00354806140252906,-5.69614859263591,0.00335887698128304
"Protambulyx strigilis","Insecta","Lepidoptera","Sphingidae","Protambulyx","strigilis",1.261,0.001261,0.0020931836691057,"W",23,"C","Bartholomew & Casey, 1978",-6.67585022199935,-6.16906908537622,39.1861115172861,3769,296.15,-5126.81836119685,-1622.5901421774,27.3461553712044,-1.52597053816768,0.00220570966094921,FALSE,TRUE,-6.09771199695357,0.00224800528279975,-5.8241433446911,0.00295533477150613
"Protambulyx strigilis","Insecta","Lepidoptera","Sphingidae","Protambulyx","strigilis",1.124,0.001124,0.0026292429014376,"W",23,"C","Bartholomew & Casey, 1978",-6.79086152751064,-5.94105934441085,39.1861115172861,3768,296.15,-5126.81836119685,-1622.5901421774,27.3461553712044,-1.52597053816768,0.00220570966094921,FALSE,TRUE,-6.18830001786237,0.00205331438575858,-5.9147313655999,0.00269938484909097
"Protambulyx strigilis","Insecta","Lepidoptera","Sphingidae","Protambulyx","strigilis",0.901,0.000901,0.002405884887966,"W",23,"C","Bartholomew & Casey, 1978",-7.01200530035594,-6.02983750631235,39.1861115172861,3767,296.15,-5126.81836119685,-1622.5901421774,27.3461553712044,-1.52597053816768,0.00220570966094921,FALSE,TRUE,-6.36248269172478,0.00172507855272371,-6.08891403946233,0.00226787039579119
"Protambulyx strigilis","Insecta","Lepidoptera","Sphingidae","Protambulyx","strigilis",1.09533,0.0010953299999999,0.0022511,"W",25,"C","A. M. Makarieva et al., Mean mass-specific metabolic rates are strikingly similar across life's major domains: Evidence for life's metabolic optimum. Proc. Natl. Acad. Sci. U.S.A. 105, 16994-16999 (2008).",-6.81669959125353,-6.09633629334416,38.9232497932056,3410,298.15,-5126.81836119685,-1622.5901421774,27.3461553712044,-1.52597053816768,0.00220570966094921,FALSE,TRUE,-6.15326676324972,0.00212652356179491,-5.87969811098727,0.00279562911737128
"Protophormia terraenovae","Insecta","Diptera","Calliphoridae","Protophormia","terraenovae",0.025,2.5e-05,0.0002251999999999,"W",25,"C","A. M. Makarieva et al., Mean mass-specific metabolic rates are strikingly similar across life's major domains: Evidence for life's metabolic optimum. Proc. Natl. Acad. Sci. U.S.A. 105, 16994-16999 (2008).",-10.5966347330961,-8.39852166169918,38.9232497932056,3411,298.15,-5126.81836119685,-1622.5901421774,27.3461553712044,-1.52597053816768,0.00220570966094921,FALSE,TRUE,-9.13051184486103,0.000108310132924135,-8.12400633608702,0.000296339045222705
"Requena verticalis","Insecta","Orthoptera","Tettigonildae","Requena","verticalis",0.371,0.000371,0.000674473799191,"W",21,"C","Bailey, Withers, Endersby, & Gaull, 1993",-7.89930849535684,-7.30157772785819,39.4525477676161,3707,294.15,-5126.81836119685,-1622.5901421774,27.3461553712044,-1.52597053816768,0.00220570966094921,FALSE,TRUE,-7.11749977192203,0.000810791382429129,-7.07725880868558,0.000844083775109693
"Requena verticalis","Insecta","Orthoptera","Tettigoniidae","Requena","verticalis",0.37,0.00037,0.000683,"W",25,"C","A. M. Makarieva et al., Mean mass-specific metabolic rates are strikingly similar across life's major domains: Evidence for life's metabolic optimum. Proc. Natl. Acad. Sci. U.S.A. 105, 16994-16999 (2008).",-7.902007552326,-7.28901569839348,38.9232497932056,3412,298.15,-5126.81836119685,-1622.5901421774,27.3461553712044,-1.52597053816768,0.00220570966094921,FALSE,TRUE,-7.00810359718586,0.000904522301575435,-6.96786263394942,0.000941663435910326
"Sitophilus granarius","Insecta","Coleoptera","Curculionidae","Sitophilus","granarius",0.00368,3.68e-06,0.0001395999999999,"W",25,"C","A. M. Makarieva et al., Mean mass-specific metabolic rates are strikingly similar across life's major domains: Evidence for life's metabolic optimum. Proc. Natl. Acad. Sci. U.S.A. 105, 16994-16999 (2008).",-12.5125978057834,-8.87672936763672,38.9232497932056,3414,298.15,-5126.81836119685,-1622.5901421774,27.3461553712044,-1.52597053816768,0.00220570966094921,FALSE,TRUE,-10.6396095993603,2.39483866565347e-05,-9.82765753643238,5.39389591741098e-05
"Sphaeroderus stenostomus","Insecta","Coleoptera","Carabidae","Sphaeroderus","stenostomus",0.1696,0.0001696,0.0002621,"W",25,"C","A. M. Makarieva et al., Mean mass-specific metabolic rates are strikingly similar across life's major domains: Evidence for life's metabolic optimum. Proc. Natl. Acad. Sci. U.S.A. 105, 16994-16999 (2008).",-8.68206783460647,-8.24678444763491,38.9232497932056,3415,298.15,-5126.81836119685,-1622.5901421774,27.3461553712044,-1.52597053816768,0.00220570966094921,FALSE,TRUE,-7.62251377927374,0.000489310265815188,-8.61013309849098,0.000182249651644863
"Stenocara gracilipes","Insecta","Coleoptera","Tenebrionidae","Stenocara","gracilipes",0.268,0.000268,0.0004763,"W",25,"C","A. M. Makarieva et al., Mean mass-specific metabolic rates are strikingly similar across life's major domains: Evidence for life's metabolic optimum. Proc. Natl. Acad. Sci. U.S.A. 105, 16994-16999 (2008).",-8.22452357745342,-7.64946265015746,38.9232497932056,3416,298.15,-5126.81836119685,-1622.5901421774,27.3461553712044,-1.52597053816768,0.00220570966094921,FALSE,TRUE,-7.26213156685186,0.000701610910003022,-7.81223319297683,0.000404753145903145
"Syssphinx molina","Insecta","Lepidoptera","Saturniidae","Syssphinx","molina",1.436,0.001436,0.0032801719692693,"W",23,"C","Bartholomew & Casey, 1978",-6.5458938083561,-5.7198594283052,39.1861115172861,3785,296.15,-5126.81836119685,-1622.5901421774,27.3461553712044,-1.52597053816768,0.00220570966094921,FALSE,TRUE,-5.99535254399358,0.00249029887897076,-5.54142545123153,0.00392093375307049
"Syssphinx molina","Insecta","Lepidoptera","Saturniidae","Syssphinx","molina",1.757,0.001757,0.0044316999999999,"W",25,"C","A. M. Makarieva et al., Mean mass-specific metabolic rates are strikingly similar across life's major domains: Evidence for life's metabolic optimum. Proc. Natl. Acad. Sci. U.S.A. 105, 16994-16999 (2008).",-6.34414746977718,-5.4189720213589,38.9232497932056,3417,298.15,-5126.81836119685,-1622.5901421774,27.3461553712044,-1.52597053816768,0.00220570966094921,FALSE,TRUE,-5.78106368920844,0.00308543172170966,-5.32713659644639,0.0048579604169624
"Syssphinx molina","Insecta","Lepidoptera","Saturniidae","Syssphinx","molina",2.205,0.002205,0.0045501218172938,"W",23,"C","Bartholomew & Casey, 1978",-6.11702777008333,-5.39260127334606,39.1861115172861,3784,296.15,-5126.81836119685,-1622.5901421774,27.3461553712044,-1.52597053816768,0.00220570966094921,FALSE,TRUE,-5.65755857261466,0.00349102959767729,-5.20363147985261,0.00549656745946826
"Syssphinx molina","Insecta","Lepidoptera","Saturniidae","Syssphinx","molina",1.63,0.00163,0.0062029711169839,"W",23,"C","Bartholomew & Casey, 1978",-6.41917526416347,-5.08272688929993,39.1861115172861,3786,296.15,-5126.81836119685,-1622.5901421774,27.3461553712044,-1.52597053816768,0.00220570966094921,FALSE,TRUE,-5.89554338106108,0.00275168072556491,-5.44161628829903,0.0043324750798587
"Tanaocerus koebeli","Insecta","Orthoptera","Tanaoceridae","Tanaocerus","koebeli",0.1025,0.0001025,0.0006498900574755,"W",20,"C","Mispagel, 1981",-9.18564775938581,-7.33870735172616,39.5871292029482,3885,293.15,-5126.81836119685,-1622.5901421774,27.3461553712044,-1.52597053816768,0.00220570966094921,FALSE,TRUE,-8.15903385499272,0.000286138712783039,-7.54269869884364,0.000529965472989155
"Tanaocerus koebeli","Insecta","Orthoptera","Tanaoceridae","Tanaocerus","koebeli",0.1025,0.0001025,0.0006259,"W",25,"C","A. M. Makarieva et al., Mean mass-specific metabolic rates are strikingly similar across life's major domains: Evidence for life's metabolic optimum. Proc. Natl. Acad. Sci. U.S.A. 105, 16994-16999 (2008).",-9.18564775938581,-7.37631994403362,38.9232497932056,3418,298.15,-5126.81836119685,-1622.5901421774,27.3461553712044,-1.52597053816768,0.00220570966094921,FALSE,TRUE,-8.01915573157894,0.000329097752398174,-7.40282057542986,0.000609531105780888
"Teleogryllus commodus","Insecta","Orthoptera","Gryllidae","Teleogryllus","commodus",0.95,0.00095,0.0056868999999999,"W",25,"C","A. M. Makarieva et al., Mean mass-specific metabolic rates are strikingly similar across life's major domains: Evidence for life's metabolic optimum. Proc. Natl. Acad. Sci. U.S.A. 105, 16994-16999 (2008).",-6.95904857336969,-5.16958999477552,38.9232497932056,3419,298.15,-5126.81836119685,-1622.5901421774,27.3461553712044,-1.52597053816768,0.00220570966094921,FALSE,TRUE,-6.26538715446657,0.00190097730411411,-5.55732513232052,0.0038590851463249
"Teleogryllus commodus","Insecta","Orthoptera","Gryllidae","Teleogryllus","commodus",0.95,0.00095,0.0056000163417521,"W",24,"C","Full, Zuccarello, & Tullis, 1990",-6.95904857336969,-5.18498576307527,39.0542383504771,3764,297.15,-5126.81836119685,-1622.5901421774,27.3461553712044,-1.52597053816768,0.00220570966094921,FALSE,TRUE,-6.29298619325422,0.00184922953676039,-5.58492417110817,0.00375403442324786
"Tenebrio molitor","Insecta","Coleoptera","Tenebrionidae","Tenebrio","molitor",0.1,1e-04,0.0003722,"W",25,"C","A. M. Makarieva et al., Mean mass-specific metabolic rates are strikingly similar across life's major domains: Evidence for life's metabolic optimum. Proc. Natl. Acad. Sci. U.S.A. 105, 16994-16999 (2008).",-9.21034037197618,-7.89607921375612,38.9232497932056,3420,298.15,-5126.81836119685,-1622.5901421774,27.3461553712044,-1.52597053816768,0.00220570966094921,FALSE,TRUE,-8.03860473179406,0.000322758971426814,-8.04717839207738,0.000320003574449763
"Tetramorium caespitum","Insecta","Hymenoptera","Formicidae","Tetramorium","caespitum",0.00069,6.9e-07,2.4e-06,"W",25,"C","A. M. Makarieva et al., Mean mass-specific metabolic rates are strikingly similar across life's major domains: Evidence for life's metabolic optimum. Proc. Natl. Acad. Sci. U.S.A. 105, 16994-16999 (2008).",-14.1865742393551,-12.9400418206104,38.9232497932056,3422,298.15,-5126.81836119685,-1622.5901421774,27.3461553712044,-1.52597053816768,0.00220570966094921,FALSE,TRUE,-11.9581079112533,6.40707370689852e-06,-12.4963415972067,3.74031173948989e-06
"Tetramorium caespitum","Insecta","Hymenoptera","Formicidae","Tetramorium","caespitum",0.00023,2.3e-07,2.38944444444445e-06,"W",25,"C","Jensen & Nielsen, 1975",-15.2851865280232,-12.9444496690648,38.9232497932056,3788,298.15,-5126.81836119685,-1622.5901421774,27.3461553712044,-1.52597053816768,0.00220570966094921,FALSE,TRUE,-12.8234238254942,2.69685622221125e-06,-13.3616575114476,1.57436662181559e-06
"Tramea carolina","Insecta","Odonata","Libellulidae","Tramea","carolina",0.383,0.000383,0.001795,"W",25,"C","A. M. Makarieva et al., Mean mass-specific metabolic rates are strikingly similar across life's major domains: Evidence for life's metabolic optimum. Proc. Natl. Acad. Sci. U.S.A. 105, 16994-16999 (2008).",-7.86747556878363,-6.32275025704189,38.9232497932056,3423,298.15,-5126.81836119685,-1622.5901421774,27.3461553712044,-1.52597053816768,0.00220570966094921,FALSE,TRUE,-6.98090467066944,0.000929461965762123,-6.43359600337131,0.00160666286885888
"Tramea carolina","Insecta","Odonata","Libellulidae","Tramea","carolina",0.383,0.000383,0.0017677669529663,"W",30,"C","(May, 1979)",-7.86747556878363,-6.33803813738799,38.2812697537333,3807,303.15,-5126.81836119685,-1622.5901421774,27.3461553712044,-1.52597053816768,0.00220570966094921,FALSE,TRUE,-6.8456407027369,0.00106408425652253,-6.29833203543878,0.00183937022413846
"Tribolium castaneum","Insecta","Coleoptera","Tenebrionidae","Tribolium","castaneum",0.0024,2.4e-06,1.3e-05,"W",25,"C","A. M. Makarieva et al., Mean mass-specific metabolic rates are strikingly similar across life's major domains: Evidence for life's metabolic optimum. Proc. Natl. Acad. Sci. U.S.A. 105, 16994-16999 (2008).",-12.9400418206104,-11.2505612005027,38.9232497932056,3424,298.15,-5126.81836119685,-1622.5901421774,27.3461553712044,-1.52597053816768,0.00220570966094921,FALSE,TRUE,-10.9762835218095,1.71025407809904e-05,-11.0369499976586,1.60958352806301e-05
"Tribolium confusum","Insecta","Coleoptera","Tenebrionidae","Tribolium","confusum",0.0020099999999999,2.01e-06,1.63e-05,"W",25,"C","A. M. Makarieva et al., Mean mass-specific metabolic rates are strikingly similar across life's major domains: Evidence for life's metabolic optimum. Proc. Natl. Acad. Sci. U.S.A. 105, 16994-16999 (2008).",-13.1173758358933,-11.0243454501516,38.9232497932056,3425,298.15,-5126.81836119685,-1622.5901421774,27.3461553712044,-1.52597053816768,0.00220570966094921,FALSE,TRUE,-11.1159596815824,1.4873050386409e-05,-11.1766261574315,1.39975792021639e-05
"Trimerotropis saxatilis","Insecta","Orthoptera","Acrididae","Trimerotropis","saxatilis",0.155,0.000155,0.0003218,"W",25,"C","A. M. Makarieva et al., Mean mass-specific metabolic rates are strikingly similar across life's major domains: Evidence for life's metabolic optimum. Proc. Natl. Acad. Sci. U.S.A. 105, 16994-16999 (2008).",-8.77208544104503,-8.04158032340599,38.9232497932056,3426,298.15,-5126.81836119685,-1622.5901421774,27.3461553712044,-1.52597053816768,0.00220570966094921,FALSE,TRUE,-7.69341565085902,0.000455818592595051,-7.34070688684135,0.000648591877795018
"Zophosis orbicularis","Insecta","Coleoptera","Tenebrionidae","Zophosis","orbicularis",0.103,0.000103,0.0001214,"W",25,"C","A. M. Makarieva et al., Mean mass-specific metabolic rates are strikingly similar across life's major domains: Evidence for life's metabolic optimum. Proc. Natl. Acad. Sci. U.S.A. 105, 16994-16999 (2008).",-9.18078156973464,-9.01641967933888,38.9232497932056,3427,298.15,-5126.81836119685,-1622.5901421774,27.3461553712044,-1.52597053816768,0.00220570966094921,FALSE,TRUE,-8.01532290411988,0.00033036154770781,-8.54636475000357,0.000194249964784994
"Armadillidium vulgare","Malacostraca","Isopoda","Armadillidiidae","Armadillidium","vulgare",0.12,0.0001199999999999,0.000169704,"W",20,"C","A. M. Makarieva et al., Mean mass-specific metabolic rates are strikingly similar across life's major domains: Evidence for life's metabolic optimum. Proc. Natl. Acad. Sci. U.S.A. 105, 16994-16999 (2008).",-9.02801881518306,-8.68145481499423,39.5871292029482,3431,293.15,-5126.81836119685,-1622.5901421774,27.3461553712044,-1.52597053816768,0.00220570966094921,FALSE,TRUE,-8.03487828585286,0.000323963959052085,-8.58362174331705,0.00018714595391628
"Armadillidium vulgare","Malacostraca","Isopoda","Armadillidiidae","Armadillidium","vulgare",0.144,0.0001439999999999,0.0001132271999999,"W",20,"C","A. M. Makarieva et al., Mean mass-specific metabolic rates are strikingly similar across life's major domains: Evidence for life's metabolic optimum. Proc. Natl. Acad. Sci. U.S.A. 105, 16994-16999 (2008).",-8.84569725838897,-9.08611413837382,39.5871292029482,3432,293.15,-5126.81836119685,-1622.5901421774,27.3461553712044,-1.52597053816768,0.00220570966094921,FALSE,TRUE,-7.89127371649712,0.000373992910542876,-8.44001717396131,0.000216046439876419
"Armadillidium vulgare","Malacostraca","Isopoda","Armadillidiidae","Armadillidium","vulgare",0.00064,6.4e-07,7.19008e-06,"W",20,"C","A. M. Makarieva et al., Mean mass-specific metabolic rates are strikingly similar across life's major domains: Evidence for life's metabolic optimum. Proc. Natl. Acad. Sci. U.S.A. 105, 16994-16999 (2008).",-14.2617976605927,-11.8428082597285,39.5871292029482,3428,293.15,-5126.81836119685,-1622.5901421774,27.3461553712044,-1.52597053816768,0.00220570966094921,FALSE,TRUE,-12.157235347816,5.25024745694173e-06,-12.7059788052802,3.03293789686007e-06
"Armadillidium vulgare","Malacostraca","Isopoda","Armadillidiidae","Armadillidium","vulgare",0.004,4e-06,1.63428e-05,"W",20,"C","A. M. Makarieva et al., Mean mass-specific metabolic rates are strikingly similar across life's major domains: Evidence for life's metabolic optimum. Proc. Natl. Acad. Sci. U.S.A. 105, 16994-16999 (2008).",-12.4292161968444,-11.0217231245835,39.5871292029482,3429,293.15,-5126.81836119685,-1622.5901421774,27.3461553712044,-1.52597053816768,0.00220570966094921,FALSE,TRUE,-10.7138126580454,2.22356731960774e-05,-11.2625561155096,1.28449975837638e-05
"Armadillidium vulgare","Malacostraca","Isopoda","Armadillidiidae","Armadillidium","vulgare",0.065,6.5e-05,7.45485e-05,"W",20,"C","A. M. Makarieva et al., Mean mass-specific metabolic rates are strikingly similar across life's major domains: Evidence for life's metabolic optimum. Proc. Natl. Acad. Sci. U.S.A. 105, 16994-16999 (2008).",-9.64112328806864,-9.5040606376803,39.5871292029482,3430,293.15,-5126.81836119685,-1622.5901421774,27.3461553712044,-1.52597053816768,0.00220570966094921,FALSE,TRUE,-8.51778664483668,0.000199881344527641,-9.06653010230088,0.000115466501277323
"Cylisticus convexus","Malacostraca","Isopoda","Cylisticidae","Cylisticus","convexus",0.0384,3.84e-05,7.132416e-05,"W",20,"C","A. M. Makarieva et al., Mean mass-specific metabolic rates are strikingly similar across life's major domains: Evidence for life's metabolic optimum. Proc. Natl. Acad. Sci. U.S.A. 105, 16994-16999 (2008).",-10.1674530983706,-9.54827543801082,39.5871292029482,3433,293.15,-5126.81836119685,-1622.5901421774,27.3461553712044,-1.52597053816768,0.00220570966094921,FALSE,TRUE,-8.9323474190893,0.000132047689162628,-9.42162170863994,8.09546279790833e-05
"Dikerogammarus haemobaphes","Malacostraca","Amphipoda","Gammaridae","Dikerogammarus","haemobaphes",0.008,8e-06,3.60984e-05,"W",20,"C","A. M. Makarieva et al., Mean mass-specific metabolic rates are strikingly similar across life's major domains: Evidence for life's metabolic optimum. Proc. Natl. Acad. Sci. U.S.A. 105, 16994-16999 (2008).",-11.7360690162844,-10.2292620149373,39.5871292029482,3434,293.15,-5126.81836119685,-1622.5901421774,27.3461553712044,-1.52597053816768,0.00220570966094921,FALSE,TRUE,-10.1678591015119,3.83844126438455e-05,-10.571503777611,2.56362349988876e-05
"Gammarus fossarum","Malacostraca","Amphipoda","Gammaridae","Gammarus","fossarum",0.0189,1.89e-05,3.78e-05,"W",10,"C","A. M. Makarieva et al., Mean mass-specific metabolic rates are strikingly similar across life's major domains: Evidence for life's metabolic optimum. Proc. Natl. Acad. Sci. U.S.A. 105, 16994-16999 (2008).",-10.8763486358987,-10.1832014553387,40.9852266496354,3435,283.15,-5126.81836119685,-1622.5901421774,27.3461553712044,-1.52597053816768,0.00220570966094921,FALSE,TRUE,-9.7852815434028,5.62737972905348e-05,-10.1889262195019,3.75842221426107e-05
"Gammarus locusta","Malacostraca","Amphipoda","Gammaridae","Gammarus","locusta",0.05,5e-05,0.00024,"W",15,"C","A. M. Makarieva et al., Mean mass-specific metabolic rates are strikingly similar across life's major domains: Evidence for life's metabolic optimum. Proc. Natl. Acad. Sci. U.S.A. 105, 16994-16999 (2008).",-9.90348755253613,-8.33487163462228,40.2740479814134,3438,288.15,-5126.81836119685,-1622.5901421774,27.3461553712044,-1.52597053816768,0.00220570966094921,FALSE,TRUE,-8.8691688861325,0.000140659443121397,-9.12223441351876,0.000109210383353533
"Gammarus locusta","Malacostraca","Amphipoda","Gammaridae","Gammarus","locusta",0.015,1.5e-05,3.9429e-05,"W",20,"C","A. M. Makarieva et al., Mean mass-specific metabolic rates are strikingly similar across life's major domains: Evidence for life's metabolic optimum. Proc. Natl. Acad. Sci. U.S.A. 105, 16994-16999 (2008).",-11.1074603568621,-10.1410089717963,39.5871292029482,3437,293.15,-5126.81836119685,-1622.5901421774,27.3461553712044,-1.52597053816768,0.00220570966094921,FALSE,TRUE,-9.67273895545266,6.29771273486192e-05,-9.92580448283893,4.88965125100847e-05
"Gammarus locusta","Malacostraca","Amphipoda","Gammaridae","Gammarus","locusta",0.015,1.5e-05,3.483e-05,"W",20,"C","A. M. Makarieva et al., Mean mass-specific metabolic rates are strikingly similar across life's major domains: Evidence for life's metabolic optimum. Proc. Natl. Acad. Sci. U.S.A. 105, 16994-16999 (2008).",-11.1074603568621,-10.2650314735864,39.5871292029482,3436,293.15,-5126.81836119685,-1622.5901421774,27.3461553712044,-1.52597053816768,0.00220570966094921,FALSE,TRUE,-9.67273895545266,6.29771273486192e-05,-9.92580448283893,4.88965125100849e-05
"Gammarus oceanicus","Malacostraca","Amphipoda","Gammaridae","Gammarus","oceanicus",0.05,5e-05,0.00014,"W",15,"C","A. M. Makarieva et al., Mean mass-specific metabolic rates are strikingly similar across life's major domains: Evidence for life's metabolic optimum. Proc. Natl. Acad. Sci. U.S.A. 105, 16994-16999 (2008).",-9.90348755253613,-8.87386813535497,40.2740479814134,3439,288.15,-5126.81836119685,-1622.5901421774,27.3461553712044,-1.52597053816768,0.00220570966094921,FALSE,TRUE,-8.8691688861325,0.000140659443121397,-9.14067474767615,0.000107214962053073
"Glyptonotus antarcticus","Malacostraca","Isopoda","Chaetiliidae","Glyptonotus","antarcticus",33,0.033,0.0106392,"W",0,"C","A. M. Makarieva et al., Mean mass-specific metabolic rates are strikingly similar across life's major domains: Evidence for life's metabolic optimum. Proc. Natl. Acad. Sci. U.S.A. 105, 16994-16999 (2008).",-3.41124771751566,-4.54320998586532,42.4856925712768,3440,273.15,-5126.81836119685,-1622.5901421774,27.3461553712044,-1.52597053816768,0.00220570966094921,FALSE,TRUE,-4.22158125177216,0.0146754206134788,-4.53241568527921,0.0107546647824489
"Idotea baltica","Malacostraca","Isopoda","Idoteidae","Idotea","baltica",0.1385,0.0001385,0.00029085,"W",20,"C","A. M. Makarieva et al., Mean mass-specific metabolic rates are strikingly similar across life's major domains: Evidence for life's metabolic optimum. Proc. Natl. Acad. Sci. U.S.A. 105, 16994-16999 (2008).",-8.88464023233688,-8.1427028876075,39.5871292029482,3441,293.15,-5126.81836119685,-1622.5901421774,27.3461553712044,-1.52597053816768,0.00220570966094921,FALSE,TRUE,-7.92194693529558,0.000362695493980957,-8.23278136880263,0.0002657960244279
"Ligia oceanica","Malacostraca","Isopoda","Ligiidae","Ligia","oceanica",0.8,8e-04,0.001068,"W",20,"C","A. M. Makarieva et al., Mean mass-specific metabolic rates are strikingly similar across life's major domains: Evidence for life's metabolic optimum. Proc. Natl. Acad. Sci. U.S.A. 105, 16994-16999 (2008).",-7.13089883029635,-6.84196753844413,39.5871292029482,3443,293.15,-5126.81836119685,-1622.5901421774,27.3461553712044,-1.52597053816768,0.00220570966094921,FALSE,TRUE,-6.54062218560737,0.00144359003859999,-6.9025781373013,0.00100519056623577
"Ligia oceanica","Malacostraca","Isopoda","Ligiidae","Ligia","oceanica",0.8,8e-04,0.00100576,"W",20,"C","A. M. Makarieva et al., Mean mass-specific metabolic rates are strikingly similar across life's major domains: Evidence for life's metabolic optimum. Proc. Natl. Acad. Sci. U.S.A. 105, 16994-16999 (2008).",-7.13089883029635,-6.90201180435507,39.5871292029482,3442,293.15,-5126.81836119685,-1622.5901421774,27.3461553712044,-1.52597053816768,0.00220570966094921,FALSE,TRUE,-6.54062218560737,0.00144359003859999,-6.9025781373013,0.00100519056623577
"Niphargus rhenorhodanensis","Malacostraca","Amphipoda","Niphargidae","Niphargus","rhenorhodanensis",0.013,1.3e-05,1.56e-05,"W",11,"C","A. M. Makarieva et al., Mean mass-specific metabolic rates are strikingly similar across life's major domains: Evidence for life's metabolic optimum. Proc. Natl. Acad. Sci. U.S.A. 105, 16994-16999 (2008).",-11.2505612005027,-11.0682396437088,40.8409886533319,3444,284.15,-5126.81836119685,-1622.5901421774,27.3461553712044,-1.52597053816768,0.00220570966094921,FALSE,TRUE,-10.0496373371844,4.32014137660188e-05,-10.9511411546472,1.75379903183243e-05
"Niphargus stygius","Malacostraca","Amphipoda","Niphargidae","Niphargus","stygius",0.0304,3.04e-05,2.8272e-05,"W",10,"C","A. M. Makarieva et al., Mean mass-specific metabolic rates are strikingly similar across life's major domains: Evidence for life's metabolic optimum. Proc. Natl. Acad. Sci. U.S.A. 105, 16994-16999 (2008).",-10.4010679495521,-10.4736386423869,40.9852266496354,3445,283.15,-5126.81836119685,-1622.5901421774,27.3461553712044,-1.52597053816768,0.00220570966094921,FALSE,TRUE,-9.41092933027979,8.18248696772008e-05,-10.3124331477425,3.32175187592047e-05
"Niphargus virei","Malacostraca","Amphipoda","Niphargidae","Niphargus","virei",0.093,9.3e-05,4.185e-05,"W",11,"C","A. M. Makarieva et al., Mean mass-specific metabolic rates are strikingly similar across life's major domains: Evidence for life's metabolic optimum. Proc. Natl. Acad. Sci. U.S.A. 105, 16994-16999 (2008).",-9.28291106481102,-10.0814187610288,40.8409886533319,3446,284.15,-5126.81836119685,-1622.5901421774,27.3461553712044,-1.52597053816768,0.00220570966094921,FALSE,TRUE,-8.49982855237963,0.000203503256168906,-9.37287972149207,8.49982643161818e-05
"Oniscus asellus","Malacostraca","Isopoda","Oniscidae","Oniscus","asellus",0.01,1e-05,6.6001e-05,"W",20,"C","A. M. Makarieva et al., Mean mass-specific metabolic rates are strikingly similar across life's major domains: Evidence for life's metabolic optimum. Proc. Natl. Acad. Sci. U.S.A. 105, 16994-16999 (2008).",-11.5129254649702,-9.62584066453748,39.5871292029482,3449,293.15,-5126.81836119685,-1622.5901421774,27.3461553712044,-1.52597053816768,0.00220570966094921,FALSE,TRUE,-9.9921013131601,4.5759949560273e-05,-10.1691521634587,3.83348112962237e-05
"Oniscus asellus","Malacostraca","Isopoda","Oniscidae","Oniscus","asellus",0.018,1.8e-05,5.65632e-05,"W",20,"C","A. M. Makarieva et al., Mean mass-specific metabolic rates are strikingly similar across life's major domains: Evidence for life's metabolic optimum. Proc. Natl. Acad. Sci. U.S.A. 105, 16994-16999 (2008).",-10.9251388000681,-9.7801519608901,39.5871292029482,3450,293.15,-5126.81836119685,-1622.5901421774,27.3461553712044,-1.52597053816768,0.00220570966094921,FALSE,TRUE,-9.52913438609703,7.27025290827186e-05,-9.70618523639565,6.09056120018943e-05
"Oniscus asellus","Malacostraca","Isopoda","Oniscidae","Oniscus","asellus",0.0018,1.8e-06,2.20626e-05,"W",20,"C","A. M. Makarieva et al., Mean mass-specific metabolic rates are strikingly similar across life's major domains: Evidence for life's metabolic optimum. Proc. Natl. Acad. Sci. U.S.A. 105, 16994-16999 (2008).",-13.2277238930622,-10.7216266907031,39.5871292029482,3447,293.15,-5126.81836119685,-1622.5901421774,27.3461553712044,-1.52597053816768,0.00220570966094921,FALSE,TRUE,-11.3427528440493,1.18550947739625e-05,-11.5198036943479,9.93145371500247e-06
"Oniscus asellus","Malacostraca","Isopoda","Oniscidae","Oniscus","asellus",0.15,0.00015,0.000141495,"W",20,"C","A. M. Makarieva et al., Mean mass-specific metabolic rates are strikingly similar across life's major domains: Evidence for life's metabolic optimum. Proc. Natl. Acad. Sci. U.S.A. 105, 16994-16999 (2008).",-8.80487526386802,-8.86324617719435,39.5871292029482,3454,293.15,-5126.81836119685,-1622.5901421774,27.3461553712044,-1.52597053816768,0.00220570966094921,FALSE,TRUE,-7.8591204975004,0.000386213397691692,-8.03617134779901,0.00032354532430337
"Oniscus asellus","Malacostraca","Isopoda","Oniscidae","Oniscus","asellus",0.0061,6.1e-06,4.313371e-05,"W",20,"C","A. M. Makarieva et al., Mean mass-specific metabolic rates are strikingly similar across life's major domains: Evidence for life's metabolic optimum. Proc. Natl. Acad. Sci. U.S.A. 105, 16994-16999 (2008).",-12.007221786785,-10.0512057319917,39.5871292029482,3448,293.15,-5126.81836119685,-1622.5901421774,27.3461553712044,-1.52597053816768,0.00220570966094921,FALSE,TRUE,-10.3814310867562,3.10028604003676e-05,-10.5584819370549,2.59722489756208e-05
"Oniscus asellus","Malacostraca","Isopoda","Oniscidae","Oniscus","asellus",0.06,6e-05,0.000169704,"W",20,"C","A. M. Makarieva et al., Mean mass-specific metabolic rates are strikingly similar across life's major domains: Evidence for life's metabolic optimum. Proc. Natl. Acad. Sci. U.S.A. 105, 16994-16999 (2008).",-9.72116599574217,-8.68145481499423,39.5871292029482,3452,293.15,-5126.81836119685,-1622.5901421774,27.3461553712044,-1.52597053816768,0.00220570966094921,FALSE,TRUE,-8.58083184238569,0.000187668801594892,-8.75788269268431,0.000157217133420408
"Oniscus asellus","Malacostraca","Isopoda","Oniscidae","Oniscus","asellus",0.02,2e-05,4.715e-05,"W",20,"C","A. M. Makarieva et al., Mean mass-specific metabolic rates are strikingly similar across life's major domains: Evidence for life's metabolic optimum. Proc. Natl. Acad. Sci. U.S.A. 105, 16994-16999 (2008).",-10.8197782844103,-9.96217654888481,39.5871292029482,3451,293.15,-5126.81836119685,-1622.5901421774,27.3461553712044,-1.52597053816768,0.00220570966094921,FALSE,TRUE,-9.44614775662661,7.89932812465033e-05,-9.62319860692524,6.6175609006422e-05
"Oniscus asellus","Malacostraca","Isopoda","Oniscidae","Oniscus","asellus",0.1,1e-04,0.00015712,"W",20,"C","A. M. Makarieva et al., Mean mass-specific metabolic rates are strikingly similar across life's major domains: Evidence for life's metabolic optimum. Proc. Natl. Acad. Sci. U.S.A. 105, 16994-16999 (2008).",-9.21034037197618,-8.75850071335812,39.5871292029482,3453,293.15,-5126.81836119685,-1622.5901421774,27.3461553712044,-1.52597053816768,0.00220570966094921,FALSE,TRUE,-8.17848285520783,0.000280627369680446,-8.35553370550645,0.000235091982500675
"Porcellio scaber","Malacostraca","Isopoda","Porcellionidae","Porcellio","scaber",0.25,0.00025,0.000471275,"W",20,"C","A. M. Makarieva et al., Mean mass-specific metabolic rates are strikingly similar across life's major domains: Evidence for life's metabolic optimum. Proc. Natl. Acad. Sci. U.S.A. 105, 16994-16999 (2008).",-8.29404964010203,-7.6600687702113,39.5871292029482,3458,293.15,-5126.81836119685,-1622.5901421774,27.3461553712044,-1.52597053816768,0.00220570966094921,FALSE,TRUE,-7.45677151032254,0.000577517674799909,-8.0371781065172,0.000323219756139191
"Porcellio scaber","Malacostraca","Isopoda","Porcellionidae","Porcellio","scaber",0.007,7e-06,2.19968e-05,"W",20,"C","A. M. Makarieva et al., Mean mass-specific metabolic rates are strikingly similar across life's major domains: Evidence for life's metabolic optimum. Proc. Natl. Acad. Sci. U.S.A. 105, 16994-16999 (2008).",-11.869600408909,-10.724613569731,39.5871292029482,3455,293.15,-5126.81836119685,-1622.5901421774,27.3461553712044,-1.52597053816768,0.00220570966094921,FALSE,TRUE,-10.2730343669632,3.45523716205976e-05,-10.8534409631579,1.93379520949028e-05
"Porcellio scaber","Malacostraca","Isopoda","Porcellionidae","Porcellio","scaber",0.06,6e-05,5.6598e-05,"W",20,"C","A. M. Makarieva et al., Mean mass-specific metabolic rates are strikingly similar across life's major domains: Evidence for life's metabolic optimum. Proc. Natl. Acad. Sci. U.S.A. 105, 16994-16999 (2008).",-9.72116599574217,-9.7795369090685,39.5871292029482,3456,293.15,-5126.81836119685,-1622.5901421774,27.3461553712044,-1.52597053816768,0.00220570966094921,FALSE,TRUE,-8.58083184238569,0.000187668801594892,-9.16123843858035,0.000105032740872305
"Porcellio scaber","Malacostraca","Isopoda","Porcellionidae","Porcellio","scaber",0.1,1e-04,0.00015712,"W",20,"C","A. M. Makarieva et al., Mean mass-specific metabolic rates are strikingly similar across life's major domains: Evidence for life's metabolic optimum. Proc. Natl. Acad. Sci. U.S.A. 105, 16994-16999 (2008).",-9.21034037197618,-8.75850071335812,39.5871292029482,3457,293.15,-5126.81836119685,-1622.5901421774,27.3461553712044,-1.52597053816768,0.00220570966094921,FALSE,TRUE,-8.17848285520783,0.000280627369680446,-8.75888945140249,0.000157058933348702
"Stenasellus virei","Malacostraca","Isopoda","Stenasellidae","Stenasellus","virei",0.012,1.2e-05,9.84e-06,"W",11,"C","A. M. Makarieva et al., Mean mass-specific metabolic rates are strikingly similar across life's major domains: Evidence for life's metabolic optimum. Proc. Natl. Acad. Sci. U.S.A. 105, 16994-16999 (2008).",-11.3306039081763,-11.5290548469001,40.8409886533319,3459,284.15,-5126.81836119685,-1622.5901421774,27.3461553712044,-1.52597053816768,0.00220570966094921,FALSE,TRUE,-10.1126825347334,4.05618521720152e-05,-10.581829517465,2.53728838928486e-05
"Amblyrhynchus cristatus","Reptilia","Squamata","Iguanidae","Amblyrhynchus","cristatus",747.5,0.7475,0.1517425,"W",25,"C","A. M. Makarieva et al., Mean mass-specific metabolic rates are strikingly similar across life's major domains: Evidence for life's metabolic optimum. Proc. Natl. Acad. Sci. U.S.A. 105, 16994-16999 (2008).",-0.291020973717295,-1.88557027365765,38.9232497932056,3502,298.15,18504.5921575775,137.664959687806,608.838705503057,-2504.96665964894,161.155410749487,FALSE,TRUE,-1.0133519659907,0.363000173777794,-1.06731681792602,0.343930107568038
"Amblyrhynchus cristatus","Reptilia","Squamata","Iguanidae","Amblyrhynchus","cristatus",489,0.489,1.06089224764399,"W",30,"C","J. F. Gillooly, J. P. Gomez, E. V. Mavrodiev,  A broad-scale comparison of aerobic activity levels in vertebrates: endotherms versus ectotherms. Proc. Biol. Sci. 284, 20162328 (2017).",-0.715392789507265,0.0591102971173263,38.2812697537333,3460,303.15,18504.5921575775,137.664959687806,608.838705503057,-2504.96665964894,161.155410749487,FALSE,TRUE,-1.21234211986811,0.297499682903351,-1.26630697180345,0.281870658290756
"Chelydra serpentina","Reptilia","Testudines","Chelydridae","Chelydra","serpentina",3473,3.473,0.250056,"W",10,"C","A. M. Makarieva et al., Mean mass-specific metabolic rates are strikingly similar across life's major domains: Evidence for life's metabolic optimum. Proc. Natl. Acad. Sci. U.S.A. 105, 16994-16999 (2008).",1.24501877376194,-1.38607038620415,40.9852266496354,3513,283.15,-5126.81836119685,-1622.5901421774,27.3461553712044,-1.52597053816768,0.00220570966094921,FALSE,TRUE,-0.237953309293367,0.788239493693551,-0.784681164724787,0.456265152022389
"Chelydra serpentina","Reptilia","Testudines","Chelydridae","Chelydra","serpentina",3473,3.473,6.0524811434279,"W",30,"C","J. F. Gillooly, J. P. Gomez, E. V. Mavrodiev,  A broad-scale comparison of aerobic activity levels in vertebrates: endotherms versus ectotherms. Proc. Biol. Sci. 284, 20162328 (2017).",1.24501877376194,1.80046829432384,38.2812697537333,3461,303.15,-5126.81836119685,-1622.5901421774,27.3461553712044,-1.52597053816768,0.00220570966094921,FALSE,TRUE,0.331765243263019,1.393425694044,-0.214962612168395,0.806571595576594
"Chelydra serpentina","Reptilia","Testudines","Chelydridae","Chelydra","serpentina",3473,3.473,0.188985635702953,"W",30,"C","Gatten Jr, 1978",1.24501877376194,-1.66608426838244,38.2812697537333,3895,303.15,-5126.81836119685,-1622.5901421774,27.3461553712044,-1.52597053816768,0.00220570966094921,FALSE,TRUE,0.331765243263019,1.393425694044,-0.214962612168413,0.806571595576579
"Cnemidophorus murinus","Reptilia","Squamata","Teiidae","Cnemidophorus","murinus",55.2,0.0552,0.0185058769083339,"W",40,"C","Bennett & Gleeson, 1979",-2.89679232569909,-3.98966692662377,37.0588118340867,3909,313.15,18504.5921575775,137.664959687806,608.838705503057,-2504.96665964894,161.155410749487,FALSE,TRUE,-2.67293989352174,0.0690489301203204,-3.31968432978957,0.0361642459275162
"Cnemidophorus murinus","Reptilia","Squamata","Teiidae","Cnemidophorus","murinus",55,0.055,0.131156175505032,"W",40,"C","J. F. Gillooly, J. P. Gomez, E. V. Mavrodiev,  A broad-scale comparison of aerobic activity levels in vertebrates: endotherms versus ectotherms. Proc. Biol. Sci. 284, 20162328 (2017).",-2.90042209374967,-2.03136648643485,37.0588118340867,3462,313.15,18504.5921575775,137.664959687806,608.838705503057,-2504.96665964894,161.155410749487,FALSE,TRUE,-2.67579886032155,0.0688518034451246,-3.3225432965894,0.0360610012060085
"Cnemidophorus murinus","Reptilia","Squamata","Teiidae","Cnemidophorus","murinus",85,0.085,0.022695,"W",40,"C","A. M. Makarieva et al., Mean mass-specific metabolic rates are strikingly similar across life's major domains: Evidence for life's metabolic optimum. Proc. Natl. Acad. Sci. U.S.A. 105, 16994-16999 (2008).",-2.46510402249182,-3.78561064307371,37.0588118340867,3514,313.15,18504.5921575775,137.664959687806,608.838705503057,-2504.96665964894,161.155410749487,FALSE,TRUE,-2.33292298072189,0.0970117687302911,-2.97966741698974,0.0508097295079313
"Coluber constrictor","Reptilia","Squamata","Colubridae","Coluber","constrictor",262,0.262,0.608469945355191,"W",35,"C","J. F. Gillooly, J. P. Gomez, E. V. Mavrodiev,  A broad-scale comparison of aerobic activity levels in vertebrates: endotherms versus ectotherms. Proc. Biol. Sci. 284, 20162328 (2017).",-1.33941077522104,-0.496807759138044,37.6601230759184,3463,308.15,18752.9238840648,164.5429220734,2767.8682603448,282.155925316632,-1057.10270750757,FALSE,TRUE,-1.57297202865236,0.207427784031282,-1.82170213055417,0.161750196533964
"Coluber constrictor","Reptilia","Squamata","Colubridae","Coluber","constrictor",262,0.262,0.038252,"W",35,"C","A. M. Makarieva et al., Mean mass-specific metabolic rates are strikingly similar across life's major domains: Evidence for life's metabolic optimum. Proc. Natl. Acad. Sci. U.S.A. 105, 16994-16999 (2008).",-1.33941077522104,-3.26355943249484,37.6601230759184,3515,308.15,18752.9238840648,164.5429220734,2767.8682603448,282.155925316632,-1057.10270750757,FALSE,TRUE,-1.57297202865236,0.207427784031282,-1.82170213055418,0.161750196533963
"Crocodylus porosus","Reptilia","Crocodilia","Crocodylidae","Crocodylus","porosus",1003,1.003,1.22470074646835,"W",32,"C","J. F. Gillooly, J. P. Gomez, E. V. Mavrodiev,  A broad-scale comparison of aerobic activity levels in vertebrates: endotherms versus ectotherms. Proc. Biol. Sci. 284, 20162328 (2017).",0.00299550897979837,0.202696525556107,38.0303684281313,3464,305.15,18391.9827102339,126.911867236368,54.5456779746601,-2074.15119573897,140.593237925757,FALSE,TRUE,-0.593643105910354,0.552311485841161,-0.0482757895211415,0.952870959011062
"Crotalus viridis","Reptilia","Squamata","Viperidae","Crotalus","viridis",301,0.301,0.043946,"W",35,"C","A. M. Makarieva et al., Mean mass-specific metabolic rates are strikingly similar across life's major domains: Evidence for life's metabolic optimum. Proc. Natl. Acad. Sci. U.S.A. 105, 16994-16999 (2008).",-1.20064501423326,-3.12479367150706,37.6601230759184,3517,308.15,18504.5921575775,137.664959687806,608.838705503057,-2504.96665964894,161.155410749487,FALSE,TRUE,-1.46367394180859,0.231384617597892,-2.05433452801329,0.128178106140746
"Crotalus viridis","Reptilia","Squamata","Viperidae","Crotalus","viridis",301,0.301,0.356375227686703,"W",35,"C","J. F. Gillooly, J. P. Gomez, E. V. Mavrodiev,  A broad-scale comparison of aerobic activity levels in vertebrates: endotherms versus ectotherms. Proc. Biol. Sci. 284, 20162328 (2017).",-1.20064501423326,-1.03177109285311,37.6601230759184,3465,308.15,18504.5921575775,137.664959687806,608.838705503057,-2504.96665964894,161.155410749487,FALSE,TRUE,-1.46367394180859,0.231384617597892,-2.05433452801326,0.128178106140749
"Cyclura nubila","Reptilia","Squamata","Iguanidae","Cyclura","nubila",1254,1.254,1.76668318556184,"W",38,"C","J. F. Gillooly, J. P. Gomez, E. V. Mavrodiev,  A broad-scale comparison of aerobic activity levels in vertebrates: endotherms versus ectotherms. Proc. Biol. Sci. 284, 20162328 (2017).",0.226338442210729,0.569103882164275,37.2970172773397,3466,311.15,18504.5921575775,137.664959687806,608.838705503057,-2504.96665964894,161.155410749487,FALSE,TRUE,-0.263212588950855,0.768578488647786,-0.422786616240351,0.655218431168193
"Diplodactylus galeatus","Reptilia","Squamata","Diplodactylidae","Diplodactylus","galeatus",4,0.004,0.0140584494166319,"W",20,"C","J. F. Gillooly, J. P. Gomez, E. V. Mavrodiev,  A broad-scale comparison of aerobic activity levels in vertebrates: endotherms versus ectotherms. Proc. Biol. Sci. 284, 20162328 (2017).",-5.52146091786225,-4.26453168199337,39.5871292029482,3467,293.15,18800.1535227516,169.735196389278,3201.2614584003,886.211369622013,-187.589322618966,FALSE,TRUE,-5.27295728418859,0.00512842192445501,-5.08800686018331,0.00617030592162293
"Egernia cunninghami","Reptilia","Squamata","Scincidae","Egernia","cunninghami",35,0.035,0.111427651341601,"W",30,"C","J. F. Gillooly, J. P. Gomez, E. V. Mavrodiev,  A broad-scale comparison of aerobic activity levels in vertebrates: endotherms versus ectotherms. Proc. Biol. Sci. 284, 20162328 (2017).",-3.35240721749272,-2.19437976557867,38.2812697537333,3468,303.15,18785.4264057492,168.124327098774,3068.4682030444,705.982971593312,-328.283049830073,FALSE,TRUE,-3.28937200034134,0.0372772521486115,-3.57572406332303,0.0279951481739588
"Egernia cunninghami","Reptilia","Squamata","Scincidae","Egernia","cunninghami",261,0.261,0.076995,"W",20,"C","A. M. Makarieva et al., Mean mass-specific metabolic rates are strikingly similar across life's major domains: Evidence for life's metabolic optimum. Proc. Natl. Acad. Sci. U.S.A. 105, 16994-16999 (2008).",-1.34323487165944,-2.56401479430176,39.5871292029482,3523,293.15,18785.4264057492,168.124327098774,3068.4682030444,705.982971593312,-328.283049830073,FALSE,TRUE,-1.98200056691173,0.137793296674087,-2.26835262989341,0.103482513742984
"Elgaria multicarinata","Reptilia","Squamata","Anguidae","Elgaria","multicarinata",29,0.029,0.014326,"W",20,"C","A. M. Makarieva et al., Mean mass-specific metabolic rates are strikingly similar across life's major domains: Evidence for life's metabolic optimum. Proc. Natl. Acad. Sci. U.S.A. 105, 16994-16999 (2008).",-3.54045944899566,-4.24567921078988,39.5871292029482,3524,293.15,18504.5921575775,137.664959687806,608.838705503057,-2504.96665964894,161.155410749487,FALSE,TRUE,-3.71263239539358,0.0244131734863446,-4.00199401560847,0.0182791536071106
"Elgaria multicarinata","Reptilia","Squamata","Anguidae","Elgaria","multicarinata",257,0.257,0.457020529760476,"W",30,"C","J. F. Gillooly, J. P. Gomez, E. V. Mavrodiev,  A broad-scale comparison of aerobic activity levels in vertebrates: endotherms versus ectotherms. Proc. Biol. Sci. 284, 20162328 (2017).",-1.35867919408692,-0.783026966207491,38.2812697537333,3469,303.15,18504.5921575775,137.664959687806,608.838705503057,-2504.96665964894,161.155410749487,FALSE,TRUE,-1.71902311100507,0.179241161131079,-2.00838473121992,0.134205277280505
"Heloderma horridum","Reptilia","Squamata","Helodermatidae","Heloderma","horridum",803,0.803,2.59223126619136,"W",31.2,"C","J. F. Gillooly, J. P. Gomez, E. V. Mavrodiev,  A broad-scale comparison of aerobic activity levels in vertebrates: endotherms versus ectotherms. Proc. Biol. Sci. 284, 20162328 (2017).",-0.219400565035375,0.95251899757754,38.130333253965,3470,304.35,18504.5921575775,137.664959687806,608.838705503057,-2504.96665964894,161.155410749487,FALSE,TRUE,-0.789874545726083,0.453901735623249,-0.965356467260833,0.380847415904387
"Iguana iguana","Reptilia","Squamata","Iguanidae","Iguana","iguana",795,0.795,1.30064130531833,"W",30,"C","J. F. Gillooly, J. P. Gomez, E. V. Mavrodiev,  A broad-scale comparison of aerobic activity levels in vertebrates: endotherms versus ectotherms. Proc. Biol. Sci. 284, 20162328 (2017).",-0.229413164327805,0.26285745461257,38.2812697537333,3471,303.15,18504.5921575775,137.664959687806,608.838705503057,-2504.96665964894,161.155410749487,FALSE,TRUE,-0.829562946539869,0.436239904823114,-0.920543709740837,0.398302421294449
"Iguana iguana","Reptilia","Squamata","Iguanidae","Iguana","iguana",795,0.795,0.22737,"W",37,"C","A. M. Makarieva et al., Mean mass-specific metabolic rates are strikingly similar across life's major domains: Evidence for life's metabolic optimum. Proc. Natl. Acad. Sci. U.S.A. 105, 16994-16999 (2008).",-0.229413164327805,-1.48117663249009,37.4172720485064,3532,310.15,18504.5921575775,137.664959687806,608.838705503057,-2504.96665964894,161.155410749487,FALSE,TRUE,-0.647520280556574,0.523341910183472,-0.738501043757535,0.477829624677417
"Intellagama lesueurii","Reptilia","Squamata","Agamidae","Intellagama","lesueurii",549,0.549,0.898178712729265,"W",30,"C","J. F. Gillooly, J. P. Gomez, E. V. Mavrodiev,  A broad-scale comparison of aerobic activity levels in vertebrates: endotherms versus ectotherms. Proc. Biol. Sci. 284, 20162328 (2017).",-0.599656837472606,-0.107386218532231,38.2812697537333,3472,303.15,18504.5921575775,137.664959687806,608.838705503057,-2504.96665964894,161.155410749487,FALSE,TRUE,-1.12118333511901,0.32589392463522,-0.8714631571369,0.418339005531476
"Masticophis flagellum","Reptilia","Squamata","Colubridae","Masticophis","flagellum",262,0.262,0.507232,"W",35,"C","A. M. Makarieva et al., Mean mass-specific metabolic rates are strikingly similar across life's major domains: Evidence for life's metabolic optimum. Proc. Natl. Acad. Sci. U.S.A. 105, 16994-16999 (2008).",-1.33941077522104,-0.678786786366655,37.6601230759184,3540,308.15,18752.9238840648,164.5429220734,2767.8682603448,282.155925316632,-1057.10270750757,FALSE,TRUE,-1.57297202865236,0.207427784031282,-1.6748439594929,0.187337409425735
"Masticophis flagellum","Reptilia","Squamata","Colubridae","Masticophis","flagellum",262,0.262,0.608469945355191,"W",35,"C","J. F. Gillooly, J. P. Gomez, E. V. Mavrodiev,  A broad-scale comparison of aerobic activity levels in vertebrates: endotherms versus ectotherms. Proc. Biol. Sci. 284, 20162328 (2017).",-1.33941077522104,-0.496807759138044,37.6601230759184,3473,308.15,18752.9238840648,164.5429220734,2767.8682603448,282.155925316632,-1057.10270750757,FALSE,TRUE,-1.57297202865236,0.207427784031282,-1.67484395949292,0.187337409425731
"Moloch horridus","Reptilia","Squamata","Agamidae","Moloch","horridus",28,0.028,0.062431693989071,"W",35,"C","J. F. Gillooly, J. P. Gomez, E. V. Mavrodiev,  A broad-scale comparison of aerobic activity levels in vertebrates: endotherms versus ectotherms. Proc. Biol. Sci. 284, 20162328 (2017).",-3.57555076880693,-2.77368221606115,37.6601230759184,3474,308.15,18504.5921575775,137.664959687806,608.838705503057,-2504.96665964894,161.155410749487,FALSE,TRUE,-3.33425537026353,0.0356411157674391,-3.08453519228136,0.0457512945136145
"Naultinus manukanus","Reptilia","Squamata","Diplodactylidae","Naultinus","manukanus",7,0.007,0.009,"W",25,"C","J. F. Gillooly, J. P. Gomez, E. V. Mavrodiev,  A broad-scale comparison of aerobic activity levels in vertebrates: endotherms versus ectotherms. Proc. Biol. Sci. 284, 20162328 (2017).",-4.96184512992682,-4.71053070164592,38.9232497932056,3475,298.15,18800.1535227516,169.735196389278,3201.2614584003,886.211369622013,-187.589322618966,FALSE,TRUE,-4.69230086969266,0.00916557308701677,-4.50735044568706,0.0110276398328741
"Nephrurus asper","Reptilia","Squamata","Carphodactylidae","Nephrurus","asper",25,0.025,0.0679491721803878,"W",20,"C","J. F. Gillooly, J. P. Gomez, E. V. Mavrodiev,  A broad-scale comparison of aerobic activity levels in vertebrates: endotherms versus ectotherms. Proc. Biol. Sci. 284, 20162328 (2017).",-3.68887945411394,-2.68899532123494,39.5871292029482,3476,293.15,18800.1535227516,169.735196389278,3201.2614584003,886.211369622013,-187.589322618966,FALSE,TRUE,-3.82953459441801,0.0217197217576873,-3.37348725398675,0.0342699208058524
"Nephrurus levis","Reptilia","Squamata","Carphodactylidae","Nephrurus","levis",13,0.013,0.0295053876645362,"W",20,"C","J. F. Gillooly, J. P. Gomez, E. V. Mavrodiev,  A broad-scale comparison of aerobic activity levels in vertebrates: endotherms versus ectotherms. Proc. Biol. Sci. 284, 20162328 (2017).",-4.3428059215206,-3.52318239961554,39.5871292029482,3477,293.15,18800.1535227516,169.735196389278,3201.2614584003,886.211369622013,-187.589322618966,FALSE,TRUE,-4.34459617239867,0.0129767475586473,-3.88854883196743,0.0204750372087512
"Oligosoma polychroma","Reptilia","Squamata","Scincidae","Oligosoma","polychroma",3,0.003,0.0124444444444444,"W",25,"C","J. F. Gillooly, J. P. Gomez, E. V. Mavrodiev,  A broad-scale comparison of aerobic activity levels in vertebrates: endotherms versus ectotherms. Proc. Biol. Sci. 284, 20162328 (2017).",-5.80914299031403,-4.38648098502327,38.9232497932056,3478,298.15,18785.4264057492,168.124327098774,3068.4682030444,705.982971593312,-328.283049830073,FALSE,TRUE,-5.35967035960087,0.00470245597158371,-6.01851095970589,0.00243329016587192
"Pituophis catenifer","Reptilia","Squamata","Colubridae","Pituophis","catenifer",548,0.548,0.077816,"W",30,"C","A. M. Makarieva et al., Mean mass-specific metabolic rates are strikingly similar across life's major domains: Evidence for life's metabolic optimum. Proc. Natl. Acad. Sci. U.S.A. 105, 16994-16999 (2008).",-0.601479992034121,-2.553408213415,38.2812697537333,3545,303.15,18752.9238840648,164.5429220734,2767.8682603448,282.155925316632,-1057.10270750757,FALSE,TRUE,-1.12261933276119,0.325426277578239,-1.52318197006575,0.218017058323115
"Pituophis catenifer","Reptilia","Squamata","Colubridae","Pituophis","catenifer",548,0.548,0.916032744319908,"W",30,"C","J. F. Gillooly, J. P. Gomez, E. V. Mavrodiev,  A broad-scale comparison of aerobic activity levels in vertebrates: endotherms versus ectotherms. Proc. Biol. Sci. 284, 20162328 (2017).",-0.601479992034121,-0.0877031678727828,38.2812697537333,3479,303.15,18752.9238840648,164.5429220734,2767.8682603448,282.155925316632,-1057.10270750757,FALSE,TRUE,-1.12261933276119,0.325426277578239,-1.52318197006579,0.218017058323108
"Rhoptropus bradfieldi","Reptilia","Squamata","Gekkonidae","Rhoptropus","bradfieldi",5,0.005,0.0111111111111111,"W",25,"C","J. F. Gillooly, J. P. Gomez, E. V. Mavrodiev,  A broad-scale comparison of aerobic activity levels in vertebrates: endotherms versus ectotherms. Proc. Biol. Sci. 284, 20162328 (2017).",-5.29831736654804,-4.49980967033027,38.9232497932056,3481,298.15,18800.1535227516,169.735196389278,3201.2614584003,886.211369622013,-187.589322618966,FALSE,TRUE,-4.95732137242302,0.00703173803599097,-5.40281083031488,0.00450390342550112
"Sauromalus hispidus","Reptilia","Squamata","Iguanidae","Sauromalus","hispidus",574,0.574,0.08897,"W",20,"C","A. M. Makarieva et al., Mean mass-specific metabolic rates are strikingly similar across life's major domains: Evidence for life's metabolic optimum. Proc. Natl. Acad. Sci. U.S.A. 105, 16994-16999 (2008).",-0.555125882662571,-2.41945604472546,39.5871292029482,3553,293.15,18504.5921575775,137.664959687806,608.838705503057,-2504.96665964894,161.155410749487,FALSE,TRUE,-1.36125086533859,0.256339929594145,-1.58138386510156,0.205690253593404
"Sauromalus hispidus","Reptilia","Squamata","Iguanidae","Sauromalus","hispidus",574,0.574,0.205369346061635,"W",28.5,"C","Bennett, Dawson, & Bartholomew, 1975",-0.555125882662571,-1.58294523283136,38.4716291259548,3887,301.65,18504.5921575775,137.664959687806,608.838705503057,-2504.96665964894,161.155410749487,FALSE,TRUE,-1.12621713007292,0.324257563450542,-1.34635012983586,0.260188182782613
"Sauromalus hispidus","Reptilia","Squamata","Iguanidae","Sauromalus","hispidus",574,0.574,0.918664613518529,"W",30,"C","J. F. Gillooly, J. P. Gomez, E. V. Mavrodiev,  A broad-scale comparison of aerobic activity levels in vertebrates: endotherms versus ectotherms. Proc. Biol. Sci. 284, 20162328 (2017).",-0.555125882662571,-0.0848341704409706,38.2812697537333,3482,303.15,18504.5921575775,137.664959687806,608.838705503057,-2504.96665964894,161.155410749487,FALSE,TRUE,-1.08610877399228,0.337527336810633,-1.3062417737552,0.27083600909624
"Sceloporus occidentalis","Reptilia","Squamata","Phrynosomatidae","Sceloporus","occidentalis",13.1,0.0131,0.0071584699453551,"W",35,"C","Gleeson, 1979",-4.33514304877503,-4.93945901562837,37.6601230759184,3891,308.15,18504.5921575775,137.664959687806,608.838705503057,-2504.96665964894,161.155410749487,FALSE,TRUE,-3.93254404313811,0.0195937617172783,-4.41425554219151,0.0121035613626746
"Sceloporus occidentalis","Reptilia","Squamata","Iguanidae","Sceloporus","occidentalis",13,0.013,0.0614932681677714,"W",30,"C","J. F. Gillooly, J. P. Gomez, E. V. Mavrodiev,  A broad-scale comparison of aerobic activity levels in vertebrates: endotherms versus ectotherms. Proc. Biol. Sci. 284, 20162328 (2017).",-4.3428059215206,-2.78882757084757,38.2812697537333,3483,303.15,18504.5921575775,137.664959687806,608.838705503057,-2504.96665964894,161.155410749487,FALSE,TRUE,-4.06945408105236,0.0170867139226761,-4.55116558010575,0.0105548946360417
"Sceloporus occidentalis","Reptilia","Squamata","Iguanidae","Sceloporus","occidentalis",10.105,0.010105,0.006063,"W",25,"C","A. M. Makarieva et al., Mean mass-specific metabolic rates are strikingly similar across life's major domains: Evidence for life's metabolic optimum. Proc. Natl. Acad. Sci. U.S.A. 105, 16994-16999 (2008).",-4.59472492812655,-5.10555055189254,38.9232497932056,3554,298.15,18504.5921575775,137.664959687806,608.838705503057,-2504.96665964894,161.155410749487,FALSE,TRUE,-4.40314066610323,0.0122388413649689,-4.88485216515664,0.00756024134652576
"Sceloporus occidentalis","Reptilia","Squamata","Phrynosomatidae","Sceloporus","occidentalis",12.8,0.0128,0.0095883424408014,"W",35,"C","Francis & Brooks, 1970",-4.35831010805657,-4.64720724748652,37.6601230759184,3893,308.15,18504.5921575775,137.664959687806,608.838705503057,-2504.96665964894,161.155410749487,FALSE,TRUE,-3.9507914496975,0.0192394686764022,-4.4325029487509,0.011884705605292
"Sceloporus occidentalis","Reptilia","Squamata","Phrynosomatidae","Sceloporus","occidentalis",15.2,0.0152,0.0089981785063752,"W",35,"C","Gleeson, 1979",-4.18645985112991,-4.7107331103097,37.6601230759184,3892,308.15,18504.5921575775,137.664959687806,608.838705503057,-2504.96665964894,161.155410749487,FALSE,TRUE,-3.81543454197047,0.0220281402221348,-4.29714604102389,0.0136073384341045
"Spalerosophis diadema","Reptilia","Squamata","Colubridae","Spalerosophis","diadema",386,0.386,0.521679154126588,"W",30,"C","J. F. Gillooly, J. P. Gomez, E. V. Mavrodiev,  A broad-scale comparison of aerobic activity levels in vertebrates: endotherms versus ectotherms. Proc. Biol. Sci. 284, 20162328 (2017).",-0.951917909517306,-0.65070252733964,38.2812697537333,3484,303.15,18755.9272968634,164.875032036385,2795.98053832229,322.481328867217,-971.086404677614,FALSE,TRUE,-1.39863982705156,0.246932606675463,-1.98620342344324,0.137215386504611
"Sphenodon punctatus","Reptilia","Rhynchocephalia","Sphenodontidae","Sphenodon","punctatus",520,0.52,0.295907455844915,"W",30,"C","J. F. Gillooly, J. P. Gomez, E. V. Mavrodiev,  A broad-scale comparison of aerobic activity levels in vertebrates: endotherms versus ectotherms. Proc. Biol. Sci. 284, 20162328 (2017).",-0.653926467406664,-1.2177085227156,38.2812697537333,3485,303.15,18504.5921575775,137.664959687806,608.838705503057,-2504.96665964894,161.155410749487,FALSE,TRUE,-1.16392851003311,0.31225706315719,-1.14252290494715,0.319013165800477
"Teratoscincus przewalskii","Reptilia","Squamata","Sphaerodactylidae","Teratoscincus","przewalskii",11,0.011,0.0322222222222222,"W",25,"C","J. F. Gillooly, J. P. Gomez, E. V. Mavrodiev,  A broad-scale comparison of aerobic activity levels in vertebrates: endotherms versus ectotherms. Proc. Biol. Sci. 284, 20162328 (2017).",-4.50986000618377,-3.43509893333784,38.9232497932056,3486,298.15,18800.1535227516,169.735196389278,3201.2614584003,886.211369622013,-187.589322618966,FALSE,TRUE,-4.33629727806236,0.0130848883191859,-4.84216826692662,0.00788992802141844
"Terrapene ornata","Reptilia","Testudines","Emydidae","Terrapene","ornata",354,0.354,0.0285698933144665,"W",20,"C","Gatten Jr, 1974",-1.03845836584836,-3.55540179692681,39.5871292029482,3894,293.15,-5126.81836119685,-1622.5901421774,27.3461553712044,-1.52597053816768,0.00220570966094921,FALSE,TRUE,-1.74194503186506,0.175179339639587,-2.88096104645529,0.0560808406343132
"Terrapene ornata","Reptilia","Testudines","Emydidae","Terrapene","ornata",354,0.354,0.453250554962452,"W",30,"C","J. F. Gillooly, J. P. Gomez, E. V. Mavrodiev,  A broad-scale comparison of aerobic activity levels in vertebrates: endotherms versus ectotherms. Proc. Biol. Sci. 284, 20162328 (2017).",-1.03845836584836,-0.791310204940972,38.2812697537333,3487,303.15,-5126.81836119685,-1622.5901421774,27.3461553712044,-1.52597053816768,0.00220570966094921,FALSE,TRUE,-1.46680294051875,0.230661746948321,-2.60581895510898,0.0738426386219683
"Terrapene ornata","Reptilia","Testudines","Emydidae","Terrapene","ornata",354,0.354,0.00531,"W",10,"C","A. M. Makarieva et al., Mean mass-specific metabolic rates are strikingly similar across life's major domains: Evidence for life's metabolic optimum. Proc. Natl. Acad. Sci. U.S.A. 105, 16994-16999 (2008).",-1.03845836584836,-5.23816344372829,40.9852266496354,3563,283.15,-5126.81836119685,-1622.5901421774,27.3461553712044,-1.52597053816768,0.00220570966094921,FALSE,TRUE,-2.03652149307514,0.13048180423697,-3.17553750766538,0.0417716454699861
"Thamnophis sirtalis","Reptilia","Squamata","Colubridae","Thamnophis","sirtalis",2,0.002,0.0112032269941284,"W",30,"C","J. F. Gillooly, J. P. Gomez, E. V. Mavrodiev,  A broad-scale comparison of aerobic activity levels in vertebrates: endotherms versus ectotherms. Proc. Biol. Sci. 284, 20162328 (2017).",-6.21460809842219,-4.49155341770522,38.2812697537333,3488,303.15,18504.5921575775,137.664959687806,608.838705503057,-2504.96665964894,161.155410749487,FALSE,TRUE,-5.54376874937577,0.00391175659289379,-6.09844952833661,0.00224634791960824
"Thamnophis sirtalis","Reptilia","Squamata","Colubridae","Thamnophis","sirtalis",200,0.2,0.0256,"W",29,"C","A. M. Makarieva et al., Mean mass-specific metabolic rates are strikingly similar across life's major domains: Evidence for life's metabolic optimum. Proc. Natl. Acad. Sci. U.S.A. 105, 16994-16999 (2008).",-1.6094379124341,-3.66516292749662,38.4079659965059,3565,302.15,18504.5921575775,137.664959687806,608.838705503057,-2504.96665964894,161.155410749487,FALSE,TRUE,-1.94322648979365,0.143241037642663,-2.49790726875451,0.0822569603373714
"Varanus acanthurus","Reptilia","Squamata","Varanidae","Varanus","acanthurus",74,0.074,0.387067395264117,"W",35,"C","J. F. Gillooly, J. P. Gomez, E. V. Mavrodiev,  A broad-scale comparison of aerobic activity levels in vertebrates: endotherms versus ectotherms. Proc. Biol. Sci. 284, 20162328 (2017).",-2.60369018577797,-0.949156453145059,37.6601230759184,3489,308.15,18504.5921575775,137.664959687806,608.838705503057,-2504.96665964894,161.155410749487,FALSE,TRUE,-2.56877473838569,0.0766293789634276,-2.28299220346896,0.101978608990678
"Varanus eremius","Reptilia","Squamata","Varanidae","Varanus","eremius",40,0.04,0.209244080145719,"W",35,"C","J. F. Gillooly, J. P. Gomez, E. V. Mavrodiev,  A broad-scale comparison of aerobic activity levels in vertebrates: endotherms versus ectotherms. Proc. Biol. Sci. 284, 20162328 (2017).",-3.2188758248682,-1.56425386083368,37.6601230759184,3490,308.15,18504.5921575775,137.664959687806,608.838705503057,-2504.96665964894,161.155410749487,FALSE,TRUE,-3.05332231646041,0.0472018441367313,-2.76753978154361,0.062816356754716
"Varanus gouldii","Reptilia","Squamata","Varanidae","Varanus","gouldii",402,0.402,1.04508196721311,"W",35,"C","J. F. Gillooly, J. P. Gomez, E. V. Mavrodiev,  A broad-scale comparison of aerobic activity levels in vertebrates: endotherms versus ectotherms. Proc. Biol. Sci. 284, 20162328 (2017).",-0.911303190363116,0.0440953198652242,37.6601230759184,3491,308.15,18504.5921575775,137.664959687806,608.838705503057,-2504.96665964894,161.155410749487,FALSE,TRUE,-1.23577544892547,0.290609322283816,-1.19116383564909,0.303867406470358
"Varanus gouldii","Reptilia","Squamata","Varanidae","Varanus","gouldii",169,0.169,0.0407520049346419,"W",30,"C","Thompson & Withers, 1992",-1.77785656405906,-3.20025023965548,38.2812697537333,3910,303.15,18504.5921575775,137.664959687806,608.838705503057,-2504.96665964894,161.155410749487,FALSE,TRUE,-2.04918585619545,0.128839754988257,-2.00457424291906,0.134717640476527
"Varanus gouldii","Reptilia","Squamata","Varanidae","Varanus","gouldii",674,0.674,1.36636690368389,"W",30,"C","J. F. Gillooly, J. P. Gomez, E. V. Mavrodiev,  A broad-scale comparison of aerobic activity levels in vertebrates: endotherms versus ectotherms. Proc. Biol. Sci. 284, 20162328 (2017).",-0.39452516806983,0.312155322216,38.2812697537333,3492,303.15,18504.5921575775,137.664959687806,608.838705503057,-2504.96665964894,161.155410749487,FALSE,TRUE,-0.959612506283455,0.383041283312198,-0.915000893007084,0.400516268426794
"Varanus gouldii","Reptilia","Squamata","Varanidae","Varanus","gouldii",674,0.674,0.304175290153927,"W",28.5,"C","Bennett, Dawson, & Bartholomew, 1975",-0.39452516806983,-1.19015113140449,38.4716291259548,3888,301.65,18504.5921575775,137.664959687806,608.838705503057,-2504.96665964894,161.155410749487,FALSE,TRUE,-0.999720862364097,0.367982144502464,-0.955109249087732,0.384770106473591
"Varanus gouldii","Reptilia","Squamata","Varanidae","Varanus","gouldii",1086,1.086,0.259562841530055,"W",35,"C","Christian & Conley, 1994",0.0825012215117438,-1.34875644180082,37.6601230759184,3905,308.15,18504.5921575775,137.664959687806,608.838705503057,-2504.96665964894,161.155410749487,FALSE,TRUE,-0.453010881199114,0.635711216288456,-0.408399267922766,0.66471342708348
"Varanus panoptes","Reptilia","Squamata","Varanidae","Varanus","panoptes",2003,2.003,0.633308463554084,"W",30,"C","Thompson & Withers, 1992",0.694646056683681,-0.456797671339225,38.2812697537333,3911,303.15,18504.5921575775,137.664959687806,608.838705503057,-2504.96665964894,161.155410749487,FALSE,TRUE,-0.101732794001069,0.903270878822891,-0.0642443047615412,0.937775868433043
"Varanus panoptes","Reptilia","Squamata","Varanidae","Varanus","panoptes",931,0.931,0.286885245901639,"W",35,"C","Christian & Conley, 1994",-0.0714960017050699,-1.24867298324384,37.6601230759184,3906,308.15,18504.5921575775,137.664959687806,608.838705503057,-2504.96665964894,161.155410749487,FALSE,TRUE,-0.574305945320391,0.563095552316566,-0.536817456080923,0.584605828622046
"Varanus panoptes","Reptilia","Squamata","Varanidae","Varanus","panoptes",2005,2.005,0.455135,"W",20.5,"C","A. M. Makarieva et al., Mean mass-specific metabolic rates are strikingly similar across life's major domains: Evidence for life's metabolic optimum. Proc. Natl. Acad. Sci. U.S.A. 105, 16994-16999 (2008).",0.695644060758532,-0.787161200742202,39.5197239088856,3571,293.65,18504.5921575775,137.664959687806,608.838705503057,-2504.96665964894,161.155410749487,FALSE,TRUE,-0.361886646244634,0.696361298536422,-0.324398157005117,0.722962332549847
"Varanus panoptes","Reptilia","Squamata","Varanidae","Varanus","panoptes",2240,2.24,5.38251366120219,"W",35,"C","J. F. Gillooly, J. P. Gomez, E. V. Mavrodiev,  A broad-scale comparison of aerobic activity levels in vertebrates: endotherms versus ectotherms. Proc. Biol. Sci. 284, 20162328 (2017).",0.806475865866949,1.68315548833067,37.6601230759184,3493,308.15,18504.5921575775,137.664959687806,608.838705503057,-2504.96665964894,161.155410749487,FALSE,TRUE,0.117223757289193,1.12437098774978,0.154712246528666,1.16732201181109
"Varanus rosenbergi","Reptilia","Squamata","Varanidae","Varanus","rosenbergi",1287,1.287,0.423497267759563,"W",35,"C","Christian & Conley, 1994",0.25231392861399,-0.859208216482119,37.6601230759184,3904,308.15,18504.5921575775,137.664959687806,608.838705503057,-2504.96665964894,161.155410749487,FALSE,TRUE,-0.319258838361464,0.726687430377415,-0.217933685972538,0.804178768231311
"Varanus rosenbergi","Reptilia","Squamata","Varanidae","Varanus","rosenbergi",1503,1.503,4.23497267759563,"W",35,"C","J. F. Gillooly, J. P. Gomez, E. V. Mavrodiev,  A broad-scale comparison of aerobic activity levels in vertebrates: endotherms versus ectotherms. Proc. Biol. Sci. 284, 20162328 (2017).",0.407463110770837,1.44337687651193,37.6601230759184,3494,308.15,18504.5921575775,137.664959687806,608.838705503057,-2504.96665964894,161.155410749487,FALSE,TRUE,-0.197056440130014,0.821144286514469,-0.0957312877410766,0.908708164287955
"Acanthodactylus pardalis","Reptilia","Squamata","Lacertidae","Acanthodactylus","pardalis",9.7,0.0096999999999999,0.0098939999999999,"W",40,"C","A. M. Makarieva et al., Mean mass-specific metabolic rates are strikingly similar across life's major domains: Evidence for life's metabolic optimum. Proc. Natl. Acad. Sci. U.S.A. 105, 16994-16999 (2008).",-4.63562939347281,-4.61582676617663,37.0588118340867,3496,313.15,18504.5921575775,137.664959687806,608.838705503057,-2504.96665964894,161.155410749487,FALSE,TRUE,-4.04252532646894,0.0175530891174916,-4.54945674730195,0.0105729466057426
"Acontias meleagris","Reptilia","Squamata","Scincidae","Acontias","meleagris",7.3,0.0073,0.0018469,"W",33,"C","A. M. Makarieva et al., Mean mass-specific metabolic rates are strikingly similar across life's major domains: Evidence for life's metabolic optimum. Proc. Natl. Acad. Sci. U.S.A. 105, 16994-16999 (2008).",-4.91988093082779,-6.29424672108241,37.9061470711882,3500,306.15,18785.4264057492,168.124327098774,3068.4682030444,705.982971593312,-328.283049830073,FALSE,TRUE,-4.44494639901299,0.0117377351682714,-5.14112550604792,0.0058511005568997
"Acrantophis dumerili","Reptilia","Squamata","Sanziniidae","Acrantophis","dumerili",2548.5,2.5485,0.168201,"W",20,"C","A. M. Makarieva et al., Mean mass-specific metabolic rates are strikingly similar across life's major domains: Evidence for life's metabolic optimum. Proc. Natl. Acad. Sci. U.S.A. 105, 16994-16999 (2008).",0.935504950797959,-1.78259558615775,39.5871292029482,3501,293.15,18761.4857515163,165.489621906203,2847.9938032235,397.060930931253,-812.753930145877,FALSE,TRUE,-0.187163704876031,0.829307963515008,-1.19127671929079,0.303833106746897
"Anguis fragilis","Reptilia","Squamata","Anguidae","Anguis","fragilis",12.067,0.012067,0.0025220029999999,"W",30,"C","A. M. Makarieva et al., Mean mass-specific metabolic rates are strikingly similar across life's major domains: Evidence for life's metabolic optimum. Proc. Natl. Acad. Sci. U.S.A. 105, 16994-16999 (2008).",-4.41728082489067,-5.98270185190804,38.2812697537333,3503,303.15,18504.5921575775,137.664959687806,608.838705503057,-2504.96665964894,161.155410749487,FALSE,TRUE,-4.12811382822832,0.0161132425212046,-4.86837326839686,0.00768585795206263
"Anolis carolinensis","Reptilia","Squamata","Dactyloidae","Anolis","carolinensis",4.5,0.0045,0.0030105,"W",30,"C","A. M. Makarieva et al., Mean mass-specific metabolic rates are strikingly similar across life's major domains: Evidence for life's metabolic optimum. Proc. Natl. Acad. Sci. U.S.A. 105, 16994-16999 (2008).",-5.40367788220586,-5.80564910105977,38.2812697537333,3504,303.15,18504.5921575775,137.664959687806,608.838705503057,-2504.96665964894,161.155410749487,FALSE,TRUE,-4.9050440339609,0.00740911682297102,-5.56686909128407,0.00382242939478438
"Anolis limifrons","Reptilia","Squamata","Dactyloidae","Anolis","limifrons",1.5,0.0015,0.001041,"W",20,"C","A. M. Makarieva et al., Mean mass-specific metabolic rates are strikingly similar across life's major domains: Evidence for life's metabolic optimum. Proc. Natl. Acad. Sci. U.S.A. 105, 16994-16999 (2008).",-6.50229017087397,-6.86757348934931,39.5871292029482,3505,293.15,18504.5921575775,137.664959687806,608.838705503057,-2504.96665964894,161.155410749487,FALSE,TRUE,-6.04550203954813,0.00236849146406534,-6.71215622673592,0.00121603923937503
"Antaresia childreni","Reptilia","Squamata","Pythonidae","Antaresia","childreni",331.7,0.3317,0.0703203999999999,"W",24,"C","A. M. Makarieva et al., Mean mass-specific metabolic rates are strikingly similar across life's major domains: Evidence for life's metabolic optimum. Proc. Natl. Acad. Sci. U.S.A. 105, 16994-16999 (2008).",-1.10352433302913,-2.65469333733926,39.0542383504771,3506,297.15,18761.4857515163,165.489621906203,2847.9938032235,397.060930931253,-812.753930145877,FALSE,TRUE,-1.68091479768212,0.186203559518325,-2.78506945702292,0.061724801661103
"Antaresia childreni","Reptilia","Squamata","Pythonidae","Antaresia","childreni",331.7,0.3317,0.0862114991548166,"W",30,"C","Bedford & Christian, 1999",-1.10352433302913,-2.45095170934165,38.2812697537333,3899,303.15,18761.4857515163,165.489621906203,2847.9938032235,397.060930931253,-812.753930145877,FALSE,TRUE,-1.51805179096194,0.219138398759283,-2.6222064503027,0.0726424040160072
"Antaresia stimsoni","Reptilia","Squamata","Pythonidae","Antaresia","stimsoni",349.9,0.3499,0.0710297,"W",30,"C","A. M. Makarieva et al., Mean mass-specific metabolic rates are strikingly similar across life's major domains: Evidence for life's metabolic optimum. Proc. Natl. Acad. Sci. U.S.A. 105, 16994-16999 (2008).",-1.05010787960849,-2.64465717954884,38.2812697537333,3507,303.15,18761.4857515163,165.489621906203,2847.9938032235,397.060930931253,-812.753930145877,FALSE,TRUE,-1.4759786158264,0.228554950075893,-2.59068038095586,0.0749690152388805
"Antaresia stimsoni","Reptilia","Squamata","Pythonidae","Antaresia","stimsoni",349.9,0.3499,0.0719140475623099,"W",30,"C","Bedford & Christian, 1999",-1.05010787960849,-2.63228365695044,38.2812697537333,3902,303.15,18761.4857515163,165.489621906203,2847.9938032235,397.060930931253,-812.753930145877,FALSE,TRUE,-1.4759786158264,0.228554950075893,-2.59068038095586,0.0749690152388804
"Aspidites melanocephalus","Reptilia","Squamata","Pythonidae","Aspidites","melanocephalus",1027.5,1.0275,0.266316710260424,"W",30,"C","Bedford & Christian, 1999",0.0271286673882527,-1.32306903837343,38.2812697537333,3898,303.15,18761.4857515163,165.489621906203,2847.9938032235,397.060930931253,-812.753930145877,FALSE,TRUE,-0.627499186701947,0.533925380486913,-1.69369296593959,0.183839356366643
"Aspidites melanocephalus","Reptilia","Squamata","Pythonidae","Aspidites","melanocephalus",1027.5,1.0275,0.2291325,"W",24,"C","A. M. Makarieva et al., Mean mass-specific metabolic rates are strikingly similar across life's major domains: Evidence for life's metabolic optimum. Proc. Natl. Acad. Sci. U.S.A. 105, 16994-16999 (2008).",0.0271286673882527,-1.47345484013377,39.0542383504771,3508,297.15,18761.4857515163,165.489621906203,2847.9938032235,397.060930931253,-812.753930145877,FALSE,TRUE,-0.790362193422131,0.453680445447847,-1.85655597265977,0.156209695465691
"Blanus cinereus","Reptilia","Squamata","Blanidae","Blanus","cinereus",2.4,0.0024,0.0015023999999999,"W",30,"C","A. M. Makarieva et al., Mean mass-specific metabolic rates are strikingly similar across life's major domains: Evidence for life's metabolic optimum. Proc. Natl. Acad. Sci. U.S.A. 105, 16994-16999 (2008).",-6.03228654162824,-6.50069144951034,38.2812697537333,3509,303.15,18504.5921575775,137.664959687806,608.838705503057,-2504.96665964894,161.155410749487,FALSE,TRUE,-5.40016418002014,0.00451583947113162,-6.19811727537318,0.00203325509440415
"Bunopus tuberculatus","Reptilia","Squamata","Gekkonidae","Bunopus","tuberculatus",2.2,0.0022,0.0089731090720972,"W",20,"C","Al-Sadoon & Abdo, 1989",-6.11929791861787,-4.71352305515142,39.5871292029482,3890,293.15,18800.1535227516,169.735196389278,3201.2614584003,886.211369622013,-187.589322618966,FALSE,TRUE,-5.74384030289492,0.00320244626665913,-5.73486381239206,0.00323132240444931
"Bunopus tuberculatus","Reptilia","Squamata","Gekkonidae","Bunopus","tuberculatus",2.5,0.0025,0.005825,"W",35,"C","A. M. Makarieva et al., Mean mass-specific metabolic rates are strikingly similar across life's major domains: Evidence for life's metabolic optimum. Proc. Natl. Acad. Sci. U.S.A. 105, 16994-16999 (2008).",-5.99146454710798,-5.14559627953037,37.6601230759184,3511,308.15,18800.1535227516,169.735196389278,3201.2614584003,886.211369622013,-187.589322618966,FALSE,TRUE,-5.23713654259435,0.00531545564574617,-5.22816005209148,0.00536338457783866
"Chalcides sepsoides","Reptilia","Squamata","Scincidae","Chalcides","sepsoides",7.4,0.0074,0.0020794,"W",30,"C","A. M. Makarieva et al., Mean mass-specific metabolic rates are strikingly similar across life's major domains: Evidence for life's metabolic optimum. Proc. Natl. Acad. Sci. U.S.A. 105, 16994-16999 (2008).",-4.90627527877201,-6.1756758884204,38.2812697537333,3512,303.15,18785.4264057492,168.124327098774,3068.4682030444,705.982971593312,-328.283049830073,FALSE,TRUE,-4.51326761476757,0.0109625800979772,-5.24824817748774,0.00525671917675818
"Crotaphytus collaris","Reptilia","Squamata","Crotaphytidae","Crotaphytus","collaris",30,0.03,0.01602,"W",37,"C","A. M. Makarieva et al., Mean mass-specific metabolic rates are strikingly similar across life's major domains: Evidence for life's metabolic optimum. Proc. Natl. Acad. Sci. U.S.A. 105, 16994-16999 (2008).",-3.50655789731998,-4.13391733734192,37.4172720485064,3518,310.15,18504.5921575775,137.664959687806,608.838705503057,-2504.96665964894,161.155410749487,FALSE,TRUE,-3.22874526773277,0.0396071640103017,-3.74898651282095,0.0235415928721958
"Ctenotus labillardieri","Reptilia","Squamata","Scincidae","Ctenotus","labillardieri",2.8,0.0028,0.001736,"W",20,"C","A. M. Makarieva et al., Mean mass-specific metabolic rates are strikingly similar across life's major domains: Evidence for life's metabolic optimum. Proc. Natl. Acad. Sci. U.S.A. 105, 16994-16999 (2008).",-5.87813586180098,-6.35617166274398,39.5871292029482,3519,293.15,18785.4264057492,168.124327098774,3068.4682030444,705.982971593312,-328.283049830073,FALSE,TRUE,-5.55389033799172,0.00387236310056659,-6.23076874900797,0.00196793846424727
"Diadophis punctatus","Reptilia","Squamata","Colubridae","Diadophis","punctatus",4.4,0.0044,0.0020636,"W",30,"C","A. M. Makarieva et al., Mean mass-specific metabolic rates are strikingly similar across life's major domains: Evidence for life's metabolic optimum. Proc. Natl. Acad. Sci. U.S.A. 105, 16994-16999 (2008).",-5.42615073805792,-6.18330324859378,38.2812697537333,3520,303.15,18504.5921575775,137.664959687806,608.838705503057,-2504.96665964894,161.155410749487,FALSE,TRUE,-4.92274465501512,0.00727912471822353,-5.4946206191899,0.00410881497544782
"Diplometopon zarudnyi","Reptilia","Squamata","Trogonophidae","Diplometopon","zarudnyi",6.34,0.00634,0.00220632,"W",35,"C","A. M. Makarieva et al., Mean mass-specific metabolic rates are strikingly similar across life's major domains: Evidence for life's metabolic optimum. Proc. Natl. Acad. Sci. U.S.A. 105, 16994-16999 (2008).",-5.060876510533,-6.11642930974067,37.6601230759184,3521,308.15,18504.5921575775,137.664959687806,608.838705503057,-2504.96665964894,161.155410749487,FALSE,TRUE,-4.5041640044601,0.0110628348026459,-5.30211709981313,0.00498103738293311
"Dipsosaurus dorsalis","Reptilia","Squamata","Iguanidae","Dipsosaurus","dorsalis",40.36,0.04036,0.00940388,"W",45,"C","A. M. Makarieva et al., Mean mass-specific metabolic rates are strikingly similar across life's major domains: Evidence for life's metabolic optimum. Proc. Natl. Acad. Sci. U.S.A. 105, 16994-16999 (2008).",-3.20991608349673,-4.66663290891317,36.4764008355941,3522,318.15,18504.5921575775,137.664959687806,608.838705503057,-2504.96665964894,161.155410749487,FALSE,TRUE,-2.79685721079653,0.0610014764626179,-3.20787081304918,0.040442631588431
"Eryx colubrinus","Reptilia","Squamata","Erycidae","Eryx","colubrinus",85.85,0.08585,0.0109888,"W",20,"C","A. M. Makarieva et al., Mean mass-specific metabolic rates are strikingly similar across life's major domains: Evidence for life's metabolic optimum. Proc. Natl. Acad. Sci. U.S.A. 105, 16994-16999 (2008).",-2.45515369163865,-4.51087870670117,39.5871292029482,3526,293.15,18761.4857515163,165.489621906203,2847.9938032235,397.060930931253,-812.753930145877,FALSE,TRUE,-2.85779729720178,0.0573950453571567,-3.92673421949928,0.0197079293430275
"Gekko gecko","Reptilia","Squamata","Gekkonidae","Gekko","gecko",61.5,0.0615,0.0210945,"W",30,"C","A. M. Makarieva et al., Mean mass-specific metabolic rates are strikingly similar across life's major domains: Evidence for life's metabolic optimum. Proc. Natl. Acad. Sci. U.S.A. 105, 16994-16999 (2008).",-2.78871810416966,-3.85874293598586,38.2812697537333,3528,303.15,18800.1535227516,169.735196389278,3201.2614584003,886.211369622013,-187.589322618966,FALSE,TRUE,-2.84538537696747,0.0581118674487621,-3.29356802573513,0.0371211635568486
"Hemidactylus frenatus","Reptilia","Squamata","Gekkonidae","Hemidactylus","frenatus",2,0.002,0.000976,"W",27,"C","A. M. Makarieva et al., Mean mass-specific metabolic rates are strikingly similar across life's major domains: Evidence for life's metabolic optimum. Proc. Natl. Acad. Sci. U.S.A. 105, 16994-16999 (2008).",-6.21460809842219,-6.93204797155118,38.6638911405773,3529,300.15,18800.1535227516,169.735196389278,3201.2614584003,886.211369622013,-187.589322618966,FALSE,TRUE,-5.6243863446563,0.00360877700196239,-6.23437321865683,0.00196085785836264
"Hemidactylus platyurus","Reptilia","Squamata","Gekkonidae","Hemidactylus","platyurus",3.5,0.0035,0.0016275,"W",27,"C","A. M. Makarieva et al., Mean mass-specific metabolic rates are strikingly similar across life's major domains: Evidence for life's metabolic optimum. Proc. Natl. Acad. Sci. U.S.A. 105, 16994-16999 (2008).",-5.65499231048677,-6.42071018388155,38.6638911405773,3530,300.15,18800.1535227516,169.735196389278,3201.2614584003,886.211369622013,-187.589322618966,FALSE,TRUE,-5.18360805357414,0.00560773685456339,-5.79359492757468,0.00304700868824001
"Hydrophis platurus","Reptilia","Squamata","Elapidae","Hydrophis","platurus",116,0.116,0.024708,"W",30,"C","A. M. Makarieva et al., Mean mass-specific metabolic rates are strikingly similar across life's major domains: Evidence for life's metabolic optimum. Proc. Natl. Acad. Sci. U.S.A. 105, 16994-16999 (2008).",-2.15416508787577,-3.70062820114848,38.2812697537333,3531,303.15,18753.3733882784,164.592628439259,2772.07604464696,288.192530677663,-1044.20679976059,FALSE,TRUE,-2.3455831909803,0.0957913212029396,-3.04734238217294,0.0474849537075743
"Lacerta agilis","Reptilia","Squamata","Lacertidae","Lacerta","agilis",8.4,0.0084,0.0093156,"W",35,"C","A. M. Makarieva et al., Mean mass-specific metabolic rates are strikingly similar across life's major domains: Evidence for life's metabolic optimum. Proc. Natl. Acad. Sci. U.S.A. 105, 16994-16999 (2008).",-4.77952357313287,-4.67606486476464,37.6601230759184,3533,308.15,18504.5921575775,137.664959687806,608.838705503057,-2504.96665964894,161.155410749487,FALSE,TRUE,-4.28255791397488,0.0138072989948337,-4.78903243060502,0.00832050415356011
"Lampropeltis getula","Reptilia","Squamata","Colubridae","Lampropeltis","getula",1217,1.217,0.174031,"W",26,"C","A. M. Makarieva et al., Mean mass-specific metabolic rates are strikingly similar across life's major domains: Evidence for life's metabolic optimum. Proc. Natl. Acad. Sci. U.S.A. 105, 16994-16999 (2008).",0.19638881400539,-1.74852183471684,38.7931369742412,3534,299.15,18752.9238840648,164.5429220734,2767.8682603448,282.155925316632,-1057.10270750757,FALSE,TRUE,-0.602031810618231,0.547697686834591,-1.05508799686196,0.348161788813303
"Lepidophyma gaigeae","Reptilia","Squamata","Xantusiidae","Lepidophyma","gaigeae",5,0.005,0.00183,"W",15,"C","A. M. Makarieva et al., Mean mass-specific metabolic rates are strikingly similar across life's major domains: Evidence for life's metabolic optimum. Proc. Natl. Acad. Sci. U.S.A. 105, 16994-16999 (2008).",-5.29831736654804,-6.30343931212881,40.2740479814134,3535,288.15,18785.4264057492,168.124327098774,3068.4682030444,705.982971593312,-328.283049830073,FALSE,TRUE,-5.24193197022796,0.00529002678272398,-6.03762392105304,0.00238722441378479
"Liasis fuscus","Reptilia","Squamata","Pythonidae","Liasis","fuscus",1306.9,1.3069,0.1019382,"W",30,"C","A. M. Makarieva et al., Mean mass-specific metabolic rates are strikingly similar across life's major domains: Evidence for life's metabolic optimum. Proc. Natl. Acad. Sci. U.S.A. 105, 16994-16999 (2008).",0.267657920620853,-2.28338853167169,38.2812697537333,3536,303.15,18761.4857515163,165.489621906203,2847.9938032235,397.060930931253,-812.753930145877,FALSE,TRUE,-0.438047646054261,0.645295036362509,-1.68895612748816,0.184712239419652
"Liasis fuscus","Reptilia","Squamata","Pythonidae","Liasis","fuscus",1306.9,1.3069,0.10435005714531,"W",30,"C","Bedford & Christian, 1999",0.267657920620853,-2.26000409782793,38.2812697537333,3900,303.15,18761.4857515163,165.489621906203,2847.9938032235,397.060930931253,-812.753930145877,FALSE,TRUE,-0.438047646054261,0.645295036362509,-1.68895612748817,0.18471223941965
"Liasis olivaceus","Reptilia","Squamata","Pythonidae","Liasis","olivaceus",3000.7,3.0007,0.2730637,"W",24,"C","A. M. Makarieva et al., Mean mass-specific metabolic rates are strikingly similar across life's major domains: Evidence for life's metabolic optimum. Proc. Natl. Acad. Sci. U.S.A. 105, 16994-16999 (2008).",1.09884559478345,-1.29805017768183,39.0542383504771,3537,297.15,18761.4857515163,165.489621906203,2847.9938032235,397.060930931253,-812.753930145877,FALSE,TRUE,0.0537697377441813,1.05524159186873,-1.12508468150652,0.324624976462321
"Liasis olivaceus","Reptilia","Squamata","Pythonidae","Liasis","olivaceus",3323.2,3.3232,0.396274143392313,"W",30,"C","Bedford & Christian, 1999",1.20092817413971,-0.925649025950096,38.2812697537333,3901,303.15,18761.4857515163,165.489621906203,2847.9938032235,397.060930931253,-812.753930145877,FALSE,TRUE,0.297037525472978,1.34586580275133,-0.881816893777722,0.414029979396359
"Lichanura trivirgata","Reptilia","Squamata","Charinidae","Lichanura","trivirgata",182,0.182,0.020748,"W",20,"C","A. M. Makarieva et al., Mean mass-specific metabolic rates are strikingly similar across life's major domains: Evidence for life's metabolic optimum. Proc. Natl. Acad. Sci. U.S.A. 105, 16994-16999 (2008).",-1.70374859190534,-3.87530542249298,39.5871292029482,3538,293.15,18761.4857515163,165.489621906203,2847.9938032235,397.060930931253,-812.753930145877,FALSE,TRUE,-2.26595721171604,0.10373069476744,-3.33489413401355,0.0356183567842572
"Malayopython reticulatus","Reptilia","Squamata","Pythonidae","Malayopython","reticulatus",14326,14.326,1.117428,"W",20,"C","A. M. Makarieva et al., Mean mass-specific metabolic rates are strikingly similar across life's major domains: Evidence for life's metabolic optimum. Proc. Natl. Acad. Sci. U.S.A. 105, 16994-16999 (2008).",2.66207606819226,0.111029615899714,39.5871292029482,3539,293.15,18761.4857515163,165.489621906203,2847.9938032235,397.060930931253,-812.753930145877,FALSE,TRUE,1.17276051985779,3.23089930104209,0.0521440067794745,1.05352744668457
"Nerodia rhombifer","Reptilia","Squamata","Colubridae","Nerodia","rhombifer",238,0.238,0.080444,"W",30,"C","A. M. Makarieva et al., Mean mass-specific metabolic rates are strikingly similar across life's major domains: Evidence for life's metabolic optimum. Proc. Natl. Acad. Sci. U.S.A. 105, 16994-16999 (2008).",-1.43548460531066,-2.52019398880978,38.2812697537333,3541,303.15,18504.5921575775,137.664959687806,608.838705503057,-2504.96665964894,161.155410749487,FALSE,TRUE,-1.77951846984754,0.168719371175671,-2.35836226261628,0.0945749854209588
"Ophisaurus ventralis","Reptilia","Squamata","Anguidae","Ophisaurus","ventralis",32.17,0.03217,0.0068271888888888,"W",25,"C","Kamel & Gatten, 1983",-3.4367209377312,-4.9868422730089,38.9232497932056,3908,298.15,18504.5921575775,137.664959687806,608.838705503057,-2504.96665964894,161.155410749487,FALSE,TRUE,-3.49104520533026,0.0304690091516463,-4.42519281898276,0.0119719026681425
"Ophisaurus ventralis","Reptilia","Squamata","Anguidae","Ophisaurus","ventralis",32.185,0.032185,0.00688759,"W",25,"C","A. M. Makarieva et al., Mean mass-specific metabolic rates are strikingly similar across life's major domains: Evidence for life's metabolic optimum. Proc. Natl. Acad. Sci. U.S.A. 105, 16994-16999 (2008).",-3.43625477347756,-4.97803403743784,38.9232497932056,3542,298.15,18504.5921575775,137.664959687806,608.838705503057,-2504.96665964894,161.155410749487,FALSE,TRUE,-3.49067803362511,0.0304801985637828,-4.42482564727759,0.0119762992191544
"Pantherophis guttatus","Reptilia","Squamata","Colubridae","Pantherophis","guttatus",800,0.8,0.5024,"W",25,"C","A. M. Makarieva et al., Mean mass-specific metabolic rates are strikingly similar across life's major domains: Evidence for life's metabolic optimum. Proc. Natl. Acad. Sci. U.S.A. 105, 16994-16999 (2008).",-0.22314355131421,-0.688358663828148,38.9232497932056,3543,298.15,18752.9238840648,164.5429220734,2767.8682603448,282.155925316632,-1057.10270750757,FALSE,TRUE,-0.959888688336801,0.382935508791241,-1.39425954958287,0.248016612398472
"Phrynosoma cornutum","Reptilia","Squamata","Phrynosomatidae","Phrynosoma","cornutum",35,0.035,0.01323,"W",35,"C","A. M. Makarieva et al., Mean mass-specific metabolic rates are strikingly similar across life's major domains: Evidence for life's metabolic optimum. Proc. Natl. Acad. Sci. U.S.A. 105, 16994-16999 (2008).",-3.35240721749272,-4.32526830085527,37.6601230759184,3544,308.15,18504.5921575775,137.664959687806,608.838705503057,-2504.96665964894,161.155410749487,FALSE,TRUE,-3.15849758191173,0.0424895301882747,-3.65688513490943,0.0258127909950247
"Podarcis muralis","Reptilia","Squamata","Lacertidae","Podarcis","muralis",5.5,0.0055,0.0053459999999999,"W",35,"C","A. M. Makarieva et al., Mean mass-specific metabolic rates are strikingly similar across life's major domains: Evidence for life's metabolic optimum. Proc. Natl. Acad. Sci. U.S.A. 105, 16994-16999 (2008).",-5.20300718674371,-5.23140666126543,37.6601230759184,3546,308.15,18504.5921575775,137.664959687806,608.838705503057,-2504.96665964894,161.155410749487,FALSE,TRUE,-4.6161124482337,0.0098911738654344,-5.1225869648638,0.00596058311344824
"Psammodromus algirus","Reptilia","Squamata","Lacertidae","Psammodromus","algirus",5.2,0.0052,0.0055483999999999,"W",20,"C","A. M. Makarieva et al., Mean mass-specific metabolic rates are strikingly similar across life's major domains: Evidence for life's metabolic optimum. Proc. Natl. Acad. Sci. U.S.A. 105, 16994-16999 (2008).",-5.25909665339476,-5.19424568107516,39.5871292029482,3547,293.15,18504.5921575775,137.664959687806,608.838705503057,-2504.96665964894,161.155410749487,FALSE,TRUE,-5.06630751728396,0.00630566074995372,-5.57014934799583,0.0038099113874702
"Pseudonaja nuchalis","Reptilia","Squamata","Elapidae","Pseudonaja","nuchalis",214.1,0.2141,0.0430341,"W",33,"C","A. M. Makarieva et al., Mean mass-specific metabolic rates are strikingly similar across life's major domains: Evidence for life's metabolic optimum. Proc. Natl. Acad. Sci. U.S.A. 105, 16994-16999 (2008).",-1.5413120833865,-3.14576245430956,37.9061470711882,3548,306.15,18753.3733882784,164.592628439259,2772.07604464696,288.192530677663,-1044.20679976059,FALSE,TRUE,-1.7838352670832,0.167992613621656,-2.60294975423638,0.0740548122239228
"Pseudonaja nuchalis","Reptilia","Squamata","Elapidae","Pseudonaja","nuchalis",214.1,0.2141,0.0512147519731584,"W",30,"C","Bedford & Christian, 1999",-1.5413120833865,-2.97172766396081,38.2812697537333,3903,303.15,18753.3733882784,164.592628439259,2772.07604464696,288.192530677663,-1044.20679976059,FALSE,TRUE,-1.86287289969287,0.155226040327383,-2.68198738684605,0.0684270279561008
"Ptyodactylus hasselquistii","Reptilia","Squamata","Phyllodactylidae","Ptyodactylus","hasselquistii",8.5,0.0085,0.0044115,"W",30,"C","A. M. Makarieva et al., Mean mass-specific metabolic rates are strikingly similar across life's major domains: Evidence for life's metabolic optimum. Proc. Natl. Acad. Sci. U.S.A. 105, 16994-16999 (2008).",-4.76768911548587,-5.42354051130211,38.2812697537333,3549,303.15,18800.1535227516,169.735196389278,3201.2614584003,886.211369622013,-187.589322618966,FALSE,TRUE,-4.40411098706365,0.0122269715203721,-5.05909478091911,0.00635130623508801
"Ptyodactylus hasselquistii","Reptilia","Squamata","Phyllodactylidae","Ptyodactylus","hasselquistii",6.4,0.0064,0.0034989918548061,"W",20,"C","Al-Sadoon & Abdo, 1989",-5.05145728861651,-5.65528039346266,39.5871292029482,3889,293.15,18800.1535227516,169.735196389278,3201.2614584003,886.211369622013,-187.589322618966,FALSE,TRUE,-4.90276151600691,0.00742604758017064,-5.55774530986237,0.00385746398602578
"Python molurus","Reptilia","Squamata","Pythonidae","Python","molurus",29777.25,29.77725,1.310199,"W",20,"C","A. M. Makarieva et al., Mean mass-specific metabolic rates are strikingly similar across life's major domains: Evidence for life's metabolic optimum. Proc. Natl. Acad. Sci. U.S.A. 105, 16994-16999 (2008).",3.39374467913697,0.270179034073094,39.5871292029482,3550,293.15,18761.4857515163,165.489621906203,2847.9938032235,397.060930931253,-812.753930145877,FALSE,TRUE,1.74905526872553,5.74916869011795,0.636258099429827,1.88939769696815
"Sauromalus ater","Reptilia","Squamata","Iguanidae","Sauromalus","ater",150,0.15,0.0376499999999999,"W",20,"C","A. M. Makarieva et al., Mean mass-specific metabolic rates are strikingly similar across life's major domains: Evidence for life's metabolic optimum. Proc. Natl. Acad. Sci. U.S.A. 105, 16994-16999 (2008).",-1.89711998488588,-3.27942232473624,39.5871292029482,3552,293.15,18504.5921575775,137.664959687806,608.838705503057,-2504.96665964894,161.155410749487,FALSE,TRUE,-2.4182651236436,0.0890760193664722,-2.64624833936243,0.0709167702642437
"Sceloporus olivaceus","Reptilia","Squamata","Iguanidae","Sceloporus","olivaceus",24,0.024,0.0137279999999999,"W",20,"C","A. M. Makarieva et al., Mean mass-specific metabolic rates are strikingly similar across life's major domains: Evidence for life's metabolic optimum. Proc. Natl. Acad. Sci. U.S.A. 105, 16994-16999 (2008).",-3.72970144863419,-4.28831773623654,39.5871292029482,3555,293.15,18504.5921575775,137.664959687806,608.838705503057,-2504.96665964894,161.155410749487,FALSE,TRUE,-3.86168781341418,0.0210324706623146,-4.36457596937,0.0127200477217156
"Sceloporus undulatus","Reptilia","Squamata","Iguanidae","Sceloporus","undulatus",3.8,0.0038,0.0012882,"W",20,"C","A. M. Makarieva et al., Mean mass-specific metabolic rates are strikingly similar across life's major domains: Evidence for life's metabolic optimum. Proc. Natl. Acad. Sci. U.S.A. 105, 16994-16999 (2008).",-5.5727542122498,-6.65450938385148,39.5871292029482,3556,293.15,18504.5921575775,137.664959687806,608.838705503057,-2504.96665964894,161.155410749487,FALSE,TRUE,-5.31335816481337,0.00492535874782308,-5.82451240053695,0.00295424428916908
"Sceloporus variabilis","Reptilia","Squamata","Iguanidae","Sceloporus","variabilis",12.215,0.012215,0.042691425,"W",10,"C","A. M. Makarieva et al., Mean mass-specific metabolic rates are strikingly similar across life's major domains: Evidence for life's metabolic optimum. Proc. Natl. Acad. Sci. U.S.A. 105, 16994-16999 (2008).",-4.40509057427243,-3.15375719858666,40.9852266496354,3557,283.15,18504.5921575775,137.664959687806,608.838705503057,-2504.96665964894,161.155410749487,FALSE,TRUE,-4.68823079707101,0.00920295365430945,-5.14064971015013,0.00585388514893845
"Scelotes gronovii","Reptilia","Squamata","Scincidae","Scelotes","gronovii",1.1,0.0011,0.0006798,"W",33,"C","A. M. Makarieva et al., Mean mass-specific metabolic rates are strikingly similar across life's major domains: Evidence for life's metabolic optimum. Proc. Natl. Acad. Sci. U.S.A. 105, 16994-16999 (2008).",-6.81244509917781,-7.29371192070226,37.9061470711882,3558,306.15,18785.4264057492,168.124327098774,3068.4682030444,705.982971593312,-328.283049830073,FALSE,TRUE,-5.93561413547242,0.00264359872815259,-6.67059469819266,0.0012676446608127
"Scincus mitranus","Reptilia","Squamata","Scincidae","Scincus","mitranus",14.6,0.0146,0.0049786,"W",35,"C","A. M. Makarieva et al., Mean mass-specific metabolic rates are strikingly similar across life's major domains: Evidence for life's metabolic optimum. Proc. Natl. Acad. Sci. U.S.A. 105, 16994-16999 (2008).",-4.22673375026785,-5.30260655196647,37.6601230759184,3559,308.15,18785.4264057492,168.124327098774,3068.4682030444,705.982971593312,-328.283049830073,FALSE,TRUE,-3.84715605665956,0.0213403409401446,-4.56967096898902,0.0103613683683164
"Sphaerodactylus cinereus","Reptilia","Squamata","Sphaerodactylidae","Sphaerodactylus","cinereus",0.54,0.00054,0.0002519323941258,"W",26.5,"C","Dunson & Bramham, 1981",-7.52394141840595,-8.28634978372421,38.7284062267454,3912,299.65,18800.1535227516,169.735196389278,3201.2614584003,886.211369622013,-187.589322618966,FALSE,TRUE,-6.66926872324954,0.00126932664075491,-7.75861504543053,0.000427047612857639
"Sphaerodactylus cinereus","Reptilia","Squamata","Sphaerodactylidae","Sphaerodactylus","cinereus",0.4,4e-04,0.000186,"W",27,"C","A. M. Makarieva et al., Mean mass-specific metabolic rates are strikingly similar across life's major domains: Evidence for life's metabolic optimum. Proc. Natl. Acad. Sci. U.S.A. 105, 16994-16999 (2008).",-7.82404601085629,-8.58976388425107,38.6638911405773,3560,300.15,18800.1535227516,169.735196389278,3201.2614584003,886.211369622013,-187.589322618966,FALSE,TRUE,-6.89205124607508,0.0010158279892533,-7.98139756825606,0.000341761453637022
"Sphaerodactylus macrolepis","Reptilia","Squamata","Sphaerodactylidae","Sphaerodactylus","macrolepis",0.5,5e-04,0.0004625,"W",30,"C","A. M. Makarieva et al., Mean mass-specific metabolic rates are strikingly similar across life's major domains: Evidence for life's metabolic optimum. Proc. Natl. Acad. Sci. U.S.A. 105, 16994-16999 (2008).",-7.60090245954208,-7.67886400101179,38.2812697537333,3561,303.15,18800.1535227516,169.735196389278,3201.2614584003,886.211369622013,-187.589322618966,FALSE,TRUE,-6.63567586244275,0.00131269124656775,-7.51151796686305,0.000546750509322107
"Storeria dekayi","Reptilia","Squamata","Colubridae","Storeria","dekayi",7.2,0.0072,0.0041471999999999,"W",30,"C","A. M. Makarieva et al., Mean mass-specific metabolic rates are strikingly similar across life's major domains: Evidence for life's metabolic optimum. Proc. Natl. Acad. Sci. U.S.A. 105, 16994-16999 (2008).",-4.93367425296013,-5.4853218712464,38.2812697537333,3562,303.15,18504.5921575775,137.664959687806,608.838705503057,-2504.96665964894,161.155410749487,FALSE,TRUE,-4.53484826577921,0.0107285349889133,-5.11587965043026,0.00600069699642349
"Thamnophis proximus","Reptilia","Squamata","Colubridae","Thamnophis","proximus",31,0.031,0.016523,"W",30,"C","A. M. Makarieva et al., Mean mass-specific metabolic rates are strikingly similar across life's major domains: Evidence for life's metabolic optimum. Proc. Natl. Acad. Sci. U.S.A. 105, 16994-16999 (2008).",-3.47376807449699,-4.10300192931328,38.2812697537333,3564,303.15,18504.5921575775,137.664959687806,608.838705503057,-2504.96665964894,161.155410749487,FALSE,TRUE,-3.38496121048847,0.0338789564683598,-3.95968963128784,0.0190690318041019
"Uta stansburiana","Reptilia","Squamata","Iguanidae","Uta","stansburiana",3.625,0.003625,0.0020735,"W",37,"C","A. M. Makarieva et al., Mean mass-specific metabolic rates are strikingly similar across life's major domains: Evidence for life's metabolic optimum. Proc. Natl. Acad. Sci. U.S.A. 105, 16994-16999 (2008).",-5.6199009906755,-6.17851727827784,37.4172720485064,3566,310.15,18504.5921575775,137.664959687806,608.838705503057,-2504.96665964894,161.155410749487,FALSE,TRUE,-4.89330830766444,0.00749658041062556,-5.35418153066663,0.00472833791377985
"Varanus albigularis","Reptilia","Squamata","Varanidae","Varanus","albigularis",963,0.963,0.339939,"W",35,"C","A. M. Makarieva et al., Mean mass-specific metabolic rates are strikingly similar across life's major domains: Evidence for life's metabolic optimum. Proc. Natl. Acad. Sci. U.S.A. 105, 16994-16999 (2008).",-0.0377018671840115,-1.07898908923285,37.6601230759184,3567,308.15,18504.5921575775,137.664959687806,608.838705503057,-2504.96665964894,161.155410749487,FALSE,TRUE,-0.547688181519002,0.578285156558989,-0.467479166095003,0.626579782681806
"Varanus albigularis","Reptilia","Squamata","Varanidae","Varanus","albigularis",963,0.963,0.339856557377049,"W",35,"C","Louw, Young, & Bligh, 1976",-0.0377018671840115,-1.07923164046009,37.6601230759184,3897,308.15,18504.5921575775,137.664959687806,608.838705503057,-2504.96665964894,161.155410749487,FALSE,TRUE,-0.547688181519002,0.578285156558989,-0.467479166094993,0.626579782681812
"Varanus exanthematicus","Reptilia","Squamata","Varanidae","Varanus","exanthematicus",3836,3.836,10.522148,"W",25,"C","A. M. Makarieva et al., Mean mass-specific metabolic rates are strikingly similar across life's major domains: Evidence for life's metabolic optimum. Proc. Natl. Acad. Sci. U.S.A. 105, 16994-16999 (2008).",1.34443015702119,2.35348236897666,38.9232497932056,3568,298.15,18504.5921575775,137.664959687806,608.838705503057,-2504.96665964894,161.155410749487,FALSE,TRUE,0.274802103455412,1.31627016377419,0.484794450426455,1.62384119467265
"Varanus giganteus","Reptilia","Squamata","Varanidae","Varanus","giganteus",2496,2.496,0.54912,"W",25.9,"C","A. M. Makarieva et al., Mean mass-specific metabolic rates are strikingly similar across life's major domains: Evidence for life's metabolic optimum. Proc. Natl. Acad. Sci. U.S.A. 105, 16994-16999 (2008).",0.914689450507181,-0.599438282122594,38.8061090982921,3569,299.05,18504.5921575775,137.664959687806,608.838705503057,-2504.96665964894,161.155410749487,FALSE,TRUE,-0.0389994749004252,0.961751214161388,-0.0917751723041836,0.912310239098247
"Varanus giganteus","Reptilia","Squamata","Varanidae","Varanus","giganteus",2496,2.496,0.59488,"W",25,"C","Thompson, Heger, Heger, & Withers, 1995",0.914689450507181,-0.519395574449058,38.9232497932056,3896,298.15,18504.5921575775,137.664959687806,608.838705503057,-2504.96665964894,161.155410749487,FALSE,TRUE,-0.0636807955430445,0.938304462699673,-0.116456492946785,0.890068820405834
"Varanus mertensi","Reptilia","Squamata","Varanidae","Varanus","mertensi",904,0.904,0.160008,"W",35,"C","A. M. Makarieva et al., Mean mass-specific metabolic rates are strikingly similar across life's major domains: Evidence for life's metabolic optimum. Proc. Natl. Acad. Sci. U.S.A. 105, 16994-16999 (2008).",-0.100925918589961,-1.83253146499827,37.6601230759184,3570,308.15,18504.5921575775,137.664959687806,608.838705503057,-2504.96665964894,161.155410749487,FALSE,TRUE,-0.597486257153747,0.550192942815781,-0.781300132367793,0.45781041007645
"Varanus mertensi","Reptilia","Squamata","Varanidae","Varanus","mertensi",904,0.904,0.163934426229508,"W",35,"C","Christian & Conley, 1994",-0.100925918589961,-1.80828877117927,37.6601230759184,3907,308.15,18504.5921575775,137.664959687806,608.838705503057,-2504.96665964894,161.155410749487,FALSE,TRUE,-0.597486257153747,0.550192942815781,-0.781300132367784,0.457810410076454
"Xantusia henshawi","Reptilia","Squamata","Xantusiidae","Xantusia","henshawi",3.5,0.0035,0.0017605,"W",15,"C","A. M. Makarieva et al., Mean mass-specific metabolic rates are strikingly similar across life's major domains: Evidence for life's metabolic optimum. Proc. Natl. Acad. Sci. U.S.A. 105, 16994-16999 (2008).",-5.65499231048677,-6.34215741936917,40.2740479814134,3572,288.15,18785.4264057492,168.124327098774,3068.4682030444,705.982971593312,-328.283049830073,FALSE,TRUE,-5.52286502403109,0.00399438751650806,-6.37162505244977,0.00170937913652867
"Xantusia vigilis","Reptilia","Squamata","Xantusiidae","Xantusia","vigilis",1.5,0.0015,0.000921,"W",30,"C","A. M. Makarieva et al., Mean mass-specific metabolic rates are strikingly similar across life's major domains: Evidence for life's metabolic optimum. Proc. Natl. Acad. Sci. U.S.A. 105, 16994-16999 (2008).",-6.50229017087397,-6.99005052170897,38.2812697537333,3573,303.15,18785.4264057492,168.124327098774,3068.4682030444,705.982971593312,-328.283049830073,FALSE,TRUE,-5.77035994820182,0.00311863476513552,-6.61911997662044,0.00133460491250392
"Xenodon guentheri","Reptilia","Squamata","Colubridae","Xenodon","guentheri",50,0.05,0.01515,"W",20,"C","A. M. Makarieva et al., Mean mass-specific metabolic rates are strikingly similar across life's major domains: Evidence for life's metabolic optimum. Proc. Natl. Acad. Sci. U.S.A. 105, 16994-16999 (2008).",-2.99573227355399,-4.18975474702676,39.5871292029482,3574,293.15,18752.3407466531,164.478433788319,2762.40818737183,274.319897633759,-1073.9135937373,FALSE,TRUE,-3.28358103788452,0.0374937495755088,-3.8747813116842,0.0207588771012147
"Xenodon merremii","Reptilia","Squamata","Colubridae","Xenodon","merremii",502,0.502,0.187246,"W",20,"C","A. M. Makarieva et al., Mean mass-specific metabolic rates are strikingly similar across life's major domains: Evidence for life's metabolic optimum. Proc. Natl. Acad. Sci. U.S.A. 105, 16994-16999 (2008).",-0.689155159290408,-1.67533201862873,39.5871292029482,3575,293.15,18752.3562287603,164.480146103652,2762.55320023538,274.528117597982,-1073.46429340133,FALSE,TRUE,-1.46681828638106,0.230658207272071,-2.05366516190734,0.128263932942092
"Xenodon neuwiedii","Reptilia","Squamata","Colubridae","Xenodon","neuwiedii",53,0.053,0.017066,"W",20,"C","A. M. Makarieva et al., Mean mass-specific metabolic rates are strikingly similar across life's major domains: Evidence for life's metabolic optimum. Proc. Natl. Acad. Sci. U.S.A. 105, 16994-16999 (2008).",-2.93746336543002,-4.07066709886774,39.5871292029482,3576,293.15,18504.5921575775,137.664959687806,608.838705503057,-2504.96665964894,161.155410749487,FALSE,TRUE,-3.23768585354588,0.0392546310355898,-3.82888612734553,0.021733810849733
"Zygoballus rufipes","Arachnida","Araneae","Salticidae","Zygoballus","rufipes",0.003,3e-06,4.71404520791032e-06,"W",20,"C","Anderson, 1996",-12.7168982692962,-12.2649641633584,39.5871292029482,3577,293.15,-5126.81836119685,-1622.5901421774,27.3461553712044,-1.52597053816768,0.00220570966094921,FALSE,TRUE,-10.9404038568714,1.7727315544493e-05,-11.8673191798265,7.01598683145635e-06
"Pardosa lugubris","Arachnida","Araneae","Lycosidae","Pardosa","lugubris",0.0214,2.14e-05,3.25306042797243e-05,"W",20,"C","Schmitz, 2004",-10.7521196359365,-10.3333292415764,39.5871292029482,3579,293.15,-5126.81836119685,-1622.5901421774,27.3461553712044,-1.52597053816768,0.00220570966094921,FALSE,TRUE,-9.39285679505235,8.33170960585822e-05,-10.255479497443,3.51642893493004e-05
"Pardosa lugubris","Arachnida","Araneae","Lycosidae","Pardosa","lugubris",0.0224,2.24e-05,3.56625946602474e-05,"W",20,"C","Schmitz, 2004",-10.7064495991033,-10.2414081870925,39.5871292029482,3578,293.15,-5126.81836119685,-1622.5901421774,27.3461553712044,-1.52597053816768,0.00220570966094921,FALSE,TRUE,-9.35688504224806,8.63687150333213e-05,-10.2195077446387,3.64522364536511e-05
"Marpissa muscosa","Arachnida","Araneae","Salticidae","Marpissa","muscosa",0.0275,2.75e-05,3.58667766867778e-05,"W",20,"C","Schmitz, 2004",-10.5013245532917,-10.2356991314342,39.5871292029482,3581,293.15,-5126.81836119685,-1622.5901421774,27.3461553712044,-1.52597053816768,0.00220570966094921,FALSE,TRUE,-9.19531943044765,0.000101513432285752,-10.1378416133796,3.95540837629959e-05
"Marpissa muscosa","Arachnida","Araneae","Salticidae","Marpissa","muscosa",0.0391,3.91e-05,4.95892480380877e-05,"W",20,"C","Schmitz, 2004",-10.149388090973,-9.9117365211578,39.5871292029482,3580,293.15,-5126.81836119685,-1622.5901421774,27.3461553712044,-1.52597053816768,0.00220570966094921,FALSE,TRUE,-8.91811861557663,0.000133940000523134,-9.86064079850857,5.21888963915108e-05
"Damon annulatipes","Arachnida","Amblypygi","Phrynichidae","Damon","annulatipes",0.64,0.00064,0.0003076815514163,"W",21,"C","Terblanche, Klok, & Chown, 2004",-7.35404238161056,-8.08644523383185,39.4525477676161,3582,294.15,-5126.81836119685,-1622.5901421774,27.3461553712044,-1.52597053816768,0.00220570966094921,FALSE,TRUE,-6.68802392262767,0.00124574202495215,-7.47082144152667,0.000569460326338909
"Ornithodoros moubata","Arachnida","Ixodida","Argasidae","Ornithodoros","moubata",0.0132,1.32e-05,2.72376543209877e-06,"W",25,"C","Lighton & Fielden, 1995",-11.2352937283719,-12.8134952849492,38.9232497932056,3583,298.15,-5126.81836119685,-1622.5901421774,27.3461553712044,-1.52597053816768,0.00220570966094921,FALSE,TRUE,-9.63354808256353,6.54942580474439e-05,-10.1399614042287,3.9470326183828e-05
"Loxosceles laeta","Arachnida","Araneae","Sicariidae","Loxosceles","laeta",0.0972,9.72e-05,7.25007265636451e-05,"W",22,"C","Greenstone & Bennett, 1980",-9.23873984649788,-9.53191397458634,39.3188782850898,3584,295.15,-5126.81836119685,-1622.5901421774,27.3461553712044,-1.52597053816768,0.00220570966094921,FALSE,TRUE,-8.14433158884411,0.000290376677800191,-9.26383351052216,9.47912445039147e-05
"Loxosceles laeta","Arachnida","Araneae","Sicariidae","Loxosceles","laeta",0.0961,9.61e-05,0.0001039633060157,"W",22,"C","Greenstone & Bennett, 1980",-9.25012124198803,-9.17147254785303,39.3188782850898,3585,295.15,-5126.81836119685,-1622.5901421774,27.3461553712044,-1.52597053816768,0.00220570966094921,FALSE,TRUE,-8.15329608227412,0.000287785230838947,-9.27279800395217,9.39452864731836e-05
"Loxosceles laeta","Arachnida","Araneae","Sicariidae","Loxosceles","laeta",0.0761999999999999,7.62e-05,4.99297456523216e-05,"W",22,"C","Greenstone & Bennett, 1980",-9.48214909527167,-9.90489362755002,39.3188782850898,3587,295.15,-5126.81836119685,-1622.5901421774,27.3461553712044,-1.52597053816768,0.00220570966094921,FALSE,TRUE,-8.33605154210691,0.000239716989199804,-9.45555346378497,7.82537768085377e-05
"Loxosceles laeta","Arachnida","Araneae","Sicariidae","Loxosceles","laeta",0.1979,0.0001979,0.0001880915075943,"W",22,"C","Greenstone & Bennett, 1980",-8.52774870535575,-8.57858197103217,39.3188782850898,3588,295.15,-5126.81836119685,-1622.5901421774,27.3461553712044,-1.52597053816768,0.00220570966094921,FALSE,TRUE,-7.58432333510386,0.000508358660395152,-8.70382525678192,0.000165949794722693
"Loxosceles laeta","Arachnida","Araneae","Sicariidae","Loxosceles","laeta",0.1655,0.0001655,0.0001621006810904,"W",22,"C","Greenstone & Bennett, 1980",-8.70653936314716,-8.72729292756337,39.3188782850898,3591,295.15,-5126.81836119685,-1622.5901421774,27.3461553712044,-1.52597053816768,0.00220570966094921,FALSE,TRUE,-7.72514681132045,0.000441582005908919,-8.84464873299852,0.000144151066840994
"Loxosceles laeta","Arachnida","Araneae","Sicariidae","Loxosceles","laeta",0.1839,0.0001839,0.0002291296547058,"W",22,"C","Greenstone & Bennett, 1980",-8.601118426354,-8.3812225368736,39.3188782850898,3592,295.15,-5126.81836119685,-1622.5901421774,27.3461553712044,-1.52597053816768,0.00220570966094921,FALSE,TRUE,-7.6421125914758,0.000479813730193018,-8.76161451315386,0.000156631520684171
"Loxosceles laeta","Arachnida","Araneae","Sicariidae","Loxosceles","laeta",0.1112,0.0001112,0.000139529700179,"W",22,"C","Greenstone & Bennett, 1980",-9.10418017614779,-8.87723307485484,39.3188782850898,3586,295.15,-5126.81836119685,-1622.5901421774,27.3461553712044,-1.52597053816768,0.00220570966094921,FALSE,TRUE,-8.03834640610953,0.000322842359129176,-9.15784832778759,0.000105389417746186
"Loxosceles laeta","Arachnida","Araneae","Sicariidae","Loxosceles","laeta",0.3279,0.0003279,0.0003289891460105,"W",22,"C","Greenstone & Bennett, 1980",-8.02280187411367,-8.01948579859266,39.3188782850898,3590,295.15,-5126.81836119685,-1622.5901421774,27.3461553712044,-1.52597053816768,0.00220570966094921,FALSE,TRUE,-7.18660474645689,0.000756653795649169,-8.30610666813496,0.000247003841670606
"Loxosceles laeta","Arachnida","Araneae","Sicariidae","Loxosceles","laeta",0.2917,0.0002917,0.0001778319708164,"W",22,"C","Greenstone & Bennett, 1980",-8.1397846810906,-8.63467143768338,39.3188782850898,3589,295.15,-5126.81836119685,-1622.5901421774,27.3461553712044,-1.52597053816768,0.00220570966094921,FALSE,TRUE,-7.27874560962931,0.000690050613869382,-8.39824753130737,0.000225261742626514
"Loxosceles deserta","Arachnida","Araneae","Sicariidae","Loxosceles","deserta",0.079,7.9e-05,6.22411897857708e-05,"W",22,"C","Greenstone & Bennett, 1980",-9.44606270549725,-9.68449356218156,39.3188782850898,3593,295.15,-5126.81836119685,-1622.5901421774,27.3461553712044,-1.52597053816768,0.00220570966094921,FALSE,TRUE,-8.30762829608882,0.0002466282795258,-9.54007677101359,7.19113267399658e-05
"Loxosceles deserta","Arachnida","Araneae","Sicariidae","Loxosceles","deserta",0.0632,6.32e-05,4.03541779929723e-05,"W",22,"C","Greenstone & Bennett, 1980",-9.66920625681146,-10.1178156247927,39.3188782850898,3594,295.15,-5126.81836119685,-1622.5901421774,27.3461553712044,-1.52597053816768,0.00220570966094921,FALSE,TRUE,-8.48338608444063,0.000206877012364074,-9.71583455936539,6.03207404264632e-05
"Plectreurys tristis","Arachnida","Araneae","Plectreuridae","Plectreurys","tristis",0.3404,0.0003404,0.0001429495457717,"W",22,"C","Greenstone & Bennett, 1980",-7.98538916126506,-8.85301881673371,39.3188782850898,3595,295.15,-5126.81836119685,-1622.5901421774,27.3461553712044,-1.52597053816768,0.00220570966094921,FALSE,TRUE,-7.15713682937936,0.000779282581074876,-8.54686679248371,0.000194152467526837
"Plectreurys tristis","Arachnida","Araneae","Plectreuridae","Plectreurys","tristis",0.081,8.1e-05,5.9505313311671e-05,"W",22,"C","Greenstone & Bennett, 1980",-9.42106140329184,-9.72944495004383,39.3188782850898,3596,295.15,-5126.81836119685,-1622.5901421774,27.3461553712044,-1.52597053816768,0.00220570966094921,FALSE,TRUE,-8.28793615819974,0.00025153305184315,-9.67766612130409,6.2667591790058e-05
"Latrodectus mactans","Arachnida","Araneae","Theridiidae","Latrodectus","mactans",0.3505,0.0003505,0.0007161156670956,"W",22,"C","Greenstone & Bennett, 1980",-7.95614985148963,-7.24166885782791,39.3188782850898,3597,295.15,-5126.81836119685,-1622.5901421774,27.3461553712044,-1.52597053816768,0.00220570966094921,FALSE,TRUE,-7.13410664818525,0.000797437857329479,-7.0090546042755,0.000903662503355801
"Latrodectus mactans","Arachnida","Araneae","Theridiidae","Latrodectus","mactans",0.0482,4.82e-05,0.0003946501813888,"W",22,"C","Greenstone & Bennett, 1980",-9.94015153690772,-7.83751080219056,39.3188782850898,3598,295.15,-5126.81836119685,-1622.5901421774,27.3461553712044,-1.52597053816768,0.00220570966094921,FALSE,TRUE,-8.69679464101156,0.000167120635007806,-8.57174259710181,0.000189382344975839
"Latrodectus mactans","Arachnida","Araneae","Theridiidae","Latrodectus","mactans",0.169,0.000169,0.0006012088551834,"W",22,"C","Greenstone & Bennett, 1980",-8.6856118430412,-7.41656817101329,39.3188782850898,3599,295.15,-5126.81836119685,-1622.5901421774,27.3461553712044,-1.52597053816768,0.00220570966094921,FALSE,TRUE,-7.70866336544963,0.000448921119772446,-7.58361132153987,0.000508720747546912
"Argiope aurantia","Arachnida","Araneae","Araneidae","Argiope","aurantia",0.858,0.000858,0.0010471567204617,"W",22,"C","Greenstone & Bennett, 1980",-7.06090645847631,-6.86167667304073,39.3188782850898,3601,295.15,-5126.81836119685,-1622.5901421774,27.3461553712044,-1.52597053816768,0.00220570966094921,FALSE,TRUE,-6.42897312375269,0.00161410747238405,-6.85080042489007,0.00105860801749659
"Argiope aurantia","Arachnida","Araneae","Araneidae","Argiope","aurantia",0.853,0.000853,0.0011983138956557,"W",22,"C","Greenstone & Bennett, 1980",-7.0667510104726,-6.72683979720209,39.3188782850898,3602,295.15,-5126.81836119685,-1622.5901421774,27.3461553712044,-1.52597053816768,0.00220570966094921,FALSE,TRUE,-6.4335765529207,0.00160669411947957,-6.85540385405808,0.00105374599005698
"Argiope aurantia","Arachnida","Araneae","Araneidae","Argiope","aurantia",0.258,0.000258,0.0004055936872852,"W",22,"C","Greenstone & Bennett, 1980",-8.26255097304266,-7.81015866970092,39.3188782850898,3600,295.15,-5126.81836119685,-1622.5901421774,27.3461553712044,-1.52597053816768,0.00220570966094921,FALSE,TRUE,-7.37544180286711,0.000626449869952506,-7.79726910400448,0.000410855451844182
"Menemerus bivittatus","Arachnida","Araneae","Salticidae","Menemerus","bivittatus",0.0279,2.79e-05,6.90808809710203e-05,"W",22,"C","Greenstone & Bennett, 1980",-10.486883869137,-9.58023255185715,39.3188782850898,3603,295.15,-5126.81836119685,-1622.5901421774,27.3461553712044,-1.52597053816768,0.00220570966094921,FALSE,TRUE,-9.12742534921306,0.000108644948115051,-9.99265279356392,4.5734720802033e-05
"Apteryx owenii","Aves","Apterygiformes","Apterygidae","Apteryx","owenii",666,0.666,1.16,"W",20.5,"C","Calder III & Dawson, 1978",-0.406465608441748,0.148420005118273,39.5197239088856,3605,293.65,17958.3252985913,85.3648118571666,-2111.8610084626,-388.042607718081,70.0139780214668,FALSE,TRUE,-1.22995725298614,0.292305072582786,0.529456443754245,1.69800909428328
"Apteryx owenii","Aves","Apterygiformes","Apterygidae","Apteryx","owenii",1525,1.525,2.55,"W",17,"C","Calder III & Dawson, 1978",0.421994410059375,0.936093359170335,39.9964395169542,3607,290.15,17958.3252985913,85.3648118571666,-2111.8610084626,-388.042607718081,70.0139780214668,FALSE,TRUE,-0.677868353358927,0.507698072606847,1.08154534338144,2.94923361000635
"Apteryx owenii","Aves","Apterygiformes","Apterygidae","Apteryx","owenii",1525,1.525,3.42,"W",16,"C","Calder III & Dawson, 1978",0.421994410059375,1.22964055107451,40.1347637068797,3606,289.15,17958.3252985913,85.3648118571666,-2111.8610084626,-388.042607718081,70.0139780214668,FALSE,TRUE,-0.707012995933414,0.493114936135778,1.05240070080696,2.86451972484437
"Apteryx australis","Aves","Apterygiformes","Apterygidae","Apteryx","australis",1850,1.85,3.58,"W",17.5,"C","Calder III & Dawson, 1978",0.615185639090233,1.27536280041261,39.9276343569388,3608,290.65,17958.3252985913,85.3648118571666,-2111.8610084626,-388.042607718081,70.0139780214668,FALSE,TRUE,-0.511205230797676,0.599772279005969,1.27375896422529,3.57426286838883
"Apteryx australis","Aves","Apterygiformes","Apterygidae","Apteryx","australis",3070,3.07,3.89,"W",17.5,"C","Calder III & Dawson, 1978",1.12167756159911,1.35840915763035,39.9276343569388,3609,290.65,17958.3252985913,85.3648118571666,-2111.8610084626,-388.042607718081,70.0139780214668,FALSE,TRUE,-0.112269659530083,0.893803202448863,1.67269453549288,5.32650092374179
"Apteryx australis","Aves","Apterygiformes","Apterygidae","Apteryx","australis",2220,2.22,4.54,"W",18,"C","Calder III & Dawson, 1978",0.797507195884188,1.51292701205326,39.8590655189568,3612,291.15,17958.3252985913,85.3648118571666,-2111.8610084626,-388.042607718081,70.0139780214668,FALSE,TRUE,-0.353153338267328,0.70246946966704,1.43181085675563,4.18627307312196
"Apteryx australis","Aves","Apterygiformes","Apterygidae","Apteryx","australis",2150,2.15,4.13,"W",17.5,"C","Calder III & Dawson, 1978",0.765467842139571,1.41827740697294,39.9276343569388,3610,290.65,17958.3252985913,85.3648118571666,-2111.8610084626,-388.042607718081,70.0139780214668,FALSE,TRUE,-0.392836281836225,0.67513927110029,1.39212791318675,4.02340240146523
"Apteryx australis","Aves","Apterygiformes","Apterygidae","Apteryx","australis",2080,2.08,4.39,"W",10,"C","Calder III & Dawson, 1978",0.732367893713227,1.47932922708708,40.9852266496354,3611,283.15,17958.3252985913,85.3648118571666,-2111.8610084626,-388.042607718081,70.0139780214668,FALSE,TRUE,-0.641739949522528,0.526375759547839,1.14322424550046,3.13686610406537
"Apteryx australis","Aves","Apterygiformes","Apterygidae","Apteryx","australis",2680,2.68,4.12,"W",18,"C","Calder III & Dawson, 1978",0.985816794522765,1.41585316336144,39.8590655189568,3613,291.15,17958.3252985913,85.3648118571666,-2111.8610084626,-388.042607718081,70.0139780214668,FALSE,TRUE,-0.204832320755472,0.814783927311074,1.5801318742675,4.85559609719646
"Dromaius novaehollandiae","Aves","Casuariiformes","Casuariidae","Dromaius","novaehollandiae",38760,38.76,38.88,"W",18,"C","Calder III & Dawson, 1978",3.65738878702257,3.66047997959224,39.8590655189568,3615,291.15,17958.3252985913,85.3648118571666,-2111.8610084626,-388.042607718081,70.0139780214668,FALSE,TRUE,1.89941663494576,6.68199526253851,3.79600415759611,44.52292199641
"Dromaius novaehollandiae","Aves","Casuariiformes","Casuariidae","Dromaius","novaehollandiae",35410,35.41,42.38,"W",19.5,"C","Calder III & Dawson, 1978",3.56699426612381,3.74667655284015,39.654764824344,3616,292.65,17958.3252985913,85.3648118571666,-2111.8610084626,-388.042607718081,70.0139780214668,FALSE,TRUE,1.87126365483942,6.49650054894629,3.76785117748975,43.2869488567219
"Dromaius novaehollandiae","Aves","Casuariiformes","Casuariidae","Dromaius","novaehollandiae",44610,44.61,46.02,"W",13,"C","Calder III & Dawson, 1978",3.79795804914017,3.82907608460722,40.5555370464591,3614,286.15,17958.3252985913,85.3648118571666,-2111.8610084626,-388.042607718081,70.0139780214668,FALSE,TRUE,1.86339001915003,6.44555031537436,3.75997754180037,42.9474614452694
"Dromaius novaehollandiae","Aves","Casuariiformes","Casuariidae","Dromaius","novaehollandiae",36920,36.92,46.58,"W",18,"C","Calder III & Dawson, 1978",3.60875340963465,3.84117126445619,39.8590655189568,3617,291.15,17958.3252985913,85.3648118571666,-2111.8610084626,-388.042607718081,70.0139780214668,FALSE,TRUE,1.86110924799682,6.43086624201939,3.75769677064717,42.849619733792
"Psaltriparus minimus","Aves","Passeriformes","Aegithalidae","Psaltriparus","minimus",5.5,0.0055,0.121,"W",30,"C","Chaplin, 1982",-5.20300718674371,-2.1119647333854,38.2812697537333,3618,303.15,17627.9159774698,53.6290942933145,-3781.12200541112,913.528178160784,20.3299990895494,FALSE,TRUE,-4.74698686666332,0.00867780322808334,-2.36555327827466,0.0938973346387461
"Himatione sanguinea","Aves","Passeriformes","Fringillidae","Himatione","sanguinea",12.9,0.0129,0.2471375,"W",25.1,"C","MacMillen, 1981",-4.35052796761451,-1.39781041708114,38.91019924843,3619,298.25,17627.9159774698,53.6290942933145,-3781.12200541112,913.528178160784,20.3299990895494,FALSE,TRUE,-4.20805055117765,0.0148753388024036,-1.8141835091374,0.1629709183478
"Aythya nyroca","Aves","Anseriformes","Anatidae","Aythya","nyroca",440,0.44,3.27222222222222,"W",22.5,"C","Prinzinger & Hänssler, 1980",-0.82098055206983,1.18546933276138,39.2523826343456,3621,295.65,17627.1198451251,53.5594321979318,-3783.56689585748,915.234683804887,19.8642246016021,FALSE,TRUE,-1.5001193679238,0.223103527154069,1.01505051046567,2.75950277762648
"Aythya fuligula","Aves","Anseriformes","Anatidae","Aythya","fuligula",571,0.571,2.70277777777778,"W",22.5,"C","Prinzinger & Hänssler, 1980",-0.560366069326127,0.99428005073585,39.2523826343456,3622,295.65,17627.1198451251,53.5594321979318,-3783.56689585748,915.234683804887,19.8642246016021,FALSE,TRUE,-1.2948478069501,0.27393955285505,1.2204891775188,3.3888450750466
"Aythya ferina","Aves","Anseriformes","Anatidae","Aythya","ferina",816,0.816,5.81666666666667,"W",22.5,"C","Prinzinger & Hänssler, 1980",-0.20334092401803,1.76072735998033,39.2523826343456,3624,295.65,17627.1198451251,53.5594321979318,-3783.56689585748,915.234683804887,19.8642246016021,FALSE,TRUE,-1.01363891896851,0.362896024740635,1.50169806550036,4.48930573690091
"Netta rufina","Aves","Anseriformes","Anatidae","Netta","rufina",1237,1.237,7.1,"W",22.5,"C","Prinzinger & Hänssler, 1980",0.212689093410351,1.96009478404727,39.2523826343456,3625,295.65,17627.1198451251,53.5594321979318,-3783.56689585748,915.234683804887,19.864224601602,FALSE,TRUE,-0.685955168662796,0.503608968263765,1.8230681625365,6.19082379426191
"Loriculus galgulus","Aves","Psittaciformes","Psittaculidae","Loriculus","galgulus",27,0.027,0.516666666666667,"W",22.5,"C","Prinzinger & Hänssler, 1980",-3.61191841297781,-0.660357357736954,39.2523826343456,3626,295.65,17627.9159774698,53.6290942933145,-3781.12200541112,913.528178160784,20.3299990895494,FALSE,TRUE,-3.6983861919997,0.0247634577071612,-0.970249925544207,0.378988307407105
"Melopsittacus undulatus","Aves","Psittaciformes","Psittaculidae","Melopsittacus","undulatus",39,0.039,0.622222222222222,"W",22.5,"C","Prinzinger & Hänssler, 1980",-3.24419363285249,-0.474457979595116,39.2523826343456,3627,295.65,17627.9159774698,53.6290942933145,-3781.12200541112,913.528178160784,20.3299990895494,FALSE,TRUE,-3.40874979562465,0.0330825344618075,-0.674620586552456,0.509349638052762
"Neophema pulchella","Aves","Psittaciformes","Psittaculidae","Neophema","pulchella",40,0.04,0.580555555555555,"W",22.5,"C","Prinzinger & Hänssler, 1980",-3.2188758248682,-0.543769779485346,39.2523826343456,3628,295.65,17627.9159774698,53.6290942933145,-3781.12200541112,913.528178160784,20.3299990895494,FALSE,TRUE,-3.38880836370324,0.0337488693251023,-0.654679154631048,0.519608749906265
"Cuculus canorus","Aves","Cuculiformes","Cuculidae","Cuculus","canorus",128,0.128,1.25555555555556,"W",22.5,"C","Prinzinger & Hänssler, 1980",-2.05572501506252,0.227578148382079,39.2523826343456,3629,295.65,17627.9159774698,53.6290942933145,-3781.12200541112,913.528178160784,20.3299990895494,FALSE,TRUE,-2.47265903898807,0.0843602433269427,-0.186852182599797,0.829566351664244
"Coturnix japonica","Aves","Galliformes","Phasianidae","Coturnix","japonica",115,0.115,0.977777777777778,"W",22.5,"C","Prinzinger & Hänssler, 1980",-2.16282315061889,-0.0224728558520584,39.2523826343456,3631,295.65,17622.0300084857,53.1140619415962,-3799.19902552371,926.146064188164,16.8866694463123,FALSE,TRUE,-2.55701429519479,0.0775358944854566,-0.253962832064102,0.77572063344545
"Malurus cyaneus","Aves","Passeriformes","Maluridae","Malurus","cyaneus",8.7,0.0087,0.176666666666667,"W",31,"C","Bech, Chappell, Astheimer, Londoño, & Buttemer, 2016",-4.7444322533216,-1.73349056110408,38.1554066277964,3634,304.15,17627.9159774698,53.6290942933145,-3781.12200541112,913.528178160784,20.3299990895494,FALSE,TRUE,-4.35927372756194,0.0127876716112231,-1.69808648665152,0.183033426078891
"Malurus lamberti","Aves","Passeriformes","Maluridae","Malurus","lamberti",7.8,0.0078,0.183333333333333,"W",31,"C","Bech, Chappell, Astheimer, Londoño, & Buttemer, 2016",-4.85363154528659,-1.69644928942373,38.1554066277964,3635,304.15,17627.9159774698,53.6290942933145,-3781.12200541112,913.528178160784,20.3299990895494,FALSE,TRUE,-4.44528394803354,0.0117337737758815,-1.78409670712306,0.167948699366776
"Acanthagenys rufogularis","Aves","Passeriformes","Meliphagidae","Acanthagenys","rufogularis",43.4,0.0434,0.633333333333333,"W",31,"C","Bech, Chappell, Astheimer, Londoño, & Buttemer, 2016",-3.13729583787578,-0.456758402495715,38.1554066277964,3636,304.15,17627.9159774698,53.6290942933145,-3781.12200541112,913.528178160784,20.3299990895494,FALSE,TRUE,-3.09342158756144,0.0453465315315256,-0.427005073440968,0.652460242000982
"Manorina flavigula","Aves","Passeriformes","Meliphagidae","Manorina","flavigula",41.1,0.0411,0.61,"W",31,"C","Bech, Chappell, Astheimer, Londoño, & Buttemer, 2016",-3.19174715747995,-0.49429632181478,38.1554066277964,3637,304.15,17627.9159774698,53.6290942933145,-3781.12200541112,913.528178160784,20.3299990895494,FALSE,TRUE,-3.13630986934284,0.0434428121365711,-0.469893355222352,0.625068925064867
"Meliphaga lewinii","Aves","Passeriformes","Meliphagidae","Meliphaga","lewinii",36.2,0.0362,0.533333333333333,"W",31,"C","Bech, Chappell, Astheimer, Londoño, & Buttemer, 2016",-3.31869616015041,-0.628608659422375,38.1554066277964,3638,304.15,17627.9159774698,53.6290942933145,-3781.12200541112,913.528178160784,20.3299990895494,FALSE,TRUE,-3.23630055162525,0.03930904823478,-0.569694709957302,0.5656981143416
"Acanthorhynchus tenuirostris","Aves","Passeriformes","Meliphagidae","Acanthorhynchus","tenuirostris",9.7,0.0097,0.248842592592593,"W",35,"C","Weathers, Paton, & Seymour, 1996",-4.6356293934728,-1.39093474067639,37.6601230759184,3670,308.15,17627.9159774698,53.6290942933145,-3781.12200541112,913.528178160784,20.3299990895494,FALSE,TRUE,-4.16922045642882,0.0154643105302475,-1.46976382810987,0.22997979353595
"Acanthorhynchus tenuirostris","Aves","Passeriformes","Meliphagidae","Acanthorhynchus","tenuirostris",11.3,0.0113,0.276666666666667,"W",31,"C","Bech, Chappell, Astheimer, Londoño, & Buttemer, 2016",-4.48295255326384,-1.2849418668596,38.1554066277964,3639,304.15,17627.9159774698,53.6290942933145,-3781.12200541112,913.528178160784,20.3299990895494,FALSE,TRUE,-4.15332068293942,0.0157121546764551,-1.4538640546205,0.23366564460977
"Pardalotus punctatus","Aves","Passeriformes","Pardalotidae","Pardalotus","punctatus",7.8,0.0078,0.22,"W",31,"C","Bech, Chappell, Astheimer, Londoño, & Buttemer, 2016",-4.85363154528659,-1.51412773262978,38.1554066277964,3640,304.15,17627.9159774698,53.6290942933145,-3781.12200541112,913.528178160784,20.3299990895494,FALSE,TRUE,-4.44528394803354,0.0117337737758815,-1.71374205152748,0.180190248250804
"Sericornis frontalis","Aves","Passeriformes","Acanthizidae","Sericornis","frontalis",13.2,0.0132,0.32,"W",31,"C","Bech, Chappell, Astheimer, Londoño, & Buttemer, 2016",-4.32753844938981,-1.13943428318836,38.1554066277964,3641,304.15,17627.9159774698,53.6290942933145,-3781.12200541112,913.528178160784,20.3299990895494,FALSE,TRUE,-4.03090962057753,0.0177581694084783,-1.29374370652547,0.274242176664476
"Smicrornis brevirostris","Aves","Passeriformes","Acanthizidae","Smicrornis","brevirostris",5.9,0.0059,0.163333333333333,"W",31,"C","Bech, Chappell, Astheimer, Londoño, & Buttemer, 2016",-5.13280292807046,-1.81196217654558,38.1554066277964,3642,304.15,17627.9159774698,53.6290942933145,-3781.12200541112,913.528178160784,20.3299990895494,FALSE,TRUE,-4.66517174904876,0.00941763061550296,-1.92800583499669,0.14543793673826
"Acanthiza pusilla","Aves","Passeriformes","Acanthizidae","Acanthiza","pusilla",6.4,0.0064,0.223333333333333,"W",31,"C","Bech, Chappell, Astheimer, Londoño, & Buttemer, 2016",-5.05145728861651,-1.49908985526524,38.1554066277964,3643,304.15,17627.9159774698,53.6290942933145,-3781.12200541112,913.528178160784,20.3299990895494,FALSE,TRUE,-4.60110030446393,0.0100407817473895,-1.84447177398175,0.158108816025895
"Acanthiza uropygialis","Aves","Passeriformes","Acanthizidae","Acanthiza","uropygialis",6.6,0.0066,0.176666666666667,"W",31,"C","Bech, Chappell, Astheimer, Londoño, & Buttemer, 2016",-5.02068562994976,-1.73349056110408,38.1554066277964,3644,304.15,17627.9159774698,53.6290942933145,-3781.12200541112,913.528178160784,20.3299990895494,FALSE,TRUE,-4.57686317711102,0.0102871145949608,-1.82023464662882,0.161987736597784
"Acanthiza chrysorrhoa","Aves","Passeriformes","Acanthizidae","Acanthiza","chrysorrhoa",8.3,0.0083,0.223333333333333,"W",31,"C","Bech, Chappell, Astheimer, Londoño, & Buttemer, 2016",-4.79149976417958,-1.49908985526524,38.1554066277964,3645,304.15,17627.9159774698,53.6290942933145,-3781.12200541112,913.528178160784,20.3299990895494,FALSE,TRUE,-4.39634619307978,0.0123222809855892,-1.64335411073237,0.193330501673703
"Acanthiza lineata","Aves","Passeriformes","Acanthizidae","Acanthiza","lineata",7.3,0.0073,0.16,"W",31,"C","Bech, Chappell, Astheimer, Londoño, & Buttemer, 2016",-4.91988093082779,-1.83258146374831,38.1554066277964,3646,304.15,17627.9159774698,53.6290942933145,-3781.12200541112,913.528178160784,20.3299990895494,FALSE,TRUE,-4.49746491142599,0.0111371945555693,-1.74643291946994,0.174394915971813
"Pachycephala pectoralis","Aves","Passeriformes","Pachycephalidae","Pachycephala","pectoralis",24,0.024,0.36,"W",31,"C","Bech, Chappell, Astheimer, Londoño, & Buttemer, 2016",-3.72970144863419,-1.02165124753198,38.1554066277964,3647,304.15,17627.9159774698,53.6290942933145,-3781.12200541112,913.528178160784,20.3299990895494,FALSE,TRUE,-3.5600266018712,0.0284380681982947,-1.16613046890189,0.311570242400674
"Cracticus torquatus","Aves","Passeriformes","Artamidae","Cracticus","torquatus",93.7,0.0937,0.71,"W",31,"C","Bech, Chappell, Astheimer, Londoño, & Buttemer, 2016",-2.36765708973776,-0.342490308946776,38.1554066277964,3648,304.15,17627.9159774698,53.6290942933145,-3781.12200541112,913.528178160784,20.3299990895494,FALSE,TRUE,-2.48721986940327,0.0831407878179518,-0.110947311237429,0.894985903386533
"Strepera graculina","Aves","Passeriformes","Artamidae","Strepera","graculina",306.7,0.3067,1.88333333333333,"W",31,"C","Bech, Chappell, Astheimer, Londoño, & Buttemer, 2016",-1.18188520786193,0.633043256490238,38.1554066277964,3649,304.15,17627.9159774698,53.6290942933145,-3781.12200541112,913.528178160784,20.3299990895494,FALSE,TRUE,-1.55325318194658,0.211558614463778,0.823019376219239,2.2773656908286
"Passer domesticus","Aves","Passeriformes","Passeridae","Passer","domesticus",23,0.023,0.313333333333333,"W",31,"C","Bech, Chappell, Astheimer, Londoño, & Buttemer, 2016",-3.77226106305299,-1.1604876923862,38.1554066277964,3650,304.15,17627.9159774698,53.6290942933145,-3781.12200541112,913.528178160784,20.3299990895494,FALSE,TRUE,-3.59354844760369,0.0275005727403771,-1.20731550140206,0.298998865054783
"Neochmia temporalis","Aves","Passeriformes","Estrildidae","Neochmia","temporalis",9.6,0.0096,0.176666666666667,"W",31,"C","Bech, Chappell, Astheimer, Londoño, & Buttemer, 2016",-4.64599218050835,-1.73349056110408,38.1554066277964,3651,304.15,17627.9159774698,53.6290942933145,-3781.12200541112,913.528178160784,20.3299990895494,FALSE,TRUE,-4.2817379467565,0.0138186251702955,-1.79911297184934,0.165445578038092
"Zosterops lateralis","Aves","Passeriformes","Zosteropidae","Zosterops","lateralis",10.4,0.0104,0.21,"W",31,"C","Bech, Chappell, Astheimer, Londoño, & Buttemer, 2016",-4.56594947283481,-1.56064774826467,38.1554066277964,3652,304.15,17627.9159774698,53.6290942933145,-3781.12200541112,913.528178160784,20.3299990895494,FALSE,TRUE,-4.21869274920749,0.014717871884345,-1.83979863993249,0.158849408814476
"Zoothera lunulata","Aves","Passeriformes","Turdidae","Zoothera","lunulata",113.2,0.1132,1.02333333333333,"W",31,"C","Bech, Chappell, Astheimer, Londoño, & Buttemer, 2016",-2.17859911321305,0.0230652729309929,38.1554066277964,3653,304.15,17627.9159774698,53.6290942933145,-3781.12200541112,913.528178160784,20.3299990895494,FALSE,TRUE,-2.33830939617404,0.0964906278408404,0.0462185250762746,1.04730324797486
"Turdus merula","Aves","Passeriformes","Turdidae","Turdus","merula",85.1,0.0851,0.96,"W",31,"C","Bech, Chappell, Astheimer, Londoño, & Buttemer, 2016",-2.46392824340281,-0.0408219945202552,38.1554066277964,3654,304.15,17627.9159774698,53.6290942933145,-3781.12200541112,913.528178160784,20.3299990895494,FALSE,TRUE,-2.56304731299548,0.0770695272692334,-0.178519391745196,0.836507835373313
"Sturnus vulgaris","Aves","Passeriformes","Sturnidae","Sturnus","vulgaris",57.5,0.0575,0.586666666666667,"W",31,"C","Bech, Chappell, Astheimer, Londoño, & Buttemer, 2016",-2.85597033117883,-0.533298479618049,38.1554066277964,3655,304.15,17627.9159774698,53.6290942933145,-3781.12200541112,913.528178160784,20.3299990895494,FALSE,TRUE,-2.87183710271839,0.0565948604470529,-0.49147153876927,0.611725553667727
"Pygoscelis adeliae","Aves","Spheniscoformes","Spheniscidae","Pygoscelis","adeliae",3500,3.5,17.8888888888889,"W",8.5,"C","Ricklefs & Matthew, 1983",1.25276296849537,2.88417978764824,41.2035040860794,3659,281.65,17851.9330465202,75.1548555284433,-2647.29014887629,28.9942310416406,53.7308481551378,FALSE,TRUE,-0.277844275873221,0.75741476008328,2.29601081429793,9.93447284593833
"Stercorarius maccormicki","Aves","Charadriiformes","Stercorariidae","Stercorarius","maccormicki",1130,1.13,8.16111111111111,"W",5.5,"C","Ricklefs & Matthew, 1983",0.122217632724249,2.09938032528367,41.6471090107456,3660,278.65,17627.9159774698,53.6290942933145,-3781.12200541112,913.528178160784,20.3299990895494,FALSE,TRUE,-1.26177878886987,0.283149914361989,1.32928344780126,3.77833504306687
"Phoebastria immutabilis","Aves","Procellariiformes","Diomedediae","Phoebastria","immutabilis",2522,2.522,7.42588888888889,"W",19.35,"C","Grant & Whittow, 1983",0.925052237542728,2.00497239319869,39.675100601177,3661,292.5,17627.9159774698,53.6290942933145,-3781.12200541112,913.528178160784,20.3299990895494,FALSE,TRUE,-0.213932132415776,0.807403179666569,2.30651389012607,10.0393652497254
"Alectoris chukar","Aves","Galliformes","Phasianidae","Alectoris","chukar",475,0.475,1.92638888888889,"W",24,"C","Marder & Bernstein, 1983",-0.744440474947496,0.655647208304731,39.0542383504771,3662,297.15,-5126.81836119685,-1622.5901421774,27.3461553712044,-1.52597053816768,0.00220570966094921,FALSE,TRUE,-1.39808437593091,0.24706980376818,0.904967087199721,2.47185056619463
"Thalassarche chrysostoma","Aves","Procellariiformes","Diomedeidae","Thalassarche","chrysostoma",3753,3.753,8.50694444444444,"W",4.9,"C","Adams & Brown, 1984",1.32255552015288,2.14088282340283,41.7369786939193,3663,278.05,17627.9159774698,53.6290942933145,-3781.12200541112,913.528178160784,20.3299990895495,FALSE,TRUE,-0.335274637984357,0.715141654317474,2.1851713845576,8.89217240381896
"Pelecanoides georgicus","Aves","Procellariiformes","Procellariidae","Pelecanoides","georgicus",127,0.127,0.983796296296296,"W",16.6,"C","Adams & Brown, 1984",-2.06356819252355,-0.0163364193196938,40.0516546189621,3666,289.75,17627.9159774698,53.6290942933145,-3781.12200541112,913.528178160784,20.3299990895494,FALSE,TRUE,-2.64724175478531,0.0708463554323034,-0.137234177200361,0.87176605449286
"Lichmera indistincta","Aves","Passeriformes","Meliphagidae","Lichmera","indistincta",10.1,0.0101,0.211538888888889,"W",30,"C","Vitali, Withers, & Richardson, 1999",-4.59521985513492,-1.55334642558308,38.2812697537333,3667,303.15,17627.9159774698,53.6290942933145,-3781.12200541112,913.528178160784,20.3299990895494,FALSE,TRUE,-4.26826652470108,0.0140060412483992,-1.59717469492772,0.202467743814649
"Gliciphila melanops","Aves","Passeriformes","Meliphagidae","Gliciphila","melanops",18.8,0.0188,0.2914,"W",30,"C","Vitali, Withers, & Richardson, 1999",-3.97389840914623,-1.23305838522103,38.2812697537333,3668,303.15,17627.9159774698,53.6290942933145,-3781.12200541112,913.528178160784,20.3299990895494,FALSE,TRUE,-3.77888611213989,0.0228481275078484,-1.10675739424145,0.330629325306903
"Melithreptus lunatus","Aves","Passeriformes","Meliphagidae","Melithreptus","lunatus",14.3,0.0143,0.247866666666667,"W",30,"C","Vitali, Withers, & Richardson, 1999",-4.24749574171628,-1.39486431180296,38.2812697537333,3669,303.15,17627.9159774698,53.6290942933145,-3781.12200541112,913.528178160784,20.3299990895494,FALSE,TRUE,-3.99438354322519,0.0184187973040721,-1.3232917134518,0.266257414768154
"Leptotila verreauxi","Aves","Columbiformes","Columbidae","Leptotila","verreauxi",131,0.131,0.8867875,"W",30,"C","Vleck & Vleck, 1979",-2.03255795578099,-0.120149896964043,38.2812697537333,3671,303.15,17627.9159774698,53.6290942933145,-3781.12200541112,913.528178160784,20.3299990895494,FALSE,TRUE,-2.24980000361546,0.105420306133759,0.335379161720441,1.39847053120318
"Ceratopipra mentalis","Aves","Passeriformes","Pipridae","Ceratopipra","mentalis",14.5,0.0145,0.297534166666667,"W",30,"C","Vleck & Vleck, 1979",-4.23360662955561,-1.21222621465237,38.2812697537333,3672,303.15,17627.9159774698,53.6290942933145,-3781.12200541112,913.528178160784,20.3299990895494,FALSE,TRUE,-3.98344386058076,0.0186213992813817,-1.57560651370197,0.206882037831126
"Xiphorhynchus guttatus","Aves","Passeriformes","Furnariidade","Xiphorhynchus","guttatus",45.2,0.0452,0.44630125,"W",30,"C","Vleck & Vleck, 1979",-3.09665819214395,-0.806761106544203,38.2812697537333,3673,303.15,17627.9159774698,53.6290942933145,-3781.12200541112,913.528178160784,20.3299990895494,FALSE,TRUE,-3.08793269006911,0.0455961183463267,-0.679843186328613,0.506696443065465
"Thamnophilus punctatus","Aves","Passeriformes","Thamnophilidae","Thamnophilus","punctatus",21,0.021,0.34163125,"W",30,"C","Vleck & Vleck, 1979",-3.86323284125871,-1.07402333998724,38.2812697537333,3674,303.15,17627.9159774698,53.6290942933145,-3781.12200541112,913.528178160784,20.3299990895494,FALSE,TRUE,-3.6917209875192,0.0249290624982399,-1.28363148377868,0.277029443622203
"Lonchura malacca","Aves","Passeriformes","Estrildidae","Lonchura","malacca",11.8,0.0118,0.140972222222222,"W",33,"C","Hails, 1983",-4.43965574751052,-1.95919241352826,37.9061470711882,3675,306.15,17627.9159774698,53.6290942933145,-3781.12200541112,913.528178160784,20.3299990895494,FALSE,TRUE,-4.06669968010227,0.0171338424593858,-1.74037520773801,0.175454556357917
"Lonchura maja","Aves","Passeriformes","Estrildidae","Lonchura","maja",12.8,0.0128,0.152199074074074,"W",33,"C","Hails, 1983",-4.35831010805657,-1.88256591718624,37.9061470711882,3676,306.15,17627.9159774698,53.6290942933145,-3781.12200541112,913.528178160784,20.3299990895494,FALSE,TRUE,-4.00262823551745,0.0182675642794533,-1.67630376315321,0.187064133103162
"Arachnothera longirostra","Aves","Passeriformes","Nectariniidae","Arachnothera","longirostra",13,0.013,0.188541666666667,"W",33,"C","Hails, 1983",-4.3428059215206,-1.66843625319605,37.9061470711882,3677,306.15,17627.9159774698,53.6290942933145,-3781.12200541112,913.528178160784,20.3299990895494,FALSE,TRUE,-3.99041644844268,0.0184920115466575,-1.60149586707973,0.20159473341096
"Copsychus saularis","Aves","Passeriformes","Muscicapidae","Copsychus","saularis",33.5,0.0335,0.231134259259259,"W",33,"C","Hails, 1983",-3.39620984015112,-1.46475652838229,37.9061470711882,3678,306.15,17627.9159774698,53.6290942933145,-3781.12200541112,913.528178160784,20.3299990895494,FALSE,TRUE,-3.24483526205331,0.0389749844873679,-0.86488261048695,0.421100982565274
"Pycnonotus finlaysoni","Aves","Passeriformes","Pycnonotidae","Pycnonotus","finlaysoni",26.3,0.0263,0.224884259259259,"W",33,"C","Hails, 1983",-3.63818633979842,-1.49216941242066,37.9061470711882,3679,306.15,17627.9159774698,53.6290942933145,-3781.12200541112,913.528178160784,20.3299990895494,FALSE,TRUE,-3.43542671836314,0.0322116619911332,-1.06348116565834,0.345251837092011
"Malacopteron cinereum","Aves","Passeriformes","Pellorneidae","Malacopteron","cinereum",15.8,0.0158,0.211226851851852,"W",33,"C","Hails, 1983",-4.14774533894922,-1.55482259578151,37.9061470711882,3680,306.15,17627.9159774698,53.6290942933145,-3781.12200541112,913.528178160784,20.3299990895494,FALSE,TRUE,-3.83677805564375,0.0215629642142874,-1.45788394636872,0.232728219449358
"Alophoixus bres","Aves","Passeriformes","Pycnonotidae","Alophoixus","bres",35,0.035,0.355208333333333,"W",33,"C","Hails, 1983",-3.35240721749272,-1.03505080717837,37.9061470711882,3681,306.15,17627.9159774698,53.6290942933145,-3781.12200541112,913.528178160784,20.3299990895494,FALSE,TRUE,-3.21033436773167,0.0403431215785127,-0.838388815026865,0.43240664958058
"Hypothymis azurea","Aves","Passeriformes","Monarchidae","Hypothymis","azurea",10.8,0.0108,0.138888888888889,"W",33,"C","Hails, 1983",-4.52820914485196,-1.97408102602201,37.9061470711882,3682,306.15,17627.9159774698,53.6290942933145,-3781.12200541112,913.528178160784,20.3299990895494,FALSE,TRUE,-4.13644827546211,0.0159795056372938,-1.75139185485457,0.17353224358824
"Cacomantis variolosus","Aves","Cuculiformes","Cuculidae","Cacomantis","variolosus",23.8,0.0238,0.121527777777778,"W",33,"C","Hails, 1983",-3.73806969830471,-2.10761241864653,37.9061470711882,3683,306.15,17627.9159774698,53.6290942933145,-3781.12200541112,913.528178160784,20.3299990895494,FALSE,TRUE,-3.51409929519013,0.0297746090136624,-1.22829243880189,0.292792111515924
"Lanius cristatus","Aves","Passeriformes","Laniidae","Lanius","cristatus",26.8,0.0268,0.252314814814815,"W",33,"C","Hails, 1983",-3.61935339146533,-1.37707770601497,37.9061470711882,3684,306.15,17627.9159774698,53.6290942933145,-3781.12200541112,913.528178160784,20.3299990895494,FALSE,TRUE,-3.42059305040512,0.0326930405677151,-1.02784666009518,0.357776546195988
"Acrocephalus arundinaceus","Aves","Passeriformes","Acrocephalidae","Acrocephalus","arundinaceus",26.9,0.0269,0.255787037037037,"W",33,"C","Hails, 1983",-3.61562899237434,-1.3634100672863,37.9061470711882,3685,306.15,17627.9159774698,53.6290942933145,-3781.12200541112,913.528178160784,20.3299990895494,FALSE,TRUE,-3.41765954798788,0.0327890864878403,-1.03599761084114,0.354872179943027
"Puffinus nativitatis","Aves","Procellariiformes","Procellariidae","Puffinus","nativitatis",307.6,0.3076,1.48673333333333,"W",28.4,"C","Pettit, Ellis, & Whittow, 1985",-1.17895504135065,0.396581319407769,38.4843870862022,3691,301.55,17627.9159774698,53.6290942933145,-3781.12200541112,913.528178160784,20.3299990895494,FALSE,TRUE,-1.62026080657309,0.197847092532044,0.889746771011791,2.43451308394178
"Phaethon rubricauda","Aves","Phaethontiformes","Phaethontidae","Phaethon","rubricauda",593.2,0.5932,3.36146666666667,"W",29.5,"C","Pettit, Ellis, & Whittow, 1985",-0.52222366871836,1.21237738666975,38.3445132193764,3692,302.65,17627.9159774698,53.6290942933145,-3781.12200541112,913.528178160784,20.3299990895495,FALSE,TRUE,-1.07351880391351,0.341803658779105,1.50351714731853,4.49747958353707
"Chlorostilbon mellisugus","Aves","Apodiformes","Trochilidae","Chlorostilbon","mellisugus",2.9,0.0029,0.344777777777778,"W",25,"C","Krüger, Prinzinger, & Schuchmann, 1982",-5.84304454198971,-1.06485519186998,38.9232497932056,3693,298.15,17865.1597209051,76.4264911671448,-2580.18232474484,-23.288748436186,55.5860321133333,FALSE,TRUE,-5.38637272993208,0.00457855089252823,-1.52717121617283,0.217149067088358
"Orthorhyncus cristatus","Aves","Apodiformes","Trochilidae","Orthorhyncus","cristatus",2.9,0.0029,0.302083333333333,"W",25,"C","Krüger, Prinzinger, & Schuchmann, 1982",-5.84304454198971,-1.19705236148136,38.9232497932056,3694,298.15,17865.1597209051,76.4264911671448,-2580.18232474484,-23.288748436186,55.5860321133333,FALSE,TRUE,-5.38637272993208,0.00457855089252823,-1.500015618048,0.223126675318092
"Orthorhyncus cristatus","Aves","Apodiformes","Trochilidae","Orthorhyncus","cristatus",2.9,0.0029,0.241666666666667,"W",25,"C","Krüger, Prinzinger, & Schuchmann, 1982",-5.84304454198971,-1.42019591279557,38.9232497932056,3695,298.15,17865.1597209051,76.4264911671448,-2580.18232474484,-23.288748436186,55.5860321133333,FALSE,TRUE,-5.38637272993208,0.00457855089252823,-1.500015618048,0.223126675318091
"Chaetocercus mulsant","Aves","Apodiformes","Trochilidae","Chaetocercus","mulsant",3.3,0.0033,0.408833333333333,"W",25,"C","Krüger, Prinzinger, & Schuchmann, 1982",-5.7138328105097,-0.894447703951704,38.9232497932056,3696,298.15,17865.1597209051,76.4264911671448,-2580.18232474484,-23.288748436186,55.5860321133333,FALSE,TRUE,-5.28459982177371,0.00506906030989242,-1.42496626713458,0.240516576384804
"Trochilus scitulus","Aves","Apodiformes","Trochilidae","Trochilus","scitulus",4,0.004,0.57,"W",25,"C","Krüger, Prinzinger, & Schuchmann, 1982",-5.52146091786225,-0.562118918153541,38.9232497932056,3697,298.15,17865.1597209051,76.4264911671448,-2580.18232474484,-23.288748436186,55.5860321133333,FALSE,TRUE,-5.13307916077482,0.00589837045212186,-1.27711936726062,0.278839378495142
"Boissonneaua matthewsii","Aves","Apodiformes","Trochilidae","Boissonneaua","matthewsii",7.2,0.0072,0.552,"W",25,"C","Krüger, Prinzinger, & Schuchmann, 1982",-4.93367425296013,-0.594207232705042,38.9232497932056,3698,298.15,17865.1597209051,76.4264911671448,-2580.18232474484,-23.288748436186,55.5860321133333,FALSE,TRUE,-4.67011223371175,0.00937121770143576,-0.864503732349831,0.421260558749143
"Eugenes fulgens","Aves","Apodiformes","Trochilidae","Eugenes","fulgens",7.9,0.0079,0.625416666666667,"W",25,"C","Krüger, Prinzinger, & Schuchmann, 1982",-4.84089251950916,-0.469337184702575,38.9232497932056,3699,298.15,17865.1597209051,76.4264911671448,-2580.18232474484,-23.288748436186,55.5860321133333,FALSE,TRUE,-4.59703321271945,0.0100817016841054,-0.731870027481159,0.481008649128861
"Lampornis clemenciae","Aves","Apodiformes","Trochilidae","Lampornis","clemenciae",8,0.008,0.56,"W",25,"C","Krüger, Prinzinger, & Schuchmann, 1982",-4.8283137373023,-0.579818495252942,38.9232497932056,3700,298.15,17865.1597209051,76.4264911671448,-2580.18232474484,-23.288748436186,55.5860321133333,FALSE,TRUE,-4.58712560424133,0.010182083688856,-0.696173713050964,0.49848902142074
"Lampornis clemenciae","Aves","Apodiformes","Trochilidae","Lampornis","clemenciae",8.3,0.0083,0.696277777777778,"W",25,"C","Krüger, Prinzinger, & Schuchmann, 1982",-4.79149976417958,-0.362006592266779,38.9232497932056,3701,298.15,17865.1597209051,76.4264911671448,-2580.18232474484,-23.288748436186,55.5860321133333,FALSE,TRUE,-4.55812928120899,0.0104816488315578,-0.667177390018619,0.513154971868647
"Oreotrochilus estella","Aves","Apodiformes","Trochilidae","Oreotrochilus","estella",8.9,0.0089,0.536472222222222,"W",25,"C","Krüger, Prinzinger, & Schuchmann, 1982",-4.72170400224404,-0.622740494165648,38.9232497932056,3703,298.15,17865.1597209051,76.4264911671448,-2580.18232474484,-23.288748436186,55.5860321133333,FALSE,TRUE,-4.50315503399516,0.0110740025092159,-0.663715881567591,0.514934340012687
"Oreotrochilus estella","Aves","Apodiformes","Trochilidae","Oreotrochilus","estella",8.5,0.0085,0.684722222222222,"W",25,"C","Krüger, Prinzinger, & Schuchmann, 1982",-4.76768911548587,-0.378742037967411,38.9232497932056,3702,298.15,17865.1597209051,76.4264911671448,-2580.18232474484,-23.288748436186,55.5860321133333,FALSE,TRUE,-4.53937495499619,0.0106800799983473,-0.699935802568575,0.496617184315709
"Patagona gigas","Aves","Apodiformes","Trochilidae","Patagona","gigas",17.5,0.0175,0.957638888888889,"W",25,"C","Krüger, Prinzinger, & Schuchmann, 1982",-4.04555439805267,-0.0432845147767443,38.9232497932056,3704,298.15,17865.1597209051,76.4264911671448,-2580.18232474484,-23.288748436186,55.5860321133333,FALSE,TRUE,-3.97058952480736,0.0188623100571056,-0.135645326927345,0.873152261172361
"Onychoprion fuscatus","Aves","Charadriiformes","Laridae","Onychoprion","fuscatus",150.4,0.1504,0.810488888888889,"W",30,"C","MacMillen, Whittow, Christopher, & Ebisu, 1977",-1.8944568674664,-0.210117646859179,38.2812697537333,3705,303.15,17627.9159774698,53.6290942933145,-3781.12200541112,913.528178160784,20.3299990895494,FALSE,TRUE,-2.14102544253943,0.117534256578576,0.450036794131601,1.56836989123672
"Struthio camelus","Aves","Struthioniformes","Struthionidae","Struthio","camelus",95400,95.4,59.89,"W",20,"C","Withers, 1983",4.55807857845424,4.09250954627637,39.5871292029482,3706,293.15,17958.3252985913,85.3648118571666,-2111.8610084626,-388.042607718081,70.0139780214668,FALSE,TRUE,2.66613644737399,14.3842872462378,4.57306095452527,96.8400796466153
"Callipepla californica","Aves","Galliformes","Odontophoridae","Callipepla","californica",149.6,0.1496,0.797866666666667,"W",22.5,"C","Brush, 1965",-1.89979021344176,-0.225813779870088,39.2523826343456,3717,295.65,-5126.81836119685,-1622.5901421774,27.3461553712044,-1.52597053816768,0.00220570966094921,FALSE,TRUE,-2.34983785191576,0.0953846273962896,-0.0951092433441492,0.909273596953871
"Callipepla californica","Aves","Galliformes","Odontophoridae","Callipepla","californica",127.4,0.1274,0.743166666666667,"W",22.5,"C","Brush, 1965",-2.06042353584407,-0.296834943582715,39.2523826343456,3718,295.65,-5126.81836119685,-1622.5901421774,27.3461553712044,-1.52597053816768,0.00220570966094921,FALSE,TRUE,-2.47635980298607,0.0840486229479687,-0.221631194414462,0.801210800870542
"Encoptolophus sordidus","Insecta","Orthoptera","Acrididae","Encoptolophus","sordidus",0.0582,5.82e-05,0.0004555766666666,"W",25,"C","Bailey & Riegert, 1973",-9.75162520322688,-7.69394654221856,38.9232497932056,3759,298.15,-5126.81836119685,-1622.5901421774,27.3461553712044,-1.52597053816768,0.00220570966094921,FALSE,TRUE,-8.46494474587335,0.000210727496306835,-8.10273045958426,0.000302711467205255
"Trichoniscus pusillus","Malacostraca","Isopoda","Trichoniscidae","Trichoniscus","pusillus",6e-04,6e-07,2e-06,"W",5,"C","Meyer & Phillipson, 1983",-14.3263361817303,-13.1223633774043,41.7219734885647,3808,278.15,-5126.81836119685,-1622.5901421774,27.3461553712044,-1.52597053816768,0.00220570966094921,FALSE,TRUE,-12.657876371044,3.18239541035479e-06,-13.2207861405798,1.81253137398993e-06
"Trichoniscus pusillus","Malacostraca","Isopoda","Trichoniscidae","Trichoniscus","pusillus",6e-04,6e-07,2.22222222222222e-06,"W",5,"C","Meyer & Phillipson, 1983",-14.3263361817303,-13.0170028617465,41.7219734885647,3809,278.15,-5126.81836119685,-1622.5901421774,27.3461553712044,-1.52597053816768,0.00220570966094921,FALSE,TRUE,-12.657876371044,3.18239541035479e-06,-13.2207861405799,1.81253137398988e-06
"Trichoniscus pusillus","Malacostraca","Isopoda","Trichoniscidae","Trichoniscus","pusillus",0.00133,1.33e-06,2.88888888888889e-06,"W",5,"C","Meyer & Phillipson, 1983",-13.5303316157306,-12.754638597279,41.7219734885647,3819,278.15,-5126.81836119685,-1622.5901421774,27.3461553712044,-1.52597053816768,0.00220570966094921,FALSE,TRUE,-12.0309077617605,5.95721324986519e-06,-12.5938175312964,3.39292718993875e-06
"Trichoniscus pusillus","Malacostraca","Isopoda","Trichoniscidae","Trichoniscus","pusillus",0.0006799999999999,6.8e-07,1.55555555555556e-06,"W",5,"C","Meyer & Phillipson, 1983",-14.2011730387763,-13.3736778056852,41.7219734885647,3811,278.15,-5126.81836119685,-1622.5901421774,27.3461553712044,-1.52597053816768,0.00220570966094921,FALSE,TRUE,-12.5592923113246,3.51211439074724e-06,-13.1222020808605,2.0003226191057e-06
"Trichoniscus pusillus","Malacostraca","Isopoda","Trichoniscidae","Trichoniscus","pusillus",7e-04,7e-07,2e-06,"W",5,"C","Meyer & Phillipson, 1983",-14.172185501903,-13.1223633774043,41.7219734885647,3812,278.15,-5126.81836119685,-1622.5901421774,27.3461553712044,-1.52597053816768,0.00220570966094921,FALSE,TRUE,-12.5364604376692,3.59322497254699e-06,-13.0993702072051,2.04651910172887e-06
"Trichoniscus pusillus","Malacostraca","Isopoda","Trichoniscidae","Trichoniscus","pusillus",0.0006799999999999,6.8e-07,1.11111111111111e-06,"W",5,"C","Meyer & Phillipson, 1983",-14.2011730387763,-13.7101500423064,41.7219734885647,3813,278.15,-5126.81836119685,-1622.5901421774,27.3461553712044,-1.52597053816768,0.00220570966094921,FALSE,TRUE,-12.5592923113246,3.51211439074724e-06,-13.1222020808605,2.0003226191057e-06
"Trichoniscus pusillus","Malacostraca","Isopoda","Trichoniscidae","Trichoniscus","pusillus",7e-04,7e-07,1.33333333333333e-06,"W",5,"C","Meyer & Phillipson, 1983",-14.172185501903,-13.5278284855125,41.7219734885647,3810,278.15,-5126.81836119685,-1622.5901421774,27.3461553712044,-1.52597053816768,0.00220570966094921,FALSE,TRUE,-12.5364604376692,3.59322497254699e-06,-13.0993702072051,2.04651910172888e-06
"Trichoniscus pusillus","Malacostraca","Isopoda","Trichoniscidae","Trichoniscus","pusillus",0.0012,1.2e-06,2e-06,"W",5,"C","Meyer & Phillipson, 1983",-13.6331890011703,-13.1223633774043,41.7219734885647,3815,278.15,-5126.81836119685,-1622.5901421774,27.3461553712044,-1.52597053816768,0.00220570966094921,FALSE,TRUE,-12.1119228145105,5.4936217828785e-06,-12.6748325840464,3.1288889513549e-06
"Trichoniscus pusillus","Malacostraca","Isopoda","Trichoniscidae","Trichoniscus","pusillus",0.00117,1.17e-06,4.22222222222222e-06,"W",5,"C","Meyer & Phillipson, 1983",-13.6585068091546,-12.3751489755741,41.7219734885647,3816,278.15,-5126.81836119685,-1622.5901421774,27.3461553712044,-1.52597053816768,0.00220570966094921,FALSE,TRUE,-12.1318642464319,5.38515617224055e-06,-12.6947740159678,3.06711242866366e-06
"Trichoniscus pusillus","Malacostraca","Isopoda","Trichoniscidae","Trichoniscus","pusillus",0.0012,1.2e-06,3.11111111111111e-06,"W",5,"C","Meyer & Phillipson, 1983",-13.6331890011703,-12.6805306251253,41.7219734885647,3817,278.15,-5126.81836119685,-1622.5901421774,27.3461553712044,-1.52597053816768,0.00220570966094921,FALSE,TRUE,-12.1119228145105,5.4936217828785e-06,-12.6748325840464,3.12888895135492e-06
"Trichoniscus pusillus","Malacostraca","Isopoda","Trichoniscidae","Trichoniscus","pusillus",0.00078,7.8e-07,1.77777777777778e-06,"W",5,"C","Meyer & Phillipson, 1983",-14.0639719172628,-13.2401464130607,41.7219734885647,3814,278.15,-5126.81836119685,-1622.5901421774,27.3461553712044,-1.52597053816768,0.00220570966094921,FALSE,TRUE,-12.4512266041393,3.91292021707819e-06,-13.0141363736752,2.22860133417014e-06
"Trichoniscus pusillus","Malacostraca","Isopoda","Trichoniscidae","Trichoniscus","pusillus",0.0021,2.1e-06,1.02222222222222e-05,"W",5,"C","Meyer & Phillipson, 1983",-13.0735732132349,-11.4909465582515,41.7219734885647,3832,278.15,-5126.81836119685,-1622.5901421774,27.3461553712044,-1.52597053816768,0.00220570966094921,FALSE,TRUE,-11.6711445234283,8.53662759437001e-06,-12.2340542929642,4.8620310639333e-06
"Trichoniscus pusillus","Malacostraca","Isopoda","Trichoniscidae","Trichoniscus","pusillus",0.0013,1.3e-06,2.44444444444445e-06,"W",5,"C","Meyer & Phillipson, 1983",-13.5531462934968,-12.9216926819422,41.7219734885647,3820,278.15,-5126.81836119685,-1622.5901421774,27.3461553712044,-1.52597053816768,0.00220570966094921,FALSE,TRUE,-12.0488776169615,5.85111909361701e-06,-12.6117873864974,3.33250132765553e-06
"Trichoniscus pusillus","Malacostraca","Isopoda","Trichoniscidae","Trichoniscus","pusillus",0.0013,1.3e-06,1.55555555555556e-06,"W",5,"C","Meyer & Phillipson, 1983",-13.5531462934968,-13.3736778056852,41.7219734885647,3821,278.15,-5126.81836119685,-1622.5901421774,27.3461553712044,-1.52597053816768,0.00220570966094921,FALSE,TRUE,-12.0488776169615,5.85111909361701e-06,-12.6117873864974,3.33250132765557e-06
"Trichoniscus pusillus","Malacostraca","Isopoda","Trichoniscidae","Trichoniscus","pusillus",0.00137,1.37e-06,2e-06,"W",5,"C","Meyer & Phillipson, 1983",-13.5006998181242,-13.1223633774043,41.7219734885647,3822,278.15,-5126.81836119685,-1622.5901421774,27.3461553712044,-1.52597053816768,0.00220570966094921,FALSE,TRUE,-12.0075684396895,6.09788578375316e-06,-12.5704782092254,3.47304714621479e-06
"Trichoniscus pusillus","Malacostraca","Isopoda","Trichoniscidae","Trichoniscus","pusillus",0.00137,1.37e-06,4.44444444444445e-06,"W",5,"C","Meyer & Phillipson, 1983",-13.5006998181242,-12.3238556811866,41.7219734885647,3823,278.15,-5126.81836119685,-1622.5901421774,27.3461553712044,-1.52597053816768,0.00220570966094921,FALSE,TRUE,-12.0075684396895,6.09788578375316e-06,-12.5704782092254,3.47304714621477e-06
"Trichoniscus pusillus","Malacostraca","Isopoda","Trichoniscidae","Trichoniscus","pusillus",0.0015,1.5e-06,3.55555555555556e-06,"W",5,"C","Meyer & Phillipson, 1983",-13.4100454498561,-12.5469992325008,41.7219734885647,3824,278.15,-5126.81836119685,-1622.5901421774,27.3461553712044,-1.52597053816768,0.00220570966094921,FALSE,TRUE,-11.9361650261587,6.54921720491779e-06,-12.4990747956946,3.73010268314353e-06
"Trichoniscus pusillus","Malacostraca","Isopoda","Trichoniscidae","Trichoniscus","pusillus",0.0015999999999999,1.6e-06,4e-06,"W",5,"C","Meyer & Phillipson, 1983",-13.3455069287185,-12.4292161968444,41.7219734885647,3825,278.15,-5126.81836119685,-1622.5901421774,27.3461553712044,-1.52597053816768,0.00220570966094921,FALSE,TRUE,-11.8853316156844,6.89074317655983e-06,-12.4482413852203,3.92461859295768e-06
"Trichoniscus pusillus","Malacostraca","Isopoda","Trichoniscidae","Trichoniscus","pusillus",0.0017,1.7e-06,7.33333333333333e-06,"W",5,"C","Meyer & Phillipson, 1983",-13.2848823069021,-11.8230803932741,41.7219734885647,3826,278.15,-5126.81836119685,-1622.5901421774,27.3461553712044,-1.52597053816768,0.00220570966094921,FALSE,TRUE,-11.8375809664393,7.22776306133401e-06,-12.4004907359752,4.11656806373186e-06
"Trichoniscus pusillus","Malacostraca","Isopoda","Trichoniscidae","Trichoniscus","pusillus",0.0018,1.8e-06,6.88888888888889e-06,"W",5,"C","Meyer & Phillipson, 1983",-13.2277238930622,-11.8856007502554,41.7219734885647,3827,278.15,-5126.81836119685,-1622.5901421774,27.3461553712044,-1.52597053816768,0.00220570966094921,FALSE,TRUE,-11.792560456803,7.56059659047018e-06,-12.3554702263389,4.30613319819384e-06
"Trichoniscus pusillus","Malacostraca","Isopoda","Trichoniscidae","Trichoniscus","pusillus",0.0019,1.9e-06,1.13333333333333e-05,"W",5,"C","Meyer & Phillipson, 1983",-13.1736566717919,-11.3877623220162,41.7219734885647,3828,278.15,-5126.81836119685,-1622.5901421774,27.3461553712044,-1.52597053816768,0.00220570966094921,FALSE,TRUE,-11.7499747079574,7.88952436686331e-06,-12.3128844774933,4.49347381355217e-06
"Trichoniscus pusillus","Malacostraca","Isopoda","Trichoniscidae","Trichoniscus","pusillus",0.0019,1.9e-06,5.77777777777778e-06,"W",5,"C","Meyer & Phillipson, 1983",-13.1736566717919,-12.0614914167191,41.7219734885647,3829,278.15,-5126.81836119685,-1622.5901421774,27.3461553712044,-1.52597053816768,0.00220570966094921,FALSE,TRUE,-11.7499747079574,7.88952436686331e-06,-12.3128844774933,4.49347381355212e-06
"Trichoniscus pusillus","Malacostraca","Isopoda","Trichoniscidae","Trichoniscus","pusillus",0.002,2e-06,5.55555555555556e-06,"W",5,"C","Meyer & Phillipson, 1983",-13.1223633774043,-12.1007121298723,41.7219734885647,3830,278.15,-5126.81836119685,-1622.5901421774,27.3461553712044,-1.52597053816768,0.00220570966094921,FALSE,TRUE,-11.7095738273326,8.21479445622653e-06,-12.2724835968685,4.67873119548311e-06
"Trichoniscus pusillus","Malacostraca","Isopoda","Trichoniscidae","Trichoniscus","pusillus",0.0012,1.2e-06,3.55555555555556e-06,"W",5,"C","Meyer & Phillipson, 1983",-13.6331890011703,-12.5469992325008,41.7219734885647,3818,278.15,-5126.81836119685,-1622.5901421774,27.3461553712044,-1.52597053816768,0.00220570966094921,FALSE,TRUE,-12.1119228145105,5.4936217828785e-06,-12.6748325840464,3.12888895135495e-06
"Trichoniscus pusillus","Malacostraca","Isopoda","Trichoniscidae","Trichoniscus","pusillus",0.002,2e-06,3.11111111111111e-06,"W",5,"C","Meyer & Phillipson, 1983",-13.1223633774043,-12.6805306251253,41.7219734885647,3831,278.15,-5126.81836119685,-1622.5901421774,27.3461553712044,-1.52597053816768,0.00220570966094921,FALSE,TRUE,-11.7095738273326,8.21479445622653e-06,-12.2724835968685,4.67873119548306e-06
"Otospermophilus beecheyi","Mammalia","Rodentia","Sciuridae","Otospermophilus","beecheyi",599.6,0.5996,1.76548888888889,"W",28,"C","Baudinette, 1972",-0.511492512753694,0.568427642902263,38.5355036554682,3848,301.15,-5126.81836119685,-1622.5901421774,27.3461553712044,-1.52597053816768,0.00220570966094921,FALSE,TRUE,-1.1053077880946,0.331108955162399,0.438680330785302,1.55065951004172
"Rhinonicteris aurantia","Mammalia","Chiroptera","Hipposideridae","Rhinonicteris","aurantia",8.27,0.00827,0.0900511111111111,"W",32.5,"C","Baudinette, Churchill, Christian, Nelson, & Hudson, 2000",-4.79512076994654,-2.40737786861218,37.968156145409,3849,305.65,-5126.81836119685,-1622.5901421774,27.3461553712044,-1.52597053816768,0.00220570966094921,FALSE,TRUE,-4.35974493938363,0.012781647328656,-2.61932534043889,0.0728519965473212
"Rhinonicteris aurantia","Mammalia","Chiroptera","Hipposideridae","Rhinonicteris","aurantia",8.3,0.0083,0.0916666666666666,"W",36.1,"C","Baudinette et al. (2000)",-4.79149976417958,-2.38959646998368,37.5261662921399,4128,309.25,-5126.81836119685,-1622.5901421774,27.3461553712044,-1.52597053816768,0.00220570966094921,FALSE,TRUE,-4.26376645640439,0.0140692114190215,-2.52334685745972,0.0801907700444893
"Elephantulus myurus","Mammalia","Macroscelidea","Macroscelididae","Elephantulus","myurus",62.97,0.06297,0.3683745,"W",30.97,"C","Lovegrove, Raman, & Perrin, 2001",-2.76509685648149,-0.998655195237721,38.1591704782463,3851,304.12,19065.9732979664,196.969573288923,5058.09195240373,2068.11907390761,703.757520121768,FALSE,TRUE,-2.8010541473158,0.0607459936359377,-1.19613685648714,0.302360018767794
"Elephantulus myurus","Mammalia","Macroscelidea","Macroscelididae","Elephantulus","myurus",62.97,0.06297,0.369444444444444,"W",36.73,"C","Lovegrove et al. (2001)",-2.76509685648149,-0.995754903228402,37.4498739055256,3965,309.88,19065.9732979664,196.969573288923,5058.09195240373,2068.11907390761,703.757520121768,FALSE,TRUE,-2.65160671442362,0.0705377878826944,-1.04668942359496,0.351098164528708
"Tamias striatus","Mammalia","Rodentia","Sciuridae","Tamias","striatus",87.4,0.0874,0.500122222222222,"W",30,"C","Wang & Hudson, 1971",-2.43725999632065,-0.692902765987177,38.2812697537333,3853,303.15,-5126.81836119685,-1622.5901421774,27.3461553712044,-1.52597053816768,0.00220570966094921,FALSE,TRUE,-2.56856133535816,0.0766457336499041,-0.951862053342432,0.386021561085656
"Tamias striatus","Mammalia","Rodentia","Sciuridae","Tamias","striatus",87.4,0.0874,0.502777777777778,"W",38.2,"C","Wang and Hudson (1971)",-2.43725999632065,-0.68760700018433,37.2730590198949,3984,311.35,-5126.81836119685,-1622.5901421774,27.3461553712044,-1.52597053816768,0.00220570966094921,FALSE,TRUE,-2.35613325973876,0.0947860284559899,-0.739433977723101,0.477384049069429
"Cynomys ludovicianus","Mammalia","Rodentia","Sciuridae","Cynomys","ludovicianus",1112.3,1.1123,2.36666666666667,"W",30.2,"C","Rfinking, Kilgore Jr, Fairbanks, & Hamilton, 1977",0.106429943615847,0.861482495379161,38.2560307428524,3854,303.35,-5126.81836119685,-1622.5901421774,27.3461553712044,-1.52597053816768,0.00220570966094921,FALSE,TRUE,-0.559720162166836,0.571368932123078,0.95881632702136,2.60860690775754
"Cynomys ludovicianus","Mammalia","Rodentia","Sciuridae","Cynomys","ludovicianus",1112.3,1.1123,2.35833333333333,"W",36.7,"C","Reinking et al. (1977)",0.106429943615846,0.857955154861192,37.4534998413563,3985,309.85,-5126.81836119685,-1622.5901421774,27.3461553712044,-1.52597053816768,0.00220570966094921,FALSE,TRUE,-0.39062843430867,0.676631522396235,1.12790805487954,3.08918732555295
"Lama glama","Mammalia","Artiodactyla","Camelidae","Lama","glama",115000,115,147.2,"W",27,"C","El-Nouty, Yousef, Magdub, & Johnson, 1978",4.74493212836325,4.99179220629478,38.6638911405773,3855,300.15,-5126.81836119685,-1622.5901421774,27.3461553712044,-1.52597053816768,0.00220570966094921,FALSE,TRUE,3.00783511219469,20.2435274871294,4.59134559990075,98.6270534663378
"Madoqua kirkii","Mammalia","Artiodactyla","Bovidae","Madoqua","kirkii",3970,3.97,11.4688888888889,"W",30,"C","Maskrey & Hoppe, 1979",1.3787660946991,2.43963805538436,38.2812697537333,3856,303.15,-5126.81836119685,-1622.5901421774,27.3461553712044,-1.52597053816768,0.00220570966094921,FALSE,TRUE,0.437110583459717,1.54822727591888,2.12179697472188,8.34612179033197
"Madoqua kirkii","Mammalia","Artiodactyla","Bovidae","Madoqua","kirkii",4600,4.6,10.7777777777778,"W",37.9,"C","Kamau (1988)",1.52605630349505,2.37748640116716,37.3090079596343,4189,311.05,-5126.81836119685,-1622.5901421774,27.3461553712044,-1.52597053816768,0.00220570966094921,FALSE,TRUE,0.757976607327761,2.13395402228777,2.44266299858991,11.503634151137
"Peropteryx macrotis","Mammalia","Chiroptera","Emballonuridae","Peropteryx","macrotis",5.1,0.0050999999999999,0.0666666666666666,"W",35,"C","Genoud et al. (1990)",-5.27851473925188,-2.70805020110221,37.6601230759184,4130,308.15,-5126.81836119685,-1622.5901421774,27.3461553712044,-1.52597053816768,0.00220570966094921,FALSE,TRUE,-4.67558555581191,0.00932006612072037,-2.86265638633287,0.0571168341899105
"Peropteryx macrotis","Mammalia","Chrioptera","Emballonuridae","Peropteryx","macrotis",5.1,0.0051,0.06545,"W",30.5,"C","Genoud, Bonaccorso, & Anends, 1990",-5.27851473925186,-2.72646878662623,38.2182345655994,3861,303.65,-5126.81836119685,-1622.5901421774,27.3461553712044,-1.52597053816768,0.00220570966094921,FALSE,TRUE,-4.79317858051877,0.00828607751430295,-2.98024941103973,0.0507801671510683
"Macroscelides proboscideus","Mammalia","Macroscelidea","Macroscelididae","Macroscelides","proboscideus",39,0.039,0.290333333333333,"W",38,"C","Roxburgh & Perrin, 1994",-3.24419363285249,-1.23672559079775,37.2970172773397,3863,311.15,19065.9732979664,196.969573288923,5058.09195240373,2068.11907390761,703.757520121768,FALSE,TRUE,-2.99675805026785,0.0499487374607617,-1.3864488035865,0.249961392364753
"Macroscelides proboscideus","Mammalia","Macroscelidea","Macroscelididae","Macroscelides","proboscideus",38.8,0.0387999999999999,0.288888888888889,"W",39.1,"C","Roxburgh and Perrin (1994)",-3.24933503235291,-1.24171313230878,37.1656266640329,3964,312.25,19065.9732979664,196.969573288923,5058.09195240373,2068.11907390761,703.757520121768,FALSE,TRUE,-2.97312389402161,0.0511432942941856,-1.36281464734027,0.255939383091265
"Petrodromus tetradactylus","Mammalia","Macroscelidea","Macroscelididae","Petrodromus","tetradactylus",206.11,0.20611,0.997343388888889,"W",33,"C","Downs & Perrin, 1995b",-1.57934527212693,-0.00266014616463855,37.9061470711882,3864,306.15,19065.9732979664,196.969573288923,5058.09195240373,2068.11907390761,703.757520121768,FALSE,TRUE,-1.81379189857721,0.163034751978575,-0.22454367715269,0.798880683104324
"Elephantulus intufi","Mammalia","Macroscelidea","Macroscelididae","Elephantulus","intufi",46.49,0.04649,0.288883694444445,"W",35,"C","Downs & Perrin, 1995b",-3.06851804327964,-1.24173111323967,37.6601230759184,3865,308.15,19065.9732979664,196.969573288923,5058.09195240373,2068.11907390761,703.757520121768,FALSE,TRUE,-2.93489383847909,0.0531363600437769,-1.35160919603528,0.258823427719172
"Elephantulus brachyrhynchus","Mammalia","Macroscelidea","Macroscelididae","Elephantulus","brachyrhynchus",45.3,0.0453,0.242833166666667,"W",35,"C","Downs & Perrin, 1995b",-3.09444824649315,-1.41538062835702,37.6601230759184,3866,308.15,19065.9732979664,196.969573288923,5058.09195240373,2068.11907390761,703.757520121768,FALSE,TRUE,-2.95531762012761,0.0520621219717835,-1.37203297768379,0.253590890530878
"Tachyglossus aculeatus","Mammalia","Monotremata","Tachyglossidae","Tachyglossus","aculeatus",2140,2.14,1.56388888888889,"W",30.4,"C","McNab (1984)",0.76080582903376,0.447175596689535,38.2308249904275,3915,303.55,19065.9732979664,196.969573288922,5058.09195240373,2068.11907390761,703.757520121769,FALSE,TRUE,-0.0389937986815685,0.961756673287259,0.843410937593591,2.32428145019679
"Tachyglossus aculeatus","Mammalia","Monotremata","Tachyglossidae","Tachyglossus","aculeatus",3430,3.43,2.51533333333333,"W",25,"C","Dawson, Grant, & Fanning, 1979",1.23256026117785,0.922405332874008,38.9232497932056,3869,298.15,19065.9732979664,196.969573288922,5058.09195240373,2068.11907390761,703.757520121769,FALSE,TRUE,0.186688396557889,1.20525166596314,1.06909313283308,2.91273683648284
"Ornithorhynchus anatinus","Mammalia","Monotremata","Ornithorhynchidae","Ornithorhynchus","anatinus",1300,1.3,2.61111111111111,"W",32.2,"C","Grant and Dawson (1978)",0.262364264467491,0.959775843813894,38.0054590661348,3916,305.35,19065.9732979664,196.969573288922,5058.09195240373,2068.11907390761,703.757520121769,FALSE,TRUE,-0.384104380156182,0.681060334285206,0.798505574612233,2.22221750754825
"Ornithorhynchus anatinus","Mammalia","Monotremata","Ornithorhynchisae","Ornithorhynchus","anatinus",1320,1.32,2.662,"W",25,"C","Dawson, Grant, & Fanning, 1979",0.27763173659828,0.97907771997292,38.9232497932056,3870,298.15,19065.9732979664,196.969573288922,5058.09195240373,2068.11907390761,703.757520121769,FALSE,TRUE,-0.5654557928022,0.568101151322203,0.6171541619662,1.85364535412486
"Notoryctes caurinus","Mammalia","Notoryctemorphia","Notoryctidae","Notoryctes","caurinus",34,0.034,0.119,"W",30,"C","Withers, Thompson, & Seymour, 2000",-3.38139475436598,-2.12863178587061,38.2812697537333,3871,303.15,-5126.81836119685,-1622.5901421774,27.3461553712044,-1.52597053816768,0.00220570966094921,FALSE,TRUE,-3.31220387399668,0.0364357853234695,-2.03466860833545,0.130723796103133
"Notoryctes caurinus","Mammalia","Notoryctemorphia","Notoryctidae","Notoryctes","caurinus",34.2,0.0342,0.119444444444444,"W",30.6,"C","Withers et al. (2000)",-3.37552963491358,-2.12490391575659,38.205652430763,3926,303.75,-5126.81836119685,-1622.5901421774,27.3461553712044,-1.52597053816768,0.00220570966094921,FALSE,TRUE,-3.29165181948829,0.0371923635575031,-2.01411655382704,0.133438236808169
"Scalopus aquaticus","Mammalia","Soricomorpha","Talpidae","Scalopus","aquaticus",48,0.048,0.377777777777778,"W",36,"C","McNab (1979b)",-3.03655426807425,-0.973449145714104,37.538304790051,4117,309.15,-5126.81836119685,-1622.5901421774,27.3461553712044,-1.52597053816768,0.00220570966094921,FALSE,TRUE,-2.88405086698384,0.0559078283277968,-0.971851987571949,0.378381630727444
"Scalopus aquaticus","Mammalia","Eulipotyphla","Talpidae","Scalopus","aquaticus",48,0.048,0.376,"W",26,"C","McNab, 1979",-3.03655426807425,-0.978166135592243,38.7931369742412,3882,299.15,-5126.81836119685,-1622.5901421774,27.3461553712044,-1.52597053816768,0.00220570966094921,FALSE,TRUE,-3.14844161106762,0.042918959209144,-1.23624273165574,0.290473557289048
"Eremitalpa granti","Mammalia","Afrosoricida","Chrysochloridae","Eremitalpa","granti",20.62,0.02062,0.0603888888888889,"W",32.08,"C","Seymour, Withers, & Weathers, 1998",-3.88149380039332,-2.80695014975709,38.0204007661248,3884,305.23,19065.9732979664,196.969573288923,5058.09195240373,2068.11907390761,703.757520121768,FALSE,TRUE,-3.6511395339904,0.0259615278728855,-2.52083148711829,0.0803927334289824
"Eremitalpa granti","Mammalia","Afrosoricida","Chrysochloridae","Eremitalpa","granti",26.1,0.0261,0.0861111111111111,"W",34.7,"C","Fielden et al. (1990)",-3.64581996465349,-2.45211682696501,37.6968228872641,3963,307.85,19065.9732979664,196.969573288923,5058.09195240373,2068.11907390761,703.757520121768,FALSE,TRUE,-3.39733509523041,0.033462325155724,-2.26702704835828,0.103619779210595
"Sphaerodactylus notatus","Reptilia","Squamata","Sphaerodactylidae","Sphaerodactylus","notatus",0.33,0.00033,0.0001555624216043,"W",26.5,"C","Dunson & Bramham, 1981",-8.01641790350375,-8.76846348178645,38.7284062267454,3913,299.65,18800.1535227516,169.735196389278,3201.2614584003,886.211369622013,-187.589322618966,FALSE,TRUE,-7.05716511248544,0.000861216087356456,-7.85735526720759,0.000386895755362814
"Anolis sagrei","Reptilia","Squamata","Dactyloidae","Anolis","sagrei",0.4,4e-04,0.0003907284816303,"W",26.5,"C","Dunson & Bramham, 1981",-7.82404601085629,-7.84749765958329,38.7284062267454,3914,299.65,18504.5921575775,137.664959687806,608.838705503057,-2504.96665964894,161.155410749487,FALSE,TRUE,-6.90564445148656,0.00100211305686026,-7.57229863867435,0.000514508419355025
"Caluromys derbianus","Mammalia","Didelphimorphia","Didelphidae","Caluromys","derbianus",357,0.357,1.13611111111111,"W",34,"C","McNab (1978a)",-1.0300194972025,0.127611124592646,37.7827345786888,3917,307.15,-5126.81836119685,-1622.5901421774,27.3461553712044,-1.52597053816768,0.00220570966094921,FALSE,TRUE,-1.35511570311758,0.257917450872217,0.0830119645902128,1.0865548086535
"Gracilinanus microtarsus","Mammalia","Didelphimorphia","Didelphidae","Gracilinanus","microtarsus",13,0.013,0.105555555555555,"W",34.7,"C","Morrison and McNab (1962)",-4.3428059215206,-2.24851787172377,37.6968228872641,3918,307.85,-5126.81836119685,-1622.5901421774,27.3461553712044,-1.52597053816768,0.00220570966094921,FALSE,TRUE,-3.94631224276507,0.0193258395299298,-2.49673664021861,0.0823533090657015
"Monodelphis brevicaudata","Mammalia","Didelphimorphia","Didelphidae","Monodelphis","brevicaudata",111,0.111,0.422222222222222,"W",33.5,"C","McNab (1978a)",-2.1982250776698,-0.862223510603879,37.8443402114602,3919,306.65,-5126.81836119685,-1622.5901421774,27.3461553712044,-1.52597053816768,0.00220570966094921,FALSE,TRUE,-2.28822657922409,0.101446209238002,-0.843000738670851,0.430417014678287
"Marmosa robinsoni","Mammalia","Didelphimorphia","Didelphidae","Marmosa","robinsoni",122,0.122,0.544444444444444,"W",34,"C","McNab (1978a)",-2.10373423424888,-0.607989372219639,37.7827345786888,3920,307.15,-5126.81836119685,-1622.5901421774,27.3461553712044,-1.52597053816768,0.00220570966094921,FALSE,TRUE,-2.20082119804485,0.110712204376053,-0.755595357491597,0.469730873671158
"Metachirus nudicaudatus","Mammalia","Didelphimorphia","Didelphidae","Metachirus","nudicaudatus",336,0.336,1.14444444444444,"W",35,"C","McNab (1978a)",-1.09064411901893,0.134919317899371,37.6601230759184,3921,308.15,-5126.81836119685,-1622.5901421774,27.3461553712044,-1.52597053816768,0.00220570966094921,FALSE,TRUE,-1.37703234295564,0.252326260846341,0.0700040309112837,1.07251250444826
"Philander opossum","Mammalia","Didelphimorphia","Didelphidae","Philander","opossum",751,0.751,1.88611111111111,"W",35.8,"C","McNab (1978a)",-0.286349627218002,0.63451709610854,37.5626053595865,3922,308.95,-5126.81836119685,-1622.5901421774,27.3461553712044,-1.52597053816768,0.00220570966094921,FALSE,TRUE,-0.72298742276265,0.485300291087063,0.71986559649126,2.05415710616703
"Lutreolina crassicaudata","Mammalia","Didelphimorphia","Didelphidae","Lutreolina","crassicaudata",812,0.812,2.26388888888889,"W",35.8,"C","McNab (1978a)",-0.208254938820459,0.817084081790707,37.5626053595865,3923,308.95,-5126.81836119685,-1622.5901421774,27.3461553712044,-1.52597053816768,0.00220570966094921,FALSE,TRUE,-0.661476571860003,0.516088729514465,0.782774346578728,2.18753282877873
"Didelphis virginiana","Mammalia","Didelphimorphia","Didelphidae","Didelphis","virginiana",3257,3.257,5.99444444444444,"W",34.8,"C","McNab (1978a)",1.1808065262941,1.79083311436792,37.6845816718437,3924,307.95,-5126.81836119685,-1622.5901421774,27.3461553712044,-1.52597053816768,0.00220570966094921,FALSE,TRUE,0.406909859438293,1.50216869322918,1.84976287869221,6.35831165266043
"Dromiciops gliroides","Mammalia","Microbiotheria","Microbiotheriidae","Dromiciops","gliroides",40,0.04,0.177777777777778,"W",35.15,"C","Bozinovic et al. (2004)",-3.2188758248682,-1.72722094809048,37.6417999540845,3925,308.3,-5126.81836119685,-1622.5901421774,27.3461553712044,-1.52597053816768,0.00220570966094921,FALSE,TRUE,-3.04946166969295,0.0473844259989785,-1.69790308930904,0.183066997001133
"Myrmecobius fasciatus","Mammalia","Dasyuromorphia","Myrmecobiidae","Myrmecobius","fasciatus",480,0.48,1.03611111111111,"W",33.9,"C","McNab (1984)",-0.7339691750802,0.0354743881936597,37.7950396542721,3927,307.05,-5126.81836119685,-1622.5901421774,27.3461553712044,-1.52597053816768,0.00220570966094921,FALSE,TRUE,-1.12452595447844,0.324806403890145,0.267513562866243,1.30671135246719
"Antechinus stuartii","Mammalia","Dasyuromorphia","Dasyuridae","Antechinus","stuartii",36.5,0.0365,0.202777777777778,"W",34.4,"C","Dawson and Hulbert (1970)",-3.31044301839369,-1.59564459030176,37.7335942963559,3928,307.55,-5126.81836119685,-1622.5901421774,27.3461553712044,-1.52597053816768,0.00220570966094921,FALSE,TRUE,-3.14092495756725,0.0432427816600306,-1.70675441030454,0.181453762408117
"Antechinus flavipes","Mammalia","Dasyuromorphia","Dasyuridae","Antechinus","flavipes",46.5,0.0465,0.252777777777778,"W",35.1,"C","Geiser (1988)",-3.06830296638883,-1.37524452493331,37.6479056799489,3929,308.25,-5126.81836119685,-1622.5901421774,27.3461553712044,-1.52597053816768,0.00220570966094921,FALSE,TRUE,-2.93215025235972,0.0532823443923708,-1.497979705097,0.223581404543577
"Dasyuroides byrnei","Mammalia","Dasyuromorphia","Dasyuridae","Dasyuroides","byrnei",118.2,0.1182,0.461111111111111,"W",34.3,"C","Geiser and Baudinette (1987)",-2.13537717401014,-0.774116243093612,37.7458673795552,3930,307.45,-5126.81836119685,-1622.5901421774,27.3461553712044,-1.52597053816768,0.00220570966094921,FALSE,TRUE,-2.21797673672038,0.10882907609749,-0.807953046886909,0.445769602444153
"Phascogale tapoatafa","Mammalia","Dasyuromorphia","Dasyuridae","Phascogale","tapoatafa",157.2,0.1572,0.708333333333333,"W",37.4,"C","MacMillen and Nelson (1969)",-1.85023639898703,-0.34484048629173,37.3690772044575,3931,310.55,-5126.81836119685,-1622.5901421774,27.3461553712044,-1.52597053816768,0.00220570966094921,FALSE,TRUE,-1.91399820670276,0.147489512606526,-0.485143495673068,0.615608853219239
"Dasyurus hallucatus","Mammalia","Dasyuromorphia","Dasyuridae","Dasyurus","hallucatus",584.4,0.5844,1.66111111111111,"W",38.1,"C","MacMillen and Nelson (1969)",-0.537169599105593,0.507486722500476,37.2850342999012,3932,311.25,-5126.81836119685,-1622.5901421774,27.3461553712044,-1.52597053816768,0.00220570966094921,FALSE,TRUE,-0.862060699214873,0.422290970405033,0.534984624338344,1.70742198930957
"Dasyurus viverrinus","Mammalia","Dasyuromorphia","Dasyuridae","Dasyurus","viverrinus",909.9,0.9099,2.28333333333333,"W",36.7,"C","MacMillen and Nelson (1969)",-0.0944205756194919,0.825636363606024,37.4534998413563,3933,309.85,-5126.81836119685,-1622.5901421774,27.3461553712044,-1.52597053816768,0.00220570966094921,FALSE,TRUE,-0.548827238810115,0.577626831641146,0.845882060793586,2.33003213841487
"Dasyurus geoffroii","Mammalia","Dasyuromorphia","Dasyuridae","Dasyurus","geoffroii",1354,1.354,3.17222222222222,"W",36.2,"C","Arnold and Shield (1970)",0.303063174490083,1.1544323587658,37.5140356419727,3934,309.35,-5126.81836119685,-1622.5901421774,27.3461553712044,-1.52597053816768,0.00220570966094921,FALSE,TRUE,-0.248506131288948,0.779965078629206,1.14620316831477,3.14622451814427
"Dasyurus maculatus","Mammalia","Dasyuromorphia","Dasyuridae","Dasyurus","maculatus",1782,1.782,3.28055555555556,"W",36.9,"C","MacMillen and Nelson (1969)",0.577736329048618,1.18801278474721,37.4293401897896,3935,310.05,-5126.81836119685,-1622.5901421774,27.3461553712044,-1.52597053816768,0.00220570966094921,FALSE,TRUE,-0.01431616496376,0.985785824048618,1.38049212076511,3.97685824053038
"Sarcophilus harrisii","Mammalia","Dasyuromorphia","Dasyuridae","Sarcophilus","harrisii",5050,5.05,7.88611111111111,"W",36.8,"C","MacMillen and Nelson (1969)",1.61938824328727,2.06510312502282,37.4414161182264,3936,309.95,-5126.81836119685,-1622.5901421774,27.3461553712044,-1.52597053816768,0.00220570966094921,FALSE,TRUE,0.803590849238317,2.23354687591297,2.20237248309496,9.04645061093046
"Planigale tenuirostris","Mammalia","Dasyuromorphia","Dasyuridae","Planigale","tenuirostris",7.1,0.0070999999999999,0.0638888888888888,"W",34.5,"C","Dawson and Wolfers (1978)",-4.94766049493488,-2.75060981552101,37.7213291917577,3937,307.65,-5126.81836119685,-1622.5901421774,27.3461553712044,-1.52597053816768,0.00220570966094921,FALSE,TRUE,-4.42788604544114,0.0119397030030778,-2.98124708544351,0.0507295303418065
"Planigale gilesi","Mammalia","Dasyuromorphia","Dasyuridae","Planigale","gilesi",9.4,0.0094,0.0722222222222222,"W",35.9,"C","Dawson and Wolfers (1978)",-4.66704558970618,-2.62800749342867,37.5504511433239,3938,309.05,-5126.81836119685,-1622.5901421774,27.3461553712044,-1.52597053816768,0.00220570966094921,FALSE,TRUE,-4.17085758355407,0.0154390142003089,-2.72421862355646,0.0655974389915936
"Ningaui yvonnae","Mammalia","Dasyuromorphia","Dasyuridae","Ningaui","yvonnae",11.6,0.0116,0.0888888888888888,"W",34.4,"C","Geiser and Baudinette (1988)",-4.45675018086982,-2.42036812865043,37.7335942963559,3939,307.55,-5126.81836119685,-1622.5901421774,27.3461553712044,-1.52597053816768,0.00220570966094921,FALSE,TRUE,-4.04380747629594,0.0175305978489855,-2.61954975374528,0.072835649424224
"Planigale maculata","Mammalia","Dasyuromorphia","Dasyuridae","Planigale","maculata",13.1,0.0130999999999999,0.075,"W",34.2,"C","Morton and Lee (1978)",-4.33514304877504,-2.59026716544583,37.7581484491435,3940,307.35,-5126.81836119685,-1622.5901421774,27.3461553712044,-1.52597053816768,0.00220570966094921,FALSE,TRUE,-3.95319780201728,0.0191932273950424,-2.51130274913624,0.0811624360448915
"Macrotis lagotis","Mammalia","Peramelemorphia","Thylacomyidae","Macrotis","lagotis",1011,1.011,1.975,"W",34.9,"C","Hulbert and Dawson (1974)",0.0109399400383343,0.680568398353085,37.6723484039742,3942,308.05,-5126.81836119685,-1622.5901421774,27.3461553712044,-1.52597053816768,0.00220570966094921,FALSE,TRUE,-0.511951583413532,0.599324804404306,0.817915837069988,2.26577267373932
"Isoodon auratus","Mammalia","Peramelemorphia","Peramelidae","Isoodon","auratus",428,0.428,0.836111111111111,"W",33.8,"C","Withers (1992)",-0.84863208340034,-0.17899376670128,37.8073527474972,3943,306.95,-5126.81836119685,-1622.5901421774,27.3461553712044,-1.52597053816768,0.00220570966094921,FALSE,TRUE,-1.21743390748043,0.295988727699224,0.0995168399088067,1.10463707257089
"Perameles nasuta","Mammalia","Peramelemorphia","Peramelidae","Perameles","nasuta",645,0.645,1.76388888888889,"W",36.1,"C","Hulbert and Dawson (1974)",-0.438504962186365,0.567520967442536,37.5261662921399,3944,309.25,-5126.81836119685,-1622.5901421774,27.3461553712044,-1.52597053816768,0.00220570966094921,FALSE,TRUE,-0.835154091855577,0.433807630059818,0.492036925029156,1.63564451431157
"Isoodon macrourus","Mammalia","Peramelemorphia","Peramelidae","Isoodon","macrourus",1551,1.551,3.54722222222222,"W",35.9,"C","Hulbert and Dawson (1974)",0.438899884194402,1.26616482458238,37.5504511433239,3945,309.05,-5126.81836119685,-1622.5901421774,27.3461553712044,-1.52597053816768,0.00220570966094921,FALSE,TRUE,-0.149187772114939,0.861407351431897,1.1677629752743,3.21479301719797
"Echymipera rufescens","Mammalia","Peramelemorphia","Peramelidae","Echymipera","rufescens",1276,1.276,3.01666666666667,"W",35.2,"C","Hulbert and Dawson (1974)",0.243730184922598,1.10415246904372,37.6356962083485,3946,308.35,-5126.81836119685,-1622.5901421774,27.3461553712044,-1.52597053816768,0.00220570966094921,FALSE,TRUE,-0.320873082437293,0.725515325783918,1.00737601495294,2.73840604288625
"Phascolarctos cinereus","Mammalia","Diprotodontia","Phascolarctidae","Phascolarctos","cinereus",4765,4.765,5.84722222222222,"W",35.75,"C","Degabriele and Dawson (1979)",1.56129753710617,1.76596671466633,37.5686854187254,3947,308.9,-5126.81836119685,-1622.5901421774,27.3461553712044,-1.52597053816768,0.00220570966094921,FALSE,TRUE,0.731020626187184,2.07719957043333,2.00956749158032,7.46009009768434
"Lasiorhinus latifrons","Mammalia","Diprotodontia","Vombatidae","Lasiorhinus","latifrons",25000,25,13.9444444444444,"W",35.3,"C","Wells (1978)",3.2188758248682,2.63508118123562,37.6234946534098,3948,308.45,-5126.81836119685,-1622.5901421774,27.3461553712044,-1.52597053816768,0.00220570966094921,FALSE,TRUE,2.02505482786544,7.57652633801572,3.30360169325851,27.210466396005
"Cercartetus lepidus","Mammalia","Diprotodontia","Burramyidae","Cercartetus","lepidus",12.6,0.0126,0.105555555555555,"W",33.7,"C","Geiser (1987)",-4.3740584650247,-2.24851787172377,37.8196738662026,3949,306.85,-5126.81836119685,-1622.5901421774,27.3461553712044,-1.52597053816768,0.00220570966094921,FALSE,TRUE,-3.996812602988,0.0183741112391945,-2.51852267965338,0.0805785592074735
"Cercartetus concinnus","Mammalia","Diprotodontia","Burramyidae","Cercartetus","concinnus",18.6,0.0186,0.125,"W",34.4,"C","Geiser (1987)",-3.98459369826298,-2.07944154167984,37.7335942963559,3950,307.55,-5126.81836119685,-1622.5901421774,27.3461553712044,-1.52597053816768,0.00220570966094921,FALSE,TRUE,-3.67191602502969,0.025427703126738,-2.20455402744979,0.110299704977995
"Burramys parvus","Mammalia","Diprotodontia","Burramyidae","Burramys","parvus",44.3,0.0443,0.205555555555555,"W",36.1,"C","Fleming (1985a)",-3.11677060193105,-1.58203893824599,37.5261662921399,3951,309.25,-5126.81836119685,-1622.5901421774,27.3461553712044,-1.52597053816768,0.00220570966094921,FALSE,TRUE,-2.94467526191765,0.0526191444821768,-1.5378953356247,0.214832776839735
"Cercartetus nanus","Mammalia","Diprotodontia","Burramyidae","Cercartetus","nanus",70,0.07,0.336111111111111,"W",35.5,"C","Bartholomew and Hudson (1962)",-2.65926003693278,-1.09031348585341,37.5991152627386,3952,308.65,-5126.81836119685,-1622.5901421774,27.3461553712044,-1.52597053816768,0.00220570966094921,FALSE,TRUE,-2.5996897956854,0.0742966217726772,-1.12139987235077,0.325823364106698
"Spilocuscus maculatus","Mammalia","Diprotodontia","Phalangeridae","Spilocuscus","maculatus",4250,4.25,5.68036111111111,"W",34.6,"C","Dawson and Degabriele (1972)",1.44691898293633,1.73701480661204,37.709072057983,3953,307.75,-5126.81836119685,-1622.5901421774,27.3461553712044,-1.52597053816768,0.00220570966094921,FALSE,TRUE,0.61135179167626,1.84292096093283,2.00005637364333,7.38947265868509
"Petauroides volans","Mammalia","Diprotodontia","Pseudocheiridae","Petauroides","volans",1141,1.141,3.18055555555556,"W",35.4,"C","Rübsamen et al. (1984)",0.131905070879939,1.15705588453818,37.6113010074356,3954,308.55,-5126.81836119685,-1622.5901421774,27.3461553712044,-1.52597053816768,0.00220570966094921,FALSE,TRUE,-0.403811494966501,0.667769987409202,1.02757542465893,2.79428266602224
"Petaurus breviceps","Mammalia","Diprotodontia","Petauridae","Petaurus","breviceps",128.1,0.1281,0.494444444444444,"W",36.4,"C","Dawson and Hulbert (1970)",-2.05494407007945,-0.704320481158071,37.4897978544476,3955,309.55,-5126.81836119685,-1622.5901421774,27.3461553712044,-1.52597053816768,0.00220570966094921,FALSE,TRUE,-2.10067068594442,0.122374325983245,-0.669283766319013,0.512075211987012
"Tarsipes rostratus","Mammalia","Diprotodontia","Tarsipedidae","Tarsipes","rostratus",10,0.01,0.161111111111111,"W",37,"C","Withers et al. (1990)",-4.60517018598809,-1.82566102090374,37.4172720485064,3956,310.15,-5126.81836119685,-1622.5901421774,27.3461553712044,-1.52597053816768,0.00220570966094921,FALSE,TRUE,-4.0940611819737,0.016671390340073,-2.66490469772898,0.0696059868258008
"Aepyprymnus rufescens","Mammalia","Diprotodontia","Potoroidae","Aepyprymnus","rufescens",2820,2.82,5.97777777777778,"W",36.6,"C","Rübsamen et al. (1983)",1.03673688495002,1.78804888983152,37.4655913667289,3957,309.75,-5126.81836119685,-1622.5901421774,27.3461553712044,-1.52597053816768,0.00220570966094921,FALSE,TRUE,0.339575039411042,1.40435067005088,1.72123019389942,5.59140274460587
"Lagorchestes conspicillatus","Mammalia","Diprotodontia","Macropodidae","Lagorchestes","conspicillatus",2660,2.66,4.74722222222222,"W",36,"C","Dawson and Bennett (1978)",0.978326122793608,1.55755965166544,37.538304790051,3958,309.15,-5126.81836119685,-1622.5901421774,27.3461553712044,-1.52597053816768,0.00220570966094921,FALSE,TRUE,0.278247545137159,1.32081311760801,1.65990269962553,5.25879913642736
"Setifer setosus","Mammalia","Afrosoricida","Tenrecidae","Setifer","setosus",530,0.53,0.680555555555556,"W",32.2,"C","McNab (1980)",-0.63487827243597,-0.384845820905429,38.0054590661348,3962,305.35,19065.9732979664,196.969573288923,5058.09195240373,2068.11907390761,703.757520121768,FALSE,TRUE,-1.09081251925567,0.335943422284442,0.221225028274708,1.24760414518683
"Orycteropus afer","Mammalia","Tubulidentata","Orycteropodidae","Orycteropus","afer",48000,48,34.2694444444444,"W",34.5,"C","McNab (1984)",3.87120101090789,3.53425412462131,37.7213291917577,3966,307.65,19065.9732979664,196.969573288923,5058.09195240373,2068.11907390761,703.757520121768,FALSE,TRUE,2.51824161506766,12.4067616093154,3.85686851348712,47.316946746024
"Heterohyrax brucei","Mammalia","Hyracoidea","Procaviidae","Heterohyrax","brucei",2000,2,4.01666666666667,"W",37.8,"C","Taylor and Sale (1969)",0.693147180559945,1.39045237126855,37.3210063542186,3967,310.95,19065.9732979664,196.969573288923,5058.09195240373,2068.11907390761,703.757520121768,FALSE,TRUE,0.0994122883529451,1.10452158708349,1.44780441182255,4.25376473922492
"Chaetophractus vellerosus","Mammalia","Cingulata","Dasypodidae","Chaetophractus","vellerosus",1110,1.11,1.73333333333333,"W",34.4,"C","McNab (1980)",0.104360015324243,0.550046336919272,37.7335942963559,3968,307.55,19065.9732979664,196.969573288923,5058.09195240373,2068.11907390761,703.757520121768,FALSE,TRUE,-0.451274168518971,0.636816223280781,0.507985791378011,1.66194032686947
"Chaetophractus villosus","Mammalia","Cingulata","Dasypodidae","Chaetophractus","villosus",4540,4.54,4.50833333333333,"W",35.1,"C","McNab (1980)",1.51292701205326,1.50592753606444,37.6479056799489,3969,308.25,19065.9732979664,196.969573288923,5058.09195240373,2068.11907390761,703.757520121768,FALSE,TRUE,0.676230291016057,1.96645079510103,1.6354902509131,5.13197333501688
"Euphractus sexcinctus","Mammalia","Cingulata","Dasypodidae","Euphractus","sexcinctus",8190,8.19,6.89722222222222,"W",34.2,"C","McNab (1980)",2.10291389786498,1.93111875405801,37.7581484491435,3970,307.35,19065.9732979664,196.969573288923,5058.09195240373,2068.11907390761,703.757520121768,FALSE,TRUE,1.11770226908135,3.05782007738799,2.07698104579516,7.98034022923357
"Tolypeutes matacus","Mammalia","Cingulata","Dasypodidae","Tolypeutes","matacus",1160,1.16,1.17222222222222,"W",33,"C","McNab (1980)",0.148420005118273,0.158901282585856,37.9061470711882,3971,306.15,19065.9732979664,196.969573288923,5058.09195240373,2068.11907390761,703.757520121768,FALSE,TRUE,-0.452927100418361,0.635764478901651,0.476858635833372,1.61100568947973
"Priodontes maximus","Mammalia","Cingulata","Dasypodidae","Priodontes","maximus",45190,45.19,16.8888888888889,"W",33.6,"C","McNab (1980)",3.81087582342319,2.82665594351006,37.8320030182372,3972,306.75,19065.9732979664,196.969573288923,5058.09195240373,2068.11907390761,703.757520121768,FALSE,TRUE,2.44740804980627,11.5583491945386,3.37719378605807,29.28846598282
"Bradypus variegatus","Mammalia","Pilosa","Bradypodidae","Bradypus","variegatus",3790,3.79,3.82777777777778,"W",33,"C","McNab (1978b)",1.33236601909433,1.34228442012345,37.9061470711882,3973,306.15,19065.9732979664,196.969573288923,5058.09195240373,2068.11907390761,703.757520121768,FALSE,TRUE,0.479601452250224,1.61543044770826,1.64868397227203,5.20013180443059
"Cyclopes didactylus","Mammalia","Pilosa","Cyclopedidae","Cyclopes","didactylus",249,0.249,0.641666666666667,"W",33,"C","McNab (1984)",-1.39030238251743,-0.443686320928362,37.9061470711882,3974,306.15,19065.9732979664,196.969573288923,5058.09195240373,2068.11907390761,703.757520121768,FALSE,TRUE,-1.66489330847359,0.189210844098889,-0.495810788451815,0.609076874549198
"Tupaia glis","Mammalia","Scandentia","Tupaiidae","Tupaia","glis",123,0.123,0.522222222222222,"W",37,"C","Bradley and Hudson (1974)",-2.09557092360972,-0.649662068620207,37.4172720485064,3975,310.15,19065.9732979664,196.969573288923,5058.09195240373,2068.11907390761,703.757520121768,FALSE,TRUE,-2.11738915445068,0.120345422009464,-0.652376702055959,0.520806502765968
"Ptilocercus lowii","Mammalia","Scandentia","Ptilocercidae","Ptilocercus","lowii",58,0.058,0.241666666666667,"W",35.7,"C","Whittow and Gould (1976)",-2.84731226843572,-1.42019591279557,37.5747674464765,3976,308.85,19065.9732979664,196.969573288923,5058.09195240373,2068.11907390761,703.757520121768,FALSE,TRUE,-2.74267806101692,0.0643976549073548,-1.27766560862212,0.278687106485814
"Cheirogaleus medius","Mammalia","Primates","Cheirogaleidae","Cheirogaleus","medius",300,0.3,1.08888888888889,"W",35,"C","McCormick (1981)",-1.20397280432594,0.0851578083403068,37.6601230759184,3977,308.15,-5126.81836119685,-1622.5901421774,27.3461553712044,-1.52597053816768,0.00220570966094921,FALSE,TRUE,-1.46629505733419,0.230778925925015,-0.0435815797270436,0.957354450190432
"Loris tardigradus","Mammalia","Primates","Lorisidae","Loris","tardigradus",263,0.263,0.661111111111111,"W",36,"C","Müller et al. (1985)",-1.33560124680437,-0.413833357778681,37.538304790051,3978,309.15,-5126.81836119685,-1622.5901421774,27.3461553712044,-1.52597053816768,0.00220570966094921,FALSE,TRUE,-1.54430459446999,0.213460261067359,-0.235433849935657,0.790227934908635
"Nycticebus coucang","Mammalia","Primates","Lorisidae","Nycticebus","coucang",1300,1.3,1.74166666666667,"W",34.5,"C","Müller (1979b)",0.262364264467491,0.554842509182765,37.7213291917577,3979,307.65,-5126.81836119685,-1622.5901421774,27.3461553712044,-1.52597053816768,0.00220570966094921,FALSE,TRUE,-0.324238758402571,0.72307758092032,0.984631986131804,2.67682659382258
"Callimico goeldii","Mammalia","Primates","Cebidae","Callimico","goeldii",557,0.557,1.55277777777778,"W",36,"C","Kalin et al. (2003)",-0.585190039054853,0.440045441704943,37.538304790051,3980,309.15,-5126.81836119685,-1622.5901421774,27.3461553712044,-1.52597053816768,0.00220570966094921,FALSE,TRUE,-0.953247342527513,0.385487179813632,0.519057559461045,1.68044318540314
"Cercopithecus mitis","Mammalia","Primates","Cercopithecidae","Cercopithecus","mitis",8500,8.5,18.9638888888889,"W",38,"C","Müller et al. (1983)",2.14006616349627,2.94253658596812,37.2970172773397,3981,311.15,-5126.81836119685,-1622.5901421774,27.3461553712044,-1.52597053816768,0.00220570966094921,FALSE,TRUE,1.24412450333673,3.46989558711247,2.73532860793094,15.4148080319238
"Colobus guereza","Mammalia","Primates","Colobinae","Colobus","guereza",10500,10.5,16.6916666666667,"W",37.3,"C","Müller et al. (1983)",2.35137525716348,2.81490959288377,37.3811142723281,3982,310.45,-5126.81836119685,-1622.5901421774,27.3461553712044,-1.52597053816768,0.00220570966094921,FALSE,TRUE,1.39284187015543,4.02627596332525,2.88404597474965,17.8864952849651
"Sciurus aberti","Mammalia","Rodentia","Sciuridae","Sciurus","aberti",624,0.624,2.40277777777778,"W",38.6,"C","Golightly and Ohmart (1978)",-0.471604910612709,0.876625475481724,37.2252347260441,3983,311.75,-5126.81836119685,-1622.5901421774,27.3461553712044,-1.52597053816768,0.00220570966094921,FALSE,TRUE,-0.797819377703219,0.450309849957046,0.770641440768699,2.16115206031984
"Marmota flaviventris","Mammalia","Rodentia","Sciuridae","Marmota","flaviventris",4294,4.294,8.625,"W",36.5,"C","Reinking et al. (1977)",1.45721869945659,2.15466496291742,37.477690701903,3986,309.65,-5126.81836119685,-1622.5901421774,27.3461553712044,-1.52597053816768,0.00220570966094921,FALSE,TRUE,0.668215916341956,1.95075390604374,2.21220403522197,9.13582991035216
"Castor canadensis","Mammalia","Rodentia","Castoridae","Castor","canadensis",15270,15.27,25.9583333333333,"W",37.1,"C","MacArthur (1989)",2.72589011923054,3.25649268843951,37.4052116868469,3987,310.25,-5126.81836119685,-1622.5901421774,27.3461553712044,-1.52597053816768,0.00220570966094921,FALSE,TRUE,1.68274915794335,5.38032702661963,3.25158896320456,25.8313523933832
"Microdipodops megacephalus","Mammalia","Rodentia","Heteromyidae","Microdipodops","megacephalus",11,0.011,0.169444444444444,"W",32.8,"C","Hinds and MacMillen (1985)",-4.50986000618377,-1.77523016727684,37.9309263796184,3988,305.95,-5126.81836119685,-1622.5901421774,27.3461553712044,-1.52597053816768,0.00220570966094921,FALSE,TRUE,-4.12721663047012,0.0161277057735005,-2.40218183571262,0.0905202373893894
"Microdipodops pallidus","Mammalia","Rodentia","Heteromyidae","Microdipodops","pallidus",15.2,0.0152,0.111111111111111,"W",39.3,"C","Bartholomew and MacMillen (1961)",-4.18645985112991,-2.19722457733622,37.1418368565987,3989,312.45,-5126.81836119685,-1622.5901421774,27.3461553712044,-1.52597053816768,0.00220570966094921,FALSE,TRUE,-3.70623262564989,0.0245699131894087,-1.98119783089236,0.137903952724412
"Dipodomys merriami","Mammalia","Rodentia","Heteromyidae","Dipodomys","merriami",38.3,0.0382999999999999,0.241666666666667,"W",37,"C","Carpenter (1966)",-3.26230538279554,-1.42019591279557,37.4172720485064,3990,310.15,-5126.81836119685,-1622.5901421774,27.3461553712044,-1.52597053816768,0.00220570966094921,FALSE,TRUE,-3.03636112084907,0.0480092719622064,-1.34854989817376,0.259616458117687
"Dipodomys microps","Mammalia","Rodentia","Heteromyidae","Dipodomys","microps",57.2,0.0572,0.372222222222222,"W",35,"C","Breyen et al. (1973)",-2.86120138059638,-0.988264231499244,37.6601230759184,3991,308.15,-5126.81836119685,-1622.5901421774,27.3461553712044,-1.52597053816768,0.00220570966094921,FALSE,TRUE,-2.77160201172861,0.0625616998418838,-1.08304968889161,0.338561442560054
"Dipodomys agilis","Mammalia","Rodentia","Heteromyidae","Dipodomys","agilis",60.6,0.0606,0.355555555555556,"W",37,"C","Carpenter (1966)",-2.80346038590687,-1.03407376753054,37.4172720485064,3992,310.15,-5126.81836119685,-1622.5901421774,27.3461553712044,-1.52597053816768,0.00220570966094921,FALSE,TRUE,-2.67495438794337,0.0689099714485013,-0.986402065106396,0.372916007706638
"Dipodomys deserti","Mammalia","Rodentia","Heteromyidae","Dipodomys","deserti",106,0.106,0.513888888888889,"W",36.8,"C","McNab (1979a)",-2.24431618487007,-0.665748206371831,37.4414161182264,3993,309.95,-5126.81836119685,-1622.5901421774,27.3461553712044,-1.52597053816768,0.00220570966094921,FALSE,TRUE,-2.23963464905,0.106497406200939,-0.551182242260326,0.576268118974162
"Heteromys anomalus","Mammalia","Rodentia","Heteromyidae","Heteromys","anomalus",69.3,0.0693,0.561111111111111,"W",36,"C","McNab (1979a)",-2.66931037278628,-0.577836334048951,37.538304790051,3994,309.15,-5126.81836119685,-1622.5901421774,27.3461553712044,-1.52597053816768,0.00220570966094921,FALSE,TRUE,-2.59479323690056,0.0746613116828354,-0.853790324172556,0.425797957165616
"Heteromys desmarestianus","Mammalia","Rodentia","Heteromyidae","Heteromys","desmarestianus",75.8,0.0757999999999999,0.552777777777778,"W",33.8,"C","Hinds and MacMillen (1985)",-2.57965698633381,-0.592799206725663,37.8073527474972,3995,306.95,-5126.81836119685,-1622.5901421774,27.3461553712044,-1.52597053816768,0.00220570966094921,FALSE,TRUE,-2.58086613184744,0.0757084021587866,-0.839863219119439,0.431769577213244
"Thomomys umbrinus","Mammalia","Rodentia","Geomyidae","Thomomys","umbrinus",85,0.085,0.402777777777778,"W",34.6,"C","Bradley et al. (1975)",-2.46510402249182,-0.909370289029582,37.709072057983,4001,307.75,-5126.81836119685,-1622.5901421774,27.3461553712044,-1.52597053816768,0.00220570966094921,FALSE,TRUE,-2.46993156769479,0.0845906475365115,-0.825056643276683,0.438210170102036
"Thomomys bottae","Mammalia","Rodentia","Geomyidae","Thomomys","bottae",143,0.143,0.669444444444445,"W",36,"C","Vleck (1979)",-1.94491064872223,-0.401307097959501,37.538304790051,4002,309.15,-5126.81836119685,-1622.5901421774,27.3461553712044,-1.52597053816768,0.00220570966094921,FALSE,TRUE,-2.02422378672238,0.132096338335378,-0.379348862304281,0.684306842157894
"Geomys bursarius","Mammalia","Rodentia","Geomyidae","Geomys","bursarius",197,0.197,0.769444444444444,"W",35,"C","Bradley and Yousef (1975)",-1.62455155024415,-0.262086525262817,37.6601230759184,4003,308.15,-5126.81836119685,-1622.5901421774,27.3461553712044,-1.52597053816768,0.00220570966094921,FALSE,TRUE,-1.7975615885649,0.165702446741732,-0.147201911587303,0.863119685955355
"Hystrix africaeaustralis","Mammalia","Rodentia","Hystricidae","Hystrix","africaeaustralis",10700,10.7,11.3388888888889,"W",38.5,"C","Haim et al. (1990)",2.37024374146786,2.42823831191963,37.2371792903715,4082,311.65,-5126.81836119685,-1622.5901421774,27.3461553712044,-1.52597053816768,0.00220570966094921,FALSE,TRUE,1.43803035356245,4.21239072025371,2.98543269445372,19.7950655986725
"Ochotona princeps","Mammalia","Lagomorpha","Ochotonidae","Ochotona","princeps",109,0.109,0.930555555555556,"W",40.1,"C","MacArthur and Wang (1973)",-2.21640739675299,-0.0719734996250892,37.0469814073241,4096,313.25,-5126.81836119685,-1622.5901421774,27.3461553712044,-1.52597053816768,0.00220570966094921,FALSE,TRUE,-2.13454580581455,0.118298308580369,-0.505248291287853,0.603355748851578
"Sylvilagus audubonii","Mammalia","Lagomorpha","Leporidae","Sylvilagus","audubonii",672.4,0.6724,2.44166666666667,"W",38.25,"C","Hinds (1973)",-0.396901877447677,0.892680866235021,37.2670742641113,4097,311.4,-5126.81836119685,-1622.5901421774,27.3461553712044,-1.52597053816768,0.00220570966094921,FALSE,TRUE,-0.74779545609562,0.473409054243445,0.929692283288525,2.53372938677201
"Lepus americanus","Mammalia","Lagomorpha","Leporidae","Lepus","americanus",1577,1.577,6.68611111111111,"W",39.8,"C","Hart et al. (1965)",0.455524307980901,1.90003240633292,37.0824953693697,4098,312.95,-5126.81836119685,-1622.5901421774,27.3461553712044,-1.52597053816768,0.00220570966094921,FALSE,TRUE,-0.0374962487148256,0.963198030944538,1.65697533019583,5.24342719924541
"Lepus californicus","Mammalia","Lagomorpha","Leporidae","Lepus","californicus",1989,1.989,6.23611111111111,"W",38.75,"C","Hinds (1977)",0.687631999871835,1.8303567687262,37.2073322406036,4099,311.9,-5126.81836119685,-1622.5901421774,27.3461553712044,-1.52597053816768,0.00220570966094921,FALSE,TRUE,0.119019205265783,1.12639155072973,1.81354935485141,6.13217411351004
"Lepus townsendii","Mammalia","Lagomorpha","Leporidae","Lepus","townsendii",2430,2.43,7.04722222222222,"W",38.2,"C","Rogowitz (1990)",0.887891257352457,1.95263352814913,37.2730590198949,4100,311.35,-5126.81836119685,-1622.5901421774,27.3461553712044,-1.52597053816768,0.00220570966094921,FALSE,TRUE,0.262903798867029,1.30070158396672,1.95762168034763,7.08246265850317
"Lepus arcticus","Mammalia","Lagomorpha","Leporidae","Lepus","arcticus",3004,3.004,6.03333333333333,"W",38.9,"C","Wang et al. (1973)",1.09994473390189,1.79729964960367,37.1894469663332,4101,312.05,-5126.81836119685,-1622.5901421774,27.3461553712044,-1.52597053816768,0.00220570966094921,FALSE,TRUE,0.447543450912631,1.56446427784426,2.14245823637749,8.52035695744642
"Lepus timidus","Mammalia","Lagomorpha","Leporidae","Lepus","timidus",3150,3.15,12.9833333333333,"W",39.7,"C","Pyörnilä et al. (1992)",1.14740245283754,2.56366648364865,37.0943484923902,4102,312.85,-5126.81836119685,-1622.5901421774,27.3461553712044,-1.52597053816768,0.00220570966094921,FALSE,TRUE,0.50496032846396,1.65691978660395,2.19987511392882,9.02388647133236
"Hemiechinus auritus","Mammalia","Erinaceomorpha","Erinaceidae","Hemiechinus","auritus",397,0.397,0.847222222222222,"W",33.75,"C","Shkolnik and Schmidt-Nielsen (1976)",-0.923818998294947,-0.165792254842744,37.8135123031745,4103,306.9,-5126.81836119685,-1622.5901421774,27.3461553712044,-1.52597053816768,0.00220570966094921,FALSE,TRUE,-1.27795227322401,0.278607228207065,0.065860164286166,1.06807735136404
"Paraechinus aethiopicus","Mammalia","Erinaceomorpha","Erinaceidae","Paraechinus","aethiopicus",453,0.453,0.627777777777778,"W",34.19,"C","Shkolnik and Schmidt-Nielsen (1976)",-0.791863153499103,-0.46556903217787,37.7593769956539,4104,307.34,-5126.81836119685,-1622.5901421774,27.3461553712044,-1.52597053816768,0.00220570966094921,FALSE,TRUE,-1.16261177345733,0.312668494267048,0.181200664052847,1.19865568226941
"Atelerix albiventris","Mammalia","Erinaceomorpha","Erinaceidae","Atelerix","albiventris",450,0.45,0.827777777777778,"W",35.2,"C","McNab (1980b)",-0.798507696217772,-0.189010544944751,37.6356962083485,4105,308.35,-5126.81836119685,-1622.5901421774,27.3461553712044,-1.52597053816768,0.00220570966094921,FALSE,TRUE,-1.14178600529279,0.319248333128813,0.193779923123304,1.21382911783778
"Erinaceus concolor","Mammalia","Erinaceomorpha","Erinaceidae","Erinaceus","concolor",822.7,0.8227,1.93611111111111,"W",35.2,"C","Król (1994)",-0.195163664807252,0.660681379310368,37.6356962083485,4106,308.35,-5126.81836119685,-1622.5901421774,27.3461553712044,-1.52597053816768,0.00220570966094921,FALSE,TRUE,-0.666565404242767,0.513469111526936,0.669000524173339,1.95228508344386
"Hylomys suillus","Mammalia","Erinaceomorpha","Erinaceidae","Hylomys","suillus",77.3,0.0773,0.447222222222222,"W",37.3,"C","Genoud and Ruedi (1996)",-2.56006132338876,-0.804699666465693,37.3811142723281,4107,310.45,-5126.81836119685,-1622.5901421774,27.3461553712044,-1.52597053816768,0.00220570966094921,FALSE,TRUE,-2.47562408346071,0.0841104819135859,-0.931340699828396,0.394025086721814
"Crocidura suaveolens","Mammalia","Soricomorpha","Soricidae","Crocidura","suaveolens",6.5,0.0065,0.105555555555555,"W",35.1,"C","Sparti (1990)",-5.03595310208055,-2.24851787172377,37.6479056799489,4108,308.25,-5126.81836119685,-1622.5901421774,27.3461553712044,-1.52597053816768,0.00220570966094921,FALSE,TRUE,-4.48195903716454,0.011311232310739,-2.47936875029453,0.083796105167038
"Crocidura hildegardeae","Mammalia","Soricomorpha","Soricidae","Crocidura","hildegardeae",10,0.01,0.144444444444444,"W",35.7,"C","Sparti (1990)",-4.60517018598809,-1.93486031286873,37.5747674464765,4109,308.85,-5126.81836119685,-1622.5901421774,27.3461553712044,-1.52597053816768,0.00220570966094921,FALSE,TRUE,-4.12724516146013,0.0161272456406524,-2.12055961124509,0.119964476253707
"Crocidura jouvenetae","Mammalia","Soricomorpha","Soricidae","Crocidura","jouvenetae",10.2,0.0101999999999999,0.125,"W",34.3,"C","Sparti (1990)",-4.58536755869192,-2.07944154167984,37.7458673795552,4110,307.45,-5126.81836119685,-1622.5901421774,27.3461553712044,-1.52597053816768,0.00220570966094921,FALSE,TRUE,-4.14769816025604,0.0158007454409365,-2.14101261004096,0.117535764846421
"Crocidura russula","Mammalia","Soricomorpha","Soricidae","Crocidura","russula",10.4,0.0104,0.127777777777778,"W",34.7,"C","Sparti (1990)",-4.56594947283481,-2.05746263496106,37.6968228872641,4111,307.85,-5126.81836119685,-1622.5901421774,27.3461553712044,-1.52597053816768,0.00220570966094921,FALSE,TRUE,-4.12207003111688,0.01621092257168,-2.12162149653954,0.119837155352578
"Crocidura luna","Mammalia","Soricomorpha","Soricidae","Crocidura","luna",11.8,0.0118,0.138888888888889,"W",34.8,"C","Sparti (1990)",-4.43965574751052,-1.97408102602201,37.6845816718437,4112,307.95,-5126.81836119685,-1622.5901421774,27.3461553712044,-1.52597053816768,0.00220570966094921,FALSE,TRUE,-4.02001627372015,0.0179526727803528,-2.01742598685014,0.132997361826228
"Crocidura poensis","Mammalia","Soricomorpha","Soricidae","Crocidura","poensis",17.3,0.0173,0.175,"W",35.5,"C","Sparti (1990)",-4.0570487774784,-1.74296930505862,37.5991152627386,4113,308.65,-5126.81836119685,-1622.5901421774,27.3461553712044,-1.52597053816768,0.00220570966094921,FALSE,TRUE,-3.70065039335655,0.0247074516810073,-1.71783318733323,0.179454571377447
"Crocidura olivieri","Mammalia","Soricomorpha","Soricidae","Crocidura","olivieri",38.9,0.0389,0.325,"W",35.3,"C","Sparti (1990)",-3.24676102835774,-1.1239300966524,37.6234946534098,4114,308.45,-5126.81836119685,-1622.5901421774,27.3461553712044,-1.52597053816768,0.00220570966094921,FALSE,TRUE,-3.06756840465077,0.046534169669149,-1.06103114988456,0.346098746585988
"Sorex palustris","Mammalia","Soricomorpha","Soricidae","Sorex","palustris",14.4,0.0144,0.388888888888889,"W",38.6,"C","Gusztak et al. (2005)",-4.24052707240018,-0.944461608840852,37.2252347260441,4115,311.75,-5126.81836119685,-1622.5901421774,27.3461553712044,-1.52597053816768,0.00220570966094921,FALSE,TRUE,-3.76639014627146,0.0231354282409502,-1.77417114564949,0.16962398482754
"Blarina brevicauda","Mammalia","Soricomorpha","Soricidae","Blarina","brevicauda",21,0.021,0.291666666666667,"W",38.5,"C","Platt (1974)",-3.86323284125871,-1.23214368129263,37.2371792903715,4116,311.65,-5126.81836119685,-1622.5901421774,27.3461553712044,-1.52597053816768,0.00220570966094921,FALSE,TRUE,-3.47173312143081,0.0310631477746389,-1.47951412080888,0.227748319674258
"Neurotrichus gibbsii","Mammalia","Soricomorpha","Talpidae","Neurotrichus","gibbsii",11.8,0.0118,0.258333333333333,"W",38.4,"C","Campbell and Hochachka (2000)",-4.43965574751052,-1.3535045382969,37.2491315225301,4118,311.55,-5126.81836119685,-1622.5901421774,27.3461553712044,-1.52597053816768,0.00220570966094921,FALSE,TRUE,-3.92826775910686,0.0196777296149546,-2.0694491070683,0.126255315711399
"Melonycteris melanops","Mammalia","Chiroptera","Pteropodidae","Melonycteris","melanops",53.3,0.0533,0.241666666666667,"W",34.9,"C","Bonaccorso and McNab (1997)",-2.93181894781034,-1.42019591279557,37.6723484039742,4119,308.05,-5126.81836119685,-1622.5901421774,27.3461553712044,-1.52597053816768,0.00220570966094921,FALSE,TRUE,-2.82979940260778,0.0590246926813991,-1.16375416247151,0.312311509160873
"Nyctimene albiventer","Mammalia","Chiroptera","Pteropodidae","Nyctimene","albiventer",30.9,0.0308999999999999,0.244444444444444,"W",35.9,"C","McNab and Bonaccorso (2001)",-3.47699909507844,-1.40876721697195,37.5504511433239,4120,309.05,-5126.81836119685,-1622.5901421774,27.3461553712044,-1.52597053816768,0.00220570966094921,FALSE,TRUE,-3.23352402092259,0.039418342673565,-1.56262549831394,0.20958508292603
"Cynopterus brachyotis","Mammalia","Chiroptera","Pteropodidae","Cynopterus","brachyotis",37.4,0.0373999999999999,0.263888888888889,"W",36.5,"C","McNab (1989)",-3.28608457456165,-1.33222713984961,37.477690701903,4121,309.65,-5126.81836119685,-1622.5901421774,27.3461553712044,-1.52597053816768,0.00220570966094921,FALSE,TRUE,-3.0678207650382,0.0465224277697198,-1.39692224242954,0.247357098769554
"Dobsonia minor","Mammalia","Chiroptera","Pteropodidae","Dobsonia","minor",73.7,0.0737,0.416666666666667,"W",36.5,"C","McNab and Bonaccorso (2001)",-2.60775247978685,-0.8754687373539,37.477690701903,4122,309.65,-5126.81836119685,-1622.5901421774,27.3461553712044,-1.52597053816768,0.00220570966094921,FALSE,TRUE,-2.53353622917102,0.0793778252127648,-0.86719817691056,0.420127023337924
"Rousettus amplexicaudatus","Mammalia","Chiroptera","Pteropodidae","Rousettus","amplexicaudatus",91.5,0.0915,0.583333333333333,"W",36.5,"C","McNab and Bonaccorso (2001)",-2.39141630670066,-0.538996500732687,37.477690701903,4123,309.65,-5126.81836119685,-1622.5901421774,27.3461553712044,-1.52597053816768,0.00220570966094921,FALSE,TRUE,-2.36314023476211,0.0941241865846745,-0.680246618584281,0.5064920666053
"Rousettus aegyptiacus","Mammalia","Chiroptera","Pteropodidae","Rousettus","aegyptiacus",146,0.146,0.683333333333333,"W",34.8,"C","Noll (1979)",-1.9241486572738,-0.380772495517793,37.6845816718437,4124,307.95,-5126.81836119685,-1622.5901421774,27.3461553712044,-1.52597053816768,0.00220570966094921,FALSE,TRUE,-2.03869097814511,0.130199032755937,-0.355797361967278,0.700614577011428
"Aselliscus tricuspidatus","Mammalia","Chiroptera","Hipposideridae","Aselliscus","tricuspidatus",4.2,0.0042,0.0388888888888888,"W",36.2,"C","Bonaccorso and McNab (2003)",-5.47267075369281,-3.2470467018349,37.5140356419727,4127,309.35,-5126.81836119685,-1622.5901421774,27.3461553712044,-1.52597053816768,0.00220570966094921,FALSE,TRUE,-4.79773112724906,0.00824844049635416,-3.15554422372334,0.0426152024764713
"Hipposideros diadema","Mammalia","Chiroptera","Hipposideridae","Hipposideros","diadema",37.2,0.0372,0.183333333333333,"W",36.9,"C","Bonaccorso and McNab (2003)",-3.29144651770304,-1.69644928942373,37.4293401897896,4129,310.05,-5126.81836119685,-1622.5901421774,27.3461553712044,-1.52597053816768,0.00220570966094921,FALSE,TRUE,-3.06185670946395,0.0468007191621521,-1.41966980593824,0.241793842608321
"Saccopteryx bilineata","Mammalia","Chiroptera","Emballonuridae","Saccopteryx","bilineata",7.8,0.0078,0.0805555555555555,"W",35.5,"C","Genoud and Bonaccorso (1986)",-4.85363154528659,-2.51880820146368,37.5991152627386,4131,308.65,-5126.81836119685,-1622.5901421774,27.3461553712044,-1.52597053816768,0.00220570966094921,FALSE,TRUE,-4.32807442010776,0.0131929270821308,-2.58515047368136,0.0753847353289985
"Diphylla ecaudata","Mammalia","Chiroptera","Phyllostomidae","Diphylla","ecaudata",27.8,0.0278,0.188888888888889,"W",32.4,"C","McNab (1969)",-3.58271925828555,-1.66659632627405,37.9805823133506,4132,305.55,-5126.81836119685,-1622.5901421774,27.3461553712044,-1.52597053816768,0.00220570966094921,FALSE,TRUE,-3.40742174064148,0.0331264990738044,-1.69819648135713,0.183013294478277
"Desmodus rotundus","Mammalia","Chiroptera","Phyllostomidae","Desmodus","rotundus",29.4,0.0294,0.15,"W",35,"C","McNab (1969)",-3.5267606046375,-1.89711998488588,37.6601230759184,4133,308.15,-5126.81836119685,-1622.5901421774,27.3461553712044,-1.52597053816768,0.00220570966094921,FALSE,TRUE,-3.29582606635922,0.0370374370260527,-1.58660080707487,0.204619973697425
"Glossophaga soricina","Mammalia","Chiroptera","Phyllostomidae","Glossophaga","soricina",9.6,0.0096,0.119444444444444,"W",35.5,"C","McNab (1989)",-4.64599218050835,-2.12490391575659,37.5991152627386,4134,308.65,-5126.81836119685,-1622.5901421774,27.3461553712044,-1.52597053816768,0.00220570966094921,FALSE,TRUE,-4.16452841883072,0.0155370401483055,-2.38658089319945,0.0919435117525655
"Choeroniscus godmani","Mammalia","Chiroptera","Phyllostomidae","Choeroniscus","godmani",10.1,0.0101,0.105555555555555,"W",36.6,"C","Arends et al. (1995)",-4.59521985513492,-2.24851787172377,37.4655913667289,4135,309.75,-5126.81836119685,-1622.5901421774,27.3461553712044,-1.52597053816768,0.00220570966094921,FALSE,TRUE,-4.09640464676212,0.0166323672662956,-2.34950776769383,0.0954161175537237
"Glossophaga longirostris","Mammalia","Chiroptera","Phyllostomidae","Glossophaga","longirostris",13.5,0.0135,0.147222222222222,"W",37.4,"C","Arends et al. (1995)",-4.30506559353775,-1.91581211789803,37.3690772044575,4136,310.55,-5126.81836119685,-1622.5901421774,27.3461553712044,-1.52597053816768,0.00220570966094921,FALSE,TRUE,-3.84753089216291,0.0213323433216959,-2.0695833665316,0.126238365878337
"Leptonycteris curasoae","Mammalia","Chiroptera","Phyllostomidae","Leptonycteris","curasoae",24,0.024,0.188888888888889,"W",35.3,"C","Arends et al. (1995)",-3.72970144863419,-1.66659632627405,37.6234946534098,4137,308.45,-5126.81836119685,-1622.5901421774,27.3461553712044,-1.52597053816768,0.00220570966094921,FALSE,TRUE,-3.44795376498753,0.0318106619167959,-1.68029740792938,0.186318555182815
"Tonatia bidens","Mammalia","Chiroptera","Phyllostomidae","Tonatia","bidens",27.4,0.0273999999999999,0.219444444444444,"W",37,"C","McNab (1969)",-3.59721226558812,-1.51665617898313,37.4172720485064,4138,310.15,-5126.81836119685,-1622.5901421774,27.3461553712044,-1.52597053816768,0.00220570966094921,FALSE,TRUE,-3.30014868126365,0.0368776839729549,-1.58074138248363,0.205822448467922
"Phyllostomus discolor","Mammalia","Chiroptera","Phyllostomidae","Phyllostomus","discolor",33.5,0.0335,0.191666666666667,"W",34.6,"C","McNab (1969)",-3.39620984015112,-1.6519975268529,37.709072057983,4139,307.75,-5126.81836119685,-1622.5901421774,27.3461553712044,-1.52597053816768,0.00220570966094921,FALSE,TRUE,-3.20331193324638,0.0406274255915221,-1.50076145967155,0.222960320201312
"Phyllostomus elongatus","Mammalia","Chiroptera","Phyllostomidae","Phyllostomus","elongatus",35.6,0.0356,0.216666666666667,"W",35.7,"C","McNab (1969)",-3.33540964112415,-1.52939520476056,37.5747674464765,4140,308.85,-5126.81836119685,-1622.5901421774,27.3461553712044,-1.52597053816768,0.00220570966094921,FALSE,TRUE,-3.12712526649878,0.0438436550863031,-1.43293613306776,0.238607309921357
"Phyllostomus hastatus","Mammalia","Chiroptera","Phyllostomidae","Phyllostomus","hastatus",84.2,0.0842,0.394444444444444,"W",34.7,"C","McNab (1969)",-2.47456035773386,-0.930276973848895,37.6968228872641,4141,307.85,-5126.81836119685,-1622.5901421774,27.3461553712044,-1.52597053816768,0.00220570966094921,FALSE,TRUE,-2.47479892115953,0.0841799153553843,-0.780609787728513,0.458126566154624
"Rhinophylla fischerae","Mammalia","Chiroptera","Phyllostomidae","Rhinophylla","fischerae",9.5,0.0095,0.0916666666666666,"W",34.7,"C","McNab (1969)",-4.65646348037564,-2.38959646998368,37.6968228872641,4142,307.85,-5126.81836119685,-1622.5901421774,27.3461553712044,-1.52597053816768,0.00220570966094921,FALSE,TRUE,-4.19336289029449,0.0150954351276293,-2.44541572442226,0.0866900882226659
"Carollia perspicillata","Mammalia","Chiroptera","Phyllostomidae","Carollia","perspicillata",14.9,0.0149,0.175,"W",36.4,"C","McNab (1969)",-4.20639406603072,-1.74296930505862,37.4897978544476,4143,309.55,-5126.81836119685,-1622.5901421774,27.3461553712044,-1.52597053816768,0.00220570966094921,FALSE,TRUE,-3.79524841768198,0.0224773213590561,-2.04986173860141,0.128752703886141
"Uroderma bilobatum","Mammalia","Chiroptera","Phyllostomidae","Uroderma","bilobatum",16.2,0.0162,0.147222222222222,"W",35.1,"C","McNab (1969)",-4.1227440367438,-1.91581211789803,37.6479056799489,4144,308.25,-5126.81836119685,-1622.5901421774,27.3461553712044,-1.52597053816768,0.00220570966094921,FALSE,TRUE,-3.76267494994304,0.0232215407624208,-2.00276622477353,0.134961432739037
"Artibeus concolor","Mammalia","Chiroptera","Phyllostomidae","Artibeus","concolor",19.7,0.0197,0.183333333333333,"W",35.3,"C","McNab (1969)",-3.92713664323819,-1.69644928942373,37.6234946534098,4145,308.45,-5126.81836119685,-1622.5901421774,27.3461553712044,-1.52597053816768,0.00220570966094921,FALSE,TRUE,-3.60346250786644,0.0272292774460163,-1.8347898417374,0.159647049389368
"Platyrrhinus lineatus","Mammalia","Chiroptera","Phyllostomidae","Platyrrhinus","lineatus",21.9,0.0219,0.180555555555555,"W",36.4,"C","McNab (1969)",-3.82126864215968,-1.71171676155452,37.4897978544476,4146,309.55,-5126.81836119685,-1622.5901421774,27.3461553712044,-1.52597053816768,0.00220570966094921,FALSE,TRUE,-3.4919065001631,0.0304427776496524,-1.73199777499359,0.176930589153754
"Artibeus lituratus","Mammalia","Chiroptera","Phyllostomidae","Artibeus","lituratus",69.7,0.0697,0.483333333333333,"W",37.3,"C","McNab (1969)",-2.66355496121566,-0.727048732235627,37.3811142723281,4147,310.45,-5126.81836119685,-1622.5901421774,27.3461553712044,-1.52597053816768,0.00220570966094921,FALSE,TRUE,-2.55714027689677,0.0775261269967806,-0.788467610767761,0.45454079529502
"Pteronotus quadridens","Mammalia","Chiroptera","Mormoopidae","Pteronotus","quadridens",4.9,0.0049,0.0333333333333333,"W",31.1910447761194,"C","Rodriguez-Duran (1995)",-5.31852007386556,-3.40119738166216,38.1314552375975,4148,304.341044776119,-5126.81836119685,-1622.5901421774,27.3461553712044,-1.52597053816768,0.00220570966094921,FALSE,TRUE,-4.80640432320639,0.0081772095022965,-3.14953544273413,0.042872038758683
"Pteronotus davyi","Mammalia","Chiroptera","Mormoopidae","Pteronotus","davyi",9.4,0.0094,0.0861111111111111,"W",38.8,"C","Bonaccorso et al. (1992)",-4.66704558970618,-2.45211682696501,37.2013685713873,4149,311.95,-5126.81836119685,-1622.5901421774,27.3461553712044,-1.52597053816768,0.00220570966094921,FALSE,TRUE,-4.09730655250479,0.016617373201377,-2.44043767203252,0.0871227119418752
"Pteronotus personatus","Mammalia","Chiroptera","Mormoopidae","Pteronotus","personatus",14,0.014,0.127777777777778,"W",37.5,"C","Bonaccorso et al. (1992)",-4.26869794936688,-2.05746263496106,37.3570478861879,4150,310.65,-5126.81836119685,-1622.5901421774,27.3461553712044,-1.52597053816768,0.00220570966094921,FALSE,TRUE,-3.81635156328996,0.0220079492071331,-2.15657064350792,0.115721290906186
"Noctilio albiventris","Mammalia","Chiroptera","Noctilionidae","Noctilio","albiventris",27,0.027,0.133333333333333,"W",32,"C","McNab (1969)",-3.61191841297781,-2.01490302054227,38.0303684281313,4151,305.15,-5126.81836119685,-1622.5901421774,27.3461553712044,-1.52597053816768,0.00220570966094921,FALSE,TRUE,-3.44091013318277,0.0320355154699902,-1.85121028336765,0.157046979899404
"Noctilio leporinus","Mammalia","Chiroptera","Noctilionidae","Noctilio","leporinus",61,0.061,0.261111111111111,"W",33.8,"C","McNab (1969)",-2.79688141480883,-1.34280924918015,37.8073527474972,4152,306.95,-5126.81836119685,-1622.5901421774,27.3461553712044,-1.52597053816768,0.00220570966094921,FALSE,TRUE,-2.7519617557178,0.0638025732917811,-1.16226190590269,0.312777905967237
"Molossus molossus","Mammalia","Chiroptera","Molossidae","Molossus","molossus",15.6,0.0156,0.0972222222222222,"W",31.4,"C","McNab (1969)",-4.16048436472665,-2.33075596996074,38.1052928118347,4153,304.55,-5126.81836119685,-1622.5901421774,27.3461553712044,-1.52597053816768,0.00220570966094921,FALSE,TRUE,-3.88877150621012,0.0204704784529242,-2.2208528199841,0.108516524291079
"Pecari tajacu","Mammalia","Artiodactyla","Tayassuidae","Pecari","tajacu",20200,20.2,32.45,"W",38,"C","Zervanos (1975)",3.00568260440716,3.4797004431501,37.2970172773397,4185,311.15,-5126.81836119685,-1622.5901421774,27.3461553712044,-1.52597053816768,0.00220570966094921,FALSE,TRUE,1.92592252223279,6.86147561087753,3.52605153015878,33.9894958114006
"Camelus dromedarius","Mammalia","Artiodactyla","Camelidae","Camelus","dromedarius",407000,407,224.744444444444,"W",38.13,"C","Schmidt-Nielsen et al. (1967)",6.00881318544259,5.41496395422283,37.2814409080065,4186,311.28,-5126.81836119685,-1622.5901421774,27.3461553712044,-1.52597053816768,0.00220570966094921,FALSE,TRUE,4.29460368409376,73.3031574802487,5.87811417179986,357.135110797894
"Alces americanus","Mammalia","Artiodactyla","Cervidae","Alces","americanus",350000,350,318.431635787252,"W",38.6,"C","Reneckker and Hudson (1986)",5.85793315448346,5.76340780766279,37.2252347260441,4187,311.75,-5126.81836119685,-1622.5901421774,27.3461553712044,-1.52597053816768,0.00220570966094921,FALSE,TRUE,4.18760639444199,65.8649474239565,5.83372161035826,341.627721433179
"Oryx leucoryx","Mammalia","Artiodactyla","Bovidae","Oryx","leucoryx",84100,84.1,103.936111111111,"W",38.6,"C","Williams et al. (2001)",4.4320065669789,4.64377639413252,37.2252347260441,4188,311.75,-5126.81836119685,-1622.5901421774,27.3461553712044,-1.52597053816768,0.00220570966094921,FALSE,TRUE,3.06448317669351,21.4233870198117,4.71964110413213,112.128003168542
"Philantomba monticola","Mammalia","Artiodactyla","Bovidae","Philantomba","monticola",4400,4.4,10.5527777777778,"W",39.1,"C","Haim and Skinner (1991)",1.48160454092422,2.35638912173747,37.1656266640329,4190,312.25,-5126.81836119685,-1622.5901421774,27.3461553712044,-1.52597053816768,0.00220570966094921,FALSE,TRUE,0.753174586611526,2.12373129538259,2.40833251405013,11.1154108917312
"Kobus ellipsiprymnus","Mammalia","Artiodactyla","Bovidae","Kobus","ellipsiprymnus",1e+05,100,148.927777777778,"W",38.7,"C","Taylor et al. (1969a)",4.60517018598809,5.00346147553337,37.2132978221718,4191,311.85,-5126.81836119685,-1622.5901421774,27.3461553712044,-1.52597053816768,0.00220570966094921,FALSE,TRUE,3.203389629669,24.6158274830426,4.86646051974076,129.860463946511
