"scale","n","rmse","mae","r2"
"BMR",438,2.35587599496072,0.506607013743761,-0.000981638554392372
"log_BMR",438,2.58973677617415,2.20295601295278,0.571923216592087
