"","component","Variance","Std.Dev"
"1","random_effect_1",0.00466438977198843,0.0682963379105236
"2","random_effect_2",0.137210639512594,0.370419545262658
"3","residual",0.475471321873031,0.689544285650335
