"","term","Value","Std.Error","Zscore","Pvalue"
"1","(Intercept)",5.1196667837651,1.87540322204339,2.72990188114683,0.00633531782672437
"2","log_mass",0.791442887428826,0.0133651233704588,59.2170281928089,0
"3","inv_kT",-0.214066616076141,0.0402902966840686,-5.31310597573203,1.07772319204051e-07
