model,rmse,mae,r2
xgboost,1.5985676818373837,0.3490208070611878,0.24056455230362228
random_forest,1.7176136204632826,0.37990271305389484,0.12324195815200845
