model,rmse,mae,r2
xgboost,1.6166478244916256,0.35554784656911714,0.22328864966538808
random_forest,1.7176136204632826,0.37990271305389484,0.12324195815200845
