"class","order","family","Genus","species","wet_Mass_g","wet_Mass_kg","temperature","temperature_unit","Reference","taxon_name","pc1","pc2","pc3","pc4","pc5","log_mass","log_BMR","inv_kT","row_id","Species","temp_K","in_phylogeny","y_fitted_log_BMR","residual_log_BMR"
"Amphibia","Anura","Phyllomedusidae","Agalychnis","callidryas",6,0.006,20,"C","J. F. Gillooly, J. P. Gomez, E. V. Mavrodiev,  A broad-scale comparison of aerobic activity levels in vertebrates: endotherms versus ectotherms. Proc. Biol. Sci. 284, 20162328 (2017).","Agalychnis callidryas",-4787.35547680534,-1628.02388294841,32.4701150460995,-1.88743442551193,-0.0029329313331031,-5.11599580975408,-4.09768346348762,39.5871292029482,0,"Agalychnis callidryas",293.15,TRUE,-3.55162405743669,-0.546059406050929
"Amphibia","Caudata","Ambystomatidae","Ambystoma","gracile",22,0.022,15,"C","J. F. Gillooly, J. P. Gomez, E. V. Mavrodiev,  A broad-scale comparison of aerobic activity levels in vertebrates: endotherms versus ectotherms. Proc. Biol. Sci. 284, 20162328 (2017).","Ambystoma gracile",-4787.35547680534,-1628.02388294841,32.4701150460995,-1.88743442551193,-0.0029329313331031,-3.81671282562382,-4.4898593394771,40.2740479814134,1,"Ambystoma gracile",288.15,TRUE,-2.85935548325945,-1.63050385621765
"Amphibia","Caudata","Ambystomatidae","Ambystoma","tigrinum",38,0.038,15,"C","J. F. Gillooly, J. P. Gomez, E. V. Mavrodiev,  A broad-scale comparison of aerobic activity levels in vertebrates: endotherms versus ectotherms. Proc. Biol. Sci. 284, 20162328 (2017).","Ambystoma tigrinum",-5161.75961412521,3001.3884308578,9.63443467555201,-0.806028876738105,-0.0021049370118414,-3.27016911925575,-4.17050592318767,40.2740479814134,2,"Ambystoma tigrinum",288.15,TRUE,-2.40827930882007,-1.76222661436759
"Amphibia","Caudata","Amphiumidae","Amphiuma","tridactylum",493,0.493,25,"C","J. F. Gillooly, J. P. Gomez, E. V. Mavrodiev,  A broad-scale comparison of aerobic activity levels in vertebrates: endotherms versus ectotherms. Proc. Biol. Sci. 284, 20162328 (2017).","Amphiuma tridactylum",-4787.35547680534,-1628.02388294841,32.4701150460995,-1.88743442551193,-0.0029329313331031,-0.707246104939447,-1.75703603316967,38.9232497932056,3,"Amphiuma tridactylum",298.15,TRUE,0.454341996422091,-2.21137802959176
"Amphibia","Anura","Bufonidae","Anaxyrus","americanus",30,0.03,20,"C","J. F. Gillooly, J. P. Gomez, E. V. Mavrodiev,  A broad-scale comparison of aerobic activity levels in vertebrates: endotherms versus ectotherms. Proc. Biol. Sci. 284, 20162328 (2017).","Anaxyrus americanus",-4787.35547680534,-1628.02388294841,32.4701150460995,-1.88743442551193,-0.0029329313331031,-3.50655789731998,-1.68470039693465,39.5871292029482,4,"Anaxyrus americanus",293.15,TRUE,-2.22331474186009,0.538614344925446
"Amphibia","Anura","Bufonidae","Anaxyrus","cognatus",40,0.04,20,"C","J. F. Gillooly, J. P. Gomez, E. V. Mavrodiev,  A broad-scale comparison of aerobic activity levels in vertebrates: endotherms versus ectotherms. Proc. Biol. Sci. 284, 20162328 (2017).","Anaxyrus cognatus",-4787.35547680534,-1628.02388294841,32.4701150460995,-1.88743442551193,-0.0029329313331031,-3.2188758248682,-1.35716715146165,39.5871292029482,5,"Anaxyrus cognatus",293.15,TRUE,-1.98588354068741,0.628716389225757
"Amphibia","Anura","Bufonidae","Anaxyrus","woodhousii",71,0.071,20,"C","J. F. Gillooly, J. P. Gomez, E. V. Mavrodiev,  A broad-scale comparison of aerobic activity levels in vertebrates: endotherms versus ectotherms. Proc. Biol. Sci. 284, 20162328 (2017).","Anaxyrus woodhousii",-4787.35547680534,-1628.02388294841,32.4701150460995,-1.88743442551193,-0.0029329313331031,-2.64507540194082,-0.691260073378395,39.5871292029482,6,"Anaxyrus woodhousii",293.15,TRUE,-1.51231171715338,0.821051643774982
"Amphibia","Caudata","Plethodontidae","Bolitoglossa","rostrata",3,0.003,15,"C","J. F. Gillooly, J. P. Gomez, E. V. Mavrodiev,  A broad-scale comparison of aerobic activity levels in vertebrates: endotherms versus ectotherms. Proc. Biol. Sci. 284, 20162328 (2017).","Bolitoglossa rostrata",-4787.35547680534,-1628.02388294841,32.4701150460995,-1.88743442551193,-0.0029329313331031,-5.80914299031403,-6.54003049885685,40.2740479814134,7,"Bolitoglossa rostrata",288.15,TRUE,-4.50375787240857,-2.03627262644828
"Amphibia","Anura","Bombinatoridae","Bombina","orientalis",3,0.003,20,"C","J. F. Gillooly, J. P. Gomez, E. V. Mavrodiev,  A broad-scale comparison of aerobic activity levels in vertebrates: endotherms versus ectotherms. Proc. Biol. Sci. 284, 20162328 (2017).","Bombina orientalis",-4787.35547680534,-1628.02388294841,32.4701150460995,-1.88743442551193,-0.0029329313331031,-5.80914299031403,-4.98594268150589,39.5871292029482,8,"Bombina orientalis",293.15,TRUE,-4.12369574152604,-0.862246939979851
"Amphibia","Anura","Dendrobatidae","Colostethus","inguinalis",2,0.002,20,"C","J. F. Gillooly, J. P. Gomez, E. V. Mavrodiev,  A broad-scale comparison of aerobic activity levels in vertebrates: endotherms versus ectotherms. Proc. Biol. Sci. 284, 20162328 (2017).","Colostethus inguinalis",-4787.35547680534,-1628.02388294841,32.4701150460995,-1.88743442551193,-0.0029329313331031,-6.21460809842219,-5.07073921816597,39.5871292029482,9,"Colostethus inguinalis",293.15,TRUE,-4.45833622444271,-0.612402993723263
"Amphibia","Anura","Dendrobatidae","Dendrobates","auratus",2,0.002,25,"C","J. F. Gillooly, J. P. Gomez, E. V. Mavrodiev,  A broad-scale comparison of aerobic activity levels in vertebrates: endotherms versus ectotherms. Proc. Biol. Sci. 284, 20162328 (2017).","Dendrobates auratus",-4787.35547680534,-1628.02388294841,32.4701150460995,-1.88743442551193,-0.0029329313331031,-6.21460809842219,-4.48000704303409,38.9232497932056,10,"Dendrobates auratus",298.15,TRUE,-4.09102143989198,-0.388985603142106
"Amphibia","Caudata","Plethodontidae","Desmognathus","ochrophaeus",2,0.002,21,"C","J. F. Gillooly, J. P. Gomez, E. V. Mavrodiev,  A broad-scale comparison of aerobic activity levels in vertebrates: endotherms versus ectotherms. Proc. Biol. Sci. 284, 20162328 (2017).","Desmognathus ochrophaeus",-4787.35547680534,-1628.02388294841,32.4701150460995,-1.88743442551193,-0.0029329313331031,-6.21460809842219,-5.94797943516825,39.4525477676161,11,"Desmognathus ochrophaeus",294.15,TRUE,-4.38387428120708,-1.56410515396116
"Amphibia","Anura","Hylidae","Dryophytes","arenicolor",3,0.003,20,"C","J. F. Gillooly, J. P. Gomez, E. V. Mavrodiev,  A broad-scale comparison of aerobic activity levels in vertebrates: endotherms versus ectotherms. Proc. Biol. Sci. 284, 20162328 (2017).","Dryophytes arenicolor",-4787.35547680534,-1628.02388294841,32.4701150460995,-1.88743442551193,-0.0029329313331031,-5.80914299031403,-4.1491527987171,39.5871292029482,12,"Dryophytes arenicolor",293.15,TRUE,-4.12369574152604,-0.0254570571910619
"Amphibia","Anura","Hylidae","Dryophytes","chrysoscelis",5,0.005,20,"C","J. F. Gillooly, J. P. Gomez, E. V. Mavrodiev,  A broad-scale comparison of aerobic activity levels in vertebrates: endotherms versus ectotherms. Proc. Biol. Sci. 284, 20162328 (2017).","Dryophytes chrysoscelis",-4787.35547680534,-1628.02388294841,32.4701150460995,-1.88743442551193,-0.0029329313331031,-5.29831736654804,-3.51026847671652,39.5871292029482,13,"Dryophytes chrysoscelis",293.15,TRUE,-3.70209859295547,0.191830116238945
"Amphibia","Anura","Hylidae","Dryophytes","gratiosus",14,0.014,29,"C","J. F. Gillooly, J. P. Gomez, E. V. Mavrodiev,  A broad-scale comparison of aerobic activity levels in vertebrates: endotherms versus ectotherms. Proc. Biol. Sci. 284, 20162328 (2017).","Dryophytes gratiosus",-4787.35547680534,-1628.02388294841,32.4701150460995,-1.88743442551193,-0.0029329313331031,-4.26869794936688,-2.34514470741284,38.4079659965059,14,"Dryophytes gratiosus",302.15,TRUE,-2.19991418039453,-0.145230527018316
"Amphibia","Anura","Hylidae","Dryophytes","versicolor",9,0.009,19.3,"C","J. F. Gillooly, J. P. Gomez, E. V. Mavrodiev,  A broad-scale comparison of aerobic activity levels in vertebrates: endotherms versus ectotherms. Proc. Biol. Sci. 284, 20162328 (2017).","Dryophytes versicolor",-4787.35547680534,-1628.02388294841,32.4701150460995,-1.88743442551193,-0.0029329313331031,-4.71053070164592,-2.95972183603096,39.6818838291819,15,"Dryophytes versicolor",292.45,TRUE,-3.26940992576615,0.309688089735189
"Amphibia","Anura","Eleutherodactylidae","Eleutherodactylus","coqui",5,0.005,20,"C","J. F. Gillooly, J. P. Gomez, E. V. Mavrodiev,  A broad-scale comparison of aerobic activity levels in vertebrates: endotherms versus ectotherms. Proc. Biol. Sci. 284, 20162328 (2017).","Eleutherodactylus coqui",-4787.35547680534,-1628.02388294841,32.4701150460995,-1.88743442551193,-0.0029329313331031,-5.29831736654804,-4.87087335172111,39.5871292029482,16,"Eleutherodactylus coqui",293.15,TRUE,-3.70209859295547,-1.16877475876564
"Amphibia","Anura","Leptodactylidae","Engystomops","pustulosus",2,0.002,25,"C","J. F. Gillooly, J. P. Gomez, E. V. Mavrodiev,  A broad-scale comparison of aerobic activity levels in vertebrates: endotherms versus ectotherms. Proc. Biol. Sci. 284, 20162328 (2017).","Engystomops pustulosus",-4787.35547680534,-1628.02388294841,32.4701150460995,-1.88743442551193,-0.0029329313331031,-6.21460809842219,-3.98399650505324,38.9232497932056,17,"Engystomops pustulosus",298.15,TRUE,-4.09102143989198,0.107024934838746
"Amphibia","Anura","Bufonidae","Epidalea","calamita",9,0.009,20,"C","J. F. Gillooly, J. P. Gomez, E. V. Mavrodiev,  A broad-scale comparison of aerobic activity levels in vertebrates: endotherms versus ectotherms. Proc. Biol. Sci. 284, 20162328 (2017).","Epidalea calamita",-4787.35547680534,-1628.02388294841,32.4701150460995,-1.88743442551193,-0.0029329313331031,-4.71053070164592,-3.27897974893791,39.5871292029482,18,"Epidalea calamita",293.15,TRUE,-3.21698357452002,-0.0619961744178896
"Amphibia","Caudata","Plethodontidae","Eurycea","longicauda",1,0.001,15,"C","J. F. Gillooly, J. P. Gomez, E. V. Mavrodiev,  A broad-scale comparison of aerobic activity levels in vertebrates: endotherms versus ectotherms. Proc. Biol. Sci. 284, 20162328 (2017).","Eurycea longicauda",-4787.35547680534,-1628.02388294841,32.4701150460995,-1.88743442551193,-0.0029329313331031,-6.90775527898214,-6.46592252670313,40.2740479814134,19,"Eurycea longicauda",288.15,TRUE,-5.41047003941459,-1.05545248728854
"Amphibia","Anura","Microhylidae","Gastrophryne","carolinensis",2,0.002,20,"C","J. F. Gillooly, J. P. Gomez, E. V. Mavrodiev,  A broad-scale comparison of aerobic activity levels in vertebrates: endotherms versus ectotherms. Proc. Biol. Sci. 284, 20162328 (2017).","Gastrophryne carolinensis",-4787.35547680534,-1628.02388294841,32.4701150460995,-1.88743442551193,-0.0029329313331031,-6.21460809842219,-4.75470191995906,39.5871292029482,20,"Gastrophryne carolinensis",293.15,TRUE,-4.45833622444271,-0.296365695516346
"Amphibia","Anura","Hyperoliidae","Hyperolius","viridiflavus",1,0.001,20,"C","J. F. Gillooly, J. P. Gomez, E. V. Mavrodiev,  A broad-scale comparison of aerobic activity levels in vertebrates: endotherms versus ectotherms. Proc. Biol. Sci. 284, 20162328 (2017).","Hyperolius viridiflavus",-4787.35547680534,-1628.02388294841,32.4701150460995,-1.88743442551193,-0.0029329313331031,-6.90775527898214,-5.60847229485189,39.5871292029482,21,"Hyperolius viridiflavus",293.15,TRUE,-5.03040790853206,-0.578064386319832
"Amphibia","Anura","Microhylidae","Kaloula","pulchra",31,0.031,20,"C","J. F. Gillooly, J. P. Gomez, E. V. Mavrodiev,  A broad-scale comparison of aerobic activity levels in vertebrates: endotherms versus ectotherms. Proc. Biol. Sci. 284, 20162328 (2017).","Kaloula pulchra",-4787.35547680534,-1628.02388294841,32.4701150460995,-1.88743442551193,-0.0029329313331031,-3.47376807449699,-2.13096878155915,39.5871292029482,22,"Kaloula pulchra",293.15,TRUE,-2.19625248193979,0.0652837003806326
"Amphibia","Anura","Hylidae","Osteopilus","septentrionalis",16,0.016,21,"C","J. F. Gillooly, J. P. Gomez, E. V. Mavrodiev,  A broad-scale comparison of aerobic activity levels in vertebrates: endotherms versus ectotherms. Proc. Biol. Sci. 284, 20162328 (2017).","Osteopilus septentrionalis",-4787.35547680534,-1628.02388294841,32.4701150460995,-1.88743442551193,-0.0029329313331031,-4.13516655674236,-2.47429647067599,39.4525477676161,24,"Osteopilus septentrionalis",294.15,TRUE,-2.66765922893903,0.193362758263045
"Amphibia","Caudata","Plethodontidae","Plethodon","yonahlossee",5,0.005,22,"C","J. F. Gillooly, J. P. Gomez, E. V. Mavrodiev,  A broad-scale comparison of aerobic activity levels in vertebrates: endotherms versus ectotherms. Proc. Biol. Sci. 284, 20162328 (2017).","Plethodon yonahlossee",-4787.35547680534,-1628.02388294841,32.4701150460995,-1.88743442551193,-0.0029329313331031,-5.29831736654804,-5.46739369659198,39.3188782850898,25,"Plethodon yonahlossee",295.15,TRUE,-3.5536792766569,-1.91371441993507
"Amphibia","Anura","Hylidae","Pseudacris","crucifer",1,0.001,21,"C","J. F. Gillooly, J. P. Gomez, E. V. Mavrodiev,  A broad-scale comparison of aerobic activity levels in vertebrates: endotherms versus ectotherms. Proc. Biol. Sci. 284, 20162328 (2017).","Pseudacris crucifer",-4787.35547680534,-1628.02388294841,32.4701150460995,-1.88743442551193,-0.0029329313331031,-6.90775527898214,-5.18300652003704,39.4525477676161,26,"Pseudacris crucifer",294.15,TRUE,-4.95594596529644,-0.227060554740608
"Amphibia","Anura","Hylidae","Pseudacris","crucifer",1,0.001,20,"C","J. F. Gillooly, J. P. Gomez, E. V. Mavrodiev,  A broad-scale comparison of aerobic activity levels in vertebrates: endotherms versus ectotherms. Proc. Biol. Sci. 284, 20162328 (2017).","Pseudacris crucifer",-4787.35547680534,-1628.02388294841,32.4701150460995,-1.88743442551193,-0.0029329313331031,-6.90775527898214,-4.88547215114226,39.5871292029482,27,"Pseudacris crucifer",293.15,TRUE,-5.03040790853206,0.144935757389805
"Amphibia","Caudata","Plethodontidae","Pseudoeurycea","gadovii",2,0.002,15,"C","J. F. Gillooly, J. P. Gomez, E. V. Mavrodiev,  A broad-scale comparison of aerobic activity levels in vertebrates: endotherms versus ectotherms. Proc. Biol. Sci. 284, 20162328 (2017).","Pseudoeurycea gadovii",-4787.35547680534,-1628.02388294841,32.4701150460995,-1.88743442551193,-0.0029329313331031,-6.21460809842219,-6.57925121201017,40.2740479814134,28,"Pseudoeurycea gadovii",288.15,TRUE,-4.83839835532524,-1.74085285668493
"Amphibia","Anura","Hylidae","Acris","crepitans",1.59,0.00159,15,"C","A. M. Makarieva et al., Mean mass-specific metabolic rates are strikingly similar across life's major domains: Evidence for life's metabolic optimum. Proc. Natl. Acad. Sci. U.S.A. 105, 16994-16999 (2008).","Acris crepitans",-4787.35547680534,-1628.02388294841,32.4701150460995,-1.88743442551193,-0.0029329313331031,-6.44402126275,-8.23378272931538,40.2740479814134,29,"Acris crepitans",288.15,TRUE,-5.02773877096864,-3.20604395834674
"Amphibia","Anura","Phyllomedusidae","Agalychnis","callidryas",5.65,0.00565,20,"C","A. M. Makarieva et al., Mean mass-specific metabolic rates are strikingly similar across life's major domains: Evidence for life's metabolic optimum. Proc. Natl. Acad. Sci. U.S.A. 105, 16994-16999 (2008).","Agalychnis callidryas",-4787.35547680534,-1628.02388294841,32.4701150460995,-1.88743442551193,-0.0029329313331031,-5.17609973382379,-6.28173663742886,39.5871292029482,30,"Agalychnis callidryas",293.15,TRUE,-3.60122932746773,-2.68050730996113
"Amphibia","Caudata","Ambystomatidae","Ambystoma","gracile",30.39,0.03039,15,"C","A. M. Makarieva et al., Mean mass-specific metabolic rates are strikingly similar across life's major domains: Evidence for life's metabolic optimum. Proc. Natl. Acad. Sci. U.S.A. 105, 16994-16999 (2008).","Ambystoma gracile",-4787.35547680534,-1628.02388294841,32.4701150460995,-1.88743442551193,-0.0029329313331031,-3.49364167205344,-5.64780675992921,40.2740479814134,31,"Ambystoma gracile",288.15,TRUE,-2.59271678936128,-3.05508997056793
"Amphibia","Caudata","Ambystomatidae","Ambystoma","maculatum",15.83,0.01583,15,"C","A. M. Makarieva et al., Mean mass-specific metabolic rates are strikingly similar across life's major domains: Evidence for life's metabolic optimum. Proc. Natl. Acad. Sci. U.S.A. 105, 16994-16999 (2008).","Ambystoma maculatum",-5161.75961412521,3001.3884308578,9.63443467555201,-0.806028876738105,-0.0021049370118414,-4.14584840508922,-6.20941659761276,40.2740479814134,32,"Ambystoma maculatum",288.15,TRUE,-3.13099929934824,-3.07841729826452
"Amphibia","Caudata","Ambystomatidae","Ambystoma","opacum",4.65,0.00465,14,"C","A. M. Makarieva et al., Mean mass-specific metabolic rates are strikingly similar across life's major domains: Evidence for life's metabolic optimum. Proc. Natl. Acad. Sci. U.S.A. 105, 16994-16999 (2008).","Ambystoma opacum",-5161.75961412521,3001.3884308578,9.63443467555201,-0.806028876738105,-0.0021049370118414,-5.37088805938287,-7.64391435013537,40.4143023710404,33,"Ambystoma opacum",287.15,TRUE,-4.21965583559159,-3.42425851454379
"Amphibia","Caudata","Ambystomatidae","Ambystoma","talpoideum",7,0.007,15,"C","A. M. Makarieva et al., Mean mass-specific metabolic rates are strikingly similar across life's major domains: Evidence for life's metabolic optimum. Proc. Natl. Acad. Sci. U.S.A. 105, 16994-16999 (2008).","Ambystoma talpoideum",-5162.05557484667,3005.09601071209,9.61542655157513,-0.804981421919304,-0.002097049647273,-4.96184512992682,-5.77377584647674,40.2740479814134,34,"Ambystoma talpoideum",288.15,TRUE,-3.80446178131657,-1.96931406516017
"Amphibia","Caudata","Ambystomatidae","Ambystoma","tigrinum",10.78,0.01078,15,"C","A. M. Makarieva et al., Mean mass-specific metabolic rates are strikingly similar across life's major domains: Evidence for life's metabolic optimum. Proc. Natl. Acad. Sci. U.S.A. 105, 16994-16999 (2008).","Ambystoma tigrinum",-5161.75961412521,3001.3884308578,9.63443467555201,-0.806028876738105,-0.0021049370118414,-4.53006271350129,-7.17513811544224,40.2740479814134,35,"Ambystoma tigrinum",288.15,TRUE,-3.44810096639529,-3.72703714904695
"Amphibia","Caudata","Amphiumidae","Amphiuma","tridactylum",652,0.652,15,"C","A. M. Makarieva et al., Mean mass-specific metabolic rates are strikingly similar across life's major domains: Evidence for life's metabolic optimum. Proc. Natl. Acad. Sci. U.S.A. 105, 16994-16999 (2008).","Amphiuma tridactylum",-4787.35547680534,-1628.02388294841,32.4701150460995,-1.88743442551193,-0.0029329313331031,-0.427710717055484,-4.2909435583142,40.2740479814134,36,"Amphiuma tridactylum",288.15,TRUE,-0.0623273801300783,-4.22861617818412
"Amphibia","Anura","Bufonidae","Anaxyrus","americanus",50,0.05,20,"C","A. M. Makarieva et al., Mean mass-specific metabolic rates are strikingly similar across life's major domains: Evidence for life's metabolic optimum. Proc. Natl. Acad. Sci. U.S.A. 105, 16994-16999 (2008).","Anaxyrus americanus",-4787.35547680534,-1628.02388294841,32.4701150460995,-1.88743442551193,-0.0029329313331031,-2.99573227355399,-4.8665349501225,39.5871292029482,37,"Anaxyrus americanus",293.15,TRUE,-1.80171759328952,-3.06481735683298
"Amphibia","Anura","Bufonidae","Anaxyrus","cognatus",40.2,0.0402,25,"C","A. M. Makarieva et al., Mean mass-specific metabolic rates are strikingly similar across life's major domains: Evidence for life's metabolic optimum. Proc. Natl. Acad. Sci. U.S.A. 105, 16994-16999 (2008).","Anaxyrus cognatus",-4787.35547680534,-1628.02388294841,32.4701150460995,-1.88743442551193,-0.0029329313331031,-3.21388828335716,-4.1079284062965,38.9232497932056,38,"Anaxyrus cognatus",298.15,TRUE,-1.61445241353051,-2.49347599276598
"Amphibia","Anura","Bufonidae","Anaxyrus","woodhousii",56.2999999999999,0.0562999999999999,25,"C","A. M. Makarieva et al., Mean mass-specific metabolic rates are strikingly similar across life's major domains: Evidence for life's metabolic optimum. Proc. Natl. Acad. Sci. U.S.A. 105, 16994-16999 (2008).","Anaxyrus woodhousii",-4787.35547680534,-1628.02388294841,32.4701150460995,-1.88743442551193,-0.0029329313331031,-2.87706074383649,-4.38665332130088,38.9232497932056,39,"Anaxyrus woodhousii",298.15,TRUE,-1.3364602306501,-3.05019309065077
"Amphibia","Caudata","Plethodontidae","Aquiloeurycea","cephalica",1.45,0.00145,15,"C","A. M. Makarieva et al., Mean mass-specific metabolic rates are strikingly similar across life's major domains: Evidence for life's metabolic optimum. Proc. Natl. Acad. Sci. U.S.A. 105, 16994-16999 (2008).","Aquiloeurycea cephalica",-4787.35547680534,-1628.02388294841,32.4701150460995,-1.88743442551193,-0.0029329313331031,-6.53619172254965,-8.53129211579574,40.2740479814134,40,"Aquiloeurycea cephalica",288.15,TRUE,-5.10380935401319,-3.42748276178255
"Amphibia","Anura","Bombinatoridae","Bombina","orientalis",2.6,0.0026,20,"C","A. M. Makarieva et al., Mean mass-specific metabolic rates are strikingly similar across life's major domains: Evidence for life's metabolic optimum. Proc. Natl. Acad. Sci. U.S.A. 105, 16994-16999 (2008).","Bombina orientalis",-4787.35547680534,-1628.02388294841,32.4701150460995,-1.88743442551193,-0.0029329313331031,-5.9522438339547,-7.12020620075773,39.5871292029482,41,"Bombina orientalis",293.15,TRUE,-4.24180044268055,-2.87840575807717
"Amphibia","Anura","Dendrobatidae","Colostethus","inguinalis",1.57,0.00157,20,"C","A. M. Makarieva et al., Mean mass-specific metabolic rates are strikingly similar across life's major domains: Evidence for life's metabolic optimum. Proc. Natl. Acad. Sci. U.S.A. 105, 16994-16999 (2008).","Colostethus inguinalis",-4787.35547680534,-1628.02388294841,32.4701150460995,-1.88743442551193,-0.0029329313331031,-6.45667965962192,-7.18441828495148,39.5871292029482,42,"Colostethus inguinalis",293.15,TRUE,-4.65812393125239,-2.52629435369909
"Amphibia","Anura","Myobatrachidae","Crinia","parinsignifera",251,0.251,30,"C","A. M. Makarieva et al., Mean mass-specific metabolic rates are strikingly similar across life's major domains: Evidence for life's metabolic optimum. Proc. Natl. Acad. Sci. U.S.A. 105, 16994-16999 (2008).","Crinia parinsignifera",-4787.35547680534,-1628.02388294841,32.4701150460995,-1.88743442551193,-0.0029329313331031,-1.38230233985035,-2.25697139703369,38.2812697537333,43,"Crinia parinsignifera",303.15,TRUE,0.252399404437185,-2.50937080147087
"Amphibia","Anura","Dendrobatidae","Dendrobates","auratus",11,0.011,25,"C","A. M. Makarieva et al., Mean mass-specific metabolic rates are strikingly similar across life's major domains: Evidence for life's metabolic optimum. Proc. Natl. Acad. Sci. U.S.A. 105, 16994-16999 (2008).","Dendrobates auratus",-4787.35547680534,-1628.02388294841,32.4701150460995,-1.88743442551193,-0.0029329313331031,-4.50986000618377,-5.72052179866053,38.9232497932056,44,"Dendrobates auratus",298.15,TRUE,-2.68405025191554,-3.03647154674499
"Amphibia","Caudata","Plethodontidae","Desmognathus","monticola",2.09,0.00209,20,"C","A. M. Makarieva et al., Mean mass-specific metabolic rates are strikingly similar across life's major domains: Evidence for life's metabolic optimum. Proc. Natl. Acad. Sci. U.S.A. 105, 16994-16999 (2008).","Desmognathus monticola",-4787.35547680534,-1628.02388294841,32.4701150460995,-1.88743442551193,-0.0029329313331031,-6.17059121300542,-7.60607581831628,39.5871292029482,45,"Desmognathus monticola",293.15,TRUE,-4.422007989293,-3.18406782902328
"Amphibia","Caudata","Ambystomatidae","Dicamptodon","ensatus",23.41,0.02341,15,"C","A. M. Makarieva et al., Mean mass-specific metabolic rates are strikingly similar across life's major domains: Evidence for life's metabolic optimum. Proc. Natl. Acad. Sci. U.S.A. 105, 16994-16999 (2008).","Dicamptodon ensatus",-5162.89832173827,3015.65332852805,9.56130099965396,-0.801998798795783,-0.0020745904098175,-3.75459199747932,-6.99878563033181,40.2740479814134,46,"Dicamptodon ensatus",288.15,TRUE,-2.80808561190984,-4.19070001842197
"Amphibia","Anura","Hylidae","Dryophytes","arenicolor",7.78,0.00778,20,"C","A. M. Makarieva et al., Mean mass-specific metabolic rates are strikingly similar across life's major domains: Evidence for life's metabolic optimum. Proc. Natl. Acad. Sci. U.S.A. 105, 16994-16999 (2008).","Dryophytes arenicolor",-4787.35547680534,-1628.02388294841,32.4701150460995,-1.88743442551193,-0.0029329313331031,-4.85619894079184,-4.29944438513745,39.5871292029482,47,"Dryophytes arenicolor",293.15,TRUE,-3.33720721132283,-0.962237173814612
"Amphibia","Anura","Hylidae","Dryophytes","chrysoscelis",3.37,0.00337,10,"C","A. M. Makarieva et al., Mean mass-specific metabolic rates are strikingly similar across life's major domains: Evidence for life's metabolic optimum. Proc. Natl. Acad. Sci. U.S.A. 105, 16994-16999 (2008).","Dryophytes chrysoscelis",-4787.35547680534,-1628.02388294841,32.4701150460995,-1.88743442551193,-0.0029329313331031,-5.69284253461787,-6.39604005103131,40.9852266496354,48,"Dryophytes chrysoscelis",283.15,TRUE,-4.80125697462562,-1.5947830764057
"Amphibia","Anura","Hylidae","Dryophytes","gratiosus",1.15,0.00115,29,"C","A. M. Makarieva et al., Mean mass-specific metabolic rates are strikingly similar across life's major domains: Evidence for life's metabolic optimum. Proc. Natl. Acad. Sci. U.S.A. 105, 16994-16999 (2008).","Dryophytes gratiosus",-4787.35547680534,-1628.02388294841,32.4701150460995,-1.88743442551193,-0.0029329313331031,-6.76799333660698,-7.26065165641752,38.4079659965059,49,"Dryophytes gratiosus",302.15,TRUE,-4.26264510005314,-2.99800655636438
"Amphibia","Anura","Hylidae","Dryophytes","versicolor",2.2,0.0022,19,"C","A. M. Makarieva et al., Mean mass-specific metabolic rates are strikingly similar across life's major domains: Evidence for life's metabolic optimum. Proc. Natl. Acad. Sci. U.S.A. 105, 16994-16999 (2008).","Dryophytes versicolor",-4787.35547680534,-1628.02388294841,32.4701150460995,-1.88743442551193,-0.0029329313331031,-6.11929791861787,-6.20594572534354,39.7226319556538,50,"Dryophytes versicolor",292.15,TRUE,-4.4546460467297,-1.75129967861384
"Amphibia","Anura","Eleutherodactylidae","Eleutherodactylus","coqui",30.6999999999999,0.0306999999999999,20,"C","A. M. Makarieva et al., Mean mass-specific metabolic rates are strikingly similar across life's major domains: Evidence for life's metabolic optimum. Proc. Natl. Acad. Sci. U.S.A. 105, 16994-16999 (2008).","Eleutherodactylus coqui",-4787.35547680534,-1628.02388294841,32.4701150460995,-1.88743442551193,-0.0029329313331031,-3.48349262438899,-5.06337173458156,39.5871292029482,51,"Eleutherodactylus coqui",293.15,TRUE,-2.20427839590114,-2.85909333868042
"Amphibia","Anura","Eleutherodactylidae","Eleutherodactylus","portoricensis",4.0599999999999,0.0040599999999999,15,"C","A. M. Makarieva et al., Mean mass-specific metabolic rates are strikingly similar across life's major domains: Evidence for life's metabolic optimum. Proc. Natl. Acad. Sci. U.S.A. 105, 16994-16999 (2008).","Eleutherodactylus portoricensis",-4787.35547680534,-1628.02388294841,32.4701150460995,-1.88743442551193,-0.0029329313331031,-5.50657230536852,-6.9806055807965,40.2740479814134,52,"Eleutherodactylus portoricensis",288.15,TRUE,-4.25403872740243,-2.72656685339407
"Amphibia","Anura","Leptodactylidae","Engystomops","pustulosus",2.9,0.0029,25,"C","A. M. Makarieva et al., Mean mass-specific metabolic rates are strikingly similar across life's major domains: Evidence for life's metabolic optimum. Proc. Natl. Acad. Sci. U.S.A. 105, 16994-16999 (2008).","Engystomops pustulosus",-4787.35547680534,-1628.02388294841,32.4701150460995,-1.88743442551193,-0.0029329313331031,-5.84304454198971,-6.27382745808216,38.9232497932056,53,"Engystomops pustulosus",298.15,TRUE,-3.78436075449059,-2.48946670359158
"Amphibia","Anura","Bufonidae","Epidalea","calamita",8.7,0.0087,20,"C","A. M. Makarieva et al., Mean mass-specific metabolic rates are strikingly similar across life's major domains: Evidence for life's metabolic optimum. Proc. Natl. Acad. Sci. U.S.A. 105, 16994-16999 (2008).","Epidalea calamita",-4787.35547680534,-1628.02388294841,32.4701150460995,-1.88743442551193,-0.0029329313331031,-4.7444322533216,-5.87763598675933,39.5871292029482,54,"Epidalea calamita",293.15,TRUE,-3.24496337203529,-2.63267261472404
"Amphibia","Caudata","Plethodontidae","Eurycea","bislineata",5.3,0.0053,5,"C","A. M. Makarieva et al., Mean mass-specific metabolic rates are strikingly similar across life's major domains: Evidence for life's metabolic optimum. Proc. Natl. Acad. Sci. U.S.A. 105, 16994-16999 (2008).","Eurycea bislineata",-4787.35547680534,-1628.02388294841,32.4701150460995,-1.88743442551193,-0.0029329313331031,-5.24004845842406,-6.22354793999167,41.7219734885647,55,"Eurycea bislineata",278.15,TRUE,-4.83518598122235,-1.38836195876932
"Amphibia","Caudata","Plethodontidae","Eurycea","longicauda",1.14,0.00114,15,"C","A. M. Makarieva et al., Mean mass-specific metabolic rates are strikingly similar across life's major domains: Evidence for life's metabolic optimum. Proc. Natl. Acad. Sci. U.S.A. 105, 16994-16999 (2008).","Eurycea longicauda",-4787.35547680534,-1628.02388294841,32.4701150460995,-1.88743442551193,-0.0029329313331031,-6.77672701657573,-9.34067687370419,40.2740479814134,56,"Eurycea longicauda",288.15,TRUE,-5.30232914114594,-4.03834773255824
"Amphibia","Caudata","Plethodontidae","Eurycea","nana",0.7099999999999,0.0007099999999999,25,"C","A. M. Makarieva et al., Mean mass-specific metabolic rates are strikingly similar across life's major domains: Evidence for life's metabolic optimum. Proc. Natl. Acad. Sci. U.S.A. 105, 16994-16999 (2008).","Eurycea nana",-4787.35547680534,-1628.02388294841,32.4701150460995,-1.88743442551193,-0.0029329313331031,-7.25024558792905,-9.36221032131431,38.9232497932056,57,"Eurycea nana",298.15,TRUE,-4.94575893193466,-4.41645138937965
"Amphibia","Caudata","Plethodontidae","Eurycea","neotenes",0.154,0.000154,25,"C","A. M. Makarieva et al., Mean mass-specific metabolic rates are strikingly similar across life's major domains: Evidence for life's metabolic optimum. Proc. Natl. Acad. Sci. U.S.A. 105, 16994-16999 (2008).","Eurycea neotenes",-4787.35547680534,-1628.02388294841,32.4701150460995,-1.88743442551193,-0.0029329313331031,-8.77855795555064,-9.52089538030136,38.9232497932056,58,"Eurycea neotenes",298.15,TRUE,-6.207113308726,-3.31378207157536
"Amphibia","Anura","Microhylidae","Gastrophryne","carolinensis",3.5,0.0035,15,"C","A. M. Makarieva et al., Mean mass-specific metabolic rates are strikingly similar across life's major domains: Evidence for life's metabolic optimum. Proc. Natl. Acad. Sci. U.S.A. 105, 16994-16999 (2008).","Gastrophryne carolinensis",-4787.35547680534,-1628.02388294841,32.4701150460995,-1.88743442551193,-0.0029329313331031,-5.65499231048677,-6.65738574141434,40.2740479814134,59,"Gastrophryne carolinensis",288.15,TRUE,-4.37653346540592,-2.28085227600842
"Amphibia","Anura","Hylidae","Hyla","arborea",3.23,0.00323,18.5,"C","A. M. Makarieva et al., Mean mass-specific metabolic rates are strikingly similar across life's major domains: Evidence for life's metabolic optimum. Proc. Natl. Acad. Sci. U.S.A. 105, 16994-16999 (2008).","Hyla arborea",-4787.35547680534,-1628.02388294841,32.4701150460995,-1.88743442551193,-0.0029329313331031,-5.73527314174757,-7.28173625502028,39.7907317875682,60,"Hyla arborea",291.65,TRUE,-4.17537944751696,-3.10635680750332
"Amphibia","Anura","Hyperoliidae","Hyperolius","viridiflavus",1,0.001,20,"C","A. M. Makarieva et al., Mean mass-specific metabolic rates are strikingly similar across life's major domains: Evidence for life's metabolic optimum. Proc. Natl. Acad. Sci. U.S.A. 105, 16994-16999 (2008).","Hyperolius viridiflavus",-4787.35547680534,-1628.02388294841,32.4701150460995,-1.88743442551193,-0.0029329313331031,-6.90775527898214,-7.88326537051626,39.5871292029482,62,"Hyperolius viridiflavus",293.15,TRUE,-5.03040790853206,-2.8528574619842
"Amphibia","Anura","Microhylidae","Kaloula","pulchra",0.9,9e-04,20,"C","A. M. Makarieva et al., Mean mass-specific metabolic rates are strikingly similar across life's major domains: Evidence for life's metabolic optimum. Proc. Natl. Acad. Sci. U.S.A. 105, 16994-16999 (2008).","Kaloula pulchra",-4787.35547680534,-1628.02388294841,32.4701150460995,-1.88743442551193,-0.0029329313331031,-7.01311579463996,-7.66320348573946,39.5871292029482,63,"Kaloula pulchra",293.15,TRUE,-5.11736457418596,-2.5458389115535
"Amphibia","Anura","Ceratophryidae","Lepidobatrachus","llanensis",6.25,0.00625,25,"C","A. M. Makarieva et al., Mean mass-specific metabolic rates are strikingly similar across life's major domains: Evidence for life's metabolic optimum. Proc. Natl. Acad. Sci. U.S.A. 105, 16994-16999 (2008).","Lepidobatrachus llanensis",-4787.35547680534,-1628.02388294841,32.4701150460995,-1.88743442551193,-0.0029329313331031,-5.07517381523383,-6.33748219657273,38.9232497932056,64,"Lepidobatrachus llanensis",298.15,TRUE,-3.15061786100685,-3.18686433556588
"Amphibia","Anura","Dicroglossidae","Occidozyga","martensii",9.3,0.0093,35,"C","A. M. Makarieva et al., Mean mass-specific metabolic rates are strikingly similar across life's major domains: Evidence for life's metabolic optimum. Proc. Natl. Acad. Sci. U.S.A. 105, 16994-16999 (2008).","Occidozyga martensii",-4787.35547680534,-1628.02388294841,32.4701150460995,-1.88743442551193,-0.0029329313331031,-4.67774087882293,-5.11779743170071,37.6601230759184,66,"Occidozyga martensii",308.15,TRUE,-2.12373695944346,-2.99406047225725
"Amphibia","Anura","Hylidae","Osteopilus","septentrionalis",5,0.005,20,"C","A. M. Makarieva et al., Mean mass-specific metabolic rates are strikingly similar across life's major domains: Evidence for life's metabolic optimum. Proc. Natl. Acad. Sci. U.S.A. 105, 16994-16999 (2008).","Osteopilus septentrionalis",-4787.35547680534,-1628.02388294841,32.4701150460995,-1.88743442551193,-0.0029329313331031,-5.29831736654804,-6.3007107974756,39.5871292029482,67,"Osteopilus septentrionalis",293.15,TRUE,-3.70209859295547,-2.59861220452014
"Amphibia","Anura","Hylidae","Pseudacris","crucifer",9.9,0.0099,20,"C","A. M. Makarieva et al., Mean mass-specific metabolic rates are strikingly similar across life's major domains: Evidence for life's metabolic optimum. Proc. Natl. Acad. Sci. U.S.A. 105, 16994-16999 (2008).","Pseudacris crucifer",-4787.35547680534,-1628.02388294841,32.4701150460995,-1.88743442551193,-0.0029329313331031,-4.61522052184159,-5.05527707471938,39.5871292029482,68,"Pseudacris crucifer",293.15,TRUE,-3.13832170212017,-1.9169553725992
"Amphibia","Anura","Hylidae","Pseudacris","nigrita",1,0.001,25,"C","A. M. Makarieva et al., Mean mass-specific metabolic rates are strikingly similar across life's major domains: Evidence for life's metabolic optimum. Proc. Natl. Acad. Sci. U.S.A. 105, 16994-16999 (2008).","Pseudacris nigrita",-4787.35547680534,-1628.02388294841,32.4701150460995,-1.88743442551193,-0.0029329313331031,-6.90775527898214,-7.01311579463996,38.9232497932056,69,"Pseudacris nigrita",298.15,TRUE,-4.66309312398133,-2.35002267065863
"Amphibia","Anura","Hylidae","Pseudacris","triseriata",0.94,0.00094,5,"C","A. M. Makarieva et al., Mean mass-specific metabolic rates are strikingly similar across life's major domains: Evidence for life's metabolic optimum. Proc. Natl. Acad. Sci. U.S.A. 105, 16994-16999 (2008).","Pseudacris triseriata",-4787.35547680534,-1628.02388294841,32.4701150460995,-1.88743442551193,-0.0029329313331031,-6.96963068270022,-9.45854535388576,41.7219734885647,70,"Pseudacris triseriata",278.15,TRUE,-6.26265339876759,-3.19589195511817
"Amphibia","Caudata","Plethodontidae","Pseudoeurycea","cochranae",2.2299999999999,0.0022299999999999,15,"C","A. M. Makarieva et al., Mean mass-specific metabolic rates are strikingly similar across life's major domains: Evidence for life's metabolic optimum. Proc. Natl. Acad. Sci. U.S.A. 105, 16994-16999 (2008).","Pseudoeurycea cochranae",-4787.35547680534,-1628.02388294841,32.4701150460995,-1.88743442551193,-0.0029329313331031,-6.10575369351015,-8.27731052409775,40.2740479814134,71,"Pseudoeurycea cochranae",288.15,TRUE,-4.74855809558665,-3.5287524285111
"Amphibia","Caudata","Plethodontidae","Pseudoeurycea","gadovii",2.8799999999999,0.0028799999999999,15,"C","A. M. Makarieva et al., Mean mass-specific metabolic rates are strikingly similar across life's major domains: Evidence for life's metabolic optimum. Proc. Natl. Acad. Sci. U.S.A. 105, 16994-16999 (2008).","Pseudoeurycea gadovii",-4787.35547680534,-1628.02388294841,32.4701150460995,-1.88743442551193,-0.0029329313331031,-5.84996498483432,-7.65785383599222,40.2740479814134,72,"Pseudoeurycea gadovii",288.15,TRUE,-4.53744928428771,-3.12040455170451
"Amphibia","Caudata","Plethodontidae","Pseudoeurycea","leprosa",2.46,0.00246,15,"C","A. M. Makarieva et al., Mean mass-specific metabolic rates are strikingly similar across life's major domains: Evidence for life's metabolic optimum. Proc. Natl. Acad. Sci. U.S.A. 105, 16994-16999 (2008).","Pseudoeurycea leprosa",-4787.35547680534,-1628.02388294841,32.4701150460995,-1.88743442551193,-0.0029329313331031,-6.00759392903787,-8.07906730106852,40.2740479814134,73,"Pseudoeurycea leprosa",288.15,TRUE,-4.66754438977296,-3.41152291129557
"Amphibia","Anura","Dendrobatidae","Silverstoneia","nubicola",0.27,0.00027,25,"C","A. M. Makarieva et al., Mean mass-specific metabolic rates are strikingly similar across life's major domains: Evidence for life's metabolic optimum. Proc. Natl. Acad. Sci. U.S.A. 105, 16994-16999 (2008).","Silverstoneia nubicola",-4787.35547680534,-1628.02388294841,32.4701150460995,-1.88743442551193,-0.0029329313331031,-8.2170885989659,-8.32802015967318,38.9232497932056,75,"Silverstoneia nubicola",298.15,TRUE,-5.74371862229516,-2.58430153737802
"Amphibia","Caudata","Sirenidae","Siren","lacertina",269,0.269,25,"C","A. M. Makarieva et al., Mean mass-specific metabolic rates are strikingly similar across life's major domains: Evidence for life's metabolic optimum. Proc. Natl. Acad. Sci. U.S.A. 105, 16994-16999 (2008).","Siren lacertina",-5181.03538635315,3241.31265793238,8.42725404240398,-0.744012986878159,-0.0018260277853788,-1.3130438993803,-4.0776644519709,38.9232497932056,76,"Siren lacertina",298.15,TRUE,-0.0456380571697466,-4.03202639480116
"Amphibia","Caudata","Salamandridae","Taricha","granulosa",6.56,0.00656,15,"C","A. M. Makarieva et al., Mean mass-specific metabolic rates are strikingly similar across life's major domains: Evidence for life's metabolic optimum. Proc. Natl. Acad. Sci. U.S.A. 105, 16994-16999 (2008).","Taricha granulosa",-4787.35547680534,-1628.02388294841,32.4701150460995,-1.88743442551193,-0.0029329313331031,-5.02676467602614,-7.02186506927222,40.2740479814134,77,"Taricha granulosa",288.15,TRUE,-3.85804150451092,-3.1638235647613
"Amphibia","Caudata","Salamandridae","Triturus","cristatus",7,0.007,10,"C","A. M. Makarieva et al., Mean mass-specific metabolic rates are strikingly similar across life's major domains: Evidence for life's metabolic optimum. Proc. Natl. Acad. Sci. U.S.A. 105, 16994-16999 (2008).","Triturus cristatus",-4787.35547680534,-1628.02388294841,32.4701150460995,-1.88743442551193,-0.0029329313331031,-4.96184512992682,-6.14601530695658,40.9852266496354,78,"Triturus cristatus",283.15,TRUE,-4.19794655499911,-1.94806875195747
"Cephalopoda","Octopoda","Octopodidae","Octopus","maya",45.1,0.0451,5,"C","A. M. Makarieva et al., Mean mass-specific metabolic rates are strikingly similar across life's major domains: Evidence for life's metabolic optimum. Proc. Natl. Acad. Sci. U.S.A. 105, 16994-16999 (2008).","Octopus maya",-4787.35547680534,-1628.02388294841,32.4701150460995,-1.88743442551193,-0.0029329313331031,-3.0988730324735,-4.28664445746143,41.7219734885647,80,"Octopus maya",278.15,TRUE,-3.06802041205022,-1.21862404541121
"Cephalopoda","Octopoda","Octopodidae","Octopus","rubescens",0.096,9.6e-05,5,"C","A. M. Makarieva et al., Mean mass-specific metabolic rates are strikingly similar across life's major domains: Evidence for life's metabolic optimum. Proc. Natl. Acad. Sci. U.S.A. 105, 16994-16999 (2008).","Octopus rubescens",-4787.35547680534,-1628.02388294841,32.4701150460995,-1.88743442551193,-0.0029329313331031,-9.25116236649644,-9.33356619275125,41.7219734885647,81,"Octopus rubescens",278.15,TRUE,-8.14565849387327,-1.18790769887798
"Cephalopoda","Octopoda","Octopodidae","Octopus","vulgaris",2160,2.16,5,"C","A. M. Makarieva et al., Mean mass-specific metabolic rates are strikingly similar across life's major domains: Evidence for life's metabolic optimum. Proc. Natl. Acad. Sci. U.S.A. 105, 16994-16999 (2008).","Octopus vulgaris",-4787.35547680534,-1628.02388294841,32.4701150460995,-1.88743442551193,-0.0029329313331031,0.770108221696074,-2.28113676178818,41.7219734885647,82,"Octopus vulgaris",278.15,TRUE,0.125146470623854,-2.40628323241203
"Cephalopoda","Teuthida","Ommastrephidae","Sthenoteuthis","oualaniensis",750,0.75,5,"C","A. M. Makarieva et al., Mean mass-specific metabolic rates are strikingly similar across life's major domains: Evidence for life's metabolic optimum. Proc. Natl. Acad. Sci. U.S.A. 105, 16994-16999 (2008).","Sthenoteuthis oualaniensis",-4787.35547680534,-1628.02388294841,32.4701150460995,-1.88743442551193,-0.0029329313331031,-0.287682072451781,-1.49198826567895,41.7219734885647,83,"Sthenoteuthis oualaniensis",278.15,TRUE,-0.747874284503062,-0.744113981175893
"Cephalopoda","Teuthida","Ommastrephidae","Sthenoteuthis","pteropus",1300,1.3,5,"C","A. M. Makarieva et al., Mean mass-specific metabolic rates are strikingly similar across life's major domains: Evidence for life's metabolic optimum. Proc. Natl. Acad. Sci. U.S.A. 105, 16994-16999 (2008).","Sthenoteuthis pteropus",-4787.35547680534,-1628.02388294841,32.4701150460995,-1.88743442551193,-0.0029329313331031,0.262364264467491,-0.756790102865903,41.7219734885647,84,"Sthenoteuthis pteropus",278.15,TRUE,-0.293907301568225,-0.462882801297678
"Maxillopoda","Calanoida","Calanidae","Calanus","finmarchicus",0.00094,9.4e-07,7.5,"C","A. M. Makarieva et al., Mean mass-specific metabolic rates are strikingly similar across life's major domains: Evidence for life's metabolic optimum. Proc. Natl. Acad. Sci. U.S.A. 105, 16994-16999 (2008).","Calanus finmarchicus",-4787.35547680534,-1628.02388294841,32.4701150460995,-1.88743442551193,-0.0029329313331031,-13.8773859616824,-13.8191170535584,41.3503186383191,85,"Calanus finmarchicus",280.65,TRUE,-11.7581651954088,-2.0609518581496
"Maxillopoda","Calanoida","Calanidae","Calanus","finmarchicus",0.0015,1.5e-06,0.1,"C","A. M. Makarieva et al., Mean mass-specific metabolic rates are strikingly similar across life's major domains: Evidence for life's metabolic optimum. Proc. Natl. Acad. Sci. U.S.A. 105, 16994-16999 (2008).","Calanus finmarchicus",-4787.35547680534,-1628.02388294841,32.4701150460995,-1.88743442551193,-0.0029329313331031,-13.4100454498561,-13.1869018985419,42.4701442848829,86,"Calanus finmarchicus",273.25,TRUE,-11.9920405764702,-1.19486132207168
"Maxillopoda","Calanoida","Calanidae","Calanus","finmarchicus",0.0017,1.7e-06,8,"C","A. M. Makarieva et al., Mean mass-specific metabolic rates are strikingly similar across life's major domains: Evidence for life's metabolic optimum. Proc. Natl. Acad. Sci. U.S.A. 105, 16994-16999 (2008).","Calanus finmarchicus",-4787.35547680534,-1628.02388294841,32.4701150460995,-1.88743442551193,-0.0029329313331031,-13.2848823069021,-13.978029487462,41.2767808139579,87,"Calanus finmarchicus",281.15,TRUE,-11.2284697228462,-2.74955976461583
"Maxillopoda","Sessilia","Archaeobalanidae","Semibalanus","balanoides",0.0046,4.6e-06,5,"C","A. M. Makarieva et al., Mean mass-specific metabolic rates are strikingly similar across life's major domains: Evidence for life's metabolic optimum. Proc. Natl. Acad. Sci. U.S.A. 105, 16994-16999 (2008).","Semibalanus balanoides",-4787.35547680534,-1628.02388294841,32.4701150460995,-1.88743442551193,-0.0029329313331031,-12.2894542544692,-12.8221847136233,41.7219734885647,91,"Semibalanus balanoides",278.15,TRUE,-10.6532366906186,-2.16894802300468
"Maxillopoda","Sessilia","Archaeobalanidae","Semibalanus","balanoides",0.005,5e-06,20,"C","A. M. Makarieva et al., Mean mass-specific metabolic rates are strikingly similar across life's major domains: Evidence for life's metabolic optimum. Proc. Natl. Acad. Sci. U.S.A. 105, 16994-16999 (2008).","Semibalanus balanoides",-4787.35547680534,-1628.02388294841,32.4701150460995,-1.88743442551193,-0.0029329313331031,-12.2060726455302,-11.4176152851659,39.5871292029482,92,"Semibalanus balanoides",293.15,TRUE,-9.40324159195331,-2.0143736932126
"Maxillopoda","Sessilia","Archaeobalanidae","Semibalanus","balanoides",0.0063,6.3e-06,10,"C","A. M. Makarieva et al., Mean mass-specific metabolic rates are strikingly similar across life's major domains: Evidence for life's metabolic optimum. Proc. Natl. Acad. Sci. U.S.A. 105, 16994-16999 (2008).","Semibalanus balanoides",-4787.35547680534,-1628.02388294841,32.4701150460995,-1.88743442551193,-0.0029329313331031,-11.9749609245668,-11.7361015168126,40.9852266496354,93,"Semibalanus balanoides",283.15,TRUE,-9.98604621965085,-1.75005529716173
"Maxillopoda","Sessilia","Archaeobalanidae","Semibalanus","balanoides",0.0076,7.6e-06,15,"C","A. M. Makarieva et al., Mean mass-specific metabolic rates are strikingly similar across life's major domains: Evidence for life's metabolic optimum. Proc. Natl. Acad. Sci. U.S.A. 105, 16994-16999 (2008).","Semibalanus balanoides",-4787.35547680534,-1628.02388294841,32.4701150460995,-1.88743442551193,-0.0029329313331031,-11.787362310672,-11.205426059448,40.2740479814134,94,"Semibalanus balanoides",288.15,TRUE,-9.43773162339451,-1.76769443605354
"Malacostraca","Decapoda","Parastacidae","Cherax","destructor",53,0.053,20,"C","A. M. Makarieva et al., Mean mass-specific metabolic rates are strikingly similar across life's major domains: Evidence for life's metabolic optimum. Proc. Natl. Acad. Sci. U.S.A. 105, 16994-16999 (2008).","Cherax destructor",-4787.35547680534,-1628.02388294841,32.4701150460995,-1.88743442551193,-0.0029329313331031,-2.93746336543002,-4.14143616975596,39.5871292029482,117,"Cherax destructor",293.15,TRUE,-1.75362680776025,-2.38780936199571
"Malacostraca","Decapoda","Palaemonidae","Macrobrachium","acanthurus",1.7,0.0017,20,"C","A. M. Makarieva et al., Mean mass-specific metabolic rates are strikingly similar across life's major domains: Evidence for life's metabolic optimum. Proc. Natl. Acad. Sci. U.S.A. 105, 16994-16999 (2008).","Macrobrachium acanthurus",-4787.35547680534,-1628.02388294841,32.4701150460995,-1.88743442551193,-0.0029329313331031,-6.37712702791997,-6.46050863685902,39.5871292029482,118,"Macrobrachium acanthurus",293.15,TRUE,-4.59246715695128,-1.86804147990774
"Malacostraca","Decapoda","Oplophoridae","Oplophorus","spinosus",2.92,0.00292,10,"C","A. M. Makarieva et al., Mean mass-specific metabolic rates are strikingly similar across life's major domains: Evidence for life's metabolic optimum. Proc. Natl. Acad. Sci. U.S.A. 105, 16994-16999 (2008).","Oplophorus spinosus",-4787.35547680534,-1628.02388294841,32.4701150460995,-1.88743442551193,-0.0029329313331031,-5.83617166270195,-6.29503754753728,40.9852266496354,120,"Oplophorus spinosus",283.15,TRUE,-4.9195500846342,-1.37548746290308
"Malacostraca","Decapoda","Oplophoridae","Oplophorus","spinosus",2.92,0.00292,5,"C","A. M. Makarieva et al., Mean mass-specific metabolic rates are strikingly similar across life's major domains: Evidence for life's metabolic optimum. Proc. Natl. Acad. Sci. U.S.A. 105, 16994-16999 (2008).","Oplophorus spinosus",-4787.35547680534,-1628.02388294841,32.4701150460995,-1.88743442551193,-0.0029329313331031,-5.83617166270195,-5.78738149853251,41.7219734885647,121,"Oplophorus spinosus",278.15,TRUE,-5.32718135386529,-0.46020014466723
"Malacostraca","Decapoda","Oplophoridae","Oplophorus","spinosus",2.92,0.00292,20,"C","A. M. Makarieva et al., Mean mass-specific metabolic rates are strikingly similar across life's major domains: Evidence for life's metabolic optimum. Proc. Natl. Acad. Sci. U.S.A. 105, 16994-16999 (2008).","Oplophorus spinosus",-4787.35547680534,-1628.02388294841,32.4701150460995,-1.88743442551193,-0.0029329313331031,-5.83617166270195,-4.76458804642176,39.5871292029482,122,"Oplophorus spinosus",293.15,TRUE,-4.14600318006913,-0.618584866352626
"Malacostraca","Decapoda","Palaemonidae","Palaemon","adspersus",0.1,1e-04,20,"C","A. M. Makarieva et al., Mean mass-specific metabolic rates are strikingly similar across life's major domains: Evidence for life's metabolic optimum. Proc. Natl. Acad. Sci. U.S.A. 105, 16994-16999 (2008).","Palaemon adspersus",-4787.35547680534,-1628.02388294841,32.4701150460995,-1.88743442551193,-0.0029329313331031,-9.21034037197618,-8.28429734865935,39.5871292029482,123,"Palaemon adspersus",293.15,TRUE,-6.93078890819801,-1.35350844046134
"Malacostraca","Decapoda","Palaemonidae","Palaemon","adspersus",0.132,0.000132,20,"C","A. M. Makarieva et al., Mean mass-specific metabolic rates are strikingly similar across life's major domains: Evidence for life's metabolic optimum. Proc. Natl. Acad. Sci. U.S.A. 105, 16994-16999 (2008).","Palaemon adspersus",-4787.35547680534,-1628.02388294841,32.4701150460995,-1.88743442551193,-0.0029329313331031,-8.9327086353779,-8.05495085322053,39.5871292029482,124,"Palaemon adspersus",293.15,TRUE,-6.70165250027938,-1.35329835294115
"Malacostraca","Decapoda","Palaemonidae","Palaemon","adspersus",3.2,0.0032,20,"C","A. M. Makarieva et al., Mean mass-specific metabolic rates are strikingly similar across life's major domains: Evidence for life's metabolic optimum. Proc. Natl. Acad. Sci. U.S.A. 105, 16994-16999 (2008).","Palaemon adspersus",-4787.35547680534,-1628.02388294841,32.4701150460995,-1.88743442551193,-0.0029329313331031,-5.74460446917646,-5.66450022493479,39.5871292029482,125,"Palaemon adspersus",293.15,TRUE,-4.07043048775125,-1.59406973718355
"Malacostraca","Decapoda","Palaemonidae","Palaemon","adspersus",3.28,0.00328,20,"C","A. M. Makarieva et al., Mean mass-specific metabolic rates are strikingly similar across life's major domains: Evidence for life's metabolic optimum. Proc. Natl. Acad. Sci. U.S.A. 105, 16994-16999 (2008).","Palaemon adspersus",-4787.35547680534,-1628.02388294841,32.4701150460995,-1.88743442551193,-0.0029329313331031,-5.71991185658608,-5.54848274095855,39.5871292029482,126,"Palaemon adspersus",293.15,TRUE,-4.05005105771775,-1.49843168324081
"Chondrostei","Acipenseriformes","Acipenseridae","Acipenser","fulvescens",30.5100000251215,0.0305100000251215,17,"C","J. G. Rubalcaba, W. C. E. P. Verberk, A. J. Hendriks. B. Saris, H. A. Woods, Oxygen limitation may affect the temperature and size dependence of metabolism in aquatic ectotherms. Proc. Natl. Acad. Sci. U.S.A. 117, 31963-3196 (2020).","Acipenser fulvescens",-5478.17471535787,6923.87195295277,-9.86509190714357,0.148270090189226,9.64690750252623e-05,-3.48970077943017,-3.21522266357273,39.9964395169542,154,"Acipenser fulvescens",290.15,TRUE,-2.43586756201973,-0.779355101553
"Chondrostei","Acipenseriformes","Acipenseridae","Acipenser","nudiventris",89.0000000727681,0.0890000000727681,19,"C","J. G. Rubalcaba, W. C. E. P. Verberk, A. J. Hendriks. B. Saris, H. A. Woods, Oxygen limitation may affect the temperature and size dependence of metabolism in aquatic ectotherms. Proc. Natl. Acad. Sci. U.S.A. 117, 31963-3196 (2020).","Acipenser nudiventris",-5478.17471535787,6923.87195295277,-9.86509190714357,0.148270090189226,9.64690750252623e-05,-2.41911890843238,-3.05639577339006,39.7226319556538,155,"Acipenser nudiventris",292.15,TRUE,-1.40079587297743,-1.65559990041262
"Chondrostei","Acipenseriformes","Acipenseridae","Acipenser","stellatus",0.0200000000154742,2.00000000154742e-05,20,"C","J. G. Rubalcaba, W. C. E. P. Verberk, A. J. Hendriks. B. Saris, H. A. Woods, Oxygen limitation may affect the temperature and size dependence of metabolism in aquatic ectotherms. Proc. Natl. Acad. Sci. U.S.A. 117, 31963-3196 (2020).","Acipenser stellatus",-5478.17471535787,6923.87195295277,-9.86509190714357,0.148270090189226,9.64690750252623e-05,-10.8197782836366,-9.21041815277881,39.5871292029482,156,"Acipenser stellatus",293.15,TRUE,-8.25909822313604,-0.951319929642771
"Chondrostei","Acipenseriformes","Acipenseridae","Acipenser","stellatus",0.030000000019365,3.0000000019365e-05,21,"C","J. G. Rubalcaba, W. C. E. P. Verberk, A. J. Hendriks. B. Saris, H. A. Woods, Oxygen limitation may affect the temperature and size dependence of metabolism in aquatic ectotherms. Proc. Natl. Acad. Sci. U.S.A. 117, 31963-3196 (2020).","Acipenser stellatus",-5478.17471535787,6923.87195295277,-9.86509190714357,0.148270090189226,9.64690750252623e-05,-10.4143131756566,-9.05648964189192,39.4525477676161,157,"Acipenser stellatus",294.15,TRUE,-7.84999579708956,-1.20649384480236
"Chondrostei","Acipenseriformes","Acipenseridae","Acipenser","stellatus",0.0499999999613144,4.99999999613144e-05,21.1,"C","J. G. Rubalcaba, W. C. E. P. Verberk, A. J. Hendriks. B. Saris, H. A. Woods, Oxygen limitation may affect the temperature and size dependence of metabolism in aquatic ectotherms. Proc. Natl. Acad. Sci. U.S.A. 117, 31963-3196 (2020).","Acipenser stellatus",-5478.17471535787,6923.87195295277,-9.86509190714357,0.148270090189226,9.64690750252623e-05,-9.90348755330984,-8.50933208768393,39.4391399348998,158,"Acipenser stellatus",294.25,TRUE,-7.42098029160719,-1.08835179607674
"Chondrostei","Acipenseriformes","Acipenseridae","Acipenser","stellatus",0.0599999999469976,5.99999999469977e-05,21.7,"C","J. G. Rubalcaba, W. C. E. P. Verberk, A. J. Hendriks. B. Saris, H. A. Woods, Oxygen limitation may affect the temperature and size dependence of metabolism in aquatic ectotherms. Proc. Natl. Acad. Sci. U.S.A. 117, 31963-3196 (2020).","Acipenser stellatus",-5478.17471535787,6923.87195295277,-9.86509190714357,0.148270090189226,9.64690750252623e-05,-9.72116599662555,-8.31741352917008,39.3588839268925,159,"Acipenser stellatus",294.85,TRUE,-7.22610127871287,-1.09131225045721
"Chondrostei","Acipenseriformes","Acipenseridae","Acipenser","stellatus",0.0899999999089575,8.99999999089575e-05,22.1,"C","J. G. Rubalcaba, W. C. E. P. Verberk, A. J. Hendriks. B. Saris, H. A. Woods, Oxygen limitation may affect the temperature and size dependence of metabolism in aquatic ectotherms. Proc. Natl. Acad. Sci. U.S.A. 117, 31963-3196 (2020).","Acipenser stellatus",-5478.17471535787,6923.87195295277,-9.86509190714357,0.148270090189226,9.64690750252623e-05,-9.31570088864559,-7.92347593739797,39.3055611374912,160,"Acipenser stellatus",295.25,TRUE,-6.86195807505666,-1.06151786234131
"Chondrostei","Acipenseriformes","Acipenseridae","Acipenser","stellatus",0.1600000001267,0.0001600000001267,20.5,"C","J. G. Rubalcaba, W. C. E. P. Verberk, A. J. Hendriks. B. Saris, H. A. Woods, Oxygen limitation may affect the temperature and size dependence of metabolism in aquatic ectotherms. Proc. Natl. Acad. Sci. U.S.A. 117, 31963-3196 (2020).","Acipenser stellatus",-5478.17471535787,6923.87195295277,-9.86509190714357,0.148270090189226,9.64690750252623e-05,-8.74033674193857,-7.34329250455562,39.5197239088856,161,"Acipenser stellatus",293.65,TRUE,-6.50558880578784,-0.837703698767773
"Chondrostei","Acipenseriformes","Acipenseridae","Acipenser","stellatus",0.2299999999906,0.0002299999999906,18,"C","J. G. Rubalcaba, W. C. E. P. Verberk, A. J. Hendriks. B. Saris, H. A. Woods, Oxygen limitation may affect the temperature and size dependence of metabolism in aquatic ectotherms. Proc. Natl. Acad. Sci. U.S.A. 117, 31963-3196 (2020).","Acipenser stellatus",-5478.17471535787,6923.87195295277,-9.86509190714357,0.148270090189226,9.64690750252623e-05,-8.37743124908195,-7.66969541053832,39.8590655189568,162,"Acipenser stellatus",291.15,TRUE,-6.39382659490066,-1.27586881563766
"Chondrostei","Acipenseriformes","Acipenseridae","Acipenser","stellatus",0.2299999999906,0.0002299999999906,25,"C","J. G. Rubalcaba, W. C. E. P. Verberk, A. J. Hendriks. B. Saris, H. A. Woods, Oxygen limitation may affect the temperature and size dependence of metabolism in aquatic ectotherms. Proc. Natl. Acad. Sci. U.S.A. 117, 31963-3196 (2020).","Acipenser stellatus",-5478.17471535787,6923.87195295277,-9.86509190714357,0.148270090189226,9.64690750252623e-05,-8.37743124908195,-7.18566230546925,38.9232497932056,163,"Acipenser stellatus",298.15,TRUE,-5.8760534170629,-1.30960888840635
"Chondrostei","Acipenseriformes","Acipenseridae","Acipenser","stellatus",0.4300000004162,0.0004300000004162,20,"C","J. G. Rubalcaba, W. C. E. P. Verberk, A. J. Hendriks. B. Saris, H. A. Woods, Oxygen limitation may affect the temperature and size dependence of metabolism in aquatic ectotherms. Proc. Natl. Acad. Sci. U.S.A. 117, 31963-3196 (2020).","Acipenser stellatus",-5478.17471535787,6923.87195295277,-9.86509190714357,0.148270090189226,9.64690750252623e-05,-7.75172534830876,-6.8355123723634,39.5871292029482,164,"Acipenser stellatus",293.15,TRUE,-5.72695749052799,-1.1085548818354
"Chondrostei","Acipenseriformes","Acipenseridae","Acipenser","stellatus",0.6500000005345,0.0006500000005345,17,"C","J. G. Rubalcaba, W. C. E. P. Verberk, A. J. Hendriks. B. Saris, H. A. Woods, Oxygen limitation may affect the temperature and size dependence of metabolism in aquatic ectotherms. Proc. Natl. Acad. Sci. U.S.A. 117, 31963-3196 (2020).","Acipenser stellatus",-5478.17471535787,6923.87195295277,-9.86509190714357,0.148270090189226,9.64690750252623e-05,-7.33853819425228,-6.58219465970517,39.9964395169542,165,"Acipenser stellatus",290.15,TRUE,-5.61240923085361,-0.969785428851553
"Chondrostei","Acipenseriformes","Acipenseridae","Acipenser","stellatus",0.8000000000148,0.0008000000000148,21,"C","J. G. Rubalcaba, W. C. E. P. Verberk, A. J. Hendriks. B. Saris, H. A. Woods, Oxygen limitation may affect the temperature and size dependence of metabolism in aquatic ectotherms. Proc. Natl. Acad. Sci. U.S.A. 117, 31963-3196 (2020).","Acipenser stellatus",-5478.17471535787,6923.87195295277,-9.86509190714357,0.148270090189226,9.64690750252623e-05,-7.13089883027785,-6.39669641908453,39.4525477676161,166,"Acipenser stellatus",294.15,TRUE,-5.14011191267906,-1.25658450640547
"Chondrostei","Acipenseriformes","Acipenseridae","Acipenser","stellatus",1.750000001264,0.001750000001264,17,"C","J. G. Rubalcaba, W. C. E. P. Verberk, A. J. Hendriks. B. Saris, H. A. Woods, Oxygen limitation may affect the temperature and size dependence of metabolism in aquatic ectotherms. Proc. Natl. Acad. Sci. U.S.A. 117, 31963-3196 (2020).","Acipenser stellatus",-5478.17471535787,6923.87195295277,-9.86509190714357,0.148270090189226,9.64690750252623e-05,-6.34813949032443,-6.12975024577842,39.9964395169542,167,"Acipenser stellatus",290.15,TRUE,-4.79500843868965,-1.33474180708877
"Chondrostei","Acipenseriformes","Acipenseridae","Acipenser","stellatus",3.6200000038912,0.0036200000038912,20,"C","J. G. Rubalcaba, W. C. E. P. Verberk, A. J. Hendriks. B. Saris, H. A. Woods, Oxygen limitation may affect the temperature and size dependence of metabolism in aquatic ectotherms. Proc. Natl. Acad. Sci. U.S.A. 117, 31963-3196 (2020).","Acipenser stellatus",-5478.17471535787,6923.87195295277,-9.86509190714357,0.148270090189226,9.64690750252623e-05,-5.62128125206954,-4.89645098163902,39.5871292029482,168,"Acipenser stellatus",293.15,TRUE,-3.96864875585316,-0.927802225785863
"Chondrostei","Acipenseriformes","Acipenseridae","Acipenser","stellatus",3.7399999982735,0.0037399999982735,23,"C","J. G. Rubalcaba, W. C. E. P. Verberk, A. J. Hendriks. B. Saris, H. A. Woods, Oxygen limitation may affect the temperature and size dependence of metabolism in aquatic ectotherms. Proc. Natl. Acad. Sci. U.S.A. 117, 31963-3196 (2020).","Acipenser stellatus",-5478.17471535787,6923.87195295277,-9.86509190714357,0.148270090189226,9.64690750252623e-05,-5.58866966801733,-4.12648612324552,39.1861115172861,169,"Acipenser stellatus",296.15,TRUE,-3.71985637035758,-0.40662975288794
"Chondrostei","Acipenseriformes","Acipenseridae","Acipenser","stellatus",6.1199999979487,0.0061199999979487,18,"C","J. G. Rubalcaba, W. C. E. P. Verberk, A. J. Hendriks. B. Saris, H. A. Woods, Oxygen limitation may affect the temperature and size dependence of metabolism in aquatic ectotherms. Proc. Natl. Acad. Sci. U.S.A. 117, 31963-3196 (2020).","Acipenser stellatus",-5478.17471535787,6923.87195295277,-9.86509190714357,0.148270090189226,9.64690750252623e-05,-5.09619318279308,-4.53244275237108,39.8590655189568,170,"Acipenser stellatus",291.15,TRUE,-3.68573884799014,-0.846703904380932
"Chondrostei","Acipenseriformes","Acipenseridae","Acipenser","stellatus",6.1199999979487,0.0061199999979487,25,"C","J. G. Rubalcaba, W. C. E. P. Verberk, A. J. Hendriks. B. Saris, H. A. Woods, Oxygen limitation may affect the temperature and size dependence of metabolism in aquatic ectotherms. Proc. Natl. Acad. Sci. U.S.A. 117, 31963-3196 (2020).","Acipenser stellatus",-5478.17471535787,6923.87195295277,-9.86509190714357,0.148270090189226,9.64690750252623e-05,-5.09619318279308,-4.05719845470389,38.9232497932056,171,"Acipenser stellatus",298.15,TRUE,-3.16796567015238,-0.889232784551511
"Chondrostei","Acipenseriformes","Acipenseridae","Acipenser","stellatus",10.4200000008756,0.0104200000008756,22,"C","J. G. Rubalcaba, W. C. E. P. Verberk, A. J. Hendriks. B. Saris, H. A. Woods, Oxygen limitation may affect the temperature and size dependence of metabolism in aquatic ectotherms. Proc. Natl. Acad. Sci. U.S.A. 117, 31963-3196 (2020).","Acipenser stellatus",-5478.17471535787,6923.87195295277,-9.86509190714357,0.148270090189226,9.64690750252623e-05,-4.56402824257289,-3.55576218961752,39.3188782850898,172,"Acipenser stellatus",295.15,TRUE,-2.94765211887259,-0.608110070744937
"Chondrostei","Acipenseriformes","Acipenseridae","Acipenser","stellatus",3699.99999942924,3.69999999942924,24.4,"C","J. G. Rubalcaba, W. C. E. P. Verberk, A. J. Hendriks. B. Saris, H. A. Woods, Oxygen limitation may affect the temperature and size dependence of metabolism in aquatic ectotherms. Proc. Natl. Acad. Sci. U.S.A. 117, 31963-3196 (2020).","Acipenser stellatus",-5478.17471535787,6923.87195295277,-9.86509190714357,0.148270090189226,9.64690750252623e-05,1.30833281949592,1.25965928036899,39.0017372738843,173,"Acipenser stellatus",297.55,TRUE,2.07442365816734,-0.814764377798351
"Chondrostei","Acipenseriformes","Acipenseridae","Acipenser","stellatus",6050.00000484134,6.05000000484134,21.8,"C","J. G. Rubalcaba, W. C. E. P. Verberk, A. J. Hendriks. B. Saris, H. A. Woods, Oxygen limitation may affect the temperature and size dependence of metabolism in aquatic ectotherms. Proc. Natl. Acad. Sci. U.S.A. 117, 31963-3196 (2020).","Acipenser stellatus",-5478.17471535787,6923.87195295277,-9.86509190714357,0.148270090189226,9.64690750252623e-05,1.80005827284297,1.39179007876672,39.3455396706027,174,"Acipenser stellatus",294.95,TRUE,2.29003611246188,-0.898246033695158
"Chondrostei","Acipenseriformes","Acipenseridae","Acipenser","stellatus",6500.00000534532,6.50000000534532,20,"C","J. G. Rubalcaba, W. C. E. P. Verberk, A. J. Hendriks. B. Saris, H. A. Woods, Oxygen limitation may affect the temperature and size dependence of metabolism in aquatic ectotherms. Proc. Natl. Acad. Sci. U.S.A. 117, 31963-3196 (2020).","Acipenser stellatus",-5478.17471535787,6923.87195295277,-9.86509190714357,0.148270090189226,9.64690750252623e-05,1.87180217772395,0.555976931511077,39.5871292029482,175,"Acipenser stellatus",293.15,TRUE,2.21558018848324,-1.65960325697216
"Chondrostei","Acipenseriformes","Acipenseridae","Acipenser","stellatus",7520.0000070709,7.5200000070709,22.4,"C","J. G. Rubalcaba, W. C. E. P. Verberk, A. J. Hendriks. B. Saris, H. A. Woods, Oxygen limitation may affect the temperature and size dependence of metabolism in aquatic ectotherms. Proc. Natl. Acad. Sci. U.S.A. 117, 31963-3196 (2020).","Acipenser stellatus",-5478.17471535787,6923.87195295277,-9.86509190714357,0.148270090189226,9.64690750252623e-05,2.01756613890203,1.47158069410871,39.2656637653333,176,"Acipenser stellatus",295.55,TRUE,2.51374496020067,-1.04216426609196
"Chondrostei","Acipenseriformes","Acipenseridae","Acipenser","stellatus",10399.9999928451,10.3999999928451,22.5,"C","J. G. Rubalcaba, W. C. E. P. Verberk, A. J. Hendriks. B. Saris, H. A. Woods, Oxygen limitation may affect the temperature and size dependence of metabolism in aquatic ectotherms. Proc. Natl. Acad. Sci. U.S.A. 117, 31963-3196 (2020).","Acipenser stellatus",-5478.17471535787,6923.87195295277,-9.86509190714357,0.148270090189226,9.64690750252623e-05,2.34180580545936,1.44583440649914,39.2523826343456,177,"Acipenser stellatus",295.65,TRUE,2.78869631292498,-1.34286190642584
"Teleostei","Anguilliformes","Anguillidae","Anguilla","australis",646.499999677844,0.646499999677844,17.5,"C","J. G. Rubalcaba, W. C. E. P. Verberk, A. J. Hendriks. B. Saris, H. A. Woods, Oxygen limitation may affect the temperature and size dependence of metabolism in aquatic ectotherms. Proc. Natl. Acad. Sci. U.S.A. 117, 31963-3196 (2020).","Anguilla australis",-5478.18439334769,6923.99176021787,-9.86568499971395,0.148298609282861,9.65115158503995e-05,-0.436182081268533,-2.5849164490579,39.9276343569388,230,"Anguilla australis",290.65,TRUE,0.122346592023913,-2.70726304108181
"Teleostei","Anguilliformes","Anguillidae","Anguilla","australis",699.999999977021,0.699999999977021,20,"C","J. G. Rubalcaba, W. C. E. P. Verberk, A. J. Hendriks. B. Saris, H. A. Woods, Oxygen limitation may affect the temperature and size dependence of metabolism in aquatic ectotherms. Proc. Natl. Acad. Sci. U.S.A. 117, 31963-3196 (2020).","Anguilla australis",-5478.18439334769,6923.99176021787,-9.86568499971395,0.148298609282861,9.65115158503995e-05,-0.35667494397156,-2.81556424040992,39.5871292029482,231,"Anguilla australis",293.15,TRUE,0.37636234887076,-3.19192658928068
"Teleostei","Anguilliformes","Anguillidae","Anguilla","australis",699.999999977021,0.699999999977021,20,"C","J. G. Rubalcaba, W. C. E. P. Verberk, A. J. Hendriks. B. Saris, H. A. Woods, Oxygen limitation may affect the temperature and size dependence of metabolism in aquatic ectotherms. Proc. Natl. Acad. Sci. U.S.A. 117, 31963-3196 (2020).","Anguilla australis",-5478.18439334769,6923.99176021787,-9.86568499971395,0.148298609282861,9.65115158503995e-05,-0.35667494397156,-2.81526428540936,39.5871292029482,232,"Anguilla australis",293.15,TRUE,0.37636234887076,-3.19162663428012
"Teleostei","Anguilliformes","Anguillidae","Anguilla","rostrata",0.7699999996941,0.0007699999996941,15,"C","J. G. Rubalcaba, W. C. E. P. Verberk, A. J. Hendriks. B. Saris, H. A. Woods, Oxygen limitation may affect the temperature and size dependence of metabolism in aquatic ectotherms. Proc. Natl. Acad. Sci. U.S.A. 117, 31963-3196 (2020).","Anguilla rostrata",-5478.17471535787,6923.87195295277,-9.86509190714357,0.148270090189226,9.64690750252623e-05,-7.16912004351382,-7.58325335857045,40.2740479814134,233,"Anguilla rostrata",288.15,TRUE,-5.62618090891054,-1.9570724496599
"Teleostei","Anguilliformes","Anguillidae","Anguilla","rostrata",0.8199999992754,0.0008199999992754,25,"C","J. G. Rubalcaba, W. C. E. P. Verberk, A. J. Hendriks. B. Saris, H. A. Woods, Oxygen limitation may affect the temperature and size dependence of metabolism in aquatic ectotherms. Proc. Natl. Acad. Sci. U.S.A. 117, 31963-3196 (2020).","Anguilla rostrata",-5478.17471535787,6923.87195295277,-9.86509190714357,0.148270090189226,9.64690750252623e-05,-7.10620621858963,-5.8209533814517,38.9232497932056,234,"Anguilla rostrata",298.15,TRUE,-4.82687964207503,-0.994073739376673
"Teleostei","Anguilliformes","Anguillidae","Anguilla","rostrata",0.9599999999125,0.0009599999999125,20,"C","J. G. Rubalcaba, W. C. E. P. Verberk, A. J. Hendriks. B. Saris, H. A. Woods, Oxygen limitation may affect the temperature and size dependence of metabolism in aquatic ectotherms. Proc. Natl. Acad. Sci. U.S.A. 117, 31963-3196 (2020).","Anguilla rostrata",-5478.17471535787,6923.87195295277,-9.86509190714357,0.148270090189226,9.64690750252623e-05,-6.94857727359354,-6.2446802130249,39.5871292029482,235,"Anguilla rostrata",293.15,TRUE,-5.0640993204864,-1.18058089253851
"Teleostei","Anguilliformes","Anguillidae","Anguilla","rostrata",4.6000000033727,0.0046000000033727,25,"C","J. G. Rubalcaba, W. C. E. P. Verberk, A. J. Hendriks. B. Saris, H. A. Woods, Oxygen limitation may affect the temperature and size dependence of metabolism in aquatic ectotherms. Proc. Natl. Acad. Sci. U.S.A. 117, 31963-3196 (2020).","Anguilla rostrata",-5478.17471535787,6923.87195295277,-9.86509190714357,0.148270090189226,9.64690750252623e-05,-5.38169897475389,-5.16330972924798,38.9232497932056,236,"Anguilla rostrata",298.15,TRUE,-3.40360073266874,-1.75970899657924
"Teleostei","Anguilliformes","Anguillidae","Anguilla","rostrata",4.8199999973491,0.0048199999973491,15,"C","J. G. Rubalcaba, W. C. E. P. Verberk, A. J. Hendriks. B. Saris, H. A. Woods, Oxygen limitation may affect the temperature and size dependence of metabolism in aquatic ectotherms. Proc. Natl. Acad. Sci. U.S.A. 117, 31963-3196 (2020).","Anguilla rostrata",-5478.17471535787,6923.87195295277,-9.86509190714357,0.148270090189226,9.64690750252623e-05,-5.33498135146961,-6.50288646714179,40.2740479814134,237,"Anguilla rostrata",288.15,TRUE,-4.11242042652129,-2.3904660406205
"Teleostei","Anguilliformes","Anguillidae","Anguilla","rostrata",5.0799999966789,0.0050799999966789,25,"C","J. G. Rubalcaba, W. C. E. P. Verberk, A. J. Hendriks. B. Saris, H. A. Woods, Oxygen limitation may affect the temperature and size dependence of metabolism in aquatic ectotherms. Proc. Natl. Acad. Sci. U.S.A. 117, 31963-3196 (2020).","Anguilla rostrata",-5478.17471535787,6923.87195295277,-9.86509190714357,0.148270090189226,9.64690750252623e-05,-5.28244401804551,-4.97444261273048,38.9232497932056,238,"Anguilla rostrata",298.15,TRUE,-3.32168313734287,-1.65275947538762
"Teleostei","Anguilliformes","Anguillidae","Anguilla","rostrata",5.4099999986724,0.0054099999986724,20,"C","J. G. Rubalcaba, W. C. E. P. Verberk, A. J. Hendriks. B. Saris, H. A. Woods, Oxygen limitation may affect the temperature and size dependence of metabolism in aquatic ectotherms. Proc. Natl. Acad. Sci. U.S.A. 117, 31963-3196 (2020).","Anguilla rostrata",-5478.17471535787,6923.87195295277,-9.86509190714357,0.148270090189226,9.64690750252623e-05,-5.21950618636914,-5.82779551278996,39.5871292029482,239,"Anguilla rostrata",293.15,TRUE,-3.63705375711903,-2.19074175567092
"Teleostei","Anguilliformes","Anguillidae","Anguilla","rostrata",6.1999999928869,0.0061999999928869,15,"C","J. G. Rubalcaba, W. C. E. P. Verberk, A. J. Hendriks. B. Saris, H. A. Woods, Oxygen limitation may affect the temperature and size dependence of metabolism in aquatic ectotherms. Proc. Natl. Acad. Sci. U.S.A. 117, 31963-3196 (2020).","Anguilla rostrata",-5478.17471535787,6923.87195295277,-9.86509190714357,0.148270090189226,9.64690750252623e-05,-5.08320598807837,-5.84564599371415,40.2740479814134,240,"Anguilla rostrata",288.15,TRUE,-3.90462392934579,-1.94102206436837
"Teleostei","Anguilliformes","Anguillidae","Anguilla","rostrata",6.7700000049081,0.0067700000049081,20,"C","J. G. Rubalcaba, W. C. E. P. Verberk, A. J. Hendriks. B. Saris, H. A. Woods, Oxygen limitation may affect the temperature and size dependence of metabolism in aquatic ectotherms. Proc. Natl. Acad. Sci. U.S.A. 117, 31963-3196 (2020).","Anguilla rostrata",-5478.17471535787,6923.87195295277,-9.86509190714357,0.148270090189226,9.64690750252623e-05,-4.99525419133298,-5.19807841071631,39.5871292029482,241,"Anguilla rostrata",293.15,TRUE,-3.45197298342664,-1.74610542728967
"Teleostei","Anguilliformes","Anguillidae","Anguilla","rostrata",213.999999827935,0.213999999827935,15,"C","J. G. Rubalcaba, W. C. E. P. Verberk, A. J. Hendriks. B. Saris, H. A. Woods, Oxygen limitation may affect the temperature and size dependence of metabolism in aquatic ectotherms. Proc. Natl. Acad. Sci. U.S.A. 117, 31963-3196 (2020).","Anguilla rostrata",-5478.17471535787,6923.87195295277,-9.86509190714357,0.148270090189226,9.64690750252623e-05,-1.54177926476433,-3.75920654861403,40.2740479814134,242,"Anguilla rostrata",288.15,TRUE,-0.981795983845561,-2.77741056476846
"Teleostei","Anguilliformes","Anguillidae","Anguilla","rostrata",223.999999827646,0.223999999827646,15,"C","J. G. Rubalcaba, W. C. E. P. Verberk, A. J. Hendriks. B. Saris, H. A. Woods, Oxygen limitation may affect the temperature and size dependence of metabolism in aquatic ectotherms. Proc. Natl. Acad. Sci. U.S.A. 117, 31963-3196 (2020).","Anguilla rostrata",-5478.17471535787,6923.87195295277,-9.86509190714357,0.148270090189226,9.64690750252623e-05,-1.49610922789654,-2.02216045630262,40.2740479814134,243,"Anguilla rostrata",288.15,TRUE,-0.944103361504844,-1.07805709479778
"Teleostei","Anguilliformes","Anguillidae","Anguilla","rostrata",223.999999827646,0.223999999827646,15,"C","J. G. Rubalcaba, W. C. E. P. Verberk, A. J. Hendriks. B. Saris, H. A. Woods, Oxygen limitation may affect the temperature and size dependence of metabolism in aquatic ectotherms. Proc. Natl. Acad. Sci. U.S.A. 117, 31963-3196 (2020).","Anguilla rostrata",-5478.17471535787,6923.87195295277,-9.86509190714357,0.148270090189226,9.64690750252623e-05,-1.49610922789654,-1.77304141843449,40.2740479814134,244,"Anguilla rostrata",288.15,TRUE,-0.944103361504844,-0.828938056929643
"Teleostei","Anguilliformes","Anguillidae","Anguilla","rostrata",223.999999827646,0.223999999827646,15,"C","J. G. Rubalcaba, W. C. E. P. Verberk, A. J. Hendriks. B. Saris, H. A. Woods, Oxygen limitation may affect the temperature and size dependence of metabolism in aquatic ectotherms. Proc. Natl. Acad. Sci. U.S.A. 117, 31963-3196 (2020).","Anguilla rostrata",-5478.17471535787,6923.87195295277,-9.86509190714357,0.148270090189226,9.64690750252623e-05,-1.49610922789654,-1.53261223076729,40.2740479814134,245,"Anguilla rostrata",288.15,TRUE,-0.944103361504844,-0.58850886926245
"Teleostei","Anguilliformes","Anguillidae","Anguilla","rostrata",223.999999827646,0.223999999827646,15,"C","J. G. Rubalcaba, W. C. E. P. Verberk, A. J. Hendriks. B. Saris, H. A. Woods, Oxygen limitation may affect the temperature and size dependence of metabolism in aquatic ectotherms. Proc. Natl. Acad. Sci. U.S.A. 117, 31963-3196 (2020).","Anguilla rostrata",-5478.17471535787,6923.87195295277,-9.86509190714357,0.148270090189226,9.64690750252623e-05,-1.49610922789654,-1.52858808057294,40.2740479814134,246,"Anguilla rostrata",288.15,TRUE,-0.944103361504844,-0.584484719068098
"Teleostei","Anguilliformes","Anguillidae","Anguilla","rostrata",261.999999807105,0.261999999807105,15,"C","J. G. Rubalcaba, W. C. E. P. Verberk, A. J. Hendriks. B. Saris, H. A. Woods, Oxygen limitation may affect the temperature and size dependence of metabolism in aquatic ectotherms. Proc. Natl. Acad. Sci. U.S.A. 117, 31963-3196 (2020).","Anguilla rostrata",-5478.17471535787,6923.87195295277,-9.86509190714357,0.148270090189226,9.64690750252623e-05,-1.33941077595728,-2.07715816967012,40.2740479814134,247,"Anguilla rostrata",288.15,TRUE,-0.814776214530561,-1.26238195513956
"Teleostei","Anguilliformes","Anguillidae","Anguilla","rostrata",261.999999807105,0.261999999807105,15,"C","J. G. Rubalcaba, W. C. E. P. Verberk, A. J. Hendriks. B. Saris, H. A. Woods, Oxygen limitation may affect the temperature and size dependence of metabolism in aquatic ectotherms. Proc. Natl. Acad. Sci. U.S.A. 117, 31963-3196 (2020).","Anguilla rostrata",-5478.17471535787,6923.87195295277,-9.86509190714357,0.148270090189226,9.64690750252623e-05,-1.33941077595728,-1.80793815996167,40.2740479814134,248,"Anguilla rostrata",288.15,TRUE,-0.814776214530561,-0.993161945431113
"Teleostei","Anguilliformes","Anguillidae","Anguilla","rostrata",261.999999807105,0.261999999807105,15,"C","J. G. Rubalcaba, W. C. E. P. Verberk, A. J. Hendriks. B. Saris, H. A. Woods, Oxygen limitation may affect the temperature and size dependence of metabolism in aquatic ectotherms. Proc. Natl. Acad. Sci. U.S.A. 117, 31963-3196 (2020).","Anguilla rostrata",-5478.17471535787,6923.87195295277,-9.86509190714357,0.148270090189226,9.64690750252623e-05,-1.33941077595728,-1.51870449687362,40.2740479814134,249,"Anguilla rostrata",288.15,TRUE,-0.814776214530561,-0.703928282343062
"Teleostei","Anguilliformes","Anguillidae","Anguilla","rostrata",261.999999807105,0.261999999807105,15,"C","J. G. Rubalcaba, W. C. E. P. Verberk, A. J. Hendriks. B. Saris, H. A. Woods, Oxygen limitation may affect the temperature and size dependence of metabolism in aquatic ectotherms. Proc. Natl. Acad. Sci. U.S.A. 117, 31963-3196 (2020).","Anguilla rostrata",-5478.17471535787,6923.87195295277,-9.86509190714357,0.148270090189226,9.64690750252623e-05,-1.33941077595728,-1.30961269912994,40.2740479814134,250,"Anguilla rostrata",288.15,TRUE,-0.814776214530561,-0.494836484599378
"Teleostei","Anguilliformes","Anguillidae","Anguilla","rostrata",315.000000152606,0.315000000152606,15,"C","J. G. Rubalcaba, W. C. E. P. Verberk, A. J. Hendriks. B. Saris, H. A. Woods, Oxygen limitation may affect the temperature and size dependence of metabolism in aquatic ectotherms. Proc. Natl. Acad. Sci. U.S.A. 117, 31963-3196 (2020).","Anguilla rostrata",-5478.17471535787,6923.87195295277,-9.86509190714357,0.148270090189226,9.64690750252623e-05,-1.15518263967204,-3.66029199726203,40.2740479814134,251,"Anguilla rostrata",288.15,TRUE,-0.662728131328087,-2.99756386593394
"Teleostei","Clupeiformes","Clupeidae","Brevoortia","tyrannus",5.4400000037806,0.0054400000037806,20,"C","J. G. Rubalcaba, W. C. E. P. Verberk, A. J. Hendriks. B. Saris, H. A. Woods, Oxygen limitation may affect the temperature and size dependence of metabolism in aquatic ectotherms. Proc. Natl. Acad. Sci. U.S.A. 117, 31963-3196 (2020).","Brevoortia tyrannus",-5478.17471535787,6923.87195295277,-9.86509190714357,0.148270090189226,9.64690750252623e-05,-5.21397621741932,-4.60904987392059,39.5871292029482,253,"Brevoortia tyrannus",293.15,TRUE,-3.6324897355969,-0.976560138323696
"Teleostei","Clupeiformes","Clupeidae","Brevoortia","tyrannus",6.1699999995277,0.0061699999995277,15,"C","J. G. Rubalcaba, W. C. E. P. Verberk, A. J. Hendriks. B. Saris, H. A. Woods, Oxygen limitation may affect the temperature and size dependence of metabolism in aquatic ectotherms. Proc. Natl. Acad. Sci. U.S.A. 117, 31963-3196 (2020).","Brevoortia tyrannus",-5478.17471535787,6923.87195295277,-9.86509190714357,0.148270090189226,9.64690750252623e-05,-5.08805644114139,-4.95440842391583,40.2740479814134,254,"Brevoortia tyrannus",288.15,TRUE,-3.90862712943111,-1.04578129448471
"Teleostei","Clupeiformes","Clupeidae","Brevoortia","tyrannus",6.1999999928869,0.0061999999928869,10,"C","J. G. Rubalcaba, W. C. E. P. Verberk, A. J. Hendriks. B. Saris, H. A. Woods, Oxygen limitation may affect the temperature and size dependence of metabolism in aquatic ectotherms. Proc. Natl. Acad. Sci. U.S.A. 117, 31963-3196 (2020).","Brevoortia tyrannus",-5478.17471535787,6923.87195295277,-9.86509190714357,0.148270090189226,9.64690750252623e-05,-5.08320598807837,-5.45698800434556,40.9852266496354,255,"Brevoortia tyrannus",283.15,TRUE,-4.29810870302833,-1.15887930131723
"Teleostei","Clupeiformes","Clupeidae","Brevoortia","tyrannus",6.9800000060565,0.0069800000060565,25,"C","J. G. Rubalcaba, W. C. E. P. Verberk, A. J. Hendriks. B. Saris, H. A. Woods, Oxygen limitation may affect the temperature and size dependence of metabolism in aquatic ectotherms. Proc. Natl. Acad. Sci. U.S.A. 117, 31963-3196 (2020).","Brevoortia tyrannus",-5478.17471535787,6923.87195295277,-9.86509190714357,0.148270090189226,9.64690750252623e-05,-4.96470636134016,-4.34922025800942,38.9232497932056,256,"Brevoortia tyrannus",298.15,TRUE,-3.05944631164707,-1.28977394636235
"Teleostei","Clupeiformes","Clupeidae","Brevoortia","tyrannus",21.7000000075683,0.0217000000075683,15,"C","J. G. Rubalcaba, W. C. E. P. Verberk, A. J. Hendriks. B. Saris, H. A. Woods, Oxygen limitation may affect the temperature and size dependence of metabolism in aquatic ectotherms. Proc. Natl. Acad. Sci. U.S.A. 117, 31963-3196 (2020).","Brevoortia tyrannus",-5478.17471535787,6923.87195295277,-9.86509190714357,0.148270090189226,9.64690750252623e-05,-3.83044301808695,-4.09210773744763,40.2740479814134,257,"Brevoortia tyrannus",288.15,TRUE,-2.87068735410239,-1.22142038334524
"Teleostei","Clupeiformes","Clupeidae","Brevoortia","tyrannus",22.1999999769645,0.0221999999769645,20,"C","J. G. Rubalcaba, W. C. E. P. Verberk, A. J. Hendriks. B. Saris, H. A. Woods, Oxygen limitation may affect the temperature and size dependence of metabolism in aquatic ectotherms. Proc. Natl. Acad. Sci. U.S.A. 117, 31963-3196 (2020).","Brevoortia tyrannus",-5478.17471535787,6923.87195295277,-9.86509190714357,0.148270090189226,9.64690750252623e-05,-3.80766299114154,-3.70862050179951,39.5871292029482,258,"Brevoortia tyrannus",293.15,TRUE,-2.47182429789872,-1.23679620390079
"Teleostei","Clupeiformes","Clupeidae","Brevoortia","tyrannus",22.4999999942305,0.0224999999942305,10,"C","J. G. Rubalcaba, W. C. E. P. Verberk, A. J. Hendriks. B. Saris, H. A. Woods, Oxygen limitation may affect the temperature and size dependence of metabolism in aquatic ectotherms. Proc. Natl. Acad. Sci. U.S.A. 117, 31963-3196 (2020).","Brevoortia tyrannus",-5478.17471535787,6923.87195295277,-9.86509190714357,0.148270090189226,9.64690750252623e-05,-3.79423997002819,-4.57348709525968,40.9852266496354,259,"Brevoortia tyrannus",283.15,TRUE,-3.23429284780948,-1.3391942474502
"Teleostei","Clupeiformes","Clupeidae","Brevoortia","tyrannus",24.5999999941442,0.0245999999941442,25,"C","J. G. Rubalcaba, W. C. E. P. Verberk, A. J. Hendriks. B. Saris, H. A. Woods, Oxygen limitation may affect the temperature and size dependence of metabolism in aquatic ectotherms. Proc. Natl. Acad. Sci. U.S.A. 117, 31963-3196 (2020).","Brevoortia tyrannus",-5478.17471535787,6923.87195295277,-9.86509190714357,0.148270090189226,9.64690750252623e-05,-3.70500883628186,-3.41721013878729,38.9232497932056,260,"Brevoortia tyrannus",298.15,TRUE,-2.01978647487022,-1.39742366391707
"Teleostei","Clupeiformes","Clupeidae","Brevoortia","tyrannus",26.9999999901158,0.0269999999901158,9,"C","J. G. Rubalcaba, W. C. E. P. Verberk, A. J. Hendriks. B. Saris, H. A. Woods, Oxygen limitation may affect the temperature and size dependence of metabolism in aquatic ectotherms. Proc. Natl. Acad. Sci. U.S.A. 117, 31963-3196 (2020).","Brevoortia tyrannus",-5478.17471535787,6923.87195295277,-9.86509190714357,0.148270090189226,9.64690750252623e-05,-3.61191841334389,-4.37435842005963,41.1304870666109,261,"Brevoortia tyrannus",282.15,TRUE,-3.16418878024342,-1.21016963981621
"Teleostei","Clupeiformes","Clupeidae","Brevoortia","tyrannus",26.9999999901158,0.0269999999901158,9,"C","J. G. Rubalcaba, W. C. E. P. Verberk, A. J. Hendriks. B. Saris, H. A. Woods, Oxygen limitation may affect the temperature and size dependence of metabolism in aquatic ectotherms. Proc. Natl. Acad. Sci. U.S.A. 117, 31963-3196 (2020).","Brevoortia tyrannus",-5478.17471535787,6923.87195295277,-9.86509190714357,0.148270090189226,9.64690750252623e-05,-3.61191841334389,-4.22020774023237,41.1304870666109,262,"Brevoortia tyrannus",282.15,TRUE,-3.16418878024342,-1.05601895998895
"Teleostei","Clupeiformes","Clupeidae","Brevoortia","tyrannus",26.9999999901158,0.0269999999901158,17,"C","J. G. Rubalcaba, W. C. E. P. Verberk, A. J. Hendriks. B. Saris, H. A. Woods, Oxygen limitation may affect the temperature and size dependence of metabolism in aquatic ectotherms. Proc. Natl. Acad. Sci. U.S.A. 117, 31963-3196 (2020).","Brevoortia tyrannus",-5478.17471535787,6923.87195295277,-9.86509190714357,0.148270090189226,9.64690750252623e-05,-3.61191841334389,-3.76822261648932,39.9964395169542,263,"Brevoortia tyrannus",290.15,TRUE,-2.53673682848916,-1.23148578800016
"Teleostei","Clupeiformes","Clupeidae","Brevoortia","tyrannus",26.9999999901158,0.0269999999901158,17,"C","J. G. Rubalcaba, W. C. E. P. Verberk, A. J. Hendriks. B. Saris, H. A. Woods, Oxygen limitation may affect the temperature and size dependence of metabolism in aquatic ectotherms. Proc. Natl. Acad. Sci. U.S.A. 117, 31963-3196 (2020).","Brevoortia tyrannus",-5478.17471535787,6923.87195295277,-9.86509190714357,0.148270090189226,9.64690750252623e-05,-3.61191841334389,-3.52706055967243,39.9964395169542,264,"Brevoortia tyrannus",290.15,TRUE,-2.53673682848916,-0.990323731183266
"Teleostei","Clupeiformes","Clupeidae","Brevoortia","tyrannus",26.9999999901158,0.0269999999901158,25,"C","J. G. Rubalcaba, W. C. E. P. Verberk, A. J. Hendriks. B. Saris, H. A. Woods, Oxygen limitation may affect the temperature and size dependence of metabolism in aquatic ectotherms. Proc. Natl. Acad. Sci. U.S.A. 117, 31963-3196 (2020).","Brevoortia tyrannus",-5478.17471535787,6923.87195295277,-9.86509190714357,0.148270090189226,9.64690750252623e-05,-3.61191841334389,-3.49196923986116,38.9232497932056,265,"Brevoortia tyrannus",298.15,TRUE,-1.9429566232654,-1.54901261659576
"Teleostei","Clupeiformes","Clupeidae","Brevoortia","tyrannus",26.9999999901158,0.0269999999901158,25,"C","J. G. Rubalcaba, W. C. E. P. Verberk, A. J. Hendriks. B. Saris, H. A. Woods, Oxygen limitation may affect the temperature and size dependence of metabolism in aquatic ectotherms. Proc. Natl. Acad. Sci. U.S.A. 117, 31963-3196 (2020).","Brevoortia tyrannus",-5478.17471535787,6923.87195295277,-9.86509190714357,0.148270090189226,9.64690750252623e-05,-3.61191841334389,-3.22167891012125,38.9232497932056,266,"Brevoortia tyrannus",298.15,TRUE,-1.9429566232654,-1.27872228685584
"Teleostei","Clupeiformes","Clupeidae","Brevoortia","tyrannus",50.9999999884991,0.0509999999884991,14,"C","J. G. Rubalcaba, W. C. E. P. Verberk, A. J. Hendriks. B. Saris, H. A. Woods, Oxygen limitation may affect the temperature and size dependence of metabolism in aquatic ectotherms. Proc. Natl. Acad. Sci. U.S.A. 117, 31963-3196 (2020).","Brevoortia tyrannus",-5478.17471535787,6923.87195295277,-9.86509190714357,0.148270090189226,9.64690750252623e-05,-2.97592964648332,-1.86656747624645,40.4143023710404,267,"Brevoortia tyrannus",287.15,TRUE,-2.24303682736795,0.376469351121498
"Teleostei","Clupeiformes","Clupeidae","Brevoortia","tyrannus",50.9999999884991,0.0509999999884991,19,"C","J. G. Rubalcaba, W. C. E. P. Verberk, A. J. Hendriks. B. Saris, H. A. Woods, Oxygen limitation may affect the temperature and size dependence of metabolism in aquatic ectotherms. Proc. Natl. Acad. Sci. U.S.A. 117, 31963-3196 (2020).","Brevoortia tyrannus",-5478.17471535787,6923.87195295277,-9.86509190714357,0.148270090189226,9.64690750252623e-05,-2.97592964648332,-1.61810611717067,39.7226319556538,268,"Brevoortia tyrannus",292.15,TRUE,-1.86034568515226,0.242239567981591
"Teleostei","Clupeiformes","Clupeidae","Brevoortia","tyrannus",50.9999999884991,0.0509999999884991,24,"C","J. G. Rubalcaba, W. C. E. P. Verberk, A. J. Hendriks. B. Saris, H. A. Woods, Oxygen limitation may affect the temperature and size dependence of metabolism in aquatic ectotherms. Proc. Natl. Acad. Sci. U.S.A. 117, 31963-3196 (2020).","Brevoortia tyrannus",-5478.17471535787,6923.87195295277,-9.86509190714357,0.148270090189226,9.64690750252623e-05,-2.97592964648332,-1.19939578229774,39.0542383504771,269,"Brevoortia tyrannus",297.15,TRUE,-1.49053326217655,0.291137479878807
"Teleostei","Clupeiformes","Clupeidae","Brevoortia","tyrannus",74.3000000409612,0.0743000000409612,20,"C","J. G. Rubalcaba, W. C. E. P. Verberk, A. J. Hendriks. B. Saris, H. A. Woods, Oxygen limitation may affect the temperature and size dependence of metabolism in aquatic ectotherms. Proc. Natl. Acad. Sci. U.S.A. 117, 31963-3196 (2020).","Brevoortia tyrannus",-5478.17471535787,6923.87195295277,-9.86509190714357,0.148270090189226,9.64690750252623e-05,-2.59964432670713,-2.71149676786244,39.5871292029482,270,"Brevoortia tyrannus",293.15,TRUE,-1.47481631581894,-1.2366804520435
"Teleostei","Clupeiformes","Clupeidae","Brevoortia","tyrannus",78.400000056966,0.078400000056966,10,"C","J. G. Rubalcaba, W. C. E. P. Verberk, A. J. Hendriks. B. Saris, H. A. Woods, Oxygen limitation may affect the temperature and size dependence of metabolism in aquatic ectotherms. Proc. Natl. Acad. Sci. U.S.A. 117, 31963-3196 (2020).","Brevoortia tyrannus",-5478.17471535787,6923.87195295277,-9.86509190714357,0.148270090189226,9.64690750252623e-05,-2.54593135089917,-3.47089028811642,40.9852266496354,271,"Brevoortia tyrannus",283.15,TRUE,-2.20403255960994,-1.26685772850649
"Teleostei","Clupeiformes","Clupeidae","Brevoortia","tyrannus",79.2999999420071,0.0792999999420071,15,"C","J. G. Rubalcaba, W. C. E. P. Verberk, A. J. Hendriks. B. Saris, H. A. Woods, Oxygen limitation may affect the temperature and size dependence of metabolism in aquatic ectotherms. Proc. Natl. Acad. Sci. U.S.A. 117, 31963-3196 (2020).","Brevoortia tyrannus",-5478.17471535787,6923.87195295277,-9.86509190714357,0.148270090189226,9.64690750252623e-05,-2.53451715107265,-2.91966292625785,40.2740479814134,272,"Brevoortia tyrannus",288.15,TRUE,-1.8011273616648,-1.11853556459305
"Teleostei","Clupeiformes","Clupeidae","Brevoortia","tyrannus",80.9000000722256,0.0809000000722256,25,"C","J. G. Rubalcaba, W. C. E. P. Verberk, A. J. Hendriks. B. Saris, H. A. Woods, Oxygen limitation may affect the temperature and size dependence of metabolism in aquatic ectotherms. Proc. Natl. Acad. Sci. U.S.A. 117, 31963-3196 (2020).","Brevoortia tyrannus",-5478.17471535787,6923.87195295277,-9.86509190714357,0.148270090189226,9.64690750252623e-05,-2.51454145402491,-2.34744550351978,38.9232497932056,273,"Brevoortia tyrannus",298.15,TRUE,-1.03726400443181,-1.31018149908797
"Teleostei","Clupeiformes","Clupeidae","Dorosoma","cepedianum",0.699999999977,0.000699999999977,16.8,"C","J. G. Rubalcaba, W. C. E. P. Verberk, A. J. Hendriks. B. Saris, H. A. Woods, Oxygen limitation may affect the temperature and size dependence of metabolism in aquatic ectotherms. Proc. Natl. Acad. Sci. U.S.A. 117, 31963-3196 (2020).","Dorosoma cepedianum",-5478.17471535787,6923.87195295277,-9.86509190714357,0.148270090189226,9.64690750252623e-05,-7.26443022295373,-3.7720852857491,40.0240280249845,422,"Dorosoma cepedianum",289.95,TRUE,-5.56651038949193,1.79442510374283
"Teleostei","Clupeiformes","Clupeidae","Dorosoma","cepedianum",1.6999999985192,0.0016999999985192,12.4,"C","J. G. Rubalcaba, W. C. E. P. Verberk, A. J. Hendriks. B. Saris, H. A. Woods, Oxygen limitation may affect the temperature and size dependence of metabolism in aquatic ectotherms. Proc. Natl. Acad. Sci. U.S.A. 117, 31963-3196 (2020).","Dorosoma cepedianum",-5478.17471535787,6923.87195295277,-9.86509190714357,0.148270090189226,9.64690750252623e-05,-6.37712702879103,-4.73262192641425,40.640752673242,423,"Dorosoma cepedianum",285.55,TRUE,-5.17542164053125,0.442799714117001
"Teleostei","Clupeiformes","Clupeidae","Dorosoma","cepedianum",1.6999999985192,0.0016999999985192,13.4,"C","J. G. Rubalcaba, W. C. E. P. Verberk, A. J. Hendriks. B. Saris, H. A. Woods, Oxygen limitation may affect the temperature and size dependence of metabolism in aquatic ectotherms. Proc. Natl. Acad. Sci. U.S.A. 117, 31963-3196 (2020).","Dorosoma cepedianum",-5478.17471535787,6923.87195295277,-9.86509190714357,0.148270090189226,9.64690750252623e-05,-6.37712702879103,-4.40519952549326,40.4989248851658,424,"Dorosoma cepedianum",286.55,TRUE,-5.09695039612147,0.691750870628216
"Teleostei","Clupeiformes","Clupeidae","Dorosoma","cepedianum",3.1000000011829,0.0031000000011829,18.8,"C","J. G. Rubalcaba, W. C. E. P. Verberk, A. J. Hendriks. B. Saris, H. A. Woods, Oxygen limitation may affect the temperature and size dependence of metabolism in aquatic ectotherms. Proc. Natl. Acad. Sci. U.S.A. 117, 31963-3196 (2020).","Dorosoma cepedianum",-5478.17471535787,6923.87195295277,-9.86509190714357,0.148270090189226,9.64690750252623e-05,-5.77635316710946,-3.86177508261222,39.7498438973943,425,"Dorosoma cepedianum",291.95,TRUE,-4.18666114603926,0.324886063427037
"Teleostei","Clupeiformes","Clupeidae","Dorosoma","cepedianum",3.3000000009278,0.0033000000009278,19.3,"C","J. G. Rubalcaba, W. C. E. P. Verberk, A. J. Hendriks. B. Saris, H. A. Woods, Oxygen limitation may affect the temperature and size dependence of metabolism in aquatic ectotherms. Proc. Natl. Acad. Sci. U.S.A. 117, 31963-3196 (2020).","Dorosoma cepedianum",-5478.17471535787,6923.87195295277,-9.86509190714357,0.148270090189226,9.64690750252623e-05,-5.71383281022855,-3.76600285971046,39.6818838291819,426,"Dorosoma cepedianum",292.45,TRUE,-4.09746022014028,0.331457360429818
"Teleostei","Clupeiformes","Clupeidae","Dorosoma","cepedianum",3.899999999762,0.003899999999762,14.4,"C","J. G. Rubalcaba, W. C. E. P. Verberk, A. J. Hendriks. B. Saris, H. A. Woods, Oxygen limitation may affect the temperature and size dependence of metabolism in aquatic ectotherms. Proc. Natl. Acad. Sci. U.S.A. 117, 31963-3196 (2020).","Dorosoma cepedianum",-5478.17471535787,6923.87195295277,-9.86509190714357,0.148270090189226,9.64690750252623e-05,-5.54677872590756,-4.15552042060817,40.3580835536229,427,"Dorosoma cepedianum",287.55,TRUE,-4.33371774585305,0.178197325244881
"Teleostei","Clupeiformes","Clupeidae","Dorosoma","cepedianum",4.3999999950742,0.0043999999950742,23,"C","J. G. Rubalcaba, W. C. E. P. Verberk, A. J. Hendriks. B. Saris, H. A. Woods, Oxygen limitation may affect the temperature and size dependence of metabolism in aquatic ectotherms. Proc. Natl. Acad. Sci. U.S.A. 117, 31963-3196 (2020).","Dorosoma cepedianum",-5478.17471535787,6923.87195295277,-9.86509190714357,0.148270090189226,9.64690750252623e-05,-5.42615073917742,-4.21450971925306,39.1861115172861,428,"Dorosoma cepedianum",296.15,TRUE,-3.58572543839197,-0.628784280861091
"Teleostei","Clupeiformes","Clupeidae","Dorosoma","cepedianum",4.3999999950742,0.0043999999950742,23,"C","J. G. Rubalcaba, W. C. E. P. Verberk, A. J. Hendriks. B. Saris, H. A. Woods, Oxygen limitation may affect the temperature and size dependence of metabolism in aquatic ectotherms. Proc. Natl. Acad. Sci. U.S.A. 117, 31963-3196 (2020).","Dorosoma cepedianum",-5478.17471535787,6923.87195295277,-9.86509190714357,0.148270090189226,9.64690750252623e-05,-5.42615073917742,-3.36522969746461,39.1861115172861,429,"Dorosoma cepedianum",296.15,TRUE,-3.58572543839197,0.220495740927359
"Teleostei","Clupeiformes","Clupeidae","Dorosoma","cepedianum",4.6000000033727,0.0046000000033727,13.4,"C","J. G. Rubalcaba, W. C. E. P. Verberk, A. J. Hendriks. B. Saris, H. A. Woods, Oxygen limitation may affect the temperature and size dependence of metabolism in aquatic ectotherms. Proc. Natl. Acad. Sci. U.S.A. 117, 31963-3196 (2020).","Dorosoma cepedianum",-5478.17471535787,6923.87195295277,-9.86509190714357,0.148270090189226,9.64690750252623e-05,-5.38169897475389,-4.51489844296722,40.4989248851658,430,"Dorosoma cepedianum",286.55,TRUE,-4.27539875567076,-0.239499687296466
"Teleostei","Clupeiformes","Clupeidae","Dorosoma","cepedianum",4.6000000033727,0.0046000000033727,13,"C","J. G. Rubalcaba, W. C. E. P. Verberk, A. J. Hendriks. B. Saris, H. A. Woods, Oxygen limitation may affect the temperature and size dependence of metabolism in aquatic ectotherms. Proc. Natl. Acad. Sci. U.S.A. 117, 31963-3196 (2020).","Dorosoma cepedianum",-5478.17471535787,6923.87195295277,-9.86509190714357,0.148270090189226,9.64690750252623e-05,-5.38169897475389,-4.38915876484548,40.5555370464591,431,"Dorosoma cepedianum",286.15,TRUE,-4.30672143795796,-0.0824373268875185
"Teleostei","Clupeiformes","Clupeidae","Dorosoma","cepedianum",4.9999999961314,0.0049999999961314,9.8,"C","J. G. Rubalcaba, W. C. E. P. Verberk, A. J. Hendriks. B. Saris, H. A. Woods, Oxygen limitation may affect the temperature and size dependence of metabolism in aquatic ectotherms. Proc. Natl. Acad. Sci. U.S.A. 117, 31963-3196 (2020).","Dorosoma cepedianum",-5478.17471535787,6923.87195295277,-9.86509190714357,0.148270090189226,9.64690750252623e-05,-5.29831736732176,-5.25726213629603,41.0141965924872,432,"Dorosoma cepedianum",282.95,TRUE,-4.49167414456824,-0.765587991727782
"Teleostei","Clupeiformes","Clupeidae","Dorosoma","cepedianum",4.9999999961314,0.0049999999961314,9.1,"C","J. G. Rubalcaba, W. C. E. P. Verberk, A. J. Hendriks. B. Saris, H. A. Woods, Oxygen limitation may affect the temperature and size dependence of metabolism in aquatic ectotherms. Proc. Natl. Acad. Sci. U.S.A. 117, 31963-3196 (2020).","Dorosoma cepedianum",-5478.17471535787,6923.87195295277,-9.86509190714357,0.148270090189226,9.64690750252623e-05,-5.29831736732176,-4.85928769924349,41.1159147062684,433,"Dorosoma cepedianum",282.25,TRUE,-4.54795329180514,-0.311334407438347
"Teleostei","Clupeiformes","Clupeidae","Dorosoma","cepedianum",5.4000000022012,0.0054000000022012,9.4,"C","J. G. Rubalcaba, W. C. E. P. Verberk, A. J. Hendriks. B. Saris, H. A. Woods, Oxygen limitation may affect the temperature and size dependence of metabolism in aquatic ectotherms. Proc. Natl. Acad. Sci. U.S.A. 117, 31963-3196 (2020).","Dorosoma cepedianum",-5478.17471535787,6923.87195295277,-9.86509190714357,0.148270090189226,9.64690750252623e-05,-5.22135632500428,-5.05755526978388,41.0722595145789,434,"Dorosoma cepedianum",282.55,TRUE,-4.46028164078374,-0.597273629000139
"Teleostei","Clupeiformes","Clupeidae","Dorosoma","cepedianum",9.300000009552,0.009300000009552,23,"C","J. G. Rubalcaba, W. C. E. P. Verberk, A. J. Hendriks. B. Saris, H. A. Woods, Oxygen limitation may affect the temperature and size dependence of metabolism in aquatic ectotherms. Proc. Natl. Acad. Sci. U.S.A. 117, 31963-3196 (2020).","Dorosoma cepedianum",-5478.17471535787,6923.87195295277,-9.86509190714357,0.148270090189226,9.64690750252623e-05,-4.67774087779583,-3.71000135564313,39.1861115172861,435,"Dorosoma cepedianum",296.15,TRUE,-2.96804408326653,-0.741957272376607
"Teleostei","Clupeiformes","Clupeidae","Dorosoma","cepedianum",9.300000009552,0.009300000009552,23,"C","J. G. Rubalcaba, W. C. E. P. Verberk, A. J. Hendriks. B. Saris, H. A. Woods, Oxygen limitation may affect the temperature and size dependence of metabolism in aquatic ectotherms. Proc. Natl. Acad. Sci. U.S.A. 117, 31963-3196 (2020).","Dorosoma cepedianum",-5478.17471535787,6923.87195295277,-9.86509190714357,0.148270090189226,9.64690750252623e-05,-4.67774087779583,-3.16291360090813,39.1861115172861,436,"Dorosoma cepedianum",296.15,TRUE,-2.96804408326653,-0.194869517641599
"Teleostei","Clupeiformes","Clupeidae","Dorosoma","cepedianum",10,0.01,13.9,"C","J. G. Rubalcaba, W. C. E. P. Verberk, A. J. Hendriks. B. Saris, H. A. Woods, Oxygen limitation may affect the temperature and size dependence of metabolism in aquatic ectotherms. Proc. Natl. Acad. Sci. U.S.A. 117, 31963-3196 (2020).","Dorosoma cepedianum",-5478.17471535787,6923.87195295277,-9.86509190714357,0.148270090189226,9.64690750252623e-05,-4.60517018598809,-3.4312694950053,40.4283815566775,437,"Dorosoma cepedianum",287.05,TRUE,-3.59547955362081,0.164210058615505
"Teleostei","Clupeiformes","Clupeidae","Dorosoma","cepedianum",11.2000000085056,0.0112000000085056,20.3,"C","J. G. Rubalcaba, W. C. E. P. Verberk, A. J. Hendriks. B. Saris, H. A. Woods, Oxygen limitation may affect the temperature and size dependence of metabolism in aquatic ectotherms. Proc. Natl. Acad. Sci. U.S.A. 117, 31963-3196 (2020).","Dorosoma cepedianum",-5478.17471535787,6923.87195295277,-9.86509190714357,0.148270090189226,9.64690750252623e-05,-4.49184149992166,-4.53644171434059,39.5466584625805,438,"Dorosoma cepedianum",293.45,TRUE,-3.01410204335663,-1.52233967098396
"Teleostei","Clupeiformes","Clupeidae","Dorosoma","cepedianum",13.699999995066,0.013699999995066,17.2,"C","J. G. Rubalcaba, W. C. E. P. Verberk, A. J. Hendriks. B. Saris, H. A. Woods, Oxygen limitation may affect the temperature and size dependence of metabolism in aquatic ectotherms. Proc. Natl. Acad. Sci. U.S.A. 117, 31963-3196 (2020).","Dorosoma cepedianum",-5478.17471535787,6923.87195295277,-9.86509190714357,0.148270090189226,9.64690750252623e-05,-4.2903594465082,-3.27643566941774,39.9688890161676,439,"Dorosoma cepedianum",290.35,TRUE,-3.08142787191003,-0.195007797507709
"Teleostei","Clupeiformes","Clupeidae","Dorosoma","cepedianum",14.6000000072467,0.0146000000072467,17.2,"C","J. G. Rubalcaba, W. C. E. P. Verberk, A. J. Hendriks. B. Saris, H. A. Woods, Oxygen limitation may affect the temperature and size dependence of metabolism in aquatic ectotherms. Proc. Natl. Acad. Sci. U.S.A. 117, 31963-3196 (2020).","Dorosoma cepedianum",-5478.17471535787,6923.87195295277,-9.86509190714357,0.148270090189226,9.64690750252623e-05,-4.2267337497715,-4.9403835930456,39.9688890161676,440,"Dorosoma cepedianum",290.35,TRUE,-3.02891599491715,-1.91146759812845
"Teleostei","Clupeiformes","Clupeidae","Dorosoma","cepedianum",15.0999999898067,0.0150999999898067,20,"C","J. G. Rubalcaba, W. C. E. P. Verberk, A. J. Hendriks. B. Saris, H. A. Woods, Oxygen limitation may affect the temperature and size dependence of metabolism in aquatic ectotherms. Proc. Natl. Acad. Sci. U.S.A. 117, 31963-3196 (2020).","Dorosoma cepedianum",-5478.17471535787,6923.87195295277,-9.86509190714357,0.148270090189226,9.64690750252623e-05,-4.19306053583631,-3.82948927932907,39.5871292029482,441,"Dorosoma cepedianum",293.15,TRUE,-2.7899025194091,-1.03958675991997
"Teleostei","Clupeiformes","Clupeidae","Dorosoma","cepedianum",15.2000000019329,0.0152000000019329,12,"C","J. G. Rubalcaba, W. C. E. P. Verberk, A. J. Hendriks. B. Saris, H. A. Woods, Oxygen limitation may affect the temperature and size dependence of metabolism in aquatic ectotherms. Proc. Natl. Acad. Sci. U.S.A. 117, 31963-3196 (2020).","Dorosoma cepedianum",-5478.17471535787,6923.87195295277,-9.86509190714357,0.148270090189226,9.64690750252623e-05,-4.18645985100274,-4.67379656809287,40.697762321039,442,"Dorosoma cepedianum",285.15,TRUE,-3.39895189794716,-1.27484467014571
"Teleostei","Clupeiformes","Clupeidae","Dorosoma","cepedianum",17.2000000036614,0.0172000000036614,11.5,"C","J. G. Rubalcaba, W. C. E. P. Verberk, A. J. Hendriks. B. Saris, H. A. Woods, Oxygen limitation may affect the temperature and size dependence of metabolism in aquatic ectotherms. Proc. Natl. Acad. Sci. U.S.A. 117, 31963-3196 (2020).","Dorosoma cepedianum",-5478.17471535787,6923.87195295277,-9.86509190714357,0.148270090189226,9.64690750252623e-05,-4.06284589494986,-4.80059328979228,40.7692496955709,443,"Dorosoma cepedianum",284.65,TRUE,-3.33648313252293,-1.46411015726934
"Teleostei","Clupeiformes","Clupeidae","Dorosoma","cepedianum",17.5000000126408,0.0175000000126408,12.8,"C","J. G. Rubalcaba, W. C. E. P. Verberk, A. J. Hendriks. B. Saris, H. A. Woods, Oxygen limitation may affect the temperature and size dependence of metabolism in aquatic ectotherms. Proc. Natl. Acad. Sci. U.S.A. 117, 31963-3196 (2020).","Dorosoma cepedianum",-5478.17471535787,6923.87195295277,-9.86509190714357,0.148270090189226,9.64690750252623e-05,-4.04555439733034,-4.74345588402055,40.5839025208752,444,"Dorosoma cepedianum",285.95,TRUE,-3.21966214193823,-1.52379374208232
"Teleostei","Clupeiformes","Clupeidae","Dorosoma","cepedianum",19.0000000020636,0.0190000000020636,23,"C","J. G. Rubalcaba, W. C. E. P. Verberk, A. J. Hendriks. B. Saris, H. A. Woods, Oxygen limitation may affect the temperature and size dependence of metabolism in aquatic ectotherms. Proc. Natl. Acad. Sci. U.S.A. 117, 31963-3196 (2020).","Dorosoma cepedianum",-5478.17471535787,6923.87195295277,-9.86509190714357,0.148270090189226,9.64690750252623e-05,-3.96331629970709,-2.88256466371895,39.1861115172861,445,"Dorosoma cepedianum",296.15,TRUE,-2.37841163145176,-0.504153032267185
"Teleostei","Clupeiformes","Clupeidae","Dorosoma","cepedianum",24.2000000010904,0.0242000000010904,24.5,"C","J. G. Rubalcaba, W. C. E. P. Verberk, A. J. Hendriks. B. Saris, H. A. Woods, Oxygen limitation may affect the temperature and size dependence of metabolism in aquatic ectotherms. Proc. Natl. Acad. Sci. U.S.A. 117, 31963-3196 (2020).","Dorosoma cepedianum",-5478.17471535787,6923.87195295277,-9.86509190714357,0.148270090189226,9.64690750252623e-05,-3.72140264577444,-2.72025406035252,38.9886340528952,446,"Dorosoma cepedianum",297.65,TRUE,-2.0694928516435,-0.650761208709025
"Teleostei","Clupeiformes","Clupeidae","Dorosoma","cepedianum",25.000000018879,0.025000000018879,22,"C","J. G. Rubalcaba, W. C. E. P. Verberk, A. J. Hendriks. B. Saris, H. A. Woods, Oxygen limitation may affect the temperature and size dependence of metabolism in aquatic ectotherms. Proc. Natl. Acad. Sci. U.S.A. 117, 31963-3196 (2020).","Dorosoma cepedianum",-5478.17471535787,6923.87195295277,-9.86509190714357,0.148270090189226,9.64690750252623e-05,-3.68887945335878,-3.40400046697091,39.3188782850898,447,"Dorosoma cepedianum",295.15,TRUE,-2.22536996045706,-1.17863050651385
"Teleostei","Clupeiformes","Clupeidae","Dorosoma","cepedianum",25.6999999803951,0.0256999999803951,23.8,"C","J. G. Rubalcaba, W. C. E. P. Verberk, A. J. Hendriks. B. Saris, H. A. Woods, Oxygen limitation may affect the temperature and size dependence of metabolism in aquatic ectotherms. Proc. Natl. Acad. Sci. U.S.A. 117, 31963-3196 (2020).","Dorosoma cepedianum",-5478.17471535787,6923.87195295277,-9.86509190714357,0.148270090189226,9.64690750252623e-05,-3.6612642878438,-3.34472798004403,39.0805419290933,448,"Dorosoma cepedianum",296.95,TRUE,-2.0707104485017,-1.27401753154233
"Teleostei","Clupeiformes","Clupeidae","Dorosoma","cepedianum",26.9999999901158,0.0269999999901158,16.8,"C","J. G. Rubalcaba, W. C. E. P. Verberk, A. J. Hendriks. B. Saris, H. A. Woods, Oxygen limitation may affect the temperature and size dependence of metabolism in aquatic ectotherms. Proc. Natl. Acad. Sci. U.S.A. 117, 31963-3196 (2020).","Dorosoma cepedianum",-5478.17471535787,6923.87195295277,-9.86509190714357,0.148270090189226,9.64690750252623e-05,-3.61191841334389,-4.01435568615131,40.0240280249845,449,"Dorosoma cepedianum",289.95,TRUE,-2.55200114718096,-1.46235453897035
"Teleostei","Clupeiformes","Clupeidae","Dorosoma","cepedianum",27.5999999958553,0.0275999999958553,16,"C","J. G. Rubalcaba, W. C. E. P. Verberk, A. J. Hendriks. B. Saris, H. A. Woods, Oxygen limitation may affect the temperature and size dependence of metabolism in aquatic ectotherms. Proc. Natl. Acad. Sci. U.S.A. 117, 31963-3196 (2020).","Dorosoma cepedianum",-5478.17471535787,6923.87195295277,-9.86509190714357,0.148270090189226,9.64690750252623e-05,-3.5899395064092,-4.11599073532507,40.1347637068797,450,"Dorosoma cepedianum",289.15,TRUE,-2.59512984223286,-1.52086089309221
"Teleostei","Clupeiformes","Clupeidae","Dorosoma","cepedianum",28.599999991502,0.028599999991502,10,"C","J. G. Rubalcaba, W. C. E. P. Verberk, A. J. Hendriks. B. Saris, H. A. Woods, Oxygen limitation may affect the temperature and size dependence of metabolism in aquatic ectotherms. Proc. Natl. Acad. Sci. U.S.A. 117, 31963-3196 (2020).","Dorosoma cepedianum",-5478.17471535787,6923.87195295277,-9.86509190714357,0.148270090189226,9.64690750252623e-05,-3.55434856145346,-4.61564394143735,40.9852266496354,451,"Dorosoma cepedianum",283.15,TRUE,-3.03630447542507,-1.57933946601229
"Teleostei","Clupeiformes","Clupeidae","Dorosoma","cepedianum",29.1000000009442,0.0291000000009442,13.5,"C","J. G. Rubalcaba, W. C. E. P. Verberk, A. J. Hendriks. B. Saris, H. A. Woods, Oxygen limitation may affect the temperature and size dependence of metabolism in aquatic ectotherms. Proc. Natl. Acad. Sci. U.S.A. 117, 31963-3196 (2020).","Dorosoma cepedianum",-5478.17471535787,6923.87195295277,-9.86509190714357,0.148270090189226,9.64690750252623e-05,-3.53701710477224,-4.36844998346505,40.4847965318132,452,"Dorosoma cepedianum",286.65,TRUE,-2.74511971351223,-1.62333026995283
"Teleostei","Clupeiformes","Clupeidae","Dorosoma","cepedianum",29.8999999776639,0.0298999999776639,14.2,"C","J. G. Rubalcaba, W. C. E. P. Verberk, A. J. Hendriks. B. Saris, H. A. Woods, Oxygen limitation may affect the temperature and size dependence of metabolism in aquatic ectotherms. Proc. Natl. Acad. Sci. U.S.A. 117, 31963-3196 (2020).","Dorosoma cepedianum",-5478.17471535787,6923.87195295277,-9.86509190714357,0.148270090189226,9.64690750252623e-05,-3.50989679933252,-3.49914691733716,40.3861733977528,453,"Dorosoma cepedianum",287.35,TRUE,-2.6681699077772,-0.830977009559962
"Teleostei","Clupeiformes","Clupeidae","Dorosoma","cepedianum",29.8999999776639,0.0298999999776639,15.2,"C","J. G. Rubalcaba, W. C. E. P. Verberk, A. J. Hendriks. B. Saris, H. A. Woods, Oxygen limitation may affect the temperature and size dependence of metabolism in aquatic ectotherms. Proc. Natl. Acad. Sci. U.S.A. 117, 31963-3196 (2020).","Dorosoma cepedianum",-5478.17471535787,6923.87195295277,-9.86509190714357,0.148270090189226,9.64690750252623e-05,-3.50989679933252,-3.42861676666968,40.2461138402784,454,"Dorosoma cepedianum",288.35,TRUE,-2.59067699954264,-0.837939767127038
"Teleostei","Clupeiformes","Clupeidae","Dorosoma","cepedianum",31.9999999764284,0.0319999999764284,21.2,"C","J. G. Rubalcaba, W. C. E. P. Verberk, A. J. Hendriks. B. Saris, H. A. Woods, Oxygen limitation may affect the temperature and size dependence of metabolism in aquatic ectotherms. Proc. Natl. Acad. Sci. U.S.A. 117, 31963-3196 (2020).","Dorosoma cepedianum",-5478.17471535787,6923.87195295277,-9.86509190714357,0.148270090189226,9.64690750252623e-05,-3.44201937691902,-2.59836037171176,39.4257412123128,455,"Dorosoma cepedianum",294.35,TRUE,-2.08075586979292,-0.51760450191884
"Teleostei","Clupeiformes","Clupeidae","Dorosoma","cepedianum",32.2999999753747,0.0322999999753747,13.2,"C","J. G. Rubalcaba, W. C. E. P. Verberk, A. J. Hendriks. B. Saris, H. A. Woods, Oxygen limitation may affect the temperature and size dependence of metabolism in aquatic ectotherms. Proc. Natl. Acad. Sci. U.S.A. 117, 31963-3196 (2020).","Dorosoma cepedianum",-5478.17471535787,6923.87195295277,-9.86509190714357,0.148270090189226,9.64690750252623e-05,-3.43268804951592,-4.08477999850679,40.5272111955448,456,"Dorosoma cepedianum",286.35,TRUE,-2.68248175206981,-1.40229824643698
"Teleostei","Clupeiformes","Clupeidae","Dorosoma","cepedianum",32.7000000255786,0.0327000000255786,11.7,"C","J. G. Rubalcaba, W. C. E. P. Verberk, A. J. Hendriks. B. Saris, H. A. Woods, Oxygen limitation may affect the temperature and size dependence of metabolism in aquatic ectotherms. Proc. Natl. Acad. Sci. U.S.A. 117, 31963-3196 (2020).","Dorosoma cepedianum",-5478.17471535787,6923.87195295277,-9.86509190714357,0.148270090189226,9.64690750252623e-05,-3.42038020029671,-3.30388526283322,40.7406246299605,457,"Dorosoma cepedianum",284.85,TRUE,-2.79040231399379,-0.513482948839426
"Teleostei","Clupeiformes","Clupeidae","Dorosoma","cepedianum",33.3000000378534,0.0333000000378534,21,"C","J. G. Rubalcaba, W. C. E. P. Verberk, A. J. Hendriks. B. Saris, H. A. Woods, Oxygen limitation may affect the temperature and size dependence of metabolism in aquatic ectotherms. Proc. Natl. Acad. Sci. U.S.A. 117, 31963-3196 (2020).","Dorosoma cepedianum",-5478.17471535787,6923.87195295277,-9.86509190714357,0.148270090189226,9.64690750252623e-05,-3.402197880859,-2.56525031274404,39.4525477676161,458,"Dorosoma cepedianum",294.15,TRUE,-2.06272186995186,-0.502528442792175
"Teleostei","Clupeiformes","Clupeidae","Dorosoma","cepedianum",36.0000000192902,0.0360000000192902,16,"C","J. G. Rubalcaba, W. C. E. P. Verberk, A. J. Hendriks. B. Saris, H. A. Woods, Oxygen limitation may affect the temperature and size dependence of metabolism in aquatic ectotherms. Proc. Natl. Acad. Sci. U.S.A. 117, 31963-3196 (2020).","Dorosoma cepedianum",-5478.17471535787,6923.87195295277,-9.86509190714357,0.148270090189226,9.64690750252623e-05,-3.32423633999019,-3.3935291670479,40.1347637068797,459,"Dorosoma cepedianum",289.15,TRUE,-2.37583838127878,-1.01769078576913
"Teleostei","Clupeiformes","Clupeidae","Dorosoma","cepedianum",36.4999999616358,0.0364999999616358,17,"C","J. G. Rubalcaba, W. C. E. P. Verberk, A. J. Hendriks. B. Saris, H. A. Woods, Oxygen limitation may affect the temperature and size dependence of metabolism in aquatic ectotherms. Proc. Natl. Acad. Sci. U.S.A. 117, 31963-3196 (2020).","Dorosoma cepedianum",-5478.17471535787,6923.87195295277,-9.86509190714357,0.148270090189226,9.64690750252623e-05,-3.31044301944477,-2.8764384873105,39.9964395169542,460,"Dorosoma cepedianum",290.15,TRUE,-2.2879216545458,-0.588516832764698
"Teleostei","Clupeiformes","Clupeidae","Dorosoma","cepedianum",47.099999986021,0.047099999986021,20.2,"C","J. G. Rubalcaba, W. C. E. P. Verberk, A. J. Hendriks. B. Saris, H. A. Woods, Oxygen limitation may affect the temperature and size dependence of metabolism in aquatic ectotherms. Proc. Natl. Acad. Sci. U.S.A. 117, 31963-3196 (2020).","Dorosoma cepedianum",-5478.17471535787,6923.87195295277,-9.86509190714357,0.148270090189226,9.64690750252623e-05,-3.05548227825656,-2.63670646772437,39.5601395119968,461,"Dorosoma cepedianum",293.35,TRUE,-1.83609776288042,-0.800608704843957
"Teleostei","Clupeiformes","Clupeidae","Dorosoma","cepedianum",49.9000000432721,0.0499000000432721,17.8,"C","J. G. Rubalcaba, W. C. E. P. Verberk, A. J. Hendriks. B. Saris, H. A. Woods, Oxygen limitation may affect the temperature and size dependence of metabolism in aquatic ectotherms. Proc. Natl. Acad. Sci. U.S.A. 117, 31963-3196 (2020).","Dorosoma cepedianum",-5478.17471535787,6923.87195295277,-9.86509190714357,0.148270090189226,9.64690750252623e-05,-2.99773427535749,-2.53639885167564,39.8864647734809,462,"Dorosoma cepedianum",290.95,TRUE,-1.9689878961683,-0.567410955507331
"Teleostei","Clupeiformes","Clupeidae","Dorosoma","cepedianum",53.8999999768239,0.0538999999768239,15,"C","J. G. Rubalcaba, W. C. E. P. Verberk, A. J. Hendriks. B. Saris, H. A. Woods, Oxygen limitation may affect the temperature and size dependence of metabolism in aquatic ectotherms. Proc. Natl. Acad. Sci. U.S.A. 117, 31963-3196 (2020).","Dorosoma cepedianum",-5478.17471535787,6923.87195295277,-9.86509190714357,0.148270090189226,9.64690750252623e-05,-2.92062480149717,-2.15519854939521,40.2740479814134,463,"Dorosoma cepedianum",288.15,TRUE,-2.11979165117357,-0.0354068982216345
"Teleostei","Clupeiformes","Clupeidae","Dorosoma","cepedianum",59.9999999469976,0.0599999999469976,14.6,"C","J. G. Rubalcaba, W. C. E. P. Verberk, A. J. Hendriks. B. Saris, H. A. Woods, Oxygen limitation may affect the temperature and size dependence of metabolism in aquatic ectotherms. Proc. Natl. Acad. Sci. U.S.A. 117, 31963-3196 (2020).","Dorosoma cepedianum",-5478.17471535787,6923.87195295277,-9.86509190714357,0.148270090189226,9.64690750252623e-05,-2.81341071764341,-2.0089724259186,40.3300327570609,464,"Dorosoma cepedianum",287.75,TRUE,-2.06228074835178,0.0533083224331805
"Teleostei","Clupeiformes","Clupeidae","Dorosoma","cepedianum",61.9999999288691,0.0619999999288691,22.7,"C","J. G. Rubalcaba, W. C. E. P. Verberk, A. J. Hendriks. B. Saris, H. A. Woods, Oxygen limitation may affect the temperature and size dependence of metabolism in aquatic ectotherms. Proc. Natl. Acad. Sci. U.S.A. 117, 31963-3196 (2020).","Dorosoma cepedianum",-5478.17471535787,6923.87195295277,-9.86509190714357,0.148270090189226,9.64690750252623e-05,-2.78062089508432,-1.16197274648374,39.2258473072309,465,"Dorosoma cepedianum",295.85,TRUE,-1.42428880073257,0.262316054248835
"Teleostei","Clupeiformes","Clupeidae","Dorosoma","cepedianum",63.2999999974704,0.0632999999974704,23.9,"C","J. G. Rubalcaba, W. C. E. P. Verberk, A. J. Hendriks. B. Saris, H. A. Woods, Oxygen limitation may affect the temperature and size dependence of metabolism in aquatic ectotherms. Proc. Natl. Acad. Sci. U.S.A. 117, 31963-3196 (2020).","Dorosoma cepedianum",-5478.17471535787,6923.87195295277,-9.86509190714357,0.148270090189226,9.64690750252623e-05,-2.75986994987197,-2.35137700674834,39.0673857123187,466,"Dorosoma cepedianum",297.05,TRUE,-1.31948804038255,-1.03188896636579
"Teleostei","Clupeiformes","Clupeidae","Dorosoma","cepedianum",68.4999999223312,0.0684999999223312,10.4,"C","J. G. Rubalcaba, W. C. E. P. Verberk, A. J. Hendriks. B. Saris, H. A. Woods, Oxygen limitation may affect the temperature and size dependence of metabolism in aquatic ectotherms. Proc. Natl. Acad. Sci. U.S.A. 117, 31963-3196 (2020).","Dorosoma cepedianum",-5478.17471535787,6923.87195295277,-9.86509190714357,0.148270090189226,9.64690750252623e-05,-2.68092153484781,-2.14863437315745,40.9274093664054,467,"Dorosoma cepedianum",283.55,TRUE,-2.2834538720432,0.134819498885746
"Teleostei","Clupeiformes","Clupeidae","Dorosoma","cepedianum",74.1000000035271,0.0741000000035271,23.9,"C","J. G. Rubalcaba, W. C. E. P. Verberk, A. J. Hendriks. B. Saris, H. A. Woods, Oxygen limitation may affect the temperature and size dependence of metabolism in aquatic ectotherms. Proc. Natl. Acad. Sci. U.S.A. 117, 31963-3196 (2020).","Dorosoma cepedianum",-5478.17471535787,6923.87195295277,-9.86509190714357,0.148270090189226,9.64690750252623e-05,-2.6023397466325,-1.76707709766573,39.0673857123187,468,"Dorosoma cepedianum",297.05,TRUE,-1.18947442828166,-0.577602669384069
"Teleostei","Clupeiformes","Clupeidae","Dorosoma","cepedianum",81.0000000226329,0.0810000000226329,13.5,"C","J. G. Rubalcaba, W. C. E. P. Verberk, A. J. Hendriks. B. Saris, H. A. Woods, Oxygen limitation may affect the temperature and size dependence of metabolism in aquatic ectotherms. Proc. Natl. Acad. Sci. U.S.A. 117, 31963-3196 (2020).","Dorosoma cepedianum",-5478.17471535787,6923.87195295277,-9.86509190714357,0.148270090189226,9.64690750252623e-05,-2.51330612403028,-2.48728877078668,40.4847965318132,469,"Dorosoma cepedianum",286.65,TRUE,-1.90022546709731,-0.587063303689362
"Teleostei","Clupeiformes","Clupeidae","Dorosoma","cepedianum",81.5000000487961,0.0815000000487961,12.2,"C","J. G. Rubalcaba, W. C. E. P. Verberk, A. J. Hendriks. B. Saris, H. A. Woods, Oxygen limitation may affect the temperature and size dependence of metabolism in aquatic ectotherms. Proc. Natl. Acad. Sci. U.S.A. 117, 31963-3196 (2020).","Dorosoma cepedianum",-5478.17471535787,6923.87195295277,-9.86509190714357,0.148270090189226,9.64690750252623e-05,-2.50715225813659,-3.0072280012947,40.6692375182907,470,"Dorosoma cepedianum",285.35,TRUE,-1.99719503275978,-1.01003296853492
"Teleostei","Clupeiformes","Clupeidae","Dorosoma","cepedianum",85.9999999517682,0.0859999999517682,24.2,"C","J. G. Rubalcaba, W. C. E. P. Verberk, A. J. Hendriks. B. Saris, H. A. Woods, Oxygen limitation may affect the temperature and size dependence of metabolism in aquatic ectotherms. Proc. Natl. Acad. Sci. U.S.A. 117, 31963-3196 (2020).","Dorosoma cepedianum",-5478.17471535787,6923.87195295277,-9.86509190714357,0.148270090189226,9.64690750252623e-05,-2.45340798328946,-2.00937830534148,39.0279701558576,471,"Dorosoma cepedianum",297.35,TRUE,-1.044749271521,-0.964629033820488
"Teleostei","Clupeiformes","Clupeidae","Dorosoma","cepedianum",87.699999926083,0.087699999926083,13.4,"C","J. G. Rubalcaba, W. C. E. P. Verberk, A. J. Hendriks. B. Saris, H. A. Woods, Oxygen limitation may affect the temperature and size dependence of metabolism in aquatic ectotherms. Proc. Natl. Acad. Sci. U.S.A. 117, 31963-3196 (2020).","Dorosoma cepedianum",-5478.17471535787,6923.87195295277,-9.86509190714357,0.148270090189226,9.64690750252623e-05,-2.43383338044684,-3.88942056733026,40.4989248851658,472,"Dorosoma cepedianum",286.55,TRUE,-1.84245163808748,-2.04696892924277
"Teleostei","Clupeiformes","Clupeidae","Dorosoma","cepedianum",256.899999842447,0.256899999842447,16.7,"C","J. G. Rubalcaba, W. C. E. P. Verberk, A. J. Hendriks. B. Saris, H. A. Woods, Oxygen limitation may affect the temperature and size dependence of metabolism in aquatic ectotherms. Proc. Natl. Acad. Sci. U.S.A. 117, 31963-3196 (2020).","Dorosoma cepedianum",-5478.17471535787,6923.87195295277,-9.86509190714357,0.148270090189226,9.64690750252623e-05,-1.35906837547958,-1.58112395588896,40.0378365563024,473,"Dorosoma cepedianum",289.85,TRUE,-0.70030778974732,-0.88081616614164
"Teleostei","Clupeiformes","Clupeidae","Gilchristella","aestuaria",0.0499999999613144,4.99999999613144e-05,15,"C","J. G. Rubalcaba, W. C. E. P. Verberk, A. J. Hendriks. B. Saris, H. A. Woods, Oxygen limitation may affect the temperature and size dependence of metabolism in aquatic ectotherms. Proc. Natl. Acad. Sci. U.S.A. 117, 31963-3196 (2020).","Gilchristella aestuaria",-5478.17471535787,6923.87195295277,-9.86509190714357,0.148270090189226,9.64690750252623e-05,-9.90348755330984,-9.83301842310619,40.2740479814134,505,"Gilchristella aestuaria",288.15,TRUE,-7.88292272380845,-1.95009569929774
"Teleostei","Clupeiformes","Clupeidae","Gilchristella","aestuaria",0.0499999999613144,4.99999999613144e-05,15,"C","J. G. Rubalcaba, W. C. E. P. Verberk, A. J. Hendriks. B. Saris, H. A. Woods, Oxygen limitation may affect the temperature and size dependence of metabolism in aquatic ectotherms. Proc. Natl. Acad. Sci. U.S.A. 117, 31963-3196 (2020).","Gilchristella aestuaria",-5478.17471535787,6923.87195295277,-9.86509190714357,0.148270090189226,9.64690750252623e-05,-9.90348755330984,-9.46948300370199,40.2740479814134,506,"Gilchristella aestuaria",288.15,TRUE,-7.88292272380845,-1.58656027989354
"Teleostei","Clupeiformes","Clupeidae","Gilchristella","aestuaria",0.0499999999613144,4.99999999613144e-05,20,"C","J. G. Rubalcaba, W. C. E. P. Verberk, A. J. Hendriks. B. Saris, H. A. Woods, Oxygen limitation may affect the temperature and size dependence of metabolism in aquatic ectotherms. Proc. Natl. Acad. Sci. U.S.A. 117, 31963-3196 (2020).","Gilchristella aestuaria",-5478.17471535787,6923.87195295277,-9.86509190714357,0.148270090189226,9.64690750252623e-05,-9.90348755330984,-9.10953888290553,39.5871292029482,507,"Gilchristella aestuaria",293.15,TRUE,-7.50286059292592,-1.60667828997961
"Teleostei","Clupeiformes","Clupeidae","Gilchristella","aestuaria",0.0499999999613144,4.99999999613144e-05,20,"C","J. G. Rubalcaba, W. C. E. P. Verberk, A. J. Hendriks. B. Saris, H. A. Woods, Oxygen limitation may affect the temperature and size dependence of metabolism in aquatic ectotherms. Proc. Natl. Acad. Sci. U.S.A. 117, 31963-3196 (2020).","Gilchristella aestuaria",-5478.17471535787,6923.87195295277,-9.86509190714357,0.148270090189226,9.64690750252623e-05,-9.90348755330984,-9.0648579147784,39.5871292029482,508,"Gilchristella aestuaria",293.15,TRUE,-7.50286059292592,-1.56199732185248
"Teleostei","Clupeiformes","Clupeidae","Gilchristella","aestuaria",0.0499999999613144,4.99999999613144e-05,25,"C","J. G. Rubalcaba, W. C. E. P. Verberk, A. J. Hendriks. B. Saris, H. A. Woods, Oxygen limitation may affect the temperature and size dependence of metabolism in aquatic ectotherms. Proc. Natl. Acad. Sci. U.S.A. 117, 31963-3196 (2020).","Gilchristella aestuaria",-5478.17471535787,6923.87195295277,-9.86509190714357,0.148270090189226,9.64690750252623e-05,-9.90348755330984,-8.52586140203693,38.9232497932056,509,"Gilchristella aestuaria",298.15,TRUE,-7.13554580837519,-1.39031559366173
"Teleostei","Clupeiformes","Clupeidae","Gilchristella","aestuaria",0.0899999999089575,8.99999999089575e-05,20,"C","J. G. Rubalcaba, W. C. E. P. Verberk, A. J. Hendriks. B. Saris, H. A. Woods, Oxygen limitation may affect the temperature and size dependence of metabolism in aquatic ectotherms. Proc. Natl. Acad. Sci. U.S.A. 117, 31963-3196 (2020).","Gilchristella aestuaria",-5478.17471535787,6923.87195295277,-9.86509190714357,0.148270090189226,9.64690750252623e-05,-9.31570088864559,-8.61758975161619,39.5871292029482,510,"Gilchristella aestuaria",293.15,TRUE,-7.01774557468679,-1.59984417692939
"Teleostei","Clupeiformes","Clupeidae","Gilchristella","aestuaria",0.1199999999868,0.0001199999999868,15,"C","J. G. Rubalcaba, W. C. E. P. Verberk, A. J. Hendriks. B. Saris, H. A. Woods, Oxygen limitation may affect the temperature and size dependence of metabolism in aquatic ectotherms. Proc. Natl. Acad. Sci. U.S.A. 117, 31963-3196 (2020).","Gilchristella aestuaria",-5478.17471535787,6923.87195295277,-9.86509190714357,0.148270090189226,9.64690750252623e-05,-9.02801881529223,-8.64836141028301,40.2740479814134,511,"Gilchristella aestuaria",288.15,TRUE,-7.16037650365254,-1.48798490663047
"Teleostei","Clupeiformes","Clupeidae","Gilchristella","aestuaria",0.1199999999868,0.0001199999999868,20,"C","J. G. Rubalcaba, W. C. E. P. Verberk, A. J. Hendriks. B. Saris, H. A. Woods, Oxygen limitation may affect the temperature and size dependence of metabolism in aquatic ectotherms. Proc. Natl. Acad. Sci. U.S.A. 117, 31963-3196 (2020).","Gilchristella aestuaria",-5478.17471535787,6923.87195295277,-9.86509190714357,0.148270090189226,9.64690750252623e-05,-9.02801881529223,-8.24112483956728,39.5871292029482,512,"Gilchristella aestuaria",293.15,TRUE,-6.78031437277001,-1.46081046679727
"Teleostei","Clupeiformes","Clupeidae","Gilchristella","aestuaria",0.1199999999868,0.0001199999999868,25,"C","J. G. Rubalcaba, W. C. E. P. Verberk, A. J. Hendriks. B. Saris, H. A. Woods, Oxygen limitation may affect the temperature and size dependence of metabolism in aquatic ectotherms. Proc. Natl. Acad. Sci. U.S.A. 117, 31963-3196 (2020).","Gilchristella aestuaria",-5478.17471535787,6923.87195295277,-9.86509190714357,0.148270090189226,9.64690750252623e-05,-9.02801881529223,-7.74384182904094,38.9232497932056,513,"Gilchristella aestuaria",298.15,TRUE,-6.41299958821928,-1.33084224082166
"Teleostei","Clupeiformes","Clupeidae","Gilchristella","aestuaria",0.1499999999807,0.0001499999999807,15,"C","J. G. Rubalcaba, W. C. E. P. Verberk, A. J. Hendriks. B. Saris, H. A. Woods, Oxygen limitation may affect the temperature and size dependence of metabolism in aquatic ectotherms. Proc. Natl. Acad. Sci. U.S.A. 117, 31963-3196 (2020).","Gilchristella aestuaria",-5478.17471535787,6923.87195295277,-9.86509190714357,0.148270090189226,9.64690750252623e-05,-8.80487526399668,-8.69881519295604,40.2740479814134,514,"Gilchristella aestuaria",288.15,TRUE,-6.97621055627006,-1.72260463668598
"Teleostei","Clupeiformes","Clupeidae","Gilchristella","aestuaria",0.1499999999807,0.0001499999999807,20,"C","J. G. Rubalcaba, W. C. E. P. Verberk, A. J. Hendriks. B. Saris, H. A. Woods, Oxygen limitation may affect the temperature and size dependence of metabolism in aquatic ectotherms. Proc. Natl. Acad. Sci. U.S.A. 117, 31963-3196 (2020).","Gilchristella aestuaria",-5478.17471535787,6923.87195295277,-9.86509190714357,0.148270090189226,9.64690750252623e-05,-8.80487526399668,-8.1563282903982,39.5871292029482,515,"Gilchristella aestuaria",293.15,TRUE,-6.59614842538753,-1.56017986501067
"Teleostei","Clupeiformes","Clupeidae","Gilchristella","aestuaria",0.7599999995086,0.0007599999995086,15,"C","J. G. Rubalcaba, W. C. E. P. Verberk, A. J. Hendriks. B. Saris, H. A. Woods, Oxygen limitation may affect the temperature and size dependence of metabolism in aquatic ectotherms. Proc. Natl. Acad. Sci. U.S.A. 117, 31963-3196 (2020).","Gilchristella aestuaria",-5478.17471535787,6923.87195295277,-9.86509190714357,0.148270090189226,9.64690750252623e-05,-7.18219212533048,-7.31602347039346,40.2740479814134,516,"Gilchristella aestuaria",288.15,TRUE,-5.63696962459625,-1.67905384579721
"Teleostei","Clupeiformes","Clupeidae","Gilchristella","aestuaria",0.7899999994716,0.0007899999994716,15,"C","J. G. Rubalcaba, W. C. E. P. Verberk, A. J. Hendriks. B. Saris, H. A. Woods, Oxygen limitation may affect the temperature and size dependence of metabolism in aquatic ectotherms. Proc. Natl. Acad. Sci. U.S.A. 117, 31963-3196 (2020).","Gilchristella aestuaria",-5478.17471535787,6923.87195295277,-9.86509190714357,0.148270090189226,9.64690750252623e-05,-7.14347761317207,-7.41529470635916,40.2740479814134,517,"Gilchristella aestuaria",288.15,TRUE,-5.6050175705588,-1.81027713580036
"Teleostei","Clupeiformes","Clupeidae","Gilchristella","aestuaria",0.8299999992812,0.0008299999992812,25,"C","J. G. Rubalcaba, W. C. E. P. Verberk, A. J. Hendriks. B. Saris, H. A. Woods, Oxygen limitation may affect the temperature and size dependence of metabolism in aquatic ectotherms. Proc. Natl. Acad. Sci. U.S.A. 117, 31963-3196 (2020).","Gilchristella aestuaria",-5478.17471535787,6923.87195295277,-9.86509190714357,0.148270090189226,9.64690750252623e-05,-7.09408485803965,-6.46193170065341,38.9232497932056,518,"Gilchristella aestuaria",298.15,TRUE,-4.81687558040132,-1.64505612025209
"Teleostei","Clupeiformes","Clupeidae","Gilchristella","aestuaria",0.870000000764,0.000870000000764,20,"C","J. G. Rubalcaba, W. C. E. P. Verberk, A. J. Hendriks. B. Saris, H. A. Woods, Oxygen limitation may affect the temperature and size dependence of metabolism in aquatic ectotherms. Proc. Natl. Acad. Sci. U.S.A. 117, 31963-3196 (2020).","Gilchristella aestuaria",-5478.17471535787,6923.87195295277,-9.86509190714357,0.148270090189226,9.64690750252623e-05,-7.04701734543748,-6.77686616368317,39.5871292029482,519,"Gilchristella aestuaria",293.15,TRUE,-5.14534437097647,-1.63152179270671
"Teleostei","Clupeiformes","Clupeidae","Gilchristella","aestuaria",1.3199999993743,0.0013199999993743,20,"C","J. G. Rubalcaba, W. C. E. P. Verberk, A. J. Hendriks. B. Saris, H. A. Woods, Oxygen limitation may affect the temperature and size dependence of metabolism in aquatic ectotherms. Proc. Natl. Acad. Sci. U.S.A. 117, 31963-3196 (2020).","Gilchristella aestuaria",-5478.17471535787,6923.87195295277,-9.86509190714357,0.148270090189226,9.64690750252623e-05,-6.63012354285787,-6.54170062350817,39.5871292029482,520,"Gilchristella aestuaria",293.15,TRUE,-4.80127150100465,-1.74042912250352
"Teleostei","Clupeiformes","Clupeidae","Gilchristella","aestuaria",1.379999998725,0.001379999998725,15,"C","J. G. Rubalcaba, W. C. E. P. Verberk, A. J. Hendriks. B. Saris, H. A. Woods, Oxygen limitation may affect the temperature and size dependence of metabolism in aquatic ectotherms. Proc. Natl. Acad. Sci. U.S.A. 117, 31963-3196 (2020).","Gilchristella aestuaria",-5478.17471535787,6923.87195295277,-9.86509190714357,0.148270090189226,9.64690750252623e-05,-6.58567178073694,-6.81748353342327,40.2740479814134,521,"Gilchristella aestuaria",288.15,TRUE,-5.14464648212958,-1.67283705129369
"Teleostei","Clupeiformes","Clupeidae","Gilchristella","aestuaria",1.379999998725,0.001379999998725,25,"C","J. G. Rubalcaba, W. C. E. P. Verberk, A. J. Hendriks. B. Saris, H. A. Woods, Oxygen limitation may affect the temperature and size dependence of metabolism in aquatic ectotherms. Proc. Natl. Acad. Sci. U.S.A. 117, 31963-3196 (2020).","Gilchristella aestuaria",-5478.17471535787,6923.87195295277,-9.86509190714357,0.148270090189226,9.64690750252623e-05,-6.58567178073694,-6.04882880330851,38.9232497932056,522,"Gilchristella aestuaria",298.15,TRUE,-4.39726956669632,-1.65155923661219
"Teleostei","Clupeiformes","Clupeidae","Gilchristella","aestuaria",1.4399999996841,0.0014399999996841,15,"C","J. G. Rubalcaba, W. C. E. P. Verberk, A. J. Hendriks. B. Saris, H. A. Woods, Oxygen limitation may affect the temperature and size dependence of metabolism in aquatic ectotherms. Proc. Natl. Acad. Sci. U.S.A. 117, 31963-3196 (2020).","Gilchristella aestuaria",-5478.17471535787,6923.87195295277,-9.86509190714357,0.148270090189226,9.64690750252623e-05,-6.5431121656136,-6.99929371188626,40.2740479814134,523,"Gilchristella aestuaria",288.15,TRUE,-5.10952096855808,-1.88977274332818
"Teleostei","Clupeiformes","Clupeidae","Gilchristella","aestuaria",1.4399999996841,0.0014399999996841,20,"C","J. G. Rubalcaba, W. C. E. P. Verberk, A. J. Hendriks. B. Saris, H. A. Woods, Oxygen limitation may affect the temperature and size dependence of metabolism in aquatic ectotherms. Proc. Natl. Acad. Sci. U.S.A. 117, 31963-3196 (2020).","Gilchristella aestuaria",-5478.17471535787,6923.87195295277,-9.86509190714357,0.148270090189226,9.64690750252623e-05,-6.5431121656136,-6.41287130747841,39.5871292029482,524,"Gilchristella aestuaria",293.15,TRUE,-4.72945883767555,-1.68341246980285
"Cephalaspidomorphi","Petromyzontiformes","Petromyzontidae","Ichthyomyzon","fossor",3.7800000014167,0.0037800000014167,18,"C","J. G. Rubalcaba, W. C. E. P. Verberk, A. J. Hendriks. B. Saris, H. A. Woods, Oxygen limitation may affect the temperature and size dependence of metabolism in aquatic ectotherms. Proc. Natl. Acad. Sci. U.S.A. 117, 31963-3196 (2020).","Ichthyomyzon fossor",-4787.35547680534,-1628.02388294841,32.4701150460995,-1.88743442551193,-0.0029329313331031,-5.57803126897585,-6.09752509785667,39.8590655189568,671,"Ichthyomyzon fossor",291.15,TRUE,-4.08341185763622,-2.01411324022045
"Cephalaspidomorphi","Petromyzontiformes","Petromyzontidae","Petromyzon","marinus",3.4400000033938,0.0034400000033938,22.5,"C","J. G. Rubalcaba, W. C. E. P. Verberk, A. J. Hendriks. B. Saris, H. A. Woods, Oxygen limitation may affect the temperature and size dependence of metabolism in aquatic ectotherms. Proc. Natl. Acad. Sci. U.S.A. 117, 31963-3196 (2020).","Petromyzon marinus",-4787.35547680534,-1628.02388294841,32.4701150460995,-1.88743442551193,-0.0029329313331031,-5.67228380661026,-4.92510623784026,39.2523826343456,1546,"Petromyzon marinus",295.65,TRUE,-3.82553204924774,-1.09957418859251
"Cephalaspidomorphi","Petromyzontiformes","Petromyzontidae","Petromyzon","marinus",3.5399999997898,0.0035399999997898,22.5,"C","J. G. Rubalcaba, W. C. E. P. Verberk, A. J. Hendriks. B. Saris, H. A. Woods, Oxygen limitation may affect the temperature and size dependence of metabolism in aquatic ectotherms. Proc. Natl. Acad. Sci. U.S.A. 117, 31963-3196 (2020).","Petromyzon marinus",-4787.35547680534,-1628.02388294841,32.4701150460995,-1.88743442551193,-0.0029329313331031,-5.64362855189583,-5.39750255060422,39.2523826343456,1547,"Petromyzon marinus",295.65,TRUE,-3.80188215167584,-1.59562039892837
"Cephalaspidomorphi","Petromyzontiformes","Petromyzontidae","Petromyzon","marinus",3.8800000036253,0.0038800000036253,18,"C","J. G. Rubalcaba, W. C. E. P. Verberk, A. J. Hendriks. B. Saris, H. A. Woods, Oxygen limitation may affect the temperature and size dependence of metabolism in aquatic ectotherms. Proc. Natl. Acad. Sci. U.S.A. 117, 31963-3196 (2020).","Petromyzon marinus",-4787.35547680534,-1628.02388294841,32.4701150460995,-1.88743442551193,-0.0029329313331031,-5.5519201244126,-5.8869161171025,39.8590655189568,1548,"Petromyzon marinus",291.15,TRUE,-4.06186167772821,-1.8250544393743
"Cephalaspidomorphi","Petromyzontiformes","Petromyzontidae","Petromyzon","marinus",22.7999999999761,0.0227999999999761,5,"C","J. G. Rubalcaba, W. C. E. P. Verberk, A. J. Hendriks. B. Saris, H. A. Woods, Oxygen limitation may affect the temperature and size dependence of metabolism in aquatic ectotherms. Proc. Natl. Acad. Sci. U.S.A. 117, 31963-3196 (2020).","Petromyzon marinus",-4787.35547680534,-1628.02388294841,32.4701150460995,-1.88743442551193,-0.0029329313331031,-3.78099474302279,-5.36063457943336,41.7219734885647,1549,"Petromyzon marinus",278.15,TRUE,-3.63099250030514,-1.72964207912822
"Cephalaspidomorphi","Petromyzontiformes","Petromyzontidae","Petromyzon","marinus",34.8000000042804,0.0348000000042804,10,"C","J. G. Rubalcaba, W. C. E. P. Verberk, A. J. Hendriks. B. Saris, H. A. Woods, Oxygen limitation may affect the temperature and size dependence of metabolism in aquatic ectotherms. Proc. Natl. Acad. Sci. U.S.A. 117, 31963-3196 (2020).","Petromyzon marinus",-4787.35547680534,-1628.02388294841,32.4701150460995,-1.88743442551193,-0.0029329313331031,-3.35813789207871,-4.73368237243668,40.9852266496354,1550,"Petromyzon marinus",283.15,TRUE,-2.87436690832014,-1.85931546411654
"Cephalaspidomorphi","Petromyzontiformes","Petromyzontidae","Petromyzon","marinus",35.6999999907774,0.0356999999907774,15,"C","J. G. Rubalcaba, W. C. E. P. Verberk, A. J. Hendriks. B. Saris, H. A. Woods, Oxygen limitation may affect the temperature and size dependence of metabolism in aquatic ectotherms. Proc. Natl. Acad. Sci. U.S.A. 117, 31963-3196 (2020).","Petromyzon marinus",-4787.35547680534,-1628.02388294841,32.4701150460995,-1.88743442551193,-0.0029329313331031,-3.33260459045488,-4.13760421152119,40.2740479814134,1551,"Petromyzon marinus",288.15,TRUE,-2.45980886294297,-1.67779534857822
"Cephalaspidomorphi","Petromyzontiformes","Petromyzontidae","Petromyzon","marinus",75.6000000868277,0.0756000000868277,20,"C","J. G. Rubalcaba, W. C. E. P. Verberk, A. J. Hendriks. B. Saris, H. A. Woods, Oxygen limitation may affect the temperature and size dependence of metabolism in aquatic ectotherms. Proc. Natl. Acad. Sci. U.S.A. 117, 31963-3196 (2020).","Petromyzon marinus",-4787.35547680534,-1628.02388294841,32.4701150460995,-1.88743442551193,-0.0029329313331031,-2.58229899464814,-3.31194918009207,39.5871292029482,1552,"Petromyzon marinus",293.15,TRUE,-1.46050077995531,-1.85144840013675
"Chondrichthyes","Carcharhiniformes","Scyliorhinidae","Scyliorhinus","canicula",148.999999858555,0.148999999858555,14,"C","J. G. Rubalcaba, W. C. E. P. Verberk, A. J. Hendriks. B. Saris, H. A. Woods, Oxygen limitation may affect the temperature and size dependence of metabolism in aquatic ectotherms. Proc. Natl. Acad. Sci. U.S.A. 117, 31963-3196 (2020).","Scyliorhinus canicula",-4787.35547680534,-1628.02388294841,32.4701150460961,-1.88743442560557,-0.0029329312857671,-1.90380897398597,-2.99939342662556,40.4143023710404,1603,"Scyliorhinus canicula",287.15,TRUE,-1.35818885299244,-1.64120457363312
"Chondrichthyes","Carcharhiniformes","Scyliorhinidae","Scyliorhinus","canicula",149.999999980768,0.149999999980768,12,"C","J. G. Rubalcaba, W. C. E. P. Verberk, A. J. Hendriks. B. Saris, H. A. Woods, Oxygen limitation may affect the temperature and size dependence of metabolism in aquatic ectotherms. Proc. Natl. Acad. Sci. U.S.A. 117, 31963-3196 (2020).","Scyliorhinus canicula",-4787.35547680534,-1628.02388294841,32.4701150460961,-1.88743442560557,-0.0029329312857671,-1.89711998501409,-2.71085328607669,40.697762321039,1604,"Scyliorhinus canicula",285.15,TRUE,-1.50950251501664,-1.20135077106006
"Chondrichthyes","Carcharhiniformes","Scyliorhinidae","Scyliorhinus","canicula",175.000000126408,0.175000000126408,12,"C","J. G. Rubalcaba, W. C. E. P. Verberk, A. J. Hendriks. B. Saris, H. A. Woods, Oxygen limitation may affect the temperature and size dependence of metabolism in aquatic ectotherms. Proc. Natl. Acad. Sci. U.S.A. 117, 31963-3196 (2020).","Scyliorhinus canicula",-4787.35547680534,-1628.02388294841,32.4701150460961,-1.88743442560557,-0.0029329312857671,-1.74296930433629,-3.96069654460687,40.697762321039,1605,"Scyliorhinus canicula",285.15,TRUE,-1.38227810731201,-2.57841843729486
"Chondrichthyes","Carcharhiniformes","Scyliorhinidae","Scyliorhinus","canicula",712.000000595353,0.712000000595353,17,"C","J. G. Rubalcaba, W. C. E. P. Verberk, A. J. Hendriks. B. Saris, H. A. Woods, Oxygen limitation may affect the temperature and size dependence of metabolism in aquatic ectotherms. Proc. Natl. Acad. Sci. U.S.A. 117, 31963-3196 (2020).","Scyliorhinus canicula",-4787.35547680534,-1628.02388294841,32.4701150460961,-1.88743442560557,-0.0029329312857671,-0.339677366733992,-2.39310155592971,39.9964395169542,1606,"Scyliorhinus canicula",290.15,TRUE,0.163925453319742,-2.55702700924945
"Chondrichthyes","Carcharhiniformes","Scyliorhinidae","Scyliorhinus","canicula",712.000000595353,0.712000000595353,17,"C","J. G. Rubalcaba, W. C. E. P. Verberk, A. J. Hendriks. B. Saris, H. A. Woods, Oxygen limitation may affect the temperature and size dependence of metabolism in aquatic ectotherms. Proc. Natl. Acad. Sci. U.S.A. 117, 31963-3196 (2020).","Scyliorhinus canicula",-4787.35547680534,-1628.02388294841,32.4701150460961,-1.88743442560557,-0.0029329312857671,-0.339677366733992,-2.17603705063254,39.9964395169542,1607,"Scyliorhinus canicula",290.15,TRUE,0.163925453319742,-2.33996250395228
"Chondrichthyes","Carcharhiniformes","Scyliorhinidae","Scyliorhinus","canicula",712.000000595353,0.712000000595353,17,"C","J. G. Rubalcaba, W. C. E. P. Verberk, A. J. Hendriks. B. Saris, H. A. Woods, Oxygen limitation may affect the temperature and size dependence of metabolism in aquatic ectotherms. Proc. Natl. Acad. Sci. U.S.A. 117, 31963-3196 (2020).","Scyliorhinus canicula",-4787.35547680534,-1628.02388294841,32.4701150460961,-1.88743442560557,-0.0029329312857671,-0.339677366733992,-2.03946151559555,39.9964395169542,1608,"Scyliorhinus canicula",290.15,TRUE,0.163925453319742,-2.20338696891529
"Chondrichthyes","Carcharhiniformes","Scyliorhinidae","Scyliorhinus","canicula",712.000000595353,0.712000000595353,17,"C","J. G. Rubalcaba, W. C. E. P. Verberk, A. J. Hendriks. B. Saris, H. A. Woods, Oxygen limitation may affect the temperature and size dependence of metabolism in aquatic ectotherms. Proc. Natl. Acad. Sci. U.S.A. 117, 31963-3196 (2020).","Scyliorhinus canicula",-4787.35547680534,-1628.02388294841,32.4701150460961,-1.88743442560557,-0.0029329312857671,-0.339677366733992,-1.93836539889663,39.9964395169542,1609,"Scyliorhinus canicula",290.15,TRUE,0.163925453319742,-2.10229085221637
"Chondrichthyes","Carcharhiniformes","Scyliorhinidae","Scyliorhinus","canicula",712.000000595353,0.712000000595353,17,"C","J. G. Rubalcaba, W. C. E. P. Verberk, A. J. Hendriks. B. Saris, H. A. Woods, Oxygen limitation may affect the temperature and size dependence of metabolism in aquatic ectotherms. Proc. Natl. Acad. Sci. U.S.A. 117, 31963-3196 (2020).","Scyliorhinus canicula",-4787.35547680534,-1628.02388294841,32.4701150460961,-1.88743442560557,-0.0029329312857671,-0.339677366733992,-1.8465578494336,39.9964395169542,1610,"Scyliorhinus canicula",290.15,TRUE,0.163925453319742,-2.01048330275334
"Chondrichthyes","Carcharhiniformes","Scyliorhinidae","Scyliorhinus","canicula",712.000000595353,0.712000000595353,17,"C","J. G. Rubalcaba, W. C. E. P. Verberk, A. J. Hendriks. B. Saris, H. A. Woods, Oxygen limitation may affect the temperature and size dependence of metabolism in aquatic ectotherms. Proc. Natl. Acad. Sci. U.S.A. 117, 31963-3196 (2020).","Scyliorhinus canicula",-4787.35547680534,-1628.02388294841,32.4701150460961,-1.88743442560557,-0.0029329312857671,-0.339677366733992,-1.81207167335646,39.9964395169542,1611,"Scyliorhinus canicula",290.15,TRUE,0.163925453319742,-1.9759971266762
"Chondrichthyes","Carcharhiniformes","Scyliorhinidae","Scyliorhinus","canicula",712.000000595353,0.712000000595353,17,"C","J. G. Rubalcaba, W. C. E. P. Verberk, A. J. Hendriks. B. Saris, H. A. Woods, Oxygen limitation may affect the temperature and size dependence of metabolism in aquatic ectotherms. Proc. Natl. Acad. Sci. U.S.A. 117, 31963-3196 (2020).","Scyliorhinus canicula",-4787.35547680534,-1628.02388294841,32.4701150460961,-1.88743442560557,-0.0029329312857671,-0.339677366733992,-1.79526455520449,39.9964395169542,1612,"Scyliorhinus canicula",290.15,TRUE,0.163925453319742,-1.95919000852424
"Chondrichthyes","Carcharhiniformes","Scyliorhinidae","Scyliorhinus","canicula",748.000000233443,0.748000000233443,15,"C","J. G. Rubalcaba, W. C. E. P. Verberk, A. J. Hendriks. B. Saris, H. A. Woods, Oxygen limitation may affect the temperature and size dependence of metabolism in aquatic ectotherms. Proc. Natl. Acad. Sci. U.S.A. 117, 31963-3196 (2020).","Scyliorhinus canicula",-4787.35547680534,-1628.02388294841,32.4701150460961,-1.88743442560557,-0.0029329312857671,-0.29035230069557,-1.86999213717896,40.2740479814134,1613,"Scyliorhinus canicula",288.15,TRUE,0.0510379523342088,-1.92103008951317
"Chondrichthyes","Carcharhiniformes","Scyliorhinidae","Scyliorhinus","canicula",748.000000233443,0.748000000233443,15,"C","J. G. Rubalcaba, W. C. E. P. Verberk, A. J. Hendriks. B. Saris, H. A. Woods, Oxygen limitation may affect the temperature and size dependence of metabolism in aquatic ectotherms. Proc. Natl. Acad. Sci. U.S.A. 117, 31963-3196 (2020).","Scyliorhinus canicula",-4787.35547680534,-1628.02388294841,32.4701150460961,-1.88743442560557,-0.0029329312857671,-0.29035230069557,-1.59178880873322,40.2740479814134,1614,"Scyliorhinus canicula",288.15,TRUE,0.0510379523342088,-1.64282676106743
"Chondrichthyes","Carcharhiniformes","Scyliorhinidae","Scyliorhinus","canicula",787.999999111733,0.787999999111733,12,"C","J. G. Rubalcaba, W. C. E. P. Verberk, A. J. Hendriks. B. Saris, H. A. Woods, Oxygen limitation may affect the temperature and size dependence of metabolism in aquatic ectotherms. Proc. Natl. Acad. Sci. U.S.A. 117, 31963-3196 (2020).","Scyliorhinus canicula",-4787.35547680534,-1628.02388294841,32.4701150460961,-1.88743442560557,-0.0029329312857671,-0.2382571902515,-2.49235207295693,40.697762321039,1615,"Scyliorhinus canicula",285.15,TRUE,-0.140401609338301,-2.35195046361863
"Chondrichthyes","Carcharhiniformes","Scyliorhinidae","Scyliorhinus","canicula",787.999999111733,0.787999999111733,12,"C","J. G. Rubalcaba, W. C. E. P. Verberk, A. J. Hendriks. B. Saris, H. A. Woods, Oxygen limitation may affect the temperature and size dependence of metabolism in aquatic ectotherms. Proc. Natl. Acad. Sci. U.S.A. 117, 31963-3196 (2020).","Scyliorhinus canicula",-4787.35547680534,-1628.02388294841,32.4701150460961,-1.88743442560557,-0.0029329312857671,-0.2382571902515,-2.38699155723194,40.697762321039,1616,"Scyliorhinus canicula",285.15,TRUE,-0.140401609338301,-2.24658994789364
"Chondrichthyes","Carcharhiniformes","Scyliorhinidae","Scyliorhinus","canicula",787.999999111733,0.787999999111733,12,"C","J. G. Rubalcaba, W. C. E. P. Verberk, A. J. Hendriks. B. Saris, H. A. Woods, Oxygen limitation may affect the temperature and size dependence of metabolism in aquatic ectotherms. Proc. Natl. Acad. Sci. U.S.A. 117, 31963-3196 (2020).","Scyliorhinus canicula",-4787.35547680534,-1628.02388294841,32.4701150460961,-1.88743442560557,-0.0029329312857671,-0.2382571902515,-2.26182841420682,40.697762321039,1617,"Scyliorhinus canicula",285.15,TRUE,-0.140401609338301,-2.12142680486852
"Chondrichthyes","Carcharhiniformes","Scyliorhinidae","Scyliorhinus","canicula",787.999999111733,0.787999999111733,12,"C","J. G. Rubalcaba, W. C. E. P. Verberk, A. J. Hendriks. B. Saris, H. A. Woods, Oxygen limitation may affect the temperature and size dependence of metabolism in aquatic ectotherms. Proc. Natl. Acad. Sci. U.S.A. 117, 31963-3196 (2020).","Scyliorhinus canicula",-4787.35547680534,-1628.02388294841,32.4701150460961,-1.88743442560557,-0.0029329312857671,-0.2382571902515,-2.17727102613551,40.697762321039,1618,"Scyliorhinus canicula",285.15,TRUE,-0.140401609338301,-2.03686941679721
"Chondrichthyes","Carcharhiniformes","Scyliorhinidae","Scyliorhinus","canicula",857.000000151555,0.857000000151555,7,"C","J. G. Rubalcaba, W. C. E. P. Verberk, A. J. Hendriks. B. Saris, H. A. Woods, Oxygen limitation may affect the temperature and size dependence of metabolism in aquatic ectotherms. Proc. Natl. Acad. Sci. U.S.A. 117, 31963-3196 (2020).","Scyliorhinus canicula",-4787.35547680534,-1628.02388294841,32.4701150460961,-1.88743442560557,-0.0029329312857671,-0.154317360207514,-2.61320665667039,41.4241189571453,1619,"Scyliorhinus canicula",280.15,TRUE,-0.473006492355545,-2.14020016431484
"Chondrichthyes","Carcharhiniformes","Scyliorhinidae","Scyliorhinus","canicula",857.000000151555,0.857000000151555,7,"C","J. G. Rubalcaba, W. C. E. P. Verberk, A. J. Hendriks. B. Saris, H. A. Woods, Oxygen limitation may affect the temperature and size dependence of metabolism in aquatic ectotherms. Proc. Natl. Acad. Sci. U.S.A. 117, 31963-3196 (2020).","Scyliorhinus canicula",-4787.35547680534,-1628.02388294841,32.4701150460961,-1.88743442560557,-0.0029329312857671,-0.154317360207514,-2.48537328531209,41.4241189571453,1620,"Scyliorhinus canicula",280.15,TRUE,-0.473006492355545,-2.01236679295655
"Chondrichthyes","Carcharhiniformes","Scyliorhinidae","Scyliorhinus","canicula",857.000000151555,0.857000000151555,7,"C","J. G. Rubalcaba, W. C. E. P. Verberk, A. J. Hendriks. B. Saris, H. A. Woods, Oxygen limitation may affect the temperature and size dependence of metabolism in aquatic ectotherms. Proc. Natl. Acad. Sci. U.S.A. 117, 31963-3196 (2020).","Scyliorhinus canicula",-4787.35547680534,-1628.02388294841,32.4701150460961,-1.88743442560557,-0.0029329312857671,-0.154317360207514,-2.37204460012419,41.4241189571453,1621,"Scyliorhinus canicula",280.15,TRUE,-0.473006492355545,-1.89903810776865
"Chondrichthyes","Carcharhiniformes","Scyliorhinidae","Scyliorhinus","canicula",857.000000151555,0.857000000151555,7,"C","J. G. Rubalcaba, W. C. E. P. Verberk, A. J. Hendriks. B. Saris, H. A. Woods, Oxygen limitation may affect the temperature and size dependence of metabolism in aquatic ectotherms. Proc. Natl. Acad. Sci. U.S.A. 117, 31963-3196 (2020).","Scyliorhinus canicula",-4787.35547680534,-1628.02388294841,32.4701150460961,-1.88743442560557,-0.0029329312857671,-0.154317360207514,-2.33695327996382,41.4241189571453,1622,"Scyliorhinus canicula",280.15,TRUE,-0.473006492355545,-1.86394678760828
"Chondrichthyes","Carcharhiniformes","Scyliorhinidae","Scyliorhinus","canicula",857.000000151555,0.857000000151555,7,"C","J. G. Rubalcaba, W. C. E. P. Verberk, A. J. Hendriks. B. Saris, H. A. Woods, Oxygen limitation may affect the temperature and size dependence of metabolism in aquatic ectotherms. Proc. Natl. Acad. Sci. U.S.A. 117, 31963-3196 (2020).","Scyliorhinus canicula",-4787.35547680534,-1628.02388294841,32.4701150460961,-1.88743442560557,-0.0029329312857671,-0.154317360207514,-2.30305172851814,41.4241189571453,1623,"Scyliorhinus canicula",280.15,TRUE,-0.473006492355545,-1.83004523616259
"Chondrichthyes","Carcharhiniformes","Scyliorhinidae","Scyliorhinus","canicula",857.000000151555,0.857000000151555,7,"C","J. G. Rubalcaba, W. C. E. P. Verberk, A. J. Hendriks. B. Saris, H. A. Woods, Oxygen limitation may affect the temperature and size dependence of metabolism in aquatic ectotherms. Proc. Natl. Acad. Sci. U.S.A. 117, 31963-3196 (2020).","Scyliorhinus canicula",-4787.35547680534,-1628.02388294841,32.4701150460961,-1.88743442560557,-0.0029329312857671,-0.154317360207514,-2.2702619059103,41.4241189571453,1624,"Scyliorhinus canicula",280.15,TRUE,-0.473006492355545,-1.79725541355475
"Chondrichthyes","Squaliformes","Squalidae","Squalus","acanthias",100,0.1,13,"C","J. G. Rubalcaba, W. C. E. P. Verberk, A. J. Hendriks. B. Saris, H. A. Woods, Oxygen limitation may affect the temperature and size dependence of metabolism in aquatic ectotherms. Proc. Natl. Acad. Sci. U.S.A. 117, 31963-3196 (2020).","Squalus acanthias",-4787.35547680535,-1628.02388294841,32.4701150461039,-1.88743442551529,-0.0029329313333042,-2.30258509299405,-2.86891022107708,40.5555370464591,1652,"Squalus acanthias",286.15,TRUE,-1.76545182993866,-1.10345839113841
"Chondrichthyes","Squaliformes","Squalidae","Squalus","acanthias",640.000000023745,0.640000000023745,13,"C","J. G. Rubalcaba, W. C. E. P. Verberk, A. J. Hendriks. B. Saris, H. A. Woods, Oxygen limitation may affect the temperature and size dependence of metabolism in aquatic ectotherms. Proc. Natl. Acad. Sci. U.S.A. 117, 31963-3196 (2020).","Squalus acanthias",-4787.35547680535,-1628.02388294841,32.4701150461039,-1.88743442551529,-0.0029329313333042,-0.446287102591318,-2.04497513371366,40.5555370464591,1653,"Squalus acanthias",286.15,TRUE,-0.233402725037877,-1.81157240867578
"Chondrichthyes","Squaliformes","Squalidae","Squalus","acanthias",940.000000866425,0.940000000866425,13,"C","J. G. Rubalcaba, W. C. E. P. Verberk, A. J. Hendriks. B. Saris, H. A. Woods, Oxygen limitation may affect the temperature and size dependence of metabolism in aquatic ectotherms. Proc. Natl. Acad. Sci. U.S.A. 117, 31963-3196 (2020).","Squalus acanthias",-4787.35547680535,-1628.02388294841,32.4701150461039,-1.88743442551529,-0.0029329313333042,-0.061875402796359,-1.6044739682164,40.5555370464591,1654,"Squalus acanthias",286.15,TRUE,0.0838618540486351,-1.68833582226504
"Chondrichthyes","Squaliformes","Squalidae","Squalus","acanthias",1049.99999983091,1.04999999983091,13,"C","J. G. Rubalcaba, W. C. E. P. Verberk, A. J. Hendriks. B. Saris, H. A. Woods, Oxygen limitation may affect the temperature and size dependence of metabolism in aquatic ectotherms. Proc. Natl. Acad. Sci. U.S.A. 117, 31963-3196 (2020).","Squalus acanthias",-4787.35547680535,-1628.02388294841,32.4701150461039,-1.88743442551529,-0.0029329313333042,0.0487901640083945,-1.3902677215831,40.5555370464591,1655,"Squalus acanthias",286.15,TRUE,0.175196910943125,-1.56546463252622
"Chondrichthyes","Squaliformes","Squalidae","Squalus","acanthias",1120.00000085057,1.12000000085057,13,"C","J. G. Rubalcaba, W. C. E. P. Verberk, A. J. Hendriks. B. Saris, H. A. Woods, Oxygen limitation may affect the temperature and size dependence of metabolism in aquatic ectotherms. Proc. Natl. Acad. Sci. U.S.A. 117, 31963-3196 (2020).","Squalus acanthias",-4787.35547680535,-1628.02388294841,32.4701150461039,-1.88743442551529,-0.0029329313333042,0.113328686066438,-1.27771998126069,40.5555370464591,1656,"Squalus acanthias",286.15,TRUE,0.228462165477605,-1.5061821467383
"Chondrichthyes","Squaliformes","Squalidae","Squalus","acanthias",1239.99999953679,1.23999999953679,13,"C","J. G. Rubalcaba, W. C. E. P. Verberk, A. J. Hendriks. B. Saris, H. A. Woods, Oxygen limitation may affect the temperature and size dependence of metabolism in aquatic ectotherms. Proc. Natl. Acad. Sci. U.S.A. 117, 31963-3196 (2020).","Squalus acanthias",-4787.35547680535,-1628.02388294841,32.4701150461039,-1.88743442551529,-0.0029329313333042,0.215111379243386,-1.38357665166221,40.5555370464591,1657,"Squalus acanthias",286.15,TRUE,0.31246596485806,-1.69604261652027
"Chondrichthyes","Squaliformes","Squalidae","Squalus","acanthias",1549.99999939223,1.54999999939223,13,"C","J. G. Rubalcaba, W. C. E. P. Verberk, A. J. Hendriks. B. Saris, H. A. Woods, Oxygen limitation may affect the temperature and size dependence of metabolism in aquatic ectotherms. Proc. Natl. Acad. Sci. U.S.A. 117, 31963-3196 (2020).","Squalus acanthias",-4787.35547680535,-1628.02388294841,32.4701150461039,-1.88743442551529,-0.0029329313333042,0.438254930539045,-1.24047580791812,40.5555370464591,1658,"Squalus acanthias",286.15,TRUE,0.496631912240641,-1.73710772015876
"Chondrichthyes","Squaliformes","Squalidae","Squalus","acanthias",1615.00000123787,1.61500000123787,9,"C","J. G. Rubalcaba, W. C. E. P. Verberk, A. J. Hendriks. B. Saris, H. A. Woods, Oxygen limitation may affect the temperature and size dependence of metabolism in aquatic ectotherms. Proc. Natl. Acad. Sci. U.S.A. 117, 31963-3196 (2020).","Squalus acanthias",-4787.35547680535,-1628.02388294841,32.4701150461039,-1.88743442551529,-0.0029329313333042,0.479334957441101,-1.97955433971325,41.1304870666109,1659,"Squalus acanthias",282.15,TRUE,0.212424833001734,-2.19197917271499
"Chondrichthyes","Squaliformes","Squalidae","Squalus","acanthias",1750.00000126408,1.75000000126408,13,"C","J. G. Rubalcaba, W. C. E. P. Verberk, A. J. Hendriks. B. Saris, H. A. Woods, Oxygen limitation may affect the temperature and size dependence of metabolism in aquatic ectotherms. Proc. Natl. Acad. Sci. U.S.A. 117, 31963-3196 (2020).","Squalus acanthias",-4787.35547680535,-1628.02388294841,32.4701150461039,-1.88743442551529,-0.0029329313333042,0.559615788657757,-0.982982776698722,40.5555370464591,1660,"Squalus acanthias",286.15,TRUE,0.596794060242765,-1.57977683694149
"Chondrichthyes","Squaliformes","Squalidae","Squalus","acanthias",1811.99999857811,1.81199999857811,9,"C","J. G. Rubalcaba, W. C. E. P. Verberk, A. J. Hendriks. B. Saris, H. A. Woods, Oxygen limitation may affect the temperature and size dependence of metabolism in aquatic ectotherms. Proc. Natl. Acad. Sci. U.S.A. 117, 31963-3196 (2020).","Squalus acanthias",-4787.35547680535,-1628.02388294841,32.4701150461039,-1.88743442551529,-0.0029329313333042,0.594431206836081,-1.91097810436443,41.1304870666109,1661,"Squalus acanthias",282.15,TRUE,0.30741664292378,-2.21839474728821
"Chondrichthyes","Squaliformes","Squalidae","Squalus","acanthias",1854.00000081761,1.85400000081761,10,"C","J. G. Rubalcaba, W. C. E. P. Verberk, A. J. Hendriks. B. Saris, H. A. Woods, Oxygen limitation may affect the temperature and size dependence of metabolism in aquatic ectotherms. Proc. Natl. Acad. Sci. U.S.A. 117, 31963-3196 (2020).","Squalus acanthias",-4787.35547680535,-1628.02388294841,32.4701150461039,-1.88743442551529,-0.0029329313333042,0.617345467584659,-1.43607872130511,40.9852266496354,1662,"Squalus acanthias",283.15,TRUE,0.406698822618271,-1.84277754392338
"Chondrichthyes","Squaliformes","Squalidae","Squalus","acanthias",1854.00000081761,1.85400000081761,10,"C","J. G. Rubalcaba, W. C. E. P. Verberk, A. J. Hendriks. B. Saris, H. A. Woods, Oxygen limitation may affect the temperature and size dependence of metabolism in aquatic ectotherms. Proc. Natl. Acad. Sci. U.S.A. 117, 31963-3196 (2020).","Squalus acanthias",-4787.35547680535,-1628.02388294841,32.4701150461039,-1.88743442551529,-0.0029329313333042,0.617345467584659,-1.00076064989613,40.9852266496354,1663,"Squalus acanthias",283.15,TRUE,0.406698822618271,-1.4074594725144
"Chondrichthyes","Squaliformes","Squalidae","Squalus","acanthias",1854.00000081761,1.85400000081761,10,"C","J. G. Rubalcaba, W. C. E. P. Verberk, A. J. Hendriks. B. Saris, H. A. Woods, Oxygen limitation may affect the temperature and size dependence of metabolism in aquatic ectotherms. Proc. Natl. Acad. Sci. U.S.A. 117, 31963-3196 (2020).","Squalus acanthias",-4787.35547680535,-1628.02388294841,32.4701150461039,-1.88743442551529,-0.0029329313333042,0.617345467584659,-0.443949913241521,40.9852266496354,1664,"Squalus acanthias",283.15,TRUE,0.406698822618271,-0.850648735859792
"Chondrichthyes","Squaliformes","Squalidae","Squalus","acanthias",1870.00000199576,1.87000000199576,13,"C","J. G. Rubalcaba, W. C. E. P. Verberk, A. J. Hendriks. B. Saris, H. A. Woods, Oxygen limitation may affect the temperature and size dependence of metabolism in aquatic ectotherms. Proc. Natl. Acad. Sci. U.S.A. 117, 31963-3196 (2020).","Squalus acanthias",-4787.35547680535,-1628.02388294841,32.4701150461039,-1.88743442551529,-0.0029329313333042,0.625938431933746,-0.935009272404794,40.5555370464591,1665,"Squalus acanthias",286.15,TRUE,0.651531794588738,-1.58654106699353
"Chondrichthyes","Squaliformes","Squalidae","Squalus","acanthias",2059.99999824899,2.05999999824899,10,"C","J. G. Rubalcaba, W. C. E. P. Verberk, A. J. Hendriks. B. Saris, H. A. Woods, Oxygen limitation may affect the temperature and size dependence of metabolism in aquatic ectotherms. Proc. Natl. Acad. Sci. U.S.A. 117, 31963-3196 (2020).","Squalus acanthias",-4787.35547680535,-1628.02388294841,32.4701150461039,-1.88743442551529,-0.0029329313333042,0.722705981951484,-0.915202761567431,40.9852266496354,1666,"Squalus acanthias",283.15,TRUE,0.493655487206674,-1.4088582487741
"Chondrichthyes","Squaliformes","Squalidae","Squalus","acanthias",2699.99999901158,2.69999999901158,13,"C","J. G. Rubalcaba, W. C. E. P. Verberk, A. J. Hendriks. B. Saris, H. A. Woods, Oxygen limitation may affect the temperature and size dependence of metabolism in aquatic ectotherms. Proc. Natl. Acad. Sci. U.S.A. 117, 31963-3196 (2020).","Squalus acanthias",-4787.35547680535,-1628.02388294841,32.4701150461039,-1.88743442551529,-0.0029329313333042,0.993251772644202,-0.706532375143525,40.5555370464591,1667,"Squalus acanthias",286.15,TRUE,0.954684670777269,-1.66121704592079
"Chondrichthyes","Squaliformes","Squalidae","Squalus","acanthias",3300.00000092788,3.30000000092788,13,"C","J. G. Rubalcaba, W. C. E. P. Verberk, A. J. Hendriks. B. Saris, H. A. Woods, Oxygen limitation may affect the temperature and size dependence of metabolism in aquatic ectotherms. Proc. Natl. Acad. Sci. U.S.A. 117, 31963-3196 (2020).","Squalus acanthias",-4787.35547680535,-1628.02388294841,32.4701150461039,-1.88743442551529,-0.0029329313333042,1.19392246875361,-0.424183648638804,40.5555370464591,1668,"Squalus acanthias",286.15,TRUE,1.12030320936521,-1.54448685800401
"Chondrichthyes","Squaliformes","Squalidae","Squalus","acanthias",3499.99999717711,3.49999999717711,11,"C","J. G. Rubalcaba, W. C. E. P. Verberk, A. J. Hendriks. B. Saris, H. A. Woods, Oxygen limitation may affect the temperature and size dependence of metabolism in aquatic ectotherms. Proc. Natl. Acad. Sci. U.S.A. 117, 31963-3196 (2020).","Squalus acanthias",-4787.35547680535,-1628.02388294841,32.4701150461039,-1.88743442551529,-0.0029329313333042,1.25276296768883,-0.219631337475594,40.8409886533319,1669,"Squalus acanthias",284.15,TRUE,1.0109295366758,-1.23056087415139
"Chondrichthyes","Squaliformes","Squalidae","Squalus","acanthias",4600.00000337274,4.60000000337274,13,"C","J. G. Rubalcaba, W. C. E. P. Verberk, A. J. Hendriks. B. Saris, H. A. Woods, Oxygen limitation may affect the temperature and size dependence of metabolism in aquatic ectotherms. Proc. Natl. Acad. Sci. U.S.A. 117, 31963-3196 (2020).","Squalus acanthias",-4787.35547680535,-1628.02388294841,32.4701150461039,-1.88743442551529,-0.0029329313333042,1.52605630422825,-0.173727844741991,40.5555370464591,1670,"Squalus acanthias",286.15,TRUE,1.39442156103988,-1.56814940578187
"Chondrichthyes","Squaliformes","Squalidae","Squalus","acanthias",5759.99999438699,5.75999999438699,13,"C","J. G. Rubalcaba, W. C. E. P. Verberk, A. J. Hendriks. B. Saris, H. A. Woods, Oxygen limitation may affect the temperature and size dependence of metabolism in aquatic ectotherms. Proc. Natl. Acad. Sci. U.S.A. 117, 31963-3196 (2020).","Squalus acanthias",-4787.35547680535,-1628.02388294841,32.4701150461039,-1.88743442551529,-0.0029329313333042,1.75093747373332,0.0928260231030765,40.5555370464591,1671,"Squalus acanthias",286.15,TRUE,1.58002160813928,-1.48719558503621
"Chondrichthyes","Squaliformes","Squalidae","Squalus","acanthias",7039.99999769634,7.03999999769634,13,"C","J. G. Rubalcaba, W. C. E. P. Verberk, A. J. Hendriks. B. Saris, H. A. Woods, Oxygen limitation may affect the temperature and size dependence of metabolism in aquatic ectotherms. Proc. Natl. Acad. Sci. U.S.A. 117, 31963-3196 (2020).","Squalus acanthias",-4787.35547680535,-1628.02388294841,32.4701150461039,-1.88743442551529,-0.0029329313333042,1.95160816984273,0.272877431313587,40.5555370464591,1672,"Squalus acanthias",286.15,TRUE,1.74564014672723,-1.47276271541364
"Chondrichthyes","Squaliformes","Squalidae","Squalus","acanthias",7850.00000460464,7.85000000460464,13,"C","J. G. Rubalcaba, W. C. E. P. Verberk, A. J. Hendriks. B. Saris, H. A. Woods, Oxygen limitation may affect the temperature and size dependence of metabolism in aquatic ectotherms. Proc. Natl. Acad. Sci. U.S.A. 117, 31963-3196 (2020).","Squalus acanthias",-4787.35547680535,-1628.02388294841,32.4701150461039,-1.88743442551529,-0.0029329313333042,2.06051353238089,0.174143428171602,40.5555370464591,1673,"Squalus acanthias",286.15,TRUE,1.83552246306767,-1.66137903489606
"Chondrichthyes","Squaliformes","Squalidae","Squalus","acanthias",8969.99999908931,8.96999999908931,13,"C","J. G. Rubalcaba, W. C. E. P. Verberk, A. J. Hendriks. B. Saris, H. A. Woods, Oxygen limitation may affect the temperature and size dependence of metabolism in aquatic ectotherms. Proc. Natl. Acad. Sci. U.S.A. 117, 31963-3196 (2020).","Squalus acanthias",-4787.35547680535,-1628.02388294841,32.4701150461039,-1.88743442551529,-0.0029329313333042,2.19388567596918,-0.137170249048868,40.5555370464591,1674,"Squalus acanthias",286.15,TRUE,1.94559782502978,-2.08276807407865
"Insecta","Orthoptera","Gryllidae","Acheta","domesticus",0.3689999999999,0.0003689999999999,25,"C","A. M. Makarieva et al., Mean mass-specific metabolic rates are strikingly similar across life's major domains: Evidence for life's metabolic optimum. Proc. Natl. Acad. Sci. U.S.A. 105, 16994-16999 (2008).","Acheta domesticus",-4787.35547680534,-1628.02388294841,32.4701150460995,-1.88743442551193,-0.0029329313331031,-7.90471391392402,-6.77795584144738,38.9232497932056,1730,"Acheta domesticus",298.15,TRUE,-5.4859079910892,-1.29204785035818
"Insecta","Coleoptera","Carabidae","Amara","quenseli",0.015,1.5e-05,25,"C","A. M. Makarieva et al., Mean mass-specific metabolic rates are strikingly similar across life's major domains: Evidence for life's metabolic optimum. Proc. Natl. Acad. Sci. U.S.A. 105, 16994-16999 (2008).","Amara quenseli",-4787.35547680534,-1628.02388294841,32.4701150460995,-1.88743442551193,-0.0029329313331031,-11.1074603568621,-13.4790383213431,38.9232497932056,1731,"Amara quenseli",298.15,TRUE,-8.12921464039655,-5.34982368094651
"Insecta","Odonata","Aeshnidae","Anax","junius",1.019,0.001019,25,"C","A. M. Makarieva et al., Mean mass-specific metabolic rates are strikingly similar across life's major domains: Evidence for life's metabolic optimum. Proc. Natl. Acad. Sci. U.S.A. 105, 16994-16999 (2008).","Anax junius",-4787.35547680534,-1628.02388294841,32.4701150460995,-1.88743442551193,-0.0029329313331031,-6.88893352474155,-5.48503256124872,38.9232497932056,1733,"Anax junius",298.15,TRUE,-4.64755906000775,-0.837473501240972
"Insecta","Coleoptera","Tenebrionidae","Blaps","gigas",1.776,0.001776,25,"C","A. M. Makarieva et al., Mean mass-specific metabolic rates are strikingly similar across life's major domains: Evidence for life's metabolic optimum. Proc. Natl. Acad. Sci. U.S.A. 105, 16994-16999 (2008).","Blaps gigas",-4787.35547680534,-1628.02388294841,32.4701150460995,-1.88743442551193,-0.0029329313331031,-6.33339163441216,-5.40183513666038,38.9232497932056,1737,"Blaps gigas",298.15,TRUE,-4.18905645955545,-1.21277867710493
"Insecta","Odonata","Libellulidae","Brachymesia","gravida",0.344,0.000344,25,"C","A. M. Makarieva et al., Mean mass-specific metabolic rates are strikingly similar across life's major domains: Evidence for life's metabolic optimum. Proc. Natl. Acad. Sci. U.S.A. 105, 16994-16999 (2008).","Brachymesia gravida",-4787.35547680534,-1628.02388294841,32.4701150460995,-1.88743442551193,-0.0029329313331031,-7.97486890059088,-6.46589395568275,38.9232497932056,1739,"Brachymesia gravida",298.15,TRUE,-5.54380865417399,-0.922085301508757
"Insecta","Hymenoptera","Formicidae","Camponotus","vafer",0.00451,4.51e-06,25,"C","A. M. Makarieva et al., Mean mass-specific metabolic rates are strikingly similar across life's major domains: Evidence for life's metabolic optimum. Proc. Natl. Acad. Sci. U.S.A. 105, 16994-16999 (2008).","Camponotus vafer",-4787.35547680534,-1628.02388294841,32.4701150460995,-1.88743442551193,-0.0029329313331031,-12.3092134044497,-9.74136870305969,38.9232497932056,1741,"Camponotus vafer",298.15,TRUE,-9.12105145236712,-0.620317250692572
"Insecta","Coleoptera","Carabidae","Cicindela","longilabris",0.1242999999999,0.0001242999999999,25,"C","A. M. Makarieva et al., Mean mass-specific metabolic rates are strikingly similar across life's major domains: Evidence for life's metabolic optimum. Proc. Natl. Acad. Sci. U.S.A. 105, 16994-16999 (2008).","Cicindela longilabris",-4787.35547680534,-1628.02388294841,32.4701150460995,-1.88743442551193,-0.0029329313331031,-8.99281255944841,-8.21857117892612,38.9232497932056,1743,"Cicindela longilabris",298.15,TRUE,-6.38394298576036,-1.83462819316576
"Insecta","Orthoptera","Tettigoniidae","Conocephalus","fasciatus",0.05137,5.137e-05,25,"C","A. M. Makarieva et al., Mean mass-specific metabolic rates are strikingly similar across life's major domains: Evidence for life's metabolic optimum. Proc. Natl. Acad. Sci. U.S.A. 105, 16994-16999 (2008).","Conocephalus fasciatus",-4787.35547680534,-1628.02388294841,32.4701150460995,-1.88743442551193,-0.0029329313331031,-9.8764562134851,-7.24029525707575,38.9232497932056,1744,"Conocephalus fasciatus",298.15,TRUE,-7.11323616832986,-0.127059088745888
"Insecta","Diptera","Culicidae","Culex","tarsalis",0.0022299999999999,2.23e-06,25,"C","A. M. Makarieva et al., Mean mass-specific metabolic rates are strikingly similar across life's major domains: Evidence for life's metabolic optimum. Proc. Natl. Acad. Sci. U.S.A. 105, 16994-16999 (2008).","Culex tarsalis",-4787.35547680534,-1628.02388294841,32.4701150460995,-1.88743442551193,-0.0029329313331031,-13.0135089724922,-8.35167875293866,38.9232497932056,1746,"Culex tarsalis",298.15,TRUE,-9.7023241791512,1.35064542621253
"Insecta","Hymenoptera","Mutillidae","Dasymutilla","gloriosa",0.07645,7.645e-05,25,"C","A. M. Makarieva et al., Mean mass-specific metabolic rates are strikingly similar across life's major domains: Evidence for life's metabolic optimum. Proc. Natl. Acad. Sci. U.S.A. 105, 16994-16999 (2008).","Dasymutilla gloriosa",-4787.35547680534,-1628.02388294841,32.4701150460995,-1.88743442551193,-0.0029329313331031,-9.4788736255892,-6.28208426354716,38.9232497932056,1747,"Dasymutilla gloriosa",298.15,TRUE,-6.78510132626288,0.503017062715723
"Insecta","Diptera","Drosophilidae","Drosophila","repleta",0.00343,3.43e-06,25,"C","A. M. Makarieva et al., Mean mass-specific metabolic rates are strikingly similar across life's major domains: Evidence for life's metabolic optimum. Proc. Natl. Acad. Sci. U.S.A. 105, 16994-16999 (2008).","Drosophila repleta",-4787.35547680534,-1628.02388294841,32.4701150460995,-1.88743442551193,-0.0029329313331031,-12.5829502967864,-10.3404433277357,38.9232497932056,1749,"Drosophila repleta",298.15,TRUE,-9.34697334801699,-0.993469979718677
"Insecta","Lepidoptera","Saturniidae","Eacles","imperialis",1.105,0.001105,25,"C","A. M. Makarieva et al., Mean mass-specific metabolic rates are strikingly similar across life's major domains: Evidence for life's metabolic optimum. Proc. Natl. Acad. Sci. U.S.A. 105, 16994-16999 (2008).","Eacles imperialis",-4787.35547680534,-1628.02388294841,32.4701150460995,-1.88743442551193,-0.0029329313331031,-6.80790994401242,-5.71902810087177,38.9232497932056,1750,"Eacles imperialis",298.15,TRUE,-4.58068827472774,-1.13833982614402
"Insecta","Odonata","Libellulidae","Erythemis","simplicicollis",0.263,0.000263,25,"C","A. M. Makarieva et al., Mean mass-specific metabolic rates are strikingly similar across life's major domains: Evidence for life's metabolic optimum. Proc. Natl. Acad. Sci. U.S.A. 105, 16994-16999 (2008).","Erythemis simplicicollis",-4787.35547680535,-1628.02388294842,32.470115046102,-1.88743442551379,-0.0029329313328377,-8.24335652578651,-7.03843360262437,38.9232497932056,1751,"Erythemis simplicicollis",298.15,TRUE,-5.76539819851685,-1.27303540410752
"Insecta","Odonata","Libellulidae","Erythrodiplax","connata",0.052,5.2e-05,25,"C","A. M. Makarieva et al., Mean mass-specific metabolic rates are strikingly similar across life's major domains: Evidence for life's metabolic optimum. Proc. Natl. Acad. Sci. U.S.A. 105, 16994-16999 (2008).","Erythrodiplax connata",-4787.35547680534,-1628.02388294841,32.4701150460995,-1.88743442551193,-0.0029329313331031,-9.86426683938285,-8.56062274934357,38.9232497932056,1752,"Erythrodiplax connata",298.15,TRUE,-7.10317597337236,-1.45744677597121
"Insecta","Coleoptera","Curculionidae","Ips","acuminatus",0.00284,2.84e-06,25,"C","A. M. Makarieva et al., Mean mass-specific metabolic rates are strikingly similar across life's major domains: Evidence for life's metabolic optimum. Proc. Natl. Acad. Sci. U.S.A. 105, 16994-16999 (2008).","Ips acuminatus",-4787.35547680534,-1628.02388294841,32.4701150460995,-1.88743442551193,-0.0029329313331031,-12.7717065057912,-10.2236928166935,38.9232497932056,1758,"Ips acuminatus",298.15,TRUE,-9.50275856275367,-0.720934253939793
"Insecta","Odonata","Libellulidae","Miathyria","marcella",0.0171,1.71e-05,25,"C","A. M. Makarieva et al., Mean mass-specific metabolic rates are strikingly similar across life's major domains: Evidence for life's metabolic optimum. Proc. Natl. Acad. Sci. U.S.A. 105, 16994-16999 (2008).","Miathyria marcella",-4787.35547680534,-1628.02388294841,32.4701150460995,-1.88743442551193,-0.0029329313331031,-10.9764320944557,-7.17445894504886,38.9232497932056,1760,"Miathyria marcella",298.15,TRUE,-8.02107374212791,0.846614797079051
"Insecta","Coleoptera","Trogidae","Omorgus","radula",0.207,0.000207,25,"C","A. M. Makarieva et al., Mean mass-specific metabolic rates are strikingly similar across life's major domains: Evidence for life's metabolic optimum. Proc. Natl. Acad. Sci. U.S.A. 105, 16994-16999 (2008).","Omorgus radula",-4787.35547680534,-1628.02388294841,32.4701150460995,-1.88743442551193,-0.0029329313331031,-8.48279176469891,-9.07843530109624,38.9232497932056,1765,"Omorgus radula",298.15,TRUE,-5.96301008268307,-3.11542521841318
"Insecta","Lepidoptera","Sphingidae","Pachylia","ficus",3.225,0.003225,25,"C","A. M. Makarieva et al., Mean mass-specific metabolic rates are strikingly similar across life's major domains: Evidence for life's metabolic optimum. Proc. Natl. Acad. Sci. U.S.A. 105, 16994-16999 (2008).","Pachylia ficus",-4787.35547680534,-1628.02388294841,32.4701150460995,-1.88743442551193,-0.0029329313331031,-5.7368223287344,-5.27559743011181,38.9232497932056,1766,"Pachylia ficus",298.15,TRUE,-3.69669290828284,-1.57890452182897
"Insecta","Odonata","Libellulidae","Pantala","flavescens",0.339,0.000339,25,"C","A. M. Makarieva et al., Mean mass-specific metabolic rates are strikingly similar across life's major domains: Evidence for life's metabolic optimum. Proc. Natl. Acad. Sci. U.S.A. 105, 16994-16999 (2008).","Pantala flavescens",-4787.35547680534,-1628.02388294841,32.4701150460995,-1.88743442551193,-0.0029329313331031,-7.98951045058382,-6.39176302526485,38.9232497932056,1767,"Pantala flavescens",298.15,TRUE,-5.55589269115352,-0.835870334111325
"Insecta","Diptera","Pantophthalmidae","Pantophthalmus","tabaninus",1.746,0.001746,25,"C","A. M. Makarieva et al., Mean mass-specific metabolic rates are strikingly similar across life's major domains: Evidence for life's metabolic optimum. Proc. Natl. Acad. Sci. U.S.A. 105, 16994-16999 (2008).","Pantophthalmus tabaninus",-4787.35547680534,-1628.02388294841,32.4701150460995,-1.88743442551193,-0.0029329313331031,-6.35042782156473,-5.79691802069146,38.9232497932056,1768,"Pantophthalmus tabaninus",298.15,TRUE,-4.20311685040484,-1.59380117028662
"Insecta","Lepidoptera","Sphingidae","Perigonia","lusca",0.55833,0.00055833,25,"C","A. M. Makarieva et al., Mean mass-specific metabolic rates are strikingly similar across life's major domains: Evidence for life's metabolic optimum. Proc. Natl. Acad. Sci. U.S.A. 105, 16994-16999 (2008).","Perigonia lusca",-4787.35547680534,-1628.02388294841,32.4701150460995,-1.88743442551193,-0.0029329313331031,-7.49056037254029,-6.09009222372467,38.9232497932056,1769,"Perigonia lusca",298.15,TRUE,-5.14409672713865,-0.945995496586023
"Insecta","Coleoptera","Tenebrionidae","Physosterna","cribripes",1.2259999999999,0.0012259999999999,25,"C","A. M. Makarieva et al., Mean mass-specific metabolic rates are strikingly similar across life's major domains: Evidence for life's metabolic optimum. Proc. Natl. Acad. Sci. U.S.A. 105, 16994-16999 (2008).","Physosterna cribripes",-4787.35547680534,-1628.02388294841,32.4701150460995,-1.88743442551193,-0.0029329313331031,-6.7039984414682,-6.01424199479801,38.9232497932056,1772,"Physosterna cribripes",298.15,TRUE,-4.49492751579527,-1.51931447900274
"Insecta","Diptera","Calliphoridae","Protophormia","terraenovae",0.025,2.5e-05,25,"C","A. M. Makarieva et al., Mean mass-specific metabolic rates are strikingly similar across life's major domains: Evidence for life's metabolic optimum. Proc. Natl. Acad. Sci. U.S.A. 105, 16994-16999 (2008).","Protophormia terraenovae",-4787.35547680534,-1628.02388294841,32.4701150460995,-1.88743442551193,-0.0029329313331031,-10.5966347330961,-8.39852166169918,38.9232497932056,1773,"Protophormia terraenovae",298.15,TRUE,-7.70761749182598,-0.690904169873201
"Insecta","Orthoptera","Tettigoniidae","Requena","verticalis",0.37,0.00037,25,"C","A. M. Makarieva et al., Mean mass-specific metabolic rates are strikingly similar across life's major domains: Evidence for life's metabolic optimum. Proc. Natl. Acad. Sci. U.S.A. 105, 16994-16999 (2008).","Requena verticalis",-4787.35547680534,-1628.02388294841,32.4701150460995,-1.88743442551193,-0.0029329313331031,-7.902007552326,-7.28901569839348,38.9232497932056,1774,"Requena verticalis",298.15,TRUE,-5.48367436325293,-1.80534133514055
"Insecta","Hemiptera","Reduviidae","Rhodnius","prolixus",0.06675,6.675e-05,25,"C","A. M. Makarieva et al., Mean mass-specific metabolic rates are strikingly similar across life's major domains: Evidence for life's metabolic optimum. Proc. Natl. Acad. Sci. U.S.A. 105, 16994-16999 (2008).","Rhodnius prolixus",-4787.35547680534,-1628.02388294841,32.4701150460995,-1.88743442551193,-0.0029329313331031,-9.61455626068392,-9.28614208539246,38.9232497932056,1776,"Rhodnius prolixus",298.15,TRUE,-6.89708359458519,-2.38905849080728
"Insecta","Coleoptera","Curculionidae","Sitophilus","granarius",0.00368,3.68e-06,25,"C","A. M. Makarieva et al., Mean mass-specific metabolic rates are strikingly similar across life's major domains: Evidence for life's metabolic optimum. Proc. Natl. Acad. Sci. U.S.A. 105, 16994-16999 (2008).","Sitophilus granarius",-4787.35547680534,-1628.02388294841,32.4701150460995,-1.88743442551193,-0.0029329313331031,-12.5125978057834,-8.87672936763672,38.9232497932056,1777,"Sitophilus granarius",298.15,TRUE,-9.2889096796696,0.412180312032877
"Insecta","Coleoptera","Carabidae","Sphaeroderus","stenostomus",0.1696,0.0001696,25,"C","A. M. Makarieva et al., Mean mass-specific metabolic rates are strikingly similar across life's major domains: Evidence for life's metabolic optimum. Proc. Natl. Acad. Sci. U.S.A. 105, 16994-16999 (2008).","Sphaeroderus stenostomus",-4787.35547680534,-1628.02388294841,32.4701150460995,-1.88743442551193,-0.0029329313331031,-8.68206783460647,-8.24678444763491,38.9232497932056,1778,"Sphaeroderus stenostomus",298.15,TRUE,-6.12747760142654,-2.11930684620837
"Insecta","Lepidoptera","Sphingidae","Sphinx","ligustri",1.4,0.0014,25,"C","A. M. Makarieva et al., Mean mass-specific metabolic rates are strikingly similar across life's major domains: Evidence for life's metabolic optimum. Proc. Natl. Acad. Sci. U.S.A. 105, 16994-16999 (2008).","Sphinx ligustri",-4787.35547680534,-1628.02388294841,32.4701150460995,-1.88743442551193,-0.0029329313331031,-6.57128304236092,-4.89106718596353,38.9232497932056,1779,"Sphinx ligustri",298.15,TRUE,-4.3853941814599,-0.505673004503631
"Insecta","Orthoptera","Tanaoceridae","Tanaocerus","koebeli",0.1025,0.0001025,25,"C","A. M. Makarieva et al., Mean mass-specific metabolic rates are strikingly similar across life's major domains: Evidence for life's metabolic optimum. Proc. Natl. Acad. Sci. U.S.A. 105, 16994-16999 (2008).","Tanaocerus koebeli",-4787.35547680534,-1628.02388294841,32.4701150460995,-1.88743442551193,-0.0029329313331031,-9.18564775938581,-7.37631994403362,38.9232497932056,1780,"Tanaocerus koebeli",298.15,TRUE,-6.54309469361378,-0.83322525041984
"Insecta","Coleoptera","Tenebrionidae","Tribolium","castaneum",0.0024,2.4e-06,25,"C","A. M. Makarieva et al., Mean mass-specific metabolic rates are strikingly similar across life's major domains: Evidence for life's metabolic optimum. Proc. Natl. Acad. Sci. U.S.A. 105, 16994-16999 (2008).","Tribolium castaneum",-4787.35547680534,-1628.02388294841,32.4701150460995,-1.88743442551193,-0.0029329313331031,-12.9400418206104,-11.2505612005027,38.9232497932056,1781,"Tribolium castaneum",298.15,TRUE,-9.64168990337104,-1.6088712971317
"Insecta","Orthoptera","Acrididae","Trimerotropis","pallidipennis",0.2213499999999,0.0002213499999999,25,"C","A. M. Makarieva et al., Mean mass-specific metabolic rates are strikingly similar across life's major domains: Evidence for life's metabolic optimum. Proc. Natl. Acad. Sci. U.S.A. 105, 16994-16999 (2008).","Trimerotropis pallidipennis",-4787.35547680534,-1628.02388294841,32.4701150460995,-1.88743442551193,-0.0029329313331031,-8.41576539878658,-7.20441082623316,38.9232497932056,1782,"Trimerotropis pallidipennis",298.15,TRUE,-5.90769154846515,-1.29671927776801
"Malacostraca","Isopoda","Armadillidiidae","Armadillidium","nasatum",0.03,3e-05,20,"C","A. M. Makarieva et al., Mean mass-specific metabolic rates are strikingly similar across life's major domains: Evidence for life's metabolic optimum. Proc. Natl. Acad. Sci. U.S.A. 105, 16994-16999 (2008).","Armadillidium nasatum",-4787.35547680534,-1628.02388294841,32.4701150460995,-1.88743442551193,-0.0029329313331031,-10.4143131763021,-10.7376915134122,39.5871292029482,1783,"Armadillidium nasatum",293.15,TRUE,-7.92445774085793,-2.81323377255424
"Malacostraca","Amphipoda","Pontoporeiidae","Bathyporeia","pilosa",0.00089,8.9e-07,20,"C","A. M. Makarieva et al., Mean mass-specific metabolic rates are strikingly similar across life's major domains: Evidence for life's metabolic optimum. Proc. Natl. Acad. Sci. U.S.A. 105, 16994-16999 (2008).","Bathyporeia pilosa",-4787.35547680534,-1628.02388294841,32.4701150460995,-1.88743442551193,-0.0029329313331031,-13.9320443742202,-11.9089351171309,39.5871292029482,1784,"Bathyporeia pilosa",293.15,TRUE,-10.8277291772951,-1.08120593983574
"Malacostraca","Amphipoda","Pontoporeiidae","Bathyporeia","pilosa",0.00133,1.33e-06,20,"C","A. M. Makarieva et al., Mean mass-specific metabolic rates are strikingly similar across life's major domains: Evidence for life's metabolic optimum. Proc. Natl. Acad. Sci. U.S.A. 105, 16994-16999 (2008).","Bathyporeia pilosa",-4787.35547680534,-1628.02388294841,32.4701150460995,-1.88743442551193,-0.0029329313331031,-13.5303316157306,-11.6849050052536,39.5871292029482,1785,"Bathyporeia pilosa",293.15,TRUE,-10.4961856022586,-1.18871940299502
"Malacostraca","Amphipoda","Pontoporeiidae","Bathyporeia","pilosa",0.00219,2.19e-06,20,"C","A. M. Makarieva et al., Mean mass-specific metabolic rates are strikingly similar across life's major domains: Evidence for life's metabolic optimum. Proc. Natl. Acad. Sci. U.S.A. 105, 16994-16999 (2008).","Bathyporeia pilosa",-4787.35547680534,-1628.02388294841,32.4701150460995,-1.88743442551193,-0.0029329313331031,-13.0316090141359,-18.5530699319981,39.5871292029482,1786,"Bathyporeia pilosa",293.15,TRUE,-10.0845773802396,-8.46849255175846
"Malacostraca","Amphipoda","Pontoporeiidae","Bathyporeia","pilosa",0.00222,2.22e-06,20,"C","A. M. Makarieva et al., Mean mass-specific metabolic rates are strikingly similar across life's major domains: Evidence for life's metabolic optimum. Proc. Natl. Acad. Sci. U.S.A. 105, 16994-16999 (2008).","Bathyporeia pilosa",-4787.35547680534,-1628.02388294841,32.4701150460995,-1.88743442551193,-0.0029329313331031,-13.0180033620801,-11.4490125144612,39.5871292029482,1787,"Bathyporeia pilosa",293.15,TRUE,-10.0733482957061,-1.37566421875505
"Malacostraca","Amphipoda","Pontoporeiidae","Bathyporeia","pilosa",0.00444,4.44e-06,20,"C","A. M. Makarieva et al., Mean mass-specific metabolic rates are strikingly similar across life's major domains: Evidence for life's metabolic optimum. Proc. Natl. Acad. Sci. U.S.A. 105, 16994-16999 (2008).","Bathyporeia pilosa",-4787.35547680534,-1628.02388294841,32.4701150460995,-1.88743442551193,-0.0029329313331031,-12.3248561815201,-11.5019973944385,39.5871292029482,1788,"Bathyporeia pilosa",293.15,TRUE,-9.50127661161677,-2.00072078282177
"Malacostraca","Amphipoda","Lysianassidae","Eurythenes","gryllus",0.95,0.00095,-1,"C","A. M. Makarieva et al., Mean mass-specific metabolic rates are strikingly similar across life's major domains: Evidence for life's metabolic optimum. Proc. Natl. Acad. Sci. U.S.A. 105, 16994-16999 (2008).","Eurythenes gryllus",-4787.35547680534,-1628.02388294841,32.4701150460995,-1.88743442551193,-0.0029329313331031,-6.95904857336969,-7.64026718306436,42.6418038796409,1789,"Eurythenes gryllus",272.15,TRUE,-6.76284844513167,-0.877418737932685
"Malacostraca","Isopoda","Chaetiliidae","Glyptonotus","antarcticus",33,0.033,0,"C","A. M. Makarieva et al., Mean mass-specific metabolic rates are strikingly similar across life's major domains: Evidence for life's metabolic optimum. Proc. Natl. Acad. Sci. U.S.A. 105, 16994-16999 (2008).","Glyptonotus antarcticus",-4787.35547680534,-1628.02388294841,32.4701150460995,-1.88743442551193,-0.0029329313331031,-3.41124771751566,-6.27595172866324,42.4856925712768,1790,"Glyptonotus antarcticus",273.15,TRUE,-3.74838566116884,-2.52756606749441
"Malacostraca","Isopoda","Ligiidae","Ligia","oceanica",0.8,8e-04,20,"C","A. M. Makarieva et al., Mean mass-specific metabolic rates are strikingly similar across life's major domains: Evidence for life's metabolic optimum. Proc. Natl. Acad. Sci. U.S.A. 105, 16994-16999 (2008).","Ligia oceanica",-4787.35547680534,-1628.02388294841,32.4701150460995,-1.88743442551193,-0.0029329313331031,-7.13089883029635,-7.24855687376458,39.5871292029482,1791,"Ligia oceanica",293.15,TRUE,-5.21457385592995,-2.03398301783463
"Malacostraca","Isopoda","Ligiidae","Ligia","oceanica",0.8,8e-04,20,"C","A. M. Makarieva et al., Mean mass-specific metabolic rates are strikingly similar across life's major domains: Evidence for life's metabolic optimum. Proc. Natl. Acad. Sci. U.S.A. 105, 16994-16999 (2008).","Ligia oceanica",-4787.35547680534,-1628.02388294841,32.4701150460995,-1.88743442551193,-0.0029329313331031,-7.13089883029635,-7.18852794313298,39.5871292029482,1792,"Ligia oceanica",293.15,TRUE,-5.21457385592995,-1.97395408720303
"Malacostraca","Amphipoda","Niphargidae","Niphargus","krameri",0.0149,1.49e-05,10,"C","A. M. Makarieva et al., Mean mass-specific metabolic rates are strikingly similar across life's major domains: Evidence for life's metabolic optimum. Proc. Natl. Acad. Sci. U.S.A. 105, 16994-16999 (2008).","Niphargus krameri",-4787.35547680534,-1628.02388294841,32.4701150460995,-1.88743442551193,-0.0029329313331031,-11.1141493450129,-12.0557578848713,40.9852266496354,1793,"Niphargus krameri",283.15,TRUE,-9.27559691853529,-2.78016096633601
"Malacostraca","Isopoda","Oniscidae","Oniscus","asellus",0.0018,1.8e-06,20,"C","A. M. Makarieva et al., Mean mass-specific metabolic rates are strikingly similar across life's major domains: Evidence for life's metabolic optimum. Proc. Natl. Acad. Sci. U.S.A. 105, 16994-16999 (2008).","Oniscus asellus",-4787.35547680534,-1628.02388294841,32.4701150460995,-1.88743442551193,-0.0029329313331031,-13.2277238930622,-11.0682011829099,39.5871292029482,1794,"Oniscus asellus",293.15,TRUE,-10.2464358890944,-0.821765293815499
"Malacostraca","Isopoda","Oniscidae","Oniscus","asellus",0.0061,6.1e-06,20,"C","A. M. Makarieva et al., Mean mass-specific metabolic rates are strikingly similar across life's major domains: Evidence for life's metabolic optimum. Proc. Natl. Acad. Sci. U.S.A. 105, 16994-16999 (2008).","Oniscus asellus",-4787.35547680534,-1628.02388294841,32.4701150460995,-1.88743442551193,-0.0029329313331031,-12.007221786785,-10.3977838743509,39.5871292029482,1795,"Oniscus asellus",293.15,TRUE,-9.23912501060465,-1.15865886374626
"Malacostraca","Isopoda","Oniscidae","Oniscus","asellus",0.01,1e-05,20,"C","A. M. Makarieva et al., Mean mass-specific metabolic rates are strikingly similar across life's major domains: Evidence for life's metabolic optimum. Proc. Natl. Acad. Sci. U.S.A. 105, 16994-16999 (2008).","Oniscus asellus",-4787.35547680534,-1628.02388294841,32.4701150460995,-1.88743442551193,-0.0029329313331031,-11.5129254649702,-9.97240899800255,39.5871292029482,1796,"Oniscus asellus",293.15,TRUE,-8.83116990786395,-1.1412390901386
"Malacostraca","Isopoda","Oniscidae","Oniscus","asellus",0.018,1.8e-05,20,"C","A. M. Makarieva et al., Mean mass-specific metabolic rates are strikingly similar across life's major domains: Evidence for life's metabolic optimum. Proc. Natl. Acad. Sci. U.S.A. 105, 16994-16999 (2008).","Oniscus asellus",-4787.35547680534,-1628.02388294841,32.4701150460995,-1.88743442551193,-0.0029329313331031,-10.9251388000681,-10.1267311088507,39.5871292029482,1797,"Oniscus asellus",293.15,TRUE,-8.3460548894285,-1.78067621942217
"Malacostraca","Isopoda","Oniscidae","Oniscus","asellus",0.02,2e-05,20,"C","A. M. Makarieva et al., Mean mass-specific metabolic rates are strikingly similar across life's major domains: Evidence for life's metabolic optimum. Proc. Natl. Acad. Sci. U.S.A. 105, 16994-16999 (2008).","Oniscus asellus",-4787.35547680534,-1628.02388294841,32.4701150460995,-1.88743442551193,-0.0029329313331031,-10.8197782844103,-10.3087526806416,39.5871292029482,1798,"Oniscus asellus",293.15,TRUE,-8.2590982237746,-2.04965445686703
"Malacostraca","Isopoda","Oniscidae","Oniscus","asellus",0.06,6e-05,20,"C","A. M. Makarieva et al., Mean mass-specific metabolic rates are strikingly similar across life's major domains: Evidence for life's metabolic optimum. Proc. Natl. Acad. Sci. U.S.A. 105, 16994-16999 (2008).","Oniscus asellus",-4787.35547680534,-1628.02388294841,32.4701150460995,-1.88743442551193,-0.0029329313331031,-9.72116599574217,-9.02801881518306,39.5871292029482,1799,"Oniscus asellus",293.15,TRUE,-7.35238605676858,-1.67563275841448
"Malacostraca","Isopoda","Oniscidae","Oniscus","asellus",0.1,1e-04,20,"C","A. M. Makarieva et al., Mean mass-specific metabolic rates are strikingly similar across life's major domains: Evidence for life's metabolic optimum. Proc. Natl. Acad. Sci. U.S.A. 105, 16994-16999 (2008).","Oniscus asellus",-4787.35547680534,-1628.02388294841,32.4701150460995,-1.88743442551193,-0.0029329313331031,-9.21034037197618,-9.10507986131869,39.5871292029482,1800,"Oniscus asellus",293.15,TRUE,-6.93078890819801,-2.17429095312068
"Malacostraca","Isopoda","Oniscidae","Oniscus","asellus",0.15,0.00015,20,"C","A. M. Makarieva et al., Mean mass-specific metabolic rates are strikingly similar across life's major domains: Evidence for life's metabolic optimum. Proc. Natl. Acad. Sci. U.S.A. 105, 16994-16999 (2008).","Oniscus asellus",-4787.35547680534,-1628.02388294841,32.4701150460995,-1.88743442551193,-0.0029329313331031,-8.80487526386802,-9.20984049693553,39.5871292029482,1801,"Oniscus asellus",293.15,TRUE,-6.59614842528134,-2.61369207165419
"Malacostraca","Isopoda","Porcellionidae","Porcellio","scaber",0.007,7e-06,20,"C","A. M. Makarieva et al., Mean mass-specific metabolic rates are strikingly similar across life's major domains: Evidence for life's metabolic optimum. Proc. Natl. Acad. Sci. U.S.A. 105, 16994-16999 (2008).","Porcellio scaber",-4787.35547680534,-1628.02388294841,32.4701150460995,-1.88743442551193,-0.0029329313331031,-11.869600408909,-11.0711927176915,39.5871292029482,1802,"Porcellio scaber",293.15,TRUE,-9.12554264943187,-1.94565006825965
"Malacostraca","Isopoda","Porcellionidae","Porcellio","scaber",0.06,6e-05,20,"C","A. M. Makarieva et al., Mean mass-specific metabolic rates are strikingly similar across life's major domains: Evidence for life's metabolic optimum. Proc. Natl. Acad. Sci. U.S.A. 105, 16994-16999 (2008).","Porcellio scaber",-4787.35547680534,-1628.02388294841,32.4701150460995,-1.88743442551193,-0.0029329313331031,-9.72116599574217,-10.1261312288087,39.5871292029482,1803,"Porcellio scaber",293.15,TRUE,-7.35238605676858,-2.77374517204011
"Malacostraca","Isopoda","Porcellionidae","Porcellio","scaber",0.1,1e-04,20,"C","A. M. Makarieva et al., Mean mass-specific metabolic rates are strikingly similar across life's major domains: Evidence for life's metabolic optimum. Proc. Natl. Acad. Sci. U.S.A. 105, 16994-16999 (2008).","Porcellio scaber",-4787.35547680534,-1628.02388294841,32.4701150460995,-1.88743442551193,-0.0029329313331031,-9.21034037197618,-9.10507986131869,39.5871292029482,1804,"Porcellio scaber",293.15,TRUE,-6.93078890819801,-2.17429095312068
"Malacostraca","Isopoda","Porcellionidae","Porcellio","scaber",0.25,0.00025,20,"C","A. M. Makarieva et al., Mean mass-specific metabolic rates are strikingly similar across life's major domains: Evidence for life's metabolic optimum. Proc. Natl. Acad. Sci. U.S.A. 105, 16994-16999 (2008).","Porcellio scaber",-4787.35547680534,-1628.02388294841,32.4701150460995,-1.88743442551193,-0.0029329313331031,-8.29404964010203,-8.00661759890546,39.5871292029482,1805,"Porcellio scaber",293.15,TRUE,-6.17455127671077,-1.83206632219469
"Malacostraca","Isopoda","Stenasellidae","Stenasellus","virei",0.012,1.2e-05,11,"C","A. M. Makarieva et al., Mean mass-specific metabolic rates are strikingly similar across life's major domains: Evidence for life's metabolic optimum. Proc. Natl. Acad. Sci. U.S.A. 105, 16994-16999 (2008).","Stenasellus virei",-4787.35547680534,-1628.02388294841,32.4701150460995,-1.88743442551193,-0.0029329313331031,-11.3306039081763,-12.5017868896792,40.8409886533319,1806,"Stenasellus virei",284.15,TRUE,-9.37443749947817,-3.12734939020105
"Reptilia","Crocodilia","Alligatoridae","Alligator","mississippiensis",2620,2.62,30,"C","J. F. Gillooly, J. P. Gomez, E. V. Mavrodiev,  A broad-scale comparison of aerobic activity levels in vertebrates: endotherms versus ectotherms. Proc. Biol. Sci. 284, 20162328 (2017).","Alligator mississippiensis",17168.2845239937,145.984591742166,15.8713494841097,-2058.98464940383,-140.998696747543,0.963174317773006,0.980829253011726,38.2812697537333,1807,"Alligator mississippiensis",303.15,TRUE,2.18817988389456,-1.20735063088284
"Reptilia","Squamata","Scincidae","Chalcides","ocellatus",19,0.019,33,"C","J. F. Gillooly, J. P. Gomez, E. V. Mavrodiev,  A broad-scale comparison of aerobic activity levels in vertebrates: endotherms versus ectotherms. Proc. Biol. Sci. 284, 20162328 (2017).","Chalcides ocellatus",17592.6270925533,194.370228784986,2997.42145437294,681.054280713025,341.550266344304,-3.9633162998157,-1.66512681829469,37.9061470711882,1808,"Chalcides ocellatus",306.15,TRUE,-1.67022599142138,0.00509917312668606
"Reptilia","Squamata","Gekkonidae","Chondrodactylus","bibronii",15,0.015,25,"C","J. F. Gillooly, J. P. Gomez, E. V. Mavrodiev,  A broad-scale comparison of aerobic activity levels in vertebrates: endotherms versus ectotherms. Proc. Biol. Sci. 284, 20162328 (2017).","Chondrodactylus bibronii",17609.1412108943,196.340035609827,3134.81857741097,867.660791418726,206.703257275032,-4.19970507787993,-3.1298987884609,38.9232497932056,1809,"Chondrodactylus bibronii",298.15,TRUE,-2.42807164139872,-0.701827147062183
"Reptilia","Squamata","Iguanidae","Cyclura","nubila",1254,1.254,38,"C","J. F. Gillooly, J. P. Gomez, E. V. Mavrodiev,  A broad-scale comparison of aerobic activity levels in vertebrates: endotherms versus ectotherms. Proc. Biol. Sci. 284, 20162328 (2017).","Cyclura nubila",17293.0298989992,158.924340947614,573.328426214863,-2492.5845468819,-162.16022649679,0.226338442210729,1.72870133326092,37.2970172773397,1810,"Cyclura nubila",311.15,TRUE,2.12462335317888,-0.395922019917965
"Reptilia","Squamata","Scincidae","Egernia","cunninghami",35,0.035,30,"C","J. F. Gillooly, J. P. Gomez, E. V. Mavrodiev,  A broad-scale comparison of aerobic activity levels in vertebrates: endotherms versus ectotherms. Proc. Biol. Sci. 284, 20162328 (2017).","Egernia cunninghami",17592.6270925533,194.370228784986,2997.42145437294,681.054280713025,341.550266344304,-3.35240721749272,-1.74838074592611,38.2812697537333,1811,"Egernia cunninghami",303.15,TRUE,-1.37357736758843,-0.374803378337679
"Reptilia","Squamata","Agamidae","Intellagama","lesueurii",549,0.549,30,"C","J. F. Gillooly, J. P. Gomez, E. V. Mavrodiev,  A broad-scale comparison of aerobic activity levels in vertebrates: endotherms versus ectotherms. Proc. Biol. Sci. 284, 20162328 (2017).","Intellagama lesueurii",17293.0298989992,158.924340947614,573.328426214863,-2492.5845468819,-162.16022649679,-0.599656837472606,0.338612801120324,38.2812697537333,1812,"Intellagama lesueurii",303.15,TRUE,0.898336289340193,-0.559723488219869
"Reptilia","Squamata","Diplodactylidae","Naultinus","manukanus",7,0.007,25,"C","J. F. Gillooly, J. P. Gomez, E. V. Mavrodiev,  A broad-scale comparison of aerobic activity levels in vertebrates: endotherms versus ectotherms. Proc. Biol. Sci. 284, 20162328 (2017).","Naultinus manukanus",17609.1412108943,196.340035609827,3134.81857741097,867.660791418726,206.703257275032,-4.96184512992682,-4.71053070164592,38.9232497932056,1813,"Naultinus manukanus",298.15,TRUE,-3.05708486588331,-1.65344583576261
"Reptilia","Squamata","Carphodactylidae","Nephrurus","asper",25,0.025,20,"C","J. F. Gillooly, J. P. Gomez, E. V. Mavrodiev,  A broad-scale comparison of aerobic activity levels in vertebrates: endotherms versus ectotherms. Proc. Biol. Sci. 284, 20162328 (2017).","Nephrurus asper",17609.1412108943,196.340035609827,3134.81857741097,867.660791418726,206.703257275032,-3.68887945411394,-3.1349943408875,39.5871292029482,1814,"Nephrurus asper",293.15,TRUE,-2.37378927737887,-0.761205063508626
"Reptilia","Squamata","Scincidae","Oligosoma","macgregori",20,0.02,25,"C","J. F. Gillooly, J. P. Gomez, E. V. Mavrodiev,  A broad-scale comparison of aerobic activity levels in vertebrates: endotherms versus ectotherms. Proc. Biol. Sci. 284, 20162328 (2017).","Oligosoma macgregori",17592.6270925533,194.370228784986,2997.42145437294,681.054280713025,341.550266344304,-3.91202300542815,-4.45101950616084,38.9232497932056,1815,"Oligosoma macgregori",298.15,TRUE,-2.19064044022603,-2.26037906593481
"Reptilia","Squamata","Scincidae","Oligosoma","polychroma",3,0.003,25,"C","J. F. Gillooly, J. P. Gomez, E. V. Mavrodiev,  A broad-scale comparison of aerobic activity levels in vertebrates: endotherms versus ectotherms. Proc. Biol. Sci. 284, 20162328 (2017).","Oligosoma polychroma",17592.6270925533,194.370228784986,2997.42145437294,681.054280713025,341.550266344304,-5.80914299031403,-4.38648098502327,38.9232497932056,1816,"Oligosoma polychroma",298.15,TRUE,-3.75638095697531,-0.630100028047956
"Reptilia","Squamata","Gekkonidae","Phelsuma","madagascariensis",24,0.024,25,"C","J. F. Gillooly, J. P. Gomez, E. V. Mavrodiev,  A broad-scale comparison of aerobic activity levels in vertebrates: endotherms versus ectotherms. Proc. Biol. Sci. 284, 20162328 (2017).","Phelsuma madagascariensis",17609.1412108943,196.340035609827,3134.81857741098,867.66079141873,206.70325727503,-3.72970144863419,-2.7637391069628,38.9232497932056,1817,"Phelsuma madagascariensis",298.15,TRUE,-2.04016590470725,-0.723573202255545
"Reptilia","Squamata","Colubridae","Spalerosophis","diadema",386,0.386,30,"C","J. F. Gillooly, J. P. Gomez, E. V. Mavrodiev,  A broad-scale comparison of aerobic activity levels in vertebrates: endotherms versus ectotherms. Proc. Biol. Sci. 284, 20162328 (2017).","Spalerosophis diadema",17557.1080270817,190.104693368661,2694.94254604895,255.731736444338,1015.06095060671,-0.951917909517306,-0.204703507687085,38.2812697537333,1818,"Spalerosophis diadema",303.15,TRUE,0.607606426512305,-0.81230993419939
"Reptilia","Rhynchocephalia","Sphenodontidae","Sphenodon","punctatus",520,0.52,30,"C","J. F. Gillooly, J. P. Gomez, E. V. Mavrodiev,  A broad-scale comparison of aerobic activity levels in vertebrates: endotherms versus ectotherms. Proc. Biol. Sci. 284, 20162328 (2017).","Sphenodon punctatus",17293.0298989992,158.924340947614,573.328426214863,-2492.5845468819,-162.16022649679,-0.653926467406664,-0.771709503063048,38.2812697537333,1819,"Sphenodon punctatus",303.15,TRUE,0.8535462080097,-1.62525571107275
"Reptilia","Testudines","Emydidae","Terrapene","ornata",354,0.354,30,"C","J. F. Gillooly, J. P. Gomez, E. V. Mavrodiev,  A broad-scale comparison of aerobic activity levels in vertebrates: endotherms versus ectotherms. Proc. Biol. Sci. 284, 20162328 (2017).","Terrapene ornata",-4787.35547680534,-1628.02388294841,32.4701150460995,-1.88743442551193,-0.0029329313331031,-1.03845836584836,-0.345311185288417,38.2812697537333,1820,"Terrapene ornata",303.15,TRUE,0.536182425977273,-0.88149361126569
"Reptilia","Squamata","Colubridae","Thamnophis","sirtalis",2,0.002,30,"C","J. F. Gillooly, J. P. Gomez, E. V. Mavrodiev,  A broad-scale comparison of aerobic activity levels in vertebrates: endotherms versus ectotherms. Proc. Biol. Sci. 284, 20162328 (2017).","Thamnophis sirtalis",17293.0298989992,158.924340947614,573.328426214863,-2492.5845468819,-162.16022649679,-6.21460809842219,-4.04555439805267,38.2812697537333,1821,"Thamnophis sirtalis",303.15,TRUE,-3.7358232571737,-0.309731140878969
"Reptilia","Squamata","Scincidae","Tiliqua","rugosa",421,0.421,30,"C","J. F. Gillooly, J. P. Gomez, E. V. Mavrodiev,  A broad-scale comparison of aerobic activity levels in vertebrates: endotherms versus ectotherms. Proc. Biol. Sci. 284, 20162328 (2017).","Tiliqua rugosa",17592.6270925533,194.370228784986,2997.42145437294,681.054280713025,341.550266344304,-0.865122445299756,0.0731471932931747,38.2812697537333,1822,"Tiliqua rugosa",303.15,TRUE,0.679240891426581,-0.606093698133406
"Reptilia","Squamata","Varanidae","Varanus","brevicauda",17,0.017,35,"C","J. F. Gillooly, J. P. Gomez, E. V. Mavrodiev,  A broad-scale comparison of aerobic activity levels in vertebrates: endotherms versus ectotherms. Proc. Biol. Sci. 284, 20162328 (2017).","Varanus brevicauda",17293.0298989992,158.924340947613,573.328426214852,-2492.58454688194,-162.160226496791,-4.07454193492592,-1.1604876923862,37.6601230759184,1823,"Varanus brevicauda",308.15,TRUE,-1.62590180212907,0.465414109742878
"Reptilia","Squamata","Varanidae","Varanus","eremius",40,0.04,35,"C","J. F. Gillooly, J. P. Gomez, E. V. Mavrodiev,  A broad-scale comparison of aerobic activity levels in vertebrates: endotherms versus ectotherms. Proc. Biol. Sci. 284, 20162328 (2017).","Varanus eremius",17293.0298989992,158.924340947613,573.328426214852,-2492.58454688194,-162.160226496791,-3.2188758248682,-0.672255821528569,37.6601230759184,1824,"Varanus eremius",308.15,TRUE,-0.919699185531154,0.247443364002585
"Reptilia","Squamata","Varanidae","Varanus","gouldii",402,0.402,35,"C","J. F. Gillooly, J. P. Gomez, E. V. Mavrodiev,  A broad-scale comparison of aerobic activity levels in vertebrates: endotherms versus ectotherms. Proc. Biol. Sci. 284, 20162328 (2017).","Varanus gouldii",17293.0298989992,158.924340947614,573.328426214863,-2492.5845468819,-162.16022649679,-0.911303190363116,0.936093359170335,37.6601230759184,1825,"Varanus gouldii",308.15,TRUE,0.984798156740961,-0.0487047975706264
"Reptilia","Squamata","Varanidae","Varanus","gouldii",674,0.674,30,"C","J. F. Gillooly, J. P. Gomez, E. V. Mavrodiev,  A broad-scale comparison of aerobic activity levels in vertebrates: endotherms versus ectotherms. Proc. Biol. Sci. 284, 20162328 (2017).","Varanus gouldii",17293.0298989992,158.924340947614,573.328426214863,-2492.5845468819,-162.16022649679,-0.39452516806983,0.758154341868555,38.2812697537333,1826,"Varanus gouldii",303.15,TRUE,1.06763658062971,-0.309482238761158
"Reptilia","Squamata","Varanidae","Varanus","panoptes",2240,2.24,35,"C","J. F. Gillooly, J. P. Gomez, E. V. Mavrodiev,  A broad-scale comparison of aerobic activity levels in vertebrates: endotherms versus ectotherms. Proc. Biol. Sci. 284, 20162328 (2017).","Varanus panoptes",17293.0298989992,158.924340947614,573.328426214863,-2492.5845468819,-162.16022649679,0.806475865866949,2.57515352763578,37.6601230759184,1827,"Varanus panoptes",308.15,TRUE,2.40252412483493,0.172629402800852
"Reptilia","Squamata","Varanidae","Varanus","rosenbergi",1503,1.503,35,"C","J. F. Gillooly, J. P. Gomez, E. V. Mavrodiev,  A broad-scale comparison of aerobic activity levels in vertebrates: endotherms versus ectotherms. Proc. Biol. Sci. 284, 20162328 (2017).","Varanus rosenbergi",17293.0298989992,158.924340947614,573.328426214863,-2492.5845468819,-162.16022649679,0.407463110770837,2.33537491581704,37.6601230759184,1828,"Varanus rosenbergi",308.15,TRUE,2.07320893004965,0.262165985767391
"Reptilia","Squamata","Sanziniidae","Acrantophis","dumerili",2548.5,2.5485,20,"C","A. M. Makarieva et al., Mean mass-specific metabolic rates are strikingly similar across life's major domains: Evidence for life's metabolic optimum. Proc. Natl. Acad. Sci. U.S.A. 105, 16994-16999 (2008).","Acrantophis dumerili",17564.0686308265,190.943368910398,2754.88716084095,341.383037007667,846.216226545312,0.935504950797959,-2.23458070990081,39.5871292029482,1830,"Acrantophis dumerili",293.15,TRUE,1.44283069683409,-3.6774114067349
"Reptilia","Squamata","Anguidae","Anguis","fragilis",12.067,0.012067,30,"C","A. M. Makarieva et al., Mean mass-specific metabolic rates are strikingly similar across life's major domains: Evidence for life's metabolic optimum. Proc. Natl. Acad. Sci. U.S.A. 105, 16994-16999 (2008).","Anguis fragilis",17293.0298989992,158.924340947614,573.328426214863,-2492.5845468819,-162.16022649679,-4.41728082489067,-5.53507593297556,38.2812697537333,1831,"Anguis fragilis",303.15,TRUE,-2.25244415809363,-3.28263177488193
"Reptilia","Squamata","Anniellidae","Anniella","pulchra",4.8465999999999,0.0048465999999999,25,"C","A. M. Makarieva et al., Mean mass-specific metabolic rates are strikingly similar across life's major domains: Evidence for life's metabolic optimum. Proc. Natl. Acad. Sci. U.S.A. 105, 16994-16999 (2008).","Anniella pulchra",17293.0298989992,158.924340947614,573.328426214863,-2492.5845468819,-162.16022649679,-5.32947785079768,-6.342830295515,38.9232497932056,1832,"Anniella pulchra",298.15,TRUE,-3.36050133449687,-2.98232896101814
"Reptilia","Squamata","Pythonidae","Antaresia","childreni",331.7,0.3317,24,"C","A. M. Makarieva et al., Mean mass-specific metabolic rates are strikingly similar across life's major domains: Evidence for life's metabolic optimum. Proc. Natl. Acad. Sci. U.S.A. 105, 16994-16999 (2008).","Antaresia childreni",17564.0686308265,190.943368910398,2754.88716084095,341.383037007667,846.216226545312,-1.10352433302913,-2.74342145294794,39.0542383504771,1833,"Antaresia childreni",297.15,TRUE,0.0548096188264182,-2.79823107177436
"Reptilia","Squamata","Pythonidae","Antaresia","stimsoni",349.9,0.3499,30,"C","A. M. Makarieva et al., Mean mass-specific metabolic rates are strikingly similar across life's major domains: Evidence for life's metabolic optimum. Proc. Natl. Acad. Sci. U.S.A. 105, 16994-16999 (2008).","Antaresia stimsoni",17564.0686308265,190.943368910398,2754.88716084095,341.383037007667,846.216226545312,-1.05010787960849,-2.19896138471335,38.2812697537333,1834,"Antaresia stimsoni",303.15,TRUE,0.526567791246745,-2.7255291759601
"Reptilia","Squamata","Pythonidae","Aspidites","melanocephalus",1027.5,1.0275,24,"C","A. M. Makarieva et al., Mean mass-specific metabolic rates are strikingly similar across life's major domains: Evidence for life's metabolic optimum. Proc. Natl. Acad. Sci. U.S.A. 105, 16994-16999 (2008).","Aspidites melanocephalus",17564.0686308265,190.943368910398,2754.88716084095,341.383037007667,846.216226545312,0.0271286673882527,-1.56250661774967,39.0542383504771,1835,"Aspidites melanocephalus",297.15,TRUE,0.987965785669562,-2.55047240341923
"Reptilia","Squamata","Blanidae","Blanus","cinereus",2.4,0.0024,30,"C","A. M. Makarieva et al., Mean mass-specific metabolic rates are strikingly similar across life's major domains: Evidence for life's metabolic optimum. Proc. Natl. Acad. Sci. U.S.A. 105, 16994-16999 (2008).","Blanus cinereus",17293.0298989992,158.924340947614,573.328426214863,-2492.5845468819,-162.16022649679,-6.03228654162824,-6.05453215057556,38.2812697537333,1836,"Blanus cinereus",303.15,TRUE,-3.58534872165492,-2.46918342892064
"Reptilia","Squamata","Scincidae","Chalcides","ocellatus",22.06,0.02206,33,"C","A. M. Makarieva et al., Mean mass-specific metabolic rates are strikingly similar across life's major domains: Evidence for life's metabolic optimum. Proc. Natl. Acad. Sci. U.S.A. 105, 16994-16999 (2008).","Chalcides ocellatus",17592.6270925533,194.370228784986,2997.42145437294,681.054280713025,341.550266344304,-3.81398926515678,-4.46407695625628,37.9061470711882,1837,"Chalcides ocellatus",306.15,TRUE,-1.54698265927886,-2.91709429697741
"Reptilia","Squamata","Crotaphytidae","Crotaphytus","collaris",30,0.03,37,"C","A. M. Makarieva et al., Mean mass-specific metabolic rates are strikingly similar across life's major domains: Evidence for life's metabolic optimum. Proc. Natl. Acad. Sci. U.S.A. 105, 16994-16999 (2008).","Crotaphytus collaris",17293.0298989992,158.924340947614,573.328426214863,-2492.5845468819,-162.16022649679,-3.50655789731998,-3.06443947156378,37.4172720485064,1838,"Crotaphytus collaris",310.15,TRUE,-1.02276445894241,-2.04167501262137
"Reptilia","Squamata","Scincidae","Ctenotus","labillardieri",2.8,0.0028,20,"C","A. M. Makarieva et al., Mean mass-specific metabolic rates are strikingly similar across life's major domains: Evidence for life's metabolic optimum. Proc. Natl. Acad. Sci. U.S.A. 105, 16994-16999 (2008).","Ctenotus labillardieri",17592.6270925533,194.370228784986,2997.42145437294,681.054280713025,341.550266344304,-5.87813586180098,-6.80195486009593,39.5871292029482,1839,"Ctenotus labillardieri",293.15,TRUE,-4.18063728192128,-2.62131757817465
"Reptilia","Squamata","Scincidae","Egernia","cunninghami",261,0.261,20,"C","A. M. Makarieva et al., Mean mass-specific metabolic rates are strikingly similar across life's major domains: Evidence for life's metabolic optimum. Proc. Natl. Acad. Sci. U.S.A. 105, 16994-16999 (2008).","Egernia cunninghami",17592.6270925533,194.370228784986,2997.42145437294,681.054280713025,341.550266344304,-1.34323487165944,-3.00924313558194,39.5871292029482,1840,"Egernia cunninghami",293.15,TRUE,-0.437870205363321,-2.57137293021862
"Reptilia","Squamata","Gekkonidae","Hemidactylus","frenatus",2,0.002,27,"C","A. M. Makarieva et al., Mean mass-specific metabolic rates are strikingly similar across life's major domains: Evidence for life's metabolic optimum. Proc. Natl. Acad. Sci. U.S.A. 105, 16994-16999 (2008).","Hemidactylus frenatus",17609.1412108943,196.340035609827,3134.81857741097,867.660791418726,206.703257275032,-6.21460809842219,-6.75417619105384,38.6638911405773,1843,"Hemidactylus frenatus",300.15,TRUE,-3.94752208411514,-2.8066541069387
"Reptilia","Squamata","Gekkonidae","Hemidactylus","platyurus",3.5,0.0035,27,"C","A. M. Makarieva et al., Mean mass-specific metabolic rates are strikingly similar across life's major domains: Evidence for life's metabolic optimum. Proc. Natl. Acad. Sci. U.S.A. 105, 16994-16999 (2008).","Hemidactylus platyurus",17609.1412108943,196.340035609827,3134.81857741097,867.660791418726,206.703257275032,-5.65499231048677,-6.24197929521832,38.6638911405773,1844,"Hemidactylus platyurus",300.15,TRUE,-3.48565719419582,-2.75632210102251
"Reptilia","Squamata","Lacertidae","Lacerta","agilis",8.4,0.0084,35,"C","A. M. Makarieva et al., Mean mass-specific metabolic rates are strikingly similar across life's major domains: Evidence for life's metabolic optimum. Proc. Natl. Acad. Sci. U.S.A. 105, 16994-16999 (2008).","Lacerta agilis",17293.0298989992,158.924340947614,573.328426214863,-2492.5845468819,-162.16022649679,-4.77952357313287,-3.78405204338427,37.6601230759184,1845,"Lacerta agilis",308.15,TRUE,-2.207740759759,-1.57631128362527
"Reptilia","Squamata","Pythonidae","Liasis","fuscus",1306.9,1.3069,30,"C","A. M. Makarieva et al., Mean mass-specific metabolic rates are strikingly similar across life's major domains: Evidence for life's metabolic optimum. Proc. Natl. Acad. Sci. U.S.A. 105, 16994-16999 (2008).","Liasis fuscus",17564.0686308265,190.943368910398,2754.88716084095,341.383037007667,846.216226545312,0.267657920620853,-1.83607631362803,38.2812697537333,1846,"Liasis fuscus",303.15,TRUE,1.61415282616468,-3.4502291397927
"Reptilia","Squamata","Pythonidae","Malayopython","reticulatus",14326,14.326,20,"C","A. M. Makarieva et al., Mean mass-specific metabolic rates are strikingly similar across life's major domains: Evidence for life's metabolic optimum. Proc. Natl. Acad. Sci. U.S.A. 105, 16994-16999 (2008).","Malayopython reticulatus",17564.0686308265,190.943368910398,2754.88716084095,341.383037007667,846.216226545312,2.66207606819226,-0.333656205361731,39.5871292029482,1847,"Malayopython reticulatus",293.15,TRUE,2.86781297264725,-3.20146917800899
"Reptilia","Squamata","Anguidae","Ophisaurus","ventralis",32.185,0.032185,25,"C","A. M. Makarieva et al., Mean mass-specific metabolic rates are strikingly similar across life's major domains: Evidence for life's metabolic optimum. Proc. Natl. Acad. Sci. U.S.A. 105, 16994-16999 (2008).","Ophisaurus ventralis",17293.0298989992,158.924340947614,573.328426214863,-2492.5845468819,-162.16022649679,-3.43625477347756,-4.97803403743784,38.9232497932056,1848,"Ophisaurus ventralis",298.15,TRUE,-1.79797703291286,-3.18005700452498
"Reptilia","Squamata","Iguanidae","Petrosaurus","mearnsi",14,0.014,20,"C","A. M. Makarieva et al., Mean mass-specific metabolic rates are strikingly similar across life's major domains: Evidence for life's metabolic optimum. Proc. Natl. Acad. Sci. U.S.A. 105, 16994-16999 (2008).","Petrosaurus mearnsi",17293.0298989992,158.924340947614,573.328426214863,-2492.5845468819,-162.16022649679,-4.26869794936688,-5.79655587480856,39.5871292029482,1849,"Petrosaurus mearnsi",293.15,TRUE,-2.85232796634468,-2.94422790846387
"Reptilia","Squamata","Colubridae","Philodryas","olfersii",176,0.176,20,"C","A. M. Makarieva et al., Mean mass-specific metabolic rates are strikingly similar across life's major domains: Evidence for life's metabolic optimum. Proc. Natl. Acad. Sci. U.S.A. 105, 16994-16999 (2008).","Philodryas olfersii",17293.0298989992,158.924340947614,573.328426214863,-2492.5845468819,-162.16022649679,-1.73727128394399,-3.26512920938566,39.5871292029482,1850,"Philodryas olfersii",293.15,TRUE,-0.763078300108862,-2.5020509092768
"Reptilia","Squamata","Colubridae","Philodryas","patagoniensis",388,0.388,20,"C","A. M. Makarieva et al., Mean mass-specific metabolic rates are strikingly similar across life's major domains: Evidence for life's metabolic optimum. Proc. Natl. Acad. Sci. U.S.A. 105, 16994-16999 (2008).","Philodryas patagoniensis",17293.0298989992,158.924340947614,573.328426214863,-2492.5845468819,-162.16022649679,-0.946749939358864,-2.20905832069776,39.5871292029482,1851,"Philodryas patagoniensis",293.15,TRUE,-0.110641285880426,-2.09841703481734
"Reptilia","Squamata","Lacertidae","Podarcis","lilfordi",7.4,0.0074,20,"C","A. M. Makarieva et al., Mean mass-specific metabolic rates are strikingly similar across life's major domains: Evidence for life's metabolic optimum. Proc. Natl. Acad. Sci. U.S.A. 105, 16994-16999 (2008).","Podarcis lilfordi",17293.0298989992,158.924340947614,573.328426214863,-2492.5845468819,-162.16022649679,-4.90627527877201,-5.80767739815242,39.5871292029482,1852,"Podarcis lilfordi",293.15,TRUE,-3.37853646404836,-2.42914093410406
"Reptilia","Squamata","Lacertidae","Podarcis","muralis",5.5,0.0055,35,"C","A. M. Makarieva et al., Mean mass-specific metabolic rates are strikingly similar across life's major domains: Evidence for life's metabolic optimum. Proc. Natl. Acad. Sci. U.S.A. 105, 16994-16999 (2008).","Podarcis muralis",17293.0298989992,158.924340947614,573.328426214863,-2492.5845468819,-162.16022649679,-5.20300718674371,-4.33927370560824,37.6601230759184,1853,"Podarcis muralis",308.15,TRUE,-2.55725236539937,-1.78202134020887
"Reptilia","Squamata","Elapidae","Pseudonaja","nuchalis",214.1,0.2141,33,"C","A. M. Makarieva et al., Mean mass-specific metabolic rates are strikingly similar across life's major domains: Evidence for life's metabolic optimum. Proc. Natl. Acad. Sci. U.S.A. 105, 16994-16999 (2008).","Pseudonaja nuchalis",17553.8954404959,189.717589425878,2667.2702417175,216.180822006214,1093.3182184021,-1.5413120833865,-2.4304741478724,37.9061470711882,1854,"Pseudonaja nuchalis",306.15,TRUE,0.328714594104579,-2.75918874197698
"Reptilia","Squamata","Phyllodactylidae","Ptyodactylus","hasselquistii",8.5,0.0085,30,"C","A. M. Makarieva et al., Mean mass-specific metabolic rates are strikingly similar across life's major domains: Evidence for life's metabolic optimum. Proc. Natl. Acad. Sci. U.S.A. 105, 16994-16999 (2008).","Ptyodactylus hasselquistii",17609.1412108943,196.340035609827,3134.81857741098,867.66079141873,206.70325727503,-4.76768911548587,-4.97717634035259,38.2812697537333,1855,"Ptyodactylus hasselquistii",303.15,TRUE,-2.54164487410567,-2.43553146624692
"Reptilia","Squamata","Pythonidae","Python","molurus",29777.25,29.77725,20,"C","A. M. Makarieva et al., Mean mass-specific metabolic rates are strikingly similar across life's major domains: Evidence for life's metabolic optimum. Proc. Natl. Acad. Sci. U.S.A. 105, 16994-16999 (2008).","Python molurus",17564.0686308265,190.943368910398,2754.88716084095,341.383037007667,846.216226545312,3.39374467913697,-0.181806089669963,39.5871292029482,1856,"Python molurus",293.15,TRUE,3.47167735556276,-3.65348344523273
"Reptilia","Squamata","Iguanidae","Sauromalus","ater",150,0.15,20,"C","A. M. Makarieva et al., Mean mass-specific metabolic rates are strikingly similar across life's major domains: Evidence for life's metabolic optimum. Proc. Natl. Acad. Sci. U.S.A. 105, 16994-16999 (2008).","Sauromalus ater",17293.0298989992,158.924340947614,573.328426214863,-2492.5845468819,-162.16022649679,-1.89711998488588,-3.72347089888356,39.5871292029482,1857,"Sauromalus ater",293.15,TRUE,-0.8950054262835,-2.82846547260006
"Reptilia","Squamata","Iguanidae","Sceloporus","graciosus",5,0.005,25,"C","A. M. Makarieva et al., Mean mass-specific metabolic rates are strikingly similar across life's major domains: Evidence for life's metabolic optimum. Proc. Natl. Acad. Sci. U.S.A. 105, 16994-16999 (2008).","Sceloporus graciosus",17293.0298989992,158.924340947614,573.328426214863,-2492.5845468819,-162.16022649679,-5.29831736654804,-6.0137101560553,38.9232497932056,1858,"Sceloporus graciosus",298.15,TRUE,-3.33478380840474,-2.67892634765056
"Reptilia","Squamata","Iguanidae","Sceloporus","olivaceus",24,0.024,20,"C","A. M. Makarieva et al., Mean mass-specific metabolic rates are strikingly similar across life's major domains: Evidence for life's metabolic optimum. Proc. Natl. Acad. Sci. U.S.A. 105, 16994-16999 (2008).","Sceloporus olivaceus",17293.0298989992,158.924340947614,573.328426214863,-2492.5845468819,-162.16022649679,-3.72970144863419,-4.73482339421496,39.5871292029482,1859,"Sceloporus olivaceus",293.15,TRUE,-2.40748068925798,-2.32734270495698
"Reptilia","Squamata","Iguanidae","Sceloporus","undulatus",3.8,0.0038,20,"C","A. M. Makarieva et al., Mean mass-specific metabolic rates are strikingly similar across life's major domains: Evidence for life's metabolic optimum. Proc. Natl. Acad. Sci. U.S.A. 105, 16994-16999 (2008).","Sceloporus undulatus",17293.0298989992,158.924340947614,573.328426214863,-2492.5845468819,-162.16022649679,-5.5727542122498,-7.10061213769147,39.5871292029482,1860,"Sceloporus undulatus",293.15,TRUE,-3.92859817760349,-3.17201396008798
"Reptilia","Squamata","Iguanidae","Sceloporus","variabilis",12.215,0.012215,10,"C","A. M. Makarieva et al., Mean mass-specific metabolic rates are strikingly similar across life's major domains: Evidence for life's metabolic optimum. Proc. Natl. Acad. Sci. U.S.A. 105, 16994-16999 (2008).","Sceloporus variabilis",17293.0298989992,158.924340947614,573.328426214863,-2492.5845468819,-162.16022649679,-4.40509057427243,-4.49173838099811,40.9852266496354,1861,"Sceloporus variabilis",283.15,TRUE,-3.73844311155968,-0.753295269438423
"Reptilia","Squamata","Scincidae","Scincella","lateralis",1,0.001,20,"C","A. M. Makarieva et al., Mean mass-specific metabolic rates are strikingly similar across life's major domains: Evidence for life's metabolic optimum. Proc. Natl. Acad. Sci. U.S.A. 105, 16994-16999 (2008).","Scincella lateralis",17592.6270925533,194.370228784986,2997.42145437294,681.054280713025,341.550266344304,-6.90775527898214,-7.31272051204865,39.5871292029482,1862,"Scincella lateralis",293.15,TRUE,-5.03040790853206,-2.28231260351659
"Reptilia","Squamata","Sphaerodactylidae","Sphaerodactylus","cinereus",0.4,4e-04,27,"C","A. M. Makarieva et al., Mean mass-specific metabolic rates are strikingly similar across life's major domains: Evidence for life's metabolic optimum. Proc. Natl. Acad. Sci. U.S.A. 105, 16994-16999 (2008).","Sphaerodactylus cinereus",17609.1412108943,196.340035609827,3134.81857741097,867.660791418726,206.703257275032,-7.82404601085629,-8.41103299558785,38.6638911405773,1863,"Sphaerodactylus cinereus",300.15,TRUE,-5.27583139969173,-3.13520159589612
"Reptilia","Testudines","Emydidae","Terrapene","ornata",354,0.354,10,"C","A. M. Makarieva et al., Mean mass-specific metabolic rates are strikingly similar across life's major domains: Evidence for life's metabolic optimum. Proc. Natl. Acad. Sci. U.S.A. 105, 16994-16999 (2008).","Terrapene ornata",-4787.35547680534,-1628.02388294841,32.4701150460995,-1.88743442551193,-0.0029329313331031,-1.03845836584836,-6.55991928371061,40.9852266496354,1865,"Terrapene ornata",283.15,TRUE,-0.959877445856812,-5.6000418378538
"Reptilia","Squamata","Colubridae","Thamnophis","sirtalis",200,0.2,29,"C","A. M. Makarieva et al., Mean mass-specific metabolic rates are strikingly similar across life's major domains: Evidence for life's metabolic optimum. Proc. Natl. Acad. Sci. U.S.A. 105, 16994-16999 (2008).","Thamnophis sirtalis",17293.0298989992,158.924340947614,573.328426214863,-2492.5845468819,-162.16022649679,-1.6094379124341,-3.30770703857482,38.4079659965059,1866,"Thamnophis sirtalis",302.15,TRUE,-0.00516043916065811,-3.30254659941416
"Reptilia","Squamata","Scincidae","Tiliqua","rugosa",493,0.493,35,"C","A. M. Makarieva et al., Mean mass-specific metabolic rates are strikingly similar across life's major domains: Evidence for life's metabolic optimum. Proc. Natl. Acad. Sci. U.S.A. 105, 16994-16999 (2008).","Tiliqua rugosa",17592.6270925533,194.370228784986,2997.42145437294,681.054280713025,341.550266344304,-0.707246104939447,-2.60436608982533,37.6601230759184,1867,"Tiliqua rugosa",308.15,TRUE,1.15321156702762,-3.75757765685295
"Reptilia","Squamata","Scincidae","Tiliqua","rugosa",508.6,0.5086,20,"C","A. M. Makarieva et al., Mean mass-specific metabolic rates are strikingly similar across life's major domains: Evidence for life's metabolic optimum. Proc. Natl. Acad. Sci. U.S.A. 105, 16994-16999 (2008).","Tiliqua rugosa",17592.6270925533,194.370228784986,2997.42145437294,681.054280713025,341.550266344304,-0.676093425994118,-0.899236977308327,39.5871292029482,1868,"Tiliqua rugosa",293.15,TRUE,0.11273829605085,-1.01197527335918
"Reptilia","Squamata","Varanidae","Varanus","panoptes",2005,2.005,20.5,"C","A. M. Makarieva et al., Mean mass-specific metabolic rates are strikingly similar across life's major domains: Evidence for life's metabolic optimum. Proc. Natl. Acad. Sci. U.S.A. 105, 16994-16999 (2008).","Varanus panoptes",17293.0298989992,158.924340947614,573.328426214863,-2492.5845468819,-162.16022649679,0.695644060758532,-1.18823069737733,39.5197239088856,1869,"Varanus panoptes",293.65,TRUE,1.2821618772244,-2.47039257460173
"Reptilia","Squamata","Viperidae","Vipera","berus",63,0.063,25,"C","A. M. Makarieva et al., Mean mass-specific metabolic rates are strikingly similar across life's major domains: Evidence for life's metabolic optimum. Proc. Natl. Acad. Sci. U.S.A. 105, 16994-16999 (2008).","Vipera berus",17293.0298989992,158.924340947614,573.328426214863,-2492.5845468819,-162.16022649679,-2.7646205525906,-3.45776773315055,38.9232497932056,1870,"Vipera berus",298.15,TRUE,-1.24366053187126,-2.21410720127929
"Reptilia","Squamata","Xantusiidae","Xantusia","riversiana",19,0.019,35,"C","A. M. Makarieva et al., Mean mass-specific metabolic rates are strikingly similar across life's major domains: Evidence for life's metabolic optimum. Proc. Natl. Acad. Sci. U.S.A. 105, 16994-16999 (2008).","Xantusia riversiana",17592.6270925533,194.370228784986,2997.42145437294,681.054280713025,341.550266344304,-3.9633162998157,-6.16154137748555,37.6601230759184,1871,"Xantusia riversiana",308.15,TRUE,-1.53410450687064,-4.62743687061491
"Arachnida","Araneae","Salticidae","Zygoballus","rufipes",0.003,3e-06,20,"C","Anderson, 1996","Zygoballus rufipes",-4787.35547680534,-1628.02388294841,32.4701150460995,-1.88743442551193,-0.0029329313331031,-12.7168982692962,-12.2649641633584,39.5871292029482,1872,"Zygoballus rufipes",293.15,TRUE,-9.82483874052388,-2.44012542283449
"Arachnida","Trombidiformes","Tetranychidae","Tetranychus","cinnabarinus",4.94e-06,4.94e-09,25,"C","Thurling, 1980","Tetranychus cinnabarinus",-4787.35547680534,-1628.02388294841,32.4701150460995,-1.88743442551193,-0.0029329313331031,-19.1259005057466,-17.4623953720422,38.9232497932056,1873,"Tetranychus cinnabarinus",298.15,TRUE,-14.7470336092863,-2.71536176275593
"Arachnida","Araneae","Salticidae","Marpissa","muscosa",0.0391,3.91e-05,20,"C","Schmitz, 2004","Marpissa muscosa",-4787.35547680534,-1628.02388294841,32.4701150460995,-1.88743442551193,-0.0029329313331031,-10.149388090973,-9.9117365211578,39.5871292029482,1874,"Marpissa muscosa",293.15,TRUE,-7.70580844966506,-2.20592807149274
"Arachnida","Araneae","Salticidae","Marpissa","muscosa",0.0275,2.75e-05,20,"C","Schmitz, 2004","Marpissa muscosa",-4787.35547680534,-1628.02388294841,32.4701150460995,-1.88743442551193,-0.0029329313331031,-10.5013245532917,-10.2356991314342,39.5871292029482,1875,"Marpissa muscosa",293.15,TRUE,-7.99627040397687,-2.23942872745732
"Arachnida","Ixodida","Argasidae","Ornithodoros","moubata",0.0132,1.32e-05,25,"C","Lighton & Fielden, 1995","Ornithodoros moubata",-4787.35547680534,-1628.02388294841,32.4701150460995,-1.88743442551193,-0.0029329313331031,-11.2352937283719,-12.8134952849492,38.9232497932056,1876,"Ornithodoros moubata",298.15,TRUE,-8.2347187153946,-4.57877656955455
"Arachnida","Araneae","Plectreuridae","Plectreurys","tristis",0.3404,0.0003404,22,"C","Greenstone & Bennett, 1980","Plectreurys tristis",-4787.35547680534,-1628.02388294841,32.4701150460995,-1.88743442551193,-0.0029329313331031,-7.98538916126506,-8.85301881673371,39.3188782850898,1877,"Plectreurys tristis",295.15,TRUE,-5.77138675637423,-3.08163206035948
"Arachnida","Araneae","Plectreuridae","Plectreurys","tristis",0.081,8.1e-05,22,"C","Greenstone & Bennett, 1980","Plectreurys tristis",-4787.35547680534,-1628.02388294841,32.4701150460995,-1.88743442551193,-0.0029329313331031,-9.42106140329184,-9.72944495004383,39.3188782850898,1878,"Plectreurys tristis",295.15,TRUE,-6.95628292320725,-2.77316202683658
"Arachnida","Araneae","Araneidae","Argiope","aurantia",0.258,0.000258,22,"C","Greenstone & Bennett, 1980","Argiope aurantia",-4787.35547680534,-1628.02388294841,32.4701150460995,-1.88743442551193,-0.0029329313331031,-8.26255097304266,-7.81015866970092,39.3188782850898,1879,"Argiope aurantia",295.15,TRUE,-6.00013532359884,-1.81002334610208
"Arachnida","Araneae","Araneidae","Argiope","aurantia",0.858,0.000858,22,"C","Greenstone & Bennett, 1980","Argiope aurantia",-4787.35547680534,-1628.02388294841,32.4701150460995,-1.88743442551193,-0.0029329313331031,-7.06090645847631,-6.86167667304073,39.3188782850898,1880,"Argiope aurantia",295.15,TRUE,-5.00838808664207,-1.85328858639866
"Arachnida","Araneae","Araneidae","Argiope","aurantia",0.853,0.000853,22,"C","Greenstone & Bennett, 1980","Argiope aurantia",-4787.35547680534,-1628.02388294841,32.4701150460995,-1.88743442551193,-0.0029329313331031,-7.0667510104726,-6.72683979720209,39.3188782850898,1881,"Argiope aurantia",295.15,TRUE,-5.01321174141126,-1.71362805579082
"Aves","Apterygiformes","Apterygidae","Apteryx","owenii",666,0.666,20.5,"C","Calder III & Dawson, 1978","Apteryx owenii",16687.6512451382,95.9686159193579,-2163.05827604092,-361.851009356103,-68.0925520712482,-0.406465608441748,0.148420005118273,39.5197239088856,1882,"Apteryx owenii",293.65,TRUE,0.372563234694777,-0.224143229576504
"Aves","Apterygiformes","Apterygidae","Apteryx","owenii",1525,1.525,16,"C","Calder III & Dawson, 1978","Apteryx owenii",16687.6512451382,95.9686159193579,-2163.05827604092,-361.851009356103,-68.0925520712482,0.421994410059375,1.22964055107451,40.1347637068797,1883,"Apteryx owenii",289.15,TRUE,0.716019443832625,0.513621107241889
"Aves","Apterygiformes","Apterygidae","Apteryx","owenii",1525,1.525,17,"C","Calder III & Dawson, 1978","Apteryx owenii",16687.6512451382,95.9686159193579,-2163.05827604092,-361.851009356103,-68.0925520712482,0.421994410059375,0.936093359170335,39.9964395169542,1884,"Apteryx owenii",290.15,TRUE,0.792552198539298,0.143541160631037
"Aves","Casuariiformes","Casuariidae","Dromaius","novaehollandiae",44610,44.61,13,"C","Calder III & Dawson, 1978","Dromaius novaehollandiae",16687.6512451382,95.9686159193579,-2163.05827604092,-361.851009356103,-68.0925520712482,3.79795804914017,3.82907608460722,40.5555370464591,1885,"Dromaius novaehollandiae",286.15,TRUE,3.26947882701241,0.55959725759481
"Aves","Casuariiformes","Casuariidae","Dromaius","novaehollandiae",38760,38.76,18,"C","Calder III & Dawson, 1978","Dromaius novaehollandiae",16687.6512451382,95.9686159193579,-2163.05827604092,-361.851009356103,-68.0925520712482,3.65738878702257,3.66047997959224,39.8590655189568,1886,"Dromaius novaehollandiae",291.15,TRUE,3.53881103078347,0.121668948808771
"Aves","Casuariiformes","Casuariidae","Dromaius","novaehollandiae",35410,35.41,19.5,"C","Calder III & Dawson, 1978","Dromaius novaehollandiae",16687.6512451382,95.9686159193579,-2163.05827604092,-361.851009356103,-68.0925520712482,3.56699426612381,3.74667655284015,39.654764824344,1887,"Dromaius novaehollandiae",292.65,TRUE,3.57724276595103,0.169433786889119
"Aves","Casuariiformes","Casuariidae","Dromaius","novaehollandiae",36920,36.92,18,"C","Calder III & Dawson, 1978","Dromaius novaehollandiae",16687.6512451382,95.9686159193579,-2163.05827604092,-361.851009356103,-68.0925520712482,3.60875340963465,3.84117126445619,39.8590655189568,1888,"Dromaius novaehollandiae",291.15,TRUE,3.49867103883234,0.342500225623857
"Aves","Psittaciformes","Psittacidae","Amazona","viridigenalis",341.9,0.3419,25,"C","Bucher, 1985","Amazona viridigenalis",16328.1935774524,58.4047036824013,-3823.20290549704,935.025301861929,-20.6014997015098,-1.07323698233688,0.699791723278612,38.9232497932056,1889,"Amazona viridigenalis",298.15,TRUE,0.15228058224314,0.547511141035472
"Aves","Anseriformes","Anatidae","Aythya","nyroca",440,0.44,22.5,"C","Prinzinger & Hänssler, 1980","Aythya nyroca",16326.7570841147,58.2681849286686,-3827.2039838056,937.828094549421,-19.805563713662,-0.82098055206983,1.18546933276138,39.2523826343456,1890,"Aythya nyroca",295.65,TRUE,0.178369720375169,1.00709961238621
"Aves","Anseriformes","Anatidae","Aythya","fuligula",571,0.571,22.5,"C","Prinzinger & Hänssler, 1980","Aythya fuligula",16326.7570841147,58.2681849286686,-3827.2039838056,937.828094549421,-19.805563713662,-0.560366069326127,0.99428005073585,39.2523826343456,1891,"Aythya fuligula",295.65,TRUE,0.393461363568214,0.600818687167636
"Aves","Psittaciformes","Psittaculidae","Melopsittacus","undulatus",39,0.039,22.5,"C","Prinzinger & Hänssler, 1980","Melopsittacus undulatus",16328.1935774524,58.4047036824013,-3823.20290549704,935.025301861929,-20.6014997015098,-3.24419363285249,-0.474457979595116,39.2523826343456,1892,"Melopsittacus undulatus",295.65,TRUE,-1.82156857110115,1.34711059150603
"Aves","Psittaciformes","Psittaculidae","Neophema","pulchella",40,0.04,22.5,"C","Prinzinger & Hänssler, 1980","Neophema pulchella",16328.1935774524,58.4047036824013,-3823.20290549704,935.025301861929,-20.6014997015098,-3.2188758248682,-0.543769779485346,39.2523826343456,1893,"Neophema pulchella",295.65,TRUE,-1.80067315169062,1.25690337220528
"Aves","Cuculiformes","Cuculidae","Cuculus","canorus",128,0.128,22.5,"C","Prinzinger & Hänssler, 1980","Cuculus canorus",16328.1935774524,58.4047036824013,-3823.20290549704,935.025301861929,-20.6014997015098,-2.05572501506252,0.227578148382079,39.2523826343456,1894,"Cuculus canorus",295.65,TRUE,-0.840695730909808,1.06827387929189
"Aves","Passeriformes","Maluridae","Malurus","cyaneus",8.7,0.0087,31,"C","Bech, Chappell, Astheimer, Londoño, & Buttemer, 2016","Malurus cyaneus",16328.1935774524,58.4047036823886,-3823.20290549705,935.02530186193,-20.6014997015094,-4.7444322533216,-1.73349056110408,38.1554066277964,1897,"Malurus cyaneus",304.15,TRUE,-2.45281217482878,0.719321613724701
"Aves","Passeriformes","Meliphagidae","Manorina","flavigula",41.1,0.0411,31,"C","Bech, Chappell, Astheimer, Londoño, & Buttemer, 2016","Manorina flavigula",16328.1935774524,58.4047036824013,-3823.20290549704,935.025301861929,-20.6014997015098,-3.19174715747995,-0.49429632181478,38.1554066277964,1898,"Manorina flavigula",304.15,TRUE,-1.171342376566,0.677046054751215
"Aves","Passeriformes","Meliphagidae","Meliphaga","lewinii",36.2,0.0362,31,"C","Bech, Chappell, Astheimer, Londoño, & Buttemer, 2016","Meliphaga lewinii",16328.1935774524,58.4047036824013,-3823.20290549704,935.025301861929,-20.6014997015098,-3.31869616015041,-0.628608659422375,38.1554066277964,1899,"Meliphaga lewinii",304.15,TRUE,-1.27611655986786,0.64750790044548
"Aves","Passeriformes","Acanthizidae","Smicrornis","brevirostris",5.9,0.0059,31,"C","Bech, Chappell, Astheimer, Londoño, & Buttemer, 2016","Smicrornis brevirostris",16328.1935774524,58.4047036824013,-3823.20290549704,935.025301861929,-20.6014997015098,-5.13280292807046,-1.81196217654558,38.1554066277964,1900,"Smicrornis brevirostris",304.15,TRUE,-2.77334419484655,0.961382018300971
"Aves","Passeriformes","Acanthizidae","Acanthiza","uropygialis",6.6,0.0066,31,"C","Bech, Chappell, Astheimer, Londoño, & Buttemer, 2016","Acanthiza uropygialis",16328.1935774524,58.4047036824013,-3823.20290549704,935.025301861929,-20.6014997015098,-5.02068562994976,-1.73349056110408,38.1554066277964,1901,"Acanthiza uropygialis",304.15,TRUE,-2.68081098783033,0.947320426726253
"Aves","Passeriformes","Acanthizidae","Acanthiza","lineata",7.3,0.0073,31,"C","Bech, Chappell, Astheimer, Londoño, & Buttemer, 2016","Acanthiza lineata",16328.1935774524,58.4047036824013,-3823.20290549704,935.025301861929,-20.6014997015098,-4.91988093082779,-1.83258146374831,38.1554066277964,1902,"Acanthiza lineata",304.15,TRUE,-2.59761435137537,0.765032887627063
"Aves","Passeriformes","Estrildidae","Taeniopygia","guttata",11.7,0.0117,31,"C","Bech, Chappell, Astheimer, Londoño, & Buttemer, 2016","Taeniopygia guttata",16328.1935774524,58.4047036824013,-3823.20290549704,935.025301861929,-20.6014997015098,-4.44816643717843,-1.54489939129653,38.1554066277964,1903,"Taeniopygia guttata",304.15,TRUE,-2.20829659555135,0.663397204254819
"Aves","Passeriformes","Pycnonotidae","Pycnonotus","jocosus",32.9,0.0329,31,"C","Bech, Chappell, Astheimer, Londoño, & Buttemer, 2016","Pycnonotus jocosus",16328.1935774524,58.4047036824013,-3823.20290549704,935.025301861929,-20.6014997015098,-3.41428262121081,-1.03095364019429,38.1554066277964,1904,"Pycnonotus jocosus",304.15,TRUE,-1.3550064540903,0.324052813896011
"Aves","Passeriformes","Sturnidae","Acridotheres","tristis",102.3,0.1023,31,"C","Bech, Chappell, Astheimer, Londoño, & Buttemer, 2016","Acridotheres tristis",16328.1935774524,58.4047036824013,-3823.20290549704,935.025301861929,-20.6014997015098,-2.27984560602456,-0.124052648669979,38.1554066277964,1905,"Acridotheres tristis",304.15,TRUE,-0.41872724532741,0.294674596657431
"Aves","Procellariiformes","Procellariidae","Macronectes","giganteus",3980,3.98,3.5,"C","Ricklefs & Matthew, 1983","Macronectes giganteus",16328.1935774524,58.4047036824013,-3823.20290549704,935.025301861929,-20.6014997015098,1.38128181929635,2.89762930866443,41.9481905868218,1909,"Macronectes giganteus",276.65,TRUE,0.50440069123875,2.39322861742568
"Aves","Procellariiformes","Procellariidae","Macronectes","giganteus",3280,3.28,4.5,"C","Ricklefs & Matthew, 1983","Macronectes giganteus",16328.1935774524,58.4047036824013,-3823.20290549704,935.025301861929,-20.6014997015098,1.18784342239605,2.80833117101674,41.7971076025365,1910,"Macronectes giganteus",277.65,TRUE,0.428343159206324,2.37998801181041
"Aves","Procellariiformes","Procellariidae","Macronectes","giganteus",4780,4.78,3.8,"C","Adams & Brown, 1984","Macronectes giganteus",16328.1935774524,58.4047036824013,-3823.20290549704,935.025301861929,-20.6014997015098,1.56444054650336,2.59200177125804,41.902751131411,1911,"Macronectes giganteus",276.95,TRUE,0.680707151661057,1.91129461959698
"Aves","Procellariiformes","Procellariidae","Pelecanoides","georgicus",127,0.127,16.6,"C","Adams & Brown, 1984","Pelecanoides georgicus",16328.1935774524,58.4047036823993,-3823.20290549705,935.02530186193,-20.6014997015094,-2.06356819252355,-0.0163364193196938,40.0516546189621,1914,"Pelecanoides georgicus",289.75,TRUE,-1.28939442065601,1.27305800133631
"Aves","Passeriformes","Meliphagidae","Lichmera","indistincta",10.1,0.0101,30,"C","Vitali, Withers, & Richardson, 1999","Lichmera indistincta",16328.1935774524,58.4047036824013,-3823.20290549704,935.025301861929,-20.6014997015098,-4.59521985513492,-1.55334642558308,38.2812697537333,1915,"Lichmera indistincta",303.15,TRUE,-2.39930168496812,0.845955259385039
"Aves","Passeriformes","Meliphagidae","Melithreptus","lunatus",14.3,0.0143,30,"C","Vitali, Withers, & Richardson, 1999","Melithreptus lunatus",16328.1935774524,58.4047036824013,-3823.20290549704,935.025301861929,-20.6014997015098,-4.24749574171628,-1.39486431180296,38.2812697537333,1916,"Melithreptus lunatus",303.15,TRUE,-2.1123162874351,0.717451975632147
"Aves","Passeriformes","Pipridae","Ceratopipra","mentalis",14.5,0.0145,30,"C","Vleck & Vleck, 1979","Ceratopipra mentalis",16328.1935774524,58.4047036824013,-3823.20290549704,935.025301861929,-20.6014997015098,-4.23360662955561,-1.21222621465237,38.2812697537333,1917,"Ceratopipra mentalis",303.15,TRUE,-2.10085325619571,0.888627041543339
"Aves","Passeriformes","Estrildidae","Lonchura","maja",12.8,0.0128,33,"C","Hails, 1983","Lonchura maja",16328.1935774524,58.4047036824013,-3823.20290549704,935.025301861929,-20.6014997015098,-4.35831010805657,-1.88256591718624,37.9061470711882,1918,"Lonchura maja",306.15,TRUE,-1.99622424896702,0.113658331780784
"Aves","Passeriformes","Passeridae","Passer","montanus",17.5,0.0175,33,"C","Hails, 1983","Passer montanus",16328.1935774524,58.4047036824013,-3823.20290549704,935.025301861929,-20.6014997015098,-4.04555439805267,-1.62107948744959,37.9061470711882,1919,"Passer montanus",306.15,TRUE,-1.73809914834127,0.117019660891686
"Aves","Passeriformes","Pycnonotidae","Pycnonotus","goiavier",28.6,0.0286,33,"C","Hails, 1983","Pycnonotus goiavier",16328.1935774524,58.4047036824013,-3823.20290549704,935.025301861929,-20.6014997015098,-3.55434856115633,-1.40782069536792,37.9061470711882,1920,"Pycnonotus goiavier",306.15,TRUE,-1.33269470000924,-0.0751259953586763
"Aves","Passeriformes","Nectariniidae","Arachnothera","longirostra",13,0.013,33,"C","Hails, 1983","Arachnothera longirostra",16328.1935774524,58.4047036824013,-3823.20290549704,935.025301861929,-20.6014997015098,-4.3428059215206,-1.66843625319605,37.9061470711882,1921,"Arachnothera longirostra",306.15,TRUE,-1.98342825649844,0.314992003302384
"Aves","Passeriformes","Muscicapidae","Copsychus","saularis",33.5,0.0335,33,"C","Hails, 1983","Copsychus saularis",16328.1935774524,58.4047036824013,-3823.20290549704,935.025301861929,-20.6014997015098,-3.39620984015112,-1.46475652838229,37.9061470711882,1922,"Copsychus saularis",306.15,TRUE,-1.2021788629945,-0.262577665387786
"Aves","Passeriformes","Pellorneidae","Malacopteron","cinereum",15.8,0.0158,33,"C","Hails, 1983","Malacopteron cinereum",16328.1935774524,58.4047036824013,-3823.20290549704,935.025301861929,-20.6014997015098,-4.14774533894922,-1.55482259578151,37.9061470711882,1923,"Malacopteron cinereum",306.15,TRUE,-1.82243988476342,0.267617288981914
"Aves","Passeriformes","Pycnonotidae","Alophoixus","bres",35,0.035,33,"C","Hails, 1983","Alophoixus bres",16328.1935774524,58.4047036824013,-3823.20290549704,935.025301861929,-20.6014997015098,-3.35240721749272,-1.03505080717837,37.9061470711882,1924,"Alophoixus bres",306.15,TRUE,-1.16602746425192,0.130976657073556
"Aves","Cuculiformes","Cuculidae","Cacomantis","variolosus",23.8,0.0238,33,"C","Hails, 1983","Cacomantis variolosus",16328.1935774524,58.4047036824013,-3823.20290549704,935.025301861929,-20.6014997015098,-3.73806969830471,-2.10761241864653,37.9061470711882,1925,"Cacomantis variolosus",306.15,TRUE,-1.48432434415838,-0.623288074488149
"Aves","Passeriformes","Laniidae","Lanius","cristatus",26.8,0.0268,33,"C","Hails, 1983","Lanius cristatus",16328.1935774524,58.4047036824013,-3823.20290549704,935.025301861929,-20.6014997015098,-3.61935339146533,-1.37707770601497,37.9061470711882,1926,"Lanius cristatus",306.15,TRUE,-1.38634481039239,0.00926710437742484
"Aves","Galliformes","Odontophoridae","Callipepla","gambelii",145,0.145,40.5,"C","Goldstein & Nagy, 1985","Callipepla gambelii",-4787.35547680534,-1628.02388294841,32.4701150460995,-1.88743442551193,-0.0029329313331031,-1.93102153656156,-0.62341384254527,36.999735137396,1931,"Callipepla gambelii",313.65,TRUE,0.508582135858749,-1.13199597840402
"Aves","Galliformes","Odontophoridae","Callipepla","gambelii",145,0.145,40.5,"C","Goldstein & Nagy, 1985","Callipepla gambelii",-4787.35547680534,-1628.02388294841,32.4701150460995,-1.88743442551193,-0.0029329313331031,-1.93102153656156,-0.31015492830384,36.999735137396,1932,"Callipepla gambelii",313.65,TRUE,0.508582135858749,-0.818737064162589
"Aves","Phaethontiformes","Phaethontidae","Phaethon","rubricauda",593.2,0.5932,29.5,"C","Pettit, Ellis, & Whittow, 1985","Phaethon rubricauda",16328.1935774524,58.4047036824013,-3823.20290549704,935.025301861929,-20.6014997015098,-0.52222366871836,1.21237738666975,38.3445132193764,1933,"Phaethon rubricauda",302.65,TRUE,0.927252131758149,0.285125254911599
"Aves","Charadriiformes","Laridae","Gygis","alba",98.1,0.0981,29.1,"C","Pettit, Ellis, & Whittow, 1985","Gygis alba",16328.1935774524,58.4047036824013,-3823.20290549704,935.025301861929,-20.6014997015098,-2.32176791241082,-0.19485983349206,38.3952586463003,1934,"Gygis alba",302.25,TRUE,-0.586033391996274,0.391173558504214
"Aves","Charadriiformes","Laridae","Anous","minutus",90.2,0.0902,28.8,"C","Pettit, Ellis, & Whittow, 1985","Anous minutus",16328.1935774524,58.4047036824013,-3823.20290549704,935.025301861929,-20.6014997015098,-2.40572585191356,-0.444067345890107,38.4334059474889,1935,"Anous minutus",301.95,TRUE,-0.676432321661686,0.232364975771579
"Aves","Apodiformes","Trochilidae","Chlorostilbon","mellisugus",2.9,0.0029,25,"C","Krüger, Prinzinger, & Schuchmann, 1982","Chlorostilbon mellisugus",16582.5702711779,85.0069295329861,-2644.61557252984,13.6198099048089,-53.5764018460687,-5.84304454198971,-1.06485519186998,38.9232497932056,1936,"Chlorostilbon mellisugus",298.15,TRUE,-3.78436075449059,2.71950556262061
"Aves","Apodiformes","Trochilidae","Orthorhyncus","cristatus",2.9,0.0029,25,"C","Krüger, Prinzinger, & Schuchmann, 1982","Orthorhyncus cristatus",16582.5702711779,85.0069295329861,-2644.61557252984,13.6198099048089,-53.5764018460687,-5.84304454198971,-1.19705236148136,38.9232497932056,1937,"Orthorhyncus cristatus",298.15,TRUE,-3.78436075449059,2.58730839300922
"Aves","Apodiformes","Trochilidae","Orthorhyncus","cristatus",2.9,0.0029,25,"C","Krüger, Prinzinger, & Schuchmann, 1982","Orthorhyncus cristatus",16582.5702711779,85.0069295329861,-2644.61557252984,13.6198099048089,-53.5764018460687,-5.84304454198971,-1.42019591279557,38.9232497932056,1938,"Orthorhyncus cristatus",298.15,TRUE,-3.78436075449059,2.36416484169501
"Aves","Apodiformes","Trochilidae","Archilochus","alexandri",2.9,0.0029,25,"C","Krüger, Prinzinger, & Schuchmann, 1982","Archilochus alexandri",16582.5702711779,85.0069295329861,-2644.61557252984,13.6198099048089,-53.5764018460687,-5.84304454198971,-0.956461896563432,38.9232497932056,1939,"Archilochus alexandri",298.15,TRUE,-3.78436075449059,2.82789885792715
"Aves","Apodiformes","Trochilidae","Archilochus","alexandri",3.2,0.0032,25,"C","Krüger, Prinzinger, & Schuchmann, 1982","Archilochus alexandri",16582.5702711779,85.0069295329861,-2644.61557252984,13.6198099048089,-53.5764018460687,-5.74460446917646,-0.855927582147064,38.9232497932056,1940,"Archilochus alexandri",298.15,TRUE,-3.70311570320052,2.84718812105345
"Aves","Apodiformes","Trochilidae","Chaetocercus","mulsant",3.3,0.0033,25,"C","Krüger, Prinzinger, & Schuchmann, 1982","Chaetocercus mulsant",16582.5702711779,85.0069295329861,-2644.61557252984,13.6198099048089,-53.5764018460687,-5.7138328105097,-0.894447703951704,38.9232497932056,1941,"Chaetocercus mulsant",298.15,TRUE,-3.67771908457546,2.78327138062376
"Aves","Apodiformes","Trochilidae","Boissonneaua","matthewsii",7.2,0.0072,25,"C","Krüger, Prinzinger, & Schuchmann, 1982","Boissonneaua matthewsii",16582.5702711779,85.0069295329861,-2644.61557252984,13.6198099048089,-53.5764018460687,-4.93367425296013,-0.594207232705042,38.9232497932056,1942,"Boissonneaua matthewsii",298.15,TRUE,-3.03383473736718,2.43962750466214
"Aves","Apodiformes","Trochilidae","Eugenes","fulgens",7.9,0.0079,25,"C","Krüger, Prinzinger, & Schuchmann, 1982","Eugenes fulgens",16582.5702711779,85.0069295329861,-2644.61557252984,13.6198099048089,-53.5764018460687,-4.84089251950916,-0.469337184702575,38.9232497932056,1943,"Eugenes fulgens",298.15,TRUE,-2.95725965490757,2.48792247020499
"Aves","Apodiformes","Trochilidae","Lampornis","clemenciae",8,0.008,25,"C","Krüger, Prinzinger, & Schuchmann, 1982","Lampornis clemenciae",16582.5702711779,85.0069295329861,-2644.61557252984,13.6198099048089,-53.5764018460687,-4.8283137373023,-0.579818495252942,38.9232497932056,1944,"Lampornis clemenciae",298.15,TRUE,-2.94687807171328,2.36705957646034
"Aves","Apodiformes","Trochilidae","Lampornis","clemenciae",8.3,0.0083,25,"C","Krüger, Prinzinger, & Schuchmann, 1982","Lampornis clemenciae",16582.5702711779,85.0069295329861,-2644.61557252984,13.6198099048089,-53.5764018460687,-4.79149976417958,-0.362006592266779,38.9232497932056,1945,"Lampornis clemenciae",298.15,TRUE,-2.91649458002062,2.55448798775384
"Insecta","Orthoptera","Tettigonildae","Requena","verticalis",0.371,0.000371,21,"C","Bailey, Withers, Endersby, & Gaull, 1993","Requena verticalis",-4787.35547680534,-1628.02388294841,32.4701150460995,-1.88743442551193,-0.0029329313331031,-7.89930849535684,-7.30157772785819,39.4525477676161,1946,"Requena verticalis",294.15,TRUE,-5.77429960542443,-1.52727812243376
"Insecta","Coleoptera","Tenebrionidae","Physosterna","cribripes",1.226,0.001226,35,"C","Bartholomew, Lighton, & Louw, 1985","Physosterna cribripes",-4787.35547680534,-1628.02388294841,32.4701150460995,-1.88743442551193,-0.0029329313331031,-6.70399844146812,-6.64468186431171,37.6601230759184,1949,"Physosterna cribripes",308.15,TRUE,-3.79605794518967,-2.84862391912204
"Insecta","Coleoptera","Tenebrionidae","Physosterna","cribripes",1.285,0.001285,35,"C","Bartholomew, Lighton, & Louw, 1985","Physosterna cribripes",-4787.35547680534,-1628.02388294841,32.4701150460995,-1.88743442551193,-0.0029329313331031,-6.65699656063495,-6.88361837632554,37.6601230759184,1950,"Physosterna cribripes",308.15,TRUE,-3.75726611875265,-3.12635225757289
"Insecta","Coleoptera","Tenebrionidae","Physosterna","cribripes",1.226,0.001226,22,"C","Bartholomew, Lighton, & Louw, 1985","Physosterna cribripes",-4787.35547680534,-1628.02388294841,32.4701150460995,-1.88743442551193,-0.0029329313331031,-6.70399844146812,-7.15641164503719,39.3188782850898,1951,"Physosterna cribripes",295.15,TRUE,-4.71382298404737,-2.44258866098982
"Insecta","Diptera","Pantophthalmidae","Pantophthalmus","tabaninus",1.746,0.001746,26,"C","Bartholomew & Lighton, 1986","Pantophthalmus tabaninus",-4787.35547680534,-1628.02388294841,32.4701150460995,-1.88743442551193,-0.0029329313331031,-6.35042782156473,-5.81218458142025,38.7931369742412,1952,"Pantophthalmus tabaninus",299.15,TRUE,-4.13112732736219,-1.68105725405806
"Insecta","Hymenoptera","Formicidae","Camponotus","vafer",0.00451,4.51e-06,25,"C","Nielsen, 1986","Camponotus vafer",-4787.35547680534,-1628.02388294841,32.4701150460995,-1.88743442551193,-0.0029329313331031,-12.3092134044497,-9.75716745182406,38.9232497932056,1956,"Camponotus vafer",298.15,TRUE,-9.12105145236712,-0.636115999456937
"Insecta","Coleoptera","Carabidae","Calosoma","chlorostictum",0.521,0.000521,20,"C","Zachariassen, Andersen, Maloiy, & Kamau, 1987","Calosoma chlorostictum",-4787.35547680534,-1628.02388294841,32.4701150460995,-1.88743442551193,-0.0029329313331031,-7.55976051621091,-7.14864840479337,39.5871292029482,1958,"Calosoma chlorostictum",293.15,TRUE,-5.5685241189958,-1.58012428579758
"Insecta","Hemiptera","Reduviidae","Rhodnius","prolixus",0.02,2e-05,20,"C","Bradley, Brethorst, Robinsom, & Hetz, 2003","Rhodnius prolixus",-4787.35547680534,-1628.02388294841,32.4701150460995,-1.88743442551193,-0.0029329313331031,-10.8197782844103,-8.7775890854556,39.5871292029482,1960,"Rhodnius prolixus",293.15,TRUE,-8.2590982237746,-0.518490861680995
"Insecta","Orthoperta","Gryllidae","Acheta","domesticus",0.369,0.000369,25,"C","Hack, 1997","Acheta domesticus",-4787.35547680534,-1628.02388294841,32.4701150460995,-1.88743442551193,-0.0029329313331031,-7.90471391392375,-6.79322196239198,38.9232497932056,1961,"Acheta domesticus",298.15,TRUE,-5.48590799108898,-1.307313971303
"Insecta","Orthoptera","Acrididae","Encoptolophus","sordidus",0.0582,5.82e-05,25,"C","Bailey & Riegert, 1973","Encoptolophus sordidus",-4787.35547680534,-1628.02388294841,32.4701150460995,-1.88743442551193,-0.0029329313331031,-9.75162520322688,-7.69394654221856,38.9232497932056,1962,"Encoptolophus sordidus",298.15,TRUE,-7.01021001707681,-0.683736525141748
"Insecta","Lepidoptera","Sphingidae","Pachylia","ficus",3.225,0.003225,23,"C","Bartholomew & Casey, 1978","Pachylia ficus",-4787.35547680534,-1628.02388294841,32.4701150460995,-1.88743442551193,-0.0029329313331031,-5.7368223287344,-5.22156333415415,39.1861115172861,1965,"Pachylia ficus",296.15,TRUE,-3.84213046234807,-1.37943287180608
"Insecta","Lepidoptera","Sphingidae","Perigonia","lusca",0.398,0.000398,23,"C","Bartholomew & Casey, 1978","Perigonia lusca",-4787.35547680534,-1628.02388294841,32.4701150460995,-1.88743442551193,-0.0029329313331031,-7.82905855267984,-6.59610667873852,39.1861115172861,1966,"Perigonia lusca",296.15,TRUE,-5.56890528552244,-1.02720139321608
"Insecta","Lepidoptera","Sphingidae","Perigonia","lusca",0.419,0.000419,23,"C","Bartholomew & Casey, 1978","Perigonia lusca",-4787.35547680534,-1628.02388294841,32.4701150460995,-1.88743442551193,-0.0029329313331031,-7.77763963804214,-6.21268970785213,39.1861115172861,1967,"Perigonia lusca",296.15,TRUE,-5.52646797074165,-0.686221737110477
"Insecta","Lepidoptera","Sphingidae","Perigonia","lusca",0.858,0.000858,23,"C","Bartholomew & Casey, 1978","Perigonia lusca",-4787.35547680534,-1628.02388294841,32.4701150460995,-1.88743442551193,-0.0029329313331031,-7.06090645847631,-5.57184202669502,39.1861115172861,1968,"Perigonia lusca",296.15,TRUE,-4.93493017245514,-0.636911854239883
"Insecta","Lepidoptera","Saturniidae","Eacles","imperialis",1.12,0.00112,23,"C","Bartholomew & Casey, 1978","Eacles imperialis",-4787.35547680534,-1628.02388294841,32.4701150460995,-1.88743442551193,-0.0029329313331031,-6.79442659367513,-5.80934999905626,39.1861115172861,1969,"Eacles imperialis",296.15,TRUE,-4.71499768292302,-1.09435231613323
"Insecta","Lepidoptera","Saturniidae","Eacles","imperialis",0.838,0.000838,23,"C","Bartholomew & Casey, 1978","Eacles imperialis",-4787.35547680534,-1628.02388294841,32.4701150460995,-1.88743442551193,-0.0029329313331031,-7.08449245748219,-5.92182798248296,39.1861115172861,1970,"Eacles imperialis",296.15,TRUE,-4.9543962866523,-0.967431695830661
"Insecta","Lepidoptera","Saturniidae","Eacles","imperialis",1.357,0.001357,23,"C","Bartholomew & Casey, 1978","Eacles imperialis",-4787.35547680534,-1628.02388294841,32.4701150460995,-1.88743442551193,-0.0029329313331031,-6.60247889812941,-5.35543250756216,39.1861115172861,1971,"Eacles imperialis",296.15,TRUE,-4.55657845461539,-0.798854052946763
"Insecta","Odonata","Aeschnidae","Anax","junius",1.019,0.001019,30,"C","(May, 1979)","Anax junius",-4787.35547680534,-1628.02388294841,32.4701150460995,-1.88743442551193,-0.0029329313331031,-6.88893352474155,-5.5003097280169,38.2812697537333,1974,"Anax junius",303.15,TRUE,-4.29236087728946,-1.20794885072744
"Insecta","Odonata","Libellulidae","Brachymesia","gravida",0.344,0.000344,30,"C","(May, 1979)","Brachymesia gravida",-4787.35547680534,-1628.02388294841,32.4701150460995,-1.88743442551193,-0.0029329313331031,-7.97486890059088,-6.48113898102866,38.2812697537333,1975,"Brachymesia gravida",303.15,TRUE,-5.18861047145571,-1.29252850957296
"Insecta","Odonata","Libellulidae","Erythemis","simplicicollis",0.263,0.000263,30,"C","(May, 1979)","Erythemis simplicicollis",-4787.35547680535,-1628.02388294842,32.470115046102,-1.88743442551379,-0.0029329313328377,-8.24335652578651,-7.05365817379999,38.2812697537333,1976,"Erythemis simplicicollis",303.15,TRUE,-5.41020001579857,-1.64345815800142
"Insecta","Odonata","Libellulidae","Erythrodiplax","connata",0.052,5.2e-05,20,"C","(May, 1979)","Erythrodiplax connata",-4787.35547680534,-1628.02388294841,32.4701150460995,-1.88743442551193,-0.0029329313331031,-9.86426683938285,-8.5760847092445,39.5871292029482,1977,"Erythrodiplax connata",293.15,TRUE,-7.47049075792309,-1.1055939513214
"Insecta","Odonata","Libellulidae","Erythrodiplax","connata",0.049,4.9e-05,30,"C","(May, 1979)","Erythrodiplax connata",-4787.35547680534,-1628.02388294841,32.4701150460995,-1.88743442551193,-0.0029329313331031,-9.92369025985365,-8.21317921555522,38.2812697537333,1978,"Erythrodiplax connata",303.15,TRUE,-6.79702142406484,-1.41615779149038
"Insecta","Odonata","Libellulidae","Erythrodiplax","connata",0.049,4.9e-05,40,"C","(May, 1979)","Erythrodiplax connata",-4787.35547680534,-1628.02388294841,32.4701150460995,-1.88743442551193,-0.0029329313331031,-9.92369025985365,-8.19879047810309,37.0588118340867,1979,"Erythrodiplax connata",313.15,TRUE,-6.12065330541591,-2.07813717268717
"Insecta","Odonata","Libellulidae","Miathyria","marcella",0.171,0.000171,20,"C","(May, 1979)","Miathyria marcella",-4787.35547680534,-1628.02388294841,32.4701150460995,-1.88743442551193,-0.0029329313331031,-8.67384700146161,-7.18979034812461,39.5871292029482,1980,"Miathyria marcella",293.15,TRUE,-6.48800752701269,-0.701782821111919
"Insecta","Odonata","Libellulidae","Miathyria","marcella",0.184,0.000184,30,"C","(May, 1979)","Miathyria marcella",-4787.35547680534,-1628.02388294841,32.4701150460995,-1.88743442551193,-0.0029329313331031,-8.60057480035529,-6.81249611698311,38.2812697537333,1981,"Miathyria marcella",303.15,TRUE,-5.70502118170877,-1.10747493527433
"Insecta","Odonata","Libellulidae","Miathyria","marcella",0.172,0.000172,40,"C","(May, 1979)","Miathyria marcella",-4787.35547680534,-1628.02388294841,32.4701150460995,-1.88743442551193,-0.0029329313331031,-8.66801608115082,-6.88660408913679,37.0588118340867,1982,"Miathyria marcella",313.15,TRUE,-5.08431403689614,-1.80229005224066
"Insecta","Odonata","Libellulidae","Pantala","flavescens",0.339,0.000339,30,"C","(May, 1979)","Pantala flavescens",-4787.35547680534,-1628.02388294841,32.4701150460995,-1.88743442551193,-0.0029329313331031,-7.98951045058382,-6.40703100887491,38.2812697537333,1983,"Pantala flavescens",303.15,TRUE,-5.20069450843524,-1.20633650043967
"Mammalia","Diprotodontia","Potoroidae","Aepyprymnus","rufescens",2820,2.82,30,"C","Rubsamen, Hume, & Rubsamen, 1983","Aepyprymnus rufescens",-4787.35547680534,-1628.02388294841,32.4701150460995,-1.88743442551193,-0.0029329313331031,1.03673688495002,1.78815297363394,38.2812697537333,1994,"Aepyprymnus rufescens",303.15,TRUE,2.24889290830144,-0.460739934667492
"Mammalia","Chiroptera","Hipposideridae","Rhinonicteris","aurantia",8.27,0.00827,32.5,"C","Baudinette, Churchill, Christian, Nelson, & Hudson, 2000","Rhinonicteris aurantia",-4787.35547680534,-1628.02388294841,32.4701150460995,-1.88743442551193,-0.0029329313331031,-4.79512076994654,-2.40737786861218,37.968156145409,1995,"Rhinonicteris aurantia",305.65,TRUE,-2.39104371589736,-0.016334152714824
"Mammalia","Macroscelidea","Macroscelididae","Elephantulus","myurus",62.97,0.06297,30.97,"C","Lovegrove, Raman, & Perrin, 2001","Elephantulus myurus",17903.2601481251,229.146876740232,5020.97288235926,2083.94888836777,-643.539723465955,-2.76509685648149,-0.998655195237721,38.1591704782463,1996,"Elephantulus myurus",304.12,TRUE,-0.821299708215967,-0.177355487021753
"Mammalia","Chiroptera","Megadermatidae","Macroderma","gigas",150,0.15,32.5,"C","Leitner & Nelson, 1967","Macroderma gigas",-4787.35547680534,-1628.02388294841,32.4701150460995,-1.88743442551193,-0.0029329313331031,-1.89711998488588,-0.244196960512043,37.968156145409,1997,"Macroderma gigas",305.65,TRUE,0.000748728908718022,-0.244945689420761
"Mammalia","Rodentia","Sciuridae","Cynomys","ludovicianus",1112.3,1.1123,30.2,"C","Rfinking, Kilgore Jr, Fairbanks, & Hamilton, 1977","Cynomys ludovicianus",-4787.35547680534,-1628.02388294841,32.4701150460995,-1.88743442551193,-0.0029329313331031,0.106429943615847,0.861482495379161,38.2560307428524,1999,"Cynomys ludovicianus",303.35,TRUE,1.49505172522105,-0.633569229841885
"Mammalia","Artiodactyla","Bovidae","Madoqua","kirkii",3970,3.97,30,"C","Maskrey & Hoppe, 1979","Madoqua kirkii",-4787.35547680534,-1628.02388294841,32.4701150460995,-1.88743442551193,-0.0029329313331031,1.3787660946991,2.43963805538436,38.2812697537333,2000,"Madoqua kirkii",303.15,TRUE,2.53117815956776,-0.0915401041833923
"Mammalia","Rodentia","Sciuridae","Ictidomys","tridecemlineatus",233.8,0.2338,30.5,"C","Maclean, 1981","Ictidomys tridecemlineatus",-4787.35547680534,-1628.02388294841,32.4701150460995,-1.88743442551193,-0.0029329313331031,-1.45328922994417,0.00532579275534763,38.2182345655994,2002,"Ictidomys tridecemlineatus",303.65,TRUE,0.228688599931612,-0.223362807176264
"Mammalia","Chrioptera","Natalidae","Natalus","tumidirostris",5.4,0.0054,28,"C","Genoud, Bonaccorso, & Anends, 1990","Natalus tumidirostris",-4787.35547680534,-1628.02388294841,32.4701150460995,-1.88743442551193,-0.0029329313331031,-5.22135632541191,-3.07477548089444,38.5355036554682,2003,"Natalus tumidirostris",301.15,TRUE,-3.05673166175212,-0.0180438191423269
"Mammalia","Macroscelidea","Macroscelididae","Elephantulus","intufi",46.49,0.04649,35,"C","Downs & Perrin, 1995b","Elephantulus intufi",17903.2601481251,229.146876740232,5020.97288235926,2083.94888836777,-643.539723465955,-3.06851804327964,-1.24173111323967,37.6601230759184,2005,"Elephantulus intufi",308.15,TRUE,-0.795605152197833,-0.446125961041835
"Mammalia","Rodentia","Geomyidae","Geomys","bursarius",197,0.197,31.5,"C","Bradley & Yousef, 1975","Geomys bursarius",-4787.35547680534,-1628.02388294841,32.4701150460995,-1.88743442551193,-0.0029329313331031,-1.62455155024415,-0.266428066090954,38.0927849198893,2006,"Geomys bursarius",304.65,TRUE,0.15675098593444,-0.423179052025395
"Mammalia","Eulipotyphla","Talpidae","Condylura","cristata",49,0.049,28.75,"C","Campbell, McIntyre, & MacArthur, 1999","Condylura cristata",-4787.35547680534,-1628.02388294841,32.4701150460995,-1.88743442551193,-0.0029329313331031,-3.01593498087151,-0.490206336563255,38.439771201869,2010,"Condylura cristata",301.9,TRUE,-1.1835749621467,0.693368625583449
"Mammalia","Monotremata","Ornithorhynchisae","Ornithorhynchus","anatinus",1320,1.32,25,"C","Dawson, Grant, & Fanning, 1979","Ornithorhynchus anatinus",17903.2601481251,229.146876740232,5020.97288235926,2083.94888836777,-643.539723465955,0.27763173659828,0.97907771997292,38.9232497932056,2011,"Ornithorhynchus anatinus",298.15,TRUE,1.26718628293513,-0.288108562962212
"Mammalia","Lagomorpha","Leporidae","Lepus","arcticus",3004.4,3.0044,12,"C","Wang, Jones, MacArthur, & Fuller, 1973","Lepus arcticus",-4787.35547680534,-1628.02388294841,32.4701150460995,-1.88743442551193,-0.0029329313331031,1.10007788082972,1.79322506138966,40.697762321039,2013,"Lepus arcticus",285.15,TRUE,0.964159758668391,0.829065302721274
"Insecta","Orthoptera","Tanaoceridae","Tanaocerus","koebeli",0.1025,0.0001025,20,"C","Mispagel, 1981","Tanaocerus koebeli",-4787.35547680534,-1628.02388294841,32.4701150460995,-1.88743442551193,-0.0029329313331031,-9.18564775938581,-7.33870735172616,39.5871292029482,2017,"Tanaocerus koebeli",293.15,TRUE,-6.91040947816451,-0.428297873561649
"Reptilia","Squamata","Varanidae","Varanus","gouldii",674,0.674,28.5,"C","Bennett, Dawson, & Bartholomew, 1975","Varanus gouldii",17293.0298989992,158.924340947614,573.328426214863,-2492.5845468819,-162.16022649679,-0.39452516806983,-1.19015113140449,38.4716291259548,2019,"Varanus gouldii",301.65,TRUE,0.96231351928963,-2.15246465069412
"Reptilia","Squamata","Phyllodactylidae","Ptyodactylus","hasselquistii",6.4,0.0064,20,"C","Al-Sadoon & Abdo, 1989","Ptyodactylus hasselquistii",17609.1412108943,196.340035609827,3134.81857741098,867.66079141873,206.70325727503,-5.05145728861651,-5.65528039346266,39.5871292029482,2020,"Ptyodactylus hasselquistii",293.15,TRUE,-3.49835880366189,-2.15692158980076
"Reptilia","Testudines","Emydidae","Terrapene","ornata",354,0.354,20,"C","Gatten Jr, 1974","Terrapene ornata",-4787.35547680534,-1628.02388294841,32.4701150460995,-1.88743442551193,-0.0029329313331031,-1.03845836584836,-3.55540179692681,39.5871292029482,2021,"Terrapene ornata",293.15,TRUE,-0.186330541291738,-3.36907125563507
"Reptilia","Squamata","Anniellidae","Anniella","pulchra",4.5,0.0045,20,"C","Fusari, 1984","Anniella pulchra",17293.0298989992,158.924340947614,573.328426214863,-2492.5845468819,-162.16022649679,-5.40367788220586,-5.8199023731572,39.5871292029482,2022,"Anniella pulchra",293.15,TRUE,-3.78905525860937,-2.03084711454783
"Reptilia","Squamata","Pythonidae","Aspidites","melanocephalus",1027.5,1.0275,30,"C","Bedford & Christian, 1999","Aspidites melanocephalus",17564.0686308265,190.943368910398,2754.88716084095,341.383037007667,846.216226545312,0.0271286673882527,-1.32306903837343,38.2812697537333,2023,"Aspidites melanocephalus",303.15,TRUE,1.4156380246497,-2.73870706302312
"Reptilia","Squamata","Pythonidae","Antaresia","childreni",331.7,0.3317,30,"C","Bedford & Christian, 1999","Antaresia childreni",17564.0686308265,190.943368910398,2754.88716084095,341.383037007667,846.216226545312,-1.10352433302913,-2.45095170934165,38.2812697537333,2024,"Antaresia childreni",303.15,TRUE,0.482481857806551,-2.9334335671482
"Reptilia","Squamata","Pythonidae","Liasis","fuscus",1306.9,1.3069,30,"C","Bedford & Christian, 1999","Liasis fuscus",17564.0686308265,190.943368910398,2754.88716084095,341.383037007667,846.216226545312,0.267657920620853,-2.26000409782793,38.2812697537333,2025,"Liasis fuscus",303.15,TRUE,1.61415282616468,-3.87415692399261
"Reptilia","Squamata","Pythonidae","Antaresia","stimsoni",349.9,0.3499,30,"C","Bedford & Christian, 1999","Antaresia stimsoni",17564.0686308265,190.943368910398,2754.88716084095,341.383037007667,846.216226545312,-1.05010787960849,-2.63228365695044,38.2812697537333,2026,"Antaresia stimsoni",303.15,TRUE,0.526567791246745,-3.15885144819718
"Reptilia","Squamata","Elapidae","Pseudonaja","nuchalis",214.1,0.2141,30,"C","Bedford & Christian, 1999","Pseudonaja nuchalis",17553.8954404959,189.717589425878,2667.2702417175,216.180822006214,1093.3182184021,-1.5413120833865,-2.97172766396081,38.2812697537333,2027,"Pseudonaja nuchalis",303.15,TRUE,0.121164690768069,-3.09289235472888
"Reptilia","Squamata","Scincidae","Tiliqua","rugosa",548,0.548,35,"C","Christian & Conley, 1994","Tiliqua rugosa",17592.6270925533,194.370228784986,2997.42145437294,681.054280713025,341.550266344304,-0.601479992034121,-1.52060669872748,37.6601230759184,2028,"Tiliqua rugosa",308.15,TRUE,1.24050298222238,-2.76110968094986
"Reptilia","Squamata","Varanidae","Varanus","rosenbergi",1287,1.287,35,"C","Christian & Conley, 1994","Varanus rosenbergi",17293.0298989992,158.924340947614,573.328426214863,-2492.5845468819,-162.16022649679,0.25231392861399,-0.859208216482119,37.6601230759184,2029,"Varanus rosenbergi",308.15,TRUE,1.94516043413013,-2.80436865061225
"Reptilia","Squamata","Varanidae","Varanus","gouldii",1086,1.086,35,"C","Christian & Conley, 1994","Varanus gouldii",17293.0298989992,158.924340947614,573.328426214863,-2492.5845468819,-162.16022649679,0.0825012215117438,-1.34875644180082,37.6601230759184,2030,"Varanus gouldii",308.15,TRUE,1.80500976475386,-3.15376620655468
"Reptilia","Squamata","Varanidae","Varanus","panoptes",931,0.931,35,"C","Christian & Conley, 1994","Varanus panoptes",17293.0298989992,158.924340947614,573.328426214863,-2492.5845468819,-162.16022649679,-0.0714960017050699,-1.24867298324384,37.6601230759184,2031,"Varanus panoptes",308.15,TRUE,1.67791200932541,-2.92658499256925
"Reptilia","Squamata","Anniellidae","Anniella","pulchra",4.94,0.00494,25,"C","Kamel & Gatten, 1983","Anniella pulchra",17293.0298989992,158.924340947614,573.328426214863,-2492.5845468819,-162.16022649679,-5.31038994778231,-6.31066633572957,38.9232497932056,2032,"Anniella pulchra",298.15,TRUE,-3.34474761129061,-2.96591872443896
"Reptilia","Squamata","Anguidae","Ophisaurus","ventralis",32.17,0.03217,25,"C","Kamel & Gatten, 1983","Ophisaurus ventralis",17293.0298989992,158.924340947614,573.328426214863,-2492.5845468819,-162.16022649679,-3.4367209377312,-4.9868422730089,38.9232497932056,2033,"Ophisaurus ventralis",298.15,TRUE,-1.79836176991696,-3.18848050309194
"Reptilia","Squamata","Trogonophidae","Trogonophis","wiegmanni",4.97,0.00497,25,"C","Kamel & Gatten, 1983","Trogonophis wiegmanni",17293.0298989992,158.924340947614,573.328426214863,-2492.5845468819,-162.16022649679,-5.3043354388736,-6.83116982277253,38.9232497932056,2034,"Trogonophis wiegmanni",298.15,TRUE,-3.33975067383652,-3.49141914893602
"Reptilia","Squamata","Varanidae","Varanus","gouldii",169,0.169,30,"C","Thompson & Withers, 1992","Varanus gouldii",17293.0298989992,158.924340947614,573.328426214863,-2492.5845468819,-162.16022649679,-1.77785656405906,-3.20025023965548,38.2812697537333,2035,"Varanus gouldii",303.15,TRUE,-0.0740613784068458,-3.12618886124863
"Reptilia","Squamata","Varanidae","Varanus","panoptes",2003,2.003,30,"C","Thompson & Withers, 1992","Varanus panoptes",17293.0298989992,158.924340947614,573.328426214863,-2492.5845468819,-162.16022649679,0.694646056683681,-0.456797671339225,38.2812697537333,2036,"Varanus panoptes",303.15,TRUE,1.96655680173349,-2.42335447307271
"Reptilia","Squamata","Sphaerodactylidae","Sphaerodactylus","cinereus",0.54,0.00054,26.5,"C","Dunson & Bramham, 1981","Sphaerodactylus cinereus",17609.1412108943,196.340035609827,3134.81857741097,867.660791418726,206.703257275032,-7.52394141840595,-8.28634978372421,38.7284062267454,2037,"Sphaerodactylus cinereus",299.65,TRUE,-5.06384283766412,-3.22250694606009
"Mammalia","Monotremata","Ornithorhynchidae","Ornithorhynchus","anatinus",1300,1.3,32.2,"C","Grant and Dawson (1978)","Ornithorhynchus anatinus",17903.2601481251,229.146876740232,5020.97288235926,2083.94888836777,-643.539723465955,0.262364264467491,0.959775843813894,38.0054590661348,2038,"Ornithorhynchus anatinus",305.35,TRUE,1.76238586601759,-0.802610022203698
"Mammalia","Didelphimorphia","Didelphidae","Gracilinanus","microtarsus",13,0.013,34.7,"C","Morrison and McNab (1962)","Gracilinanus microtarsus",-4787.35547680534,-1628.02388294841,32.4701150460995,-1.88743442551193,-0.0029329313331031,-4.3428059215206,-2.24851787172377,37.6968228872641,2039,"Gracilinanus microtarsus",307.85,TRUE,-1.86761224173585,-0.380905629987922
"Mammalia","Dasyuromorphia","Dasyuridae","Antechinus","stuartii",36.5,0.0365,34.4,"C","Dawson and Hulbert (1970)","Antechinus stuartii",-4787.35547680534,-1628.02388294841,32.4701150460995,-1.88743442551193,-0.0029329313331031,-3.31044301839369,-1.59564459030176,37.7335942963559,2041,"Antechinus stuartii",307.55,TRUE,-1.03592243141288,-0.559722158888883
"Mammalia","Dasyuromorphia","Dasyuridae","Dasycercus","cristicauda",88.8,0.0888,37.7,"C","MacMillen and Nelson (1969)","Dasycercus cristicauda",-4787.35547680534,-1628.02388294841,32.4701150460995,-1.88743442551193,-0.0029329313331031,-2.42136862898401,-1.3535045382969,37.3330124685355,2042,"Dasycercus cristicauda",310.85,TRUE,-0.0805110505658888,-1.27299348773101
"Mammalia","Dasyuromorphia","Dasyuridae","Dasyuroides","byrnei",118.2,0.1182,34.3,"C","Geiser and Baudinette (1987)","Dasyuroides byrnei",-4787.35547680534,-1628.02388294841,32.4701150460995,-1.88743442551193,-0.0029329313331031,-2.13537717401014,-0.774116243093612,37.7458673795552,2043,"Dasyuroides byrnei",307.45,TRUE,-0.0729017526806075,-0.701214490413005
"Mammalia","Dasyuromorphia","Dasyuridae","Dasyurus","geoffroii",1354,1.354,36.2,"C","Arnold and Shield (1970)","Dasyurus geoffroii",-4787.35547680534,-1628.02388294841,32.4701150460995,-1.88743442551193,-0.0029329313331031,0.303063174490083,1.1544323587658,37.5140356419727,2044,"Dasyurus geoffroii",309.35,TRUE,2.06787309882964,-0.913440740063837
"Mammalia","Dasyuromorphia","Dasyuridae","Planigale","tenuirostris",7.0999999999999,0.0070999999999999,34.5,"C","Dawson and Wolfers (1978)","Planigale tenuirostris",-4787.35547680534,-1628.02388294841,32.4701150460995,-1.88743442551193,-0.0029329313331031,-4.94766049493488,-2.75060981552101,37.7213291917577,2045,"Planigale tenuirostris",307.65,TRUE,-2.38037281192734,-0.370237003593663
"Mammalia","Dasyuromorphia","Dasyuridae","Planigale","ingrami",7.0999999999999,0.0070999999999999,34.5,"C","Dawson and Wolfers (1978)","Planigale ingrami",-4787.35547680534,-1628.02388294841,32.4701150460995,-1.88743442551193,-0.0029329313331031,-4.94766049493488,-2.75060981552101,37.7213291917577,2046,"Planigale ingrami",307.65,TRUE,-2.38037281192734,-0.370237003593663
"Mammalia","Dasyuromorphia","Dasyuridae","Ningaui","yvonnae",11.6,0.0116,34.4,"C","Geiser and Baudinette (1988)","Ningaui yvonnae",-4787.35547680534,-1628.02388294841,32.4701150460995,-1.88743442551193,-0.0029329313331031,-4.45675018086982,-2.42036812865043,37.7335942963559,2047,"Ningaui yvonnae",307.55,TRUE,-1.9819983692702,-0.438369759380233
"Mammalia","Peramelemorphia","Peramelidae","Isoodon","auratus",428,0.428,33.8,"C","Withers (1992)","Isoodon auratus",-4787.35547680534,-1628.02388294841,32.4701150460995,-1.88743442551193,-0.0029329313331031,-0.84863208340034,-0.17899376670128,37.8073527474972,2049,"Isoodon auratus",306.95,TRUE,0.955062159263736,-1.13405592596502
"Mammalia","Peramelemorphia","Peramelidae","Perameles","gunnii",837.3,0.8373,35.2,"C","Hinds et al. (1993)","Perameles gunnii",-4787.35547680534,-1628.02388294841,32.4701150460995,-1.88743442551193,-0.0029329313331031,-0.177572849771751,0.852048463145801,37.6356962083485,2050,"Perameles gunnii",308.35,TRUE,1.60387916582536,-0.75183070267956
"Mammalia","Peramelemorphia","Peramelidae","Echymipera","kalubu",695,0.695,35,"C","Hulbert and Dawson (1974)","Echymipera kalubu",-4787.35547680534,-1628.02388294841,32.4701150460995,-1.88743442551193,-0.0029329313331031,-0.363843433417345,0.641853886172395,37.6601230759184,2051,"Echymipera kalubu",308.15,TRUE,1.43663037060658,-0.794776484434188
"Mammalia","Diprotodontia","Phascolarctidae","Phascolarctos","cinereus",4765,4.765,35.75,"C","Degabriele and Dawson (1979)","Phascolarctos cinereus",-4787.35547680534,-1628.02388294841,32.4701150460995,-1.88743442551193,-0.0029329313331031,1.56129753710617,1.76596671466633,37.5686854187254,2052,"Phascolarctos cinereus",308.9,TRUE,3.07608842751834,-1.31012171285202
"Mammalia","Diprotodontia","Burramyidae","Cercartetus","lepidus",12.6,0.0126,33.7,"C","Geiser (1987)","Cercartetus lepidus",-4787.35547680534,-1628.02388294841,32.4701150460995,-1.88743442551193,-0.0029329313331031,-4.3740584650247,-2.24851787172377,37.8196738662026,2053,"Cercartetus lepidus",306.85,TRUE,-1.96137739961204,-0.287140472111734
"Mammalia","Diprotodontia","Burramyidae","Cercartetus","concinnus",18.6,0.0186,34.4,"C","Geiser (1987)","Cercartetus concinnus",-4787.35547680534,-1628.02388294841,32.4701150460995,-1.88743442551193,-0.0029329313331031,-3.98459369826298,-2.07944154167984,37.7335942963559,2054,"Cercartetus concinnus",307.55,TRUE,-1.59231582891795,-0.487125712761885
"Mammalia","Diprotodontia","Burramyidae","Burramys","parvus",44.3,0.0443,36.1,"C","Fleming (1985a)","Burramys parvus",-4787.35547680534,-1628.02388294841,32.4701150460995,-1.88743442551193,-0.0029329313331031,-3.11677060193105,-1.58203893824599,37.5261662921399,2055,"Burramys parvus",309.25,TRUE,-0.761312861631126,-0.820726076614861
"Mammalia","Diprotodontia","Phalangeridae","Trichosurus","vulpecula",1982,1.982,36.2,"C","Dawson and Hulbert (1970)","Trichosurus vulpecula",-4787.35547680534,-1628.02388294841,32.4701150460995,-1.88743442551193,-0.0029329313331031,0.684106435907796,1.26381280468195,37.5140356419727,2056,"Trichosurus vulpecula",309.35,TRUE,2.38235762157419,-1.11854481689224
"Mammalia","Diprotodontia","Phalangeridae","Spilocuscus","maculatus",4250,4.25,34.6,"C","Dawson and Degabriele (1972)","Spilocuscus maculatus",-4787.35547680534,-1628.02388294841,32.4701150460995,-1.88743442551193,-0.0029329313331031,1.44691898293633,1.73701480661204,37.709072057983,2057,"Spilocuscus maculatus",307.75,TRUE,2.90401507158513,-1.16700026497309
"Mammalia","Diprotodontia","Acrobatidae","Acrobates","pygmaeus",14,0.014,36.7,"C","Fleming (1985b)","Acrobates pygmaeus",-4787.35547680534,-1628.02388294841,32.4701150460995,-1.88743442551193,-0.0029329313331031,-4.26869794936688,-2.484906649788,37.4534998413563,2058,"Acrobates pygmaeus",309.85,TRUE,-1.67182199227306,-0.813084657514938
"Mammalia","Diprotodontia","Potoroidae","Aepyprymnus","rufescens",2820,2.82,36.6,"C","Rübsamen et al. (1983)","Aepyprymnus rufescens",-4787.35547680534,-1628.02388294841,32.4701150460995,-1.88743442551193,-0.0029329313331031,1.03673688495002,1.78804888983152,37.4655913667289,2059,"Aepyprymnus rufescens",309.75,TRUE,2.70019585065572,-0.912146960824205
"Mammalia","Diprotodontia","Macropodidae","Lagorchestes","conspicillatus",2660,2.66,36,"C","Dawson and Bennett (1978)","Lagorchestes conspicillatus",-4787.35547680534,-1628.02388294841,32.4701150460995,-1.88743442551193,-0.0029329313331031,0.978326122793608,1.55755965166544,37.538304790051,2060,"Lagorchestes conspicillatus",309.15,TRUE,2.61175671396571,-1.05419706230028
"Mammalia","Diprotodontia","Macropodidae","Dendrolagus","matschiei",6960,6.96,36.5,"C","McNab (1988)","Dendrolagus matschiei",-4787.35547680534,-1628.02388294841,32.4701150460995,-1.88743442551193,-0.0029329313331031,1.94017947434633,2.09835870081204,37.477690701903,2061,"Dendrolagus matschiei",309.65,TRUE,3.43913520369042,-1.34077650287838
"Mammalia","Afrosoricida","Tenrecidae","Setifer","setosus",530,0.53,32.2,"C","McNab (1980)","Setifer setosus",17903.2601481251,229.146876740232,5020.97288235926,2083.94888836777,-643.539723465955,-0.63487827243597,-0.384845820905429,38.0054590661348,2063,"Setifer setosus",305.35,TRUE,1.02186918569536,-1.40671500660079
"Mammalia","Macroscelidea","Macroscelididae","Elephantulus","edwardii",49.8,0.0498,37.6,"C","Leon et al. (1983)","Elephantulus edwardii",17903.2601481251,229.146876740232,5020.97288235926,2083.94888836777,-643.539723465955,-2.99974029495153,-1.19475614922101,37.3450263100378,2064,"Elephantulus edwardii",310.75,TRUE,-0.564502718275399,-0.630253430945613
"Mammalia","Macroscelidea","Macroscelididae","Elephantulus","myurus",62.97,0.06297,36.73,"C","Lovegrove et al. (2001)","Elephantulus myurus",17903.2601481251,229.146876740232,5020.97288235926,2083.94888836777,-643.539723465955,-2.76509685648149,-0.995754903228402,37.4498739055256,2065,"Elephantulus myurus",309.88,TRUE,-0.428856270495075,-0.566898632733327
"Mammalia","Cingulata","Dasypodidae","Chaetophractus","vellerosus",1110,1.11,34.4,"C","McNab (1980)","Chaetophractus vellerosus",17903.2601481251,229.146876740232,5020.97288235926,2083.94888836777,-643.539723465955,0.104360015324243,0.550046336919272,37.7335942963559,2066,"Chaetophractus vellerosus",307.55,TRUE,1.78239981979261,-1.23235348287334
"Mammalia","Cingulata","Dasypodidae","Priodontes","maximus",45190,45.19,33.6,"C","McNab (1980)","Priodontes maximus",17903.2601481251,229.146876740232,5020.97288235926,2083.94888836777,-643.539723465955,3.81087582342319,2.82665594351006,37.8320030182372,2067,"Priodontes maximus",306.75,TRUE,4.78703180214974,-1.96037585863968
"Mammalia","Pilosa","Bradypodidae","Bradypus","variegatus",3790,3.79,33,"C","McNab (1978b)","Bradypus variegatus",17903.2601481251,229.146876740232,5020.97288235926,2083.94888836777,-643.539723465955,1.33236601909433,1.34228442012345,37.9061470711882,2068,"Bradypus variegatus",306.15,TRUE,2.70043292135633,-1.35814850123289
"Mammalia","Pilosa","Myrmecophagidae","Myrmecophaga","tridactyla",30600,30.6,32.7,"C","McNab (1984)","Myrmecophaga tridactyla",17903.2601481251,229.146876740232,5020.97288235926,2083.94888836777,-643.539723465955,3.42100000895834,2.67472319698614,37.9433281865106,2069,"Myrmecophaga tridactyla",305.85,TRUE,4.40366296250222,-1.72893976551608
"Mammalia","Scandentia","Ptilocercidae","Ptilocercus","lowii",58,0.058,35.7,"C","Whittow and Gould (1976)","Ptilocercus lowii",17903.2601481251,229.146876740232,5020.97288235926,2083.94888836777,-643.539723465955,-2.84731226843572,-1.42019591279557,37.5747674464765,2070,"Ptilocercus lowii",308.85,TRUE,-0.565812476580064,-0.854383436215508
"Mammalia","Primates","Lorisidae","Loris","tardigradus",263,0.263,36,"C","Müller et al. (1985)","Loris tardigradus",-4787.35547680534,-1628.02388294841,32.4701150460995,-1.88743442551193,-0.0029329313331031,-1.33560124680437,-0.413833357778681,37.538304790051,2071,"Loris tardigradus",309.15,TRUE,0.702014650069547,-1.11584800784823
"Mammalia","Primates","Lorisidae","Nycticebus","coucang",1300,1.3,34.5,"C","Müller (1979b)","Nycticebus coucang",-4787.35547680534,-1628.02388294841,32.4701150460995,-1.88743442551193,-0.0029329313331031,0.262364264467491,0.554842509182765,37.7213291917577,2072,"Nycticebus coucang",307.65,TRUE,1.91959077711992,-1.36474826793716
"Mammalia","Primates","Galagidae","Otolemur","crassicaudatus",947,0.947,36.6,"C","Müller and Jaksche (1980)","Otolemur crassicaudatus",-4787.35547680534,-1628.02388294841,32.4701150460995,-1.88743442551193,-0.0029329313331031,-0.0544561857960589,0.829279354884525,37.4655913667289,2073,"Otolemur crassicaudatus",309.75,TRUE,1.7996069495452,-0.970327594660672
"Mammalia","Rodentia","Sciuridae","Ammospermophilus","leucurus",96,0.096,36.6,"C","Hudson (1962)","Ammospermophilus leucurus",-4787.35547680534,-1628.02388294841,32.4701150460995,-1.88743442551193,-0.0029329313331031,-2.3434070875143,-0.592799206725663,37.4655913667289,2074,"Ammospermophilus leucurus",309.75,TRUE,-0.0895214114559799,-0.503277795269683
"Mammalia","Rodentia","Sciuridae","Xerus","inauris",515.3,0.5153,34.8,"C","Haim et al. (1987)","Xerus inauris",-4787.35547680534,-1628.02388294841,32.4701150460995,-1.88743442551193,-0.0029329313331031,-0.663006023647958,0.548442487337298,37.6845816718437,2075,"Xerus inauris",307.95,TRUE,1.17619142728672,-0.62774893994942
"Mammalia","Rodentia","Sciuridae","Cynomys","ludovicianus",1112.3,1.1123,36.7,"C","Reinking et al. (1977)","Cynomys ludovicianus",-4787.35547680534,-1628.02388294841,32.4701150460995,-1.88743442551193,-0.0029329313331031,0.106429943615846,0.857955154861192,37.4534998413563,2076,"Cynomys ludovicianus",309.85,TRUE,1.93908035580115,-1.08112520093996
"Mammalia","Rodentia","Sciuridae","Marmota","flaviventris",4294,4.294,36.5,"C","Reinking et al. (1977)","Marmota flaviventris",-4787.35547680534,-1628.02388294841,32.4701150460995,-1.88743442551193,-0.0029329313331031,1.45721869945659,2.15466496291742,37.477690701903,2077,"Marmota flaviventris",309.65,TRUE,3.04053561100784,-0.885870648090417
"Mammalia","Rodentia","Gliridae","Graphiurus","ocularis",67.8,0.0678,34.5,"C","Perrin and Ridgard (1999)","Graphiurus ocularis",-4787.35547680534,-1628.02388294841,32.4701150460995,-1.88743442551193,-0.0029329313331031,-2.69119308403579,-0.995754903228402,37.7213291917577,2078,"Graphiurus ocularis",307.65,TRUE,-0.518053887391016,-0.477701015837386
"Mammalia","Rodentia","Castoridae","Castor","canadensis",15270,15.27,37.1,"C","MacArthur (1989)","Castor canadensis",-4787.35547680534,-1628.02388294841,32.4701150460995,-1.88743442551193,-0.0029329313331031,2.72589011923054,3.25649268843951,37.4052116868469,2079,"Castor canadensis",310.25,TRUE,4.12770340808922,-0.871210719649711
"Mammalia","Rodentia","Heteromyidae","Microdipodops","pallidus",15.2,0.0152,39.3,"C","Bartholomew and MacMillen (1961)","Microdipodops pallidus",-4787.35547680534,-1628.02388294841,32.4701150460995,-1.88743442551193,-0.0029329313331031,-4.18645985112991,-2.19722457733622,37.1418368565987,2080,"Microdipodops pallidus",312.45,TRUE,-1.43151025626982,-0.765714321066402
"Mammalia","Rodentia","Heteromyidae","Dipodomys","merriami",38.2999999999999,0.0382999999999999,37,"C","Carpenter (1966)","Dipodomys merriami",-4787.35547680534,-1628.02388294841,32.4701150460995,-1.88743442551193,-0.0029329313331031,-3.26230538279554,-1.42019591279557,37.4172720485064,2081,"Dipodomys merriami",310.15,TRUE,-0.821176756869988,-0.599019155925584
"Mammalia","Rodentia","Heteromyidae","Heteromys","anomalus",69.3,0.0693,36,"C","McNab (1979a)","Heteromys anomalus",-4787.35547680534,-1628.02388294841,32.4701150460995,-1.88743442551193,-0.0029329313331031,-2.66931037278628,-0.577836334048951,37.538304790051,2082,"Heteromys anomalus",309.15,TRUE,-0.398728809882858,-0.179107524166093
"Mammalia","Rodentia","Geomyidae","Geomys","bursarius",197,0.197,35,"C","Bradley and Yousef (1975)","Geomys bursarius",-4787.35547680534,-1628.02388294841,32.4701150460995,-1.88743442551193,-0.0029329313331031,-1.62455155024415,-0.262086525262817,37.6601230759184,2087,"Geomys bursarius",308.15,TRUE,0.396136467196914,-0.658222992459732
"Mammalia","Rodentia","Geomyidae","Geomys","pinetis",200,0.2,36.3,"C","McNab (1979b)","Geomys pinetis",-4787.35547680534,-1628.02388294841,32.4701150460995,-1.88743442551193,-0.0029329313331031,-1.6094379124341,-0.233614851181505,37.5019128319414,2088,"Geomys pinetis",309.45,TRUE,0.496145548115845,-0.72976039929735
"Mammalia","Rodentia","Hystricidae","Hystrix","africaeaustralis",10700,10.7,38.5,"C","Haim et al. (1990)","Hystrix africaeaustralis",-4787.35547680534,-1628.02388294841,32.4701150460995,-1.88743442551193,-0.0029329313331031,2.37024374146786,2.42823831191963,37.2371792903715,2130,"Hystrix africaeaustralis",311.65,TRUE,3.9271494395228,-1.49891112760316
"Mammalia","Lagomorpha","Leporidae","Sylvilagus","audubonii",672.4,0.6724,38.25,"C","Hinds (1973)","Sylvilagus audubonii",-4787.35547680534,-1628.02388294841,32.4701150460995,-1.88743442551193,-0.0029329313331031,-0.396901877447677,0.892680866235021,37.2670742641113,2140,"Sylvilagus audubonii",311.4,TRUE,1.62681457982297,-0.734133713587948
"Mammalia","Lagomorpha","Leporidae","Lepus","arcticus",3004,3.004,38.9,"C","Wang et al. (1973)","Lepus arcticus",-4787.35547680534,-1628.02388294841,32.4701150460995,-1.88743442551193,-0.0029329313331031,1.09994473390189,1.79729964960367,37.1894469663332,2141,"Lepus arcticus",312.05,TRUE,2.90514953237224,-1.10784988276857
"Mammalia","Lagomorpha","Leporidae","Lepus","alleni",3362,3.362,38.1,"C","Hinds (1977)","Lepus alleni",-4787.35547680534,-1628.02388294841,32.4701150460995,-1.88743442551193,-0.0029329313331031,1.21253603498642,2.13515214869384,37.2850342999012,2142,"Lepus alleni",311.25,TRUE,2.94518686981948,-0.810034721125639
"Mammalia","Erinaceomorpha","Erinaceidae","Erinaceus","europaeus",749,0.749,34,"C","Shkolnik and Schmidt-Nielsen (1976)","Erinaceus europaeus",-4787.35547680534,-1628.02388294841,32.4701150460995,-1.88743442551193,-0.0029329313331031,-0.289016295464918,0.63304325649024,37.7827345786888,2143,"Erinaceus europaeus",307.15,TRUE,1.4305479225513,-0.797504666061062
"Mammalia","Erinaceomorpha","Erinaceidae","Hylomys","suillus",77.3,0.0773,37.3,"C","Genoud and Ruedi (1996)","Hylomys suillus",-4787.35547680534,-1628.02388294841,32.4701150460995,-1.88743442551193,-0.0029329313331031,-2.56006132338876,-0.804699666465693,37.3811142723281,2144,"Hylomys suillus",310.45,TRUE,-0.221591621769214,-0.583108044696479
"Mammalia","Soricomorpha","Soricidae","Crocidura","luna",11.8,0.0118,34.8,"C","Sparti (1990)","Crocidura luna",-4787.35547680534,-1628.02388294841,32.4701150460995,-1.88743442551193,-0.0029329313331031,-4.43965574751052,-1.97408102602201,37.6845816718437,2145,"Crocidura luna",307.95,TRUE,-1.94077193682927,-0.0333090891927379
"Mammalia","Soricomorpha","Soricidae","Crocidura","poensis",17.3,0.0173,35.5,"C","Sparti (1990)","Crocidura poensis",-4787.35547680534,-1628.02388294841,32.4701150460995,-1.88743442551193,-0.0029329313331031,-4.0570487774784,-1.74296930505862,37.5991152627386,2146,"Crocidura poensis",308.65,TRUE,-1.57770952998129,-0.165259775077328
"Mammalia","Soricomorpha","Soricidae","Crocidura","olivieri",38.9,0.0389,35.3,"C","Sparti (1990)","Crocidura olivieri",-4787.35547680534,-1628.02388294841,32.4701150460995,-1.88743442551193,-0.0029329313331031,-3.24676102835774,-1.1239300966524,37.6234946534098,2147,"Crocidura olivieri",308.45,TRUE,-0.922447569203108,-0.201482527449292
"Mammalia","Soricomorpha","Talpidae","Condylura","cristata",49,0.049,37.7,"C","Campbell et al. (1999)","Condylura cristata",-4787.35547680534,-1628.02388294841,32.4701150460995,-1.88743442551193,-0.0029329313331031,-3.01593498087151,-0.483426649577876,37.3330124685355,2148,"Condylura cristata",310.85,TRUE,-0.571221514038267,0.0877948644603913
"Mammalia","Chiroptera","Pteropodidae","Macroglossus","minimus",16.3999999999999,0.0163999999999999,37.1,"C","Bonaccorso and McNab (1997)","Macroglossus minimus",-4787.35547680534,-1628.02388294841,32.4701150460995,-1.88743442551193,-0.0029329313331031,-4.11047394415199,-2.51880820146368,37.4052116868469,2149,"Macroglossus minimus",310.25,TRUE,-1.51451863720257,-1.00428956426111
"Mammalia","Chiroptera","Pteropodidae","Melonycteris","melanops",53.3,0.0533,34.9,"C","Bonaccorso and McNab (1997)","Melonycteris melanops",-4787.35547680534,-1628.02388294841,32.4701150460995,-1.88743442551193,-0.0029329313331031,-2.93181894781034,-1.42019591279557,37.6723484039742,2150,"Melonycteris melanops",308.05,TRUE,-0.689548069254926,-0.730647843540646
"Mammalia","Chiroptera","Pteropodidae","Paranyctimene","raptor",23.6,0.0236,33.8,"C","McNab and Bonaccorso (2001)","Paranyctimene raptor",-4787.35547680534,-1628.02388294841,32.4701150460995,-1.88743442551193,-0.0029329313331031,-3.74650856695057,-1.99428373333953,37.8073527474972,2151,"Paranyctimene raptor",306.95,TRUE,-1.43662769640054,-0.557656036938994
"Mammalia","Chiroptera","Pteropodidae","Nyctimene","albiventer",30.8999999999999,0.0308999999999999,35.9,"C","McNab and Bonaccorso (2001)","Nyctimene albiventer",-4787.35547680534,-1628.02388294841,32.4701150460995,-1.88743442551193,-0.0029329313331031,-3.47699909507844,-1.40876721697195,37.5504511433239,2152,"Nyctimene albiventer",309.05,TRUE,-1.07205488972779,-0.336712327244161
"Mammalia","Chiroptera","Pteropodidae","Cynopterus","brachyotis",37.3999999999999,0.0373999999999999,36.5,"C","McNab (1989)","Cynopterus brachyotis",-4787.35547680534,-1628.02388294841,32.4701150460995,-1.88743442551193,-0.0029329313331031,-3.28608457456165,-1.33222713984961,37.477690701903,2153,"Cynopterus brachyotis",309.65,TRUE,-0.874231076670377,-0.457996063179238
"Mammalia","Chiroptera","Pteropodidae","Dobsonia","minor",73.7,0.0737,36.5,"C","McNab and Bonaccorso (2001)","Dobsonia minor",-4787.35547680534,-1628.02388294841,32.4701150460995,-1.88743442551193,-0.0029329313331031,-2.60775247978685,-0.8754687373539,37.477690701903,2154,"Dobsonia minor",309.65,TRUE,-0.314386652985064,-0.561082084368836
"Mammalia","Chiroptera","Pteropodidae","Rousettus","aegyptiacus",146,0.146,34.8,"C","Noll (1979)","Rousettus aegyptiacus",-4787.35547680534,-1628.02388294841,32.4701150460995,-1.88743442551193,-0.0029329313331031,-1.9241486572738,-0.380772495517793,37.6845816718437,2155,"Rousettus aegyptiacus",307.95,TRUE,0.135338906307847,-0.51611140182564
"Mammalia","Chiroptera","Pteropodidae","Dobsonia","praedatrix",179.5,0.1795,37.1,"C","McNab and Bonaccorso (2001)","Dobsonia praedatrix",-4787.35547680534,-1628.02388294841,32.4701150460995,-1.88743442551193,-0.0029329313331031,-1.7175800710538,-0.22314355131421,37.4052116868469,2156,"Dobsonia praedatrix",310.25,TRUE,0.46039645474735,-0.68354000606156
"Mammalia","Chiroptera","Hipposideridae","Rhinonicteris","aurantia",8.3,0.0083,36.1,"C","Baudinette et al. (2000)","Rhinonicteris aurantia",-4787.35547680534,-1628.02388294841,32.4701150460995,-1.88743442551193,-0.0029329313331031,-4.79149976417958,-2.38959646998368,37.5261662921399,2162,"Rhinonicteris aurantia",309.25,TRUE,-2.14350867676395,-0.246087793219729
"Mammalia","Chiroptera","Hipposideridae","Hipposideros","diadema",37.2,0.0372,36.9,"C","Bonaccorso and McNab (2003)","Hipposideros diadema",-4787.35547680534,-1628.02388294841,32.4701150460995,-1.88743442551193,-0.0029329313331031,-3.29144651770304,-1.69644928942373,37.4293401897896,2163,"Hipposideros diadema",310.05,TRUE,-0.851904789876436,-0.844544499547295
"Mammalia","Chiroptera","Megadermatidae","Macroderma","gigas",107.2,0.1072,35.6,"C","Baudinette et al. (2000)","Macroderma gigas",-4787.35547680534,-1628.02388294841,32.4701150460995,-1.88743442551193,-0.0029329313331031,-2.23305903034544,-0.644357016390513,37.5869374116413,2164,"Macroderma gigas",308.75,TRUE,-0.0655873981534327,-0.578769618237081
"Mammalia","Chiroptera","Phyllostomidae","Diaemus","youngi",36.6,0.0366,31.3,"C","McNab (1969)","Diaemus youngi",-4787.35547680534,-1628.02388294841,32.4701150460995,-1.88743442551193,-0.0029329313331031,-3.30770703857482,-1.66659632627405,38.1178089204936,2165,"Diaemus youngi",304.45,TRUE,-1.24624470079329,-0.420351625480762
"Mammalia","Chiroptera","Phyllostomidae","Phyllostomus","discolor",33.5,0.0335,34.6,"C","McNab (1969)","Phyllostomus discolor",-4787.35547680534,-1628.02388294841,32.4701150460995,-1.88743442551193,-0.0029329313328233,-3.39620984015112,-1.6519975268529,37.709072057983,2166,"Phyllostomus discolor",307.75,TRUE,-1.09314013554869,-0.558857391304206
"Mammalia","Chiroptera","Phyllostomidae","Carollia","perspicillata",14.9,0.0149,36.4,"C","McNab (1969)","Carollia perspicillata",-4787.35547680534,-1628.02388294841,32.4701150460995,-1.88743442551193,-0.0029329313331031,-4.20639406603072,-1.74296930505862,37.4897978544476,2167,"Carollia perspicillata",309.55,TRUE,-1.64048420158112,-0.102485103477499
"Mammalia","Chiroptera","Phyllostomidae","Platyrrhinus","lineatus",21.9,0.0219,36.4,"C","McNab (1969)","Platyrrhinus lineatus",-4787.35547680534,-1628.02388294841,32.4701150460995,-1.88743442551193,-0.0029329313331031,-3.82126864215968,-1.71171676155452,37.4897978544476,2168,"Platyrrhinus lineatus",309.55,TRUE,-1.3226305681846,-0.389086193369915
"Mammalia","Chiroptera","Phyllostomidae","Sturnira","lilium",21.9,0.0219,36.4,"C","McNab (1969)","Sturnira lilium",-4787.35547680534,-1628.02388294841,32.4701150460995,-1.88743442551193,-0.0029329313331031,-3.82126864215968,-1.51665617898313,37.4897978544476,2169,"Sturnira lilium",309.55,TRUE,-1.3226305681846,-0.194025610798531
"Mammalia","Chiroptera","Mormoopidae","Pteronotus","quadridens",4.9,0.0049,31.1910447761194,"C","Rodriguez-Duran (1995)","Pteronotus quadridens",-4787.35547680534,-1628.02388294841,32.4701150460995,-1.88743442551193,-0.0029329313331031,-5.31852007386556,-3.40119738166216,38.1314552375975,2170,"Pteronotus quadridens",304.341044776119,TRUE,-2.91336924029669,-0.487828141365471
"Mammalia","Chiroptera","Mormoopidae","Pteronotus","personatus",14,0.014,37.5,"C","Bonaccorso et al. (1992)","Pteronotus personatus",-4787.35547680534,-1628.02388294841,32.4701150460995,-1.88743442551193,-0.0029329313331031,-4.26869794936688,-2.05746263496106,37.3570478861879,2171,"Pteronotus personatus",310.65,TRUE,-1.61845653370892,-0.439006101252146
"Mammalia","Chiroptera","Mormoopidae","Mormoops","megalophylla",16.5,0.0165,36.9,"C","Bonaccorso et al. (1992)","Mormoops megalophylla",-4787.35547680534,-1628.02388294841,32.4701150460995,-1.88743442551193,-0.0029329313331031,-4.1043948980756,-1.99428373333953,37.4293401897896,2172,"Mormoops megalophylla",310.05,TRUE,-1.52285139700503,-0.471432336334502
"Mammalia","Chiroptera","Noctilionidae","Noctilio","albiventris",27,0.027,32,"C","McNab (1969)","Noctilio albiventris",-4787.35547680534,-1628.02388294841,32.4701150460995,-1.88743442551193,-0.0029329313331031,-3.61191841297781,-2.01490302054227,38.0303684281313,2173,"Noctilio albiventris",305.15,TRUE,-1.44893840003203,-0.565964620510234
"Mammalia","Chiroptera","Natalidae","Natalus","tumidirostris",5.4,0.0054,32.2,"C","Genoud et al. (1990)","Natalus tumidirostris",-4787.35547680534,-1628.02388294841,32.4701150460995,-1.88743442551193,-0.0029329313331031,-5.22135632541191,-3.05289068739394,38.0054590661348,2174,"Natalus tumidirostris",305.35,TRUE,-2.76346572930093,-0.289424958093015
"Mammalia","Chiroptera","Molossidae","Eumops","perotis",56,0.056,33.4,"C","Leitner (1966)","Eumops perotis",-4787.35547680534,-1628.02388294841,32.4701150460995,-1.88743442551193,-0.0029329313331031,-2.88240358824699,-1.50407739677627,37.8566854537409,2175,"Eumops perotis",306.55,TRUE,-0.750755336782898,-0.753322059993376
"Mammalia","Artiodactyla","Tayassuidae","Pecari","tajacu",20200,20.2,38,"C","Zervanos (1975)","Pecari tajacu",-4787.35547680534,-1628.02388294841,32.4701150460995,-1.88743442551193,-0.0029329313331031,3.00568260440716,3.4797004431501,37.2970172773397,2197,"Pecari tajacu",311.15,TRUE,4.41848552289468,-0.938785079744578
"Mammalia","Artiodactyla","Camelidae","Camelus","dromedarius",407000,407,38.13,"C","Schmidt-Nielsen et al. (1967)","Camelus dromedarius",-4787.35547680534,-1628.02388294841,32.4701150460995,-1.88743442551193,-0.0029329313331031,6.00881318544259,5.41496395422283,37.2814409080065,2198,"Camelus dromedarius",311.28,TRUE,6.9056623923684,-1.49069843814556
"Mammalia","Artiodactyla","Bovidae","Madoqua","kirkii",4600,4.6,37.9,"C","Kamau (1988)","Madoqua kirkii",-4787.35547680534,-1628.02388294841,32.4701150460995,-1.88743442551193,-0.0029329313331031,1.52605630349505,2.37748640116716,37.3090079596343,2199,"Madoqua kirkii",311.05,TRUE,3.1906787037722,-0.813192302605033
