model,rmse,mae,r2
power_law_3_4,0.0010642804032970302,0.0005383655436961709,0.6734285087168704
xgboost,0.0012256565028566603,0.000627066062239942,0.5668845401645676
random_forest,0.0012512838730886692,0.0006257479207933451,0.5485830802894248
