model,rmse,mae,r2
xgboost,0.0009830337590955166,0.0004227206440260137,0.6214501738423812
power_law_3_4,0.0010794265979743706,0.0005352562557031799,0.5435718552203199
random_forest,0.0011519119566513207,0.0005301078439375594,0.4802137839887288
