model,rmse,mae,r2
xgboost,0.0009598231807575317,0.0004281936779596253,0.6391151465556089
random_forest,0.0011630469188239612,0.0005368224718470068,0.4701161828372208
