model,rmse,mae,r2
xgboost,0.0009878379278077576,0.00042428726251110023,0.6177411229950155
random_forest,0.0011519119599914583,0.0005301084491882057,0.4802137809743361
