pipeline,split,model,algo,params,train_R2_mean,train_R2_sd,train_RMSE_mean,train_RMSE_sd,test_R2_mean,test_R2_sd,test_RMSE_mean,test_RMSE_sd
avg,random,m1,lm,{},0.840669900497694,0.0024742098566630836,0.6112690432366492,0.0029933469793189302,0.8386127863619703,0.010632020380640069,0.6130358977704898,0.012683862584845041
avg,random,m1,xgb,"{'n_estimators': 200, 'max_depth': 3, 'learning_rate': 0.05}",0.8681239725120333,0.002880151129608687,0.5560948432200479,0.004359220125493097,0.8354528712712981,0.012820207826092292,0.6188088349683192,0.01636828753327185
avg,random,m1,xgb,"{'n_estimators': 200, 'max_depth': 3, 'learning_rate': 0.1}",0.8745058112472124,0.0029673960195705893,0.5424670278857289,0.0049430086259222355,0.8280254415901975,0.012606959628795567,0.6327598632352478,0.018040162336245318
avg,random,m1,xgb,"{'n_estimators': 200, 'max_depth': 4, 'learning_rate': 0.05}",0.8741629117592383,0.0028494187015602013,0.5432138899341483,0.0049167101189833366,0.8296325321289209,0.011526815798714021,0.6298653170800079,0.015788146405087407
avg,random,m1,xgb,"{'n_estimators': 200, 'max_depth': 4, 'learning_rate': 0.1}",0.8796407393768433,0.002902752398626985,0.5312575409351972,0.0056190991080306875,0.8206176207998711,0.012862674213989008,0.6463203200702988,0.019711440633513315
avg,random,m1,xgb,"{'n_estimators': 200, 'max_depth': 6, 'learning_rate': 0.05}",0.8820539436276432,0.0028364064801393797,0.5259056281878788,0.005600198617540988,0.8151544448952313,0.012656164276921287,0.65616477377102,0.020147062180592295
avg,random,m1,xgb,"{'n_estimators': 200, 'max_depth': 6, 'learning_rate': 0.1}",0.883940811262591,0.002875743261006611,0.5216816415166512,0.005950927078884893,0.8058097646296783,0.013033396961969947,0.6726327251551897,0.022202851718345292
avg,random,m1,xgb,"{'n_estimators': 300, 'max_depth': 3, 'learning_rate': 0.05}",0.8718297588747748,0.0029959963379867197,0.5482183412393768,0.004557803714315681,0.8313391602566782,0.012690383252156608,0.626538930650593,0.01596282954311555
avg,random,m1,xgb,"{'n_estimators': 300, 'max_depth': 3, 'learning_rate': 0.1}",0.8780362523782008,0.0029989660201539987,0.5347822661815587,0.0055240402303205205,0.8218040593214597,0.012664560993961953,0.6441345712535929,0.017756645280812777
avg,random,m1,xgb,"{'n_estimators': 300, 'max_depth': 4, 'learning_rate': 0.05}",0.8778283319780688,0.0030042020939409905,0.5352362206228753,0.00535526668160593,0.8236008244126305,0.011694597485383233,0.6409649138348466,0.016994900458004367
avg,random,m1,xgb,"{'n_estimators': 300, 'max_depth': 4, 'learning_rate': 0.1}",0.8820458734423307,0.0029497597375957915,0.5259203812382564,0.005892317803757697,0.813162004154551,0.013597598120939594,0.6596112927222209,0.020956709500501627
avg,random,m1,xgb,"{'n_estimators': 300, 'max_depth': 6, 'learning_rate': 0.05}",0.8835861408981982,0.0029090132516889954,0.5224757260303713,0.005867058896611763,0.8082761828312819,0.013040427167600597,0.6682750453855332,0.020738161196198375
avg,random,m1,xgb,"{'n_estimators': 300, 'max_depth': 6, 'learning_rate': 0.1}",0.8843076100313306,0.002925943077590345,0.5208542133649419,0.006024726393626834,0.8008127384789552,0.0128645063250102,0.6812704630124025,0.021886469778820354
avg,random,m1,rf,"{'n_estimators': 300, 'max_depth': 6, 'min_samples_leaf': 1}",0.8803004154813395,0.0021998333469710647,0.5298150382107779,0.0036292031313879744,0.8358917119282694,0.01227331411852674,0.6180844209738053,0.017273943197433552
avg,random,m1,rf,"{'n_estimators': 300, 'max_depth': 6, 'min_samples_leaf': 3}",0.875174907276252,0.00245082715623013,0.5410327728122292,0.003684538242185239,0.8344807834175022,0.011671652439181213,0.6208306349951175,0.017455840801220198
avg,random,m1,rf,"{'n_estimators': 300, 'max_depth': 10, 'min_samples_leaf': 1}",0.9255820376865079,0.0027889612490569816,0.4177007615098976,0.0076069599764955875,0.8184957552658065,0.016521572687586628,0.6497861149807956,0.02269573240674301
avg,random,m1,rf,"{'n_estimators': 300, 'max_depth': 10, 'min_samples_leaf': 3}",0.8978668652056598,0.0023981461062500494,0.48938297310548967,0.004788191472349949,0.8219437506464805,0.012834409445074272,0.6438882744460925,0.018372763978970332
avg,random,m1,rf,"{'n_estimators': 300, 'max_depth': None, 'min_samples_leaf': 1}",0.9570653230151749,0.0022461411367017377,0.31722874552669295,0.008752833107875174,0.787591007068114,0.02058854416488144,0.7030211531541526,0.03041106612200792
avg,random,m1,rf,"{'n_estimators': 300, 'max_depth': None, 'min_samples_leaf': 3}",0.9047519798284472,0.001977822640587132,0.47261297257758617,0.004567633963576434,0.8151788824683109,0.013485090527446326,0.6560518361137522,0.020720330785243313
avg,random,m2,lm,{},0.8794166526568452,0.0022245963194395244,0.5317686958624439,0.003889245024319832,0.8775997177437131,0.009487784681852135,0.5337812611338577,0.015794157684306392
avg,random,m2,xgb,"{'n_estimators': 200, 'max_depth': 3, 'learning_rate': 0.05}",0.9160172746253685,0.0012838328627964395,0.44379269684972583,0.0023073307314852294,0.8913666968216063,0.00914604170353768,0.5027975096715093,0.018594963724290727
avg,random,m2,xgb,"{'n_estimators': 200, 'max_depth': 3, 'learning_rate': 0.1}",0.924788060690596,0.0013672106534343826,0.4199689074575888,0.0020386108814631747,0.8915723202307924,0.007640288861872726,0.5024396832823659,0.012870525554634903
avg,random,m2,xgb,"{'n_estimators': 200, 'max_depth': 4, 'learning_rate': 0.05}",0.923382565549181,0.001204096272390197,0.42388292534200056,0.001903452774761755,0.8896102365493537,0.00837882780858132,0.5069473167484135,0.01640445099283536
avg,random,m2,xgb,"{'n_estimators': 200, 'max_depth': 4, 'learning_rate': 0.1}",0.9315935645695557,0.0012899963212348986,0.4005165044400599,0.0021242342424307933,0.8872063779740863,0.007439163499335261,0.5125164648515579,0.012334572581607894
avg,random,m2,xgb,"{'n_estimators': 200, 'max_depth': 6, 'learning_rate': 0.05}",0.9333625105910993,0.0011868077887110262,0.395307858220798,0.002091386616838247,0.8796057113082627,0.007757847803525336,0.5295964933523856,0.015681364203592417
avg,random,m2,xgb,"{'n_estimators': 200, 'max_depth': 6, 'learning_rate': 0.1}",0.9405076442565405,0.001282911386452139,0.37350184597650815,0.0023436524933683578,0.8760568807982925,0.006500768576811145,0.5374183163019189,0.010674495381254015
avg,random,m2,xgb,"{'n_estimators': 300, 'max_depth': 3, 'learning_rate': 0.05}",0.9217468784785176,0.0013183807787401796,0.42838048737790285,0.002081226005564852,0.8919127420962074,0.008009346276889644,0.5016557539329555,0.015844797479928036
avg,random,m2,xgb,"{'n_estimators': 300, 'max_depth': 3, 'learning_rate': 0.1}",0.9286953217740106,0.001345670397451963,0.4089109408106754,0.0017524479089869227,0.8890813756814208,0.007467251785798622,0.5081979538129591,0.011383586252097722
avg,random,m2,xgb,"{'n_estimators': 300, 'max_depth': 4, 'learning_rate': 0.05}",0.9288616877220758,0.0011391281479815546,0.4084443650080476,0.0018611467407646557,0.8887829169946834,0.0076601851945968845,0.5089187602812681,0.014411023599686152
avg,random,m2,xgb,"{'n_estimators': 300, 'max_depth': 4, 'learning_rate': 0.1}",0.9351960762325415,0.0012673350536040687,0.3898257998850048,0.0022454615710859717,0.8843980475311211,0.0073906843800716875,0.5188751072835609,0.011794464118402598
avg,random,m2,xgb,"{'n_estimators': 300, 'max_depth': 6, 'learning_rate': 0.05}",0.9380817241017978,0.0011980956867135187,0.38104854664655885,0.0022072042010002797,0.8779511090098389,0.007276118035862316,0.5332396793084473,0.013165609504116625
avg,random,m2,xgb,"{'n_estimators': 300, 'max_depth': 6, 'learning_rate': 0.1}",0.9429932881192581,0.0014163504491557972,0.3656080314952431,0.003139594095117903,0.8720368110055056,0.006377865873148119,0.5460668415546035,0.008885509794325912
avg,random,m2,rf,"{'n_estimators': 300, 'max_depth': 6, 'min_samples_leaf': 1}",0.9280255987947701,0.0017585327249867596,0.4108217858106098,0.0043726650506046814,0.8896712298561782,0.010018590737172582,0.5066510523382844,0.01959493153295757
avg,random,m2,rf,"{'n_estimators': 300, 'max_depth': 6, 'min_samples_leaf': 3}",0.9242111334824836,0.001895947963541313,0.4215672181121725,0.004757205917422287,0.8893287051938212,0.009526521215179658,0.5075619787400085,0.020396771441323635
avg,random,m2,rf,"{'n_estimators': 300, 'max_depth': 10, 'min_samples_leaf': 1}",0.9722300301414215,0.0013049932759828585,0.25513862792281616,0.006177373843905175,0.8900823034503826,0.012668400386930043,0.505336650170944,0.02402848509165332
avg,random,m2,rf,"{'n_estimators': 300, 'max_depth': 10, 'min_samples_leaf': 3}",0.9498248672471004,0.0015090926808012202,0.3429962874767035,0.004677084892218969,0.8916744688529554,0.010536150228615107,0.5020781165607647,0.02358813750563293
avg,random,m2,rf,"{'n_estimators': 300, 'max_depth': None, 'min_samples_leaf': 1}",0.9831101605234112,0.0008613617301604256,0.19894555052413904,0.004270906724650564,0.8855586212012595,0.013455169270026577,0.5155495680988554,0.02461604045269859
avg,random,m2,rf,"{'n_estimators': 300, 'max_depth': None, 'min_samples_leaf': 3}",0.9516706401373158,0.001550236644664795,0.3366191752259885,0.00467560765540538,0.8914178313117548,0.010361318815684398,0.5026911299329067,0.02314384686494351
avg,random,m3,lm,{},0.9504973310139203,0.0015502430725851974,0.34066463408497977,0.002862828910917597,0.945569096384401,0.008389045564906427,0.3546377527061339,0.016342788187357925
avg,random,m3,xgb,"{'n_estimators': 200, 'max_depth': 3, 'learning_rate': 0.05}",0.9601887824964008,0.001460514470575517,0.305482657215219,0.003393815501179808,0.9453243519408131,0.010242861826620498,0.3546784830750472,0.022190758793661874
avg,random,m3,xgb,"{'n_estimators': 200, 'max_depth': 3, 'learning_rate': 0.1}",0.966674719047363,0.0010383890584382488,0.2795121548637033,0.0023576973135465335,0.9450304807914532,0.01071894458908429,0.35544531459702583,0.0240735192218252
avg,random,m3,xgb,"{'n_estimators': 200, 'max_depth': 4, 'learning_rate': 0.05}",0.967457555262202,0.0009432097756629796,0.27621683260089186,0.0021016700164002353,0.9454612116960984,0.010573563749326498,0.35400778731982724,0.024472065820192394
avg,random,m3,xgb,"{'n_estimators': 200, 'max_depth': 4, 'learning_rate': 0.1}",0.974211485874617,0.000980246739025286,0.2458642036338156,0.003247834998515857,0.9435237911777608,0.011021430576021975,0.3602844850973042,0.02483713773915721
avg,random,m3,xgb,"{'n_estimators': 200, 'max_depth': 6, 'learning_rate': 0.05}",0.9790649962858909,0.0007378739168283304,0.22153324892650922,0.002792625513838041,0.9436143560689034,0.01019428462368974,0.3603112532647933,0.022058220202702518
avg,random,m3,xgb,"{'n_estimators': 200, 'max_depth': 6, 'learning_rate': 0.1}",0.9846635446611354,0.0007009250093802746,0.18959255228539482,0.003734282758845055,0.9391346572741794,0.010768116417195259,0.3744183446735553,0.02342848785747313
avg,random,m3,xgb,"{'n_estimators': 300, 'max_depth': 3, 'learning_rate': 0.05}",0.9639045979622948,0.0012303782496443081,0.2908874868137798,0.002922790100294682,0.945624125082517,0.010623314844566531,0.35353488396520283,0.0234188955036827
avg,random,m3,xgb,"{'n_estimators': 300, 'max_depth': 3, 'learning_rate': 0.1}",0.970211447575393,0.0006991198968655467,0.26428692377409585,0.0014843116069791372,0.9440701009402062,0.010927237701490329,0.3585487295375643,0.024407594930116863
avg,random,m3,xgb,"{'n_estimators': 300, 'max_depth': 4, 'learning_rate': 0.05}",0.9711320212122434,0.0007918839258879626,0.2601622024114819,0.002125531328079894,0.9448848390022494,0.010396892895019183,0.35600907112416386,0.02361389294587496
avg,random,m3,xgb,"{'n_estimators': 300, 'max_depth': 4, 'learning_rate': 0.1}",0.9772888738665756,0.0008436187357957702,0.23073776116835587,0.003453291424786036,0.9416703110371921,0.01122082605374462,0.3662546787420357,0.02477305873345879
avg,random,m3,xgb,"{'n_estimators': 300, 'max_depth': 6, 'learning_rate': 0.05}",0.9824691856948073,0.0005972652680800871,0.20273881871905836,0.003323599893186942,0.9421292003703083,0.010315691571028482,0.3651070871723009,0.02192026428377096
avg,random,m3,xgb,"{'n_estimators': 300, 'max_depth': 6, 'learning_rate': 0.1}",0.9871979955786303,0.0005407957631859595,0.1732374001048269,0.0036084735935892464,0.9370665429867797,0.011227062759089895,0.3806946333318679,0.024243977411670593
avg,random,m3,rf,"{'n_estimators': 300, 'max_depth': 6, 'min_samples_leaf': 1}",0.9608094907610274,0.001736567665934816,0.3030600465476868,0.0044579325016103205,0.9397283446706721,0.011473102188065567,0.3722632463046552,0.024586237014711364
avg,random,m3,rf,"{'n_estimators': 300, 'max_depth': 6, 'min_samples_leaf': 3}",0.9578881345096842,0.0019883899240664862,0.3141393860798407,0.005112897478443167,0.9389253520553726,0.011498369942629958,0.3748132829797348,0.023963887318230688
avg,random,m3,rf,"{'n_estimators': 300, 'max_depth': 10, 'min_samples_leaf': 1}",0.9843559541771116,0.0008905556763525637,0.19143656794123456,0.004004596032334694,0.9394050131414657,0.014432172195043875,0.371966034831646,0.03412300400229149
avg,random,m3,rf,"{'n_estimators': 300, 'max_depth': 10, 'min_samples_leaf': 3}",0.972076573452078,0.0015310332270231143,0.25577087537962856,0.00511432313600133,0.9396047826106109,0.013810391281230239,0.37173143848021023,0.03131717109067331
avg,random,m3,rf,"{'n_estimators': 300, 'max_depth': None, 'min_samples_leaf': 1}",0.9914965268020337,0.0005384411145303918,0.14112334863814566,0.0035802104941541164,0.93722149429469,0.014918675812983872,0.3786303500967496,0.03458891154335465
avg,random,m3,rf,"{'n_estimators': 300, 'max_depth': None, 'min_samples_leaf': 3}",0.9738726460744027,0.0014016926504056453,0.2474130442804639,0.004770104667239481,0.9392728665697334,0.013958389070723857,0.37272924020137616,0.03153062902146875
avg,random,m4,lm,{},0.9298394387574642,0.0028676824797519204,0.40551962867465485,0.0059113586510103145,0.925997784966975,0.01369577378979555,0.41298950121691236,0.025417148992513093
avg,random,m4,xgb,"{'n_estimators': 200, 'max_depth': 3, 'learning_rate': 0.05}",0.9581882658911468,0.0017603293302764708,0.31304239244681675,0.004346148563179996,0.9419298576644731,0.010500423077049157,0.36557931582320535,0.02337221256109413
avg,random,m4,xgb,"{'n_estimators': 200, 'max_depth': 3, 'learning_rate': 0.1}",0.9644716545483691,0.0019072638433586379,0.28851408442634663,0.005892116906385321,0.9433634273904001,0.010598449684054228,0.3608758017839812,0.02440714005681178
avg,random,m4,xgb,"{'n_estimators': 200, 'max_depth': 4, 'learning_rate': 0.05}",0.9659552659890741,0.0015742934444117416,0.28245839526373573,0.004642801639101489,0.9437875608290336,0.011057160386531855,0.35929365676082775,0.02589931478802712
avg,random,m4,xgb,"{'n_estimators': 200, 'max_depth': 4, 'learning_rate': 0.1}",0.9717156189253313,0.001406418464785507,0.2574522306881659,0.0053877488196722315,0.943356046860902,0.01058893124279409,0.36090816284612126,0.024247221312084743
avg,random,m4,xgb,"{'n_estimators': 200, 'max_depth': 6, 'learning_rate': 0.05}",0.9780233187656803,0.0011074925547890078,0.22693099610695122,0.004684463744548578,0.9408692212055069,0.0111033756772692,0.36872737912804265,0.024864255348828974
avg,random,m4,xgb,"{'n_estimators': 200, 'max_depth': 6, 'learning_rate': 0.1}",0.9826753595855692,0.0009521423182313928,0.2014725988175167,0.00468960386537703,0.9387090355494584,0.010751284494519652,0.37569707944820385,0.02352529615439946
avg,random,m4,xgb,"{'n_estimators': 300, 'max_depth': 3, 'learning_rate': 0.05}",0.9620543063984514,0.0016602822689991026,0.29821338739804215,0.004584245702677928,0.9430567870714999,0.010227063514036266,0.3620392887046431,0.023034157058305117
avg,random,m4,xgb,"{'n_estimators': 300, 'max_depth': 3, 'learning_rate': 0.1}",0.9679810199409203,0.0016510664070106022,0.2739080527019856,0.005621264130513157,0.9430528521338932,0.01049142239847518,0.3619229262182725,0.024142461181801037
avg,random,m4,xgb,"{'n_estimators': 300, 'max_depth': 4, 'learning_rate': 0.05}",0.9697730877317084,0.001352614066012614,0.26615956216283926,0.004504026648953654,0.9436521586168842,0.010705444573462071,0.3598807173233993,0.024930741590581475
avg,random,m4,xgb,"{'n_estimators': 300, 'max_depth': 4, 'learning_rate': 0.1}",0.9750770223414967,0.001291873177904466,0.2416658680758566,0.005477766838646868,0.9420733867900012,0.010152023294311452,0.36525058475071914,0.022305380710177684
avg,random,m4,xgb,"{'n_estimators': 300, 'max_depth': 6, 'learning_rate': 0.05}",0.9810820904100309,0.0010433663608593144,0.21053438102925837,0.005041925565293318,0.9395560309839839,0.010773662727360338,0.37301286680752577,0.023975560134615187
avg,random,m4,xgb,"{'n_estimators': 300, 'max_depth': 6, 'learning_rate': 0.1}",0.9851721954486881,0.0008666087500229914,0.1863824070483188,0.0048331499712077905,0.9373422130732848,0.010619576909990217,0.3800006918849698,0.02306706529780589
avg,random,m4,rf,"{'n_estimators': 300, 'max_depth': 6, 'min_samples_leaf': 1}",0.9577211850549261,0.0019585127631682997,0.3147670241208226,0.005082319326415008,0.9308312348767869,0.014361241185940435,0.39837195193031133,0.029359785136937273
avg,random,m4,rf,"{'n_estimators': 300, 'max_depth': 6, 'min_samples_leaf': 3}",0.9543842931964808,0.0021135405432095027,0.32695527449005407,0.005417450966369057,0.9296033327313398,0.014841932158230485,0.4018453037838336,0.030079364813405497
avg,random,m4,rf,"{'n_estimators': 300, 'max_depth': 10, 'min_samples_leaf': 1}",0.9846700711491607,0.0007847571711413176,0.1895220364546164,0.0034818961282315052,0.9344188460633793,0.01314948815993022,0.3880240972362769,0.028248508916726138
avg,random,m4,rf,"{'n_estimators': 300, 'max_depth': 10, 'min_samples_leaf': 3}",0.970593999055885,0.001346035741126523,0.2625135935136712,0.004299935550089158,0.933760156514803,0.014050150182983369,0.38976511151026305,0.029657894863708192
avg,random,m4,rf,"{'n_estimators': 300, 'max_depth': None, 'min_samples_leaf': 1}",0.9905964893466674,0.0006037073928527581,0.14840010324612155,0.0036744491127867146,0.9333174079741694,0.013373378895316092,0.3912611629341865,0.028697623073326628
avg,random,m4,rf,"{'n_estimators': 300, 'max_depth': None, 'min_samples_leaf': 3}",0.9718801807710102,0.0013150719218757616,0.25670581077089427,0.00439311454565837,0.9337663872780915,0.014117628608987272,0.38972189803636453,0.0298552807291201
avg,density,m1,lm,{},0.8297016299794556,0.0552074579133654,0.6011049646587466,0.02348726705764778,0.3136124003204174,0.4267039569541724,0.688586419036509,0.0980478267714954
avg,density,m1,xgb,"{'n_estimators': 200, 'max_depth': 3, 'learning_rate': 0.05}",0.8623696667345684,0.04288503239504438,0.5408317225339572,0.01713592488138315,0.20649849679058807,0.38207261973171414,0.7889816182882442,0.08329880122859631
avg,density,m1,xgb,"{'n_estimators': 200, 'max_depth': 3, 'learning_rate': 0.1}",0.8686989390566368,0.040431411739547,0.5284470829023882,0.01559558437065052,0.1932848539878235,0.4020218496258107,0.7897430280235874,0.071021463966962
avg,density,m1,xgb,"{'n_estimators': 200, 'max_depth': 4, 'learning_rate': 0.05}",0.8687073036959634,0.04055265955757916,0.5283716833915646,0.015695973258761334,0.1945153860615446,0.3954830620351808,0.7908462072367215,0.07216457185834961
avg,density,m1,xgb,"{'n_estimators': 200, 'max_depth': 4, 'learning_rate': 0.1}",0.8740639850800651,0.03924388048432896,0.517309620637252,0.014871980582674022,0.16519139975173078,0.4223715612535838,0.7993391660678876,0.05989256997593842
avg,density,m1,xgb,"{'n_estimators': 200, 'max_depth': 6, 'learning_rate': 0.05}",0.8764012494066062,0.038710688123163514,0.5124093901698479,0.014989429579567828,0.14587188749965638,0.4328929139313144,0.8084311923311936,0.060762958647018826
avg,density,m1,xgb,"{'n_estimators': 200, 'max_depth': 6, 'learning_rate': 0.1}",0.8781955951911465,0.03829540769150167,0.5086087469876487,0.014967662296032939,0.11447195625460696,0.4602723259931509,0.8182489544440656,0.0516535536131388
avg,density,m1,xgb,"{'n_estimators': 300, 'max_depth': 3, 'learning_rate': 0.05}",0.86620570491078,0.04148820877649904,0.5333245470752136,0.016331263525682618,0.20049735822407752,0.38770838486050363,0.7900418340102184,0.077258663406671
avg,density,m1,xgb,"{'n_estimators': 300, 'max_depth': 3, 'learning_rate': 0.1}",0.8719191860837107,0.039561221988330175,0.5218628769554872,0.015228544005710156,0.17941120390323828,0.40435141800272895,0.7976400057648408,0.07188941276543956
avg,density,m1,xgb,"{'n_estimators': 300, 'max_depth': 4, 'learning_rate': 0.05}",0.8722535010979996,0.03967709133603069,0.5210822678935254,0.015249634321591382,0.17964791016943743,0.4039358880418185,0.7970008425902861,0.0684556796051734
avg,density,m1,xgb,"{'n_estimators': 300, 'max_depth': 4, 'learning_rate': 0.1}",0.876326963383476,0.038504428413652265,0.5126609389795102,0.014637941266693315,0.14918954422143155,0.42080401198374456,0.8100704278367171,0.06436980535686734
avg,density,m1,xgb,"{'n_estimators': 300, 'max_depth': 6, 'learning_rate': 0.05}",0.8778773592447955,0.038247611132261224,0.5093421660000883,0.014854808809674703,0.13314559824493372,0.43899215166577216,0.8140440755020334,0.058739964578903264
avg,density,m1,xgb,"{'n_estimators': 300, 'max_depth': 6, 'learning_rate': 0.1}",0.8785696927743782,0.03811818925025147,0.5078572889512196,0.014994709710516129,0.11203933211598796,0.4511711614552909,0.8227258114790799,0.05546277205744308
avg,density,m1,rf,"{'n_estimators': 300, 'max_depth': 6, 'min_samples_leaf': 1}",0.8750444189118243,0.04075064816239235,0.514482968880164,0.01990870964826137,0.19415145444423593,0.379845643995822,0.7967441546939117,0.08331874225031806
avg,density,m1,rf,"{'n_estimators': 300, 'max_depth': 6, 'min_samples_leaf': 3}",0.8699119808075089,0.04154253607674266,0.525368255719977,0.018634094465430937,0.19116028892796164,0.3883825118125735,0.7962359577395974,0.08126016597176902
avg,density,m1,rf,"{'n_estimators': 300, 'max_depth': 10, 'min_samples_leaf': 1}",0.9231468982290355,0.02671381955139266,0.4025259622398368,0.019088229500643105,0.120267103848906,0.4166174630029363,0.8290482859282207,0.07102750232559978
avg,density,m1,rf,"{'n_estimators': 300, 'max_depth': 10, 'min_samples_leaf': 3}",0.8933013362359175,0.03371748026585271,0.47598771442395976,0.015127325131742725,0.13976081671437868,0.42431483413645543,0.8161602307572459,0.07123402894760983
avg,density,m1,rf,"{'n_estimators': 300, 'max_depth': None, 'min_samples_leaf': 1}",0.9542960256564683,0.01756452304895333,0.30906784615631533,0.01863190666039161,0.00931749361080425,0.4867985329522853,0.87249179403568,0.050181020117244034
avg,density,m1,rf,"{'n_estimators': 300, 'max_depth': None, 'min_samples_leaf': 3}",0.8998778188888531,0.031353192828245585,0.4612065571294547,0.01298271674352136,0.11773446839441841,0.44122940037366837,0.824147109186586,0.06593289625829026
avg,density,m2,lm,{},0.8705540214702093,0.03970569191792467,0.5251685327967461,0.03482421258226221,0.5661508391371631,0.30165426804218337,0.567596322913323,0.13869489520867628
avg,density,m2,xgb,"{'n_estimators': 200, 'max_depth': 3, 'learning_rate': 0.05}",0.9135397607779107,0.02444291277798448,0.4304787934110511,0.029540661929014705,0.472593533616595,0.3475977234219652,0.6595964044264127,0.19370589144928002
avg,density,m2,xgb,"{'n_estimators': 200, 'max_depth': 3, 'learning_rate': 0.1}",0.9232741354026865,0.021492303832440596,0.40558467702680534,0.02755191037132564,0.45894286829586195,0.3181367325366008,0.6650186509847664,0.15132736509919803
avg,density,m2,xgb,"{'n_estimators': 200, 'max_depth': 4, 'learning_rate': 0.05}",0.9217445748160028,0.02142399524772168,0.4099346447415272,0.02793386708970539,0.4513259121007992,0.3447171717514595,0.6720879109906848,0.178707274023491
avg,density,m2,xgb,"{'n_estimators': 200, 'max_depth': 4, 'learning_rate': 0.1}",0.930569109594337,0.01887452406567198,0.3861517055946835,0.02554681928395417,0.43743254005421617,0.3191303815271173,0.6760406666058898,0.1389269996109692
avg,density,m2,xgb,"{'n_estimators': 200, 'max_depth': 6, 'learning_rate': 0.05}",0.9321821388346194,0.017628118650136828,0.3821970906892908,0.026308299174991796,0.391212337560406,0.37301180187189287,0.7030957744408106,0.16207981274106506
avg,density,m2,xgb,"{'n_estimators': 200, 'max_depth': 6, 'learning_rate': 0.1}",0.9394712209775274,0.015936226019676078,0.36087597412447564,0.02366965583244939,0.3832991092426375,0.3563003728040992,0.6995867686852846,0.1267933934474458
avg,density,m2,xgb,"{'n_estimators': 300, 'max_depth': 3, 'learning_rate': 0.05}",0.9196907879536846,0.02282226024959694,0.41477448705373143,0.028321594105703517,0.46754936382796314,0.3361356282208547,0.6593632816364947,0.1683293009665868
avg,density,m2,xgb,"{'n_estimators': 300, 'max_depth': 3, 'learning_rate': 0.1}",0.9275043018723677,0.019790223679288708,0.3945409344063398,0.026591011241213085,0.44304414932898084,0.3160967080160812,0.6727824615397926,0.13868313090204035
avg,density,m2,xgb,"{'n_estimators': 300, 'max_depth': 4, 'learning_rate': 0.05}",0.9273879727512788,0.019897153010086842,0.39483391289023556,0.026734411789467147,0.44537204424499066,0.3378005668471866,0.6710342265634757,0.15444323657588396
avg,density,m2,xgb,"{'n_estimators': 300, 'max_depth': 4, 'learning_rate': 0.1}",0.9343384877959213,0.017357240140206058,0.37582311863124207,0.024938928424737643,0.41638454794234586,0.33354558753699354,0.6837971059664817,0.12914698642384942
avg,density,m2,xgb,"{'n_estimators': 300, 'max_depth': 6, 'learning_rate': 0.05}",0.9369108438146666,0.016614289539745402,0.3684649356649288,0.024966011389941777,0.38611599512179706,0.36990133217305965,0.7006082768278492,0.1429329147337401
avg,density,m2,xgb,"{'n_estimators': 300, 'max_depth': 6, 'learning_rate': 0.1}",0.9417927140086462,0.015216736682376795,0.3539551559189354,0.023309579669053823,0.3603469099459248,0.36426004054054495,0.7093565921256189,0.11839087938678948
avg,density,m2,rf,"{'n_estimators': 300, 'max_depth': 6, 'min_samples_leaf': 1}",0.926948881530268,0.022165814764040108,0.3946216068278943,0.03377713860060777,0.4851373235851046,0.2998969203682999,0.6574419950136254,0.17813938458853157
avg,density,m2,rf,"{'n_estimators': 300, 'max_depth': 6, 'min_samples_leaf': 3}",0.9233352643124022,0.02245723427419562,0.4047101927745915,0.03238110512912442,0.47170765690674815,0.29933644809601906,0.6683202943164555,0.18387269077636764
avg,density,m2,rf,"{'n_estimators': 300, 'max_depth': 10, 'min_samples_leaf': 1}",0.9714648653792951,0.00866471207682027,0.24655861950719388,0.023706729955804588,0.45900157521892987,0.2877801549266445,0.6709498706481887,0.15720069504071132
avg,density,m2,rf,"{'n_estimators': 300, 'max_depth': 10, 'min_samples_leaf': 3}",0.9485252391842682,0.013862896816524008,0.3324106401448275,0.022940616771771703,0.45967242189029955,0.28343527214152114,0.6751648839231335,0.17233576692447594
avg,density,m2,rf,"{'n_estimators': 300, 'max_depth': None, 'min_samples_leaf': 1}",0.982671029251138,0.0045979313289228165,0.19287802084447522,0.011417996295782043,0.44881222679742494,0.28252482786615907,0.6768515881242559,0.15236639782034495
avg,density,m2,rf,"{'n_estimators': 300, 'max_depth': None, 'min_samples_leaf': 3}",0.9505595334803532,0.013183074322856,0.3258293509622477,0.02071229944623319,0.4578296337570258,0.28169277290348765,0.6758707875799185,0.1705516348591765
avg,density,m3,lm,{},0.9467139689561129,0.012243993537106868,0.3394562865125611,0.027027992143611016,0.22994258204063228,0.717413656754154,0.6457050947603272,0.18795399444806402
avg,density,m3,xgb,"{'n_estimators': 200, 'max_depth': 3, 'learning_rate': 0.05}",0.9587999215502407,0.008331334036099048,0.29943198006908045,0.023737754057963075,0.37704938963895274,0.45052381043750633,0.6605842818982909,0.13269456333446222
avg,density,m3,xgb,"{'n_estimators': 200, 'max_depth': 3, 'learning_rate': 0.1}",0.9656584466893839,0.007113464122239872,0.2734326990833374,0.024811341944278684,0.37937651078597046,0.48146187118474293,0.6425250076484552,0.13503229351029353
avg,density,m3,xgb,"{'n_estimators': 200, 'max_depth': 4, 'learning_rate': 0.05}",0.9667429443464928,0.006714666250437488,0.26926726606471,0.024649861878338328,0.3451269898760009,0.48023738949099953,0.67047237242016,0.12955864310214268
avg,density,m3,xgb,"{'n_estimators': 200, 'max_depth': 4, 'learning_rate': 0.1}",0.9737869663193889,0.00522544084506786,0.23942038810925861,0.024979398409253426,0.31902521799999567,0.5244029299246415,0.6674930286437242,0.12909476283015245
avg,density,m3,xgb,"{'n_estimators': 200, 'max_depth': 6, 'learning_rate': 0.05}",0.9788831250543991,0.004065329451938737,0.21543516539113328,0.025268603845381973,0.3000008826430419,0.5397268181822189,0.67616948502299,0.13177135834239298
avg,density,m3,xgb,"{'n_estimators': 200, 'max_depth': 6, 'learning_rate': 0.1}",0.9850390714153322,0.0030337084070280133,0.18226834064119773,0.027290499758435376,0.23128513451167393,0.6372185348621446,0.6872605863286271,0.14990487365061994
avg,density,m3,xgb,"{'n_estimators': 300, 'max_depth': 3, 'learning_rate': 0.05}",0.9630035225010948,0.007467873025388719,0.2838871079484252,0.02454628770229557,0.3841793672460708,0.45667313792100833,0.6507588494376211,0.12841215716028326
avg,density,m3,xgb,"{'n_estimators': 300, 'max_depth': 3, 'learning_rate': 0.1}",0.9697782578660217,0.005921230399133773,0.2570289729419166,0.025363151607258074,0.36849598622747487,0.49958859436513925,0.6427193686865538,0.13879902264117755
avg,density,m3,xgb,"{'n_estimators': 300, 'max_depth': 4, 'learning_rate': 0.05}",0.9710028516084371,0.005722541038801121,0.25172783677950933,0.02484982778692156,0.3375641812795135,0.4978805679351209,0.6669068380328943,0.1265085350857999
avg,density,m3,xgb,"{'n_estimators': 300, 'max_depth': 4, 'learning_rate': 0.1}",0.9777756667606757,0.004256237615472705,0.22106856753394824,0.025959281555536985,0.28885420296566355,0.561499275950927,0.6734643458832312,0.13565336835363545
avg,density,m3,xgb,"{'n_estimators': 300, 'max_depth': 6, 'learning_rate': 0.05}",0.9826958632246029,0.0032044630445993683,0.19572823487270521,0.026033085722925564,0.28287924831126393,0.5643326296327279,0.6777260637199525,0.1332717397664296
avg,density,m3,xgb,"{'n_estimators': 300, 'max_depth': 6, 'learning_rate': 0.1}",0.9878279206870555,0.0028322332452128097,0.16484596319836636,0.029373005003919216,0.1855843268300294,0.695062846688926,0.6993431125724909,0.1595392565428393
avg,density,m3,rf,"{'n_estimators': 300, 'max_depth': 6, 'min_samples_leaf': 1}",0.9582448019445504,0.008282478410598728,0.3015815318158701,0.024133428630610007,0.13654274294509353,0.6435822848812942,0.7603304376885014,0.15089946403098717
avg,density,m3,rf,"{'n_estimators': 300, 'max_depth': 6, 'min_samples_leaf': 3}",0.9550717322470842,0.008085159795927945,0.31336743116373855,0.024123492114241706,0.13135249494518972,0.638284312824102,0.7670818759609931,0.1550711121405164
avg,density,m3,rf,"{'n_estimators': 300, 'max_depth': 10, 'min_samples_leaf': 1}",0.9840393596741567,0.003941151932878528,0.18595858090003473,0.02229489738535719,0.18248911435927204,0.6554254984293755,0.7219595658474023,0.15784567252564638
avg,density,m3,rf,"{'n_estimators': 300, 'max_depth': 10, 'min_samples_leaf': 3}",0.9705923889231854,0.005096428195546631,0.2537976755716195,0.021083364996809743,0.1530315782691109,0.6625169112348593,0.7438792310358191,0.16895531677753362
avg,density,m3,rf,"{'n_estimators': 300, 'max_depth': None, 'min_samples_leaf': 1}",0.9910742321294261,0.0014560313494062682,0.13998853317881646,0.012018473491647317,0.1674571934275558,0.6731212412671423,0.7261770697970549,0.15875982484644305
avg,density,m3,rf,"{'n_estimators': 300, 'max_depth': None, 'min_samples_leaf': 3}",0.9722603215322974,0.0045018225255511754,0.2466744068994343,0.019340180624791734,0.1510314046091988,0.6651600025824157,0.7444042646213263,0.16908281020636176
avg,density,m4,lm,{},0.9263922425010082,0.01724239121320816,0.3985634302219814,0.023136911830002264,-5.972225284043425,9.01148415842684,1.843311058316622,1.9221047926385146
avg,density,m4,xgb,"{'n_estimators': 200, 'max_depth': 3, 'learning_rate': 0.05}",0.9574152338463628,0.007823010137538453,0.3052099572978264,0.026480707372589722,0.5172616887725268,0.29124716075705265,0.6383253903438465,0.21862796332143894
avg,density,m4,xgb,"{'n_estimators': 200, 'max_depth': 3, 'learning_rate': 0.1}",0.9641426790151826,0.005627298943322692,0.2811528835893887,0.027843565953342767,0.5301872500102947,0.2833364426991279,0.624791974197566,0.20782771091669125
avg,density,m4,xgb,"{'n_estimators': 200, 'max_depth': 4, 'learning_rate': 0.05}",0.9656802731970993,0.005768186318159849,0.274826447088523,0.027702896988455992,0.456195727007702,0.40901813105124435,0.6558338755322968,0.23005833848946677
avg,density,m4,xgb,"{'n_estimators': 200, 'max_depth': 4, 'learning_rate': 0.1}",0.9722251906250132,0.004750502101891846,0.2480634293645101,0.03079691813300011,0.5214524209150385,0.3104819317403071,0.6249442028432588,0.2032123351674131
avg,density,m4,xgb,"{'n_estimators': 200, 'max_depth': 6, 'learning_rate': 0.05}",0.9785482537619844,0.0038817995928398523,0.2184964234549279,0.03105469597529506,0.45214141442049316,0.4138222698249688,0.6550534200402425,0.20986704496320152
avg,density,m4,xgb,"{'n_estimators': 200, 'max_depth': 6, 'learning_rate': 0.1}",0.983822584239039,0.00416359561894302,0.19031921542351288,0.038068475812836934,0.47586950523523147,0.36689059068950763,0.6451967708616999,0.1973946789133035
avg,density,m4,xgb,"{'n_estimators': 300, 'max_depth': 3, 'learning_rate': 0.05}",0.9619440498612347,0.006756316932008468,0.28893414766302,0.027481597836638682,0.5194208825302762,0.3033436136231077,0.6314954227969694,0.21442217464204472
avg,density,m4,xgb,"{'n_estimators': 300, 'max_depth': 3, 'learning_rate': 0.1}",0.968395988091588,0.00507097215969362,0.2643260683169523,0.02955747216947661,0.5169627112493732,0.3056006900233238,0.6282635513520982,0.20492259872325783
avg,density,m4,xgb,"{'n_estimators': 300, 'max_depth': 4, 'learning_rate': 0.05}",0.9701246520767723,0.004973442612603431,0.2569319329886772,0.02925601434003183,0.46082489197726295,0.41635401521013,0.6482494256269236,0.22362557709728648
avg,density,m4,xgb,"{'n_estimators': 300, 'max_depth': 4, 'learning_rate': 0.1}",0.9763499668743407,0.004556909940647185,0.2294686706367984,0.03412505053269004,0.516371745122898,0.31004374743058405,0.6280776577172065,0.1987943910724348
avg,density,m4,xgb,"{'n_estimators': 300, 'max_depth': 6, 'learning_rate': 0.05}",0.9821664887051546,0.0039548536059413565,0.19966480898103625,0.034808704336948076,0.45349218981567824,0.4166587661724002,0.6510740228640977,0.20478870650625985
avg,density,m4,xgb,"{'n_estimators': 300, 'max_depth': 6, 'learning_rate': 0.1}",0.9865055103086346,0.004271475423567216,0.17360411084283617,0.041473494827573086,0.46828914934158095,0.36374978271770464,0.6490907842868079,0.1892675537586798
avg,density,m4,rf,"{'n_estimators': 300, 'max_depth': 6, 'min_samples_leaf': 1}",0.9568861536051825,0.008866474466740907,0.30636393292771885,0.027113206155247056,0.32641418857482024,0.4154126988527609,0.7207972168415141,0.1651290474610705
avg,density,m4,rf,"{'n_estimators': 300, 'max_depth': 6, 'min_samples_leaf': 3}",0.9536944463849831,0.008732460057784377,0.31802222252320755,0.027065708836138402,0.3270718805740633,0.41316657516969924,0.7236675635604108,0.16879953452870133
avg,density,m4,rf,"{'n_estimators': 300, 'max_depth': 10, 'min_samples_leaf': 1}",0.9840974029295462,0.0036110705569192933,0.1861193817333578,0.02193132438760019,0.36966426636939353,0.43853408120124754,0.69263693673741,0.17528324068436896
avg,density,m4,rf,"{'n_estimators': 300, 'max_depth': 10, 'min_samples_leaf': 3}",0.9699460220174083,0.004950580879464812,0.25691749574860157,0.022867760023997704,0.37972399848338134,0.4335636165269718,0.695036625586692,0.18974203865460304
avg,density,m4,rf,"{'n_estimators': 300, 'max_depth': None, 'min_samples_leaf': 1}",0.9904525537777079,0.001625988540992844,0.14481984124536354,0.013529164052035763,0.39338912283444566,0.4346299763207428,0.6827511841953939,0.18311533837088534
avg,density,m4,rf,"{'n_estimators': 300, 'max_depth': None, 'min_samples_leaf': 3}",0.9713814206094943,0.004570345210207853,0.250738292948887,0.021049602137003267,0.37822217121125457,0.4398061370182829,0.6950495333184937,0.19031942137443555
avg,cluster,m1,lm,{},0.8266209591873656,0.05745142451565671,0.6022482943179188,0.03251294478589969,0.4104786396439001,0.28287837878568683,0.677888487364606,0.10009350938643036
avg,cluster,m1,xgb,"{'n_estimators': 200, 'max_depth': 3, 'learning_rate': 0.05}",0.8582814994058727,0.04584642715653217,0.5447175445332214,0.028849787419051556,0.29177434441915684,0.19577477215035347,0.7927944193131242,0.09911978352924905
avg,cluster,m1,xgb,"{'n_estimators': 200, 'max_depth': 3, 'learning_rate': 0.1}",0.8651418751449569,0.04319426453279346,0.5315531152729227,0.029061047918809077,0.2800907335314857,0.21464186593392157,0.794728428955193,0.08232000468542179
avg,cluster,m1,xgb,"{'n_estimators': 200, 'max_depth': 4, 'learning_rate': 0.05}",0.8650628678804825,0.04310345869879471,0.531797201821057,0.02799155555908864,0.28078302043958303,0.21283233800588944,0.7950041787161582,0.08525872845894021
avg,cluster,m1,xgb,"{'n_estimators': 200, 'max_depth': 4, 'learning_rate': 0.1}",0.8709790514982633,0.04121761056474622,0.5199861936540662,0.028548321667248484,0.2590958235978097,0.2325939191643697,0.8030155884877457,0.07263795782705361
avg,cluster,m1,xgb,"{'n_estimators': 200, 'max_depth': 6, 'learning_rate': 0.05}",0.8734936519756538,0.040289832729286955,0.5149849574862213,0.027784629418303827,0.25141397860234543,0.23754592850331066,0.8061332105090921,0.06876303244415755
avg,cluster,m1,xgb,"{'n_estimators': 200, 'max_depth': 6, 'learning_rate': 0.1}",0.8754249050490192,0.039779696315137204,0.5109897441105183,0.027791469238979582,0.2309197519997525,0.25350189396011796,0.8143488406670734,0.060455259093121244
avg,cluster,m1,xgb,"{'n_estimators': 300, 'max_depth': 3, 'learning_rate': 0.05}",0.8624253118829263,0.044306966332104576,0.536773142829335,0.028929319436423767,0.2787263546923276,0.21551691535243836,0.7964245946289262,0.08911702507976693
avg,cluster,m1,xgb,"{'n_estimators': 300, 'max_depth': 3, 'learning_rate': 0.1}",0.8687855772396371,0.041856513542549205,0.5244112472521858,0.02869583839488224,0.26253394739380287,0.2337186370642574,0.8013033268256224,0.07531977236612228
avg,cluster,m1,xgb,"{'n_estimators': 300, 'max_depth': 4, 'learning_rate': 0.05}",0.868888436573382,0.04178252854748606,0.5242375699847621,0.028261862104039845,0.2635609209323918,0.23108722840327794,0.8014336196969299,0.0776179021741672
avg,cluster,m1,xgb,"{'n_estimators': 300, 'max_depth': 4, 'learning_rate': 0.1}",0.873442959518113,0.040325427446407956,0.5150610535105968,0.02804810035362883,0.24043668647305222,0.25234176070895775,0.8098931413711451,0.06528904608366772
avg,cluster,m1,xgb,"{'n_estimators': 300, 'max_depth': 6, 'learning_rate': 0.05}",0.875164619758469,0.03982192466811745,0.5115450124368884,0.027719985536110603,0.23289351100283376,0.2551336169868296,0.8133804489385952,0.06266377488556041
avg,cluster,m1,xgb,"{'n_estimators': 300, 'max_depth': 6, 'learning_rate': 0.1}",0.8758662465716457,0.03965696901495855,0.5100846425554012,0.02755934359721465,0.21581403814546035,0.26840434703954974,0.8204807376199852,0.058039516468526064
avg,cluster,m1,rf,"{'n_estimators': 300, 'max_depth': 6, 'min_samples_leaf': 1}",0.871756470815081,0.044320186873426426,0.5167954941282674,0.028856774579510743,0.302316263696429,0.18118919887197896,0.7876540780323765,0.09503206982548455
avg,cluster,m1,rf,"{'n_estimators': 300, 'max_depth': 6, 'min_samples_leaf': 3}",0.8663592769702548,0.04500828453657502,0.5281280818935968,0.02832598394403651,0.29642596464490767,0.20078883583283436,0.7873913274998786,0.08556645420302912
avg,cluster,m1,rf,"{'n_estimators': 300, 'max_depth': 10, 'min_samples_leaf': 1}",0.9202924060767004,0.029648188113387448,0.40610630848908374,0.026483625015838244,0.25254062496564894,0.20985875850409752,0.8119303663837695,0.0880300632063106
avg,cluster,m1,rf,"{'n_estimators': 300, 'max_depth': 10, 'min_samples_leaf': 3}",0.8898724746670302,0.0365704532954131,0.4797016170129452,0.02508405331304651,0.2681865658521274,0.22514976376734802,0.7995262489823084,0.07765160561838055
avg,cluster,m1,rf,"{'n_estimators': 300, 'max_depth': None, 'min_samples_leaf': 1}",0.9524665695349075,0.01808336290295337,0.3131361479609694,0.022296929848780542,0.17737249825122942,0.2545605427377409,0.8466305966924887,0.07723678138935919
avg,cluster,m1,rf,"{'n_estimators': 300, 'max_depth': None, 'min_samples_leaf': 3}",0.8967531315810472,0.03347897056927489,0.4649180588190499,0.02315079180340731,0.25695939474665996,0.235542129507845,0.804206347047527,0.07519861662722584
avg,cluster,m2,lm,{},0.8660094916600534,0.04755848986614593,0.5270908083182861,0.06089429215128943,0.6318046249404438,0.1666032387878663,0.5595773728725987,0.14487401970323213
avg,cluster,m2,xgb,"{'n_estimators': 200, 'max_depth': 3, 'learning_rate': 0.05}",0.9098336778047263,0.030878062073335377,0.4331778236031834,0.049625097262004786,0.3326889586940659,0.3289214052748793,0.7624373286932677,0.19138964268771208
avg,cluster,m2,xgb,"{'n_estimators': 200, 'max_depth': 3, 'learning_rate': 0.1}",0.9193032176729872,0.027902852852249246,0.4095750183261967,0.04730621590932748,0.30695215662945996,0.39478298922972754,0.7647459382284274,0.16865536802243664
avg,cluster,m2,xgb,"{'n_estimators': 200, 'max_depth': 4, 'learning_rate': 0.05}",0.9180487055604789,0.02738278778015743,0.41346205256932633,0.046209274106385916,0.2829547384025499,0.38985724923237847,0.7827367993717989,0.18311408194302645
avg,cluster,m2,xgb,"{'n_estimators': 200, 'max_depth': 4, 'learning_rate': 0.1}",0.9267467930211364,0.024660936451352464,0.39077644041998755,0.044541355766410586,0.28117445180945155,0.42256231696735164,0.7730675377504597,0.15329684027550788
avg,cluster,m2,xgb,"{'n_estimators': 200, 'max_depth': 6, 'learning_rate': 0.05}",0.9285269652670083,0.023028807430441365,0.3868076898609904,0.04239810088701848,0.2389399107291279,0.3955637579663767,0.8052352102485718,0.15740305272617966
avg,cluster,m2,xgb,"{'n_estimators': 200, 'max_depth': 6, 'learning_rate': 0.1}",0.9360792976551151,0.020996362835310416,0.36540435799411586,0.03966554996922965,0.2463397657796543,0.4191862213781415,0.7911160877333989,0.1350879201452407
avg,cluster,m2,xgb,"{'n_estimators': 300, 'max_depth': 3, 'learning_rate': 0.05}",0.9159980180864217,0.029065123036940508,0.41787625620258717,0.04799404345407345,0.3285006647545491,0.3584822679358685,0.7569020293681391,0.172072191478968
avg,cluster,m2,xgb,"{'n_estimators': 300, 'max_depth': 3, 'learning_rate': 0.1}",0.923692233047699,0.026059543321000148,0.39854386946137726,0.04517650845156404,0.2878790381407992,0.4348661735829122,0.7659409543190373,0.15381362030775442
avg,cluster,m2,xgb,"{'n_estimators': 300, 'max_depth': 4, 'learning_rate': 0.05}",0.9236648703601661,0.025804230677372586,0.3988050827376218,0.04457348232012666,0.28174978017862673,0.41523637281484205,0.7756842809965347,0.1644784569405837
avg,cluster,m2,xgb,"{'n_estimators': 300, 'max_depth': 4, 'learning_rate': 0.1}",0.9306076207772149,0.023173464338542282,0.3804764815285104,0.04293236684448686,0.26408846424004584,0.4517599650622502,0.7755711714038129,0.1437835942293563
avg,cluster,m2,xgb,"{'n_estimators': 300, 'max_depth': 6, 'learning_rate': 0.05}",0.9335527337030998,0.021740869321619914,0.3726562927179908,0.040531879899355944,0.25008310292309666,0.3974304264904802,0.7937252098276384,0.1383319536822349
avg,cluster,m2,xgb,"{'n_estimators': 300, 'max_depth': 6, 'learning_rate': 0.1}",0.9387815791827864,0.020070874394434737,0.35760338396323477,0.03834835352510211,0.24187412022162627,0.4316293735250029,0.7889449605345282,0.1279285474246708
avg,cluster,m2,rf,"{'n_estimators': 300, 'max_depth': 6, 'min_samples_leaf': 1}",0.9236105580100833,0.026509488613337726,0.39831236380465973,0.0479720727370274,0.368486657703302,0.34985029359386643,0.731205273190682,0.1664861680675596
avg,cluster,m2,rf,"{'n_estimators': 300, 'max_depth': 6, 'min_samples_leaf': 3}",0.9198289980394879,0.027008154578705642,0.40871928011359737,0.047792403282559036,0.35015125411379083,0.3717140354076524,0.7414226194335121,0.17685184887300706
avg,cluster,m2,rf,"{'n_estimators': 300, 'max_depth': 10, 'min_samples_leaf': 1}",0.9698515723589674,0.010067045405278249,0.25075721814577817,0.031114318392164598,0.324356961440916,0.41924474594757466,0.7444618348576513,0.1646951931129406
avg,cluster,m2,rf,"{'n_estimators': 300, 'max_depth': 10, 'min_samples_leaf': 3}",0.9464244031626425,0.01700736274463237,0.3352088991715036,0.03665802050279423,0.31685850575373753,0.41706978965935243,0.7533824878526032,0.1781128262022379
avg,cluster,m2,rf,"{'n_estimators': 300, 'max_depth': None, 'min_samples_leaf': 1}",0.9820337873789168,0.0058077113972082595,0.193943985049007,0.020178302096368242,0.3143056197352977,0.4225184466718109,0.7495600307778298,0.16232298821884997
avg,cluster,m2,rf,"{'n_estimators': 300, 'max_depth': None, 'min_samples_leaf': 3}",0.948724382903321,0.016345991455690507,0.3278951502298289,0.03475880479963827,0.31707434880057095,0.419743676724559,0.7527612520280343,0.17914210180797072
avg,cluster,m3,lm,{},0.9448175574137745,0.015149630845399968,0.3424754559004092,0.029320990571037257,0.45398197935192763,0.3805689187123733,0.6441216803597172,0.19181852754224965
avg,cluster,m3,xgb,"{'n_estimators': 200, 'max_depth': 3, 'learning_rate': 0.05}",0.9584497793339626,0.010140051500283005,0.2980876919623574,0.021897869623505577,0.32261398423311727,0.4583796465019761,0.736331637029072,0.20102880831864534
avg,cluster,m3,xgb,"{'n_estimators': 200, 'max_depth': 3, 'learning_rate': 0.1}",0.9654367322329029,0.007573997390586541,0.2726650721581049,0.020211358050510227,0.3521496136890879,0.43117502998008805,0.7196970768882528,0.19830293624504605
avg,cluster,m3,xgb,"{'n_estimators': 200, 'max_depth': 4, 'learning_rate': 0.05}",0.9665829171835749,0.007458203721292151,0.2680737226061373,0.02066110016594504,0.32421642936110506,0.46216528970275417,0.733398674958999,0.20374496875431244
avg,cluster,m3,xgb,"{'n_estimators': 200, 'max_depth': 4, 'learning_rate': 0.1}",0.9738284241863056,0.0050251690776272765,0.23821288111439257,0.020511005255599336,0.3143772767116447,0.4933511884285472,0.733839725486146,0.22081835077861056
avg,cluster,m3,xgb,"{'n_estimators': 200, 'max_depth': 6, 'learning_rate': 0.05}",0.9791984496352987,0.003910286135297702,0.2126071602529101,0.019617233495879953,0.26230051359707823,0.5868738785717629,0.7488580339722193,0.2278080957438307
avg,cluster,m3,xgb,"{'n_estimators': 200, 'max_depth': 6, 'learning_rate': 0.1}",0.9852308247910176,0.0025775324651267036,0.18055953864962745,0.024863172516383012,0.2600078855974034,0.5948013392483693,0.747678933858529,0.2317572771138531
avg,cluster,m3,xgb,"{'n_estimators': 300, 'max_depth': 3, 'learning_rate': 0.05}",0.9627015285775704,0.00867760241261693,0.2828219642733564,0.021085700309229356,0.3265442790486546,0.4644732082340819,0.7292123127517586,0.1965170745064276
avg,cluster,m3,xgb,"{'n_estimators': 300, 'max_depth': 3, 'learning_rate': 0.1}",0.9696505831556994,0.005822746159528673,0.2562944762439585,0.019845066021527986,0.3365379595781538,0.46449319348699614,0.7222355520025411,0.20377207658687457
avg,cluster,m3,xgb,"{'n_estimators': 300, 'max_depth': 4, 'learning_rate': 0.05}",0.9710470991290301,0.005731135608885814,0.250244702945963,0.0198730980399412,0.3243368430199611,0.47064593492793677,0.7295798482362638,0.2023939060336702
avg,cluster,m3,xgb,"{'n_estimators': 300, 'max_depth': 4, 'learning_rate': 0.1}",0.9777268044742581,0.003562736398357549,0.22064989999799,0.021305687288696185,0.292197119651899,0.5327952708454324,0.7388498958339265,0.22612297417137214
avg,cluster,m3,xgb,"{'n_estimators': 300, 'max_depth': 6, 'learning_rate': 0.05}",0.9830880337043739,0.00281493139860609,0.1926979026845601,0.02234223256999185,0.2566769669228982,0.5993401687612506,0.7485104793100894,0.2304504057182502
avg,cluster,m3,xgb,"{'n_estimators': 300, 'max_depth': 6, 'learning_rate': 0.1}",0.988144967448134,0.0024518296677622843,0.1623198065837218,0.02831231173227356,0.2132387855378756,0.6702525030817362,0.7620901565800028,0.24456539591637994
avg,cluster,m3,rf,"{'n_estimators': 300, 'max_depth': 6, 'min_samples_leaf': 1}",0.9579586146878889,0.010578391064218526,0.2996430180968205,0.022812450869175164,0.2799445386775846,0.4639740579963047,0.7680278551465751,0.19623167044499326
avg,cluster,m3,rf,"{'n_estimators': 300, 'max_depth': 6, 'min_samples_leaf': 3}",0.9548620835037342,0.010861915258170074,0.3109531773585676,0.024189169581102853,0.2586357269178043,0.49060761359892335,0.7798905420921813,0.20889688172893034
avg,cluster,m3,rf,"{'n_estimators': 300, 'max_depth': 10, 'min_samples_leaf': 1}",0.9841921193673724,0.004585972559232235,0.1830676374160017,0.01736287728027862,0.31113471435381107,0.49296585992536757,0.739750836084818,0.22462674067936736
avg,cluster,m3,rf,"{'n_estimators': 300, 'max_depth': 10, 'min_samples_leaf': 3}",0.9703119828663308,0.0068056275974821695,0.25275290041683734,0.021507430364514957,0.2838871539780807,0.5158574813779271,0.7582431932231029,0.2386973820051103
avg,cluster,m3,rf,"{'n_estimators': 300, 'max_depth': None, 'min_samples_leaf': 1}",0.9908584800044602,0.0020184201465125087,0.14046600083806168,0.012592418311286017,0.3039965546006006,0.5059105863645876,0.7422200305614097,0.2285207119648806
avg,cluster,m3,rf,"{'n_estimators': 300, 'max_depth': None, 'min_samples_leaf': 3}",0.9717756354733451,0.006162371022588259,0.24682952236961708,0.021680604034708104,0.2828147636616891,0.5196984125454022,0.7582858160584045,0.23987930847944455
avg,cluster,m4,lm,{},0.9228138522362533,0.014929791484836412,0.4082885570478907,0.024769725707433403,-445.2378330349642,878.8672578022166,11.530291113364905,19.70568760862071
avg,cluster,m4,xgb,"{'n_estimators': 200, 'max_depth': 3, 'learning_rate': 0.05}",0.9568780061588388,0.009145117327083296,0.30488092986385124,0.023811152322210077,0.33259292659918965,0.4413189895638322,0.7345910875859785,0.1871812880354071
avg,cluster,m4,xgb,"{'n_estimators': 200, 'max_depth': 3, 'learning_rate': 0.1}",0.9637277539778666,0.006763228124755606,0.2807555505223947,0.02591069583182064,0.3142909606495043,0.49666502107587185,0.7320404914459065,0.19045883802707797
avg,cluster,m4,xgb,"{'n_estimators': 200, 'max_depth': 4, 'learning_rate': 0.05}",0.9651167514880632,0.0065231091808158285,0.2752482317725028,0.024619238599837622,0.34820093988228296,0.42983638041880556,0.7260316801716297,0.1823066525854746
avg,cluster,m4,xgb,"{'n_estimators': 200, 'max_depth': 4, 'learning_rate': 0.1}",0.9718079017779264,0.004807306362778615,0.24866330596102112,0.028532462555018026,0.3167617532417405,0.49958581875953356,0.729129681869787,0.1843136759975739
avg,cluster,m4,xgb,"{'n_estimators': 200, 'max_depth': 6, 'learning_rate': 0.05}",0.9779708855065932,0.003619309930839387,0.22032515615089215,0.027851090269270552,0.2210830804678178,0.6961446775309373,0.7547614938329517,0.22373630702299196
avg,cluster,m4,xgb,"{'n_estimators': 200, 'max_depth': 6, 'learning_rate': 0.1}",0.9833440323937328,0.0036757896537337503,0.19239421603487022,0.03482240657360508,0.15306414709377686,0.842453834202858,0.7651476912980947,0.25094188179045035
avg,cluster,m4,xgb,"{'n_estimators': 300, 'max_depth': 3, 'learning_rate': 0.05}",0.9614045198690662,0.007582408105489341,0.2889892925110854,0.023584487893918676,0.3530931516480472,0.42667104040024134,0.7216570792893757,0.17436622891983738
avg,cluster,m4,xgb,"{'n_estimators': 300, 'max_depth': 3, 'learning_rate': 0.1}",0.967938502706598,0.005258537454574791,0.26463729320588664,0.025672418425673832,0.33414898661953296,0.4605503291142302,0.7248202816059772,0.1770719657322055
avg,cluster,m4,xgb,"{'n_estimators': 300, 'max_depth': 4, 'learning_rate': 0.05}",0.9694701250230349,0.005180190654778973,0.2582306533506219,0.025717401272033317,0.3600208381616626,0.4325274391304503,0.7156904356828167,0.17317264015787764
avg,cluster,m4,xgb,"{'n_estimators': 300, 'max_depth': 4, 'learning_rate': 0.1}",0.9760379262213748,0.0038506043492695413,0.22995132436584162,0.029687616448522757,0.30377400444151526,0.5208916681920476,0.732821668752673,0.18358578166594974
avg,cluster,m4,xgb,"{'n_estimators': 300, 'max_depth': 6, 'learning_rate': 0.05}",0.9815293383894377,0.0033343926321741752,0.20241257031059093,0.03125350103574684,0.22549872382716898,0.6962288850081549,0.7506873249534218,0.22118701475370278
avg,cluster,m4,xgb,"{'n_estimators': 300, 'max_depth': 6, 'learning_rate': 0.1}",0.9861087713922109,0.003769288789739737,0.1757707420424966,0.03840975706571073,0.15751644222954814,0.8338469698878201,0.7640773070738759,0.24765064170232
avg,cluster,m4,rf,"{'n_estimators': 300, 'max_depth': 6, 'min_samples_leaf': 1}",0.9554766092562128,0.009635074950214349,0.30945289010774274,0.02136374231140814,0.30425389679101034,0.4767673947089633,0.7431153887248011,0.17747237624336887
avg,cluster,m4,rf,"{'n_estimators': 300, 'max_depth': 6, 'min_samples_leaf': 3}",0.9521894060279191,0.00971293345088135,0.3211834250215125,0.02270031078793003,0.27538160347931767,0.5057335125107205,0.759822150590689,0.18464966476568456
avg,cluster,m4,rf,"{'n_estimators': 300, 'max_depth': 10, 'min_samples_leaf': 1}",0.9841176878678427,0.004096263789984857,0.18447208608069754,0.018119937194902437,0.3691931110957172,0.40716123041256513,0.7128010631777176,0.16966398704850574
avg,cluster,m4,rf,"{'n_estimators': 300, 'max_depth': 10, 'min_samples_leaf': 3}",0.9694348039877496,0.005954527184437849,0.25746485427244203,0.022405529455773024,0.327368829357831,0.4629697512214739,0.7358435597799833,0.19340465322799846
avg,cluster,m4,rf,"{'n_estimators': 300, 'max_depth': None, 'min_samples_leaf': 1}",0.9903044356930673,0.001804600705328417,0.14518136489491823,0.013111661354731224,0.378684608506385,0.3906301222247313,0.7100681545041334,0.16812748049871418
avg,cluster,m4,rf,"{'n_estimators': 300, 'max_depth': None, 'min_samples_leaf': 3}",0.9706593159672451,0.00533571944325683,0.2525104482013759,0.021492539423306936,0.330817838461008,0.4559748195548389,0.7351364586564697,0.19292930182077941
nonleaky,random,m1,lm,{},0.8453017418689589,0.0072068074692253565,0.48729576515486467,0.012878726854294056,0.8346982769616218,0.02353482341063478,0.501196401009783,0.05055111527222203
nonleaky,random,m1,xgb,"{'n_estimators': 200, 'max_depth': 3, 'learning_rate': 0.05}",0.8571300609262442,0.007437097268113119,0.4681926899460079,0.010530204338397227,0.8272811802204423,0.02814625426535982,0.5109106486427918,0.044514743320866364
nonleaky,random,m1,xgb,"{'n_estimators': 200, 'max_depth': 3, 'learning_rate': 0.1}",0.8598993887479385,0.007310962866491859,0.4636312825087983,0.01042874998672994,0.8253107716553606,0.028830659982710734,0.5135725811732301,0.043018743947115134
nonleaky,random,m1,xgb,"{'n_estimators': 200, 'max_depth': 4, 'learning_rate': 0.05}",0.8598612948917385,0.00730868970285397,0.4636896837619505,0.010195438697340388,0.8251438896414266,0.028466855684842918,0.5139063603190147,0.04305345244901514
nonleaky,random,m1,xgb,"{'n_estimators': 200, 'max_depth': 4, 'learning_rate': 0.1}",0.8624430111749888,0.007087487178444926,0.4594063320723206,0.010147022347664517,0.8215242333393217,0.02984064558200992,0.5187879315485444,0.04083150877598466
nonleaky,random,m1,xgb,"{'n_estimators': 200, 'max_depth': 6, 'learning_rate': 0.05}",0.8636076105778301,0.007090714405575828,0.45745253994867213,0.010118142368318733,0.8195423913957722,0.030851196320099084,0.5214460246855003,0.040254025191514047
nonleaky,random,m1,xgb,"{'n_estimators': 200, 'max_depth': 6, 'learning_rate': 0.1}",0.8643364523453162,0.006967718820134312,0.45623874049181057,0.010240296988088078,0.8160318027016658,0.03194655859546466,0.5262417241819015,0.038956500885104745
nonleaky,random,m1,xgb,"{'n_estimators': 300, 'max_depth': 3, 'learning_rate': 0.05}",0.8589508253339468,0.007361144128812527,0.4651950997749153,0.010328879347147376,0.8257963843088663,0.028709084619001988,0.5129002574166297,0.043341164903935386
nonleaky,random,m1,xgb,"{'n_estimators': 300, 'max_depth': 3, 'learning_rate': 0.1}",0.8615065329670457,0.007244368855076949,0.4609583023411118,0.010151975286468011,0.8229389323377779,0.02973290329020432,0.5167805019630902,0.04174305683743735
nonleaky,random,m1,xgb,"{'n_estimators': 300, 'max_depth': 4, 'learning_rate': 0.05}",0.8615536159269531,0.007248349656720515,0.4608760164598051,0.009992914783925994,0.8231000393982273,0.029580212570070468,0.5165813889905886,0.041729850085134246
nonleaky,random,m1,xgb,"{'n_estimators': 300, 'max_depth': 4, 'learning_rate': 0.1}",0.8634586785859948,0.0070238342503985175,0.4577092374745927,0.010157912608326446,0.8196347864132946,0.03088339422009874,0.5212769529175073,0.04007448800217055
nonleaky,random,m1,xgb,"{'n_estimators': 300, 'max_depth': 6, 'learning_rate': 0.05}",0.8641605141981339,0.007022900400355741,0.4565291045761227,0.010169079804733866,0.8171702258739056,0.03158339188162138,0.5247214289865128,0.03968658990160194
nonleaky,random,m1,xgb,"{'n_estimators': 300, 'max_depth': 6, 'learning_rate': 0.1}",0.8644708451704851,0.0069669015995107155,0.4560123277580588,0.010243639232757722,0.8150756942719996,0.03210078432319232,0.5276159718997854,0.039090153956184315
nonleaky,random,m1,rf,"{'n_estimators': 300, 'max_depth': 6, 'min_samples_leaf': 1}",0.8662114208234668,0.007394567179253474,0.4530185534686678,0.009723357932639632,0.8258718597311944,0.028364706082013528,0.5129493131013876,0.044012277286784265
nonleaky,random,m1,rf,"{'n_estimators': 300, 'max_depth': 6, 'min_samples_leaf': 3}",0.8652828239340329,0.007361488871159163,0.4546001019096817,0.009970697182264844,0.826089600194319,0.028175211218806416,0.5126486962105357,0.04379378802550063
nonleaky,random,m1,rf,"{'n_estimators': 300, 'max_depth': 10, 'min_samples_leaf': 1}",0.9005567127673733,0.005287585968300711,0.39055725835529065,0.006766084647486195,0.8099467172949248,0.03105416957395733,0.5352554972067496,0.03903885353671159
nonleaky,random,m1,rf,"{'n_estimators': 300, 'max_depth': 10, 'min_samples_leaf': 3}",0.8909532652909335,0.005750043908018747,0.4090013955475317,0.007920111088085432,0.8153621982237294,0.030181128417493975,0.52763084393137,0.03831713817150634
nonleaky,random,m1,rf,"{'n_estimators': 300, 'max_depth': None, 'min_samples_leaf': 1}",0.9297369098357684,0.0034034488388224654,0.328336717936642,0.00613656428972762,0.7630377379106419,0.046167362957964274,0.5948491217066438,0.027868131015867544
nonleaky,random,m1,rf,"{'n_estimators': 300, 'max_depth': None, 'min_samples_leaf': 3}",0.9030010544101881,0.004575071560650876,0.38581542115347184,0.008370143177066936,0.8002967884296501,0.03475530280482854,0.5479570530097156,0.0357560117354838
nonleaky,random,m2,lm,{},0.8573668604131802,0.007722321580322577,0.4677545603057974,0.009412465575676477,0.8469276909192729,0.023620144272167125,0.480820086501366,0.03684657789556393
nonleaky,random,m2,xgb,"{'n_estimators': 200, 'max_depth': 3, 'learning_rate': 0.05}",0.8889404560285554,0.005612563982384406,0.41276223754777097,0.007089377798975124,0.8541345868692105,0.022652243101178565,0.4691327924602963,0.032734371544509575
nonleaky,random,m2,xgb,"{'n_estimators': 200, 'max_depth': 3, 'learning_rate': 0.1}",0.8944441421665621,0.005453401654059987,0.40239406957358537,0.00691134442303528,0.8525632241451122,0.023886377336239936,0.4710690854638243,0.028200394488002777
nonleaky,random,m2,xgb,"{'n_estimators': 200, 'max_depth': 4, 'learning_rate': 0.05}",0.8936372448471991,0.005655792187355158,0.40390569393668085,0.006468017126277513,0.8530161680074857,0.022990279608685982,0.4706446561520578,0.02955872293536675
nonleaky,random,m2,xgb,"{'n_estimators': 200, 'max_depth': 4, 'learning_rate': 0.1}",0.89858119730949,0.005347926590284312,0.3944168722671441,0.006623257152606295,0.8499507401918448,0.024979947239012475,0.47491786528078794,0.02644468599940049
nonleaky,random,m2,xgb,"{'n_estimators': 200, 'max_depth': 6, 'learning_rate': 0.05}",0.9002149957316918,0.005551752137642965,0.3911925751693273,0.0063276881587982425,0.8441989857233787,0.02691788963102379,0.48348947837933504,0.024243186216683678
nonleaky,random,m2,xgb,"{'n_estimators': 200, 'max_depth': 6, 'learning_rate': 0.1}",0.9032976022982474,0.0055169400017277105,0.38508450259759597,0.006040683447469595,0.8401676979409414,0.02888225971596049,0.4892959817367588,0.02351550274003353
nonleaky,random,m2,xgb,"{'n_estimators': 300, 'max_depth': 3, 'learning_rate': 0.05}",0.8924555618127485,0.0056283285487122815,0.4061548699543958,0.006672997674591933,0.854118711628636,0.02347174926590323,0.4687492103664367,0.029844865341593776
nonleaky,random,m2,xgb,"{'n_estimators': 300, 'max_depth': 3, 'learning_rate': 0.1}",0.8971095341424883,0.005484743956973293,0.397258686812098,0.006467059052618437,0.8503186899679482,0.024796451608240663,0.4743508341969056,0.02621097834986133
nonleaky,random,m2,xgb,"{'n_estimators': 300, 'max_depth': 4, 'learning_rate': 0.05}",0.8968436138249105,0.0056753369485856575,0.3977490291014748,0.006166846895210391,0.8519363921778318,0.024145300841246966,0.4719712638439426,0.027459755928658187
nonleaky,random,m2,xgb,"{'n_estimators': 300, 'max_depth': 4, 'learning_rate': 0.1}",0.9007401374306483,0.005384676942632427,0.39017710558477836,0.006336147860642329,0.8469184785074901,0.025867690677483766,0.47952028288528564,0.02566013690590533
nonleaky,random,m2,xgb,"{'n_estimators': 300, 'max_depth': 6, 'learning_rate': 0.05}",0.9023879358405249,0.005532560195647293,0.38689646797275257,0.006130454058882783,0.8423567703485482,0.028811688450350755,0.48588224934732327,0.023935195695117466
nonleaky,random,m2,xgb,"{'n_estimators': 300, 'max_depth': 6, 'learning_rate': 0.1}",0.9041428379305666,0.005489710759593125,0.3833955345713874,0.006040824665213003,0.8373515180774118,0.03032356406029265,0.4932815068981179,0.022934331353585104
nonleaky,random,m2,rf,"{'n_estimators': 300, 'max_depth': 6, 'min_samples_leaf': 1}",0.8943658206158052,0.00701511465313652,0.4023485421638844,0.004866726091579101,0.8539539325724428,0.023638376578922652,0.46872719566091137,0.027636517295794322
nonleaky,random,m2,rf,"{'n_estimators': 300, 'max_depth': 6, 'min_samples_leaf': 3}",0.8932236739446164,0.0069967331355060905,0.40453097840917646,0.005064538567428854,0.8540318360946341,0.023996964428945337,0.46847942875113713,0.02729264167308671
nonleaky,random,m2,rf,"{'n_estimators': 300, 'max_depth': 10, 'min_samples_leaf': 1}",0.9378767948725419,0.004554611839529849,0.3084718531981154,0.0030353108932193893,0.8506435976835167,0.023860468648214693,0.4736427627101413,0.02219584667709563
nonleaky,random,m2,rf,"{'n_estimators': 300, 'max_depth': 10, 'min_samples_leaf': 3}",0.9276572902428419,0.004883379558820062,0.33295120753170543,0.003845325256284097,0.8533531098062695,0.02285250473240311,0.46957959548142536,0.02381053027255057
nonleaky,random,m2,rf,"{'n_estimators': 300, 'max_depth': None, 'min_samples_leaf': 1}",0.9712348542454382,0.0016294825095931203,0.2100679725089106,0.005426294550693804,0.827243122964615,0.03102661291128573,0.5081424864009291,0.0175962958498839
nonleaky,random,m2,rf,"{'n_estimators': 300, 'max_depth': None, 'min_samples_leaf': 3}",0.9429752144795234,0.0032703407486473594,0.29573454450235764,0.0057884700840030966,0.8471938900585518,0.02411430471713412,0.47913706464833117,0.02303666271852451
nonleaky,random,m3,lm,{},0.905715065813261,0.005310067781087372,0.38022912056341673,0.004720716691164201,0.8971543739898816,0.013244694383218413,0.3943347375390103,0.023182369515904227
nonleaky,random,m3,xgb,"{'n_estimators': 200, 'max_depth': 3, 'learning_rate': 0.05}",0.923314352295292,0.005534736645764893,0.34271997566072077,0.0020701904887716724,0.8960670516394156,0.013081742954347317,0.3965110525546313,0.024057553463728554
nonleaky,random,m3,xgb,"{'n_estimators': 200, 'max_depth': 3, 'learning_rate': 0.1}",0.9311847551073692,0.0046758779768585395,0.32470801311517206,0.0028402475659661903,0.8971363387920318,0.0150778887114368,0.39365971964360363,0.019749348962751198
nonleaky,random,m3,xgb,"{'n_estimators': 200, 'max_depth': 4, 'learning_rate': 0.05}",0.9322057679954888,0.00505239885942917,0.32221327071993305,0.0018444073401018156,0.8991993288601785,0.013534024008467092,0.39011537082211417,0.020913580632592226
nonleaky,random,m3,xgb,"{'n_estimators': 200, 'max_depth': 4, 'learning_rate': 0.1}",0.9403260661562864,0.004365553106322218,0.3023164030303475,0.002488327736905752,0.8977624038193899,0.013731222084184102,0.39285754935319445,0.020882207516536352
nonleaky,random,m3,xgb,"{'n_estimators': 200, 'max_depth': 6, 'learning_rate': 0.05}",0.9470971887005744,0.004068706332507312,0.2846062568918544,0.002611705388335731,0.898880188016131,0.014446834197608789,0.390469549960207,0.021404250241297287
nonleaky,random,m3,xgb,"{'n_estimators': 200, 'max_depth': 6, 'learning_rate': 0.1}",0.9548433608975733,0.0033516804478164325,0.2629718761634811,0.002350450798126204,0.8969168030135799,0.015286852573881014,0.3940147906535084,0.01902853765341414
nonleaky,random,m3,xgb,"{'n_estimators': 300, 'max_depth': 3, 'learning_rate': 0.05}",0.9278994405593496,0.005345809621714683,0.3322939570271713,0.002507675417815812,0.8968065582083792,0.013141911992724901,0.3949884675341691,0.022750355188412178
nonleaky,random,m3,xgb,"{'n_estimators': 300, 'max_depth': 3, 'learning_rate': 0.1}",0.9355010869020693,0.004459114885475878,0.3143531821550255,0.003490055695519636,0.8972670467615588,0.015373102189437417,0.3932207649165695,0.018343863211769132
nonleaky,random,m3,xgb,"{'n_estimators': 300, 'max_depth': 4, 'learning_rate': 0.05}",0.9368548762528126,0.004814432323322198,0.3109495231456204,0.0021092558892024144,0.8990876376218235,0.01351375438820396,0.39034031105349865,0.021008941393598986
nonleaky,random,m3,xgb,"{'n_estimators': 300, 'max_depth': 4, 'learning_rate': 0.1}",0.9447503482663168,0.00406680392620414,0.2908920561641287,0.002794744357006498,0.8973097304062063,0.013860180092180256,0.39371242265626394,0.021083844811478517
nonleaky,random,m3,xgb,"{'n_estimators': 300, 'max_depth': 6, 'learning_rate': 0.05}",0.9516283744622841,0.003734839872668239,0.2721434730734632,0.002853478861200716,0.8980211643055803,0.014921290623018417,0.39199326173596677,0.021034604337496543
nonleaky,random,m3,xgb,"{'n_estimators': 300, 'max_depth': 6, 'learning_rate': 0.1}",0.9593831237297051,0.003114810851548657,0.2493812026270595,0.002158132440668364,0.8948356962135895,0.016750925829324307,0.39745377969857426,0.01639827972732068
nonleaky,random,m3,rf,"{'n_estimators': 300, 'max_depth': 6, 'min_samples_leaf': 1}",0.9177018463808176,0.006705609670148191,0.3549210163603719,0.0008872189898072212,0.8877986066285102,0.018039063803048278,0.41059149757148355,0.019734429951581152
nonleaky,random,m3,rf,"{'n_estimators': 300, 'max_depth': 6, 'min_samples_leaf': 3}",0.9168036820841927,0.006619948256407916,0.35687967259413983,0.0010100303666765221,0.8876425434070037,0.018322238646061882,0.41076163487117484,0.019245799811670045
nonleaky,random,m3,rf,"{'n_estimators': 300, 'max_depth': 10, 'min_samples_leaf': 1}",0.9516630681884413,0.004566099291874606,0.2718553282052256,0.002537329938199408,0.8931513799272167,0.014969633247880334,0.40162571418017634,0.025239684872259582
nonleaky,random,m3,rf,"{'n_estimators': 300, 'max_depth': 10, 'min_samples_leaf': 3}",0.9459798634921412,0.0044551577950744225,0.28753486564322334,0.0009625814199395228,0.8938595325846128,0.014658062994530178,0.40040040524407183,0.026339412171429575
nonleaky,random,m3,rf,"{'n_estimators': 300, 'max_depth': None, 'min_samples_leaf': 1}",0.9807894513294635,0.001263066520548824,0.1715821087244424,0.002263618345141353,0.8800906829761223,0.01884836907971489,0.42471662773492264,0.02515005824609702
nonleaky,random,m3,rf,"{'n_estimators': 300, 'max_depth': None, 'min_samples_leaf': 3}",0.9614213113602753,0.0025233215168883644,0.24314890880424933,0.00216061674066073,0.8898602869200426,0.015766944898712717,0.4077417674590168,0.028372962279721525
nonleaky,random,m4,lm,{},0.8923381126558352,0.005535992377563894,0.40642355502577965,0.00837150113941498,0.8827414246383828,0.013916943723855487,0.42228569300278973,0.04036920622343321
nonleaky,random,m4,xgb,"{'n_estimators': 200, 'max_depth': 3, 'learning_rate': 0.05}",0.9224051057228394,0.005345074692506051,0.34478955779486953,0.002201131317829597,0.8942591648268825,0.012095908315906005,0.4002970065957389,0.026382119112716765
nonleaky,random,m4,xgb,"{'n_estimators': 200, 'max_depth': 3, 'learning_rate': 0.1}",0.9297462847695195,0.004843591665506249,0.32807292744483535,0.0020719098136534582,0.8966867218107664,0.014511923734141821,0.39461293486057036,0.019477592206321198
nonleaky,random,m4,xgb,"{'n_estimators': 200, 'max_depth': 4, 'learning_rate': 0.05}",0.9308117085498393,0.005029358333219901,0.3255314182673961,0.0018079512839680402,0.8970147162773028,0.013742826093372167,0.3943550997430245,0.022593639996009794
nonleaky,random,m4,xgb,"{'n_estimators': 200, 'max_depth': 4, 'learning_rate': 0.1}",0.9389392162151615,0.004653631928423033,0.30577602921044755,0.001465205749175283,0.8974301768448221,0.016940043670357063,0.39219189818722583,0.014160197731102808
nonleaky,random,m4,xgb,"{'n_estimators': 200, 'max_depth': 6, 'learning_rate': 0.05}",0.9467263250776261,0.004481294753574773,0.28552851364014253,0.0012946169379850522,0.8954007797826626,0.016644385660805613,0.3965116363652639,0.0225245161382725
nonleaky,random,m4,xgb,"{'n_estimators': 200, 'max_depth': 6, 'learning_rate': 0.1}",0.9542812704794281,0.003930975974339491,0.2644905085399601,0.0017309546689368563,0.8927325146042044,0.01965940116591279,0.4003031060668916,0.017776052436175166
nonleaky,random,m4,xgb,"{'n_estimators': 300, 'max_depth': 3, 'learning_rate': 0.05}",0.9269659907186989,0.00523294292656098,0.3344668320887363,0.0014757551316809297,0.8952993409490055,0.012683521588051715,0.3980411739324672,0.024252620232127917
nonleaky,random,m4,xgb,"{'n_estimators': 300, 'max_depth': 3, 'learning_rate': 0.1}",0.9340745419887042,0.004723020928075652,0.31777334903431653,0.0013644678035160435,0.8971462294864738,0.01594224036593141,0.39314215848427386,0.015708002666563328
nonleaky,random,m4,xgb,"{'n_estimators': 300, 'max_depth': 4, 'learning_rate': 0.05}",0.9358013912595513,0.004925795852009049,0.31352320631869124,0.0013104844189881521,0.8978736563744624,0.01530638952866552,0.3920186049979482,0.018590090304356342
nonleaky,random,m4,xgb,"{'n_estimators': 300, 'max_depth': 4, 'learning_rate': 0.1}",0.9433679272575783,0.0045794764244535486,0.29442596622009,0.001208171954468302,0.8972481891319022,0.01899223977976095,0.39163471150710505,0.010551670191886974
nonleaky,random,m4,xgb,"{'n_estimators': 300, 'max_depth': 6, 'learning_rate': 0.05}",0.9513209228684965,0.004172204067492713,0.2729197658205159,0.001224116870403783,0.8937485615243872,0.018005823360804613,0.39914370851058767,0.02125934936879164
nonleaky,random,m4,xgb,"{'n_estimators': 300, 'max_depth': 6, 'learning_rate': 0.1}",0.9585424978637984,0.00347242751253072,0.25188613976407126,0.0015181416035384492,0.8899002416928757,0.020673790521161403,0.4052965561489691,0.01731860171642195
nonleaky,random,m4,rf,"{'n_estimators': 300, 'max_depth': 6, 'min_samples_leaf': 1}",0.9162249656736599,0.005681930647673588,0.35828690927978835,0.0035549702960927443,0.879866525075931,0.015635168082056488,0.4263141382381498,0.030059016684857377
nonleaky,random,m4,rf,"{'n_estimators': 300, 'max_depth': 6, 'min_samples_leaf': 3}",0.9151429595115868,0.005643307033884031,0.36061073617862877,0.003811122103679781,0.8798865524701436,0.01576931552693292,0.4262160202424245,0.029826020516540923
nonleaky,random,m4,rf,"{'n_estimators': 300, 'max_depth': 10, 'min_samples_leaf': 1}",0.954008621436057,0.004186901868389728,0.2652308775770788,0.0026119289718855286,0.8855825640515352,0.01796359371494326,0.41470718087626707,0.022011367755397627
nonleaky,random,m4,rf,"{'n_estimators': 300, 'max_depth': 10, 'min_samples_leaf': 3}",0.9473001050701294,0.004257743726599947,0.2840320196421868,0.002447272359784273,0.8843640091111494,0.016856096142484223,0.4174745550104861,0.026713871315225846
nonleaky,random,m4,rf,"{'n_estimators': 300, 'max_depth': None, 'min_samples_leaf': 1}",0.9807128378178055,0.0016942288155457946,0.1717787378005527,0.0019869727048515266,0.872528831765553,0.02547666962190345,0.4357908133953828,0.020523841691815713
nonleaky,random,m4,rf,"{'n_estimators': 300, 'max_depth': None, 'min_samples_leaf': 3}",0.9609667231885556,0.003094790517463461,0.2444602623643258,0.0020971439337542155,0.8798328651992934,0.02022037801036924,0.42456357291558716,0.025207692312753955
nonleaky,density,m1,lm,{},0.8430086609567976,0.03080459089854796,0.494471071405784,0.0478027473666507,0.17746222453264132,0.7772870189469248,0.6554929018418237,0.20670563508928616
nonleaky,density,m1,xgb,"{'n_estimators': 200, 'max_depth': 3, 'learning_rate': 0.05}",0.8566686008439393,0.027989547519781225,0.4718375060561585,0.03820525029221234,0.11917124920559777,0.7911701870493815,0.7082356314970017,0.18060841991366378
nonleaky,density,m1,xgb,"{'n_estimators': 200, 'max_depth': 3, 'learning_rate': 0.1}",0.8598527574459138,0.027704066568052597,0.46630354840236016,0.03576453870235133,0.11578498303058896,0.7878864791647163,0.7118032349726755,0.17690161166658627
nonleaky,density,m1,xgb,"{'n_estimators': 200, 'max_depth': 4, 'learning_rate': 0.05}",0.8596349881148975,0.027726873370779795,0.4666708242093714,0.03578124733172147,0.11826633328977683,0.7868314588666998,0.7104465735810022,0.17732370869598305
nonleaky,density,m1,xgb,"{'n_estimators': 200, 'max_depth': 4, 'learning_rate': 0.1}",0.8622512011460982,0.02758933032547133,0.4620679992070095,0.03391716407691318,0.11102423510246555,0.7860996945537099,0.7154660712031412,0.1731630163092966
nonleaky,density,m1,xgb,"{'n_estimators': 200, 'max_depth': 6, 'learning_rate': 0.05}",0.8633446848945322,0.02768643681212957,0.4601102858333377,0.033404183566818596,0.10804889041201045,0.7863296406192849,0.7173248334525604,0.17191948355961376
nonleaky,density,m1,xgb,"{'n_estimators': 200, 'max_depth': 6, 'learning_rate': 0.1}",0.8640605754908371,0.02772852673779074,0.45880973215238796,0.0328316354219363,0.09852339161820241,0.7879265736385072,0.7230468438109326,0.1684117546885595
nonleaky,density,m1,xgb,"{'n_estimators': 300, 'max_depth': 3, 'learning_rate': 0.05}",0.8585851250118915,0.02781064296596125,0.4685080256611046,0.03664144673385918,0.11780048378000645,0.7905806656229257,0.709270745069855,0.17958532622635667
nonleaky,density,m1,xgb,"{'n_estimators': 300, 'max_depth': 3, 'learning_rate': 0.1}",0.8613641110333246,0.027632242678884728,0.4636236692972074,0.03442792091975422,0.11230063700964328,0.7885529944124077,0.7139227532349249,0.17568451030872584
nonleaky,density,m1,xgb,"{'n_estimators': 300, 'max_depth': 4, 'learning_rate': 0.05}",0.8613092092615098,0.027607492925902758,0.4637215251692422,0.03438900701348922,0.11347473310418085,0.7875068387519486,0.7134760721688755,0.1754531811255884
nonleaky,density,m1,xgb,"{'n_estimators': 300, 'max_depth': 4, 'learning_rate': 0.1}",0.8631808742839363,0.027590820276902895,0.46041698079552773,0.033364227216871066,0.10561533407873522,0.7869830741812724,0.7189755926970294,0.17140914626724008
nonleaky,density,m1,xgb,"{'n_estimators': 300, 'max_depth': 6, 'learning_rate': 0.05}",0.8638923908721624,0.027674565405650334,0.4591271579796956,0.03295797408092411,0.10297400169660595,0.7860529709765299,0.7209057589081214,0.16931893885650182
nonleaky,density,m1,xgb,"{'n_estimators': 300, 'max_depth': 6, 'learning_rate': 0.1}",0.8641918878622883,0.027680485581416055,0.4585918764885177,0.032793638484986516,0.09553233181426615,0.7891022079021484,0.7248012650347885,0.1677097605234146
nonleaky,density,m1,rf,"{'n_estimators': 300, 'max_depth': 6, 'min_samples_leaf': 1}",0.8660403283058544,0.02694728262340476,0.45582772285696177,0.03567667512044929,0.13487807907540494,0.7823756341436385,0.6962684371131181,0.18205946498638592
nonleaky,density,m1,rf,"{'n_estimators': 300, 'max_depth': 6, 'min_samples_leaf': 3}",0.8651728149771536,0.026713365853359615,0.4574898774463409,0.0366834170341856,0.13200492999990857,0.7815845794611082,0.7002284425876039,0.17971913569566722
nonleaky,density,m1,rf,"{'n_estimators': 300, 'max_depth': 10, 'min_samples_leaf': 1}",0.9002148565323747,0.022866701700161446,0.39194077693589985,0.024981237988815935,0.10678764644933496,0.7888454581715701,0.7139793113108187,0.17180734978006096
nonleaky,density,m1,rf,"{'n_estimators': 300, 'max_depth': 10, 'min_samples_leaf': 3}",0.8905966734502337,0.022923779422571268,0.41159043479339663,0.03145331432690989,0.11142966116875086,0.7837966422023629,0.7141697249749482,0.17022525035135314
nonleaky,density,m1,rf,"{'n_estimators': 300, 'max_depth': None, 'min_samples_leaf': 1}",0.9292468512597859,0.018059520144703866,0.3286478639178402,0.015952660768974242,0.02628071105585903,0.8118551553406793,0.7623004302417339,0.1500144082407982
nonleaky,density,m1,rf,"{'n_estimators': 300, 'max_depth': None, 'min_samples_leaf': 3}",0.9027775126609436,0.020934954690467588,0.38774977184696213,0.028866766130177583,0.07791896214241274,0.7920764757240022,0.7351433073240898,0.15942313781190162
nonleaky,density,m2,lm,{},0.8561426627942634,0.02510582371474988,0.47344889355582287,0.038571240347718895,0.34540686788479735,0.5714942048597844,0.6158713238040595,0.1610239596432095
nonleaky,density,m2,xgb,"{'n_estimators': 200, 'max_depth': 3, 'learning_rate': 0.05}",0.8885147788241643,0.022337774329304012,0.41487287504863807,0.021698492738540114,0.4142594102744158,0.5393028929511062,0.6216357533966187,0.16650328428238215
nonleaky,density,m2,xgb,"{'n_estimators': 200, 'max_depth': 3, 'learning_rate': 0.1}",0.8943740288216182,0.022075958316107827,0.40328012483817044,0.01836086601040838,0.41552116249239895,0.5170739440596283,0.6203385350412907,0.15364670110942372
nonleaky,density,m2,xgb,"{'n_estimators': 200, 'max_depth': 4, 'learning_rate': 0.05}",0.8933873607999562,0.022022490444667808,0.40525653291476643,0.018533233212999507,0.41282237705873487,0.5205869025343046,0.6275904993389917,0.1573693040842289
nonleaky,density,m2,xgb,"{'n_estimators': 200, 'max_depth': 4, 'learning_rate': 0.1}",0.8988868533676045,0.022133845435443486,0.39391717865553816,0.01478366408951052,0.40327655461086487,0.5148631411781106,0.6296299578735699,0.14741056542369274
nonleaky,density,m2,xgb,"{'n_estimators': 200, 'max_depth': 6, 'learning_rate': 0.05}",0.9004071006904999,0.021777993887084523,0.390918431052802,0.01436524670023128,0.39339893495487316,0.5198074013317353,0.6399417028426659,0.14737855652079127
nonleaky,density,m2,xgb,"{'n_estimators': 200, 'max_depth': 6, 'learning_rate': 0.1}",0.9036691639465119,0.02210865803632089,0.38387376531138456,0.012689721123890272,0.3871170781776502,0.5183424592111526,0.6394890686346109,0.14188599810634434
nonleaky,density,m2,xgb,"{'n_estimators': 300, 'max_depth': 3, 'learning_rate': 0.05}",0.8923435959750308,0.02213698395485798,0.40735495641072406,0.019595423608486272,0.41555772882083464,0.5277542162722899,0.619651317446214,0.15958223003000002
nonleaky,density,m2,xgb,"{'n_estimators': 300, 'max_depth': 3, 'learning_rate': 0.1}",0.8971251033690562,0.021913888833675805,0.3976881827104076,0.016348911318900945,0.41165956137868454,0.5149151418621182,0.6220817305122159,0.15004522769103526
nonleaky,density,m2,xgb,"{'n_estimators': 300, 'max_depth': 4, 'learning_rate': 0.05}",0.8968523195137031,0.021939111837483826,0.39823772522987844,0.016481674885854263,0.4080164731455083,0.5196439523198079,0.6277022136988253,0.15301470869291553
nonleaky,density,m2,xgb,"{'n_estimators': 300, 'max_depth': 4, 'learning_rate': 0.1}",0.901046759878081,0.022042197663925005,0.38944478859370935,0.013753504248144852,0.39917361324267814,0.5149131813250342,0.6313709007960819,0.14454503992103943
nonleaky,density,m2,xgb,"{'n_estimators': 300, 'max_depth': 6, 'learning_rate': 0.05}",0.9026718454530199,0.021971771153420822,0.38605717339914686,0.013109801046013959,0.3921379460635455,0.5173698771019231,0.638487935294554,0.14389336985005005
nonleaky,density,m2,xgb,"{'n_estimators': 300, 'max_depth': 6, 'learning_rate': 0.1}",0.9045479489159401,0.022090060308020177,0.38198371508071605,0.012166852760345433,0.38191119114328853,0.5218867867445955,0.6416827044817012,0.14126345723492545
nonleaky,density,m2,rf,"{'n_estimators': 300, 'max_depth': 6, 'min_samples_leaf': 1}",0.8948559355606452,0.018710665918422312,0.40398690203572274,0.02565328506912636,0.3845375559321008,0.5405636070042028,0.6300631186995999,0.16324207841318597
nonleaky,density,m2,rf,"{'n_estimators': 300, 'max_depth': 6, 'min_samples_leaf': 3}",0.8938497473420451,0.018466313059798883,0.406104072754776,0.02659540667096713,0.3782875261783422,0.5446159487969109,0.6341309053925401,0.1633130052569788
nonleaky,density,m2,rf,"{'n_estimators': 300, 'max_depth': 10, 'min_samples_leaf': 1}",0.939712124527474,0.013495107291803593,0.3035754218132558,0.007949993854202609,0.35302768993943356,0.5556358732480658,0.6491869968719295,0.15425916416859775
nonleaky,density,m2,rf,"{'n_estimators': 300, 'max_depth': 10, 'min_samples_leaf': 3}",0.9294110454336639,0.01369009603686933,0.3301098648617017,0.015353697212260686,0.3501063452875345,0.5630832777201594,0.6506256567115319,0.15682073945302102
nonleaky,density,m2,rf,"{'n_estimators': 300, 'max_depth': None, 'min_samples_leaf': 1}",0.971260522458107,0.007233430532038904,0.20911707792070913,0.0072525605083211325,0.30756925302014887,0.5617011812891382,0.6793402023238214,0.14264725994319497
nonleaky,density,m2,rf,"{'n_estimators': 300, 'max_depth': None, 'min_samples_leaf': 3}",0.943590251138553,0.010789047041800068,0.2956439304695063,0.01936621533251936,0.3381523825127864,0.5641346205237986,0.659744676765932,0.1528357591953205
nonleaky,density,m3,lm,{},0.9059561711597455,0.02344467735348015,0.37716922604970476,0.011120501947087342,0.42968600383770444,0.5040866852976595,0.57572472704508,0.1503205202555077
nonleaky,density,m3,xgb,"{'n_estimators': 200, 'max_depth': 3, 'learning_rate': 0.05}",0.9238403503512836,0.01800324496459469,0.3400575026366828,0.010743688638880923,0.14240019716234506,0.8237747106662008,0.6741566687494187,0.1997835123261804
nonleaky,density,m3,xgb,"{'n_estimators': 200, 'max_depth': 3, 'learning_rate': 0.1}",0.9321187929333652,0.01671760360767602,0.32052854080161974,0.012255839724861071,0.20804008277116948,0.7370637208060412,0.6573520189154243,0.18371119466919927
nonleaky,density,m3,xgb,"{'n_estimators': 200, 'max_depth': 4, 'learning_rate': 0.05}",0.9331009888633319,0.01641573382800679,0.3182516878818168,0.012818020925593464,0.2185365529929805,0.7255381616828626,0.6545595222278433,0.18072853367022043
nonleaky,density,m3,xgb,"{'n_estimators': 200, 'max_depth': 4, 'learning_rate': 0.1}",0.9410829823829884,0.015007741369148384,0.2981293128187523,0.014706461906372065,0.19647337894835354,0.7498694193958702,0.6600341466174182,0.18610681262103562
nonleaky,density,m3,xgb,"{'n_estimators': 200, 'max_depth': 6, 'learning_rate': 0.05}",0.9480484290124636,0.013689948586556106,0.2795971540581058,0.015362912864248058,0.2397542412949353,0.6866070498790339,0.6549774797722888,0.16817189316595196
nonleaky,density,m3,xgb,"{'n_estimators': 200, 'max_depth': 6, 'learning_rate': 0.1}",0.9561311756411829,0.011899509843735036,0.25646451379841284,0.017335407111805926,0.17308516027903872,0.7580931396179796,0.6761135624158889,0.17347919115880336
nonleaky,density,m3,xgb,"{'n_estimators': 300, 'max_depth': 3, 'learning_rate': 0.05}",0.9289766302830487,0.01702916268277037,0.32819450993537164,0.012117097775945013,0.1438705556354897,0.8266855397761721,0.6696819091310656,0.2024565851453412
nonleaky,density,m3,xgb,"{'n_estimators': 300, 'max_depth': 3, 'learning_rate': 0.1}",0.9364848922948082,0.015704516646499068,0.3099503142870422,0.01297532983945055,0.1957536856379758,0.7552815586593817,0.6581079503747813,0.18713379492763393
nonleaky,density,m3,xgb,"{'n_estimators': 300, 'max_depth': 4, 'learning_rate': 0.05}",0.937882880109988,0.01559417844341325,0.30637115218258354,0.01410988070427258,0.2097741953534094,0.7367285212994926,0.6553705714389535,0.1821682272956862
nonleaky,density,m3,xgb,"{'n_estimators': 300, 'max_depth': 4, 'learning_rate': 0.1}",0.9456870679861933,0.013961709029341927,0.28612481729278993,0.015194920018552945,0.18163053727784323,0.769525436388279,0.6627548337064365,0.1887019604955772
nonleaky,density,m3,xgb,"{'n_estimators': 300, 'max_depth': 6, 'learning_rate': 0.05}",0.9525940687514804,0.012681007371189554,0.26686338053514863,0.016696432952955042,0.2177987198090699,0.7121025335763312,0.6607687245231902,0.17179297090498064
nonleaky,density,m3,xgb,"{'n_estimators': 300, 'max_depth': 6, 'learning_rate': 0.1}",0.9603642967918702,0.01099268786675091,0.24351720166169363,0.01832749074577578,0.13646913164796604,0.8012291882580478,0.686235445708914,0.18071035767188914
nonleaky,density,m3,rf,"{'n_estimators': 300, 'max_depth': 6, 'min_samples_leaf': 1}",0.9196479870960526,0.01939792552719732,0.34911380978858536,0.011531791730736908,0.1389216989266086,0.7860308342028047,0.695006939185546,0.18285976883735156
nonleaky,density,m3,rf,"{'n_estimators': 300, 'max_depth': 6, 'min_samples_leaf': 3}",0.918765480941001,0.019121280805665684,0.35134322501270854,0.0109626634140736,0.13822808135805675,0.786105895399521,0.696533784042219,0.18106439161591195
nonleaky,density,m3,rf,"{'n_estimators': 300, 'max_depth': 10, 'min_samples_leaf': 1}",0.9539937744666226,0.013061399757477247,0.26236212176888973,0.016948821830376097,0.08576304914961241,0.8741890542950936,0.6985670830721981,0.19931893061389847
nonleaky,density,m3,rf,"{'n_estimators': 300, 'max_depth': 10, 'min_samples_leaf': 3}",0.947809813020027,0.01271640746109743,0.2813456925504023,0.011753172507600374,0.07256841082483674,0.8976914392663552,0.7015817790935232,0.20217006634757476
nonleaky,density,m3,rf,"{'n_estimators': 300, 'max_depth': None, 'min_samples_leaf': 1}",0.9806133602656762,0.0057115622149895426,0.16984694066425532,0.01041639946167808,0.0575317887709641,0.8931581528205339,0.712984986700343,0.19467801188471104
nonleaky,density,m3,rf,"{'n_estimators': 300, 'max_depth': None, 'min_samples_leaf': 3}",0.9613732828496845,0.008260116807724194,0.24311738114320117,0.007358729079413176,0.06668069927243647,0.9009442696459059,0.7048637840616718,0.20031689407793532
nonleaky,density,m4,lm,{},0.8917514762875935,0.022097666688097636,0.40763914694884285,0.008926709331345572,-10.331639500287238,17.133009575836276,2.348150892336226,2.862746356465184
nonleaky,density,m4,xgb,"{'n_estimators': 200, 'max_depth': 3, 'learning_rate': 0.05}",0.9231031414141233,0.01642358056376862,0.34287904443644324,0.00815094189891512,0.473344747887967,0.306050695735399,0.63438234472291,0.18140522531446812
nonleaky,density,m4,xgb,"{'n_estimators': 200, 'max_depth': 3, 'learning_rate': 0.1}",0.9308088037673908,0.015155017113682204,0.3249435190920723,0.008589788608543847,0.4419459876106117,0.32738043526422245,0.6444176821821482,0.17585851641239664
nonleaky,density,m4,xgb,"{'n_estimators': 200, 'max_depth': 4, 'learning_rate': 0.05}",0.9326241472809581,0.014869313556903269,0.3205265043689446,0.009968471556872048,0.46180615330884595,0.3430513463714375,0.6315873643251018,0.1658904115045052
nonleaky,density,m4,xgb,"{'n_estimators': 200, 'max_depth': 4, 'learning_rate': 0.1}",0.9403393979357082,0.01317224139662753,0.3015551940555691,0.011305371781511447,0.4266529207505032,0.3771620047929484,0.6464145373531578,0.1785498759102613
nonleaky,density,m4,xgb,"{'n_estimators': 200, 'max_depth': 6, 'learning_rate': 0.05}",0.9484036139356095,0.012358511554368552,0.27961612543756037,0.014287986227943328,0.38244882134973734,0.42586217993452613,0.671026126864105,0.17083978914362713
nonleaky,density,m4,xgb,"{'n_estimators': 200, 'max_depth': 6, 'learning_rate': 0.1}",0.955772385026352,0.010862092113990805,0.25873100246601066,0.01709709610415829,0.38598364749510256,0.41389745654717275,0.6667105838182708,0.15310621934725857
nonleaky,density,m4,xgb,"{'n_estimators': 300, 'max_depth': 3, 'learning_rate': 0.05}",0.9281060552319136,0.015445136523531428,0.331469190101784,0.008456383783957026,0.45487870637890726,0.3256716657381522,0.6387676162060906,0.1830866246575439
nonleaky,density,m4,xgb,"{'n_estimators': 300, 'max_depth': 3, 'learning_rate': 0.1}",0.9353494604258993,0.014276151657338311,0.3139630015779122,0.009359053804177767,0.40267831516691877,0.36504853866290515,0.6582926575494316,0.17514103145660254
nonleaky,density,m4,xgb,"{'n_estimators': 300, 'max_depth': 4, 'learning_rate': 0.05}",0.9376337039268741,0.013949994658105593,0.30821637824735904,0.01110396517811353,0.4446555931619328,0.3575830385983691,0.6379732567172545,0.16610892543210784
nonleaky,density,m4,xgb,"{'n_estimators': 300, 'max_depth': 4, 'learning_rate': 0.1}",0.9451303753266371,0.012506918811290606,0.2888834759224073,0.013363771283278973,0.38891269903657133,0.40832853719433115,0.6620568524263527,0.1744679861621595
nonleaky,density,m4,xgb,"{'n_estimators': 300, 'max_depth': 6, 'learning_rate': 0.05}",0.9530349725458483,0.011598685036245173,0.2664901177484755,0.0163734875181522,0.36422805386280144,0.44155001572997,0.6785275474364806,0.16902319621183337
nonleaky,density,m4,xgb,"{'n_estimators': 300, 'max_depth': 6, 'learning_rate': 0.1}",0.9601320552347063,0.010156657641048814,0.24542145750178027,0.019195854742730955,0.3738313091586914,0.4160892181470121,0.6739544644986907,0.14867464865074279
nonleaky,density,m4,rf,"{'n_estimators': 300, 'max_depth': 6, 'min_samples_leaf': 1}",0.9192864119138262,0.018091583241913914,0.3506836391114244,0.008268174835191109,0.14696629640290496,0.6797423445319755,0.7282240037367498,0.17527653016551203
nonleaky,density,m4,rf,"{'n_estimators': 300, 'max_depth': 6, 'min_samples_leaf': 3}",0.9182787778538813,0.01767503363531831,0.3532743564839035,0.007945274663129427,0.1427763355311184,0.6886950274536193,0.7296889551526261,0.1744614198926625
nonleaky,density,m4,rf,"{'n_estimators': 300, 'max_depth': 10, 'min_samples_leaf': 1}",0.9561794625381654,0.012615342555956865,0.2555634391505043,0.017199261415472403,0.20434717979705885,0.6261702662493446,0.7170086498221765,0.1750810614601061
nonleaky,density,m4,rf,"{'n_estimators': 300, 'max_depth': 10, 'min_samples_leaf': 3}",0.9490860399340505,0.011624057705386753,0.278429132449103,0.008397838239210954,0.199794818228426,0.6601236688037019,0.7167701539357966,0.1869018135115309
nonleaky,density,m4,rf,"{'n_estimators': 300, 'max_depth': None, 'min_samples_leaf': 1}",0.9809577507779675,0.004957750108842809,0.1694227461859858,0.006603647907015208,0.1908111988616296,0.6149557993315142,0.7287543162182459,0.16873615334096428
nonleaky,density,m4,rf,"{'n_estimators': 300, 'max_depth': None, 'min_samples_leaf': 3}",0.9615462232994624,0.007060055927291138,0.24363425824128743,0.010096796231281461,0.20357892071625905,0.6573538503392312,0.7166176710596972,0.18617516246547075
nonleaky,cluster,m1,lm,{},0.8473457864559959,0.03472747712766644,0.4973074626129672,0.05864093366697297,0.43900683497220194,0.38599227378967,0.6492867670113192,0.15802556937438067
nonleaky,cluster,m1,xgb,"{'n_estimators': 200, 'max_depth': 3, 'learning_rate': 0.05}",0.8611228676025954,0.03501582755313051,0.4714189826434406,0.041727233740118934,0.358791949910424,0.3486825465996277,0.7294810069623875,0.105928491760081
nonleaky,cluster,m1,xgb,"{'n_estimators': 200, 'max_depth': 3, 'learning_rate': 0.1}",0.8638979664988675,0.03482624342940121,0.46618012209639687,0.038848031525779196,0.35455039850644415,0.35198821101349703,0.7307528681320395,0.10359735557556785
nonleaky,cluster,m1,xgb,"{'n_estimators': 200, 'max_depth': 4, 'learning_rate': 0.05}",0.8638480265090708,0.03490286321217972,0.4662364466775368,0.03877775887178452,0.3544634317011582,0.3494296876283372,0.731600578554986,0.1034974763453486
nonleaky,cluster,m1,xgb,"{'n_estimators': 200, 'max_depth': 4, 'learning_rate': 0.1}",0.8662869682557014,0.03483110217686492,0.4615249968431864,0.0360573842240304,0.34949861771345925,0.34805061859358405,0.7343130954703337,0.09981202310501358
nonleaky,cluster,m1,xgb,"{'n_estimators': 200, 'max_depth': 6, 'learning_rate': 0.05}",0.8672354839532549,0.03480384464419555,0.4597447692945992,0.03549095891333933,0.34486103818742075,0.34915726819634596,0.7369867097466564,0.0987911327525381
nonleaky,cluster,m1,xgb,"{'n_estimators': 200, 'max_depth': 6, 'learning_rate': 0.1}",0.867774870484254,0.0348464527984829,0.4586676690538041,0.03487026045104969,0.33660044487566,0.3469061963425541,0.7425789913552555,0.09551742314132536
nonleaky,cluster,m1,xgb,"{'n_estimators': 300, 'max_depth': 3, 'learning_rate': 0.05}",0.8628341857318343,0.034890250356368495,0.4681944673524134,0.0398906791215545,0.3547860611120334,0.3491785265056892,0.7315774632931956,0.10362170443251181
nonleaky,cluster,m1,xgb,"{'n_estimators': 300, 'max_depth': 3, 'learning_rate': 0.1}",0.8653895472944282,0.03472410396452665,0.4633304564385569,0.037195041478116454,0.3502080730167854,0.35165702882936006,0.7333925351079315,0.10132752042595458
nonleaky,cluster,m1,xgb,"{'n_estimators': 300, 'max_depth': 4, 'learning_rate': 0.05}",0.8653752276662804,0.034800227839194016,0.46332425569814095,0.037169794253946564,0.35048498187662297,0.3508169804694738,0.7335215866101372,0.10153236620120745
nonleaky,cluster,m1,xgb,"{'n_estimators': 300, 'max_depth': 4, 'learning_rate': 0.1}",0.867102973785029,0.03483284958914099,0.4599568649585768,0.03536581669553161,0.34284424359893373,0.3491429929936988,0.7383753830806336,0.09763958098336048
nonleaky,cluster,m1,xgb,"{'n_estimators': 300, 'max_depth': 6, 'learning_rate': 0.05}",0.8676799272576178,0.03484554042264731,0.45885386283957247,0.034972888091685035,0.34000254390311585,0.35036962844350616,0.7397746928214383,0.09694317050177503
nonleaky,cluster,m1,xgb,"{'n_estimators': 300, 'max_depth': 6, 'learning_rate': 0.1}",0.8678882293646357,0.03487174137057849,0.45843136787739674,0.034711188178521375,0.3358022920234397,0.35001330229744554,0.7425902357859335,0.09615304776599026
nonleaky,cluster,m1,rf,"{'n_estimators': 300, 'max_depth': 6, 'min_samples_leaf': 1}",0.8702174004151966,0.034395983809530746,0.4546011384196558,0.036483829205117974,0.38903343679674596,0.3487538083374904,0.7041448018424491,0.11106175093592972
nonleaky,cluster,m1,rf,"{'n_estimators': 300, 'max_depth': 6, 'min_samples_leaf': 3}",0.869271892577208,0.033916706458951534,0.4567470419627816,0.03833365719168342,0.3847138340354239,0.3479299159705602,0.7081531992735479,0.10853964021434796
nonleaky,cluster,m1,rf,"{'n_estimators': 300, 'max_depth': 10, 'min_samples_leaf': 1}",0.9036149196695051,0.029973988239861995,0.38826687528336995,0.022510689215024193,0.3653413966120578,0.35296899632175116,0.7184110413085859,0.104402773494356
nonleaky,cluster,m1,rf,"{'n_estimators': 300, 'max_depth': 10, 'min_samples_leaf': 3}",0.8934796497519771,0.028568571165966703,0.4119364832025688,0.03475432389529191,0.3684617969181618,0.3502350965312728,0.7179721512762012,0.10245582715693988
nonleaky,cluster,m1,rf,"{'n_estimators': 300, 'max_depth': None, 'min_samples_leaf': 1}",0.9306824861664179,0.023383384699188235,0.32726387613585156,0.015562459231765987,0.29107441795960043,0.3809481730988624,0.7581289573304881,0.09895241789974418
nonleaky,cluster,m1,rf,"{'n_estimators': 300, 'max_depth': None, 'min_samples_leaf': 3}",0.9045269028489618,0.024859604926159098,0.3907425092554601,0.03615432368530744,0.3433058526175033,0.3561523023743188,0.7319105096359586,0.09723872209266134
nonleaky,cluster,m2,lm,{},0.8589606318342635,0.03292215983684829,0.4766006035167655,0.047794370962810785,0.515592083325713,0.3216412784751416,0.6081789732956968,0.1562643105110081
nonleaky,cluster,m2,xgb,"{'n_estimators': 200, 'max_depth': 3, 'learning_rate': 0.05}",0.8903508409164524,0.028017249666715656,0.41784223286710614,0.032077509713370964,0.3793837153294972,0.379792198168509,0.7112753206044001,0.1460577924372085
nonleaky,cluster,m2,xgb,"{'n_estimators': 200, 'max_depth': 3, 'learning_rate': 0.1}",0.8963575773565312,0.027524637170939645,0.4052587153529271,0.027288988518548527,0.3312057334896431,0.45272050726624047,0.7279470543771905,0.1382978925340712
nonleaky,cluster,m2,xgb,"{'n_estimators': 200, 'max_depth': 4, 'learning_rate': 0.05}",0.8952118423013478,0.027324023195606256,0.4078366010883075,0.028335561002133566,0.33851681342281564,0.41500116552005206,0.7316891607544735,0.13072956573182962
nonleaky,cluster,m2,xgb,"{'n_estimators': 200, 'max_depth': 4, 'learning_rate': 0.1}",0.9005047759399035,0.02704240989825135,0.3964368881490733,0.024329938145010135,0.31138541997704927,0.45309471681449853,0.7406335023256575,0.12832136673819966
nonleaky,cluster,m2,xgb,"{'n_estimators': 200, 'max_depth': 6, 'learning_rate': 0.05}",0.9018098457602195,0.026321460509486125,0.39409116585147136,0.024881834422128133,0.2961685354238289,0.4332658046803708,0.7555896250686678,0.11742530120628995
nonleaky,cluster,m2,xgb,"{'n_estimators': 200, 'max_depth': 6, 'learning_rate': 0.1}",0.9050611932517668,0.026400536542029597,0.3866272632549745,0.021670286645521813,0.3108981824982527,0.40109006599787994,0.7492752500397697,0.11046536780790962
nonleaky,cluster,m2,xgb,"{'n_estimators': 300, 'max_depth': 3, 'learning_rate': 0.05}",0.894165531520715,0.02779165510343393,0.40984222262025993,0.028870369766039003,0.36601045692168244,0.40390975990605515,0.7145803669812982,0.13893470507563585
nonleaky,cluster,m2,xgb,"{'n_estimators': 300, 'max_depth': 3, 'learning_rate': 0.1}",0.8990395488156853,0.027154662511833495,0.39964667306503565,0.02574325938760679,0.31799152023046623,0.46019069411994334,0.7346083257553752,0.1334949033876906
nonleaky,cluster,m2,xgb,"{'n_estimators': 300, 'max_depth': 4, 'learning_rate': 0.05}",0.8986513745762554,0.027203785872832575,0.40042047929944735,0.02560914923246723,0.33453687077039007,0.4179323716935678,0.7326920663851129,0.12527326573126293
nonleaky,cluster,m2,xgb,"{'n_estimators': 300, 'max_depth': 4, 'learning_rate': 0.1}",0.9026063476426266,0.026798969487589953,0.3919056147302083,0.023022296525699003,0.31153733121206717,0.43433672794902806,0.7431091797349925,0.12181270238433217
nonleaky,cluster,m2,xgb,"{'n_estimators': 300, 'max_depth': 6, 'learning_rate': 0.05}",0.9040667969294365,0.026433724632799603,0.3888902263442074,0.022587905622723174,0.3069084347559389,0.4165776687351992,0.7500540805964214,0.11331042034805014
nonleaky,cluster,m2,xgb,"{'n_estimators': 300, 'max_depth': 6, 'learning_rate': 0.1}",0.9058711491916274,0.026436923362550827,0.3847360801997738,0.020937453956024518,0.32137809346858326,0.37619950104571653,0.7464819154366393,0.10905286428918111
nonleaky,cluster,m2,rf,"{'n_estimators': 300, 'max_depth': 6, 'min_samples_leaf': 1}",0.8976805827293493,0.028568068532406087,0.4017888913262205,0.025570502599522853,0.3837179320140444,0.3395262113356908,0.7140293006742296,0.13162685575032712
nonleaky,cluster,m2,rf,"{'n_estimators': 300, 'max_depth': 6, 'min_samples_leaf': 3}",0.8966349563977694,0.028225219491489623,0.4043382517578535,0.027128145998582,0.36596941819220985,0.3825843378439394,0.7167241456881738,0.13734885553081252
nonleaky,cluster,m2,rf,"{'n_estimators': 300, 'max_depth': 10, 'min_samples_leaf': 1}",0.9405817626998317,0.019673980827893987,0.3023910088385132,0.01293051582856833,0.3305592701816863,0.38947583634918786,0.7387706631831256,0.1315983135415102
nonleaky,cluster,m2,rf,"{'n_estimators': 300, 'max_depth': 10, 'min_samples_leaf': 3}",0.9301763585706679,0.01925071803513798,0.33230500607713337,0.023321288091024732,0.3360114477450402,0.4075891786470662,0.73141443870411,0.1379511889766672
nonleaky,cluster,m2,rf,"{'n_estimators': 300, 'max_depth': None, 'min_samples_leaf': 1}",0.9714798112988522,0.008632700466388907,0.21127027526364425,0.01230849009970922,0.27914678089442546,0.3961566718120496,0.7684377151368992,0.1178904019707665
nonleaky,cluster,m2,rf,"{'n_estimators': 300, 'max_depth': None, 'min_samples_leaf': 3}",0.9441433867204045,0.0133550330179143,0.29975594806782535,0.03136107184221351,0.3232117720792449,0.40305827580884196,0.7400235158157338,0.1329428819696713
nonleaky,cluster,m3,lm,{},0.9067249269425044,0.02954465495019676,0.37800900580393293,0.01087510124572983,0.5536706598591757,0.21166377294949665,0.6093440316016359,0.15143287822825094
nonleaky,cluster,m3,xgb,"{'n_estimators': 200, 'max_depth': 3, 'learning_rate': 0.05}",0.9253337808030515,0.022236672360755664,0.33961254290811843,0.00694217413384353,0.2650013434313526,0.6284232586705114,0.7341783492582389,0.20510918309711737
nonleaky,cluster,m3,xgb,"{'n_estimators': 200, 'max_depth': 3, 'learning_rate': 0.1}",0.9332020667333751,0.02026120055994646,0.32075790221285605,0.008390267620172207,0.26964634075061167,0.6149733923214002,0.7333039113275326,0.19693699582127774
nonleaky,cluster,m3,xgb,"{'n_estimators': 200, 'max_depth': 4, 'learning_rate': 0.05}",0.9340463963352968,0.020197653092329258,0.3185356116096644,0.008088948026023945,0.25425310586414307,0.6456195683452398,0.7361953204644313,0.20428067719378365
nonleaky,cluster,m3,xgb,"{'n_estimators': 200, 'max_depth': 4, 'learning_rate': 0.1}",0.9417880536125391,0.018114148691847447,0.2987627906282059,0.009848581495551111,0.2684118916246717,0.5948104177417348,0.7386848236987423,0.18969092584919886
nonleaky,cluster,m3,xgb,"{'n_estimators': 200, 'max_depth': 6, 'learning_rate': 0.05}",0.9486943771588787,0.01639132087862666,0.2797835366467677,0.010982945357184009,0.254309060077395,0.5973597325880856,0.7476495631529287,0.18650054976277536
nonleaky,cluster,m3,xgb,"{'n_estimators': 200, 'max_depth': 6, 'learning_rate': 0.1}",0.9562636322550759,0.014336748275562331,0.25747225733976953,0.01373523801429047,0.22132161559909075,0.6630121391270791,0.7552992914315355,0.20050561273649614
nonleaky,cluster,m3,xgb,"{'n_estimators': 300, 'max_depth': 3, 'learning_rate': 0.05}",0.9300222981869478,0.020922928344290003,0.3286030026837258,0.007323523345393472,0.26515920326760806,0.626755320662763,0.7335948831632912,0.20176394609926124
nonleaky,cluster,m3,xgb,"{'n_estimators': 300, 'max_depth': 3, 'learning_rate': 0.1}",0.9373700213621501,0.019167773055459143,0.31026478570518573,0.009458761427553425,0.2592312223706707,0.6262696745199412,0.7370753618271185,0.19556510500286603
nonleaky,cluster,m3,xgb,"{'n_estimators': 300, 'max_depth': 4, 'learning_rate': 0.05}",0.9388184225268146,0.018853917645541736,0.30651415414153405,0.008918498679061995,0.25465290837659627,0.6379785744501224,0.7367604609697738,0.20112134763198497
nonleaky,cluster,m3,xgb,"{'n_estimators': 300, 'max_depth': 4, 'learning_rate': 0.1}",0.9462651613451938,0.01694006167632299,0.28652049114014533,0.01161860155736838,0.2831229770388097,0.5545193594773017,0.7372176541979435,0.18184760970191435
nonleaky,cluster,m3,xgb,"{'n_estimators': 300, 'max_depth': 6, 'learning_rate': 0.05}",0.9532647145609487,0.01506029380353214,0.266608000210257,0.012675137550713611,0.2429808778035684,0.6139012838314138,0.7510347981057541,0.18828124203590993
nonleaky,cluster,m3,xgb,"{'n_estimators': 300, 'max_depth': 6, 'learning_rate': 0.1}",0.9605285745553663,0.013020897935126228,0.24418226379423746,0.015638316617591456,0.19855642438589594,0.6873236659697758,0.7652775530314713,0.20514134530569103
nonleaky,cluster,m3,rf,"{'n_estimators': 300, 'max_depth': 6, 'min_samples_leaf': 1}",0.9205231776601378,0.025774671232739587,0.3486650206888363,0.009783792542392863,0.2893891745543865,0.5456137548120041,0.7359081045668051,0.1679092976429454
nonleaky,cluster,m3,rf,"{'n_estimators': 300, 'max_depth': 6, 'min_samples_leaf': 3}",0.9195665059058271,0.025251617671820145,0.35167309783351247,0.007541553961469576,0.2788895201775678,0.5819004439950975,0.7342724368930765,0.17731033124289897
nonleaky,cluster,m3,rf,"{'n_estimators': 300, 'max_depth': 10, 'min_samples_leaf': 1}",0.9545721205454039,0.01755726660650865,0.25877527102620634,0.022718538844141392,0.3009980090532788,0.5440237447725623,0.7287320172930482,0.17950788155824776
nonleaky,cluster,m3,rf,"{'n_estimators': 300, 'max_depth': 10, 'min_samples_leaf': 3}",0.9478559422337115,0.016195438160545934,0.2833764236655133,0.006007609682401756,0.2661157455804548,0.6262129156115508,0.7335901995517092,0.198290732665696
nonleaky,cluster,m3,rf,"{'n_estimators': 300, 'max_depth': None, 'min_samples_leaf': 1}",0.9805514614871772,0.006266573055997603,0.1724497915169408,0.005353382053428134,0.2790193513892163,0.5489159749854502,0.7422502059905828,0.17787088583808655
nonleaky,cluster,m3,rf,"{'n_estimators': 300, 'max_depth': None, 'min_samples_leaf': 3}",0.9611225012725342,0.009450863909783324,0.24836288660320163,0.012849391122019185,0.2607440581343531,0.6229136120138017,0.7379083560356092,0.1971665109734889
nonleaky,cluster,m4,lm,{},0.8923868819885851,0.02286961732790748,0.41622313164871977,0.034292339067990896,-183.84132596027234,353.2042929503374,8.044197426822405,12.562540761430379
nonleaky,cluster,m4,xgb,"{'n_estimators': 200, 'max_depth': 3, 'learning_rate': 0.05}",0.9236832716255619,0.021001100886914727,0.34519313049451067,0.005342541568641168,0.32697127879238874,0.45065689286268346,0.7318553034357327,0.16466667433747226
nonleaky,cluster,m4,xgb,"{'n_estimators': 200, 'max_depth': 3, 'learning_rate': 0.1}",0.9316726258630557,0.018927923851715045,0.3262958289988648,0.005682280864852227,0.25633301828472277,0.5286128632473285,0.7612927678033415,0.16977159485859508
nonleaky,cluster,m4,xgb,"{'n_estimators': 200, 'max_depth': 4, 'learning_rate': 0.05}",0.9328187047844605,0.018903482374169514,0.3232281030478903,0.005167031307251919,0.29978792206966737,0.4992433884110784,0.7393072038556101,0.16687526501708455
nonleaky,cluster,m4,xgb,"{'n_estimators': 200, 'max_depth': 4, 'learning_rate': 0.1}",0.9408569158205756,0.017006363340954414,0.3026636620211044,0.007146335223116771,0.21115840525368204,0.5993361905814776,0.7764195110782606,0.17335324094921742
nonleaky,cluster,m4,xgb,"{'n_estimators': 200, 'max_depth': 6, 'learning_rate': 0.05}",0.9485772167090412,0.015161858313300212,0.28164851980808053,0.00819318052071795,0.17246198599149282,0.6823202346173491,0.7868963944521679,0.18339041805022144
nonleaky,cluster,m4,xgb,"{'n_estimators': 200, 'max_depth': 6, 'learning_rate': 0.1}",0.9558674018055153,0.013098616527858493,0.2604771140333954,0.012110570705888321,0.12807437667950944,0.7133727727639608,0.8084530795516123,0.184329748071208
nonleaky,cluster,m4,xgb,"{'n_estimators': 300, 'max_depth': 3, 'learning_rate': 0.05}",0.9286546760577303,0.01982503337012959,0.3335218686858452,0.004755755448401942,0.2996079006006237,0.5203791193511642,0.7342703560188552,0.17474556602951327
nonleaky,cluster,m4,xgb,"{'n_estimators': 300, 'max_depth': 3, 'learning_rate': 0.1}",0.9360109311691216,0.01770026163959538,0.3156728388906639,0.0060006715284934295,0.23572104800361773,0.5640366162262663,0.7659478420102843,0.1719182092205086
nonleaky,cluster,m4,xgb,"{'n_estimators': 300, 'max_depth': 4, 'learning_rate': 0.05}",0.937888049364491,0.01759350805123322,0.3105524219916377,0.005869073899613123,0.27771268557240286,0.5336004982027452,0.7462213958695704,0.16765826303965498
nonleaky,cluster,m4,xgb,"{'n_estimators': 300, 'max_depth': 4, 'learning_rate': 0.1}",0.9453393319685901,0.015668532840508148,0.2908419518805282,0.008673100424386238,0.2135089201887448,0.591546632935664,0.7762758556324998,0.16915559520391948
nonleaky,cluster,m4,xgb,"{'n_estimators': 300, 'max_depth': 6, 'learning_rate': 0.05}",0.9528725857225442,0.013902407481259718,0.26941574620805786,0.01015760549240693,0.16891327004072793,0.6818313735791978,0.7888586753923639,0.17959843592276534
nonleaky,cluster,m4,xgb,"{'n_estimators': 300, 'max_depth': 6, 'learning_rate': 0.1}",0.9599663987197417,0.01182690403586052,0.2481026535337027,0.014138801218016077,0.12046948350453686,0.715704191552471,0.8125246032064706,0.18160161965221752
nonleaky,cluster,m4,rf,"{'n_estimators': 300, 'max_depth': 6, 'min_samples_leaf': 1}",0.9194437391249425,0.023968842751473603,0.3532418981994063,0.0037293251143836964,0.3642243378221684,0.41984095781749525,0.7108718739713347,0.14209205536132083
nonleaky,cluster,m4,rf,"{'n_estimators': 300, 'max_depth': 6, 'min_samples_leaf': 3}",0.9184526620057742,0.02348543907498402,0.3561854337693742,0.00458447026364602,0.35375030490784637,0.44529064196250745,0.7121379536284199,0.14397554501067056
nonleaky,cluster,m4,rf,"{'n_estimators': 300, 'max_depth': 10, 'min_samples_leaf': 1}",0.9565635784381407,0.015902822987769426,0.25446987549975597,0.01782521972028276,0.3246336061601786,0.4591048491102162,0.7284663590259804,0.1478803692222062
nonleaky,cluster,m4,rf,"{'n_estimators': 300, 'max_depth': 10, 'min_samples_leaf': 3}",0.9493338038819956,0.01465089664424786,0.2806883653686945,0.004118876775597236,0.32902597161393443,0.4728720718171473,0.7221567537038815,0.15159445207223063
nonleaky,cluster,m4,rf,"{'n_estimators': 300, 'max_depth': None, 'min_samples_leaf': 1}",0.9809167383651383,0.005607454761135862,0.17197051756319387,0.003475111943016937,0.29603286539450424,0.4766203448585663,0.7430557002881336,0.14534681110387201
nonleaky,cluster,m4,rf,"{'n_estimators': 300, 'max_depth': None, 'min_samples_leaf': 3}",0.9616541833463572,0.008405489878817644,0.24769465931169926,0.01610142342968386,0.3241026645393624,0.4699691384792388,0.7254101022451648,0.14928781670789157
