model,rmse,mae,r2
Residual-XGB,1.5598799743146716,0.33642253752833856,0.5121578120526933
M2-L,1.6872432274818563,0.4002264866324565,0.42924151479126627
M1-L,1.6890395441879047,0.4289005972530369,0.42802555640843964
Residual-RF,1.8637114692267653,0.38892522617197695,0.30360708306573814
M0-L,2.0072816069408717,0.48476129739675566,0.19218186287093542
M3-L,2.247345292293631,0.43104495162144546,-0.012596911781098452
M4-PGLS,2.2985414719167796,0.5910686479077178,-0.05925781670766028
M4-PGLMM,2.5504427967083347,0.6078479413687304,-0.03592354462006275
