model,rmse,mae,r2
xgboost,0.9466173915097204,0.13725474109856206,0.9545231606694914
random_forest,0.9877040865684602,0.14312494576282445,0.950489761747813
m2_baseline_mte,1.3829809238056001,0.263108798677804,0.9029325335363312
m3_clade_specific_mte,1.7500299541625308,0.23533124478783643,0.8445709188665599
m1_estimated_b,2.583033968656923,0.35234449044520655,0.6613886198473682
m0_fixed_b_3_4,3.833204774863564,0.409376930590819,0.25429791759751064
pgls_caper_mte,4.303258333887031,0.4947057223347163,0.06618942280429552
