taxon_name,random_forest_m0,xgboost_m0,random_forest_m1,xgboost_m1,random_forest_m2,xgboost_m2,random_forest_m3,xgboost_m3,random_forest_m4,xgboost_m4
Abramis brama,0.34193392561671143,0.37098758045199137,0.3419339256167115,0.37098758045199137,0.2834157161481512,0.3339015477829591,0.2742598953131528,0.5177048048686009,0.2822888590621927,0.34511263329137526
Abrothrix andinus,0.09426270187119942,0.11499027504676551,0.09426270187119938,0.11499027504676551,0.4941690476096913,0.8577596739633266,0.6582525798870137,0.7204226545408077,0.46243489496473134,0.7033817399285822
Abrothrix longipilis,0.10790334786956632,0.12168991384073834,0.10790334786956632,0.12168991384073834,0.5999929133855998,0.9238854751581977,0.6874844837750218,0.7539882009860707,0.6658283232229876,0.7419047156281658
Abrothrix olivaceus,0.09806164154654141,0.16189883426172189,0.09806164154654141,0.16189883426172189,0.6927534844209953,0.46477873809876785,0.7477269775827919,0.9290813110166888,0.7758982244983815,0.9919879873313792
Acanthagenys rufogularis,0.07483621239475514,0.050241892039758006,0.07483621239475514,0.050241892039758006,0.21411474466795952,0.5661684119037672,0.15209012616571635,0.8690227300458928,0.21414019113182917,0.8693661487644344
Acanthiza chrysorrhoa,0.052844900344316104,0.11094792357562039,0.052844900344316104,0.11094792357562039,0.3152245372778263,0.437893107700926,0.11604167740904286,0.8955881329512182,0.31770063077318467,0.7549143010379042
Acanthiza lineata,0.061084172532154916,0.05406709323906176,0.061084172532154916,0.05406709323906176,0.18082122738592185,0.9659823305899203,0.8474099128229563,0.743609210943364,0.862327080006902,0.9760078629974118
Acanthiza pusilla,0.035398320435016985,0.02554316673854954,0.03539832043501695,0.02554316673854954,0.14684055120697884,0.18021819914992124,0.15815973674548636,0.7295488535403185,0.2952738567843185,0.6880426547862585
Acanthiza uropygialis,0.06385369703191285,0.05078107978773584,0.0638536970319129,0.05078107978773584,0.15561404964496722,0.5754489047307803,0.9410745812032577,0.8198538706703492,0.9576405508101101,0.8460986986548689
Acanthodactylus opheodurus,0.5660167205726961,0.423290676266132,0.5660167205726961,0.423290676266132,0.8297717966960074,0.6435043075683898,0.9249684390673218,0.4650324187884236,0.909622951669822,0.4994767852246057
Acanthodactylus pardalis,0.31285777605787274,0.5403037153486107,0.31285777605787274,0.5403037153486107,0.5046654866216236,0.972577671999212,0.6839884633151454,0.42579014915513735,0.5103658003640978,0.6317150468794485
Acanthodactylus schmidti,0.7089758837772581,0.8834803704816447,0.7089758837772581,0.8834803704816447,0.240641457962424,0.7893927457472953,0.6942956435363278,0.6020714249429336,0.24210679919534028,0.5223405053679621
Acanthodactylus schreiberi,0.6597026746308778,0.7421899592447253,0.6597026746308778,0.7421899592447253,0.10999554117022074,0.3917295664337988,0.2520297942605925,0.6373287542519194,0.15778144225999013,0.492331918518535
Acanthodactylus scutellatus,0.6314272272417499,0.5368710699165575,0.6314272272417494,0.5368710699165575,0.24986498212920139,0.3692758351610408,0.6908808526686886,0.8299837195080039,0.2605507510534893,0.5411736383847126
Acanthopagrus schlegelii,0.5543858588402925,0.5758663753371646,0.5543858588402925,0.5758663753371646,0.5859413358016828,0.5540411727271621,0.5614166325664358,0.48550730807333375,0.5859413358016827,0.43432032327549597
Acanthophis praelongus,0.39607792953196025,0.9479717258026901,0.39607792953196025,0.9479717258026901,0.4743299912595792,0.366986506833225,0.27104978720502276,0.39950324237527157,0.48193433359519655,0.5198416163596804
Acanthorhynchus tenuirostris,0.045086741456464845,0.06676290311575205,0.045086741456464845,0.06676290311575205,0.2762476395035673,0.1768381431466235,0.09929078455284324,0.5662586595268477,0.27841756887895724,0.41813238552711607
Acheta domesticus,0.4684748849974855,0.5735124312379116,0.4684748849974847,0.5735124312379116,0.7369761351915629,0.752571277016473,0.7326753112596595,0.6542938147415684,0.7326753112596582,0.743225061933696
Acipenser fulvescens,0.6711455275656554,0.6272996533868416,0.6711455275656554,0.6272996533868416,0.2629962473783663,0.432880168485754,0.2997774889866852,0.31792917649626584,0.2660871966774292,0.24948216821439168
Acipenser gueldenstaedtii,0.7077967968113144,0.6106180696333839,0.7077967968113144,0.6106180696333839,0.7045157166508446,0.585906360228811,0.6465161419559007,0.7814655668536472,0.7062548582366541,0.6381613020879152
Acipenser nudiventris,0.3740896686735924,0.4477043160033326,0.3740896686735924,0.4477043160033326,0.34562932088542636,0.7078507777517297,0.36282851892600987,0.5857283129985298,0.34620360584559084,0.9874097027806051
Acipenser ruthenus,0.5695093956643437,0.29756873610724116,0.5695093956643437,0.29756873610724116,0.5423713761863932,0.3884233235924704,0.5574353193139845,0.49450019242987514,0.5423713761863933,0.4857090033161305
Acipenser stellatus,0.5399320459347433,0.5277315250882035,0.5399320459347433,0.5277315250882035,0.6013801963904153,0.5428854193899201,0.561750603455446,0.652028969062248,0.595465404066409,0.5984789217371334
Acipenser transmontanus,0.5465246403845679,0.3944627868457201,0.5465246403845679,0.3944627868457201,0.6375141311419124,0.45599181597821203,0.6550852045860867,0.6490422396683877,0.637817930674445,0.5828081895162834
Acomys spinosissimus,0.08929808538961405,0.08612999251986858,0.08929808538961405,0.08612999251986858,0.3193770305580531,0.6017418880379798,0.47176794439448927,0.8765123513681118,0.3184627304510038,0.8809984758870945
Acomys subspinosus,0.06060797634956634,0.047074659012804845,0.06060797634956634,0.047074659012804845,0.4130670224112929,0.4657807039726873,0.45261092908408945,0.6464122971156054,0.4583916189257851,0.7281145109070132
Aconaemys fuscus,0.145279950445682,0.29615340111534105,0.14527995044568207,0.29615340111534105,0.5633757558405229,0.49130385755433587,0.6895812602264701,0.9345733052382814,0.5446097122723298,0.8335059167721819
Acontias meleagris,0.34437546461482776,0.37104024866122737,0.3443754646148281,0.37104024866122737,0.05345813335912216,0.04846273943846994,0.151081581489579,0.12614503844065206,0.05476437799312577,0.03960468596386885
Acrantophis dumerili,0.06739279445189449,0.05180621532731259,0.06739279445189449,0.05180621532731259,0.060013814436891806,0.06515028050461123,0.07015147156461708,0.6950817531519449,0.06085509236216695,0.441287446431769
Acridotheres tristis,0.14563873309661599,0.04947497210419638,0.14563873309661587,0.04947497210419638,0.7830892165024886,0.9216689730148462,0.19280420811214202,0.9531633073557171,0.8100900716312315,0.6498210372367745
Acris crepitans,0.12872935076118,0.2164969045536713,0.12872935076118,0.2164969045536713,0.18063934166002377,0.20164341186887239,0.1730201876362505,0.969106535560969,0.1670416528904837,0.9271881853602089
Acrobates pygmaeus,0.15503454167785494,0.16269826148578365,0.15503454167785494,0.16269826148578365,0.4698432051400804,0.7336988286299466,0.5108462580879094,0.6133324545862812,0.4443268651358605,0.7712415579240668
Acrocephalus arundinaceus,0.08533826078862661,0.10481859048387004,0.08533826078862661,0.10481859048387004,0.3045554955145098,0.5030031066224501,0.10401885058355947,0.9139958639896193,0.3058106985529427,0.926686616394804
Acrocephalus bistrigiceps,0.1633340130110021,0.2022025355811482,0.1633340130110021,0.2022025355811482,0.5890082583050323,0.9914658568284419,0.20445100925562765,0.8832654793137256,0.592490249721985,0.8668245670448282
Acrochordus arafurae,0.19886638790821756,0.12718740467792092,0.19886638790821756,0.12718740467792092,0.24433633708879038,0.15506794042038266,0.2831748252007031,0.2985567124296137,0.23932833047290367,0.17531213367764792
Aepyprymnus rufescens,0.6252132134720547,0.9300268424717119,0.6252132134720545,0.9300268424717119,0.6313951577259176,0.5167753002420462,0.6439116917248797,0.8120649743697199,0.6308186362027359,0.954736540755047
Aethopyga siparaja,0.027076329354942655,0.02263822746475008,0.027076329354942655,0.02263822746475008,0.026500321519205363,0.03599904311906815,0.030866222899011062,0.5351202339902708,0.030100561647941365,0.43969933248763027
Agalychnis callidryas,0.3984233888638937,0.43766752141750576,0.3984233888638937,0.43766752141750576,0.4102585216000926,0.4223974871173044,0.41472770622255767,0.41188147817822474,0.4060464058443598,0.4287236596481627
Agelenopsis aperta,0.7099582009196584,0.5736009391314421,0.7099582009196587,0.5736009391314421,0.756283474200346,0.5618772173546941,0.7531948640511189,0.42158397659167823,0.7542762830155256,0.394648245430286
Aglaeactis cupripennis,0.022158764410181362,0.032443023922935334,0.022158764410181362,0.032443023922935334,0.021591978111423316,0.024244052771664647,0.02481741392997806,0.9996099378882283,0.023992578543156198,0.9123565952244247
Ailurus fulgens,0.7632881875991585,0.867162661929682,0.7632881875991585,0.867162661929682,0.7873840743841928,0.30037241379502494,0.7914764672529024,0.6681045572374069,0.784852411248328,0.6224646154662229
Akodon azarae,0.10028717240047753,0.07222122485502183,0.10028717240047744,0.07222122485502183,0.8572824369709815,0.6515569300317866,0.9216555878439981,0.7274346611833635,0.960174052816747,0.7542319013598745
Albula vulpes,0.5204550525394415,0.8225317787390336,0.5204550525394415,0.8225317787390336,0.31575837547885566,0.6133947351967629,0.31964287715374995,0.15443308082012702,0.3155639715458956,0.36287842784706914
Alburnus alburnus,0.5868597203184005,0.5073011670219938,0.5868597203184003,0.5073011670219938,0.7049142473069179,0.8017078276683495,0.6705316560862196,0.5717543907859468,0.68887675841155,0.6732746709200769
Alces americanus,0.14639982459767464,0.13880491683371837,0.14639982459767464,0.13880491683371837,0.14300110721726117,0.5467712207429342,0.13514074733709036,0.29567576674013063,0.1425413180961604,0.28159179064484907
Alectoris chukar,0.16676464548237105,0.15639966257771692,0.16676464548237105,0.15639966257771692,0.17125058681878633,0.2738476337949686,0.1596071121280816,0.6959429166597284,0.17041984944361524,0.25620882142908996
Alligator mississippiensis,0.5971857088924669,0.7747887921632933,0.5971857088924669,0.7747887921632933,0.7233640339574079,0.9686689687364856,0.575974781389981,0.3804921685035246,0.7353912653257247,0.5349632355680637
Alophoixus bres,0.08719862098909578,0.12715058416561734,0.08719862098909585,0.12715058416561734,0.3029622150351169,0.24678200748699175,0.5443935558786346,0.8690087565559692,0.5811508925896693,0.9440486225935659
Amara quenseli,0.031526950334371376,0.01636015748971684,0.03152695033437143,0.01636015748971684,0.026452964429213206,0.012613579322516489,0.019021425811933088,0.0055909261746566324,0.02645304011771619,0.0056433900500333515
Amazona viridigenalis,0.07295235174810963,0.047673736830281886,0.07295235174810963,0.047673736830281886,0.07996132444120878,0.12919582230221366,0.08398267831232097,0.8360745265510328,0.07996132444120874,0.7713662673611078
Ambassis interrupta,0.5729638239432545,0.5048562830390607,0.5729638239432542,0.5048562830390607,0.49826243820686605,0.30880164360285756,0.5106253420613112,0.3055391720442287,0.5197264290929059,0.2937664384689426
Amblyrhynchus cristatus,0.27316287700557956,0.22821332623282087,0.27316287700557956,0.22821332623282087,0.32699502942619807,0.2524380112056503,0.3383290420893652,0.3214000206480355,0.3247290774557111,0.4356187034714858
Ambystoma gracile,0.3447960931883264,0.36223514425219117,0.3447960931883265,0.36223514425219117,0.6354912239138618,0.6917690697587673,0.6158059400900843,0.14457895498926435,0.6355052983747541,0.29453809489390026
Ambystoma jeffersonianum,0.32130070825887264,0.31166460330206275,0.32130070825887264,0.31166460330206275,0.5728745436669077,0.4330630520863981,0.5265974736493285,0.3744015764825338,0.5336324694988981,0.8245361646118616
Ambystoma laterale,0.3473340772697158,0.45358121063064294,0.3473340772697158,0.45358121063064294,0.4426784584475307,0.3473351030492606,0.38555957892998816,0.45282350196756,0.36926810715803654,0.7846158451634236
Ambystoma macrodactylum,0.49849034916586765,0.583699986873903,0.49849034916586765,0.583699986873903,0.47832104841648576,0.5962442912837256,0.4415421719316278,0.5163468181646855,0.4343583521045462,0.4115681937183504
Ambystoma maculatum,0.15815072686700055,0.09492925987883033,0.15815072686700055,0.09492925987883033,0.18449437192270507,0.1877364056508278,0.1776671614893216,0.7056171970238362,0.1846807485420608,0.9232817858627382
Ambystoma mexicanum,0.07965675323461432,0.14590636809053031,0.07965675323461437,0.14590636809053031,0.1842506067391589,0.2569017719517681,0.15677963740623446,0.07018917532761997,0.18211029600319112,0.3122991059615839
Ambystoma opacum,0.1160578129774625,0.10773437736789739,0.1160578129774625,0.10773437736789739,0.26178444030428244,0.06890138840597937,0.21207594605823993,0.08757113450407593,0.20754936544800162,0.06614444616576357
Ambystoma talpoideum,0.2867012911712248,0.1939245241335465,0.2867012911712248,0.1939245241335465,0.2990814114931756,0.5066831373165224,0.2852150435050415,0.6935096298025734,0.2962619842658822,0.43090305114350047
Ambystoma tigrinum,0.26419697838816025,0.16054488772666675,0.26419697838816025,0.16054488772666675,0.3423365222751038,0.3574773833817176,0.38815942048489416,0.10810753941280216,0.34690644307376417,0.48445012683028715
Ameiurus melas,0.23358562894192392,0.22194694500804865,0.2335856289419238,0.22194694500804865,0.43825458381944404,0.27052164413548946,0.46232998574908596,0.7058518603797973,0.4143609107843882,0.7033441032515051
Ameiurus natalis,0.5140070728754872,0.4995318331593153,0.5140070728754872,0.4995318331593153,0.6395930762876224,0.47465118143057045,0.6140033842972419,0.5622232108586285,0.6458300512184815,0.6031409639660849
Ameiurus nebulosus,0.45985399017234035,0.5447077126165065,0.45985399017234035,0.5447077126165065,0.5438461428148744,0.5202812716044758,0.5210490658466248,0.5502455996749995,0.5200167199047472,0.5909454947058586
Ammospermophilus leucurus,0.12530532953597479,0.17213665819021948,0.12530532953597479,0.17213665819021948,0.6244026650821927,0.6974331841040303,0.7460716880008338,0.8022865398842436,0.5793397930040612,0.7839290240531351
Amphiuma means,0.3275641225268808,0.3297998344617675,0.3275641225268808,0.3297998344617675,0.2928276032168932,0.5919453415766671,0.30106932640899375,0.15744564160880398,0.2928276032168931,0.808232423342047
Amphiuma tridactylum,0.2861497637049427,0.297332410021376,0.2861497637049427,0.297332410021376,0.29253200576758176,0.2854956250797333,0.31253572256361617,0.5348191488552473,0.29377307690087295,0.32897061151676776
Anabas testudineus,0.024673795834025677,0.025581364433120816,0.024673795834025677,0.025581364433120816,0.039274050826270446,0.021453687340123862,0.04108362576602967,0.020951715628045695,0.039376149695113424,0.022476376730557662
Anachalcos convexus,0.7570726253996312,0.7522649516298439,0.7570726253996314,0.7522649516298439,0.7598431224713724,0.6863018813408913,0.7575130853403673,0.2218000479698417,0.7573610813689864,0.3060142260378327
Anarhichas minor,0.1763755620434818,0.1828631297787095,0.1763755620434818,0.1828631297787095,0.3360846087414679,0.5863772827716766,0.3254641924359835,0.7548444853018925,0.3351452481185923,0.6332652746699234
Anas acuta,0.06959994855166764,0.05150425739807496,0.06959994855166764,0.05150425739807496,0.03779185026736342,0.7748592284745425,0.04260266492946398,0.7352081615998961,0.03799107757096956,0.991436470896338
Anas crecca,0.08724971505005878,0.1652431879544478,0.08724971505005878,0.1652431879544478,0.09659327992497982,0.31223187558211013,0.10145107540128336,0.4279637957985201,0.09659327992497982,0.6698071283094306
Anax junius,0.2185067647501146,0.273680398653513,0.2185067647501148,0.273680398653513,0.229565193080758,0.48124353128563646,0.2278735250371725,0.9345627761016866,0.22810782008387626,0.5081481607627057
Anaxyrus americanus,0.1582176599581933,0.1899070611677134,0.15821765995819326,0.1899070611677134,0.1491417247435645,0.18130861482284766,0.18545824599930447,0.37604874185613724,0.1532660470395542,0.21706098267287957
Anaxyrus boreas,0.17936623542499275,0.2326130515965893,0.1793662354249928,0.2326130515965893,0.17974730405063302,0.1895968851052648,0.27376228469539027,0.17928018209064123,0.18330767985009339,0.22321410862653057
Anaxyrus cognatus,0.30721209420592616,0.3344640053533887,0.30721209420592616,0.3344640053533887,0.33879511784052624,0.25856679226711243,0.3928118473838663,0.17682490454862718,0.3444878580510329,0.14122473994208523
Anaxyrus debilis,0.6704361362781759,0.8454199203713428,0.6704361362781759,0.8454199203713428,0.8597049205621624,0.5378280240199654,0.9137273483887346,0.6193873541897067,0.9269322130193242,0.8460684369757734
Anaxyrus retiformis,0.1082754838859075,0.09144642445704618,0.1082754838859075,0.09144642445704618,0.09983790670916035,0.09866132007267946,0.10366591157438887,0.0890541557042162,0.09990622083425878,0.10278204474323932
Anaxyrus terrestris,0.6170268866875748,0.2459356989588336,0.6170268866875737,0.2459356989588336,0.7704295527303613,0.5419574080502852,0.9054244217476615,0.29252727653019417,0.7794842776921326,0.230706978835712
Anaxyrus woodhousii,0.18628166671399882,0.25998618414393276,0.18628166671399882,0.25998618414393276,0.22724219836379453,0.17174448084616062,0.27235446265136976,0.2741685334740483,0.2323847314216452,0.13333166492746537
Aneides ferreus,0.3763436762079492,0.1538747818861948,0.37634367620794984,0.1538747818861948,0.8726641378127731,0.1035468913915856,0.8197924721068821,0.7410905125521421,0.814909293803066,0.39212558839138123
Aneides flavipunctatus,0.17325274933504647,0.1964628289236602,0.1732527493350466,0.1964628289236602,0.30213012626843627,0.24651837828294876,0.28799307844220606,0.8118548843469038,0.2776203884823466,0.41198170689863356
Aneides hardii,0.27061519757298164,0.30248154909140557,0.27061519757298164,0.30248154909140557,0.22645096966961623,0.28063482832607994,0.233153307539622,0.5927426238210145,0.23335152931708894,0.4031127424940651
Aneides lugubris,0.1926482135617419,0.19295067512172331,0.1926482135617419,0.19295067512172331,0.31644888844563795,0.32243081852114586,0.28933134414225387,0.7597158353523397,0.28370675385389676,0.5507102129322337
Anguilla anguilla,0.47964353986306313,0.4711512445389032,0.479643539863063,0.4711512445389032,0.5511810680704164,0.48003181834113173,0.5606237771269545,0.5443722930072822,0.5546776439103852,0.5835104087798
Anguilla australis,0.21537781399840739,0.2715524986868704,0.21537781399840727,0.2715524986868704,0.4159863327168616,0.3765428033657638,0.40300318637252497,0.23911170659754433,0.4159646724109072,0.06897128786842012
Anguilla japonica,0.4766631454485231,0.46362519656891493,0.4766631454485231,0.46362519656891493,0.4193496043696536,0.36436413318815813,0.4735010619110595,0.45971970306618,0.41934960436965363,0.391619682501764
Anguilla rostrata,0.5729094905825175,0.5322807702731205,0.5729094905825175,0.5322807702731205,0.6657421930795058,0.6119724767770205,0.6526942080828433,0.5968925529338123,0.6609237370869296,0.5832265468564277
Anguis fragilis,0.35798226781551007,0.31910536498481196,0.35798226781551007,0.31910536498481196,0.16643774676020784,0.32388203047118996,0.16225825142681147,0.2203703072279291,0.1558943753812412,0.2983339945600167
Anniella pulchra,0.5071108877925607,0.4650751944892942,0.5071108877925609,0.4650751944892942,0.48571578654451225,0.4793740013349866,0.4879812101997805,0.860144774670765,0.40624068556800114,0.7956369253270364
Anolis acutus,0.5106323127111914,0.4830902219180249,0.5106323127111918,0.4830902219180249,0.8611535346917825,0.8780525388396362,0.6631999741329909,0.5627510980856237,0.6403352401469481,0.5746380883502303
Anolis carolinensis,0.8189551465873192,0.7222039482261142,0.8189551465873184,0.7222039482261142,0.6668491369264422,0.8351382518247004,0.7289457552129177,0.6924972561194402,0.6187229470100091,0.9210508769993785
Anolis limifrons,0.33005014109447833,0.2638249438055707,0.33005014109447867,0.2638249438055707,0.2929410101094669,0.3154770354573481,0.2871270877556055,0.5015171937991012,0.24081732901438863,0.26208547514257097
Anolis sagrei,0.6887396084560689,0.5575091520311214,0.6887396084560689,0.5575091520311214,0.39529285385985596,0.9109613209504152,0.3995774185544087,0.5216800341598556,0.38617750237255843,0.647298752663138
Anoplogaster cornuta,0.06689895189737119,0.08031166909408659,0.06689895189737119,0.08031166909408659,0.07296332042221065,0.32435585626770624,0.07431126066204018,0.3617736315700125,0.07424009708275657,0.4544118753030293
Anous minutus,0.20031000474344432,0.16386601707565746,0.20031000474344432,0.16386601707565746,0.3229541415575168,0.93256832990621,0.24791512674694746,0.7266583652573749,0.3238967380272735,0.7998432931136131
Antaresia childreni,0.5125407230696399,0.4582701805544563,0.5125407230696399,0.4582701805544563,0.35850750817605537,0.2171488463365256,0.49708463935877556,0.5110023523905947,0.3585075081760555,0.7037061919142079
Antaresia stimsoni,0.6223978150171814,0.8072930642144576,0.6223978150171814,0.8072930642144576,0.33645467031944104,0.2994518746002698,0.5962579606679659,0.15224819619004284,0.33645467031944104,0.5108406074950251
Antechinomys laniger,0.19506938931467646,0.20531258024547674,0.19506938931467646,0.20531258024547674,0.6998860283665295,0.8999143196826622,0.65100240036906,0.5338652458075295,0.624886704905066,0.5432954389517503
Antechinus flavipes,0.19064044048401438,0.23784590450494686,0.19064044048401446,0.23784590450494686,0.7546274459987503,0.8770770580755968,0.6264890257714009,0.8615877035105983,0.8139566736671232,0.808190060336205
Antechinus stuartii,0.1497855587272665,0.22273124589285354,0.14978555872726665,0.22273124589285354,0.817722231001995,0.4341742144264888,0.9392912080319545,0.957488191824296,0.9479314009756362,0.8672021147552152
Antechinus swainsonii,0.16313377573448207,0.1728935602559999,0.16313377573448207,0.1728935602559999,0.9707510183699716,0.8977737129488392,0.8621370985482175,0.988441748265694,0.9006923344360017,0.8932622506040773
Anthracothorax nigricollis,0.019118692256861664,0.008905152965296885,0.019118692256861646,0.008905152965296885,0.018607857081486358,0.012023620547848057,0.02138752128952947,0.7186927193050643,0.020676682342095857,0.44520582087421595
Aotus trivirgatus,0.11903030660926515,0.12504445159857985,0.11903030660926515,0.12504445159857985,0.31568703423482253,0.5350514289147662,0.5453284736640949,0.7585137079634081,0.31568703423482253,0.7544608370948925
Aphaenogaster cockerelli,0.14402607221802358,0.10245558212981268,0.14402607221802358,0.10245558212981268,0.1448211567320542,0.14255563714054176,0.14497385710174843,0.062494050460693944,0.14482115673205445,0.06060269473024146
Aphanius dispar,0.7028167890115903,0.47217299458451356,0.7028167890115903,0.47217299458451356,0.8147100486165956,0.5600003118706004,0.8097402776191407,0.6604769808704205,0.8095381904360159,0.7140461461610169
Aphodius contaminatus,0.376768448579977,0.1833025678563352,0.37676844857997566,0.1833025678563352,0.4120353593856009,0.24004892443316872,0.5887014334689837,0.2124775745505878,0.4120341804534493,0.18149505356430284
Aphodius fimetarius,0.3082133631794469,0.35910735537209443,0.3082133631794469,0.35910735537209443,0.3508282053236297,0.29185168750099144,0.5652397029821312,0.4197104304514165,0.3508272015198495,0.2497824616725451
Aphodius rufus,0.4055498079279204,0.2421381964193008,0.40554980792791995,0.2421381964193008,0.29119270618266524,0.15190560381819992,0.39809319660651377,0.5216026596141853,0.2911922382294738,0.40238833037901584
Apis mellifera,0.19828625296286814,0.17409215824784083,0.19828625296286814,0.17409215824784083,0.2096288080080594,0.3062457254675662,0.21163969771646388,0.8700370562258481,0.2100429575969817,0.8697913054713928
Aplodontia rufa,0.2510638868326193,0.3504939351548832,0.2510638868326193,0.3504939351548832,0.4312219657927715,0.4207226678141685,0.8120070096957186,0.825638491937994,0.4252324355473176,0.6354587295683045
Apodemus mystacinus,0.15107327889783725,0.2955839205794727,0.15107327889783734,0.2955839205794727,0.9567480458509836,0.7451857128025461,0.8044643502124055,0.7836460030973081,0.9669295795082765,0.9466246822047557
Apodemus sylvaticus,0.0885124547670186,0.031253775715431135,0.0885124547670186,0.031253775715431135,0.31610532349977305,0.27977074271681296,0.45878533950542816,0.7092083810755957,0.3152003895080902,0.6184034596512583
Apodemus witherbyi,0.07263854261728236,0.07883402747810483,0.07263854261728236,0.07883402747810483,0.27216748224875503,0.48137727802069685,0.3940007812683976,0.7027729203243676,0.2718721746169099,0.5198389876247558
Apteryx australis,0.3862189931480718,0.29119504206829233,0.3862189931480718,0.29119504206829233,0.40989944256917815,0.12983943826343777,0.41953046441220415,0.7701927061289192,0.4196559259314257,0.8171358078728775
Apteryx owenii,0.4613769266769106,0.46178428718052444,0.4613769266769106,0.46178428718052444,0.2974684322116506,0.3836581109420027,0.3097073617420419,0.7645985658712501,0.3051501965379749,0.8968427837047366
Aquiloeurycea cephalica,0.18472934775488897,0.1227992813118311,0.18472934775488964,0.1227992813118311,0.4477052761675676,0.21874001165431833,0.4216193469144466,0.9003406243179117,0.41787442461236235,0.5336254365632047
Arachnothera longirostra,0.06640494313897705,0.09955110517718267,0.06640494313897699,0.09955110517718267,0.3940517738426122,0.4840256166012741,0.13818466376753435,0.793588632719706,0.39714705647026555,0.7630097671444334
Arapaima gigas,0.0681609539502574,0.08218091662507294,0.0681609539502574,0.08218091662507294,0.06817915899032735,0.13561749512279128,0.06838139029936369,0.11126834621672753,0.06796525299318082,0.16712549165596632
Arborimus pomo,0.063958504239572,0.07925311246294993,0.063958504239572,0.07925311246294993,0.23136091440767,0.42236006547776395,0.3360001266920638,0.7459452349893892,0.23110988278857011,0.8148427794380535
Archilochus alexandri,0.009484345251931061,0.00891007397753922,0.009484345251931061,0.00891007397753922,0.01725792540675454,0.011637915696368666,0.03149341617285897,0.9247879307278999,0.03810495569605554,0.9224428303016721
Arctictis binturong,0.5284826080044079,0.297880346913237,0.5284826080044079,0.297880346913237,0.6121128088905339,0.07064054598950692,0.6831935527703581,0.04992967849859938,0.6153012406013332,0.05052225768652932
Arctogalidia trivirgata,0.5062035820150068,0.3798931451205385,0.5062035820150066,0.3798931451205385,0.6846123057361074,0.5237678447817941,0.5917566055576677,0.9007321583100031,0.6797410434691803,0.8465881593248553
Argiope aurantia,0.7677997511330829,0.6235093118188545,0.767799751133082,0.6235093118188545,0.7292516620620332,0.9336793457348387,0.728194548098528,0.9503554930697539,0.7250075146950913,0.9196196436288625
Armadillidium nasatum,0.2343907658574931,0.23005669201453213,0.2343907658574931,0.23005669201453213,0.20450509616853496,0.21402562815175857,0.2370749162887623,0.3248643678626071,0.20480658146266587,0.20675215675822897
Armadillidium vulgare,0.3949788258870182,0.5041907465812816,0.39497882588701816,0.5041907465812816,0.3454357406627056,0.548638462022043,0.36908919216750097,0.6824856271371705,0.3455538445160387,0.539933523370297
Artibeus concolor,0.10866759401643668,0.19606712368959645,0.10866759401643668,0.19606712368959645,0.41152792803773697,0.6227563741380078,0.5951819828302229,0.8583124280007739,0.41108141129421255,0.9532057614764089
Artibeus jamaicensis,0.1506224320486158,0.18985945008728214,0.1506224320486158,0.18985945008728214,0.9583799497662925,0.8291658918620531,0.7944890136983651,0.974626183484652,0.9652831175105977,0.9626081234709956
Artibeus lituratus,0.10021829237737212,0.15337849824552752,0.10021829237737212,0.15337849824552752,0.4051277149248202,0.9380308534018391,0.500802334281112,0.9475442817471996,0.4483146013355631,0.9421375388760622
Arvicola amphibius,0.20428443534454926,0.2541519186003271,0.20428443534454926,0.2541519186003271,0.8563374015780689,0.9148792002849289,0.64647716819561,0.9136575166297315,0.856496284546975,0.8188195197399493
Aselliscus tricuspidatus,0.08652022286309492,0.08605313728181338,0.08652022286309499,0.08605313728181338,0.17414463160492757,0.8778751460238537,0.13267602674470466,0.6780624393571905,0.12108661956581401,0.8408786668969298
Asellus aquaticus,0.5836661034496864,0.40989852241195907,0.5836661034496864,0.40989852241195907,0.6379941469190531,0.8839023765313488,0.6414983579633281,0.9701929169855208,0.6378814507238495,0.8321349463084806
Aspidites melanocephalus,0.7805920268591474,0.7430486287553706,0.7805920268591474,0.7430486287553706,0.8671139871049516,0.25357388127450625,0.7159729179313522,0.4504874834556693,0.8671345661855334,0.33626189011611385
Atelerix albiventris,0.27950866577813765,0.18337969216119376,0.27950866577813765,0.18337969216119376,0.959865699563015,0.9813525115774678,0.7779443964852953,0.6781921223091061,0.959865699563015,0.81425975141953
Atta laevigata,0.812153714262382,0.773725224630039,0.812153714262382,0.773725224630039,0.9910047607600726,0.6169026942588418,0.9417704904060709,0.7465613180597839,0.9911798441801043,0.790102555672397
Auliscomys boliviensis,0.07860259295701753,0.056605741984897734,0.07860259295701753,0.056605741984897734,0.3191944478410466,0.42922163986676193,0.3944030934391465,0.7296181598239971,0.35298448954262124,0.7094512816982746
Auriparus flaviceps,0.06901216162666703,0.1315426152654426,0.06901216162666703,0.1315426152654426,0.052581441079659307,0.19652231153637312,0.26438976561406763,0.3079649132257819,0.1107667201080405,0.3885329301033216
Austrothelphusa transversa,0.20786280760431058,0.21718282916835824,0.2078628076043105,0.21718282916835824,0.31251840444928963,0.22697174910885315,0.27923591530969916,0.4377646167865299,0.303781162957312,0.26850340152079716
Automeris zugana,0.6857261921331498,0.6079692577295869,0.6857261921331504,0.6079692577295869,0.7326172617288423,0.5237563116749205,0.727700682709498,0.6946360599706736,0.7273380868843066,0.6923248013347781
Aythya ferina,0.0755746915756375,0.11145390295482765,0.0755746915756375,0.11145390295482765,0.056095901104623806,0.27136954834902005,0.05214944053500848,0.690090686732207,0.0582079432144422,0.679748188801217
Aythya fuligula,0.10022181977480846,0.07327816127254548,0.10022181977480846,0.07327816127254548,0.0608985185078198,0.6071683679120891,0.0651392241422166,0.8686070440421193,0.06121955723839496,0.6635915533559239
Aythya nyroca,0.09787514116673864,0.10060656824305853,0.09787514116673864,0.10060656824305853,0.09638637040850263,0.32389792382173654,0.09142360100394649,0.5069522644605579,0.09971966073958884,0.8200986568236024
Baiomys taylori,0.12132580475352153,0.1073884334679296,0.12132580475352153,0.1073884334679296,0.5474511509535971,0.5754139417244436,0.9769493458317372,0.7605011930326275,0.8255451220159505,0.793966667943413
Bajacalifornia burragei,0.036026273893912775,0.033998622142366396,0.036026273893912775,0.033998622142366396,0.06906145334682419,0.15060490711056923,0.06669374652430796,0.14112014201081993,0.06910198536109254,0.2489887957764211
Balanus balanus,0.35206445924028645,0.3969255685388453,0.35206445924028656,0.3969255685388453,0.3401973879550419,0.39562171762410875,0.32738565694113786,0.6666056836557535,0.33863669193308493,0.40372266219464964
Balistes capriscus,0.6264915337207567,0.6082508415153948,0.6264915337207567,0.6082508415153948,0.745434226385646,0.5843634149096283,0.75013606977785,0.5685508746453934,0.7455064405066792,0.5858174750092591
Bassariscus sumichrasti,0.24052049594522704,0.20530559455774455,0.24052049594522704,0.20530559455774455,0.36588032679425236,0.3743539662545428,0.43973844702077647,0.8224269660854194,0.3607456340603203,0.8546830373580383
Bathyergus janetta,0.26089984854433157,0.34867790352477923,0.26089984854433157,0.34867790352477923,0.7769246321162379,0.4518982186259369,0.9270556345867396,0.8422667038003961,0.7645998913350709,0.8035592436497788
Bathyergus suillus,0.15850824640427208,0.11794925418713663,0.15850824640427214,0.11794925418713663,0.4197060911518645,0.47423904679692996,0.5949057215024266,0.9444374155034742,0.4197060911518645,0.8888385253207434
Bathylagoides wesethi,0.3930349106681312,0.31417169790260685,0.3930349106681315,0.31417169790260685,0.5785695536179795,0.7644973393159025,0.5476234883221185,0.9348548205277954,0.5355308029569875,0.8321775445056935
Bathylagus antarcticus,0.12574730054765296,0.13037262460260232,0.12574730054765296,0.13037262460260232,0.24006116925115184,0.8224639604028022,0.23204033001838,0.5381678462722346,0.2393901953249121,0.8882299521030342
Bathyporeia pilosa,0.5954321376672208,0.5552487678584631,0.5954321376672208,0.5552487678584631,0.7359217199848598,0.6676504778491354,0.66138317814014,0.6839610694194921,0.7359217199848604,0.6389356682175028
Batrachoseps attenuatus,0.408436510096959,0.5428799297678946,0.40843651009695897,0.5428799297678946,0.4109320931434136,0.4313861984991439,0.4085955918290883,0.6679158255784579,0.40847892828195353,0.5498567422275712
Benthalbella elongata,0.2350014833509192,0.1611617076953491,0.23500148335091897,0.1611617076953491,0.5475004692356767,0.5397623777047901,0.5345839213793817,0.20186624031849645,0.5418027556965251,0.2737667048150353
Bettongia gaimardi,0.08823864056680716,0.1355033012874515,0.08823864056680716,0.1355033012874515,0.23927504445112804,0.7792220138327494,0.5200170986502282,0.8347062810670967,0.2397996429142461,0.8042345084032968
Blaberus discoidalis,0.9803941008794534,0.3567447482045262,0.9803941008794534,0.3567447482045262,0.5575436881383922,0.5079733243247238,0.6123781312099245,0.9133470841915334,0.6532211441364315,0.8213024766656563
Blaberus giganteus,0.9807247089306692,0.9177574852711793,0.9807247089306692,0.9177574852711793,0.6592719763366596,0.7665426808260456,0.8498789420518745,0.745768909562047,0.902231791294974,0.9373576248727684
Blanus cinereus,0.6210636359859758,0.6346461683581366,0.6210636359859764,0.6346461683581366,0.33505093367969774,0.48257899539618593,0.3667545170903428,0.3083834969452183,0.3097412150436781,0.5623970687282934
Blaps gigas,0.5239589096376686,0.29502087473282684,0.5239589096376681,0.29502087473282684,0.8452026994407085,0.376509061862618,0.8920378219730213,0.7664668245519064,0.9360438964970228,0.7952007636310461
Blarina brevicauda,0.0691795643974118,0.07508002616962367,0.0691795643974118,0.07508002616962367,0.25920712595119527,0.9508008792895316,0.37595091159164423,0.9182876265926174,0.25892588058753324,0.719970947336728
Blatta orientalis,0.9242531581929123,0.6137294003660969,0.9242531581929123,0.6137294003660969,0.6727918876139032,0.9563549616910989,0.6767411942262229,0.4893714648813226,0.6767411942262229,0.6192952531041858
Boa constrictor,0.18806789143628855,0.20537260438159485,0.18806789143628855,0.20537260438159485,0.189354080836417,0.36409692573545394,0.19029070657610864,0.3459345383658753,0.1922807555436516,0.8272467364075161
Boissonneaua matthewsii,0.018584851134243886,0.01567162122871355,0.018584851134243904,0.01567162122871355,0.015617788739361019,0.020040265240584405,0.07852929511677122,0.967907293669035,0.033027873715916985,0.9365350485998319
Bolitoglossa franklini,0.156535114581932,0.07960047890906544,0.15653511458193214,0.07960047890906544,0.33768859960274267,0.11614682334806851,0.2918025699234314,0.3340627365358499,0.28283866514149203,0.22507892293011303
Bolitoglossa morio,0.22583114465818724,0.16778751906839404,0.22583114465818724,0.16778751906839404,0.5239090417954573,0.22237721608328784,0.4913259078374147,0.16036556838688942,0.4883992744577644,0.2078058460769745
Bolitoglossa occidentalis,0.34296922172220357,0.2427019972485254,0.342969221722203,0.2427019972485254,0.4853403190914204,0.3742406573835863,0.5002545965017906,0.3527042849322629,0.5029927018757095,0.35235478967039335
Bolitoglossa rostrata,0.3750325845823867,0.12944336895478853,0.3750325845823867,0.12944336895478853,0.656776618209538,0.21391950087637426,0.6260452158914238,0.7416691691974049,0.6023456141870788,0.5542812226847028
Bolitoglossa subpalmata,0.33733742301388747,0.31618133826544415,0.3373374230138872,0.31618133826544415,0.5031768163091396,0.4215677909333761,0.5255201538767891,0.2702158385687878,0.5131514896304655,0.513817303264254
Bombina orientalis,0.3868390475970296,0.3694520004434609,0.3868390475970296,0.3694520004434609,0.35720480541315874,0.47467425288428405,0.35970734988801395,0.5567298577851326,0.3618131801065537,0.6540164891988014
Bombus terrestris,0.9714114788092556,0.7514197225231481,0.9714114788092538,0.7514197225231481,0.7695419460948972,0.8308190990613965,0.7780907881178715,0.4637074142048547,0.7774657847751686,0.318141031738286
Bombyx mori,0.19648817528334994,0.4767311062761369,0.19648817528334994,0.4767311062761369,0.29339764132142354,0.3032016553772056,0.2890252541077969,0.3031613322385886,0.2892576009884972,0.27933565226401486
Boreogadus saida,0.05851152522111928,0.06573690770412358,0.05851152522111928,0.06573690770412358,0.05384870061966116,0.602698052300132,0.05392687980220415,0.2411036029463635,0.05384870061966114,0.4681090721250576
Borostomias panamensis,0.11130094877390362,0.10247834334453598,0.11130094877390362,0.10247834334453598,0.10341235022820675,0.6560186012270498,0.10445725238807205,0.6421167129982589,0.10341235022820672,0.7985234738163817
Boulengerula taitana,0.9481439344944846,0.9737085330341854,0.9481439344944855,0.9737085330341854,0.581306015545803,0.5770318974388928,0.8243399286881876,0.6203299702233984,0.8371915498208105,0.30577108889671367
Brachymesia gravida,0.34070146755689606,0.22100327013655036,0.34070146755689545,0.22100327013655036,0.5384022965405122,0.40947217906318206,0.5352603040506858,0.7678555545510605,0.5352603040506848,0.46217309741519574
Bradypus variegatus,0.5295674591167974,0.7596208286447594,0.5295674591167974,0.7596208286447594,0.7917953594707332,0.5096727224827915,0.6716303267470408,0.9492499999939945,0.7935768593371316,0.8341690662208708
Brevoortia tyrannus,0.6478849926013629,0.567889135510311,0.6478849926013629,0.567889135510311,0.5064468869139583,0.5643258740519383,0.5122849230153169,0.5877587244909106,0.503652605560782,0.44605589408086466
Bufo bufo,0.23899229660702115,0.16353107051879767,0.23899229660702104,0.16353107051879767,0.27516825300450115,0.30369010986246653,0.15638442953196446,0.7466640905638298,0.26741798085192453,0.2302365378837205
Bufotes viridis,0.14171967798674978,0.11716040932008061,0.14171967798674978,0.11716040932008061,0.16845546595696553,0.1350243342148373,0.11740429884247133,0.06925050348883889,0.16396964107165593,0.070357452716391
Bunopus tuberculatus,0.09943099608331912,0.09787119441060496,0.09943099608331898,0.09787119441060496,0.12199994623287103,0.19697290932546752,0.11879291325963304,0.1580063191046028,0.11862691955774424,0.13139240103654368
Burramys parvus,0.1816038720565713,0.18241261149680335,0.1816038720565713,0.18241261149680335,0.9405294317936431,0.4789464523860662,0.8995713530791416,0.6201374461049227,0.958101378738005,0.6016917919713585
Buteo buteo,0.08117303453679169,0.08527439672625038,0.08117303453679169,0.08527439672625038,0.04411493377620413,0.38450054414062984,0.05085923210837572,0.6114637690915564,0.044347494480240036,0.8338682398905108
Cabassous centralis,0.8378595911169358,0.8470639933035068,0.8378595911169358,0.8470639933035068,0.8416253005046661,0.5546405316977149,0.861229788652254,0.9030339455618732,0.8359909620166166,0.7877177533712415
Cacomantis variolosus,0.2095169379022018,0.13206166830632537,0.2095169379022018,0.13206166830632537,0.8767007934721607,0.47941326787984473,0.6325077388193763,0.5069017309941224,0.5899161838890947,0.5243806019878984
Calamospiza melanocorys,0.06226158958351212,0.048325365495998904,0.06226158958351212,0.048325365495998904,0.08261416983186036,0.058576236177626036,0.19379489447718365,0.7344040017930115,0.12871024298350803,0.7953820683723728
Calanus finmarchicus,0.24487289462555809,0.24880204554765883,0.24487289462555786,0.24880204554765883,0.27632737762532283,0.29413211673525314,0.23388152996945796,0.5154846736766743,0.27632737762532295,0.3724256332223325
Callimico goeldii,0.2327386227944304,0.22897278124028486,0.2327386227944304,0.22897278124028486,0.6274207037893219,0.98003120919726,0.8573204862284348,0.664657026028083,0.6168908047009682,0.7984383419089293
Callinectes sapidus,0.508756661760815,0.4750216777124424,0.508756661760815,0.4750216777124424,0.4524381930433405,0.6622138351337197,0.4659119896148379,0.6017570361334655,0.4524381930433403,0.8686536465801237
Callionymus lyra,0.25004566400337136,0.3170908630576818,0.2500456640033714,0.3170908630576818,0.23094427648181856,0.723878789068371,0.2467268859691766,0.5125777869612448,0.23232636438600365,0.70317281855188
Callipepla californica,0.17130167696474558,0.13846007850713865,0.17130167696474558,0.13846007850713865,0.20069997432372066,0.3507084935084723,0.20992518923985434,0.5104197205712364,0.20069997432372066,0.4615337414859002
Callipepla gambelii,0.21282546457819534,0.11255036706696026,0.21282546457819534,0.11255036706696026,0.8278153824600899,0.5151087471391691,0.2757269212218108,0.8555800482036084,0.8301445807100215,0.86266618830915
Calomys musculinus,0.08291848169422118,0.04146889465008066,0.0829184816942211,0.04146889465008066,0.8573499386660459,0.6627746378763858,0.9103903329381282,0.7163137277679923,0.7999299800630757,0.928714823020223
Calomys venustus,0.12245666784719016,0.05448157400386012,0.12245666784719016,0.05448157400386012,0.8556603407015523,0.49533705638234365,0.9730616035182036,0.9006789295800888,0.7915782142041677,0.9033753211770582
Calosoma chlorostictum,0.8731800899420136,0.4720185917868642,0.8731800899420136,0.4720185917868642,0.7960295625232492,0.8578535301966936,0.808071934016317,0.7830706127128189,0.8063043559938299,0.6749071216000223
Caluromys derbianus,0.17015356811730245,0.12689721834050258,0.17015356811730245,0.12689721834050258,0.6723499370269262,0.9737521823753597,0.9450631324054044,0.7779398864267468,0.6617250299027714,0.736717585755114
Camelus dromedarius,0.07681282648392115,0.7156101484037412,0.07681282648392115,0.7156101484037412,0.052766206749805186,0.5357793011860502,0.043925377195804804,0.2812456044457888,0.0521899991550666,0.3235552943748053
Camponotus laevigatus,0.44421478502419687,0.7321834734324233,0.4442147850241984,0.7321834734324233,0.5413969210900123,0.9496619976329239,0.798390266857175,0.4667702303847703,0.5413953720233531,0.4711502873612824
Camponotus vafer,0.20218023192199255,0.1438246078484396,0.20218023192199255,0.1438246078484396,0.20329635186450515,0.20011607159037234,0.20351070886031783,0.08772759974153235,0.2032963518645055,0.08507256142561542
Camponotus vicinus,0.8943627360645717,0.9452800020920615,0.8943627360645717,0.9452800020920615,0.8173700829786792,0.6569663028206687,0.6846020810992655,0.42862342134270737,0.819606578063254,0.4742019224446961
Campostoma anomalum,0.7094192777381485,0.38933315927977646,0.7094192777381492,0.38933315927977646,0.7870058775871707,0.26776569551967927,0.8164091002607341,0.31749368477566897,0.7866078674452883,0.6453826699820348
Cancer pagurus,0.047252394633335804,0.046110798897201107,0.047252394633335804,0.046110798897201107,0.0710925002835743,0.1982896364072173,0.06524032567635958,0.8107587778594488,0.0709243084678566,0.2140345117689218
Canis mesomelas,0.11461237789142524,0.18413278073692774,0.11461237789142528,0.18413278073692774,0.251098801434596,0.844821305147953,0.3007721964389208,0.6465152792925838,0.25053510999633744,0.584253130640096
Cannomys badius,0.15348614203279198,0.100301878788386,0.15348614203279198,0.100301878788386,0.49982142840063537,0.5195606304836503,0.9405276791231763,0.897780650551474,0.49982142840063537,0.5949928278637241
Capromys pilorides,0.9141217454121046,0.9029561163866678,0.9141217454121048,0.9029561163866678,0.8951174057292648,0.3095860254639881,0.8795161878588225,0.5783252943209425,0.8941700331527881,0.564152442618053
Caranx caballus,0.3087400639521169,0.2520970647024708,0.3087400639521169,0.2520970647024708,0.3841847068589455,0.264945379789629,0.33765551621491136,0.22820752006980302,0.3841847068589458,0.16581826355073093
Caranx hippos,0.9940910112677245,0.6235800522359647,0.9940910112677245,0.6235800522359647,0.7814897075823833,0.9836107589256811,0.6620349044432787,0.5973863218388785,0.7651515945373819,0.5737152019664364
Carapus homei,0.5293240530705631,0.6133437730268104,0.529324053070563,0.6133437730268104,0.3326896923938115,0.4846716691273631,0.3409188417276363,0.2426982121709674,0.33777527412906067,0.27469580486541206
Carassius auratus,0.5074459217600574,0.5194528863921383,0.5074459217600574,0.5194528863921383,0.5490122957619058,0.5496324944862679,0.5388509747374659,0.588331935961635,0.5482130851759406,0.567562459034754
Carassius carassius,0.5013247623361435,0.4567832460047175,0.5013247623361434,0.4567832460047175,0.5613239427348533,0.6234317622825499,0.5689473732046714,0.5908311292924452,0.5724592969943022,0.6274748605189632
Carollia perspicillata,0.07478810608441233,0.0801978642357357,0.07478810608441233,0.0801978642357357,0.9728059984457399,0.4951477901868491,0.9494951704364769,0.6288541061194108,0.9184330286927527,0.47112397881574336
Castor canadensis,0.45862550300641486,0.813667650241994,0.45862550300641486,0.813667650241994,0.3959655775958585,0.27062723771668745,0.354768573185926,0.22108876388584228,0.39391372214574144,0.23133270771236836
Cataglyphis bicolor,0.4072648085179879,0.48793725591561876,0.4072648085179879,0.48793725591561876,0.33928453179415263,0.3340824516180544,0.33250515225776867,0.30139383265083447,0.3397847114902993,0.29654525089614103
Catostomus commersonii,0.35537598445804947,0.4380392724727816,0.35537598445804947,0.4380392724727816,0.3734198855259968,0.49822240126847606,0.375929951537587,0.5646155343793803,0.37433119516640573,0.7037668025914604
Catostomus tahoensis,0.5121711099952572,0.4579745453942466,0.5121711099952571,0.4579745453942466,0.3833418576947545,0.698814508767129,0.4000287450012084,0.5921574365418464,0.38673448452725595,0.5468750292961951
Cavia porcellus,0.2007416379497304,0.2802423220721704,0.2007416379497304,0.2802423220721704,0.5094373797334598,0.4264394915922348,0.6924133394738545,0.9431904207902354,0.5008875754824514,0.9687387956959889
Cebuella pygmaea,0.2047957679066074,0.22342574503461177,0.2047957679066074,0.22342574503461177,0.8304552171045896,0.4610225241039445,0.6689619251500153,0.7339063864317241,0.8247369980024204,0.6228927440160547
Centropristis striata,0.3210825505279074,0.4843839295972412,0.3210825505279074,0.4843839295972412,0.2892471075130595,0.4965067379235405,0.2762849927507198,0.6045268102138472,0.2864211319271841,0.2777638934046862
Centropus senegalensis,0.07252877628884767,0.08132089466627296,0.07252877628884771,0.08132089466627296,0.052200846397996964,0.5664414496031,0.07376330256856725,0.5379430236183054,0.05292372286567485,0.985493775508611
Ceratophrys calcarata,0.3294150888037276,0.30528646965787287,0.32941508880372733,0.30528646965787287,0.28762143258827877,0.258565896590146,0.16455591283447227,0.6304580870055589,0.2790992580672668,0.6222531979533502
Ceratopipra mentalis,0.043422055640067854,0.04716979699671598,0.043422055640067854,0.04716979699671598,0.08963196734883921,0.06344675775447298,0.26453554881586466,0.9724098710697223,0.15793531164247265,0.7775106903728098
Cercartetus concinnus,0.16023608946203624,0.11646376803726,0.16023608946203638,0.11646376803726,0.7627807793512696,0.46297377946705365,0.6465305684270092,0.8630141069021843,0.5858312858484994,0.811220608364089
Cercartetus lepidus,0.10442499294054157,0.04440564720738902,0.10442499294054157,0.04440564720738902,0.7717757026471986,0.13934977659118644,0.7867098240685724,0.8396495065923257,0.6836222502018421,0.2657307958672495
Cercartetus nanus,0.17333476210434914,0.11961044432496482,0.1733347621043491,0.11961044432496482,0.9737950124299778,0.5863207197147661,0.814988975971362,0.6108774053485078,0.9527985025438694,0.516438000256371
Cercopithecus mitis,0.19722284501610013,0.18060483148144726,0.19722284501610013,0.18060483148144726,0.20344888050589072,0.6398960191103986,0.2045062967971466,0.7402403960827193,0.20162120512263562,0.31633582702166635
Cerdocyon thous,0.24742339763176724,0.40966451608867,0.24742339763176724,0.40966451608867,0.3488513720322642,0.43006041568152753,0.6637626470574857,0.579454359155721,0.3496476860922122,0.6365028547897249
Chaenocephalus aceratus,0.5613756020384035,0.607630985687245,0.5613756020384035,0.607630985687245,0.7703696939668493,0.7492325394671887,0.7971496206562464,0.7744922522710772,0.7706133618946843,0.8232016921822108
Chaetocercus mulsant,0.004711212538881212,0.00424395018499321,0.004711212538881212,0.00424395018499321,0.009318562886761474,0.005737571188743567,0.033859751797726344,0.901832780163143,0.04038134804170075,0.8019871417685402
Chaetodipus baileyi,0.1387155215769117,0.11647334731068684,0.1387155215769117,0.11647334731068684,0.5024482117254738,0.1336814015212728,0.9374060423567213,0.8307408295245081,0.989450432903209,0.8728805054291691
Chaetodipus fallax,0.1328159482423115,0.23963759562061782,0.1328159482423115,0.23963759562061782,0.5005422514571553,0.8872996896712836,0.7274446456813833,0.986729159619298,0.5010812433125416,0.9849023449714895
Chaetodipus hispidus,0.17140978497565007,0.18839913301447986,0.17140978497565015,0.18839913301447986,0.8481522874659554,0.9967822069133626,0.713186876091733,0.9584943427695007,0.9168143617867897,0.9813456679043783
Chaetodipus intermedius,0.15003342743018205,0.16298275635004342,0.15003342743018205,0.16298275635004342,0.5031526376479403,0.9224634974271554,0.5263480139661473,0.9975483831683378,0.4591377606403896,0.8153314404316859
Chaetophractus vellerosus,0.1758749081630489,0.1598396207261234,0.1758749081630489,0.1598396207261234,0.46488483069972797,0.8383033400097976,0.8317760482308163,0.9570034686034571,0.46488483069972797,0.62141350012622
Chaetophractus villosus,0.8295997306992703,0.9424984199901166,0.8295997306992703,0.9424984199901166,0.8416830986418293,0.379518451059557,0.8549252587292739,0.4413225945960764,0.8360483732188002,0.5472267240451928
Chalcides ocellatus,0.3140713311048904,0.1572705149795477,0.3140713311048904,0.1572705149795477,0.3356532359822786,0.23990243942003897,0.2866553565824732,0.2555234393195787,0.2592748795778182,0.3299889565145275
Chalcides sepsoides,0.29642514357005123,0.6364024424057613,0.2964251435700515,0.6364024424057613,0.22318848192586008,0.3686217808737561,0.24911323460846893,0.4089386457108394,0.2249218624487456,0.2276076092619996
Chalinolobus gouldii,0.14789084606087535,0.6421908958190898,0.14789084606087535,0.6421908958190898,0.729047946215135,0.6227518675166086,0.7404306411168509,0.680818433386763,0.6509236509427774,0.6864061122725819
Channa marulius,0.11190912354183873,0.10235383961027829,0.11190912354183873,0.10235383961027829,0.0595743274066819,0.10433641372066307,0.10369913381960445,0.18025438909593614,0.058090513025194884,0.05338771834185813
Channa orientalis,0.2330768026694773,0.25027975457575513,0.2330768026694775,0.25027975457575513,0.201800309470117,0.2062939741586186,0.3711003910746654,0.22855358957808683,0.1430257175168519,0.05337823136598491
Channa punctata,0.07023570272861314,0.059124353209347606,0.07023570272861314,0.059124353209347606,0.08029833488311679,0.07993354543273182,0.07754015436224224,0.1241601925649303,0.08024342828722521,0.06248246812396338
Channa striata,0.20264569722766285,0.29810291411788153,0.20264569722766265,0.29810291411788153,0.14913796377653488,0.2545250542855139,0.30677149925011515,0.40320631396698764,0.11930944930333563,0.0742331767516202
Channichthys rhinoceratus,0.4683098096479422,0.5244026958287528,0.4683098096479422,0.5244026958287528,0.7240810617093716,0.687866165873117,0.7244469730730404,0.9354782470239658,0.7240329032368598,0.6866708499800032
Chanos chanos,0.2706047303525627,0.21991933175622083,0.2706047303525629,0.21991933175622083,0.32515394749517307,0.31888215345601184,0.3055294333268852,0.43897943922824273,0.3093159203248154,0.4546812588265224
Cheilinus fasciatus,0.35744805705479843,0.8114903768113465,0.3574480570547989,0.8114903768113465,0.16751749623808765,0.4044228254728713,0.17131719638160264,0.1896037235044691,0.16784384257595275,0.7610052284707819
Cheirogaleus medius,0.13989743467683494,0.25598206172604976,0.13989743467683494,0.25598206172604976,0.6047308190631391,0.4008483878458197,0.8548145988258707,0.8506046140946903,0.5997009448442461,0.5950503897658403
Chelydra serpentina,0.15451693689744617,0.15579252341014418,0.15451693689744614,0.15579252341014418,0.15406890362284736,0.1420659479633574,0.15340986314350594,0.1309516337420311,0.15395809036133376,0.20943187614224976
Cherax destructor,0.352705520082737,0.3541840910666781,0.352705520082737,0.3541840910666781,0.49840329121235466,0.3733723985896561,0.6319483210443295,0.9453325295679654,0.5140548656581386,0.68349436324124
Chiasmodon niger,0.23973254941225833,0.3328920236577282,0.23973254941225833,0.3328920236577282,0.39443523644944617,0.07465864122716381,0.4952770182138856,0.4202144910294351,0.4033724492016017,0.2534564146287289
Chiloscyllium plagiosum,0.6287283282086781,0.7849440291310602,0.6287283282086781,0.7849440291310602,0.8589310054713258,0.33458101526964007,0.8562562126301763,0.3511230382469881,0.8589420405332023,0.18091823852603114
Chinchilla lanigera,0.25492440189017285,0.26203864362139295,0.25492440189017285,0.26203864362139295,0.5203126166457349,0.5631050816259711,0.9385314940389924,0.7997468616995806,0.5135674630934185,0.65964983049871
Chionomys nivalis,0.06962295540580893,0.04881604771436185,0.06962295540580893,0.04881604771436185,0.46724533571864435,0.3038553620351843,0.5599883976955901,0.45200674640999894,0.43225239134040455,0.4662650761804252
Chironius quadricarinatus,0.2380114735786653,0.12182025032116783,0.2380114735786653,0.12182025032116783,0.3569993593683654,0.27570211799648314,0.4488353259780766,0.5123121976524978,0.36821036489094006,0.4341463113661978
Chloropsis sonnerati,0.12454729330340815,0.1368918471077689,0.1245472933034082,0.1368918471077689,0.8494127216637682,0.7221177230295966,0.25097732991157,0.8651958357993329,0.8101786624408164,0.970883499402704
Chlorostilbon mellisugus,0.008486602990776596,0.020646748943284512,0.008486602990776596,0.020646748943284512,0.010667908718400673,0.026403734826635192,0.03851571440831237,0.909625676929407,0.04542553401038472,0.904393696759406
Choeroniscus godmani,0.09974235406533032,0.0724541212137064,0.09974235406533032,0.0724541212137064,0.7539438422029557,0.545379537136459,0.8928899163130742,0.6637589837193929,0.769333452775003,0.6055417471916886
Choloepus hoffmanni,0.8394266601776282,0.6139074205764398,0.8394266601776282,0.6139074205764398,0.8494758051904346,0.367176565020136,0.8628405675587107,0.9039934691354942,0.8437889107720026,0.8485954084394565
Chondrodactylus bibronii,0.29934248305705075,0.425926019244613,0.29934248305705075,0.425926019244613,0.2093395901686984,0.5661016566377027,0.2436877565968068,0.39753598863514933,0.21040455599439267,0.26362036779199743
Chromis atripectoralis,0.15777140448181176,0.2796860219075374,0.15777140448181176,0.2796860219075374,0.21086437471841712,0.6793889317574172,0.17851292882289535,0.27381012620252454,0.18028349615035108,0.2854809833586189
Chromis chromis,0.5300859788535506,0.5893498918594386,0.5300859788535507,0.5893498918594386,0.5686357059967417,0.3475920192339244,0.5939766320079878,0.5541798343269311,0.5803641772119882,0.5034844278114237
Chromis ternatensis,0.18830907392463767,0.21059842518930555,0.18830907392463775,0.21059842518930555,0.35345496351671213,0.39267464179732414,0.2454819764873484,0.6812843278109292,0.27026781290427615,0.7048433860077337
Chrotopterus auritus,0.1216378564763853,0.16709851209684723,0.1216378564763853,0.16709851209684723,0.6061274651285675,0.9476031217650875,0.7242354434739803,0.9714801406570717,0.5623835063795523,0.9057861415216067
Chrysuronia oenone,0.008002652332667426,0.008519131515870075,0.008002652332667426,0.008519131515870075,0.011962980163509366,0.014465316243946497,0.023966309502383553,0.9118890262148048,0.02527070763178181,0.698658593002129
Cichlasoma bimaculatum,0.49287443884014487,0.4906774410130422,0.49287443884014487,0.4906774410130422,0.38740379841417244,0.34066687880684676,0.4932463040139378,0.3794545835905685,0.4676386642644046,0.3031516794650071
Cicindela longilabris,0.8267652708387625,0.8696035845866444,0.8267652708387611,0.8696035845866444,0.8749410435173118,0.8615034839888825,0.8137046887423189,0.891519312553319,0.8766390546165264,0.7307024999181126
Cicindela repanda,0.846243121691537,0.7001235316168622,0.8462431216915367,0.7001235316168622,0.8482015312068008,0.8159600503351908,0.7809717175362842,0.3470015259834062,0.8482816935972183,0.6912079585417024
Cinnyris venustus,0.03339532094970135,0.048894657501184956,0.03339532094970135,0.048894657501184956,0.032541121229602274,0.036538044651046986,0.0374021532966162,0.6637879333678617,0.03615904957640467,0.7210975576636803
Circellium bacchus,0.6231127148018526,0.5433851096709351,0.6231127148018529,0.5433851096709351,0.5541231301452707,0.5362642821744132,0.5587698194881148,0.5325803510614673,0.5488314025072989,0.6041935680303144
Cirrhinus cirrhosus,0.5603612385678041,0.5524020831709424,0.5603612385678041,0.5524020831709424,0.3481078229067976,0.2145672887205709,0.5728991983376428,0.536698693788893,0.47377907719394785,0.5714917489209259
Citharichthys stigmaeus,0.3564559991568082,0.2505186794585114,0.3564559991568082,0.2505186794585114,0.5154513852775398,0.33411494699235167,0.43786534612292927,0.43064267522527844,0.5071298165759519,0.6859817929205085
Clarias batrachus,0.24751601183386535,0.21844923597157703,0.24751601183386523,0.21844923597157703,0.28385210350185563,0.19026380525994913,0.3085916301662016,0.1943105510698606,0.2903271500962264,0.25460393914313806
Clinocottus analis,0.5920053945767539,0.5041868231808331,0.5920053945767537,0.5041868231808331,0.8885315659492629,0.7246063778410037,0.9548570508218744,0.6204424655758827,0.8951380188841389,0.7895264044543114
Cnemidophorus murinus,0.42560522394304795,0.48016008886605127,0.4256052239430481,0.48016008886605127,0.20845466852190667,0.41040077083477106,0.3470826123245758,0.3142410848374806,0.19044223683213338,0.380979292892508
Coendou prehensilis,0.32068995717053733,0.2704035590679562,0.32068995717053733,0.2704035590679562,0.9116307580290219,0.5807599192935502,0.9077517729916141,0.9118544213759409,0.9123849481440292,0.6623420446847796
Coenobita compressus,0.6369442835966317,0.6600498082363191,0.6369442835966317,0.6600498082363191,0.7803403622310583,0.8088074664647421,0.7527027828596706,0.7861936542986566,0.7465746857149865,0.7624349105292487
Coleonyx switaki,0.3295290602271272,0.19081069776205623,0.3295290602271272,0.19081069776205623,0.3573784710300506,0.31804968902769654,0.34418178462606064,0.4870046276397263,0.35773949554568796,0.14394949737347795
Coleonyx variegatus,0.6130097312737255,0.7868316403988432,0.6130097312737255,0.7868316403988432,0.47315045317683097,0.8586672124670774,0.48229714710289007,0.6839722401721184,0.4864436893314687,0.6555272553535677
Colobus guereza,0.22603948004216667,0.20519041180293568,0.22603948004216662,0.20519041180293568,0.23317521436706956,0.6927222921857453,0.23438713192481517,0.9716835504757476,0.2310804935791042,0.20315425881310936
Colossoma macropomum,0.6052359291836923,0.5838042822925191,0.6052359291836924,0.5838042822925191,0.5847047021356274,0.5646464630505512,0.5394758863008241,0.527642900700513,0.5634911003076948,0.6179479942268586
Colostethus inguinalis,0.44215558903018415,0.5030283244480613,0.4421555890301855,0.5030283244480613,0.40118699771578237,0.3567405878789328,0.40753290767900663,0.4613775937327536,0.40770502896003413,0.41329313886017693
Coluber constrictor,0.35744757586203424,0.271744437567919,0.35744757586203424,0.271744437567919,0.29258500113744995,0.2634644332459698,0.3394576618306264,0.4734688897074527,0.2913345038926864,0.48394798939275563
Condylura cristata,0.0785191529987116,0.03496710692868939,0.07851915299871162,0.03496710692868939,0.31899724486127,0.1810699515412427,0.6580555238419556,0.7426142158852889,0.29979706295153286,0.5622888623047739
Conger conger,0.5892649989582421,0.6526608418726859,0.5892649989582421,0.6526608418726859,0.5557962234423,0.6334046006914568,0.5317550308437593,0.606519250620606,0.5512661900517102,0.6044097919824158
Conilurus penicillatus,0.16067343924879543,0.3059614238337273,0.16067343924879543,0.3059614238337273,0.8714826323824116,0.30375380759297876,0.8625212509736957,0.9770338400164367,0.8714826323824116,0.9709155653279853
Conocephalus fasciatus,0.17482243247650164,0.1463536621501589,0.17482243247650164,0.1463536621501589,0.1715018294636365,0.2290544014041293,0.21890569073129112,0.43513813658996725,0.17103384517842327,0.25522398599380464
Conraua goliath,0.8053084845063654,0.9914228366668993,0.805308484506366,0.9914228366668993,0.8460644133681423,0.6131405059847299,0.8385308642168149,0.6932568185571152,0.8393930250490672,0.35696120988328855
Copsychus saularis,0.1311609394718855,0.14473070479555514,0.1311609394718855,0.14473070479555514,0.46559390983614124,0.3704128548040841,0.8366268517734251,0.6747876512244312,0.8931157182562323,0.6692857845490996
Coptodon zillii,0.47445473287860623,0.47976489791506577,0.47445473287860623,0.47976489791506577,0.5093880534692966,0.5583614362477413,0.5585982234134125,0.5962598654551557,0.5093111425611937,0.6653181104806268
Coptotermes formosanus,0.8243318315109036,0.8928258652433373,0.8243318315109014,0.8928258652433373,0.7920248644210437,0.6548851064875434,0.7911906278764594,0.47017632236214035,0.7920248644210451,0.45561503393419567
Corallus caninus,0.07538641733572003,0.07662627345085843,0.07538641733572003,0.07662627345085843,0.11502333067902687,0.10542676206144459,0.10814590306172363,0.16378834472775297,0.11509419107464376,0.2134904312961017
Coregonus autumnalis,0.8558891914860925,0.6955290051130791,0.8558891914860927,0.6955290051130791,0.6296710181777944,0.4510012352966706,0.6274962378510971,0.3519394608685188,0.6336241965065407,0.363923269843078
Coregonus clupeaformis,0.2410596982501427,0.26829323525144344,0.2410596982501427,0.26829323525144344,0.2367903329893534,0.18601483781651382,0.23672088931539276,0.22527990330283273,0.2367903329893534,0.14322990173663075
Coregonus sardinella,0.8070924103286092,0.7349209003954641,0.8070924103286093,0.7349209003954641,0.6534471507978226,0.5996100640598896,0.6422146895405247,0.4249037682411219,0.6570397423599829,0.37871204278043274
Corydalus cornutus,0.10875062559834024,0.07221339266873937,0.10875062559834024,0.07221339266873937,0.1748880254859929,0.12303302591720604,0.17386741902467484,0.24043748610541496,0.17386741902467484,0.18999539266288346
Coryphaena equiselis,0.3364361715969399,0.4021991446571866,0.3364361715969399,0.4021991446571866,0.41258556651701866,0.4563829915157214,0.39390203981199734,0.9668084129818595,0.4154490330008343,0.969697538883077
Coryphaena hippurus,0.5202088102007266,0.5987331534982816,0.5202088102007256,0.5987331534982816,0.3857840071401408,0.9859975918033258,0.3915574916064907,0.7630378311836655,0.3915574916064914,0.7352757597698635
Coryphaenoides armatus,0.050661301423432135,0.06971729835104351,0.050661301423432135,0.06971729835104351,0.09718340968516319,0.28538326654945617,0.09146517111514489,0.13027091598122575,0.09717834936894144,0.10828374918736476
Cottus gobio,0.9630804698837548,0.9868517019754511,0.9630804698837548,0.9868517019754511,0.7467642385513664,0.7589279012445656,0.7741837677263046,0.551620373828071,0.7805384880607092,0.5489436423340976
Coturnix japonica,0.13482050764855041,0.1592327765122809,0.13482050764855041,0.1592327765122809,0.15795801245392227,0.5431750008195282,0.16521858444713217,0.6671585161851753,0.15795801245392227,0.28015161389918464
Coturnix pectoralis,0.1093654522624998,0.1502394474651923,0.1093654522624998,0.1502394474651923,0.09165843046284217,0.12397967461470892,0.16039984007595273,0.6040623385881964,0.09431486283474906,0.18873674071084925
Cracticus torquatus,0.09755774873888493,0.15625426557578617,0.09755774873888493,0.15625426557578617,0.19882408627792153,0.9021939418024335,0.14308217972096046,0.8499916432189484,0.1980457327533329,0.7171883428678958
Cricetomys gambianus,0.245661229002625,0.14330492901441477,0.24566122900262494,0.14330492901441477,0.49189229156124986,0.44612472730290303,0.7761787335361832,0.5889758084551142,0.4976317455723517,0.6009173736922964
Cricetulus migratorius,0.09328673624675174,0.06145853968176164,0.0932867362467517,0.06145853968176164,0.34638470376151836,0.42614066698499165,0.5113186569092957,0.9561147736936931,0.34269954695285354,0.8400506569854478
Crinia parinsignifera,0.7197754166184819,0.3800471340295847,0.7197754166184819,0.3800471340295847,0.38522396553841004,0.22113180621471715,0.6826858901208928,0.24949224235644613,0.38522396553841004,0.26612891705212693
Crinia signifera,0.6296539998119705,0.4529843308960325,0.6296539998119693,0.4529843308960325,0.9525791145116027,0.5264162424490268,0.9642459608728705,0.13535097712102973,0.9634714279289797,0.9195554279063043
Crocidura hildegardeae,0.081706345916981,0.06900687876335565,0.081706345916981,0.06900687876335565,0.5174938937088729,0.5433865753920024,0.7454661734495872,0.8328604422785879,0.5163800399994055,0.645932230447078
Crocidura jouvenetae,0.09441622194851136,0.07974128212654429,0.09441622194851136,0.07974128212654429,0.5933142340913934,0.42974294201543534,0.8614275782084118,0.7429751663415741,0.5951006278693597,0.49635868502276875
Crocidura luna,0.07936299463481153,0.08903186194112471,0.07936299463481153,0.08903186194112471,0.9745866142362996,0.38196749180717404,0.966048696417137,0.8456780274906895,0.8995029607918981,0.7620901875166454
Crocidura olivieri,0.10434924950497833,0.16531070696123495,0.10434924950497838,0.16531070696123495,0.5925690720928393,0.4619928781182864,0.6797700125828007,0.6670694581387807,0.6601374828535606,0.6623418918949286
Crocidura poensis,0.1160765430091732,0.5096753141421348,0.1160765430091732,0.5096753141421348,0.9235721935080409,0.6001897612258642,0.932942607807232,0.8841014990032136,0.8201638001878995,0.8762265479861845
Crocidura russula,0.09236369538441332,0.08364309803134873,0.09236369538441332,0.08364309803134873,0.5804160985676675,0.4227024966301639,0.8427008917256205,0.9753678812576592,0.5821636576982868,0.5265433761040554
Crocidura suaveolens,0.0948621063102246,0.08580126506271502,0.0948621063102246,0.08580126506271502,0.5536437952907632,0.7389490327485765,0.7236389721800998,0.6894695616412029,0.5251863996103278,0.6001429943306321
Crocidura viaria,0.10570536932581015,0.11482876015571247,0.10570536932581015,0.11482876015571247,0.7923089445499949,0.34498442687301406,0.748197480853516,0.8913759467883325,0.6516794021992622,0.4874818098014893
Crocodylus porosus,0.13331625691659688,0.14005221619763203,0.13331625691659688,0.14005221619763203,0.35119773350720107,0.9514069470666018,0.07647661034330883,0.07153304608350967,0.35119773350720107,0.15551965555473587
Crotalus viridis,0.44923586280509686,0.351062764324619,0.44923586280509686,0.351062764324619,0.5192022770162305,0.5474615785405509,0.4306191209248415,0.41176009837298055,0.5192022770162305,0.4931242467257121
Crotaphytus collaris,0.5793185138735234,0.5394991183755705,0.5793185138735228,0.5394991183755705,0.2442971194444525,0.33336124020290075,0.5679423706708705,0.5573987377680539,0.3187438284303906,0.7380547807807921
Cryptobranchus alleganiensis,0.8302241333297303,0.4792523636144016,0.8302241333297303,0.4792523636144016,0.8078231259529388,0.5952782919818301,0.8200439110109502,0.12388239818037593,0.8193852087189119,0.6359303303190976
Cryptomys hottentotus,0.33080797946231344,0.11237886520810317,0.3308079794623131,0.11237886520810317,0.5281376044974873,0.7863013279246264,0.39870838567130124,0.7973964397716681,0.528235593993729,0.5202955876284676
Ctenomys australis,0.22791320925443875,0.14893932954563907,0.22791320925443875,0.14893932954563907,0.8191169018419565,0.42272162234512306,0.6157074776181457,0.5066745829017215,0.8191169018419565,0.44187090054467254
Ctenomys fulvus,0.13914701196586785,0.292316481973988,0.13914701196586785,0.292316481973988,0.7453469882217996,0.628234214681201,0.9915850269535214,0.8798163832055287,0.7453469882217996,0.793374422919687
Ctenomys maulinus,0.13887996743579392,0.10779507457610236,0.13887996743579392,0.10779507457610236,0.7532762115007549,0.892072663800441,0.9978707395880293,0.8145765657842403,0.7532762115007549,0.8052682623358187
Ctenomys opimus,0.1481388828942046,0.08873336983096031,0.1481388828942046,0.08873336983096031,0.5695275419450552,0.7882668767595895,0.7430149644771737,0.9384353802369628,0.5679262718307089,0.8938935436156193
Ctenomys talarum,0.214736736164207,0.25361962593811266,0.214736736164207,0.25361962593811266,0.8006441992283585,0.7480853599544576,0.6057936137070199,0.8631069995008956,0.8028969467698679,0.8491493714286306
Ctenopharyngodon idella,0.5312118352240549,0.4550579710811992,0.5312118352240549,0.4550579710811992,0.5855608718194933,0.5846577045222584,0.5682261632267759,0.6989301409980284,0.5861913047581985,0.667171157580752
Ctenophorus nuchalis,0.41815007299840573,0.1841881745263752,0.4181500729984052,0.1841881745263752,0.06778857646477034,0.05592467089841585,0.15832493082983568,0.30763927842345357,0.08899974425128312,0.4046945652318738
Ctenotus labillardieri,0.28864635730636345,0.1739535690189061,0.28864635730636345,0.1739535690189061,0.3587437924428058,0.18455793386618802,0.3460380418274161,0.14676220426356965,0.33237070154600756,0.22636569678595125
Cubiceps whiteleggii,0.320708505035627,0.4701628161043877,0.3207085050356276,0.4701628161043877,0.13520207934037448,0.28881982533917977,0.143555441504568,0.9481132963248837,0.14326606229010055,0.7939531909178893
Cuculus canorus,0.10499296170860527,0.08937424295994484,0.10499296170860527,0.08937424295994484,0.12301154952163816,0.5533026987052835,0.12866580027741223,0.7180892230141181,0.12301154952163816,0.7439697142595885
Culex tarsalis,0.04342309432641963,0.035551204300521805,0.04342309432641963,0.035551204300521805,0.047199747903451036,0.04946557791017374,0.04723262139866515,0.021684897096971002,0.04719974790345113,0.02102861295334001
Cuniculus paca,0.24624206591250547,0.22352958385131272,0.24624206591250541,0.22352958385131272,0.2540155661950184,0.7546352889311359,0.25533580053230875,0.9447071510943948,0.25319883409972566,0.9933509111319322
Cyclopes didactylus,0.23495802897187898,0.18634589549735103,0.23495802897187898,0.18634589549735103,0.9854662433174892,0.6482809875022448,0.7015987863462668,0.7584351125432695,0.9885850874862047,0.686104967528571
Cyclothone acclinidens,0.18262411871161188,0.11959259827699503,0.18262411871161163,0.11959259827699503,0.32541824591816443,0.5108869025517452,0.30608604133709005,0.39747746071667084,0.30606143988725726,0.3805688995298058
Cyclothone microdon,0.07104000655775985,0.1130495690854451,0.07104000655775985,0.1130495690854451,0.15916565519508682,0.9282443320698788,0.14949656852425597,0.2054540251481861,0.1497985325684519,0.13782537523243987
Cyclura nubila,0.05506237375777231,0.10934383268066399,0.05506237375777231,0.10934383268066399,0.14662503022945414,0.42437187975535057,0.03318657746976948,0.060110236152826485,0.14694649821074507,0.07441398880376715
Cylisticus convexus,0.5274967540652769,0.6510291219500433,0.5274967540652769,0.6510291219500433,0.4670811211289769,0.5152325619760865,0.5414692336099867,0.8903764718692314,0.46776970098260806,0.725525612823611
Cynomys ludovicianus,0.12903737103168594,0.11727246746352012,0.12903737103168594,0.11727246746352012,0.23207799018382366,0.4954794566658322,0.6028866456402611,0.7681856480591087,0.23207799018382366,0.79982102528164
Cynopterus brachyotis,0.12264981697011862,0.033550565503907635,0.12264981697011862,0.033550565503907635,0.732622925818206,0.43510371102946255,0.8371904365493436,0.7294321386248641,0.8130114262512268,0.8141240411778365
Cyprinella lutrensis,0.08616356227368867,0.08711845800331369,0.08616356227368861,0.08711845800331369,0.13550142821934139,0.39216515456340223,0.11145658242652073,0.7589097479590569,0.10875578167447271,0.7682075901736534
Cyprinodon variegatus,0.4205465526174634,0.406805750447145,0.4205465526174634,0.406805750447145,0.5176275087320082,0.5307288663290531,0.5066669391293624,0.6393390490523176,0.5060329607593114,0.6418640397427376
Cyprinus carpio,0.4767092154080061,0.4581399055487945,0.47670921540800604,0.4581399055487945,0.4849286826578392,0.5068986004963275,0.5020841514602389,0.5369384506815211,0.4844044880240856,0.5494125892514758
Cystosoma saundersii,0.38357834514248756,0.4804330636330826,0.3835783451424879,0.4804330636330826,0.40299089579644976,0.7768403916011091,0.39940257359183884,0.60654646970445,0.3998132314101092,0.7494267979384648
Dactylopterus volitans,0.34339201829432425,0.17533911034943403,0.34339201829432425,0.17533911034943403,0.41581921397025007,0.582583121018943,0.42263887195333255,0.33646491268725415,0.4160026225424768,0.3282783486002541
Damon annulatipes,0.3942187520375766,0.565713092034119,0.3942187520375766,0.565713092034119,0.35180362722583225,0.5799094931960539,0.35411558777391505,0.24607777515968438,0.35411558777391505,0.3078321433071006
Danio rerio,0.3652122028165151,0.6996845620696257,0.36521220281651545,0.6996845620696257,0.486136769342599,0.7080017676074555,0.47514633075033086,0.7597889026790526,0.4747300856683021,0.7984181815792888
Daphnia pulex,0.23548073937574107,0.31101345965215804,0.23548073937573982,0.31101345965215804,0.22436135306499078,0.26664627037787525,0.19299607792927792,0.35757126587067123,0.2243613530649906,0.2672376810483562
Dascyllus aruanus,0.17817106877903938,0.223137035624539,0.17817106877903938,0.223137035624539,0.28254605701240526,0.582311690404201,0.2323043932318101,0.5466503170663626,0.2389961870682154,0.5719962998107995
Dascyllus reticulatus,0.19995909360566264,0.10384491154455558,0.19995909360566264,0.10384491154455558,0.3731260444663492,0.3617398119325227,0.28533235249265426,0.16243124988229385,0.31212688399817573,0.19666038647877696
Dasycercus cristicauda,0.48429786925955226,0.40686698639757213,0.48429786925955226,0.40686698639757213,0.3646878253496737,0.4354949806269378,0.27700464114651424,0.4122472211333352,0.36405175581332044,0.4500777927877484
Dasymutilla gloriosa,0.06896569273421384,0.04814491583476832,0.06896569273421371,0.04814491583476832,0.06815908341668189,0.08603851480150379,0.08641840316750359,0.25517524451894136,0.0679730948471529,0.2086179403636277
Dasyprocta leporina,0.1835759744035065,0.2381714856205706,0.1835759744035065,0.2381714856205706,0.3699200746257775,0.45773744797449645,0.5992456428518518,0.5435651675500732,0.37303131193277855,0.5510970966484199
Dasyuroides byrnei,0.2858844499535527,0.20452911195019094,0.2858844499535527,0.20452911195019094,0.610937731646319,0.8171547062659618,0.45503049717359867,0.9003441110757137,0.6051085953008393,0.8835259259181563
Dasyurus geoffroii,0.4495889919553928,0.3431191044606148,0.4495889919553928,0.3431191044606148,0.5097955060332159,0.8540229250489978,0.5887943605278887,0.9883991733356794,0.5069513654746194,0.9679592001161306
Dasyurus hallucatus,0.21787817691027542,0.2140397737680923,0.21787817691027542,0.2140397737680923,0.5865019622378442,0.929086724031087,0.801408280604841,0.8313795392176956,0.5766587956987311,0.9564869320049648
Dasyurus maculatus,0.5170530933999072,0.5848644986920463,0.5170530933999072,0.5848644986920463,0.550955136577618,0.6610733908571249,0.615891485120309,0.9615695177135294,0.5494866347356652,0.9621332587960479
Dasyurus viverrinus,0.19252238948830291,0.28392271628638593,0.19252238948830291,0.28392271628638593,0.4345133742688915,0.6630572625938477,0.5867871898067347,0.9204275730335993,0.42722100735151314,0.9901481272055481
Deilephila elpenor,0.7694287124959891,0.4441578054561759,0.7694287124959891,0.4441578054561759,0.8716522320207648,0.5516874195639443,0.8848386267037542,0.7355748607480566,0.8841278778966869,0.39539660204343546
Dendrobates auratus,0.3057140619739229,0.25457558249266593,0.3057140619739231,0.25457558249266593,0.49011433175704566,0.3340351052733701,0.44008064665049895,0.5189225239256623,0.4510585231608749,0.33713288392004515
Dendrolagus matschiei,0.25173743156845696,0.2747606838302473,0.25173743156845696,0.2747606838302473,0.6015294584362156,0.34834671100561965,0.7473450333637212,0.8814786470954327,0.6001790855804171,0.920732803170056
Dendrotriton bromeliacius,0.11675455070553473,0.20225762673503442,0.11675455070553473,0.20225762673503442,0.19889688031216252,0.3179317905577972,0.1871374726720807,0.27606735192797904,0.18447155497147968,0.20210259503360464
Dermacentor andersoni,0.03719494389871195,0.07457200186880432,0.03719494389871195,0.07457200186880432,0.030715668317920483,0.05945737246855003,0.030380345990754606,0.7832102094523773,0.03076094993911594,0.12198476095099992
Desmodillus auricularis,0.12249664586330287,0.08223218047341328,0.12249664586330293,0.08223218047341328,0.7060007406327065,0.7121845059373808,0.843569692682761,0.9840171960598483,0.6550489704989102,0.9146300646273444
Desmodus rotundus,0.1476773792739025,0.16022784986373834,0.1476773792739028,0.16022784986373834,0.532457369857213,0.26983813085572367,0.7852942343095487,0.7304148015712141,0.5301381701896534,0.5494233446155958
Desmognathus fuscus,0.8247786830781052,0.6685145703813322,0.8247786830781066,0.6685145703813322,0.6887854724560543,0.8978169376870548,0.7057315765818062,0.8313113269459654,0.7063315739354828,0.663241359903796
Desmognathus monticola,0.4554899358360978,0.3384188943922537,0.4554899358360978,0.3384188943922537,0.3772964104638636,0.26552777805876004,0.3861982093538456,0.2617687448282152,0.3865265465167214,0.2992917232145403
Desmognathus ochrophaeus,0.7275148166656771,0.6948603178217745,0.7275148166656764,0.6948603178217745,0.7737497953811061,0.7707166866294172,0.7574931392668071,0.658549601820266,0.7469701041090299,0.6064222003985154
Desmognathus quadramaculatus,0.38458533281561486,0.35669777646496437,0.38458533281561513,0.35669777646496437,0.7409038809069421,0.6578479754664448,0.7430074653721659,0.2910219711431463,0.726445301079691,0.4571983788316024
Diadophis punctatus,0.8380405698272859,0.9927527043779661,0.8380405698272859,0.9927527043779661,0.45735711566511594,0.4635504680817802,0.49994595421855453,0.5149892176428467,0.424349866814827,0.5035751538241794
Diaemus youngi,0.15703533372757023,0.2391085433849752,0.1570353337275703,0.2391085433849752,0.5209827254386933,0.7477624933215353,0.8637402160110458,0.5833224102031429,0.9570814922234331,0.8391095354456642
Diaphus theta,0.5307297443735661,0.44155115445968174,0.5307297443735661,0.44155115445968174,0.8060831400067869,0.8152181861475845,0.8112227178170002,0.525468956815987,0.8162227043352264,0.4936093607680808
Dicamptodon ensatus,0.040966904357355664,0.05688708559356875,0.040966904357355706,0.05688708559356875,0.09492567346391399,0.07250094879846158,0.08079276293974387,0.10766396578485636,0.09382298815052759,0.2760062881611885
Dicentrarchus labrax,0.6311191049812113,0.36616968189609633,0.6311191049812113,0.36616968189609633,0.6783886796989207,0.20814914327493428,0.6268418334620132,0.40765829968470546,0.6798345609598817,0.4103237636764053
Dicrostonyx groenlandicus,0.08395398540371299,0.10478728845744235,0.08395398540371299,0.10478728845744235,0.19690601864215168,0.5220558758773685,0.27331502495584414,0.41644083329754084,0.21386372438089332,0.35772321027895265
Dicuspiditermes nemorosus,0.12959663947841613,0.10815138645738334,0.12959663947841543,0.10815138645738334,0.12662502058739372,0.11001447764429147,0.12417996277867574,0.08797995215292231,0.1266026533633266,0.0874719326402346
Dicuspiditermes santschii,0.06886643047598236,0.19305847016607205,0.06886643047598236,0.19305847016607205,0.06659158675894915,0.187502672239306,0.06536899252357684,0.11463636754378136,0.06659158675894902,0.11739579596458874
Didelphis marsupialis,0.349600025652707,0.3190895906303112,0.349600025652707,0.3190895906303112,0.43356876411296935,0.25858768715433206,0.5123736715867958,0.9262017668935616,0.42997783622417857,0.5773545803247084
Didelphis virginiana,0.27402793374535267,0.23105846289217402,0.27402793374535267,0.23105846289217402,0.7789838358690998,0.8452615994675003,0.9413310203422407,0.6197975947223655,0.7796282874780308,0.45300060662683034
Dikerogammarus haemobaphes,0.5545926228545366,0.6127750891931486,0.5545926228545366,0.6127750891931486,0.43866584218665244,0.5458684249751797,0.373317803738069,0.6941055003895537,0.4386658421866548,0.7044701548186313
Diphylla ecaudata,0.1155622281512653,0.13449807749956236,0.1155622281512653,0.13449807749956236,0.41241890017589883,0.5155927992792412,0.6105232221575746,0.7630920797961352,0.4121282394071815,0.7227229872608081
Diplodactylus galeatus,0.3902148275499274,0.5095788909554133,0.3902148275499274,0.5095788909554133,0.3772064785953263,0.5504058860139828,0.37889854227523057,0.3465559510992072,0.49415913546947343,0.4944053269338707
Diplodus sargus,0.9213047599403184,0.8966568844059366,0.9213047599403179,0.8966568844059366,0.5634296706703992,0.6836043875366776,0.5838970526941581,0.5773182564256372,0.5645790547049627,0.4722941000619234
Diplometopon zarudnyi,0.6824994542382008,0.9446695076320398,0.6824994542382008,0.9446695076320398,0.16254243362707843,0.45722268089699936,0.3341301963468087,0.1779913295925262,0.1932428207309836,0.21262716628457318
Dipodillus dasyurus,0.13319036464891582,0.12846507358895654,0.13319036464891582,0.12846507358895654,0.4763589608323504,0.733614503778832,0.7036538831646619,0.7060995911084821,0.47499525897776834,0.7163974361889073
Dipodomys agilis,0.14387697532141308,0.14875290096371915,0.14387697532141322,0.14875290096371915,0.9667078676943235,0.9214662408592933,0.8664655306096164,0.8412932670145633,0.8957944406019691,0.6649361436452564
Dipodomys deserti,0.25302450465028653,0.2747660436897052,0.25302450465028653,0.2747660436897052,0.6861573189820931,0.7264341745266586,0.5186138693651997,0.8640721503009711,0.6863587144370569,0.817748009755777
Dipodomys merriami,0.13945486175851599,0.2223143990168331,0.13945486175851599,0.2223143990168331,0.7999905511807995,0.9447605335942998,0.914173465197559,0.9381543298097639,0.88777109763065,0.894925313497396
Dipodomys microps,0.12378633332737989,0.07835196987534006,0.12378633332737989,0.07835196987534006,0.46336632830478713,0.34537974107729624,0.6464940634806641,0.903341450068888,0.5794990736374174,0.5108247674142226
Dipodomys panamintinus,0.1162532191577517,0.0771309877631955,0.1162532191577517,0.0771309877631955,0.40424885907315755,0.33749875328521795,0.580058858135824,0.7437323431950137,0.5200449375492533,0.6311578667891989
Dipsas albifrons,0.20968473141195487,0.16937793856152708,0.20968473141195487,0.16937793856152708,0.3965125248112009,0.28114893337121866,0.37848129555916277,0.5098604398535967,0.3964474041457613,0.2124727916609619
Dipsosaurus dorsalis,0.608667082474381,0.5298587166795179,0.608667082474381,0.5298587166795179,0.28996914897050896,0.10658704329373367,0.6748543463417641,0.6687590285179408,0.3807010184459249,0.8997898708739314
Discoglossus pictus,0.3044775070159632,0.19547403301798216,0.3044775070159632,0.19547403301798216,0.20232709082951011,0.2318984967341042,0.18463504593049015,0.4316260944106299,0.20144772597720811,0.2579284894875618
Dobsonia minor,0.1160724273242287,0.11222589013497608,0.1160724273242287,0.11222589013497608,0.4699481493127915,0.9833808107592251,0.58093070776609,0.9172343412019983,0.5200449375492533,0.8994278524133466
Dobsonia moluccensis,0.155339557996625,0.20760254066427994,0.155339557996625,0.20760254066427994,0.46992151271426785,0.9322201213267799,0.6422475263390549,0.664491834229484,0.462466914684699,0.6138371589185307
Dobsonia praedatrix,0.16440482410253732,0.05799587169242453,0.16440482410253732,0.05799587169242453,0.9589194904321557,0.7685417055652639,0.7888743367543513,0.41349822850057516,0.9564373418602279,0.3474253182149376
Dolichotis salinicola,0.3968158304116499,0.3062643496937161,0.3968158304116499,0.3062643496937161,0.4246868999995002,0.532447149728267,0.4853974765226782,0.7584198276664427,0.4235549503115883,0.8119758290056237
Dorosoma cepedianum,0.49608605971355085,0.4796614280644642,0.49608605971355085,0.4796614280644642,0.40893400107135824,0.4293236497673475,0.4027748828887032,0.4914899816240369,0.4091897399346957,0.40668282620117424
Dosidicus gigas,0.7142099859118417,0.6444794361293013,0.7142099859118415,0.6444794361293013,0.6841268417088887,0.06620571676400622,0.6952554913269929,0.30218902590526786,0.6848768449399341,0.25058354431600105
Dromaius novaehollandiae,0.39497115913519815,0.4885093111943072,0.3949711591351983,0.4885093111943072,0.09824583037057047,0.11730249919092536,0.06555777900542041,0.7988644296554829,0.09815068613721634,0.7713385461631846
Dromiciops gliroides,0.19193569306985878,0.16708444228913882,0.19193569306985878,0.16708444228913882,0.9492942470854668,0.539999561257901,0.8036012384954573,0.8381049496545263,0.8286282194490854,0.7107262473881604
Drosophila americana,0.1316216009839622,0.1602241878468056,0.1316216009839629,0.1602241878468056,0.15254556881845424,0.23418467384092465,0.20321866352336038,0.9776062763399099,0.15254556881845424,0.12278219441113555
Drosophila melanogaster,0.15676131438346957,0.14565622787086108,0.15676131438346957,0.14565622787086108,0.2882328651653817,0.49439688015857736,0.2911645246061333,0.512691043031448,0.2882328651653812,0.4792126604847481
Drosophila mimica,0.21531062576883359,0.07789594318903079,0.21531062576883359,0.07789594318903079,0.22275403843395253,0.10614060510499605,0.22757343647975709,0.19903122541208293,0.22275403843395275,0.11827736263855734
Drosophila nikananu,0.08182994146634172,0.12636237495134686,0.08182994146634127,0.12636237495134686,0.09690792648466083,0.18469203658588415,0.13700589377752131,0.7709987643299302,0.09690792648466101,0.09683338012836994
Drosophila repleta,0.3262423583765193,0.259754929254587,0.3262423583765205,0.259754929254587,0.34949885960808846,0.36142032157278703,0.34986737347908614,0.15844073420697105,0.34949885960808785,0.15364559309561146
Drosophila virilis,0.05105211863948198,0.06350714372383487,0.05105211863948207,0.06350714372383487,0.06077821706400523,0.12186804807077159,0.08116566675398525,0.5343466244728603,0.060778217064005165,0.3695330100093511
Dryophytes arenicolor,0.4654189117817181,0.2534507080264355,0.46541891178171774,0.2534507080264355,0.4706672488589053,0.30505546928264526,0.47700340265645735,0.2664089086438519,0.46113567797988114,0.31263897646678346
Dryophytes chrysoscelis,0.29948769001676456,0.3555078665626802,0.29948769001676473,0.3555078665626802,0.4340775520894025,0.5099940263851652,0.41850254341070814,0.08020795588865602,0.4051655535194141,0.2978524432430428
Dryophytes cinereus,0.2658470387977087,0.3407299886032554,0.2658470387977087,0.3407299886032554,0.20533171869194522,0.26590101473804106,0.23231077639866346,0.3988727165364502,0.23357782257374932,0.26965927918445093
Dryophytes gratiosus,0.4579715789175407,0.382566152618122,0.45797157891754037,0.382566152618122,0.42099989997571186,0.23700996923868753,0.4310201833746698,0.1795364013230774,0.4239222924438959,0.11615510890290376
Dryophytes squirellus,0.25123790291126563,0.26096403546062963,0.2512379029112661,0.26096403546062963,0.21170349379179756,0.1922305266097979,0.2160511819378476,0.3203634768704617,0.2163986349673761,0.34657115198621136
Dryophytes versicolor,0.37073264929377087,0.33774217206306356,0.37073264929377087,0.33774217206306356,0.40370374546746446,0.34139836495940284,0.40992604494688445,0.38483510832196366,0.3925477109677181,0.20650969424680887
Eacles imperialis,0.2762678895113221,0.3177549904871326,0.2762678895113222,0.3177549904871326,0.30201308926459036,0.5403284944437835,0.2993273296925959,0.6186458629634668,0.29922516446298075,0.8102167949858968
Echeneis naucrates,0.7647944936405142,0.4260913012309179,0.7647944936405143,0.4260913012309179,0.5565978629282463,0.5363464234008388,0.550109557137317,0.7211034639722917,0.5563731124692742,0.3730264741584029
Echiichthys vipera,0.8829543371490605,0.9058481192110499,0.8829543371490605,0.9058481192110499,0.9064896370492412,0.6999647325401332,0.9085660321707694,0.905435071876777,0.9065197603123202,0.9025150371124365
Echinosorex gymnura,0.15281322101611622,0.08208080040615101,0.15281322101611622,0.08208080040615101,0.24011142389147438,0.4497411156539258,0.44801337207977304,0.7583049841743655,0.236785727235972,0.6420603893180999
Echymipera kalubu,0.158971720808963,0.08691738699995492,0.15897172080896305,0.08691738699995492,0.4195228157657951,0.4163024014787753,0.5966452119161766,0.9884537022588483,0.4195228157657951,0.8275075845344372
Echymipera rufescens,0.10376480256552859,0.20418903561361565,0.10376480256552859,0.20418903561361565,0.27652729817137456,0.3675938793113057,0.6129739887102476,0.7358347064941005,0.27713357032133346,0.8852298333020098
Eciton hamatum,0.7678009268760915,0.7467119614903953,0.7678009268760916,0.7467119614903953,0.7145213668260025,0.620865244239263,0.6958263038163156,0.5498841106551858,0.7146440912295416,0.48113183798188575
Egernia cunninghami,0.26052512892320995,0.2754191968582341,0.26052512892320995,0.2754191968582341,0.27749618315700564,0.3424841120227382,0.2894389363939178,0.306884564677141,0.2763208857524031,0.24704368164421522
Eira barbara,0.23380843415039487,0.14549162173498595,0.23380843415039487,0.14549162173498595,0.679537961409516,0.6951989150891125,0.8261342575556474,0.6905198456189711,0.6821832937153912,0.5225831517989781
Electrona antarctica,0.1579353032022918,0.24160027404283987,0.15793530320229193,0.24160027404283987,0.17079319543496965,0.413139520365756,0.16385225530808759,0.5291129671887312,0.1698381894694203,0.3883675005153375
Elephantulus brachyrhynchus,0.19641922945202406,0.24758627505292422,0.19641922945202406,0.24758627505292422,0.7365161094573524,0.3734764339266921,0.6092472097207927,0.6829795041976359,0.7912368540725038,0.9146425263356107
Elephantulus edwardii,0.15953070490184398,0.07097599549126728,0.15953070490184398,0.07097599549126728,0.8970915178486133,0.5975504576578995,0.7469275688977761,0.9143555770404143,0.965828209385117,0.5832749737258138
Elephantulus intufi,0.16681338485648992,0.2081189085798958,0.16681338485649,0.2081189085798958,0.8624158596763317,0.31394110110715806,0.7159745840192048,0.8124987418760677,0.9264905450816169,0.7688406971712612
Elephantulus myurus,0.15612817003165827,0.25494620947629226,0.15612817003165827,0.25494620947629226,0.6580586236116873,0.9173493394662603,0.8945171493992465,0.9136080133725728,0.6243638153742079,0.5422193137218956
Eleutherodactylus coqui,0.42955488895910277,0.45331662755831126,0.42955488895910265,0.45331662755831126,0.5125657828753439,0.5907245545210354,0.4849642455815174,0.35062815366136113,0.5189130820445211,0.5013640821564851
Eleutherodactylus portoricensis,0.2442431874030868,0.6712210377732003,0.2442431874030868,0.6712210377732003,0.42274487977898495,0.8355997230013417,0.40296411624658707,0.5056663982074019,0.3877094847698667,0.5790637054391108
Elgaria multicarinata,0.3128822281149904,0.301285215749972,0.31288222811499,0.301285215749972,0.49180692864765174,0.3577316117687261,0.474965389839641,0.4185822424785324,0.49207748752687164,0.5670549046674157
Eligmodontia typus,0.12324237171739619,0.5351590798492418,0.12324237171739619,0.5351590798492418,0.8748575354581617,0.5812636902567464,0.8885167693402206,0.7578478271535066,0.7811083811313325,0.7631248205810252
Embiotoca lateralis,0.8734177212076476,0.9079998152663573,0.8734177212076476,0.9079998152663573,0.6029978887706525,0.7822751830675881,0.624383818794764,0.7219766337558808,0.6030292883572688,0.8226640166912728
Encoptolophus sordidus,0.2819704899768937,0.2957048478467459,0.2819704899768932,0.2957048478467459,0.27722662182883095,0.30205853442731423,0.3520926817903688,0.7144705802327881,0.27647014183754226,0.2665041514613482
Engraulis japonicus,0.31046634063494577,0.39288936330040397,0.31046634063494577,0.39288936330040397,0.1981554761485144,0.3449090511171237,0.20359531075705192,0.1862583865553774,0.1980240743283111,0.22945401803833892
Engystomops pustulosus,0.35145175329950284,0.1718888506102622,0.35145175329950284,0.1718888506102622,0.29310391766475863,0.16170575559047073,0.3962357217988816,0.578453107254418,0.4139249684389702,0.4109184301974772
Enhydra lutris,0.16674137135285771,0.29218122469687346,0.16674137135285771,0.29218122469687346,0.1421879158712457,0.8521140809420995,0.12739441732333534,0.5448156836251284,0.14145111179879935,0.5478269992349092
Enteroctopus dofleini,0.08177829708016579,0.08930297311774267,0.08177829708016579,0.08930297311774267,0.0853743382727454,0.8693196384346529,0.08400778869655792,0.19045671690816232,0.08528084550827832,0.22967960612375218
Enyo ocypete,0.6122474406523477,0.653305673918841,0.6122474406523473,0.653305673918841,0.7509853618309676,0.814543443475417,0.745472765134156,0.756129301243332,0.745472765134156,0.8195170604281854
Eonycteris spelaea,0.18527095714383732,0.20396875471758624,0.18527095714383723,0.20396875471758624,0.7794595648208646,0.8152381172719493,0.6523586996651337,0.9056475556770706,0.8393471162382028,0.8247665189933848
Eopsaltria australis,0.05636332124816074,0.10270182669455051,0.056363321248160694,0.10270182669455051,0.20154440957584557,0.6769728735383761,0.07430602169841342,0.7681057380941859,0.20273586299671492,0.7137603084163766
Epicrates cenchria,0.3011262688995258,0.24890527851261013,0.3011262688995258,0.24890527851261013,0.24224431267227264,0.12771926544159712,0.4339568234804364,0.04375526797935582,0.24224431267227264,0.26870150496337497
Epidalea calamita,0.27047347643126596,0.24126741439450963,0.27047347643126596,0.24126741439450963,0.2817588800504405,0.3377092506708333,0.2738066043130572,0.284592202603032,0.27946283442888364,0.5004387588362457
Epinephelus akaara,0.6341404870305346,0.6289491621286857,0.6341404870305346,0.6289491621286857,0.6477653974313561,0.6833095347156115,0.6388249101477378,0.43940201830535497,0.6477653974313561,0.3061368803261182
Eremitalpa granti,0.2919939944566535,0.33698915926011985,0.29199399445665364,0.33698915926011985,0.8709719240957854,0.6833101795082055,0.6572530673804895,0.39995595029061637,0.8701237039618723,0.8137568993462752
Erimyzon oblongus,0.5715743690034978,0.4338542566894677,0.5715743690034978,0.4338542566894677,0.6821763349810253,0.2583105810941581,0.7792543576188155,0.5425513111042841,0.6901938351752898,0.8062085561973065
Erinaceus concolor,0.15768771462941167,0.20226375063013147,0.15768771462941167,0.20226375063013147,0.2794215508665344,0.6443759961078959,0.5832397880017015,0.7387008828517936,0.2794215508665344,0.72722291045567
Erinaceus europaeus,0.22859123208043802,0.29339344457337174,0.22859123208043802,0.29339344457337174,0.5185696242050478,0.6040293777871132,0.711414557553298,0.8397412112220677,0.5098665549881957,0.9247903123765767
Erinnyis ello,0.24821143278279262,0.21897736315411737,0.24821143278279306,0.21897736315411737,0.30521237823320657,0.48213207333996355,0.29643859542646095,0.49254852063077026,0.2957764876645014,0.44980513219986873
Erythemis simplicicollis,0.5867208038159564,0.5858129498184852,0.5867208038159568,0.5858129498184852,0.8866457775802616,0.7247627314217052,0.8950767549712704,0.7906844600455127,0.8943577823624473,0.7622677828224764
Erythrodiplax connata,0.46415298477782263,0.43469140824551045,0.4641529847778223,0.43469140824551045,0.5100335509606023,0.7175039740107906,0.5206659567579448,0.5940742438848141,0.509727939490284,0.6656427668357684
Eryx colubrinus,0.10181962619179165,0.07612169849955466,0.10181962619179165,0.07612169849955466,0.12194266797977228,0.08784775466988494,0.0695229989047187,0.33812611785150176,0.12389762298941508,0.2005832265489186
Esox lucius,0.5238736515318488,0.4783075126559886,0.5238736515318488,0.4783075126559886,0.6736800075698165,0.6616489889371848,0.671411230583089,0.67779194210464,0.6727726399419809,0.6931612679236556
Esox masquinongy,0.6816698188753889,0.6073963843574737,0.6816698188753888,0.6073963843574737,0.7838304228530328,0.5995793697175915,0.7763046851506288,0.505835619250022,0.7830576443626616,0.6464759509866744
Etheostoma blennioides,0.9147364140434788,0.6335344724841987,0.9147364140434788,0.6335344724841987,0.831630672373058,0.23018607744418343,0.9776285517232686,0.867911059820101,0.850124285147661,0.9561757300462362
Eublaberus posticus,0.2611258316666954,0.25986649643513426,0.26112583166669495,0.25986649643513426,0.3276129280405403,0.3823209059551784,0.3183796068081888,0.8703565226830199,0.3176684928973498,0.822768870867209
Euchaeta marina,0.27431173097268285,0.32922778324686136,0.27431173097268285,0.32922778324686136,0.32089178012871916,0.7418609758254495,0.2243510276602826,0.08527291361840135,0.3208917801287198,0.3193056186909599
Eudyptes pachyrhynchus,0.5302384678136839,0.43978044139114586,0.5302384678136839,0.43978044139114586,0.5157506873954782,0.3251705797909441,0.5213263370906975,0.8573791237385969,0.5167324054085144,0.7839114381533094
Eudyptula minor,0.10516573907455143,0.18311705120597113,0.10516573907455143,0.18311705120597113,0.058433934871281075,0.12170462255219461,0.06175112109999386,0.956931520480032,0.06073581598142105,0.9776185130856897
Eugenes fulgens,0.018667204016695152,0.012202844297242062,0.018667204016695135,0.012202844297242062,0.017373362253147867,0.011058030031014052,0.018632209521518592,0.573016185742392,0.017953389677265792,0.813250933880926
Eulampis jugularis,0.02192327135027354,0.03786137302515827,0.02192327135027354,0.03786137302515827,0.020214857890956936,0.022714548243217517,0.0215361879849182,0.692285754891367,0.02075156865370911,0.8244334811791298
Eulemur fulvus,0.4913999563849525,0.5924755524212226,0.4913999563849525,0.5924755524212226,0.47325258463813236,0.23178773335639305,0.46987787013727567,0.2678498093162319,0.4728574006161746,0.2832190454444972
Eumops perotis,0.20284986313833075,0.09623534249051602,0.20284986313833075,0.09623534249051602,0.7135747644430518,0.5397470382978339,0.9234654409026763,0.7870377247956568,0.9634572648749364,0.6797627061728567
Eunectes murinus,0.43368892582043295,0.4771970782556666,0.43368892582043295,0.4771970782556666,0.841551974591908,0.23931023570391957,0.7954894479617242,0.4428531345860634,0.8415081551877293,0.4713708683520064
Eunectes notaeus,0.1003934961197672,0.05658700778236308,0.1003934961197672,0.05658700778236308,0.29936891502674773,0.17043553210125326,0.5094828409756315,0.5172145007783193,0.3080665572070832,0.5121146796169221
Euphausia crystallorophias,0.34617195378622645,0.3652829941449431,0.34617195378622645,0.3652829941449431,0.5819076887927398,0.4350398554505115,0.5808786159856391,0.6629501659303584,0.5728860270949058,0.683122331461879
Euphausia pacifica,0.6234606699271518,0.4654578652188934,0.6234606699271512,0.4654578652188934,0.5449583370656192,0.4081476177406209,0.5598989778107152,0.4393386344030741,0.5450282284291778,0.5582028719151979
Euphausia superba,0.4298651708001705,0.42131993033682846,0.42986517080017084,0.42131993033682846,0.6253355549149916,0.5229975806929439,0.6272283824362255,0.7804728357914754,0.6260014744623446,0.6536829429788826
Euphausia tricantha,0.2786585093074246,0.41269485283079294,0.2786585093074241,0.41269485283079294,0.6620130727871617,0.2583862073156643,0.6547240701516057,0.4137986046319354,0.654118087801504,0.7141874002391095
Euphlyctis cyanophlyctis,0.42804964746218616,0.3867084129952148,0.4280496474621873,0.3867084129952148,0.8227885379281619,0.8117033608347398,0.8150384633984349,0.15851638355410005,0.8156936713497454,0.7752955831458647
Euphractus sexcinctus,0.5422635372230833,0.4965723658976403,0.5422635372230833,0.4965723658976403,0.5487552120521374,0.9224575264260524,0.557388751656936,0.9023753217696772,0.5450815194838068,0.5225177867697349
Eurycea bislineata,0.40131226229861133,0.413171738807548,0.4013122622986106,0.413171738807548,0.7771207035481154,0.6125274875066568,0.7236395124724986,0.1013149740285627,0.7217918820444341,0.3390766604967335
Eurycea longicauda,0.3379266768990046,0.4010975923169494,0.3379266768990048,0.4010975923169494,0.2712541645618793,0.37304625818371046,0.2735822927410101,0.25348414209472636,0.2737219001302755,0.26209383694763866
Eurycea multiplicata,0.2617873403832723,0.2844770238838464,0.26178734038327317,0.2844770238838464,0.6344610369056211,0.2583898757663692,0.5974936241821058,0.8201183567101964,0.5921865451428541,0.9621764854710422
Eurycea nana,0.10605479529783442,0.0686791292556556,0.10605479529783442,0.0686791292556556,0.09509243821491523,0.056264791002125204,0.09589732583873813,0.11799992131788149,0.09589732583873813,0.06344424937515865
Eurycea neotenes,0.24516194506713823,0.1369738317803132,0.24516194506713737,0.1369738317803132,0.14012422335485622,0.1243070728916216,0.1438437532651551,0.08798672041190127,0.14012422335485636,0.15794911097029427
Eurythenes gryllus,0.5841051857987593,0.8807058567681489,0.5841051857987593,0.8807058567681489,0.473485146388481,0.9050435788063557,0.48338052659472,0.498283634481828,0.48338052659472,0.5723118081767891
Euthynnus affinis,0.8313885747331555,0.9306353690744585,0.8313885747331555,0.9306353690744585,0.8284587805636799,0.664518451612,0.8275901416966502,0.9050133658931596,0.8310661761628554,0.8540822601697768
Exodon paradoxus,0.394863317514814,0.37001943397851855,0.3948633175148142,0.37001943397851855,0.24803192483417466,0.41843173977407583,0.30942480243379933,0.40021853479673686,0.3230431625312218,0.43503319626763953
Fejervarya cancrivora,0.6222960754893402,0.5733904691416976,0.6222960754893402,0.5733904691416976,0.8377858789519362,0.3859669452203382,0.9267725502521605,0.7528375983173419,0.8383081694867189,0.3319981616338826
Florisuga mellivora,0.013999850765148512,0.011696255102536844,0.013999850765148512,0.011696255102536844,0.013706583875980656,0.018599247331685602,0.01596594981586631,0.27647494827168484,0.015568711973650284,0.5086294085466997
Fossa fossana,0.726786505579335,0.8135464551882383,0.726786505579335,0.8135464551882383,0.754655904131919,0.33042262853472176,0.7600759257687905,0.7641025650492665,0.7552865973493676,0.6296704753866652
Fukomys damarensis,0.2507091575296562,0.29093584601031147,0.2507091575296561,0.29093584601031147,0.17210323144424922,0.35182925342749505,0.8435965833391113,0.6403256503034117,0.17430780532058252,0.28003818879446885
Fulica atra,0.09865363166806937,0.12662046812268998,0.09865363166806937,0.12662046812268998,0.074770730052885,0.7390455616622909,0.06951045733947027,0.9698425824335932,0.07758588993700953,0.9417083055110637
Fundulus grandis,0.3921733192550688,0.4181592814573636,0.3921733192550688,0.4181592814573636,0.4128008504852572,0.4466394589918881,0.4171690953170026,0.48744791238064394,0.42396111071869547,0.47925801589151695
Fundulus heteroclitus,0.40192883623111,0.34020863219382635,0.4019288362311101,0.34020863219382635,0.412157101020445,0.30846910545582734,0.4133408154226873,0.37064101389513554,0.413484870695307,0.41216859558622
Fundulus parvipinnis,0.5507353811511413,0.44579319587324434,0.5507353811511413,0.44579319587324434,0.5965647137582996,0.5786119035478405,0.5812371142527355,0.479947050362251,0.5878254887382908,0.48913568673909447
Fundulus similis,0.21872295748287646,0.19360671303269503,0.2187229574828765,0.19360671303269503,0.28633689061276973,0.2896917460307541,0.2672725981839086,0.3839181207279458,0.27445283168529155,0.3742985618378107
Gadus chalcogrammus,0.41706886417345745,0.347913386947778,0.41706886417345745,0.347913386947778,0.6228452549783788,0.6056819969818631,0.6603873882897449,0.45397423253048425,0.624935382710026,0.4799947797266464
Gadus morhua,0.5092582143233744,0.47392844516880867,0.5092582143233744,0.47392844516880867,0.6602153207170268,0.6621890681932441,0.6491528433760656,0.5659866785336567,0.6599977165647091,0.5880949496281115
Gadus ogac,0.3407746719467178,0.9660170347490099,0.3407746719467178,0.9660170347490099,0.3107604148616948,0.2946487855458285,0.3111938545176443,0.7582755860787135,0.310760414861695,0.6367071963860413
Galea musteloides,0.09976578216420716,0.11158052235950507,0.09976578216420716,0.11158052235950507,0.5343997274043091,0.8818355206372733,0.7109477551742228,0.7908612202454841,0.5343997274043091,0.8785669848921493
Galerella sanguinea,0.15503970102226267,0.11760654218046457,0.15503970102226267,0.11760654218046457,0.30414274660562074,0.5716255114352854,0.5672810655633871,0.6877322407660448,0.30009005074259765,0.573846565370957
Galleria mellonella,0.19785525247171135,0.21215154157353674,0.19785525247171135,0.21215154157353674,0.19409716068588068,0.2167099531537259,0.24774647105402564,0.512592323423396,0.19356751956607732,0.19120168972533994
Gambusia affinis,0.5608998831670305,0.5211393862483721,0.5608998831670305,0.5211393862483721,0.4457434310757268,0.5421798098392383,0.4459970687408263,0.5223733249833394,0.4458336441097786,0.5065874646371038
Gambusia holbrooki,0.544497764313762,0.5240138287500657,0.5444977643137623,0.5240138287500657,0.6228300569054038,0.4830830496574432,0.6143091340229662,0.676069046576454,0.619418870004103,0.6234535362556474
Gammarus duebeni,0.5702938583702388,0.49425071379617136,0.5702938583702398,0.49425071379617136,0.8184414730169267,0.9294182996938899,0.8695207124225426,0.9252443883610266,0.8196480349698773,0.9118841069167382
Gammarus fossarum,0.1611229745371293,0.2999460133595625,0.1611229745371293,0.2999460133595625,0.22101181929007618,0.6468015363401707,0.23338620725483633,0.7542384034614416,0.22133763910871895,0.6089203694946528
Gammarus locusta,0.7141208463484064,0.4960653903459038,0.7141208463484071,0.4960653903459038,0.6471135218777725,0.48253935995363184,0.6226353173524583,0.5152230310690902,0.6463159792251939,0.6125341455500003
Gammarus oceanicus,0.5599412164815842,0.6669829364583835,0.5599412164815842,0.6669829364583835,0.6644345407015511,0.755438188541969,0.7722347926855477,0.3369864072256978,0.6662525722337103,0.9568426549712038
Gammarus salinus,0.4799496141270719,0.5716996598214712,0.4799496141270719,0.5716996598214712,0.720894846813894,0.9422477787208599,0.7272380539284045,0.7225295181509797,0.7214017522556879,0.836059911277358
Gasterosteus aculeatus,0.5328042890360679,0.4989687648907531,0.5328042890360677,0.4989687648907531,0.6159871919128262,0.5445284186894274,0.6287500433211215,0.6810104103977782,0.6295169096367841,0.6557514762678102
Gastrophryne carolinensis,0.4000222967729503,0.35343390506258865,0.4000222967729503,0.35343390506258865,0.43454913774424764,0.5806269100340724,0.4909971124122773,0.1924780406603316,0.5042848325768204,0.25357075642364696
Gecarcoidea natalis,0.8879144745635571,0.45191661678235445,0.8879144745635571,0.45191661678235445,0.6097134150640884,0.9486185673436092,0.9632724452747611,0.9385314546066174,0.6164363558787145,0.6571418306032037
Gekko gecko,0.6443786421898867,0.8633539974964803,0.6443786421898862,0.8633539974964803,0.5737460262329821,0.7316597305434253,0.32908187646286163,0.7562619848092546,0.5738464696475081,0.9160879331003176
Genetta tigrina,0.40388665817129743,0.45685630910066244,0.40388665817129743,0.45685630910066244,0.3987353996636609,0.3135125947906293,0.4738460052959378,0.758759883247236,0.39767262044629104,0.8207346763749745
Geogale aurita,0.24391239995580016,0.20377800452394834,0.24391239995580016,0.20377800452394834,0.6707859624675545,0.5302514721494189,0.46103630117988664,0.4023914092485619,0.6808136564285567,0.8266738071974906
Geomys bursarius,0.173736944989146,0.14386311119892248,0.173736944989146,0.14386311119892248,0.9876138790085411,0.6017435043373782,0.7517132132459519,0.8567166140445096,0.9955714985632694,0.6799927738110243
Geomys pinetis,0.14478944150336703,0.12930199697450884,0.14478944150336703,0.12930199697450884,0.5558026147206083,0.5554788684714239,0.7244703918298898,0.9035808287090271,0.5542399332857683,0.9248737833785289
Georychus capensis,0.17875572490637265,0.1697059111689077,0.17875572490637265,0.1697059111689077,0.2652877104367287,0.18704507004298815,0.6957324549094279,0.7094983481268518,0.2655236680435526,0.24639327972034267
Geotrupes spiniger,0.16420147974574112,0.1324288831923642,0.16420147974574084,0.1324288831923642,0.18265637875833834,0.23965542696098674,0.18112330307151345,0.29806368469728234,0.18112330307151345,0.3324417213875341
Geotrypetes seraphini,0.5686861117209079,0.49380729658918354,0.5686861117209079,0.49380729658918354,0.5915773732359902,0.520465773363021,0.5876818002973487,0.5995285273458887,0.5875458852756823,0.5863668257173174
Gerbilliscus afra,0.12934904848231832,0.13888447563550677,0.12934904848231826,0.13888447563550677,0.7491616198149423,0.7373177042861998,0.9904898618752211,0.5085131761899726,0.7472992503339426,0.5200068148814918
Gerbilliscus leucogaster,0.13458914140752853,0.09120406802753772,0.13458914140752853,0.09120406802753772,0.5174503336522615,0.7294644987890795,0.6339787407040021,0.8519647235180482,0.5020378299312508,0.8690811739397633
Gerbillurus paeba,0.16093611953685732,0.17204001040281153,0.16093611953685732,0.17204001040281153,0.9913608537871031,0.4440058107322301,0.92058463437867,0.5615674488494377,0.9089753160040348,0.5820349454057261
Gerbillurus setzeri,0.1944959532364879,0.18862916868499244,0.194495953236488,0.18862916868499244,0.9405294317936431,0.556433224018075,0.8834534462368191,0.6644883464884909,0.958101378738005,0.5805626623185697
Gerbillurus tytonis,0.12460278876235531,0.1351922483225293,0.12460278876235553,0.1351922483225293,0.45023318989763433,0.6559010420769935,0.6639125190258106,0.9926467205365552,0.4473040810975203,0.9356747502803946
Gerbillurus vallinus,0.24207262419738054,0.26645020240619294,0.24207262419738054,0.26645020240619294,0.600189519600493,0.6659206302110511,0.5054747728906459,0.7028111979902402,0.648777795562726,0.7224418913690906
Gerbillus andersoni,0.1584384502760832,0.11906871741816188,0.1584384502760832,0.11906871741816188,0.8360088370853078,0.8701578867632965,0.9016864275114312,0.6406394859088824,0.7823226902557417,0.7701261820556332
Gerbillus nanus,0.21747461120222789,0.3122999029049516,0.21747461120222789,0.3122999029049516,0.7610905047200474,0.6644656743975093,0.593073429919925,0.6873738649819972,0.593111634724141,0.6788531311314316
Gilchristella aestuaria,0.7169153637913446,0.7089814291991766,0.716915363791345,0.7089814291991766,0.7062132848009799,0.7152124063507888,0.7089477415358643,0.6655035505008495,0.7078665767223608,0.6788114369012624
Gillichthys mirabilis,0.463189773295745,0.5018689154527546,0.463189773295745,0.5018689154527546,0.5209907450608057,0.5137409017779313,0.5061519687948839,0.5250309979273398,0.5139193528224193,0.5875186372751526
Girella nigricans,0.6596980649787093,0.713490414817984,0.6596980649787092,0.713490414817984,0.7123739081981946,0.62015571723695,0.7417515611410059,0.44697197571577824,0.7127117803050502,0.47894505977187685
Gliciphila melanops,0.05757618834144859,0.034605743458668986,0.05757618834144859,0.034605743458668986,0.0513097808324367,0.04950049473658433,0.04671793637960029,0.9071382769263445,0.051872309486708595,0.9712694175010664
Globitermes globosus,0.14902570225906284,0.1668424506156933,0.14902570225906284,0.1668424506156933,0.12978106151840416,0.056489171088876244,0.12926256695636318,0.09656805159052624,0.12978106151840393,0.09566399095980285
Glossogobius giuris,0.6787383032870012,0.606434415922766,0.6787383032870011,0.606434415922766,0.7592786212554484,0.6666727938648315,0.7489584096926282,0.5210656152620173,0.7571750841528972,0.5389612086750091
Glossophaga longirostris,0.08504217953883167,0.04988985606791808,0.08504217953883159,0.04988985606791808,0.5086259941875327,0.41053611244729243,0.7342245648366744,0.9055390456004031,0.5075312277424701,0.794613789210485
Glossophaga soricina,0.09880767413216308,0.17064032772734122,0.09880767413216308,0.17064032772734122,0.6258065691363115,0.7402596438599605,0.9014939771948498,0.6794570305584317,0.6244595832550951,0.7036489595108082
Glyptonotus antarcticus,0.06299502616259994,0.05622944490101123,0.06299502616259994,0.05622944490101123,0.15144710083813698,0.27866589361918037,0.14340610214882396,0.5299432936163976,0.14928898682024544,0.8206387909338713
Gnathonemus petersii,0.35391946290142745,0.26721379803962886,0.35391946290142745,0.26721379803962886,0.30060111170452675,0.26113619201095667,0.3522521191884785,0.24703689049316674,0.3630580846761323,0.2661333981021968
Gobio gobio,0.7191372731743845,0.6192381092407827,0.7191372731743848,0.6192381092407827,0.7735455033591879,0.7205895547493076,0.7544045543945103,0.7378039855720412,0.7774506595457678,0.6581787714491633
Gobionotothen gibberifrons,0.13094018315225758,0.12777672961862746,0.13094018315225758,0.12777672961862746,0.20377821901924673,0.5421663195262447,0.19072141925890843,0.5227708469813994,0.20184335250927304,0.6091631420419861
Gobius paganellus,0.8060514768962793,0.8554911262707022,0.8060514768962793,0.8554911262707022,0.9781847814725307,0.8443366763764288,0.9154700572203315,0.2999631810379433,0.9520072994498145,0.37907028530817233
Gracilinanus microtarsus,0.10836973055872033,0.13103915225271676,0.10836973055872033,0.13103915225271676,0.7397487065016574,0.6269646445126188,0.7413950131807618,0.9409664173636839,0.6429650079501626,0.5965597181077896
Graomys griseoflavus,0.12410358706879437,0.12501460812938808,0.12410358706879432,0.12501460812938808,0.7352433748600968,0.7112526387912427,0.878510449184414,0.9556702172040925,0.6821811763775634,0.9944747670856249
Graphiurus ocularis,0.13111265318543422,0.14727175922023775,0.13111265318543422,0.14727175922023775,0.4575303281097222,0.5720449557217147,0.6542017197020571,0.9701895669128168,0.58651684686006,0.8780705840062566
Gromphadorhina portentosa,0.911746418503521,0.7617004726137693,0.911746418503521,0.7617004726137693,0.7311290689343294,0.8107892028696634,0.79056775977398,0.5928632469124909,0.8430346148525181,0.7747312229569799
Gygis alba,0.15632486489905512,0.19473467917679027,0.15632486489905498,0.19473467917679027,0.2797090439246763,0.8466908149008658,0.19685609385281513,0.8596967514660684,0.2825863822857928,0.7525650081608548
Gymnodraco acuticeps,0.09492936731865145,0.07045519991642593,0.09492936731865145,0.07045519991642593,0.09083208323797967,0.4991634741699564,0.09325879360425914,0.6624522273819483,0.09098300648479905,0.7166309153478985
Gymnoscopelus braueri,0.14236813053246647,0.11798247363678756,0.14236813053246647,0.11798247363678756,0.15583078828661598,0.8388669171037224,0.14952468517047438,0.9997752193166868,0.15498719723197474,0.9771391668439029
Gymnoscopelus opisthopterus,0.13794682762009325,0.14673401960098625,0.13794682762009325,0.14673401960098625,0.26271218630833554,0.5463846968193957,0.2531092110809039,0.8639390802817735,0.26286637150960007,0.5917849451623343
Gyrinophilus porphyriticus,0.36413040940583263,0.17162782288762668,0.36413040940583263,0.17162782288762668,0.6204058560457772,0.3958798037793285,0.5848255121090709,0.4901147768059726,0.5882485042983708,0.8286866869463787
Hapigia simplex,0.3709788337856695,0.26443037497508937,0.3709788337856695,0.26443037497508937,0.6169572545231046,0.5538385095852971,0.6077629883426374,0.8434645605984087,0.608251567913243,0.8187672309525804
Harpagifer georgianus,0.008441622099624676,0.023256732539019703,0.008441622099624676,0.023256732539019703,0.014691136364982451,0.10573086560891203,0.013806456447328037,0.03458381720056124,0.013473594082864034,0.04353986092823507
Havilanditermes atripennis,0.31529577569780515,0.3612706002440112,0.31529577569780515,0.3612706002440112,0.27131932212034615,0.23097125434133917,0.2535951063521819,0.15542592673089978,0.27127139588867893,0.15124836133412284
Helicops modestus,0.5232367575157412,0.13646706209874102,0.5232367575157412,0.13646706209874102,0.6953755782507895,0.1826601061140249,0.5310013798656329,0.6310823001718382,0.6953293289736834,0.3796362973657766
Heliophobius argenteocinereus,0.3002646789409225,0.2522575315664948,0.3002646789409225,0.2522575315664948,0.5893251843397818,0.9225687894353889,0.4467816792685713,0.8219753786509796,0.587180251311807,0.6069100039150963
Heloderma horridum,0.09754277869784578,0.12260894688162356,0.09754277869784578,0.12260894688162356,0.20584475891696769,0.3143301909807358,0.07810451098202267,0.1262277275359306,0.20782653347631594,0.11830679842918124
Heloderma suspectum,0.2098477312418791,0.21504307118290553,0.2098477312418791,0.21504307118290553,0.21549260044786686,0.13524712210277687,0.19855509068939212,0.10663134793085358,0.22020754729162959,0.13997064739281245
Hemichromis bimaculatus,0.8662833656076723,0.9175124335403392,0.8662833656076723,0.9175124335403392,0.6004538970921578,0.7222174902646317,0.8388934238264327,0.7023815160701449,0.8791147316356096,0.742909866094735
Hemidactylus frenatus,0.32487406323785745,0.310292092562627,0.32487406323785717,0.310292092562627,0.1699494929982978,0.3632959487557143,0.18578007904851518,0.2573209370030232,0.19170923539836626,0.9308909031089205
Hemidactylus platyurus,0.9804621481359687,0.8123012620770996,0.9804621481359687,0.8123012620770996,0.5107961293922748,0.7003192368765787,0.7093359078945267,0.9721968298091892,0.6089960182555936,0.8845487024420291
Hemiechinus auritus,0.3756817239543382,0.503010746068534,0.3756817239543382,0.503010746068534,0.8922124354503788,0.3076216824139811,0.6426181103385353,0.7257630209678556,0.9065941887219608,0.7203009091949815
Heterocephalus glaber,0.23478581138620125,0.41497969521911365,0.23478581138620136,0.41497969521911365,0.6879164146452466,0.3145876287521603,0.6605072240084469,0.7695801189967636,0.728989718653787,0.8243573937158706
Heterohyrax brucei,0.473479894899384,0.27124960475076826,0.473479894899384,0.27124960475076826,0.5009583199906295,0.39685641898708673,0.5526210430860827,0.9099251562511779,0.5022688387626548,0.9394068357172048
Heteromys anomalus,0.08632664788941957,0.1321181123501078,0.08632664788941957,0.1321181123501078,0.3489713980045481,0.5468752493308744,0.43138418893521524,0.6906324369144742,0.3861719833286534,0.689291723720731
Heteromys desmarestianus,0.08735546324291214,0.06314811417410701,0.08735546324291214,0.06314811417410701,0.30471019528127447,0.29932019470641896,0.43723029507725414,0.5769340060525195,0.39199367151953757,0.4589185694461854
Heteropneustes fossilis,0.5061551797790408,0.5954053667770095,0.5061551797790409,0.5954053667770095,0.662309431807828,0.6503852294563609,0.7262145955343234,0.4858861808341121,0.6967093124050072,0.5077610606825855
Heterotermes tenuior,0.9258073767731769,0.7750577999788772,0.9258073767731753,0.7750577999788772,0.797832729168796,0.5302781112836686,0.6007571403025592,0.12702762813765892,0.797832729168796,0.988719776047567
Himatione sanguinea,0.0462860841213154,0.055968481171673815,0.0462860841213154,0.055968481171673815,0.03575453072633612,0.032949157647798676,0.1377490012347831,0.43212991054913713,0.05472058390127157,0.4019506467891298
Hippocampus hippocampus,0.7193683560644687,0.46011957320480823,0.7193683560644685,0.46011957320480823,0.7319519725125659,0.4740810690288878,0.7713128118644159,0.6503651227664915,0.7673488537458812,0.6045209031515275
Hippoglossoides platessoides,0.12674286627741765,0.07256354670706179,0.12674286627741765,0.07256354670706179,0.16413988761082784,0.31402598142116506,0.15694634715388514,0.6727322971164656,0.16368117547294853,0.48762597332300006
Hipposideros cervinus,0.2220062349051313,0.466944801465437,0.22200623490513088,0.466944801465437,0.42965526855311714,0.6262899892361581,0.4464157914940228,0.37140418069117265,0.3863581430463543,0.35248688131359623
Hipposideros diadema,0.16650163928400022,0.04829248064956404,0.16650163928400036,0.04829248064956404,0.9499927660609944,0.5293306418214533,0.8298432611924796,0.5456811820598132,0.8560598994123745,0.603129292736449
Hipposideros galeritus,0.2236173677727904,0.20633092899646144,0.2236173677727904,0.20633092899646144,0.7116333941807691,0.8812724479899263,0.4901424483069779,0.875514774163092,0.7094971882888192,0.890266117713111
Hirundo tahitica,0.054202898804368974,0.0636435748848707,0.054202898804368974,0.0636435748848707,0.3179897500211902,0.33194038032102874,0.11151150586052432,0.637131439317323,0.3204875643043598,0.6816703447014245
Histiotus velatus,0.21243649938415077,0.09823082210912366,0.21243649938415077,0.09823082210912366,0.26664488510192613,0.08325186548837851,0.99949945066143,0.5000595148736289,0.2663445294018207,0.4706285006743203
Homallotermes eleanorae,0.14723067320191013,0.17878247244908493,0.14723067320191066,0.17878247244908493,0.1346602998048028,0.12849202358318318,0.13456657740299494,0.29310409797967824,0.13466029980480257,0.3022516139078163
Homarus americanus,0.3342055216441297,0.9473950196213161,0.3342055216441297,0.9473950196213161,0.2952960615795536,0.9778786998747349,0.3040966148792749,0.6229228808574645,0.2952960615795538,0.9621418890308949
Hoplerythrinus unitaeniatus,0.5804053866340652,0.5154906459965987,0.5804053866340652,0.5154906459965987,0.609133890968891,0.2871346733057436,0.653571341169795,0.4641225435859113,0.6110030501124855,0.4567487908405649
Hospitalitermes hospitalis,0.22070704298846297,0.2528894201708071,0.22070704298846297,0.2528894201708071,0.1899235254842418,0.16167987803893696,0.17751657444652685,0.10879814871162956,0.18988997712207473,0.1058738529338857
Hybognathus nuchalis,0.0818427808757571,0.07492849223583155,0.08184278087575696,0.07492849223583155,0.10081860662839204,0.42669199163161964,0.09814329862887844,0.7371907216417479,0.09792409154582962,0.7395240969152743
Hydromantes platycephalus,0.6036825074459713,0.5765862211712444,0.6036825074459707,0.5765862211712444,0.9923201478653968,0.7027645319287436,0.9590189996934898,0.28765276330042316,0.9217676112666644,0.2263083092303128
Hydromys chrysogaster,0.17237451497448622,0.22124012476223343,0.17237451497448622,0.22124012476223343,0.2691757592709922,0.5450480444385428,0.5036668865199919,0.640865760355358,0.2653970963803464,0.5583717124174559
Hydrophis platurus,0.2930259630374108,0.2481016154853154,0.2930259630374108,0.2481016154853154,0.15069096683819344,0.24200069598041318,0.26070883771709746,0.8071281083719188,0.15301719137310504,0.9601220406936763
Hyla arborea,0.18100962038207039,0.2228736956899607,0.18100962038207055,0.2228736956899607,0.23018498788377215,0.18893575260490802,0.2245348372758636,0.26027272510260174,0.22022478049744926,0.17972119330160974
Hylarana chalconota,0.5708482438390998,0.6374354752972538,0.5708482438390998,0.6374354752972538,0.3120146368304471,0.9076523734656848,0.3465636607337137,0.8188440915095829,0.3655580045004607,0.4596202942237841
Hylarana erythraea,0.04908270293408692,0.06786660034450623,0.04908270293408692,0.06786660034450623,0.10296939841523219,0.07933082118492302,0.08761710603391575,0.10440112160833981,0.10177327476166798,0.06316245251114719
Hylesia praeda,0.4392915174932244,0.38568272003366283,0.4392915174932244,0.38568272003366283,0.6144261989456997,0.4937451879427001,0.6155114805646911,0.514227476314698,0.6151830558834653,0.5257292082715311
Hylobius abietis,0.8814083122456517,0.7872313727853945,0.8814083122456517,0.7872313727853945,0.46117702494586627,0.8275075231119849,0.46507145528409005,0.8362028260776608,0.4644750055325725,0.565188440519802
Hylomys suillus,0.1488599348313479,0.1686671836018614,0.14885993483134796,0.1686671836018614,0.7717772071512817,0.668493659958982,0.9221631423115898,0.9422947394399924,0.7160783776882498,0.8828863315856077
Hypera postica,0.08809869711921993,0.09700765711536642,0.08809869711921993,0.09700765711536642,0.07796221617726368,0.1326786334883054,0.07804247582205505,0.07165528513096571,0.07796221617726354,0.07309733540486378
Hyperolius tuberilinguis,0.402783001491803,0.25457637518847365,0.4027830014918023,0.25457637518847365,0.3374768991851483,0.23115324525506542,0.3474653050858196,0.18839523877768669,0.34776071239146333,0.18904505822297932
Hyperolius viridiflavus,0.3322171007958538,0.3209440934299249,0.3322171007958537,0.3209440934299249,0.3326796722656604,0.32172719638165315,0.33320329951431354,0.45763017647527954,0.3331103820985469,0.3395963185292518
Hypothymis azurea,0.07976550852094422,0.16389874113062444,0.07976550852094422,0.16389874113062444,0.6606254703424679,0.36429912604156967,0.6302845778037115,0.5650052103487577,0.6499299317260709,0.64722367967928
Hystrix africaeaustralis,0.3327465055299803,0.30205516524346904,0.33274650552998025,0.30205516524346904,0.3432508238931213,0.6885266955442395,0.34503485441847487,0.9553392061125814,0.3421471751332891,0.9629494970439136
Ichthyomyzon fossor,0.9042901603164617,0.6322976074198308,0.9042901603164617,0.6322976074198308,0.8675416667330114,0.6898458598579333,0.7885486766455625,0.8265605548021258,0.7813755379889635,0.675836093309842
Ictalurus punctatus,0.5250960587871246,0.5016770326477619,0.5250960587871248,0.5016770326477619,0.4928668512816505,0.2645954158407466,0.5342757202175791,0.41706184131837043,0.5496808149526805,0.38679866542971325
Ictidomys tridecemlineatus,0.1446437938907218,0.08104340588181452,0.1446437938907218,0.08104340588181452,0.768044990525074,0.5442043317826538,0.9605100344720068,0.5027011891524626,0.768044990525074,0.27410827326269227
Idotea baltica,0.7267596018557613,0.8035107813551198,0.7267596018557613,0.8035107813551198,0.5453245636585257,0.8564702673871506,0.5753645538690936,0.9129690263536043,0.5456650350311966,0.9706305917707977
Iguana iguana,0.43913604415897783,0.5531778182120074,0.43913604415897783,0.5531778182120074,0.42208062377786537,0.2982594534961112,0.34198332897894645,0.3552077499368539,0.42074669154011923,0.32992332805462443
Illex illecebrosus,0.6885625960478834,0.6698684038949165,0.6885625960478834,0.6698684038949165,0.9360617787014058,0.21864129770833163,0.960753898673663,0.11976154932794543,0.9450348489777356,0.2621534651082945
Incilius alvarius,0.30109012258183804,0.3349525378698035,0.30109012258183804,0.3349525378698035,0.28890107730002546,0.3691489644297165,0.28500336571113205,0.1907096845822674,0.28890107730002546,0.40532112729941294
Intellagama lesueurii,0.18554947198676916,0.1829096614840167,0.18554947198676916,0.1829096614840167,0.19931064350605912,0.24281503432009469,0.11188101897580659,0.33032935687064585,0.19931064350605912,0.9047530448670241
Ips acuminatus,0.24997561186735803,0.08561616387831239,0.24997561186735803,0.08561616387831239,0.25539721309128366,0.08815301362072943,0.25947731679589,0.14418570628140379,0.25539721309128366,0.1407965718365289
Isoodon auratus,0.26953104168250447,0.32382490261518243,0.26953104168250447,0.32382490261518243,0.9471146184996198,0.3868059910762213,0.7857760514834695,0.8459230510644433,0.9471146184996198,0.8500925571159605
Isoodon macrourus,0.39224328111335227,0.20554168999851669,0.39224328111335216,0.20554168999851669,0.8596110151027403,0.42634565055999035,0.728095140313019,0.8300596814479231,0.8549493347861324,0.6516135709080675
Isthmomys pirrensis,0.1452469119196403,0.13446352667633285,0.14524691191964023,0.13446352667633285,0.5610668388083897,0.8843795032432882,0.6867551075206241,0.9681320905424446,0.5423777052548203,0.9300040352711185
Jaculus jaculus,0.09396614694778116,0.09099396497430487,0.09396614694778116,0.09099396497430487,0.3810390399833443,0.7016957358492266,0.4710248981887214,0.8693013867684036,0.4216580574723674,0.89226982867753
Jaculus orientalis,0.17009612434512453,0.15273250052039314,0.17009612434512453,0.15273250052039314,0.9893466987007745,0.5721873247630831,0.764780172960446,0.7802634262362101,0.9865708152550035,0.6926874508711791
Japetella diaphana,0.008326789372127687,0.00593434756726287,0.008326789372127687,0.00593434756726287,0.008166781932061103,0.024616663516105104,0.008171705584235852,0.006082001235067003,0.008166781932061112,0.008544393973833244
Kaloula pulchra,0.40030980989263915,0.3593311505347213,0.40030980989263976,0.3593311505347213,0.3180051205297914,0.3399492697272503,0.3258534158967069,0.3045841859641879,0.32032785738366226,0.5476047663860265
Karoophasma biedouwense,0.6359335368508123,0.5179822467711803,0.6359335368508134,0.5179822467711803,0.7788989552631008,0.6766485225411696,0.7818360884872986,0.6436846736668479,0.7772213780392758,0.6624234268252333
Kassina senegalensis,0.19386561945155667,0.2942648979740959,0.19386561945155675,0.2942648979740959,0.35287827066117167,0.2534556039095371,0.33305274875931107,0.12381074815568183,0.3506137260127274,0.21046127620686017
Katsuwonus pelamis,0.3122522112284216,0.3505859276772697,0.3122522112284216,0.3505859276772697,0.3051002009452956,0.17388805058631207,0.19867213286343946,0.6516982136205737,0.3009886222861679,0.6115277321226888
Kerodon rupestris,0.1592676514308164,0.15295504179327268,0.1592676514308164,0.15295504179327268,0.41728024592968765,0.9018092895497855,0.5963191083684782,0.635203060339788,0.41728024592968765,0.6407620142592894
Kobus ellipsiprymnus,0.3130264637075685,0.2967873245824377,0.3130264637075685,0.2967873245824377,0.3057594571680731,0.8553696840686139,0.28895273855675996,0.6322025311235044,0.30477635378646106,0.6020887161366116
Kuhlia sandvicensis,0.5715545572607778,0.5303261215963768,0.5715545572607778,0.5303261215963768,0.5971362122362807,0.2995907496061247,0.5943086197415023,0.48505502548493773,0.5971930458967877,0.5714805995032063
Labeo calbasu,0.5979621565978823,0.5901786952888861,0.5979621565978824,0.5901786952888861,0.4681897690626216,0.52709987312679,0.4705290620440004,0.6583325274340448,0.47037983227887564,0.6631812513138025
Labeo rohita,0.603162345098286,0.6363667400983747,0.603162345098286,0.6363667400983747,0.49732251214252216,0.5728722026690797,0.5321105898254679,0.42047745517895385,0.4829160529542147,0.41507524295963566
Labeobarbus aeneus,0.4475581289883449,0.5254968714831321,0.44755812898834496,0.5254968714831321,0.5944399227280789,0.5995635276720195,0.5735753021260875,0.524581913937297,0.5915061786748144,0.5832493505207302
Labrus bergylta,0.6932259896842052,0.5064255889106122,0.6932259896842052,0.5064255889106122,0.44683076203044264,0.6247738960140786,0.39895238646422715,0.7844320853647403,0.43921068071398817,0.7849646500471493
Lacerta agilis,0.4790653793586712,0.9735797434156699,0.4790653793586712,0.9735797434156699,0.21580666913506333,0.5362777598904549,0.3924735597903761,0.12822929590726773,0.2492302547398771,0.1280959939522935
Lacerta viridis,0.14869808253232578,0.13496554370766775,0.1486980825323258,0.13496554370766775,0.265344613781095,0.16345425791601495,0.2489505939823522,0.2797569450483736,0.2652032165494034,0.38081138702658046
Lagodon rhomboides,0.40951914636526243,0.29624864885921015,0.4095191463652625,0.29624864885921015,0.49123856614713807,0.3170827345995861,0.453103408014209,0.7005370949345534,0.495433392077666,0.44403372289779947
Lagorchestes conspicillatus,0.33545832682081234,0.43522366323976686,0.33545832682081234,0.43522366323976686,0.9714187014832005,0.4829952555118874,0.8630817608460261,0.7776333396696598,0.975200278701101,0.8483034614977681
Lama glama,0.1172775544452199,0.14348815276855814,0.1172775544452199,0.14348815276855814,0.031582658476327054,0.039944131795008136,0.05971610018554751,0.08163392904637712,0.031552072874712414,0.12331331249696618
Lampetra fluviatilis,0.24512214531830948,0.2743151566358083,0.24512214531830961,0.2743151566358083,0.30434272932827183,0.29232913585146963,0.2365910804735271,0.4833187220248514,0.29740303404463225,0.31383024064528603
Lampetra planeri,0.1545787300229239,0.09315732245100725,0.1545787300229239,0.09315732245100725,0.26477015445892454,0.1893121699140548,0.24983715674019247,0.6737354062678098,0.24342472324798592,0.2271980757870494
Lampornis clemenciae,0.017974091459754954,0.037611501334825714,0.01797409145975494,0.037611501334825714,0.01406626562836235,0.0264600061254853,0.06420316520752789,0.8981246963373661,0.026071771481952027,0.897407621589012
Lampropeltis getula,0.3863304682409086,0.2613048468276717,0.3863304682409086,0.2613048468276717,0.5162290683436999,0.22095196639264356,0.5745851095656455,0.5831211220294865,0.5192305493250539,0.938492661599483
Lanius cristatus,0.10682380049193299,0.11543072713860195,0.10682380049193299,0.11543072713860195,0.42226414364484854,0.2704172901527381,0.7632124319308788,0.9331626212824695,0.8164742539718843,0.9860286243844315
Larvivora cyane,0.0672467357497427,0.04395952629638486,0.06724673574974264,0.04395952629638486,0.4260346998778831,0.2853470770913756,0.15060961224905375,0.7184628891191921,0.4312275795418691,0.7228195122290282
Lasiorhinus latifrons,0.8310575380266748,0.3154860483420979,0.8310575380266748,0.3154860483420979,0.8162394749972478,0.12072852865717866,0.8212725710687194,0.14279120526342787,0.8154941737074795,0.14010112176764974
Lasiurus borealis,0.11337570662115938,0.06570315521657864,0.11337570662115938,0.06570315521657864,0.6291679746703898,0.3809441014249566,0.7235136862757078,0.8333571560348498,0.6296520725543284,0.9509752613857837
Lasiurus seminolus,0.1380140074739132,0.17283319600459987,0.1380140074739132,0.17283319600459987,0.6252217334504468,0.6350358439265029,0.6648391009450271,0.6038110473850075,0.5746799632981768,0.6377157260130618
Lasius niger,0.29440847400834347,0.4065554436600195,0.2944084740083431,0.4065554436600195,0.34902965285039733,0.594223976112807,0.48008661563678307,0.4031827203024237,0.34902965285039755,0.31154952440824746
Lates calcarifer,0.41413894760496367,0.42943330486062875,0.41413894760496367,0.42943330486062875,0.2816547396017126,0.7969936758589294,0.25686443942972453,0.4368305855428215,0.280427536532856,0.4664594738913517
Latrodectus mactans,0.5864365245576248,0.5624225711945903,0.5864365245576243,0.5624225711945903,0.6089509311667259,0.5675740705141529,0.6151250946421679,0.2489558451721218,0.612148407254737,0.30878752864593423
Leiostomus xanthurus,0.5432877332705455,0.4811945102314351,0.5432877332705456,0.4811945102314351,0.4887299471247826,0.39736065761041994,0.44845604776662334,0.5410086092983513,0.48506702293054493,0.4193908489254337
Lemmiscus curtatus,0.09603827847512475,0.08976410677700777,0.09603827847512475,0.08976410677700777,0.684346905876717,0.8889762267484402,0.7528577830309607,0.8947991363012187,0.7624731879161574,0.8237035241470662
Lemmus trimucronatus,0.0750871884429675,0.05658743713967081,0.0750871884429675,0.05658743713967081,0.2646787025199578,0.20657297544248282,0.3321840936709748,0.5006922500665302,0.2912516773943025,0.45838549121205074
Lemniscomys griselda,0.1510622867478234,0.22272414372699464,0.1510622867478235,0.22272414372699464,0.9488577620628162,0.9492961184923339,0.789872533902676,0.9354977888126206,0.9749701405813161,0.983731678971564
Leopardus pardalis,0.2147464404068585,0.1949390015057456,0.21474644040685845,0.1949390015057456,0.2215256700603512,0.6906830233148922,0.22267703964208932,0.7989914915504706,0.22081340219669354,0.8133409520391961
Leopardus wiedii,0.38151432094557775,0.9649271001585932,0.38151432094557775,0.9649271001585932,0.932323362748086,0.35400941306380657,0.9131730643282362,0.7064301314749923,0.9302303910004429,0.9570809770169534
Lepidobatrachus llanensis,0.23104553070676115,0.419272674368408,0.23104553070676115,0.419272674368408,0.21867667476642827,0.24536590407140715,0.21639820896097003,0.22460975685951615,0.23982516877848395,0.21647993894981982
Lepidocephalichthys guntea,0.40864067138353266,0.5348221196210313,0.4086406713835331,0.5348221196210313,0.4683536730277638,0.6132787302642458,0.4587791207309435,0.6158256027604072,0.4580613329814876,0.6292056394735424
Lepidogalaxias salamandroides,0.1895398963609712,0.328345999174464,0.1895398963609712,0.328345999174464,0.1319366624807674,0.30555415446475737,0.13393260632249188,0.19443367997606495,0.13363964189511296,0.3530040492835846
Lepidophyma gaigeae,0.16548517580723143,0.16114038274004866,0.1654851758072313,0.16114038274004866,0.3665236611038569,0.30127345103917025,0.29552639664285885,0.049025713586904586,0.21795392711166992,0.10952482408637161
Lepomis cyanellus,0.6130440682707216,0.680010663885909,0.6130440682707213,0.680010663885909,0.49777173987265555,0.5870165123731811,0.6609692999629693,0.6753023165653046,0.4974864699562495,0.2773038593316079
Lepomis gibbosus,0.4277611012505915,0.43942252183029584,0.4277611012505917,0.43942252183029584,0.5950663267081243,0.571461439519109,0.6027774853810663,0.5534730982289893,0.5853718894045835,0.5652064005473093
Lepomis macrochirus,0.6391014766711556,0.6047267849240214,0.6391014766711556,0.6047267849240214,0.5942199965058342,0.5142733066561365,0.5809352396156308,0.5971158091393494,0.5889014106664677,0.5978276541349319
Leporinus fasciatus,0.5132420994279815,0.657496596283024,0.5132420994279817,0.657496596283024,0.509780005480577,0.5025976150613372,0.5240153618074307,0.616410179624593,0.5122634209914559,0.671737922509612
Leptailurus serval,0.216044414756383,0.19611725537201222,0.21604441475638295,0.19611725537201222,0.2214885139161096,0.4247638731974901,0.22263969038048023,0.40892236526571885,0.2212862746466953,0.417987205017062
Leptodactylus fuscus,0.6886711935863553,0.5043990617412023,0.6886711935863553,0.5043990617412023,0.8217120472869143,0.5313464432198501,0.46955680573660913,0.5718417052594253,0.7985680547369446,0.43717275788426035
Leptogenys attenuata,0.7998188955695612,0.7014576401679169,0.799818895569562,0.7014576401679169,0.7695026703715659,0.9674679005735449,0.7703068159261708,0.47424359421586526,0.7695026703715646,0.47330495775334736
Leptonycteris curasoae,0.1374457177264004,0.14492652723210125,0.1374457177264004,0.14492652723210125,0.99534643882405,0.570833289828937,0.9222534005228348,0.9621844350424928,0.8852561652821768,0.967286426476931
Leptotila verreauxi,0.14865398572653712,0.12853353922820426,0.14865398572653712,0.12853353922820426,0.2890649535326205,0.14780923297483836,0.18738196723685588,0.8349609321785735,0.29360419402752375,0.7076536690094064
Lepus alleni,0.19420436158373436,0.16375177764246684,0.19420436158373436,0.16375177764246684,0.5520680189837495,0.9932070285579043,0.6671239218057653,0.6661009464416211,0.5525247436379608,0.36977282489032676
Lepus americanus,0.2360493200428854,0.18511283769837608,0.2360493200428854,0.18511283769837608,0.25793566709864013,0.5981765070257372,0.29180289606445625,0.6335594712658915,0.25649664834774494,0.5773075687887964
Lepus arcticus,0.2644883243524331,0.16458275074564702,0.2644883243524331,0.16458275074564702,0.4894274855661475,0.39492755264900015,0.8274097915315786,0.598121186401432,0.49327872744871326,0.39432487772045854
Lepus californicus,0.3049674512358616,0.17471132671252154,0.3049674512358616,0.17471132671252154,0.3226662497578843,0.454013188740376,0.3559421061480961,0.6914701687464804,0.3224463360207665,0.6759633173232866
Lepus timidus,0.2878752365484798,0.42822463042033365,0.28787523654847974,0.42822463042033365,0.2971642077906966,0.6834651691598549,0.2987087052276679,0.4797163997005037,0.2962087405738234,0.4750479732893544
Lepus townsendii,0.5213840915074455,0.4324366107251877,0.5213840915074455,0.4324366107251877,0.5413771168782389,0.9046853531156449,0.5452653468266448,0.9565365026042614,0.5418295653038425,0.9046288515818623
Leucaspius delineatus,0.41056269299053894,0.6176174459526409,0.41056269299053744,0.6176174459526409,0.4923395275615553,0.5856833272303112,0.47818649711434325,0.5806275760784765,0.47778029888759027,0.5972349853750933
Leuciscus idus,0.5293371311127407,0.6208518879358897,0.5293371311127406,0.6208518879358897,0.5229618083026222,0.8070410273412858,0.5454160695783101,0.8221655959796013,0.5244729514196383,0.7164205056709955
Leuciscus leuciscus,0.8474923438618276,0.6832398935328348,0.8474923438618276,0.6832398935328348,0.7814498585142537,0.666467804378213,0.8091807471460623,0.6035317959235005,0.7806612328238345,0.6187428294334449
Leuroglossus stilbius,0.11064438719399902,0.049830342863933424,0.11064438719399902,0.049830342863933424,0.15634435319085957,0.3996505710485311,0.12877768793236707,0.5503428595590165,0.14759662655688738,0.29969442284440156
Liasis fuscus,0.4194495372894562,0.27206216601717625,0.4194495372894562,0.27206216601717625,0.4460025767323963,0.15572267824719357,0.6803415432713393,0.11544675196561255,0.4475710322582763,0.7703767583316397
Liasis olivaceus,0.08633022125447909,0.07479877074359087,0.08633022125447912,0.07479877074359087,0.08697135728831418,0.1471037568906152,0.08733696750572847,0.13677663221270056,0.08831559486959696,0.47046954704939287
Libellula auripennis,0.4322412421101537,0.3105001448932699,0.4322412421101537,0.3105001448932699,0.7212590533986906,0.4114943022028542,0.7125322151186941,0.83347040366226,0.71310501848182,0.7491595133064451
Libellula needhami,0.4127819857597861,0.9923961680925127,0.4127819857597861,0.9923961680925127,0.6178095736847138,0.7263929293987013,0.6086026057340899,0.7850740557031635,0.6090918602716036,0.7391293008909652
Lichanura trivirgata,0.12126782246505673,0.10831653815668676,0.12126782246505673,0.10831653815668676,0.17811538456353024,0.09200973155650373,0.12033363428513981,0.3876764690944188,0.17881273801407913,0.23274195468978834
Lichmera indistincta,0.049770326633959444,0.0361538015878462,0.049770326633959444,0.0361538015878462,0.10674933739369957,0.06571036690302309,0.41066268390712574,0.694984576615956,0.23576201485111675,0.9210236408168331
Ligia oceanica,0.7337412566984441,0.8429803548550054,0.7337412566984441,0.8429803548550054,0.5968544271946423,0.8063602104347909,0.6122976610775432,0.8885736652889661,0.6128182229859227,0.6607404194564954
Limanda limanda,0.4345157123443692,0.31394277298182366,0.4345157123443692,0.31394277298182366,0.4742357673276348,0.5088831832522795,0.469710932780777,0.47519851929949036,0.4726801512244747,0.5062024246012701
Limnogale mergulus,0.12034328025143382,0.1359557639852606,0.12034328025143382,0.1359557639852606,0.25263825216692015,0.1740636031924942,0.5989839330496692,0.8744736548189979,0.34915630826905364,0.5118830433620636
Limnonectes magnus,0.47773355795345485,0.5211420321919545,0.47773355795345485,0.5211420321919545,0.5354903708749306,0.5707183435230314,0.407460499933195,0.9101199637988221,0.522175564987385,0.22980368918320124
Lipolagus ochotensis,0.41783869833422044,0.5138449805110353,0.41783869833422044,0.5138449805110353,0.7212274869853557,0.8592891110324172,0.6798185369950132,0.23341503279255885,0.6614550542330626,0.4676529833610738
Lipophrys pholis,0.6766471531515403,0.6337809465725437,0.6766471531515403,0.6337809465725437,0.666823978942494,0.6262755990518685,0.6661168237777371,0.7179597790928449,0.670128722842583,0.6999985149803395
Lissotriton vulgaris,0.8596236154624006,0.9087675950782191,0.8596236154624006,0.9087675950782191,0.9660182239488287,0.8618960463047467,0.9538083530947274,0.7842616229742115,0.9182713881175104,0.9689850344594899
Lithobates catesbeianus,0.24912719127842514,0.36025750547198143,0.2491271912784252,0.36025750547198143,0.18441901849393555,0.41840154734157653,0.17953780824147123,0.2086959694481324,0.184427333403016,0.29858091158481703
Locusta migratoria,0.216357457196071,0.32547073177280744,0.21635745719607022,0.32547073177280744,0.26551609359942674,0.3567529551509227,0.25788343941147335,0.9058970951746358,0.2573074461718967,0.8000942553034485
Lolliguncula brevis,0.5786441970414364,0.7784921694596295,0.5786441970414364,0.7784921694596295,0.7466405968364934,0.3536531481201609,0.9161003154160415,0.3338835652751013,0.7588754018734347,0.37585995926051396
Lonchura maja,0.07350438764536048,0.0908803854406674,0.07350438764536048,0.0908803854406674,0.6337346186778062,0.20021444080410442,0.7026006717906224,0.6881361850941341,0.7129085829893403,0.684870152428978
Lonchura malacca,0.07819014249735141,0.0877161201390393,0.07819014249735141,0.0877161201390393,0.6679283956957006,0.19219494443273352,0.6474361937258684,0.5932165239289044,0.6617495365350402,0.711470151724007
Loriculus galgulus,0.04224855652841951,0.0407496738803679,0.04224855652841951,0.0407496738803679,0.02213036765611014,0.20306104268450867,0.023439242967630825,0.48340312685870185,0.022299576087858586,0.5344791582491097
Loris tardigradus,0.2199572648320814,0.5017066251280087,0.2199572648320814,0.5017066251280087,0.840300959648214,0.5111472408199683,0.6316309468668909,0.42251424035161106,0.840300959648214,0.38365673026976627
Lota lota,0.533747460007419,0.8910824938097867,0.533747460007419,0.8910824938097867,0.8143860827299055,0.8378069040208996,0.8169191744071029,0.7734715195744551,0.8143319180902635,0.6026346037546136
Loxodontomys micropus,0.08896930037583037,0.17079191620122508,0.08896930037583037,0.17079191620122508,0.3596541959026465,0.7442890792614323,0.4445898273720076,0.6915781439821053,0.39799357465504076,0.844122183418526
Loxosceles deserta,0.43579310074839783,0.47586384514474506,0.43579310074839783,0.47586384514474506,0.4267568358605799,0.3506733547377273,0.42383593841880296,0.8211550878020127,0.4262573873243489,0.6764451495151897
Loxosceles laeta,0.578222944393661,0.6337903352388523,0.578222944393661,0.6337903352388523,0.419348705583218,0.5693674767586884,0.4901957463897695,0.6319587027782273,0.42032347837787687,0.6296123865373419
Lucifer typus,0.543586120241195,0.8394095353534976,0.5435861202411921,0.8394095353534976,0.499670464230664,0.7361352367278755,0.44194142552148985,0.41954502378381003,0.49967046423066314,0.4744231811151211
Lutjanus campechanus,0.5991293569414835,0.530655411261022,0.5991293569414835,0.530655411261022,0.6198046026600834,0.4737682631031219,0.5993775011947187,0.5560551102955767,0.6198041277539396,0.5840827440389285
Lutreolina crassicaudata,0.13460085815543077,0.17265057377826817,0.13460085815543077,0.17265057377826817,0.35327408408610933,0.9579793258363887,0.5039633786258503,0.953893659486184,0.35327408408610933,0.8476162154188861
Lycodichthys dearborni,0.08317421034057591,0.07644260715943574,0.08317421034057593,0.07644260715943574,0.11636064992503853,0.27028961149650826,0.10758478620178794,0.44866001694920754,0.11304587529492176,0.6244768483512109
Maccullochella peelii,0.5025478460357775,0.4442805452465614,0.5025478460357775,0.4442805452465614,0.7566791902163337,0.6072760931973814,0.7364862326003673,0.5460077072878093,0.7549926719091453,0.8909673170142502
Macrobrachium acanthurus,0.6621047613838351,0.46568057705221844,0.6621047613838357,0.46568057705221844,0.5932935569900699,0.5141551880299727,0.5789431017903275,0.7405535268542041,0.5741019276836209,0.428171639526524
Macrobrachium heterochirus,0.47289785316329813,0.4573495275990455,0.47289785316329774,0.4573495275990455,0.5698913579342599,0.74689336892409,0.55660824183787,0.9215569984571214,0.5561354278161547,0.5558139573605887
Macrobrachium olfersii,0.6829921447563876,0.7741734414349574,0.6829921447563864,0.7741734414349574,0.5701586940062263,0.7325058542634556,0.5870338533942662,0.8936850616080464,0.5875329365729745,0.7094901638636549
Macroderma gigas,0.14934112748682435,0.1665875041811172,0.14934112748682443,0.1665875041811172,0.5633010692709541,0.629261947560864,0.7303308072085821,0.7121111123074024,0.5420354010793427,0.6414771043946687
Macroglossus minimus,0.15945562194261265,0.08007786553119023,0.15945562194261292,0.08007786553119023,0.44779958658613406,0.5732737650187331,0.48413433930656447,0.3580166800087232,0.4227707592395209,0.49102226721935405
Macrognathus aculeatus,0.4138163109759285,0.46145205528261746,0.4138163109759285,0.46145205528261746,0.47342177800158747,0.37894803981892944,0.637834878503945,0.5512757696396523,0.5968393184950609,0.5463639023862484
Macronectes giganteus,0.2372335138831031,0.31548237159095943,0.23723351388310307,0.31548237159095943,0.22728978581211415,0.029257238042405678,0.2309870948984799,0.42595119182230884,0.22680068828007027,0.4246927821588639
Macroscelides proboscideus,0.16252818984932246,0.1788953592982644,0.16252818984932246,0.1788953592982644,0.8939394187649627,0.6831776611691991,0.7528685688796961,0.8849753422331184,0.9624345910605707,0.506125876018076
Macrotermes carbonarius,0.5353992091898783,0.7282396529820276,0.5353992091898783,0.7282396529820276,0.6520627806494901,0.7798695699442665,0.6986643648254874,0.8169189375425941,0.6521779822975858,0.47493819875277216
Macrotermes gilvus,0.2167658457922406,0.24837353766775722,0.2167658457922406,0.24837353766775722,0.1865320339577376,0.15879273735967037,0.1743466356171247,0.10685532462749339,0.1864990846734664,0.10398324841720924
Macrotermes malaccensis,0.508407124120792,0.37377911390316726,0.508407124120792,0.37377911390316726,0.4174456513675654,0.3490337137019274,0.38960162547972904,0.22236596562452862,0.4173719131728804,0.5731288258463829
Macrotis lagotis,0.22330434239707386,0.38755912609668824,0.22330434239707386,0.38755912609668824,0.4945009918579781,0.35687391517972494,0.6783953164854233,0.8810537879244541,0.48620186256258313,0.7290690021096927
Madoqua kirkii,0.183584950046857,0.4534550408648932,0.183584950046857,0.4534550408648932,0.3152715385067306,0.3574931378240438,0.4934079545139797,0.545514244794932,0.3155134953485046,0.37403703532644395
Maja squinado,0.04563206458606642,0.05746700125126184,0.04563206458606642,0.05746700125126184,0.08653434363831367,0.10932776535435906,0.08357043368096785,0.715190894076473,0.08652983781633983,0.13505314826066445
Malacopteron cinereum,0.06018168140029082,0.10026178092700741,0.06018168140029082,0.10026178092700741,0.35173169292581696,0.7090502331755913,0.12334400946702122,0.6907616122683092,0.3544945506794867,0.7004597287027321
Malayopython reticulatus,0.06016721993857868,0.03391338158844266,0.06016721993857868,0.03391338158844266,0.17941595869616753,0.10214438725244958,0.30534015979823026,0.8630109888737221,0.18462857674651417,0.8545015567194545
Malurus cyaneus,0.059517601574423394,0.05629903192647714,0.059517601574423394,0.05629903192647714,0.3957688604157498,0.6161076101546717,0.8114662088474229,0.9934644115741561,0.8528436881956266,0.9911413323815865
Malurus lamberti,0.05977777778978755,0.04162833929581904,0.059777777789787497,0.04162833929581904,0.3680248235938282,0.21954178270424413,0.14864310591861093,0.9257770772986798,0.39601069741063827,0.8010894136814899
Manacus vitellinus,0.05709745344341664,0.08484465581801268,0.05709745344341664,0.08484465581801268,0.057510707152912593,0.08356754938013983,0.05269807425541293,0.7950382818749864,0.058496774524245204,0.9011984489817001
Manduca rustica,0.2658148384167967,0.6860482620511837,0.26581483841679665,0.6860482620511837,0.3790005452080169,0.4611690652108835,0.30030328820615587,0.7239875017971779,0.29089350256728247,0.6659040435373501
Manis javanica,0.3312500947176335,0.8234511794362936,0.3312500947176335,0.8234511794362936,0.7767351682204056,0.24592293004212507,0.9360673261381595,0.7751114795814673,0.7749914762488839,0.8724918068737817
Manis pentadactyla,0.5336658656083975,0.7408783698828424,0.5336658656083975,0.7408783698828424,0.7667871959296177,0.14200833720870237,0.6528215949240157,0.9266631922277931,0.7685124286816988,0.9565990791475135
Mannophryne trinitatis,0.6664031289525324,0.6390442591507566,0.6664031289525324,0.6390442591507566,0.45409944177333794,0.3763555525753074,0.49412497465580674,0.6984040774898448,0.5209397236512163,0.4862017762103091
Manorina flavigula,0.05593754260688048,0.041577726399864595,0.05593754260688048,0.041577726399864595,0.16323702112138533,0.9023958670654023,0.3174683888823805,0.733061089966775,0.3307401638499674,0.7058771407837108
Marmosa robinsoni,0.18081758422649097,0.20983005710213093,0.18081758422649089,0.20983005710213093,0.6984709625981994,0.7254604097309028,0.8549400318113892,0.8416194489428708,0.6752048983784498,0.6084960683567986
Marmota flaviventris,0.23502220890916156,0.5842392748142206,0.23502220890916156,0.5842392748142206,0.5644985255930439,0.4742551376181223,0.6664166143622188,0.7626976714000058,0.5632312834398816,0.7344853251676978
Marpissa muscosa,0.4529356814484489,0.5100866635305203,0.4529356814484489,0.5100866635305203,0.39854846115493203,0.4300846630834002,0.3888390494087901,0.8615617556849271,0.399136008860529,0.5274609511738394
Martes americana,0.11570122591472558,0.20080695933844117,0.11570122591472558,0.20080695933844117,0.09328598710686085,0.1878041764372647,0.30854158480229676,0.5412129072220663,0.09274673509926608,0.40014014381221996
Masticophis flagellum,0.10773020391804802,0.24572480965035556,0.10773020391804802,0.24572480965035556,0.5809070010661506,0.5901066774584695,0.1167395217991073,0.29381475678924807,0.5809070010661506,0.31434803059660266
Mastomys natalensis,0.2585250973636995,0.3360006412373468,0.2585250973636995,0.3360006412373468,0.558808593151902,0.3619191120776544,0.4647400001444455,0.6206540178506416,0.6040468808051163,0.58516677352866
Megadyptes antipodes,0.3242942074671464,0.3684268049268804,0.3242942074671464,0.3684268049268804,0.31425711254931893,0.2842389512726775,0.31702852728046726,0.7165802631380366,0.31358087284226,0.7356217515662832
Melamphaes acanthomus,0.1396416414278973,0.20129471429778306,0.1396416414278973,0.20129471429778306,0.334952252957404,0.4326026329387703,0.28654169548669156,0.7043548909023835,0.32923281045614555,0.6522481037679625
Melanerpes formicivorus,0.03776153863150849,0.035810645500785325,0.03776153863150848,0.035810645500785325,0.035012532365643785,0.14010628058464789,0.04771240696481347,0.1347834865395343,0.03625977714642244,0.1028831243459083
Melanocetus johnsonii,0.10463854182504201,0.14964431002914214,0.10463854182504201,0.14964431002914214,0.1630316099860655,0.2220720427777989,0.2064166198655029,0.9294365536437162,0.16672562119279158,0.5634358845410776
Melanogrammus aeglefinus,0.45292525881650425,0.4350590400350272,0.45292525881650425,0.4350590400350272,0.43944488060207343,0.5171202392773159,0.4414994726486849,0.45934029887463734,0.44014243038816975,0.5164360630340491
Melanonus zugmayeri,0.13364960658547315,0.2037902587565376,0.1336496065854733,0.2037902587565376,0.24161528264510265,0.6521017588418127,0.23587193054256592,0.5521433041721248,0.2425312991062169,0.7008799532049577
Melanoplus bivittatus,0.21201865794393399,0.19425826485649675,0.21201865794393399,0.19425826485649675,0.2613805109975972,0.4175793290184631,0.254444555469405,0.756306503630045,0.2538762431181663,0.9476321713891052
Melanostigma gelatinosum,0.12073927285348159,0.04492146994263167,0.12073927285348159,0.04492146994263167,0.1902026817194258,0.47461224906211136,0.2408182968519641,0.8474953945346118,0.1945123419005463,0.911284101198199
Melanostigma pammelas,0.09099990123420912,0.10774678614506047,0.09099990123420912,0.10774678614506047,0.09887514349614608,0.35050328786802737,0.09530839662236025,0.41401628192112255,0.09862307129052245,0.35454363468213496
Meliphaga lewinii,0.05708679160786054,0.08468427578217871,0.057086791607860586,0.08468427578217871,0.1845147152595372,0.8798304675527422,0.36000685680034766,0.9682683012258718,0.37599677339713694,0.8611620502619718
Melithreptus lunatus,0.05212296317840729,0.05662167660538082,0.05212296317840729,0.05662167660538082,0.10759241276962378,0.0761602132712977,0.31754315789660137,0.8567062266974349,0.18958237494667857,0.933308211408682
Melonycteris melanops,0.1865383434680632,0.18575962361869425,0.1865383434680632,0.18575962361869425,0.7136906665843847,0.7320131598798955,0.9957494770851607,0.7537852146244964,0.8925617915794705,0.997772272281225
Melopsittacus undulatus,0.05450384907179672,0.0963345721044371,0.05450384907179674,0.0963345721044371,0.042077923843983636,0.8854111110330997,0.09005548323718492,0.24903258679816595,0.04775650618886741,0.2843500809898423
Menemerus bivittatus,0.7457934041226899,0.7320030840423067,0.7457934041226899,0.7320030840423067,0.6368050794282328,0.7038988924218946,0.6255332067252962,0.5519733857199449,0.6377438695624271,0.6011200873423383
Menidia menidia,0.21103174584126483,0.3338880127312319,0.21103174584126522,0.3338880127312319,0.2591102554530847,0.5206306918207084,0.2516617465901555,0.7278405835157336,0.2510996497566918,0.6541064105796762
Menippe mercenaria,0.489129368040016,0.4040015786440239,0.489129368040016,0.4040015786440239,0.45977456294185787,0.36702459518164887,0.46739079113153936,0.4351336271550838,0.4589637380270295,0.36229881755608967
Mephitis mephitis,0.2440863434600003,0.26640984705707815,0.2440863434600003,0.26640984705707815,0.5810070610929517,0.4214969564066082,0.7018372922833436,0.850584109741966,0.5797027589456106,0.8459501228368288
Meriones tristrami,0.17829812100151887,0.36346099227791856,0.17829812100151896,0.36346099227791856,0.6914157003497328,0.5772189332363453,0.8463042739143044,0.9804882675065751,0.6683846468796776,0.6376617869120766
Merops viridis,0.0831843537049168,0.07750966862717128,0.08318435370491672,0.07750966862717128,0.4187244200637105,0.3964933166454227,0.12592394249987243,0.6310985841080978,0.4021402575209572,0.645463643088461
Mesocricetus auratus,0.17204003159413703,0.19130089245417306,0.17204003159413694,0.19130089245417306,0.6645646051905199,0.5979100020147681,0.8134380885195741,0.9014693486189966,0.6424279615639619,0.9020018234670826
Metachirus nudicaudatus,0.16031612372223447,0.1303595577040539,0.1603161237222345,0.1303595577040539,0.6527852049254828,0.2140648402780933,0.9178313715991464,0.8298724672614172,0.6424609525591705,0.48054561731434997
Miathyria marcella,0.36962444375556885,0.27931780647921417,0.3696244437555684,0.27931780647921417,0.6646494514293889,0.45105797781480156,0.6642837398166356,0.5047819421321729,0.6631402702935871,0.4296873130592761
Micaelamys namaquensis,0.16607602736821667,0.18654422834563442,0.16607602736821667,0.18654422834563442,0.6713544990182734,0.6894123014922375,0.829901011094414,0.7781702244112632,0.742921339356076,0.8026619951031937
Micrathena sagittata,0.39796849715468346,0.47641638318456003,0.39796849715468346,0.47641638318456003,0.40567392743965713,0.3044049010190152,0.5411244378216129,0.5519495937548207,0.40678393594565976,0.27319251408089157
Microcerotermes dubius,0.28464596819035964,0.34564611340156426,0.28464596819036064,0.34564611340156426,0.26034324628928546,0.24841791226082086,0.26016204964579026,0.5666679227607113,0.26034324628928496,0.5843531202217782
Microcerotermes serrula,0.23418324640709873,0.26218099382466087,0.23418324640709873,0.26218099382466087,0.2039416681003494,0.08876869742537696,0.20312689093142783,0.15174979535654123,0.20394166810034903,0.15032912865111878
Microdipodops megacephalus,0.069651311273492,0.032206826921024126,0.069651311273492,0.032206826921024126,0.43769082842807716,0.2641805170703153,0.6362735765146947,0.49414962021463527,0.4390086599036261,0.3150050423818626
Microdipodops pallidus,0.11829827059168671,0.1676018885727552,0.11829827059168671,0.1676018885727552,0.617654602187771,0.7154528519991351,0.6686928535179021,0.48500703774465165,0.5831320817096839,0.5240132664461692
Microgale cowani,0.07380291250534592,0.050986233446682246,0.07380291250534599,0.050986233446682246,0.6116902503171004,0.2060847442124022,0.8559004484453158,0.7470667688990105,0.6859023819178647,0.4865547646128688
Microgale dobsoni,0.20364406401564464,0.24993240757080357,0.2036440640156448,0.24993240757080357,0.8210971053357007,0.8017697818343873,0.589739319380026,0.6246751698402733,0.8821019420641445,0.650678683335414
Microgale talazaci,0.19662185491165685,0.2485478772024283,0.196621854911657,0.2485478772024283,0.7427115195082442,0.7935735816670726,0.6108014379293127,0.9880778515685623,0.7978925628824145,0.711370695670186
Micropogonias undulatus,0.16450697504395675,0.3837616653565628,0.16450697504395675,0.3837616653565628,0.15253934111050357,0.5544416862860974,0.13972674747191824,0.24652620515132564,0.15256237602622763,0.4363515809658317
Micropterus dolomieu,0.46142047539905606,0.6166366766245626,0.46142047539905606,0.6166366766245626,0.3028121438195307,0.51754526800567,0.3088292210086417,0.31316177051182204,0.30262571053294773,0.2835832116783917
Micropterus salmoides,0.5059223954958793,0.4474828688352681,0.5059223954958791,0.4474828688352681,0.4388720263026114,0.4639752142815014,0.4448303652992833,0.5245232465500984,0.44013562419809765,0.5174002085281663
Microstomus kitt,0.5406032788673648,0.46013199633195095,0.5406032788673648,0.46013199633195095,0.5471106716091135,0.5202664555041246,0.5442636409163925,0.5365139227311356,0.547097555516273,0.4250655606965077
Microtus agrestis,0.06160399997154082,0.07145210367164248,0.06160399997154082,0.07145210367164248,0.22064741278922675,0.4906112420748773,0.32554550851799563,0.6235976985018453,0.2200157519813697,0.6461110199423395
Microtus breweri,0.12079959138202613,0.0972157024686483,0.12079959138202613,0.0972157024686483,0.48687483706684653,0.5273693819569854,0.9963365697536442,0.8047983408576329,0.4584345706543935,0.6204259231298598
Microtus cabrerae,0.17410873904085883,0.15455178710035697,0.17410873904085883,0.15455178710035697,0.8297460928619151,0.8650779614908934,0.6900684850629646,0.8221706905220398,0.8969180957409302,0.8274459816954347
Microtus guentheri,0.10624907687772761,0.13430848022739914,0.10624907687772771,0.13430848022739914,0.7338026933851864,0.8486353981181831,0.8846944968554414,0.6253470311284774,0.678846731556832,0.6939755611793814
Microtus longicaudus,0.06393877294738196,0.0347134969745714,0.06393877294738196,0.0347134969745714,0.23158333562126565,0.2853535886261902,0.3415990415010008,0.8315062982181158,0.22959657279751347,0.6072425340575676
Microtus montanus,0.0988111771433799,0.10878333584937934,0.09881117714337986,0.10878333584937934,0.6857155776798136,0.941837164738343,0.8175461346757573,0.7643785872972237,0.6354145061266593,0.9564666576241375
Microtus ochrogaster,0.09926673612876591,0.26592141214762205,0.09926673612876591,0.26592141214762205,0.4198454100252559,0.8937355945466192,0.5096506801380809,0.9117858381319341,0.4659137785354602,0.907488810366674
Microtus oeconomus,0.05252038477903068,0.05146500169665616,0.052520384779030704,0.05146500169665616,0.18352205069821206,0.1931356350583413,0.22338945574712674,0.32766581381957166,0.20246321065518402,0.32537219450481686
Microtus pennsylvanicus,0.10638122747085904,0.03820528870053135,0.10638122747085912,0.03820528870053135,0.12452010123874975,0.07789383062746323,0.8890718583892026,0.7056377926547288,0.12788290436517505,0.5916621939474674
Microtus pinetorum,0.08184255386804774,0.05158658918215846,0.08184255386804774,0.05158658918215846,0.6123445978364154,0.4383136452419589,0.6583254198885701,0.9660579664963613,0.6858386091548192,0.9643263157404666
Microtus richardsoni,0.06906757783241214,0.07906697123442313,0.06906757783241217,0.07906697123442313,0.35808683098373584,0.737275127965176,0.42786243778722177,0.49660802383530706,0.33224385823575847,0.5418027094588738
Microtus subterraneus,0.05654214513311731,0.06703570985374192,0.05654214513311731,0.06703570985374192,0.27348967216318315,0.4121185127526144,0.3958286760190883,0.9298899052300253,0.2731929299265526,0.9594333959507337
Microtus xanthognathus,0.1057432642405771,0.10670438774680094,0.1057432642405771,0.10670438774680094,0.6275562138957391,0.9570658709354225,0.7498397268291209,0.9230285614988395,0.5822657515545869,0.9658284961437413
Mimas tiliae,0.31064930100966,0.27802358199082033,0.31064930100966,0.27802358199082033,0.5904696554402602,0.33713472819852963,0.5849078572062604,0.4326639966033188,0.585378063578151,0.3735684810874514
Miniopterus schreibersii,0.08176015433094028,0.07308993240417229,0.08176015433094028,0.07308993240417229,0.5158075855995625,0.19272188980014776,0.7459571065834023,0.7752875116076522,0.5160246356684022,0.3852900647400867
Misgurnus fossilis,0.505271310070546,0.6017597581988129,0.505271310070546,0.6017597581988129,0.7681708357841996,0.9592127203734911,0.8774864217433974,0.9400639125861586,0.7771990144373033,0.8097127580361787
Moloch horridus,0.14378760022533232,0.16677369201258635,0.14378760022533232,0.16677369201258635,0.5138927428212053,0.2624032534307167,0.17376746332181037,0.17612758650608493,0.5113064644698463,0.24373009761599637
Molossus molossus,0.1351980235333562,0.19154501551172018,0.1351980235333562,0.19154501551172018,0.9792021392626871,0.934001747321878,0.591508110918866,0.7441166491396455,0.5431926970565454,0.7386419585486754
Monodelphis brevicaudata,0.2288881063230497,0.19757405766729236,0.2288881063230497,0.19757405766729236,0.8918472428643851,0.6538984200559397,0.9164773200282608,0.6971552096382234,0.8587050246502883,0.5606903926272175
Monodelphis domestica,0.2057757706464392,0.09889278315518445,0.2057757706464392,0.09889278315518445,0.9800195792028994,0.9203161615216842,0.814988975971362,0.5839174342525999,0.946746829673162,0.7173467910024419
Morelia spilota,0.20826285344882206,0.3318929789133166,0.20826285344882206,0.3318929789133166,0.17333258725906536,0.2485469892900959,0.21835622535797555,0.264906819573872,0.17600481232013865,0.7820613597479946
Mormoops megalophylla,0.09368052953157463,0.047393022457235,0.09368052953157463,0.047393022457235,0.7566268876800201,0.5756386455320097,0.813228935841627,0.6942234936631355,0.7143368000943633,0.9956696696960601
Morone americana,0.5850490570216337,0.5420798118678642,0.5850490570216337,0.5420798118678642,0.47729552678804393,0.48454203462050216,0.42825969894917343,0.7239494700949761,0.4701332363676446,0.6994381592147159
Morone saxatilis,0.5318007129734528,0.5187784992531368,0.5318007129734528,0.5187784992531368,0.5020436375109466,0.47462476398810827,0.4871255094416743,0.5391879809234501,0.5051065073553119,0.5730290681547886
Mugil cephalus,0.5768234135294977,0.49801207324387786,0.5768234135294977,0.49801207324387786,0.5420601202714734,0.45533830766500094,0.595620460527574,0.5960349357553847,0.5425539299809758,0.5464022514568039
Mugil curema,0.6007672172574617,0.5934949263459862,0.6007672172574617,0.5934949263459862,0.5176958340954007,0.591836525776218,0.5024453606147402,0.6018509634021806,0.515289127002365,0.4595498738371575
Munidopsis verrilli,0.028032011654126866,0.03700332474520006,0.028032011654126866,0.03700332474520006,0.056173647877128904,0.2459514273366647,0.04532499073081516,0.17545216937483107,0.04447086869030086,0.1846949908894897
Mus musculus,0.10048332449055469,0.21522994118109207,0.10048332449055469,0.21522994118109207,0.4613775037736481,0.837173260192263,0.6383922421939847,0.8128710667373318,0.43523029547737735,0.783755106559401
Musca domestica,0.07160269733372236,0.07742373541134362,0.07160269733372236,0.07742373541134362,0.09746639487195306,0.0971055850952461,0.10459712057312669,0.044722529604670415,0.09748361451652798,0.04733085425403049
Mustela erminea,0.06823230372817242,0.058171661325010345,0.0682323037281724,0.058171661325010345,0.10770871287494695,0.08091505786692772,0.3418817919767816,0.3743830211466927,0.12627768298887784,0.17057909936847418
Mustela frenata,0.09325549302827123,0.19590875335117364,0.09325549302827123,0.19590875335117364,0.4995270820534106,0.8479683239483459,0.6645543390517427,0.855156802368047,0.4995270820534106,0.9317776532084635
Myocastor coypus,0.12004342139545104,0.29841469786118685,0.12004342139545104,0.29841469786118685,0.288331620655766,0.9398704275055061,0.34433365391563836,0.2725517550023279,0.2876843453003508,0.2586382384778584
Myodes californicus,0.05884908393790836,0.04260869562338778,0.05884908393790841,0.04260869562338778,0.5575820728266545,0.3947203561476598,0.5630790748812884,0.7480236200328017,0.6245034489865019,0.8406824101495048
Myodes gapperi,0.08959550610376421,0.05047963263148081,0.08959550610376421,0.05047963263148081,0.7705909545806575,0.5026278023848119,0.8284544609833692,0.8072795520467876,0.8630778002847164,0.8123735873214037
Myodes glareolus,0.06729300394603664,0.07130630709540073,0.06729300394603664,0.07130630709540073,0.2398576412265024,0.3632938758460754,0.34771141963911584,0.7500662095763149,0.2391709861258937,0.784671361276195
Myoprocta acouchy,0.15712262668540578,0.23171685681411414,0.15712262668540578,0.23171685681411414,0.24035162107540176,0.5017179917028173,0.4490571197291537,0.8955072882251695,0.23701493384322903,0.7293396115566815
Myopus schisticolor,0.049692574768376435,0.062367516288312885,0.049692574768376435,0.062367516288312885,0.18869428254379025,0.13944744504662362,0.21987434169699302,0.21048684092567563,0.21036911840365463,0.22185026334229685
Myosorex varius,0.08266978607792871,0.04790855067875526,0.08266978607792871,0.04790855067875526,0.8628589366908201,0.22292810035176763,0.9922473411781134,0.8855775221011728,0.8635228423602218,0.6953063915186065
Myotis vivesi,0.10748188130269748,0.11145124062198199,0.10748188130269748,0.11145124062198199,0.3831059547367749,0.6087903109452037,0.5553724063680325,0.9588856139772712,0.3820092139510804,0.9464487207449812
Myotomys sloggetti,0.17641940034308454,0.20836407930231557,0.17641940034308454,0.20836407930231557,0.9745397719114409,0.8993591886697728,0.7373686972270966,0.7916530525156703,0.9772818039868528,0.8189891048969468
Myotomys unisulcatus,0.11676281338943031,0.16040148150262307,0.11676281338943031,0.16040148150262307,0.33934792450789575,0.46460805728860505,0.6952092908080867,0.9085414585827742,0.31981677166297146,0.5485512548370757
Myoxocephalus octodecemspinosus,0.29556312502677723,0.30332053945467286,0.2955631250267772,0.30332053945467286,0.33950763048831456,0.652485576088483,0.3652877247264588,0.7859472334802377,0.3413440171772592,0.5628284169603147
Myoxocephalus scorpius,0.7049019337850628,0.6810278362305366,0.7049019337850628,0.6810278362305366,0.4834408575847836,0.6707396216564933,0.49206059344391273,0.7093669391765716,0.4835090130489437,0.827140974904896
Myrmecobius fasciatus,0.31005705534054806,0.2907859678221093,0.31005705534054806,0.2907859678221093,0.9164794587966346,0.611846642631701,0.7858903447746678,0.6297574975683697,0.9019408905829256,0.8741481600427804
Myrmecophaga tridactyla,0.7987571971843591,0.32824375109378034,0.7987571971843591,0.32824375109378034,0.7767277451094899,0.21873992695423927,0.787334462190723,0.23232909418916695,0.7715278693139521,0.14343252018618902
Myrmica alaskensis,0.1704757113677994,0.2411360112240166,0.17047571136779896,0.2411360112240166,0.19986576987294638,0.35244590032680095,0.27648866739255484,0.6843272992254223,0.1998657698729466,0.1847861362726405
Myrmica rubra,0.6461997431469277,0.7058664911721951,0.6461997431469265,0.7058664911721951,0.7214244038639723,0.5950801552725795,0.7168758693732911,0.8708815819779155,0.7214244038639736,0.8535300469155536
Mystromys albicaudatus,0.18342324790479475,0.2005467991076879,0.18342324790479475,0.2005467991076879,0.5941234311653314,0.4865232228944227,0.7488087370862268,0.7756113085217167,0.5855756258339047,0.4237918290928191
Mystus cavasius,0.8161425607577961,0.6984480305470759,0.8161425607577962,0.6984480305470759,0.6601729324178027,0.6386437053223861,0.6199644457084618,0.61535687018792,0.6307444168866434,0.639296707437579
Mystus vittatus,0.7200579683604109,0.6832019084646986,0.720057968360411,0.6832019084646986,0.4183216203493193,0.45296795842920734,0.6702344427456433,0.733546864587276,0.40846341245098017,0.6616197456975645
Nandinia binotata,0.42133023017491145,0.954762899283544,0.42133023017491145,0.954762899283544,0.9881513566592991,0.27305737464933216,0.837028927363676,0.7251338341560679,0.9903746476761179,0.8085290722723585
Nannobrachium regale,0.04679818981105817,0.044477823284072744,0.04679818981105817,0.044477823284072744,0.08226668232153951,0.189802756980849,0.07731269646681709,0.1440363519458958,0.07544875063486445,0.18799656883506358
Nannobrachium ritteri,0.1807552850617163,0.24628349955981652,0.18075528506171634,0.24628349955981652,0.2899188143249587,0.5799675757436589,0.2726256272251398,0.4620125559208918,0.2655877297246722,0.39409381565745033
Napaeozapus insignis,0.09529827927293409,0.11989573423882174,0.09529827927293409,0.11989573423882174,0.35000753718083427,0.4387988395254401,0.5083078839700454,0.96401231962375,0.34962777139809337,0.8798479198820313
Nasua narica,0.2984860718686827,0.7480671951744968,0.2984860718686827,0.7480671951744968,0.722790895656248,0.22904902208933253,0.8489713092107802,0.5571581051487154,0.7211683031261164,0.6693353806665279
Nasutitermes longinasus,0.14637216214052096,0.17878247244908493,0.14637216214052096,0.17878247244908493,0.1346602998048028,0.12849202358318318,0.13456657740299494,0.29310409797967824,0.13466029980480257,0.3022516139078163
Natalus tumidirostris,0.10618126136050927,0.10271849927313001,0.10618126136050927,0.10271849927313001,0.17459152041852768,0.4588950612042401,0.1788883935888108,0.8808501947205598,0.16481057008768474,0.4495612713556083
Natrix maura,0.3171481562605818,0.3735931801782025,0.3171481562605818,0.3735931801782025,0.480367139292975,0.4687722750704968,0.5013749078016501,0.2843071300126334,0.4804340555524968,0.36426196117519305
Natrix natrix,0.28750382274210184,0.4113283095202368,0.28750382274210184,0.4113283095202368,0.26319412899762806,0.40205365129173914,0.153834849897078,0.4416915452020611,0.2574921053859004,0.3612277002107801
Naucrates ductor,0.22942237142442096,0.15991507412931957,0.22942237142442054,0.15991507412931957,0.2257094434419962,0.311382446324052,0.18014926822161148,0.44434926568577804,0.22665640515611182,0.8389221286053704
Naultinus manukanus,0.8691992213362706,0.4173014562705058,0.8691992213362706,0.4173014562705058,0.9578910426808092,0.2793215919493206,0.9969842753460623,0.7109096737745007,0.8840918878053685,0.9112229308217265
Nauphoeta cinerea,0.9398453220712839,0.43854065045752455,0.9398453220712839,0.43854065045752455,0.7125686781191127,0.4754974345392345,0.7233484495500093,0.5981572214586466,0.7227674181256389,0.6056786749484511
Nectarinia tacazze,0.021130968192958628,0.012396448061883066,0.02113096819295861,0.012396448061883066,0.018391330917319572,0.013329146251030346,0.019595067043957148,0.4746116947405321,0.018879626471901625,0.4153157544211964
Necturus maculosus,0.12038388368120842,0.25184420192654683,0.12038388368120848,0.25184420192654683,0.10792559777621608,0.3152347307809823,0.1120421115975059,0.4756470031159007,0.10792559777621613,0.0974575504737065
Neochmia temporalis,0.05865342341306946,0.07337258320949983,0.05865342341306946,0.07337258320949983,0.40682112427182576,0.7627079099386662,0.8074341551643547,0.8589115240295502,0.8484796828942531,0.8537103928890785
Neofiber alleni,0.12034443455180548,0.27449695811601393,0.12034443455180548,0.27449695811601393,0.6511077138489283,0.4086129104264562,0.8662122074536509,0.7194237746630093,0.6511077138489283,0.6260823917294415
Neomys fodiens,0.05857928827733508,0.06178414993131022,0.05857928827733508,0.06178414993131022,0.8020336200095941,0.5182170956156582,0.736498555182079,0.7528998803711222,0.8454716737191083,0.6799416991600796
Neophema pulchella,0.05877456629890413,0.05116461390672197,0.05877456629890413,0.05116461390672197,0.05017754848761658,0.9203645287494224,0.10316881006737824,0.29586100267224286,0.05674224780504127,0.37644948131676254
Neophilaenus lineatus,0.06524007349526807,0.10156427283603739,0.06524007349526807,0.10156427283603739,0.078007554580653,0.10457367302066937,0.10443684376756972,0.17104382803970475,0.07800755458065287,0.1670233842374512
Neopomacentrus azysron,0.255207496282528,0.180686319598988,0.2552074962825282,0.180686319598988,0.5408467371905765,0.3723093069472617,0.36073176362131354,0.729719354218523,0.428996458215036,0.8031107470477108
Neopomacentrus bankieri,0.1746320743377042,0.21893972654472255,0.17463207433770428,0.21893972654472255,0.367118537024135,0.4100113613907608,0.24593351119144022,0.9471552468595371,0.29518966040180006,0.902346417905842
Neopomacentrus cyanomos,0.23447712764283898,0.24336673047935964,0.23447712764283918,0.24336673047935964,0.3729089036933647,0.5347662428578716,0.32654464526981347,0.8814767020130068,0.3102236593817948,0.9115221891346654
Neotoma fuscipes,0.16108981374079767,0.1319166991201785,0.16108981374079775,0.1319166991201785,0.937283436911889,0.9345882015363188,0.8080001400451569,0.8084450053486001,0.9345684686433192,0.7333517442130578
Neotoma lepida,0.17720123254196113,0.16404550254512604,0.17720123254196107,0.16404550254512604,0.6845015433462354,0.9106689996716962,0.8378412311751613,0.9816652299658408,0.6617008004108808,0.9669352599999864
Nephrurus asper,0.6116424075659127,0.8131548996461659,0.6116424075659127,0.8131548996461659,0.2401437027154268,0.9612593407757705,0.274317675943594,0.25159886655546,0.2429660700190738,0.5020541688116685
Nephrurus levis,0.662828752287956,0.9936810682207825,0.6628287522879553,0.9936810682207825,0.5768927771565128,0.5835178825205531,0.599061017782022,0.29334450351686364,0.5763105869369801,0.7981001251676878
Nerodia rhombifer,0.8641678652674184,0.6483653048544008,0.8641678652674184,0.6483653048544008,0.4625028366669413,0.5552758283993021,0.8196378963393605,0.33381130505206696,0.4625028366669413,0.7385431861019176
Netta rufina,0.07158342661132336,0.10233150526860982,0.07158342661132336,0.10233150526860982,0.05126969214108691,0.6252867815238354,0.04782284439308936,0.5119669616524196,0.05327415597723929,0.48170533789115544
Neurotrichus gibbsii,0.04267194770634832,0.04787071070632262,0.04267194770634832,0.04787071070632262,0.3165175778613203,0.06670388265681074,0.29900854380088654,0.4012096163874632,0.3162035484492305,0.3111822860654451
Ningaui yvonnae,0.12400467911689317,0.07343622978414499,0.12400467911689317,0.07343622978414499,0.6577875138836813,0.14757625240140979,0.662492483426166,0.8383716095444156,0.5756818949068141,0.9129187712989603
Niphargus krameri,0.13085936313788044,0.06790633940910346,0.13085936313788066,0.06790633940910346,0.1586437904041296,0.15211158967754507,0.13909962053813352,0.3567373847417526,0.15832259318735142,0.3636618288214946
Niphargus rhenorhodanensis,0.20581549562863724,0.15163237812241967,0.20581549562863724,0.15163237812241967,0.1929377207735123,0.25698392297207023,0.20136448737651405,0.889140287173975,0.19290363997959367,0.8338299847899809
Niphargus stygius,0.17512461530901244,0.15030532193908924,0.17512461530901244,0.15030532193908924,0.20927014556181725,0.4193247607028679,0.17691352225098494,0.4086265690674614,0.20884644799295565,0.4627864445962686
Niphargus virei,0.13137784278441894,0.1496358045661158,0.13137784278441894,0.1496358045661158,0.1550745423856238,0.15438544611571306,0.17272147777865304,0.23261282409268524,0.15485087548101856,0.12361271009731548
Noctilio albiventris,0.16371315654762578,0.15790498628642577,0.16371315654762578,0.15790498628642577,0.5350687256414004,0.29214501319513503,0.858614869923226,0.7584566602837346,0.5346916248658417,0.8086684114509726
Noctilio leporinus,0.19591758341639234,0.10899421726011316,0.1959175834163925,0.10899421726011316,0.761309955731374,0.8286449929743482,0.6363106240414369,0.7258257191953816,0.8198030337255763,0.586812489310165
Notemigonus crysoleucas,0.2159035748637819,0.08771874693426383,0.2159035748637819,0.08771874693426383,0.3960935973454881,0.16721308189898088,0.3606260149683602,0.6115476887607152,0.33807767414504,0.6498619388841457
Notiosorex crawfordi,0.048626770817760206,0.06350136948829,0.048626770817760206,0.06350136948829,0.09418059375050848,0.5896427071800941,0.07175361571651827,0.859575938106231,0.06535300016680284,0.6748387493019914
Notomys alexis,0.11189164864535327,0.08690706279287048,0.11189164864535327,0.08690706279287048,0.7625852721439255,0.46014874868386135,0.8355894075398576,0.740157242913396,0.8462614503245265,0.6254405328777254
Notomys cervinus,0.14205108747077638,0.13021895613204987,0.14205108747077638,0.13021895613204987,0.7250040956825429,0.9865665129724618,0.9742189001153858,0.8795822787967209,0.6784463625507355,0.8290049379148104
Notophthalmus viridescens,0.46535360117796276,0.49451331718680214,0.4653536011779631,0.49451331718680214,0.37697311831017544,0.4651640589157491,0.378511027417217,0.2549171871130619,0.37651275714295784,0.29785659803468567
Notoryctes caurinus,0.276007306399241,0.2548562515817411,0.2760073063992408,0.2548562515817411,0.24574439007591703,0.5895063401878369,0.6956990947327812,0.35923109628529704,0.25201055623000185,0.631886984730569
Notothenia coriiceps,0.255767189466806,0.1473682857783721,0.255767189466806,0.1473682857783721,0.5302065607212978,0.4038417199531836,0.5037933692930302,0.9079680755527427,0.5247821597082951,0.9897714114083012
Notothenia neglecta,0.3764366979425251,0.6928474791427679,0.3764366979425251,0.6928474791427679,0.24346583232240637,0.09289001610851078,0.2433428600166019,0.11068125245041098,0.2434820262585397,0.03460980664025239
Notothenia rossii,0.3668753511864562,0.23517825464992287,0.3668753511864562,0.23517825464992287,0.5387555530213243,0.656160476985757,0.5237221322473598,0.47418185505771193,0.5134245476834952,0.5970518149121331
Nycticebus coucang,0.18054548407422474,0.2783544689924044,0.18054548407422474,0.2783544689924044,0.4796698107500042,0.9206269341872909,0.9387987405131004,0.6555523666836596,0.48072146260989956,0.6380255873883168
Nycticeius humeralis,0.16920530633073563,0.12381417551825745,0.16920530633073563,0.12381417551825745,0.589231307622841,0.7082703400729088,0.5464393864336723,0.6060103110692355,0.4722155081677672,0.6087327278729532
Nyctimene albiventer,0.09352952407962051,0.06145853968176164,0.09352952407962051,0.06145853968176164,0.34927141475625617,0.36222642363662594,0.5148809191251339,0.7525589225533875,0.34555554647978903,0.4616490156411198
Nyctophilus geoffroyi,0.18356122231015295,0.38783535023825577,0.18356122231015295,0.38783535023825577,0.9099636879752704,0.4998775130459811,0.600594538105091,0.7637247607519475,0.9092001537839689,0.9129469405986501
Occidozyga martensii,0.5801687030817747,0.5659016561282226,0.5801687030817747,0.5659016561282226,0.05534294490799314,0.3437435369766051,0.10308352393261823,0.1560446754408531,0.0462795238066646,0.05646756752789606
Ochotona princeps,0.09764760179555472,0.08964554258336846,0.09764760179555476,0.08964554258336846,0.40208135013637586,0.35842419192275,0.48802422226661635,0.6927992042219728,0.38569644218325605,0.5464334245018768
Ochrotomys nuttalli,0.1340401300556864,0.3362926345772265,0.13404013005568666,0.3362926345772265,0.7075384562701933,0.7674213823574674,0.7777450880639863,0.9986930166697306,0.7346345573976178,0.9990194428827165
Ocreatus underwoodii,0.002962421075777134,0.007245426602511393,0.0029624210757771287,0.007245426602511393,0.0037301056909997393,0.02102238361237169,0.0066377421976487015,0.07949510571035052,0.006847219664174662,0.09806283595094409
Octodon degus,0.10743914703426455,0.09594688756669614,0.10743914703426455,0.09594688756669614,0.30767398413543257,0.8225061822562716,0.5375839573769798,0.8694456240532784,0.3071023705036035,0.8248055607477365
Octodontomys gliroides,0.13653050259703275,0.0925196276346641,0.13653050259703275,0.0925196276346641,0.30869224920619937,0.567210850849754,0.6420642405523864,0.8626484852913221,0.30141650859685143,0.6190624632765279
Octomys mimax,0.154031773214966,0.171276507038993,0.15403177321496592,0.171276507038993,0.10555729918386655,0.3227299646461639,0.7282916075652036,0.808238426399768,0.1069094461614927,0.8611209930914238
Octopus bimaculoides,0.1689015188458113,0.2683135303276989,0.1689015188458113,0.2683135303276989,0.1719468385932491,0.9743097503822262,0.17199728036132614,0.4849632844980691,0.1719468385932491,0.17859833965563512
Octopus cyanea,0.46475339997155257,0.5161188629326008,0.46475339997155257,0.5161188629326008,0.9367940744643685,0.7502367808384169,0.8572483967324609,0.11011736642527972,0.9367452958274924,0.8319038701614843
Octopus maya,0.2887444058416294,0.805799394653822,0.2887444058416294,0.805799394653822,0.2597414870816022,0.34039238865407284,0.14441490374796428,0.7764284052290632,0.25195715827593324,0.3585221116726733
Octopus rubescens,0.5685629715507527,0.9822178100264708,0.5685629715507527,0.9822178100264708,0.8829036830056445,0.3224575409931975,0.8722462592828185,0.6871863255867843,0.883524506810215,0.2627091355623505
Octopus vulgaris,0.06545897489635948,0.08722338897969269,0.06545897489635948,0.08722338897969269,0.08312697580015149,0.6883225957384929,0.078485080169829,0.791854226317621,0.08105131143236043,0.4908253771545651
Odontophrynus americanus,0.24995020611967877,0.27251015250562655,0.24995020611967877,0.27251015250562655,0.26090953497518987,0.2654120665226828,0.2521283727628902,0.28108951122845055,0.2598551384211807,0.24998255471707764
Odontotaenius disjunctus,0.6639118050260874,0.6095582311859661,0.6639118050260856,0.6095582311859661,0.8154046013167938,0.7631770693906729,0.7934905049653745,0.2410250269428875,0.7917182113757919,0.3019980240084405
Oecanthus quadripunctatus,0.930849759483039,0.7814609912723677,0.930849759483039,0.7814609912723677,0.914160778313409,0.8176315641370737,0.8570163774012433,0.43039690788816376,0.9116662691892401,0.7337950928212738
Oligolepis acutipennis,0.5848603470208822,0.6913899099697707,0.5848603470208822,0.6913899099697707,0.4387007924874093,0.5530826013252707,0.5184492685189747,0.42136046210494954,0.49656822389065836,0.3485399206526247
Oligoryzomys longicaudatus,0.09427268456683317,0.13537833255135173,0.09427268456683317,0.13537833255135173,0.6667985765222268,0.4025567667036536,0.7315077631430649,0.8856178368793924,0.745766254614949,0.9183583943341922
Oligosoma macgregori,0.5856057108132701,0.5327648649140083,0.5856057108132701,0.5327648649140083,0.9440582517248939,0.4585572157153574,0.984650763808679,0.7603598232036571,0.9435808159529195,0.6287674489394858
Oligosoma polychroma,0.15669613744310598,0.16596261696765324,0.15669613744310598,0.16596261696765324,0.3012441682823517,0.2504553507214918,0.21610212564922684,0.2547246770458535,0.2507986827410962,0.2867059895455435
Omorgus radula,0.22832304710507795,0.27036258834541516,0.22832304710507795,0.27036258834541516,0.11710938676832316,0.25971642893833985,0.11822296179127469,0.1901355003815874,0.11812799890592457,0.2115799577532469
Oncaea mediterranea,0.06689952360767483,0.043456094971008476,0.06689952360767483,0.043456094971008476,0.04100683446760012,0.042223169784040934,0.039193975994773374,0.08634493250840146,0.04100683446760012,0.06678884779216827
Oncorhynchus gorbuscha,0.21701030827263665,0.16748959050097575,0.21701030827263665,0.16748959050097575,0.14011996532729495,0.0873903725820886,0.14343232083422794,0.1579117974354239,0.14043296821529583,0.1270065554789769
Oncorhynchus kisutch,0.31602019330725944,0.3662101061849465,0.31602019330725967,0.3662101061849465,0.18831330578911434,0.16664144214511478,0.2065959305945231,0.20203543767856602,0.19189985835659026,0.23724948293345524
Oncorhynchus mykiss,0.5740710539014368,0.5676313506381888,0.5740710539014368,0.5676313506381888,0.5561265344278443,0.4471262676786372,0.5541193809480324,0.5250650706207656,0.5554960494697037,0.45114558151937756
Oncorhynchus nerka,0.5110558616343379,0.49196015550073785,0.5110558616343379,0.49196015550073785,0.4914274029003766,0.5004890942935476,0.47908537490318237,0.45083399236571287,0.490468870793905,0.5243587711190545
Oncorhynchus tshawytscha,0.43526812047315255,0.42312854976425246,0.43526812047315255,0.42312854976425246,0.4110957533590719,0.471897923289545,0.4539084996722232,0.5700478043633115,0.4146342462333748,0.5179659464311317
Ondatra zibethicus,0.08500847613767815,0.08930362848481073,0.08500847613767815,0.08930362848481073,0.224692473501528,0.7936172867072302,0.34879779910089154,0.9486419348733439,0.224692473501528,0.9605974355423651
Oneirodes acanthias,0.05095407698281204,0.14145875921603115,0.05095407698281209,0.14145875921603115,0.08899071006331931,0.5605363091252495,0.08363181255567105,0.2446930872859233,0.08177150621897314,0.2972373328802093
Oniscus asellus,0.5957977225693022,0.553319058800228,0.5957977225693024,0.553319058800228,0.5471405876404445,0.5908710159193556,0.5204668907238658,0.6842660257901335,0.5470404523476953,0.6320073030513367
Onychoprion fuscatus,0.16264812284865696,0.13434407405696364,0.16264812284865696,0.13434407405696364,0.3162772383372557,0.2508344164055091,0.20502191769569525,0.6397268012195176,0.32124379837966704,0.8520477976989138
Onychoprion lunatus,0.138710465476803,0.18896294329388333,0.13871046547680294,0.18896294329388333,0.0952199735299653,0.3704332359406177,0.1514014761364203,0.875993218402225,0.09731748614271257,0.8245787324673216
Onymacris laeviceps,0.623529517149641,0.2569922026214001,0.623529517149641,0.2569922026214001,0.41757723923152484,0.4040748949989138,0.4238943667335959,0.4041286405339475,0.4235538725390772,0.4385984247518992
Onymacris plana,0.7386009866277551,0.7220067667771466,0.7386009866277551,0.7220067667771466,0.7775783847463891,0.5687590809891843,0.7734359167525614,0.759179108661734,0.773435916752561,0.7468860487956587
Onymacris rugatipennis,0.7462743294648384,0.30783509795426417,0.7462743294648384,0.30783509795426417,0.5001900019965957,0.48401637720541346,0.507756899138041,0.48408075566465447,0.5073490421577384,0.5253699827032958
Onymacris unguicularis,0.21983473715880028,0.1423609209353744,0.21983473715880028,0.1423609209353744,0.19711151298777912,0.11662797053646845,0.1987799171247969,0.1367416158928424,0.1987799171247969,0.13150984683396186
Ophiodon elongatus,0.26884035696849246,0.22492883654241133,0.2688403569684925,0.22492883654241133,0.3832765259346141,0.5927736916121437,0.37675876772240274,0.24077043388496963,0.38292608852851184,0.484897846566735
Ophisaurus ventralis,0.23622033304626355,0.11028300359373894,0.23622033304626355,0.11028300359373894,0.3358938566632681,0.14901311494754865,0.26120363701214555,0.362667095740165,0.3301704430339464,0.4194655587636224
Oplophorus spinosus,0.575637623179838,0.5622180286802295,0.575637623179838,0.5622180286802295,0.6392333628218196,0.5834476555186222,0.6428979408455175,0.10924228542610594,0.6430740301210913,0.46583979233210987
Opsanus tau,0.2906138862910209,0.32502977006591005,0.2906138862910209,0.32502977006591005,0.3052195667068616,0.3787401986502184,0.29482684970149003,0.31784834875926055,0.3052195667068616,0.46543952692265106
Oreochromis aureus,0.4974871882158193,0.8516799112463029,0.4974871882158193,0.8516799112463029,0.5769366060404733,0.6623057221135014,0.6663630641332574,0.5495678077415146,0.5802910553666869,0.7078384326744017
Oreochromis mossambicus,0.6011243893551801,0.560513124687586,0.6011243893551801,0.560513124687586,0.5936812629103745,0.5827370830204166,0.6126461653012527,0.5986378233762818,0.6276742274451632,0.6291847566052668
Oreochromis niloticus,0.660871061894261,0.5881054940284081,0.660871061894261,0.5881054940284081,0.607785908396278,0.588630002495802,0.5693066374210394,0.5549470033620264,0.6026158898005923,0.39208495610997157
Oreotrochilus estella,0.019617776972526393,0.018101251203795306,0.019617776972526393,0.018101251203795306,0.01808902363611716,0.016211146531966994,0.019271400055961826,0.8601207042380915,0.018569292838381785,0.8251983082047114
Ornithodoros moubata,0.12689909046729436,0.13720223346147195,0.12689909046729436,0.13720223346147195,0.12807994577721588,0.0829492515784188,0.1312247559932368,0.11970052446299535,0.12807994577721588,0.10464492932185379
Ornithorhynchus anatinus,0.11951103110069046,0.18389366200646867,0.11951103110069046,0.18389366200646867,0.19299409468862044,0.3447442179956194,0.6876800452758238,0.891102181753386,0.19360169010113074,0.29567501201457896
Orthodon microlepidotus,0.5886059155218963,0.4906986145254468,0.5886059155218963,0.4906986145254468,0.784001147109129,0.7712846862881749,0.7615812045222842,0.695144478899228,0.7845469412132224,0.6860033181646491
Orthorhyncus cristatus,0.014355223242201839,0.01510412184018103,0.014355223242201839,0.01510412184018103,0.025936449027984317,0.019970663588007427,0.04733056633590253,0.7434822572851336,0.0572668624895976,0.8053413315058994
Oryba achemenides,0.6243077913376094,0.7042050038534381,0.6243077913376094,0.7042050038534381,0.8244353674200028,0.7413071269579903,0.8488444871135346,0.8314895717014542,0.858035801945181,0.756864697546065
Orycteropus afer,0.7351065623548884,0.7753289598399326,0.7351065623548884,0.7753289598399326,0.7671517597870139,0.4335180371757025,0.8033526072830565,0.5925115719900432,0.7723221418637723,0.06819964464560406
Oryx leucoryx,0.1660948810744072,0.20321576266166275,0.1660948810744072,0.20321576266166275,0.11409809059286524,0.9845279471721563,0.09498127637593008,0.6976505781961253,0.11285213810936551,0.8091221326675401
Oryzias latipes,0.5736304851202368,0.5429940714516582,0.5736304851202372,0.5429940714516582,0.7863413319355307,0.7407513708726519,0.7864582969546862,0.6811708894280344,0.7862350898083816,0.7773286318385814
Osphronemus goramy,0.3926011126895274,0.9232467264711047,0.3926011126895274,0.9232467264711047,0.4948749676911998,0.6525838965817038,0.43767171047214465,0.7174634517926013,0.5033150657080792,0.5518029500879723
Osteopilus septentrionalis,0.2690600430447627,0.23952246760691062,0.2690600430447626,0.23952246760691062,0.33388443247972466,0.2038102091040591,0.3325193991701853,0.47398577874932973,0.3222462003379475,0.2601477119062029
Ostrinia nubilalis,0.25846147670416825,0.24450125877677026,0.2584614767041682,0.24450125877677026,0.29385168133454265,0.385148811858934,0.2985982290690581,0.2860995452319114,0.2935760473403319,0.3502480733687067
Otolemur crassicaudatus,0.19182230807198186,0.3340055013996914,0.19182230807198186,0.3340055013996914,0.4329333256351865,0.8860371006911447,0.5846534182074377,0.9664776987039744,0.4256674764156896,0.9959887517504776
Otomys irroratus,0.18980122558226198,0.3869100885539133,0.18980122558226206,0.3869100885539133,0.736023164888425,0.3869615566389078,0.900904549650711,0.8449234751007011,0.711506237000947,0.6589938296423105
Otospermophilus beecheyi,0.1615916361319104,0.12815236865291418,0.1615916361319104,0.12815236865291418,0.09914867113610353,0.15929369489758605,0.5769256554157222,0.9554329818644051,0.0991538340518371,0.3743224029631554
Otus scops,0.03535086678869077,0.03775333989547717,0.03535086678869073,0.03775333989547717,0.20977462078092024,0.22041561998300965,0.07356301218212867,0.46809353910734497,0.21142240359152392,0.43652761847059707
Oxyrhopus trigeminus,0.14778361779380678,0.11863451432262366,0.14778361779380692,0.11863451432262366,0.1335698014639016,0.24058743023216628,0.13909029393351313,0.6573891779587008,0.1335698014639016,0.8883009553110729
Pachycephala pectoralis,0.07211658028854338,0.07604169638721359,0.07211658028854338,0.07604169638721359,0.270820581163842,0.8452916886415216,0.5288322274150982,0.9923035182990866,0.5535051551747796,0.9013688267536211
Pachydiplax longipennis,0.45259683505317033,0.7626497357335362,0.45259683505317116,0.7626497357335362,0.8271742557639168,0.6059585200278782,0.8266747206302368,0.6390649690406478,0.8271742557639168,0.6136253393423015
Pachygrapsus marmoratus,0.5513737564179299,0.494083657847934,0.5513737564179299,0.494083657847934,0.5561311715930212,0.5109998968524564,0.5585088048027419,0.5411959888953427,0.5646214970697648,0.569568775528903
Pachylia ficus,0.3627253545519705,0.7300803358271674,0.3627253545519705,0.7300803358271674,0.7158192122690465,0.6969015578065592,0.5130904176566151,0.7323745985103787,0.4885259338148402,0.7504450521747017
Pagetopsis macropterus,0.10713347855359168,0.07330634788233088,0.10713347855359164,0.07330634788233088,0.12826787834739445,0.4055328196528916,0.13293523653184466,0.5484293176174247,0.12465513976010681,0.6805258489074194
Pagothenia borchgrevinki,0.08188228315904998,0.10009299561129001,0.08188228315904998,0.10009299561129001,0.07703613050247743,0.05715521344471487,0.07829955419803862,0.295964173036519,0.07703613050247743,0.28675093307174354
Palaemon adspersus,0.8181295909438064,0.7406586279687448,0.8181295909438067,0.7406586279687448,0.8295853699347882,0.7032439947154168,0.8167252399913804,0.44320589222017404,0.8487250361043711,0.46997693630760207
Panopeus herbstii,0.3068308718219131,0.26188819814805536,0.30683087182191277,0.26188819814805536,0.2874483471160131,0.2601590084076281,0.28707385796043083,0.5154107747055721,0.2920476777216585,0.2980449924380717
Pantala flavescens,0.31636204456539174,0.20521498453587,0.31636204456539113,0.20521498453587,0.49993929451981056,0.38022018337656044,0.4970217633004166,0.7130009456443875,0.4970217633004157,0.4291545826731894
Panthera leo,0.18255117392671522,0.22334990575465377,0.18255117392671522,0.22334990575465377,0.12540266289840318,0.9429907993843542,0.10439179938192264,0.600420969982308,0.124033264353135,0.6595608441071911
Panthera tigris,0.12898802775287138,0.15781582348874945,0.12898802775287138,0.15781582348874945,0.08860771374013077,0.40238199710442385,0.07376174048189488,0.8597539803647636,0.087640116469939,0.8112759693072054
Pantherophis guttatus,0.8730965991803824,0.90922638825419,0.8730965991803824,0.90922638825419,0.6793182645330446,0.7974128703047144,0.6134762916914396,0.5758519767210207,0.6753913753044876,0.6705340220925087
Pantophthalmus tabaninus,0.3560435275779787,0.19631405793055476,0.3560435275779781,0.19631405793055476,0.43859472961899443,0.30332572331550184,0.42695624315370173,0.6626465126814768,0.42600261887207747,0.5482342696960433
Paradoxurus hermaphroditus,0.38828120881317857,0.32739603606126816,0.38828120881317857,0.32739603606126816,0.9059829340108945,0.6751259732029001,0.7497320771508829,0.8406188950982201,0.9052340358900014,0.7727609549872723
Paraechinus aethiopicus,0.36855567434462405,0.24180154099130866,0.36855567434462405,0.24180154099130866,0.7927557553419333,0.5967499770760447,0.5899846765291166,0.5240862063915982,0.7927557553419333,0.6724370907883774
Paralomis multispina,0.0523253786378987,0.06498388678748253,0.0523253786378987,0.06498388678748253,0.07493813070970205,0.2988822381852421,0.061168993230443974,0.4178266419727586,0.069664833006704,0.9636603934474222
Paranotothenia magellanica,0.5414737561097994,0.6621738354109927,0.5414737561097994,0.6621738354109927,0.5021112710456126,0.7550703662543564,0.5027813401103765,0.7731559272392647,0.5021112710456122,0.7904771458635456
Paranyctimene raptor,0.1561546661707273,0.14680331715101286,0.1561546661707273,0.14680331715101286,0.5600362050263128,0.6561532748392863,0.8145780517749438,0.8813795457944223,0.5596415079021193,0.9395525446876626
Paraponera clavata,0.8473171076473904,0.9773946527123464,0.8473171076473904,0.9773946527123464,0.4348655433784322,0.8726806500515742,0.4390006124861415,0.6217391729938141,0.43835206879951927,0.5693912898820318
Paraxerus cepapi,0.14476234512601882,0.09748298092617218,0.14476234512601882,0.09748298092617218,0.5610039496682009,0.2877002985195474,0.7378076043993257,0.8241664012615586,0.5594266442835203,0.6963621947976935
Pardalotus punctatus,0.049814814824822876,0.03469028274651581,0.049814814824822834,0.03469028274651581,0.3066873529948563,0.18295148558686977,0.12386925493217552,0.7714808977488984,0.33000891450886466,0.6675745114012404
Pardosa lugubris,0.37342591987977225,0.749471564887367,0.37342591987977225,0.749471564887367,0.32328611649031325,0.690715058772404,0.315410241100607,0.7189895379033471,0.32376271101898,0.8031844414514158
Parophrys vetulus,0.4671160263689161,0.6769262146189156,0.4671160263689163,0.6769262146189156,0.47372258126958827,0.6702351883829324,0.5114319743469835,0.5662818249536162,0.48452882772217465,0.9507432795695471
Parotomys brantsii,0.14807203977450764,0.2021672047054617,0.14807203977450764,0.2021672047054617,0.42988999319028276,0.579052551984032,0.8816253631780062,0.7621660538235022,0.40516354565786605,0.5103678290394458
Parvilux ingens,0.05573641033591235,0.03227364330058628,0.05573641033591235,0.03227364330058628,0.06083725471712393,0.23100473317248527,0.05837531503391111,0.2314024032117369,0.06050791181619538,0.34154112632460143
Passer domesticus,0.06704154733087268,0.05685157767600734,0.06704154733087268,0.05685157767600734,0.226260791582714,0.31654821604894595,0.08321860640913596,0.713247632923126,0.22759835879535567,0.684986048819757
Passer montanus,0.10390457568679776,0.4511879830110706,0.10390457568679776,0.4511879830110706,0.5389554058230511,0.702731838817006,0.9698622797401223,0.8269180454738829,0.9595969924595914,0.810492179001937
Patagona gigas,0.01623690317093144,0.019250283612822182,0.01623690317093144,0.019250283612822182,0.011469623058561855,0.014734707919377393,0.012049569679346353,0.2921320405602129,0.011616388036824752,0.4473242950078366
Pecari tajacu,0.30735401444815486,0.7341649435721888,0.30735401444815486,0.7341649435721888,0.3069329208213083,0.2529324158799048,0.3071118121455408,0.36146807392269786,0.3059460444212054,0.35474294270636575
Pedetes capensis,0.3527218933061252,0.19102203741407342,0.35272189330612513,0.19102203741407342,0.982511173907765,0.8451745359445447,0.842021994607136,0.6701059944352559,0.9755202542760399,0.7558081699450184
Pelecanoides georgicus,0.13399572336646523,0.11406256325052769,0.13399572336646523,0.11406256325052769,0.1507811043298593,0.08080034200892616,0.16420783545992626,0.5148487654936718,0.15078110432985936,0.4293542983230814
Perameles gunnii,0.12997594715245978,0.16671826733328032,0.12997594715245978,0.16671826733328032,0.34113551958552035,0.41920050129202757,0.4866471013981849,0.8304631986886684,0.34113551958552035,0.8060351208689052
Perameles nasuta,0.1712388299737491,0.4777941883857072,0.17123882997374917,0.4777941883857072,0.45341476933886476,0.6656778510769261,0.6088994865380011,0.7652912470145685,0.45341476933886476,0.714350934451494
Perca fluviatilis,0.6848389227495513,0.6470353762979161,0.6848389227495514,0.6470353762979161,0.6596689130653094,0.6175224840591484,0.659741806419941,0.6290543167750048,0.6572568250181581,0.6134752585722273
Percina caprodes,0.22808373832177645,0.24570522884218204,0.22808373832177645,0.24570522884218204,0.31028829876440917,0.7527014481273806,0.2380883931388234,0.7636088159566043,0.2274297798506715,0.751183841402053
Pericapritermes nitobei,0.5847976580066274,0.4895101894603434,0.5847976580066264,0.4895101894603434,0.5054781987830604,0.3349124913370538,0.3801362889313679,0.08022797566588982,0.5054781987830596,0.6387845804937514
Perigonia lusca,0.3585990354321927,0.31104439356533065,0.35859903543219257,0.31104439356533065,0.4337406633601314,0.48922036730021995,0.4304942824364831,0.5888739301505912,0.4304942824364831,0.59800720735158
Periplaneta americana,0.7579437326586125,0.7442843058291245,0.7579437326586116,0.7442843058291245,0.6775609713259302,0.5634170521936219,0.688870439912716,0.4550674711812239,0.6901730050331466,0.5049218877397267
Perithemis tenera,0.3461585215174296,0.3386907210177046,0.3461585215174296,0.3386907210177046,0.36427226078152924,0.5555160185057744,0.3674461037628704,0.7870321408412864,0.3642722607815305,0.6594110477329578
Perognathus flavus,0.11417463509406732,0.2401430407536529,0.11417463509406711,0.2401430407536529,0.9404025203876015,0.9318112278478234,0.869335387508115,0.7340747399259763,0.7512519448123569,0.7323285477164214
Perognathus longimembris,0.2130609459909595,0.3328399901372988,0.21306094599095932,0.3328399901372988,0.5838365095813154,0.8564923203938778,0.4546897296360657,0.6564483085335417,0.3950900681901302,0.7138036392583278
Peromyscus californicus,0.13975033831759537,0.295517594235732,0.13975033831759545,0.295517594235732,0.5971679445372529,0.6931060947363554,0.7384045021331586,0.811385420536652,0.6626933790770004,0.784360928446243
Peromyscus eremicus,0.11187868527653136,0.14387488108658603,0.11187868527653136,0.14387488108658603,0.4187192034596232,0.4919039336098525,0.607305318724964,0.8843213728651556,0.41826488402601536,0.9526704494419552
Peromyscus leucopus,0.10230780650321464,0.13171644043138156,0.10230780650321464,0.13171644043138156,0.3833344820405001,0.45033458710761143,0.5559837424946852,0.8095899892427479,0.3829185557984647,0.8721630875172829
Peromyscus maniculatus,0.07993329979887939,0.04654206297164374,0.07993329979887939,0.04654206297164374,0.3471215069763479,0.2556306128058478,0.5023979349473044,0.43797703773634217,0.34674487259908604,0.4674392920610294
Peromyscus truei,0.08491991955699255,0.05557798519569266,0.08491991955699255,0.05557798519569266,0.39509747681521923,0.41347719968711805,0.5430517044574277,0.4856462475337313,0.37270649342499584,0.4773953020372557
Peropteryx macrotis,0.0740360477803492,0.07720569145190401,0.0740360477803492,0.07720569145190401,0.13314131837898935,0.3552796777262512,0.12935543750551304,0.3371107657227943,0.12880701786411677,0.3210555546705611
Petauroides volans,0.09584798488536467,0.08710910334768644,0.09584798488536467,0.08710910334768644,0.25420388258908855,0.7848321423534381,0.4610603778209085,0.7199362701730194,0.25420388258908855,0.7362491602912713
Petaurus breviceps,0.19910250847411365,0.27123401171741923,0.19910250847411354,0.27123401171741923,0.7691028576923993,0.5582000707361382,0.9413946417698442,0.7680533507244448,0.743484045405484,0.9927740822356536
Petrocephalus catostoma,0.7179500518374134,0.6778634975485299,0.7179500518374134,0.6778634975485299,0.5700510262183555,0.5191996735434109,0.619070467656093,0.46572570112410566,0.6247757888053701,0.362546026765121
Petrodromus tetradactylus,0.14483031591915047,0.44410763985082946,0.14483031591915047,0.44410763985082946,0.7862074998960616,0.5105233240230238,0.9528700070046899,0.7720018104363063,0.7862074998960615,0.6438179920677998
Petromyzon marinus,0.5503293993362064,0.5101101875679313,0.5503293993362064,0.5101101875679313,0.7889595086818012,0.5499733940066176,0.7394877508099358,0.6318655749440045,0.762797119701732,0.6816935776834312
Petrosaurus mearnsi,0.23514759746735445,0.22407123264304513,0.23514759746735445,0.22407123264304513,0.3378438304623557,0.3397171651373575,0.2879060475601213,0.40394890782080084,0.33272981482685876,0.5352553935828777
Phaethon rubricauda,0.08487016722708261,0.06730740042288465,0.08487016722708261,0.06730740042288465,0.0834715626993752,0.6141269663230524,0.05515493804289012,0.6236905253082473,0.0834715626993752,0.7967023470227564
Phascogale tapoatafa,0.14039494750746112,0.09513836115813738,0.14039494750746112,0.09513836115813738,0.5397717205941238,0.9300184202675088,0.6613268432441748,0.9941834980208908,0.5236943637714225,0.9678733048332493
Phascolarctos cinereus,0.35099732145055634,0.8617876238946105,0.35099732145055634,0.8617876238946105,0.8354909139802211,0.38723641332096276,0.994249115307233,0.7322081008344604,0.8336153212961349,0.7111635022351205
Phelsuma madagascariensis,0.41173166543591344,0.43414113884506145,0.41173166543591344,0.43414113884506145,0.15549740669143353,0.483419925034992,0.18229707968379447,0.43532861642499826,0.15732494075326917,0.16388420083351618
Phenacomys intermedius,0.0538675151331447,0.0692730908935414,0.0538675151331447,0.0692730908935414,0.2016055424064852,0.38744311266628917,0.29240626457127883,0.851919579395899,0.20138679601252585,0.9484857181814501
Philaenus spumarius,0.19183035762339123,0.14100981873820417,0.19183035762339123,0.14100981873820417,0.196582739609407,0.1961996031395127,0.19679001772878707,0.08601068428378417,0.19658273960940734,0.08340760768047469
Philander opossum,0.2282545734175802,0.2929613481896113,0.2282545734175802,0.2929613481896113,0.5260235547113826,0.6816342850529641,0.71036681888238,0.9790923167687274,0.5171953873975609,0.9269404046452376
Philantomba monticola,0.3544196796327759,0.4026519967475544,0.3544196796327759,0.4026519967475544,0.36560818826367886,0.6592877972119152,0.36750842017218216,0.7443591577360271,0.3644326542358649,0.711036423643791
Philodryas olfersii,0.2903807735606659,0.45840751974509847,0.2903807735606659,0.45840751974509847,0.25657355500605916,0.394085058137632,0.2642200817970082,0.29187977509790125,0.2565735550060593,0.35767604996201263
Philodryas patagoniensis,0.711162607224302,0.5470808284280189,0.7111626072243027,0.5470808284280189,0.7109712142292728,0.5973340223085151,0.7358054319369156,0.9594938440904914,0.7109712142292728,0.4209537449986287
Phoca vitulina,0.29366394556715913,0.2784292922039373,0.29366394556715913,0.2784292922039373,0.28507527642271047,0.4940324183253801,0.2694055077808688,0.3223006285996447,0.28481497662380717,0.317749564398614
Phodopus campbelli,0.09774021234373165,0.10380032045533019,0.09774021234373165,0.10380032045533019,0.3481159891706362,0.7276021182804644,0.5052446143920539,0.9265115926627523,0.3471194162937197,0.9289277444017684
Phodopus sungorus,0.050698267834103444,0.04889960865644151,0.050698267834103444,0.04889960865644151,0.18132373347812045,0.25265769628470686,0.2678424458497745,0.4808953570432458,0.18080464696573115,0.46368595108384536
Phoebastria immutabilis,0.21388090681524333,0.2782297818730124,0.21388090681524333,0.2782297818730124,0.23942067759110944,0.1811856771001371,0.23895313513678648,0.7967767174561743,0.24719093391372632,0.7294779824324069
Phoebetria fusca,0.4516460494414306,0.6718395264619773,0.45164604944143055,0.6718395264619773,0.43291539919395994,0.07872241354135665,0.4399576075947837,0.9044147162400763,0.4319838225611913,0.5817835933579046
Phormia regina,0.17810066208382624,0.20550241187909876,0.1781006620838259,0.20550241187909876,0.2093407539055846,0.29556351972231615,0.213608959716899,0.4783275603534858,0.20903259408809202,0.37146653171577804
Phrynosoma cornutum,0.9598288450728759,0.7144921467549847,0.9598288450728767,0.7144921467549847,0.18866172041580764,0.3723371667715087,0.3909889227085957,0.15515063846985871,0.21978796354915064,0.25243909357739397
Phrynosoma douglasii,0.17419914926159893,0.1854417011787879,0.17419914926159893,0.1854417011787879,0.3156876221032071,0.8125584526113717,0.275636106686305,0.5109624240196184,0.3317094034948699,0.3532199862327294
Phylidonyris novaehollandiae,0.04383073864569692,0.03778548149450551,0.04383073864569692,0.03778548149450551,0.23483604062068747,0.07334469968646083,0.08217355797029859,0.47752768695808573,0.23651647674338483,0.26719430862997456
Phyllostomus discolor,0.161368436740267,0.15852742485640853,0.161368436740267,0.15852742485640853,0.7815900013016059,0.6827003969292678,0.9421441066806306,0.9760338343254025,0.7370536842888219,0.9693462796901293
Phyllostomus elongatus,0.17292566960831737,0.11906871741816188,0.17292566960831737,0.11906871741816188,0.9812278560502732,0.9209556438350811,0.788215398361138,0.7474217923867,0.9163386848500091,0.921919928390244
Phyllostomus hastatus,0.1733412419956496,0.23445518311270724,0.1733412419956496,0.23445518311270724,0.8750431714884251,0.7061557379285821,0.9564333437019288,0.7960235454621589,0.8118916817451283,0.7137203401376313
Phyllotis darwini,0.13426475034709737,0.1686894565636436,0.13426475034709745,0.1686894565636436,0.5805372529475601,0.7770557839310244,0.9197671982217914,0.7925533426024509,0.5448217934534164,0.8494723741839874
Phyllotis magister,0.1207282115318662,0.23175862347992338,0.1207282115318662,0.23175862347992338,0.2522972578572599,0.2403846728923801,0.5984363995468298,0.9350021642026397,0.5016839873284263,0.8015355648601757
Physadesmia globosa,0.8036260954015436,0.7236652455502992,0.8036260954015436,0.7236652455502992,0.6991479571896964,0.4846817277812098,0.7061574412601712,0.5474383837467541,0.7061574412601708,0.5314788831941509
Physosterna cribripes,0.7340120421740044,0.6299748128414496,0.7340120421740042,0.6299748128414496,0.7343839677707664,0.44479707874756724,0.7343907415128712,0.4313924052515802,0.7348270137627491,0.5576743852888664
Pimelia grandis,0.29245463810482164,0.39362502080316336,0.29245463810482164,0.39362502080316336,0.36737319903051857,0.5798820566574904,0.3570192890700861,0.8718399170514807,0.3562218718440245,0.5651486679747458
Pimephales promelas,0.4433955331145556,0.47108475789566445,0.44339553311455576,0.47108475789566445,0.43475055691526004,0.5139957281148716,0.43276474214698135,0.54548558070666,0.43208253511322364,0.42823081504487986
Pimephales vigilax,0.22152727549690587,0.19783272304708482,0.22152727549690587,0.19783272304708482,0.29040615078667614,0.5355265350243759,0.2237709990952183,0.7800581942660298,0.2128438436722967,0.7895181792535022
Pituophis catenifer,0.2945982616401494,0.2953231874399649,0.2945982616401494,0.2953231874399649,0.2957398234488872,0.29272337390500386,0.30519706953891446,0.36638495109781954,0.2960312106246652,0.3001698137817915
Planigale gilesi,0.14293667372074023,0.04692874429222827,0.14293667372074023,0.04692874429222827,0.6040274148500829,0.5640707982380291,0.6448228099358118,0.48476628371952785,0.5580728732891793,0.5306158884445958
Planigale ingrami,0.16206821377592184,0.3375726662359792,0.16206821377592184,0.3375726662359792,0.6004388591907153,0.7564025163025375,0.7759864805515756,0.7596252309622123,0.654742682978167,0.6609000343844715
Planigale maculata,0.1576243982629256,0.1844254735408605,0.1576243982629256,0.1844254735408605,0.519410457996627,0.46167729180472183,0.5113881072196459,0.8076033330509221,0.444845459761975,0.7827669735083669
Planigale tenuirostris,0.16206821377592184,0.3375726662359792,0.16206821377592184,0.3375726662359792,0.6004388591907153,0.7564025163025375,0.7759864805515756,0.7596252309622123,0.654742682978167,0.6609000343844715
Platichthys flesus,0.3232132329457713,0.31325552813826657,0.32321323294577126,0.31325552813826657,0.37390427388692615,0.4747329775608141,0.36248225560541547,0.38689939060806533,0.3724435584690024,0.39120783886126376
Platichthys stellatus,0.2675848182563945,0.3135404575958455,0.2675848182563945,0.3135404575958455,0.4081913951938905,0.4567185273291792,0.4022088356747068,0.39509429942478946,0.40768369598521126,0.6022477578889619
Platyrrhinus lineatus,0.12426742883225377,0.2684420442445857,0.12426742883225365,0.2684420442445857,0.9477623300796754,0.7513398959619173,0.8815657504997688,0.8230903841484573,0.8462007462256104,0.7904374429204732
Plecoglossus altivelis,0.3541971573027074,0.32075532954146957,0.3541971573027074,0.32075532954146957,0.3265956565449258,0.15491423159687084,0.33818538003211035,0.21937535648712417,0.32626606185330936,0.22862991835285923
Plectreurys tristis,0.36665865726449,0.5400573195070879,0.36665865726449065,0.5400573195070879,0.323477992861456,0.42097785223774686,0.4003542849530523,0.598924200635616,0.3246394299570972,0.5140172281728445
Pleocoma australis,0.3204130350572192,0.2910958711783355,0.3204130350572198,0.2910958711783355,0.3963890769500556,0.36266504496519286,0.3863914408114587,0.7994221603604195,0.38552841967971996,0.4432911010118029
Plethodon cinereus,0.13619424160067325,0.2359336224127514,0.13619424160067325,0.2359336224127514,0.09480333180973596,0.17676534251719905,0.09623752093308284,0.3402018454333935,0.09602701080424507,0.14669390024582452
Plethodon dorsalis,0.16910528612860334,0.22252053993380164,0.16910528612860334,0.22252053993380164,0.14664004440358477,0.11365626926104784,0.14788124464108982,0.1923062996704381,0.14788124464108982,0.14684350262013784
Plethodon glutinosus,0.5825347904499112,0.48720413467013474,0.5825347904499112,0.48720413467013474,0.44164723058002214,0.4811596920330194,0.5287418759362921,0.32567133640123064,0.5574087525816603,0.3777425040871675
Plethodon jordani,0.20538884313330447,0.23779044105103672,0.20538884313330447,0.23779044105103672,0.34926426028934754,0.3823706933388463,0.2770199356216263,0.471186191038243,0.26230404992717904,0.5066893283778219
Plethodon neomexicanus,0.7651841304919532,0.7911977836380405,0.7651841304919539,0.7911977836380405,0.60849774812848,0.4191432215418694,0.6280858745168262,0.35322691850664545,0.6294918704294102,0.24279128845656014
Plethodon yonahlossee,0.8813783200788493,0.8279440522783299,0.8813783200788493,0.8279440522783299,0.8512923586044653,0.6665933450431333,0.8811501524563178,0.35875958180243345,0.8826621168576897,0.9473443751220393
Pleuronectes platessa,0.526978651233005,0.5423318347655751,0.526978651233005,0.5423318347655751,0.569089236003804,0.5635741679491002,0.5755636176778586,0.5996399047085026,0.5763222705101806,0.5702234145553765
Podarcis lilfordi,0.27414261569348697,0.5885635344344853,0.2741426156934872,0.5885635344344853,0.2816685597370362,0.5038622316631198,0.2730908503661948,0.5596389708031942,0.2836284164914762,0.5649212725565268
Podarcis muralis,0.466618023157586,0.3492524400273409,0.46661802315758727,0.3492524400273409,0.7720168916590641,0.6346112359725063,0.7654934154546289,0.3802272397658616,0.997653201605819,0.4294787110499775
Poecilia latipinna,0.5788571719146801,0.5967465959673548,0.5788571719146802,0.5967465959673548,0.48672399645390385,0.5678734005703319,0.5043972884619099,0.521975353706601,0.5234153652083721,0.531389865402168
Poecilia reticulata,0.298343595322474,0.23331221966959553,0.298343595322474,0.23331221966959553,0.5260987505085652,0.23658365235808512,0.5243677353679516,0.12025522451482251,0.524586329819147,0.286575938004413
Pogona barbata,0.19556869781095101,0.10957644934593701,0.19556869781095101,0.10957644934593701,0.3654122109139021,0.3043607797364564,0.2061937165853595,0.5062865803003811,0.3654122109139021,0.22883453165742987
Pogonomyrmex maricopa,0.3982637077561093,0.48897030924383184,0.3982637077561093,0.48897030924383184,0.36756705014878577,0.8087814808211581,0.37144685505812686,0.6496480601544795,0.36756705014878643,0.641099563632558
Pogonomyrmex rugosus,0.9686008055951104,0.7316527335976912,0.9686008055951086,0.7316527335976912,0.7944268506520468,0.6832149289484556,0.7414378166949749,0.43526954973312115,0.7942865219611471,0.8913695179490403
Pollachius pollachius,0.562338385136846,0.5968964027815069,0.562338385136846,0.5968964027815069,0.3402704778104585,0.3884594933981054,0.3286342182684915,0.42473222263623545,0.338404977594144,0.44621071061254575
Polyodon spathula,0.8070133922230784,0.8797620280007576,0.8070133922230784,0.8797620280007576,0.8752163223925467,0.7975989446273108,0.8428977685944455,0.49316635413467635,0.8761004678419324,0.8127357759123663
Pomacentrus coelestis,0.11171536996835353,0.13595533076886993,0.11171536996835353,0.13595533076886993,0.18458369320309398,0.32684515680375414,0.1600332693394806,0.39580979839677466,0.15313408410547813,0.40995588954963935
Pomacentrus lepidogenys,0.49257907892042274,0.40429183747784636,0.4925790789204226,0.40429183747784636,0.4850473261343249,0.6824869173828805,0.6844196531506284,0.7776866224605103,0.4529162624144494,0.5492818375635122
Pomacentrus moluccensis,0.23709695067440922,0.3325140090847164,0.23709695067440933,0.3325140090847164,0.38806612709881366,0.6111069325032948,0.2836955428868906,0.7789358424893656,0.2846245339641991,0.7217213364892643
Pomadasys commersonnii,0.6353415644646208,0.6351792470481018,0.6353415644646208,0.6351792470481018,0.6666671573567267,0.7090391243651529,0.6426324395189124,0.586671109797889,0.667734872490346,0.6762935268435973
Pomatomus saltatrix,0.2910408647992808,0.3761259226426781,0.2910408647992808,0.3761259226426781,0.20031591638012541,0.22821610236082115,0.1926561438262659,0.2349284984507128,0.20032924023393026,0.22933152669393833
Pomoxis annularis,0.42767938175966147,0.5553735329324209,0.42767938175966147,0.5553735329324209,0.40300357159516564,0.644240999158391,0.3792750560442767,0.4712086071402952,0.4091379223767198,0.5218126660251384
Porcellio scaber,0.7206926740559749,0.76885352285992,0.7206926740559746,0.76885352285992,0.5638334309278585,0.7220771375217,0.5833352901065281,0.7799046112374707,0.5645323470530511,0.7096400375107246
Poromitra crassiceps,0.08038142000126824,0.14037191482190087,0.08038142000126824,0.14037191482190087,0.09824394469217851,0.5244743037297831,0.09426054942558483,0.6355161063612892,0.09771210041527874,0.9409231188442647
Potos flavus,0.37234651740347063,0.19980177649416875,0.37234651740347063,0.19980177649416875,0.926973720631845,0.9290761454592198,0.7767400511047623,0.6902763036693902,0.9233791536694538,0.7526294869773648
Priodontes maximus,0.36227996264227286,0.38210262428684355,0.36227996264227286,0.38210262428684355,0.38088688468181375,0.17218008286377748,0.3959134191684349,0.2622296174674644,0.38345395266635207,0.13741214747790353
Procellaria aequinoctialis,0.04972484530448613,0.09765106466483076,0.04972484530448613,0.09765106466483076,0.024707777122980494,0.04325001845698531,0.03252038149168649,0.0788969412859512,0.024951338549044084,0.1509700924765898
Procellaria cinerea,0.0608291599226287,0.06390262413333436,0.0608291599226287,0.06390262413333436,0.03134795451962077,0.09829775874982237,0.03811271047234594,0.289341973186382,0.031513211536896395,0.2750401251858924
Proechimys semispinosus,0.14576993683011627,0.11338898936657356,0.14576993683011627,0.11338898936657356,0.4554593768126054,0.6782189133804074,0.6137320221454455,0.9875933175019598,0.4554593768126054,0.8171796749387362
Prohamitermes mirabilis,0.17870604944806315,0.22645779843550745,0.17870604944806281,0.22645779843550745,0.16766853574786317,0.16275656320536527,0.16749193116613625,0.3712651907742589,0.16766853574786347,0.3828520442832337
Protambulyx strigilis,0.39927550327853467,0.4722218463895766,0.3992755032785349,0.4722218463895766,0.43986866193014984,0.7784796509141998,0.4359105410029488,0.5547448483516575,0.43553201588699486,0.7273484578390831
Proteles cristata,0.3065665671504817,0.2807352423779237,0.3065665671504817,0.2807352423779237,0.31324158856633405,0.8887840807724452,0.31592524929818117,0.7709108418424749,0.3129555703484963,0.7916722870784337
Protophormia terraenovae,0.24481310844791815,0.16999889562086729,0.24481310844791815,0.16999889562086729,0.30412066299931073,0.1965472657753021,0.4674253395553701,0.3046196474007148,0.3041197928370315,0.12093248814633507
Psaltriparus minimus,0.04378575521881261,0.04803012952223376,0.04378575521881261,0.04803012952223376,0.06498076479274863,0.07309074215050863,0.16438121369516295,0.4186211128682303,0.14058501138634488,0.5890794390422275
Psammodromus algirus,0.721946207712809,0.7402990351876133,0.7219462077128078,0.7402990351876133,0.9384735896621192,0.7401824472711112,0.992197599131748,0.5632666875781672,0.8740711414395151,0.890298101177854
Pseudacris cadaverina,0.09046374945168997,0.09581346958957292,0.09046374945168997,0.09581346958957292,0.17391415900836785,0.38304925200916556,0.12475999006553291,0.5778555802179061,0.11878703743456835,0.4951392203403102
Pseudacris crucifer,0.2985637083268417,0.2805862412455536,0.2985637083268418,0.2805862412455536,0.3604849712189431,0.4379989169872142,0.3187429179693355,0.31095911827299844,0.35083442450462393,0.33532376558379245
Pseudacris nigrita,0.9994773079929002,0.7988187582812976,0.9994773079929011,0.7988187582812976,0.9523265843764991,0.49402547483102677,0.9608824997729073,0.5585775619529129,0.9598955541693833,0.28761422461500424
Pseudacris regilla,0.3119538042016059,0.6194607706897703,0.3119538042016059,0.6194607706897703,0.39160304080975555,0.5822821570779559,0.4396394434334061,0.44918237185181203,0.384574080967569,0.6075255048572749
Pseudacris triseriata,0.09480317577703175,0.0827119032941771,0.09480317577703175,0.0827119032941771,0.34278788501379764,0.3566653421191688,0.3357706051159088,0.9643882139364753,0.3357706051159088,0.5009503152935708
Pseudantechinus macdonnellensis,0.3102301168364393,0.20827547972845123,0.3102301168364393,0.20827547972845123,0.46668163231979487,0.5010605403289944,0.3872833334537047,0.5644975439644812,0.5033724006709303,0.48715962076827407
Pseudobathylagus milleri,0.07492449971780812,0.10080138473559598,0.07492449971780812,0.10080138473559598,0.09667715233818198,0.36612949891720625,0.11861927964510112,0.8971594388217462,0.0982613497624795,0.344497589385361
Pseudobranchus striatus,0.566824131318991,0.5695710094601184,0.566824131318992,0.5695710094601184,0.4517905431409226,0.3871418496711137,0.4648929125306552,0.24106296441243133,0.4659335943248608,0.2670532729057372
Pseudochaenichthys georgianus,0.17771130469141816,0.11649108623300536,0.17771130469141808,0.11649108623300536,0.33351896079917004,0.431506625029741,0.35086087651741593,0.6328910391952149,0.33292641237108495,0.7761381530993479
Pseudoeurycea brunnata,0.9589370670541173,0.8465740627885683,0.9589370670541182,0.8465740627885683,0.6031492707148758,0.6126623023242138,0.6327567534105518,0.13639947421912801,0.6576528972163022,0.45177275125904387
Pseudoeurycea cochranae,0.06829607722786102,0.06672529756705968,0.06829607722786102,0.06672529756705968,0.11683769484337347,0.09639924357799186,0.11147011924434681,0.8837875934686101,0.10725030035432419,0.2755193204707137
Pseudoeurycea gadovii,0.2547543528216429,0.24303191208670058,0.2547543528216427,0.24303191208670058,0.4303733075722381,0.3033099212401995,0.40973338787592695,0.6897800382039878,0.39391906480734346,0.4109969560602377
Pseudoeurycea goebeli,0.08057438103062736,0.056339204583593254,0.08057438103062736,0.056339204583593254,0.17800742852031634,0.3388487844182499,0.13964380464489126,0.8423584567051519,0.13332471796864304,0.8313838854483504
Pseudoeurycea leprosa,0.08166996210403915,0.08380833603625079,0.08166996210403923,0.08380833603625079,0.14144706479753477,0.13257890503960817,0.13482857909860782,0.8603161843621443,0.1297245010833324,0.2071667403415595
Pseudoeurycea rex,0.09153077343276123,0.1636188182514838,0.09153077343276131,0.1636188182514838,0.12769824151423523,0.22726191059441106,0.1214948808991582,0.6678844259619046,0.11686956138149426,0.6047324589064953
Pseudoeurycea unguidentis,0.9686627683520197,0.9145777347876555,0.9686627683520197,0.9145777347876555,0.4773293164983996,0.8451074603170339,0.5517167839061194,0.6705989654072971,0.5692021468605017,0.8523044436617928
Pseudomys gracilicaudatus,0.10362600671321029,0.1173427724872785,0.10362600671321029,0.1173427724872785,0.42179266321852593,0.8167466354443901,0.5211755163303008,0.9293556262783921,0.46644378975274947,0.9146136420112816
Pseudomys hermannsburgensis,0.08442871769660805,0.04892788154426069,0.08442871769660805,0.04892788154426069,0.8448827088430948,0.3064917409618165,0.9715755215702361,0.7970349655170751,0.845532783144384,0.9296583464500119
Pseudonaja nuchalis,0.4798605261286468,0.6182380271504894,0.4798605261286468,0.6182380271504894,0.15035804870493455,0.23219656760066587,0.4462357639459751,0.18723619822288065,0.15035804870493455,0.589195826241419
Pseudopleuronectes americanus,0.498733079729022,0.41689678548786235,0.498733079729022,0.41689678548786235,0.5584093831612112,0.581107739522532,0.5429147828094374,0.5960520068133741,0.5561995381815735,0.5461950094772093
Pseudotriton ruber,0.25610076497079803,0.4994540904559875,0.25610076497079803,0.4994540904559875,0.277856823308918,0.4158283584241381,0.26748845237198404,0.3647893710330994,0.2775546309249998,0.4526640022877978
Psophodes olivaceus,0.07239093097932729,0.04027302052850089,0.07239093097932736,0.04027302052850089,0.19780094205904722,0.29018167111625803,0.14249338759659302,0.8278881237119576,0.1972005972123821,0.9436578552415708
Pteronotus davyi,0.11988237150771752,0.03935959198703013,0.11988237150771752,0.03935959198703013,0.7201865330904841,0.5638305177791245,0.76882719646193,0.4035700392759081,0.6653945796909452,0.5082139661027081
Pteronotus personatus,0.10110948370294887,0.10610756183855455,0.10110948370294887,0.10610756183855455,0.7204262478814566,0.610409665133608,0.7832975957347944,0.8071191024192578,0.6813011932083195,0.8230174011560756
Pteronotus quadridens,0.14291625110042702,0.20578955329004026,0.14291625110042702,0.20578955329004026,0.26040020525199664,0.45514169921779957,0.24497432368316352,0.5028141710787968,0.23915993613461103,0.5838207265664515
Pterophyllum scalare,0.617470617634216,0.6668654973042565,0.6174706176342162,0.6668654973042565,0.5536169000063238,0.5565721129144593,0.5444915731620915,0.563897413630035,0.5735617041648308,0.5670494096267932
Pteropus giganteus,0.22163695083830762,0.21805074056783513,0.22163695083830762,0.21805074056783513,0.597492629332591,0.8994177689625935,0.8164261529841482,0.6047629321812488,0.5874650082246018,0.7396548663700696
Pteropus hypomelanus,0.1574168464024071,0.11014890374935826,0.1574168464024071,0.11014890374935826,0.4896576917951218,0.9159887114514924,0.6598142900198476,0.9755247007454273,0.4896576917951218,0.9700716365222392
Pteropus poliocephalus,0.1614839083744892,0.12806693374047903,0.1614839083744892,0.12806693374047903,0.4527018530348729,0.8089744714480059,0.6079420974082244,0.9301180474854795,0.4527018530348729,0.8999742491614124
Pteropus pumilus,0.1888675148380824,0.15654951401340633,0.1888675148380823,0.15654951401340633,0.913518712191573,0.8553726351290654,0.692216382943405,0.9399344930119212,0.9161706251178235,0.9714615046829691
Pteropus rodricensis,0.20111422441513258,0.20984863593179576,0.20111422441513258,0.20984863593179576,0.8660539390999219,0.9427708277206391,0.8175578739930195,0.7993521030932411,0.8588504987540206,0.9422854822832272
Pteropus scapulatus,0.16436242358543393,0.10657281786707501,0.16436242358543393,0.10657281786707501,0.6276250361970912,0.8685002533141667,0.8662194622377173,0.9921559678828549,0.6180250891677904,0.8801525523134742
Pteropus vampyrus,0.09770423842727358,0.16957202378753564,0.09770423842727358,0.16957202378753564,0.21979691916863317,0.44983422035088894,0.29682404308992993,0.49067329318817166,0.21610810341104242,0.505655827811781
Ptilocercus lowii,0.19702052759212554,0.20170997366967944,0.19702052759212554,0.20170997366967944,0.8043075535059302,0.9466182452334759,0.9972461248843587,0.7373317054597764,0.6139010751683046,0.8218950957637237
Ptyodactylus hasselquistii,0.4834451892871298,0.34263964806953984,0.48344518928713,0.34263964806953984,0.4213721767841436,0.52207887778874,0.3773593290676249,0.6160024003366824,0.4920702402512507,0.625133846967918
Puffinus nativitatis,0.10246138886395117,0.1874821910015465,0.10246138886395117,0.1874821910015465,0.09898686843728849,0.2981811714245307,0.10126821969980514,0.7312437842872248,0.10014812773644688,0.9246692891944868
Puma concolor,0.3458087611896127,0.4277041394707748,0.34580876118961285,0.4277041394707748,0.23755168796769477,0.8074086843722823,0.19990518720655728,0.9210699324149928,0.2349576207572358,0.7875503178441059
Puma yagouaroundi,0.7344181979608494,0.3996925767428158,0.7344181979608491,0.3996925767428158,0.8748715457987427,0.8301868479544545,0.861862946457148,0.7941742252881023,0.8732617591874733,0.8937833370181935
Pycnonotus finlaysoni,0.11957760926299207,0.12951054305823606,0.11957760926299207,0.12951054305823606,0.4737703721800162,0.30340179749509527,0.8563062797783422,0.9551222727339934,0.9160647831491051,0.903913316133336
Pycnonotus goiavier,0.09053447660311144,0.09822861562128894,0.0905344766031116,0.09822861562128894,0.32642608861634237,0.6952882962840092,0.1099970657429115,0.858077459327938,0.3265739307507966,0.9951952843846555
Pycnonotus jocosus,0.08139149283734919,0.05410629399892193,0.08139149283734919,0.05410629399892193,0.2564224631103561,0.4771369321441781,0.11321317841125043,0.9515532212052578,0.25603416672669543,0.9926859192268792
Pygoscelis adeliae,0.20893305211608598,0.21137140329794007,0.20893305211608593,0.21137140329794007,0.20026818738592195,0.02992858642359794,0.20352593777838374,0.5598230162317159,0.19983723675676202,0.5972867947960446
Python molurus,0.04882319825645242,0.03947469324769611,0.0488231982564524,0.03947469324769611,0.18252852727998461,0.11889461224174801,0.33155003459236737,0.7414274456053425,0.18892127298023392,0.7341168474472305
Python regius,0.08927129852407811,0.06979000240892977,0.08927129852407811,0.06979000240892977,0.15987537172949773,0.07074844571191823,0.1520941745089244,0.31455060441779625,0.15997386333136035,0.25830154139540956
Python sebae,0.06311237831059155,0.014241216190476113,0.06311237831059155,0.014241216190476113,0.06709197935980905,0.04554929330932477,0.06681219023335813,0.7757400981132218,0.06799221204929422,0.7390219693357307
Pyxicephalus adspersus,0.19314952095583013,0.22303196740715844,0.19314952095583013,0.22303196740715844,0.22862045954972893,0.2549547867524815,0.22259156807775843,0.2642137550406658,0.22864038370862,0.24024301207167648
Rana arvalis,0.17744756190342195,0.3095970924101176,0.17744756190342195,0.3095970924101176,0.21668180320963573,0.8644883315847848,0.20732445663021398,0.6073029787102363,0.21514409458494912,0.9938338181630567
Rana muscosa,0.04305751324719582,0.04082403794204261,0.04305751324719582,0.04082403794204261,0.0667837282170125,0.1205806559696807,0.05665643375772471,0.21206047070350975,0.06508085910869899,0.1996849896632834
Rana temporaria,0.03314235622246769,0.03011015593310229,0.03314235622246769,0.03011015593310229,0.029078054205805014,0.07983129705674334,0.01686837485949871,0.06360643352359034,0.02820659875403907,0.026707021844512027
Raphicerus campestris,0.19480865609213413,0.1776574061475195,0.1948086560921341,0.1776574061475195,0.19802112398881805,0.20156742335385663,0.2011683058246247,0.4869404985296616,0.19759699958868016,0.5224535103337656
Rattus colletti,0.19291389712312906,0.18079174242734458,0.19291389712312906,0.18079174242734458,0.8912148100007974,0.44019764686083646,0.6743223030403932,0.9563269413671864,0.8937223932370477,0.921792509680457
Rattus fuscipes,0.1028623502091096,0.07435783858371184,0.1028623502091096,0.07435783858371184,0.4171137419936019,0.4478304475591697,0.5156189713900207,0.9078895547899816,0.46157834693720706,0.8801503943224604
Rattus lutreolus,0.37303371551259973,0.33203222384271286,0.37303371551259973,0.33203222384271286,0.4620355957048381,0.5534160303695012,0.34963034362016376,0.6338793039468742,0.4631773302012597,0.5832055715089127
Rattus sordidus,0.19259171629115138,0.7393300922274887,0.19259171629115138,0.7393300922274887,0.740127093315618,0.5270909701652539,0.9624322591064437,0.7381151059451905,0.7380461695532715,0.7255803537410833
Rattus villosissimus,0.1778976291022147,0.1474174721229044,0.1778976291022147,0.1474174721229044,0.7547151956781634,0.8679156982952084,0.9451449275226588,0.8741626439339382,0.7504779492069087,0.6760381829921457
Requena verticalis,0.779911848150503,0.9547772025952866,0.7799118481505016,0.9547772025952866,0.8276638107830727,0.7923821446674262,0.832522219781278,0.31117664693659985,0.832522219781278,0.3730239204946432
Reticulitermes flavipes,0.8781356812967964,0.6991736845769287,0.8781356812967995,0.6991736845769287,0.9407344304451032,0.9728230322334168,0.941726346947872,0.4264696429070964,0.9407344304451015,0.41356272141568684
Rhabdomys pumilio,0.26514951113420876,0.2914299088817736,0.26514951113420887,0.2914299088817736,0.5483004686648599,0.6264922042305426,0.4610501017158677,0.7260548993401479,0.5926880722662073,0.7344774036590728
Rhadinocentrus ornatus,0.7752569410951472,0.7304344594128007,0.7752569410951469,0.7304344594128007,0.5572009516184935,0.7424023409745063,0.5650445491824305,0.6795061290306332,0.5645906757560782,0.6705696408539752
Rhinecanthus aculeatus,0.21010554061572417,0.19450693713239342,0.2101055406157241,0.19450693713239342,0.14423024208850355,0.12948582671230924,0.1292546487545639,0.2522470410439337,0.14607777406810232,0.4473084623135202
Rhinella marina,0.07917480139025537,0.13180313322837356,0.07917480139025537,0.13180313322837356,0.099167761076908,0.20341098485215714,0.07546644575188338,0.15659617825794345,0.09845642325078079,0.13098654910444799
Rhinogobiops nicholsii,0.3448638896155399,0.3289751170809502,0.34486388961553993,0.3289751170809502,0.706080803473856,0.46753802955175,0.6299103272328417,0.6661058688292039,0.6207979388168058,0.6258554552564387
Rhinomugil corsula,0.668185798403697,0.6629431297549073,0.6681857984036969,0.6629431297549073,0.7260990659795372,0.7082450562706948,0.4390326143474968,0.734318614705383,0.5597423744338031,0.7321900762687913
Rhinonicteris aurantia,0.12218055187669362,0.2569818526194986,0.1221805518766934,0.2569818526194986,0.7796169555665278,0.5631127289450103,0.8161760403183953,0.6755279658851147,0.7150703872355314,0.6833269334353534
Rhinophylla fischerae,0.1287493935661519,0.22234951794774765,0.1287493935661519,0.22234951794774765,0.8090648646700821,0.8044401333756891,0.851300041796331,0.8596586991002224,0.8115008561854907,0.8327052591200154
Rhipidura fuliginosa,0.07225731271569762,0.06667155868933282,0.07225731271569762,0.06667155868933282,0.43102130607376277,0.34750149095989463,0.1586692323756302,0.9320286946256227,0.434406984934763,0.9808715394682396
Rhodeus amarus,0.6610616062358486,0.4280913029262169,0.6610616062358486,0.4280913029262169,0.6729461606017627,0.6094799773420644,0.6745997551240569,0.5520146564283839,0.6745997551240551,0.5394895946166254
Rhodeus sericeus,0.6207811796372322,0.2142640681887699,0.6207811796372322,0.2142640681887699,0.7825856317828963,0.3845301686033336,0.7730370702073989,0.2922242569503213,0.7658872966897068,0.5993311986241981
Rhodnius prolixus,0.529612803764657,0.7630420065780923,0.529612803764658,0.7630420065780923,0.5570738845219814,0.5403182960034951,0.5912830380502576,0.5929948374294685,0.5580686215924061,0.257543402493236
Rhomboplites aurorubens,0.5149636764500303,0.5363513149136775,0.5149636764500303,0.5363513149136775,0.5176518726392125,0.4264712432780731,0.49952965467302196,0.37736906525599023,0.5176547871223879,0.45500967719586793
Rhoptropus bradfieldi,0.40789152061951905,0.41888941091129805,0.40789152061951944,0.41888941091129805,0.5315335309825937,0.4374519841727686,0.4141825306150325,0.2655206324430228,0.5168439532624891,0.5140813129336472
Rhyacotriton olympicus,0.35997454762202047,0.21686295065347244,0.35997454762202047,0.21686295065347244,0.63011148751025,0.28566514129114673,0.6006277801262504,0.3287788274646941,0.5778903822511011,0.8210461256985814
Rhyparobia maderae,0.7540483600053514,0.4544294432115881,0.7540483600053514,0.4544294432115881,0.4169624039999701,0.3376931561453825,0.457970672394949,0.557785991539039,0.4885153655172054,0.8847398624884978
Rousettus aegyptiacus,0.19291389712312906,0.10202035727519095,0.19291389712312906,0.10202035727519095,0.9053655541264729,0.7073358189028683,0.6743223030403932,0.7742483397361738,0.8967271954458221,0.8439660549215947
Rousettus amplexicaudatus,0.11874171703647136,0.19018376324367117,0.11874171703647136,0.19018376324367117,0.5916958588159825,0.8127660268284491,0.7069917424388854,0.793513600506878,0.5489934228943246,0.7614195193227529
Rutilus rutilus,0.6301452242438452,0.5399504557048503,0.6301452242438453,0.5399504557048503,0.6906555949335117,0.6141950874327181,0.6853075316383802,0.5872728732179547,0.6874435155053628,0.5930326666370044
Saccopteryx bilineata,0.13604597703882665,0.09474035839738114,0.13604597703882654,0.09474035839738114,0.8833145982272373,0.620791874760057,0.8141336724226969,0.9907508376278715,0.8627772434094451,0.8371234749401274
Saccostomus campestris,0.17879857127321236,0.09947045070340418,0.1787985712732125,0.09947045070340418,0.8323998664862892,0.540864033144493,0.6972339816624258,0.769246654969392,0.8982948135503658,0.7137375200414674
Sagamichthys abei,0.08814607044761553,0.08769984553886481,0.08814607044761537,0.08769984553886481,0.15781384938903384,0.3816283915458801,0.13943672468545915,0.29833321654344147,0.14757078583385966,0.5211133800484538
Salamandra salamandra,0.32557426734137274,0.21516564912107508,0.32557426734137274,0.21516564912107508,0.46988246050622456,0.47384355944231293,0.43313579712555955,0.5642787204480519,0.4551183394577588,0.5124191017273827
Salmo salar,0.6968518085657303,0.6963037190566239,0.6968518085657301,0.6963037190566239,0.5886077166416984,0.6864589209127385,0.597352171957784,0.5889089200969883,0.5994022589734476,0.5814576121812886
Salvadora hexalepis,0.6656538445891368,0.569390568213216,0.6656538445891368,0.569390568213216,0.6674524355454176,0.42684485513105036,0.38139134331248686,0.8362037556783816,0.6781528696443676,0.8513558937644644
Salvelinus alpinus,0.3934938739591994,0.3352613705225504,0.3934938739591994,0.3352613705225504,0.38873786745518096,0.33538725478865156,0.3891734337175025,0.3482055587984593,0.38873786745518096,0.34843491039607777
Salvelinus fontinalis,0.5340236343640732,0.5113909101819382,0.5340236343640732,0.5113909101819382,0.5680357273722284,0.5853472686174347,0.56966266334819,0.5466849209655061,0.5683265886006754,0.5696879963377214
Salvelinus namaycush,0.5795484382052276,0.5468117449019705,0.5795484382052276,0.5468117449019705,0.45325982622281585,0.39715926460304574,0.4493203517203061,0.43904869861833035,0.4524214500381854,0.4552584104192227
Sander lucioperca,0.35578052802291166,0.4486156458239598,0.35578052802291166,0.4486156458239598,0.6755296015450629,0.8845098222800134,0.6523918642222971,0.7822641230387378,0.6754944268849841,0.7373515114758116
Sander vitreus,0.6388822180677807,0.63769598372174,0.6388822180677807,0.63769598372174,0.722151352222455,0.5296377951760863,0.7321405076519714,0.4818296138095678,0.7188345355105135,0.4892066669570458
Sarcophilus harrisii,0.4742657143095862,0.5388076560915671,0.4742657143095862,0.5388076560915671,0.4862167271588255,0.7322979041149446,0.48874381645565734,0.8774126041408824,0.4857727668200297,0.8932485324413008
Sarda chiliensis,0.21668192910992315,0.1797162601543482,0.21668192910992315,0.1797162601543482,0.21448645982933132,0.07441546883636854,0.21465449663002398,0.17011814643526668,0.21559424701822272,0.11299954980695404
Sarotherodon galilaeus,0.6500262483541077,0.4918670312039597,0.6500262483541077,0.4918670312039597,0.6978866104762149,0.47141010111771,0.7653069562604484,0.3750385115576464,0.6977812387608812,0.45004834853616066
Sauromalus ater,0.18319812072469382,0.22179489980807676,0.18319812072469382,0.22179489980807676,0.16280398538652402,0.19904749808705527,0.16765594698444447,0.596609728110669,0.16280398538652396,0.8609783663018761
Sauromalus hispidus,0.3255552927366889,0.328404814347792,0.3255552927366889,0.328404814347792,0.35790331692184685,0.294419768567175,0.3696659262205455,0.4691311387387251,0.3535542260537106,0.5474105989930863
Scalopus aquaticus,0.12120488416001607,0.32534787707895685,0.12120488416001607,0.32534787707895685,0.2992927424285458,0.5328936473077351,0.40661774391122835,0.8618712156376538,0.32618665915514444,0.7106965284814277
Scaphiopus couchii,0.27960254788501415,0.2701563311342238,0.27960254788501415,0.2701563311342238,0.47512947840406056,0.4292854374750883,0.4542012387012936,0.16343749208330186,0.4738983454210703,0.1868822930128247
Scardinius erythrophthalmus,0.9021717036551071,0.8920347067651229,0.9021717036551071,0.8920347067651229,0.7846046527083933,0.9388018557988784,0.848806698160304,0.9101015777765542,0.8026517182494771,0.8590782745880841
Scarus schlegeli,0.3136791336069977,0.2611016611812998,0.3136791336069977,0.2611016611812998,0.2860274186639498,0.17765476383024797,0.25327999668653045,0.5203024816445402,0.2860677190585006,0.5424277722962804
Sceloporus graciosus,0.5103876298246098,0.4794449702732826,0.5103876298246098,0.4794449702732826,0.3414245196894425,0.282361939932685,0.36918135132585433,0.27334956198043686,0.33193128654583776,0.9686497804980071
Sceloporus occidentalis,0.5684271615110149,0.5261379704031338,0.5684271615110149,0.5261379704031338,0.22426527838875737,0.2702588727441869,0.2510401406465318,0.1656354246494935,0.24385646034241626,0.18981246640711805
Sceloporus olivaceus,0.33834105697155803,0.32087658691558146,0.33834105697155803,0.32087658691558146,0.8958717051062004,0.4114216021725115,0.7641687245559898,0.8535839394789847,0.8854649886105369,0.8702549239542439
Sceloporus undulatus,0.21703886673735645,0.29515733150016543,0.21703886673735645,0.29515733150016543,0.26612102487256006,0.3121211586047314,0.25669572624225206,0.27940326745340927,0.20262495484544837,0.3056963048411401
Sceloporus variabilis,0.8991097060538504,0.7568697652258861,0.8991097060538504,0.7568697652258861,0.9728339236901776,0.3647188052066118,0.9898863486810757,0.5594656311004804,0.971852156509119,0.6134917999113874
Scelotes gronovii,0.7606940589765154,0.7188007776541139,0.7606940589765169,0.7188007776541139,0.9388562660296643,0.10690706832869987,0.9118674492176476,0.5861841191838654,0.90983075586759,0.4194807919038599
Schedorhinotermes sarawakensis,0.8030584086556136,0.87382412383847,0.8030584086556136,0.87382412383847,0.7122945239258414,0.899799925728263,0.7131191185789426,0.3892080852422115,0.7122945239258426,0.38789594633188235
Scincella lateralis,0.6321323811647827,0.39953515823696933,0.6321323811647815,0.39953515823696933,0.5296402158976328,0.36277462255324394,0.545316137628804,0.5805332437461671,0.5457797533296614,0.48213736686016306
Scincus mitranus,0.941348930506409,0.8665567426549121,0.941348930506409,0.8665567426549121,0.07685274479673639,0.29300213389217555,0.1585285083717416,0.47394694824574934,0.3797107232049541,0.875693607007974
Sciurus aberti,0.1257071179576077,0.3352480560044105,0.12570711795760775,0.3352480560044105,0.332853616797895,0.6848869269316428,0.44699557682269436,0.9097119432316789,0.332853616797895,0.883596264106851
Scolopsis bilineata,0.3996430075652135,0.5389353708317656,0.3996430075652135,0.5389353708317656,0.334938045434641,0.4973709162099975,0.30808634922541,0.38214608540476364,0.34464517506781206,0.5191721895617086
Scopelengys tristis,0.055415560783269875,0.02620603144645133,0.055415560783269854,0.02620603144645133,0.08691039876876111,0.16315523215980735,0.11003848116659072,0.3566003162059417,0.0888796364341456,0.42121268332040956
Scopelogadus mizolepis,0.07373624148509052,0.1814882073678102,0.07373624148509052,0.1814882073678102,0.12765519757951233,0.5853183448284286,0.1199679780971591,0.3046979562079246,0.1170756483381271,0.7192236586576284
Scophthalmus maximus,0.7251627054205922,0.5768496043975856,0.7251627054205922,0.5768496043975856,0.5772209711035219,0.6116232726291037,0.5712443626027562,0.48666527359066136,0.5772344514606067,0.4914426229111759
Scophthalmus rhombus,0.7308378146208954,0.9142106646009277,0.7308378146208955,0.9142106646009277,0.7493382274747633,0.7938189478694696,0.7655575004027536,0.5932754478231882,0.7568478154181326,0.6480757999164709
Scorpaena porcus,0.49146847801455856,0.36838611831120266,0.49146847801455845,0.36838611831120266,0.49164357480153376,0.3356050195389557,0.5156536554051893,0.45402870883200547,0.48678025516655793,0.4420026165687787
Scotinomys teguina,0.07095238784057367,0.09821231197616137,0.07095238784057367,0.09821231197616137,0.4278917093958608,0.6107556029869029,0.6176809831165672,0.9077290889751453,0.42697071540239534,0.8734127804439586
Scotinomys xerampelinus,0.07150492744500708,0.11912613944777913,0.07150492744500708,0.11912613944777913,0.4212059014365507,0.6242353914179634,0.6080297177553712,0.6031639962950719,0.4202992979742331,0.5120963685090444
Scyliorhinus canicula,0.3029490743049225,0.37606841747144537,0.3029490743049225,0.37606841747144537,0.5412651286311069,0.5400792364317347,0.47954787066198146,0.6082347183139393,0.5405567516642685,0.39874361282586884
Scylla serrata,0.5717560533703948,0.5838345217012779,0.571756053370395,0.5838345217012779,0.6947241181427538,0.6482766059699961,0.6567302033069226,0.5236419374675816,0.6533281114712236,0.7869923650287062
Sebastes diploproa,0.3792364469852843,0.36221442099218687,0.37923644698528397,0.36221442099218687,0.5471408888154083,0.45591964532265006,0.5196925664829688,0.40748762192068055,0.5087958577663659,0.5007934101309414
Sebastolobus altivelis,0.05591711945767252,0.06474511423038386,0.055917119457672554,0.06474511423038386,0.07552733868723337,0.18245177917048028,0.07151294913852169,0.13929914701845345,0.07005576484357577,0.17346397029713082
Semibalanus balanoides,0.34830975377603174,0.4109893898091842,0.34830975377603174,0.4109893898091842,0.3232933578713326,0.627191588470429,0.29744301291994535,0.7259488329205895,0.32323625087193053,0.5432272183565867
Sepioteuthis lessoniana,0.4207136660962376,0.4169241518839992,0.4207136660962376,0.4169241518839992,0.44290551031976205,0.6237474398920905,0.24248858160602296,0.732621806122262,0.43043082181418885,0.9181505869947818
Sericornis frontalis,0.039125308294774966,0.041784295457233875,0.03912530829477493,0.041784295457233875,0.21954134268068368,0.1982018512510741,0.08082500724837437,0.7774768449308576,0.22126584323913726,0.612604329732322
Seriola lalandi,0.32219753206548357,0.1879518988353281,0.3221975320654835,0.1879518988353281,0.35647446904689634,0.15521894410526285,0.2166636491966084,0.21215755950286982,0.35269279420096505,0.25349939408572525
Seriola quinqueradiata,0.7747841480431441,0.7436669379514537,0.7747841480431441,0.7436669379514537,0.42292622867072677,0.8401804082957731,0.42711411197962745,0.6808706095296301,0.42266584437504207,0.6941864243427596
Serranus scriba,0.6951013852334101,0.5234904279639598,0.6951013852334101,0.5234904279639598,0.963807563098162,0.42892451402068366,0.9207333641890723,0.7257737393860296,0.9079940444378576,0.8584350416298078
Setifer setosus,0.3776394639320179,0.26345819427397527,0.3776394639320179,0.26345819427397527,0.8567095112867777,0.254053536410005,0.6336460781848009,0.33982567246520057,0.8567095112867779,0.46365811433105253
Sigmodon hispidus,0.14094768352127002,0.09551292163513794,0.14094768352127002,0.09551292163513794,0.5418968061082737,0.7287878564478553,0.663930492233325,0.8619966329370192,0.5257561526051682,0.8962665652162155
Silverstoneia nubicola,0.6765236098485409,0.7474542648971617,0.6765236098485409,0.7474542648971617,0.3436541585310114,0.40577715082331905,0.34446964140834124,0.26230950394017066,0.3440514454065202,0.3424859446386929
Siren intermedia,0.2000710070613883,0.34133909842077453,0.2000710070613885,0.34133909842077453,0.2300753775833762,0.317454120869597,0.2215614429742492,0.3331542868967645,0.23030780023466957,0.4248642502364008
Siren lacertina,0.11124987005318225,0.04768944177756264,0.11124987005318225,0.04768944177756264,0.11997809524576532,0.033008664480250846,0.1128394052944963,0.10179991071073109,0.11995998012862631,0.05554237966964185
Sisyphus fasciculatus,0.7546550594147327,0.83435220517977,0.7546550594147327,0.83435220517977,0.5356291169993374,0.7694097185547452,0.5350864837325003,0.7457180812301822,0.5367070149291475,0.832720141873417
Sitophilus granarius,0.0761603495141427,0.06010088979175614,0.07616034951414284,0.06010088979175614,0.08117393717043667,0.08362375635250263,0.08125952749781126,0.0366592816252781,0.08117393717043653,0.03554980413317907
Smicrornis brevirostris,0.042725909267564754,0.05629554799354428,0.042725909267564754,0.05629554799354428,0.08882518193197005,0.9950051922908228,0.35538552740289114,0.7355521211382653,0.35043901144468753,0.8112704716801085
Smilisca baudinii,0.41105611975924267,0.4400406600143513,0.41105611975924267,0.4400406600143513,0.7878475909764839,0.8471719851779502,0.7501292161670676,0.10880031462569016,0.7856455472513583,0.5660929185430118
Smilisca fodiens,0.2988889302742611,0.3519684735799738,0.2988889302742611,0.3519684735799738,0.28444948487961697,0.3379965388673861,0.2862190281812629,0.29245729065207593,0.28430702191040047,0.29110419725288517
Sminthopsis crassicaudata,0.12721982654951397,0.15083034717091934,0.12721982654951397,0.15083034717091934,0.6123711219703196,0.5713419982543226,0.8906145210429487,0.997709729149697,0.613030532931642,0.9605539761469183
Sminthopsis macroura,0.1690569064319884,0.3712496356574057,0.1690569064319884,0.3712496356574057,0.7966821473224371,0.520636712008197,0.6383979457167986,0.9695195594325744,0.6118682318862105,0.9338941006903472
Solea solea,0.757190943633953,0.5980524322290811,0.7571909436339529,0.5980524322290811,0.6598195685935699,0.5244584610367551,0.6019762317774836,0.7260656213890694,0.6515300923068638,0.6521867049929029
Solenopsis invicta,0.5809445613174282,0.7296443779299844,0.5809445613174262,0.7296443779299844,0.5422871021174112,0.524399743062153,0.541715913334627,0.842089652901823,0.5422871021174122,0.8166041694225222
Sorex alpinus,0.04255587888941443,0.1656891648164261,0.04255587888941436,0.1656891648164261,0.4277483359404394,0.9701826240911648,0.415682002843671,0.5331960775949344,0.48029791438099484,0.48969195587221653
Sorex coronatus,0.040853172958490475,0.04786580714915987,0.040853172958490475,0.04786580714915987,0.2587469468544363,0.2840415162030416,0.3727330867247934,0.2514090292270239,0.2581900199997026,0.31118768263242436
Sorex minutus,0.024030222845953273,0.01949624421378377,0.024030222845953273,0.01949624421378377,0.05071212666856845,0.161713838233676,0.042306992223710954,0.25632609503339904,0.040140270150401294,0.20419543349933844
Sorex palustris,0.03322168750239747,0.03608903890608106,0.03322168750239747,0.03608903890608106,0.4560792024688885,0.42272827122716117,0.420688528413091,0.36825770846653005,0.48227044344976244,0.3400399422183103
Spalacopus cyanus,0.1969418893060682,0.12010634404040309,0.1969418893060682,0.12010634404040309,0.4727526550866815,0.3236452628022799,0.7021783230170363,0.6357000561059833,0.4737974814351191,0.4476206879893759
Spalerosophis diadema,0.1854457073257847,0.17290947413869856,0.1854457073257847,0.17290947413869856,0.3347371536764691,0.5675533970624581,0.18842562937958154,0.6696773513828342,0.3347371536764691,0.2607886962906139
Sparus aurata,0.7859024815963958,0.8878598961247541,0.7859024815963958,0.8878598961247541,0.5261868165265288,0.6524991380293852,0.41844624356402216,0.5629621641894936,0.5101658571281362,0.7373486287692615
Spea bombifrons,0.8211516765042471,0.7688968342874832,0.8211516765042479,0.7688968342874832,0.9434733155426693,0.5429111904895005,0.9085601049316139,0.22358546912190802,0.9428281850035817,0.7262357982948056
Spea hammondii,0.5009719471420678,0.3289057268268444,0.5009719471420678,0.3289057268268444,0.5190011854599302,0.5366597537031511,0.5168779113558574,0.1771593261743128,0.5189564554432959,0.3031623155562071
Sphaeridium lunatum,0.528856436598364,0.4414186717113185,0.528856436598364,0.4414186717113185,0.6348200262646048,0.6447049653208974,0.6477632419294516,0.7146284762709851,0.6338855401705948,0.726312813082858
Sphaerodactylus cinereus,0.3235375349378342,0.3643047536954066,0.3235375349378342,0.3643047536954066,0.2649019792251738,0.3092408345596544,0.266860867388436,0.5345100469465516,0.266860867388436,0.6726804254615113
Sphaerodactylus macrolepis,0.9645122096023463,0.6985452909948502,0.9645122096023463,0.6985452909948502,0.8028111253622786,0.6135027465557601,0.8087477258188221,0.8664491447047264,0.8087477258188221,0.6014095445643807
Sphaerodactylus notatus,0.30277295383277303,0.4559645645595764,0.30277295383277303,0.4559645645595764,0.1882733140366355,0.15361520354003697,0.18937848349205993,0.8205433946565661,0.18937848349205993,0.46461764438390424
Sphaeroderus stenostomus,0.7668883003323944,0.4897528280805957,0.7668883003323931,0.4897528280805957,0.39266896831735065,0.4444625641833178,0.3931842091344761,0.569706793633746,0.39266896831735065,0.5647503817706265
Spheniscus humboldti,0.2134241021820611,0.530548765010194,0.2134241021820611,0.530548765010194,0.14171417226938152,0.16943889774723783,0.1671249427142419,0.6970581117589498,0.14458173364131274,0.7856504562782295
Sphenodon punctatus,0.5543646153354,0.3879041922904084,0.5543646153354,0.3879041922904084,0.6037642508932176,0.7865306422805,0.3395965448575745,0.7789602486819204,0.6037642508932176,0.3627810433528863
Sphinx ligustri,0.14319359874043344,0.19347387006850456,0.14319359874043358,0.19347387006850456,0.16846686317799162,0.2669163904412938,0.16686716813213037,0.17764339908896676,0.16622412324248426,0.22549292076478544
Spilocuscus maculatus,0.3568552266644563,0.8871027117300616,0.3568552266644563,0.8871027117300616,0.8571285677096044,0.35791369631562725,0.9882595637608556,0.8102194787396886,0.8552044006791589,0.7688585192191915
Spilogale putorius,0.18461232093944088,0.4923422214665791,0.18461232093944097,0.4923422214665791,0.48882577000030414,0.754142340868346,0.6564536060299332,0.8382011698703511,0.48882577000030414,0.853898924317237
Spinachia spinachia,0.8199395586116824,0.78371080458893,0.8199395586116824,0.78371080458893,0.5148315274884597,0.8308420078976431,0.5270118456435426,0.8850608932682471,0.5256569202819803,0.7927147013775697
Spinibarbus sinensis,0.2806832070080722,0.2484395628991415,0.2806832070080722,0.2484395628991415,0.2475861655429055,0.31769493813642574,0.2592519030747874,0.24928003630145096,0.22851129276324023,0.2614264307366483
Squalus acanthias,0.4043890290924416,0.4066000265470791,0.4043890290924416,0.4066000265470791,0.49313514141060155,0.7248616549338385,0.49585918658532907,0.585720147618987,0.48791162725903076,0.6866846915196073
Steatomys pratensis,0.1076470070450142,0.10382793618833475,0.1076470070450142,0.10382793618833475,0.3841710303008372,0.5001975244364856,0.5687065631056858,0.8022130887602226,0.3839002778039498,0.7818625589530249
Stenasellus virei,0.13413294338506018,0.09861406409360167,0.13413294338506018,0.09861406409360167,0.12547697924431225,0.16712940445036747,0.1309573239581526,0.5782520748753827,0.12545481481190365,0.5422810390592187
Stenobrachius leucopsarus,0.3575480524674518,0.4054417333861704,0.3575480524674517,0.4054417333861704,0.8669088468778283,0.9390112322878168,0.6960775159650896,0.6182625806507972,0.6714501368177794,0.5400061770701863
Stenocara gracilipes,0.9322245273512034,0.9336692270014222,0.9322245273512025,0.9336692270014222,0.4860411632447342,0.8606185103454693,0.4906628533965773,0.6804164443120566,0.4902687272506351,0.8538543499425879
Stercorarius maccormicki,0.037353962795691815,0.03394823803032711,0.037353962795691815,0.03394823803032711,0.01853169408830304,0.03922005619956547,0.023323679531659654,0.0376344989012887,0.018629387623241036,0.07482189183104232
Stereomastis sculpta,0.03296101519454899,0.05529462136395537,0.03296101519454899,0.05529462136395537,0.03869977644707476,0.34094379543926556,0.0370285367979794,0.8773643363520294,0.03842513880268273,0.3966973474424697
Stethojulis bandanensis,0.04027533396065686,0.05706103733336301,0.04027533396065686,0.05706103733336301,0.028045091471875585,0.06172811657906745,0.03274706684391074,0.027417637901112568,0.028274428537711862,0.07384807374661875
Sthenoteuthis oualaniensis,0.5224574995851001,0.40706159509966877,0.5224574995851001,0.40706159509966877,0.9458587224655927,0.6522997168099144,0.9632750400588607,0.6731863222932276,0.9556355735215656,0.9694731161167917
Sthenoteuthis pteropus,0.6702262536591742,0.9677585033260984,0.6702262536591742,0.9677585033260984,0.3351775404775602,0.27261945413497723,0.39989870498359065,0.05269535872043845,0.33672413121687733,0.39389244186857125
Stomias atriventer,0.1776845132989195,0.15165264279834395,0.1776845132989195,0.15165264279834395,0.19270112215511093,0.5140649713860984,0.18609719172726139,0.5238752905917531,0.19289578925155995,0.7969657155122561
Storeria dekayi,0.5919738422263059,0.40432140166839803,0.5919738422263059,0.40432140166839803,0.44519527269579906,0.42314186893269257,0.49690751716520287,0.8149587596989538,0.4505550796404066,0.5591031658185511
Strepera graculina,0.07798800080682872,0.16383519638660127,0.07798800080682872,0.16383519638660127,0.41246970832881613,0.38995054971129123,0.09494361337420049,0.9986002370735262,0.41246970832881613,0.8445804730670226
Strophurus intermedius,0.3577995794908079,0.367446851676579,0.3577995794908082,0.367446851676579,0.28913321440738854,0.33198098291719247,0.2927029375962107,0.19021841925017074,0.3819477962423493,0.2851056139557733
Struthio camelus,0.7783993258574778,0.7380176443926274,0.7783993258574778,0.7380176443926274,0.7162104513549529,0.23074493724427741,0.679280922506105,0.6333484424524736,0.7169956276115708,0.7201886075999172
Sturnira lilium,0.10224535283666446,0.22087003640377298,0.10224535283666437,0.22087003640377298,0.8681341133883357,0.6181910536395522,0.9333221142724032,0.999628747914251,0.9723281547511362,0.9606855075494984
Sturnus vulgaris,0.07853867739521257,0.0497119505837858,0.07853867739521257,0.0497119505837858,0.17127985768766266,0.8428629489201385,0.33604944309366935,0.9206699012496814,0.3470360326760163,0.8787321400054282
Suricata suricatta,0.250400955948394,0.36927922909400196,0.250400955948394,0.36927922909400196,0.5651423950142861,0.8948658835691976,0.7631947310461012,0.7809190549813521,0.5556577025995947,0.7561315520418749
Syconycteris australis,0.13115274134420454,0.06635023144012904,0.13115274134420454,0.06635023144012904,0.5404477769142998,0.9535053624060227,0.5808778113154476,0.48997844925312084,0.5102405714959736,0.6607830750238572
Sylvilagus audubonii,0.1237049568069746,0.08350955970153166,0.12370495680697466,0.08350955970153166,0.32755219400475444,0.3472862412874298,0.4398761933465651,0.8140978053254625,0.32755219400475444,0.7241675894552251
Symbolophorus californiensis,0.32979980729852754,0.40835520174996165,0.32979980729852754,0.40835520174996165,0.8509357701967631,0.7854270399320702,0.8687195022555448,0.6662310749721702,0.8687195022555448,0.634765455840821
Synbranchus marmoratus,0.30480133124759334,0.3828093371697909,0.30480133124759334,0.3828093371697909,0.3752181006703941,0.26710370534511585,0.4111102158120886,0.33664510354668203,0.38232251282432106,0.3684130686117708
Syngnathus acus,0.6596149092679154,0.5398716510484673,0.6596149092679154,0.5398716510484673,0.8720485706479686,0.3742141211698743,0.7713397538597611,0.78232376331635,0.8751046685144382,0.7650502596982611
Syssphinx molina,0.24508996675958866,0.2551461052727624,0.24508996675958805,0.2551461052727624,0.30274659018448197,0.6861490915258074,0.2943500621163992,0.8537893937316079,0.29369261917925316,0.8603302728917799
Tachyglossus aculeatus,0.7151864115885078,0.6809470247027654,0.7151864115885079,0.6809470247027654,0.7274365496093653,0.5587119145897634,0.658852537970722,0.47031662089431914,0.7287037293208625,0.6358111416756902
Tachyoryctes splendens,0.15832458339562025,0.13123292593863106,0.15832458339562017,0.13123292593863106,0.9176427556385324,0.9756055497955634,0.8257541891017783,0.809150672371587,0.914986581538817,0.7710698799448564
Taeniopygia guttata,0.05842522068467325,0.06694267594621237,0.0584252206846732,0.06694267594621237,0.32931201402102606,0.3500635362945691,0.12123751087256174,0.9575936952157797,0.3318987648587064,0.9151668242838679
Tamandua tetradactyla,0.7658103902262916,0.7747477730442429,0.7658103902262915,0.7747477730442429,0.777490989809726,0.4576724356578739,0.7897232185074623,0.8801746341828119,0.7722860044018852,0.5511655524796678
Tamias amoenus,0.09456645636941816,0.14807158679300766,0.09456645636941811,0.14807158679300766,0.6367751068162667,0.5703157480290765,0.7601365088626528,0.5997857159655101,0.5900640924338744,0.9419494882929427
Tamias merriami,0.14263336353664272,0.10225087756259277,0.14263336353664272,0.10225087756259277,0.7864312047554199,0.5524561023114037,0.9396725690643415,0.8361345796396519,0.7296748025810645,0.8946093482253976
Tamias minimus,0.09464912218205639,0.06110911935696996,0.09464912218205639,0.06110911935696996,0.4519427139787635,0.5129392453388453,0.543910358340118,0.8023281654437133,0.5015330226874453,0.8587584711657891
Tamias striatus,0.13813239056604323,0.188596303005936,0.13813239056604323,0.188596303005936,0.4012861497273016,0.5760485532167605,0.8224443938564565,0.7671759124908601,0.37819604391452827,0.5297111198403546
Tamiasciurus hudsonicus,0.10373972251098218,0.09697085036940653,0.10373972251098218,0.09697085036940653,0.11844344361034667,0.13662508854143973,0.7060831158556538,0.397197132649942,0.11844344361034667,0.24191185068724602
Tanaocerus koebeli,0.2526100655690337,0.21418791877804252,0.2526100655690337,0.21418791877804252,0.2659373495988975,0.29422115704365925,0.3260898014709839,0.4932525326085063,0.26521167512153065,0.2918829326543067
Tarentola mauritanica,0.6264219993032435,0.7367502707209699,0.626421999303244,0.7367502707209699,0.09961092964177656,0.2718495502187756,0.2732709475931275,0.3825060954936396,0.10190831936581292,0.636680263909674
Taricha granulosa,0.07903361975494984,0.09944574406963583,0.07903361975494977,0.09944574406963583,0.126533207187205,0.21734359963123406,0.10448849355217149,0.25483319903847146,0.11854486697462593,0.17276429514641606
Taricha rivularis,0.1505450691992635,0.07326660300843668,0.1505450691992635,0.07326660300843668,0.2035601544580718,0.15250545782819402,0.17079086636269789,0.20505667091943722,0.19596577034982016,0.21105154324880457
Taricha torosa,0.3692468112937248,0.34396713249125455,0.3692468112937248,0.34396713249125455,0.40045287891125364,0.24920934170308046,0.3856656113757047,0.17539078416258447,0.4001790562419791,0.300125863707632
Tarletonbeania crenularis,0.6018343124171924,0.7818149123106639,0.6018343124171928,0.7818149123106639,0.645473531567286,0.5372211392174234,0.6273852141141995,0.6296818868608623,0.6197298136687469,0.6462095664481544
Tarsipes rostratus,0.07325396530487951,0.06186823613266368,0.07325396530487951,0.06186823613266368,0.4639600426355411,0.3540949154324597,0.6683489830927332,0.754013671559895,0.46296141517188066,0.6659098492461136
Tautogolabrus adspersus,0.5890615285641805,0.6890606240239514,0.5890615285641805,0.6890606240239514,0.5088885397116136,0.6283310688596466,0.5489532103428907,0.3700009298465201,0.4936373922608894,0.8094956133658027
Taxidea taxus,0.5011631214609715,0.25741912172370207,0.5011631214609717,0.25741912172370207,0.5679972456866675,0.978009496757518,0.5598844580365739,0.9549715768628974,0.5669521158436235,0.7088763284609882
Teleogryllus commodus,0.1838970365942153,0.1670708186542651,0.18389703659421563,0.1670708186542651,0.22750253146353452,0.26495423465044154,0.22176451378735956,0.3344661808049697,0.22126919364966102,0.24776791324086422
Telmatobius culeus,0.09690068039416107,0.08350256002764803,0.09690068039416111,0.08350256002764803,0.15408072534444536,0.32326418217709274,0.08951283407259195,0.3538095557982224,0.15213197530817416,0.2701762679913523
Telmatobius marmoratus,0.2544018712163297,0.3513676458322048,0.25440187121632946,0.3513676458322048,0.5586570584136306,0.6731831951227212,0.4787682564641247,0.6647253842316806,0.5495481428606871,0.39963398844397846
Tenebrio molitor,0.3629065260427828,0.44241417584244525,0.3629065260427828,0.44241417584244525,0.38122785299380274,0.5779327386239593,0.3844283835692329,0.549777962812173,0.3818531204430045,0.5657829322615301
Teratoscincus przewalskii,0.36626982652439743,0.16936348639504062,0.36626982652439743,0.16936348639504062,0.33772753959202173,0.19394053904603586,0.3506767560499155,0.16890114658259225,0.3373867107964407,0.6047259089512069
Termes borneensis,0.21779620580984801,0.13359877150617946,0.21779620580984763,0.13359877150617946,0.21447676369736515,0.13590023709000715,0.21163789135503933,0.10868111736537467,0.21447676369736515,0.1080535638497016
Terrapene ornata,0.14153539406266946,0.13720659672288818,0.14153539406266946,0.13720659672288818,0.15727315303874553,0.18952884922793342,0.14665803935661856,0.28923618939054857,0.1571963314936938,0.2605892429013555
Tetramorium caespitum,0.662919715976798,0.9768674405874156,0.6629197159767946,0.9768674405874156,0.7850693028729083,0.6683519879205442,0.9009779535887554,0.16010309680917556,0.7850693028729097,0.784465388847627
Tetranychus cinnabarinus,0.005978021352494738,0.003883158647828178,0.005978021352494738,0.003883158647828178,0.0032689266511899064,0.0026426756479969436,0.00324256395921093,0.0029182989843734215,0.003268926651189912,0.0033390552474789822
Thalassarche chrysostoma,0.2363522365000999,0.5923470851585815,0.2363522365000999,0.5923470851585815,0.1582210390553191,0.0599480141355339,0.1865916560415968,0.49398853202045223,0.16142261397585286,0.5068908033494138
Thallomys paedulcus,0.3438899905238388,0.3517105813333279,0.3438899905238388,0.3517105813333279,0.49994977146386177,0.38243268317893836,0.3782783651202205,0.7106160946343292,0.5013564644988315,0.6515347819884019
Thamnophilus punctatus,0.05879379523922883,0.035467114639384456,0.058793795239228855,0.035467114639384456,0.08567721376568954,0.032319162448281244,0.2171387697770886,0.7387551345143436,0.13426511267604005,0.8397706501069375
Thamnophis butleri,0.3761953782528537,0.6324951858529739,0.3761953782528537,0.6324951858529739,0.5806895842512803,0.5653970961207316,0.5592451076154459,0.33760281780746526,0.580983403259941,0.8699286085594917
Thamnophis proximus,0.8853646963093412,0.5817758815348745,0.8853646963093412,0.5817758815348745,0.6329279053723811,0.9983031525885021,0.5951358183722858,0.45613507843852785,0.6320353453841517,0.4350774191430164
Thamnophis sirtalis,0.19085263901795183,0.22076893745328674,0.19085263901795183,0.22076893745328674,0.2514647603738481,0.13234422561302236,0.20020322384356667,0.28291860477338904,0.25154830400517175,0.2312722324206024
Thomomys bottae,0.19691626013398233,0.10413696219791274,0.19691626013398233,0.10413696219791274,0.8731006878463097,0.5919897537867888,0.6606165651737186,0.7624327264186735,0.8755573039436118,0.7781777876806311
Thomomys talpoides,0.137673254939337,0.21329007221208485,0.13767325493933694,0.21329007221208485,0.5990337687662854,0.8470113013392693,0.7279982980611056,0.7970888453925807,0.5670154943765722,0.7181039655258995
Thomomys umbrinus,0.2767260764370786,0.11425575128837713,0.27672607643707847,0.11425575128837713,0.686351355501494,0.628882898216646,0.5063731286966541,0.9205599424617941,0.6500495792156333,0.9350331002065981
Thorichthys meeki,0.552126760984503,0.7063657815048492,0.552126760984503,0.7063657815048492,0.676484323613192,0.5557747450164823,0.6560657219945066,0.5975783110235307,0.6628320344446252,0.5936636322220223
Thrichomys apereoides,0.13214408287546817,0.13068147714564138,0.13214408287546817,0.13068147714564138,0.5712156170427721,0.8429315808500307,0.8074393319029909,0.9038887311112654,0.5664645069372154,0.9685184742319835
Thunnus alalunga,0.3827491919205519,0.3680710616360401,0.38274919192055185,0.3680710616360401,0.37192187866320753,0.1887567793286539,0.3752018355271967,0.729670495732497,0.3723296138866891,0.25840778853800717
Thymallus arcticus,0.6038673481474804,0.579726322292386,0.6038673481474804,0.579726322292386,0.6127423566099415,0.5237149224188091,0.6131771972796467,0.4775989144294456,0.6127565900635253,0.43297285502461424
Thysanoessa inermis,0.525448934737571,0.5358956483106989,0.525448934737571,0.5358956483106989,0.5280993918077751,0.37349629409695567,0.49810651607849815,0.3843919096173825,0.5279844334399166,0.3786892705620217
Thysanoessa macrura,0.1962703196751358,0.2376068542934538,0.196270319675136,0.2376068542934538,0.3341704616983548,0.4769931936693717,0.3345204856527023,0.5053063177163722,0.3342610914800258,0.5117896420454193
Tiliqua rugosa,0.4919258407838649,0.49094330740359554,0.4919258407838649,0.49094330740359554,0.25241276959099623,0.34496537432688346,0.4287768409299334,0.4244010319561895,0.2524177532975747,0.28345047334324813
Tiliqua scincoides,0.36418402389766863,0.3461012900970703,0.36418402389766863,0.3461012900970703,0.42839634352695427,0.547710902329258,0.3867883076586731,0.48618054796673804,0.4273397249130732,0.5436657832239473
Tinca tinca,0.536267247736332,0.5048728685512972,0.5362672477363322,0.5048728685512972,0.650497444135849,0.6649012291965487,0.6457949293618858,0.702007898200128,0.6507756521858221,0.7538316869622715
Tolypeutes matacus,0.39638958049167533,0.18966542453198612,0.39638958049167533,0.18966542453198612,0.828649887769813,0.23840081684962813,0.8629851387619848,0.5588809392039223,0.8394672205686537,0.6185134276171305
Tonatia bidens,0.09947128499096247,0.09594227014871437,0.09947128499096247,0.09594227014871437,0.35576175555833767,0.49086682457789227,0.5255136595786716,0.8307216658971432,0.35474329467959914,0.7709420433603349
Tragulus javanicus,0.22799688818278666,0.22242699175591954,0.22799688818278666,0.22242699175591954,0.22433553006570328,0.2622275795298124,0.27459424387649795,0.5785201132979562,0.223737591835808,0.5511123761055229
Tramea carolina,0.31848425451287743,0.3934513360964116,0.31848425451287743,0.3934513360964116,0.5562086923863689,0.387029254260581,0.5502446112958415,0.6856014687127997,0.5506869519468385,0.742586875820253
Trematomus bernacchii,0.05581920543813352,0.05173062420789296,0.055819205438133464,0.05173062420789296,0.05082962023554645,0.254830329858182,0.05289224617068609,0.34017352347953944,0.049323547163780006,0.5099163795427649
Trematomus hansoni,0.2823564741430306,0.5339178303203614,0.2823564741430306,0.5339178303203614,0.2584295031665649,0.7873228959027174,0.25878995317751474,0.8641079916383082,0.25842950316656466,0.8780741177541705
Trematomus pennellii,0.2768384976812868,0.2554202780245172,0.2768384976812868,0.2554202780245172,0.42864168248045376,0.915958831967609,0.4301449022894451,0.7305947566529312,0.4282751725110573,0.66630286564843
Triakis semifasciata,0.6853993697994835,0.8358413853079548,0.6853993697994835,0.8358413853079548,0.9396699290092728,0.5302527101920532,0.9957349056483001,0.23874800530696594,0.9373127028291396,0.3569440452045556
Tribolium castaneum,0.7882961739257703,0.6453910934556254,0.7882961739257703,0.6453910934556254,0.8568569619395712,0.8979904912923832,0.8574537423142273,0.39366428576039597,0.8568569619395727,0.38175020438371027
Tribolium confusum,0.12224547113526688,0.1906666717044623,0.12224547113526688,0.1906666717044623,0.14616890740495028,0.19631622051732972,0.19569155100925537,0.3211006833138007,0.1461689074049495,0.31355310169730016
Trichoniscus pusillus,0.6202443594556132,0.651346447364643,0.6202443594556132,0.651346447364643,0.5829390432188309,0.3120402390818428,0.5208884926871743,0.37883405280372534,0.5829390432188305,0.5506372335237244
Trichopodus leerii,0.6294551355038404,0.6072169589839042,0.6294551355038392,0.6072169589839042,0.43059431334854764,0.35761134046518794,0.46298203542950467,0.3560849961220217,0.4939748036808713,0.4481122035937227
Trichosurus vulpecula,0.5374033971934924,0.30787043050989865,0.5374033971934924,0.30787043050989865,0.5605111750634084,0.3913048343252568,0.6247960309663428,0.9486340182186258,0.5601291577086434,0.9605312091609782
Trimerotropis pallidipennis,0.45980191524200564,0.4267558650963179,0.4598019152420064,0.4267558650963179,0.8979999381681226,0.8920752167618188,0.8968231711180448,0.7919451269144974,0.8979999381681226,0.5740015549082559
Trimerotropis saxatilis,0.9291558712197889,0.6013066008253939,0.9291558712197923,0.6013066008253939,0.6151366238621715,0.5457003172613191,0.6005026265110872,0.6994721335037752,0.615136623862172,0.6933867716664924
Tringa ochropus,0.07510771258331021,0.10614719272697976,0.07510771258331021,0.10614719272697976,0.0629472553591863,0.541640036507177,0.11015603956830572,0.9800098293034561,0.06631668843348769,0.866378146053891
Triops cancriformis,0.7582405157087326,0.7655332107811014,0.7582405157087332,0.7655332107811014,0.5882168426536445,0.7903303122105421,0.5923191943126598,0.8872237247409813,0.5897009415031407,0.8038599229030675
Triphoturus mexicanus,0.22338866771508153,0.35233800024806416,0.2233886677150814,0.35233800024806416,0.3405590632736559,0.7584120156253213,0.32455672679319914,0.7128931617196718,0.330527632046134,0.8237809826004449
Triturus cristatus,0.20686941467803235,0.09931774659238034,0.20686941467803235,0.09931774659238034,0.30807440357844346,0.1931460371653505,0.25319460570022184,0.3627346538863883,0.2872557525813991,0.6756354030465966
Trochilus scitulus,0.006756024318254334,0.021990850866053503,0.006756024318254334,0.021990850866053503,0.012218275208114778,0.021500422737200243,0.022296725531857936,0.6636214139340458,0.026977566799842947,0.5825431134082453
Trogonophis wiegmanni,0.243072283244835,0.27270912642855705,0.24307228324483546,0.27270912642855705,0.18577701930557194,0.26688526747301006,0.23847389916043024,0.49740264858261773,0.24625511008772114,0.5568024205203173
Tupaia glis,0.18851194951272462,0.2187589957022216,0.18851194951272454,0.2187589957022216,0.7281931312193994,0.803228456807721,0.8913204586969802,0.9675328814893519,0.7068371205789765,0.5630978125531999
Turdus merula,0.07201971866917437,0.09633285880209615,0.07201971866917437,0.09633285880209615,0.14704698047637943,0.5615320621857225,0.10582119541862703,0.86631776332255,0.14647132318215245,0.9265323064475763
Tympanoctomys barrerae,0.20405604512806075,0.17926469517784033,0.20405604512806075,0.17926469517784033,0.20511047100501004,0.1919663255526814,0.3518061619898747,0.7009603511685945,0.203760366095529,0.24212472497554238
Typhlogobius californiensis,0.07064171848753509,0.07585934406550005,0.07064171848753503,0.07585934406550005,0.10519330799727455,0.08983203553281173,0.10206263703240502,0.1117462000639471,0.10078462472880523,0.14041427654354538
Typhlonectes compressicauda,0.3518085640863602,0.5340034582209914,0.3518085640863603,0.5340034582209914,0.6403693344379011,0.39791961598884334,0.6024213995144132,0.8290932344773555,0.6427971148544218,0.6732187506932784
Upupa epops,0.08762805464152129,0.09842785917734474,0.08762805464152129,0.09842785917734474,0.05842162419832182,0.5180364736624816,0.11739572045793269,0.590766641449683,0.06565972698811894,0.498370255495714
Uroderma bilobatum,0.08783911022115512,0.06820060234715747,0.08783911022115512,0.06820060234715747,0.8481407386165074,0.4788153329519176,0.8847972408016525,0.8771274099144668,0.7726500082653315,0.9578095523552176
Uromys caudimaculatus,0.09614347011102196,0.1233218384130487,0.09614347011102196,0.1233218384130487,0.2514930814932549,0.7192065285049214,0.3599738418756074,0.6690501437248141,0.2514930814932549,0.5732903231536857
Urosticte benjamini,0.011141524387782946,0.006264226668282536,0.011141524387782946,0.006264226668282536,0.018502073965464633,0.0074477185001748485,0.06977863712517829,0.9226581652479279,0.0887664411479976,0.7419908518599093
Uta stansburiana,0.6282075607570128,0.2552323650916982,0.6282075607570128,0.2552323650916982,0.7525917137181432,0.416352639414836,0.9099609740666252,0.5862186788562704,0.7670968930456165,0.7546063270042453
Vampyroteuthis infernalis,0.007380515972645869,0.004720298294843117,0.007380515972645869,0.004720298294843117,0.015299843574005535,0.03159985954045043,0.013940025588047538,0.021574202574496253,0.015143314980944154,0.015346276566647157
Varanus acanthurus,0.051172461225395656,0.04951142211837179,0.051172461225395656,0.04951142211837179,0.18397133319350578,0.1831750572927634,0.090746660859552,0.06823420596293268,0.15798508091691493,0.09668010992394667
Varanus albigularis,0.6516470303132964,0.6835824591323596,0.6516470303132964,0.6835824591323596,0.5984806095538867,0.6661253536387052,0.6950250759848366,0.7015253155268173,0.5927736691241061,0.6410889946407408
Varanus bengalensis,0.2604679925920516,0.2574632699679757,0.26046799259205167,0.2574632699679757,0.2620717872260518,0.5809062121952773,0.2633681056390411,0.3410499914491319,0.2629820257716196,0.2821039638207574
Varanus brevicauda,0.04219406545933954,0.024183799609574463,0.04219406545933954,0.024183799609574463,0.2371122708294978,0.04736985099471009,0.0821826308207362,0.01896996561541534,0.23567715876973055,0.04029683667151102
Varanus caudolineatus,0.024318495232985328,0.021134083047980964,0.024318495232985328,0.021134083047980964,0.14226736249769867,0.03728877517083494,0.049309578492441705,0.02373101512359225,0.14140629526183832,0.015269133121844695
Varanus eremius,0.06683288550854709,0.05817956641188727,0.06683288550854709,0.05817956641188727,0.3360055670488536,0.20404606976119768,0.16270479340015828,0.2170275058356473,0.2884206547304836,0.2529352432699795
Varanus exanthematicus,0.19264759931541725,0.47890067173286804,0.19264759931541725,0.47890067173286804,0.18218932056897788,0.27346633097980205,0.1497697936016496,0.05742604637516917,0.18360929807142118,0.09719698514955591
Varanus giganteus,0.16178930788011195,0.19506759884004718,0.16178930788011195,0.19506759884004718,0.16183252002228643,0.3961429059991165,0.162312543578655,0.2944548434234894,0.16173728899781392,0.19807115479881737
Varanus gilleni,0.4164703596020976,0.4315415475378212,0.4164703596020976,0.4315415475378212,0.2727950184845877,0.16327302208146097,0.46029425451412903,0.4240351327281258,0.2731933254877828,0.32871455043016445
Varanus gouldii,0.47535156655382743,0.4332282572842049,0.47535156655382754,0.4332282572842049,0.3004382278247121,0.29210375529901267,0.32422936322191953,0.5805511118392204,0.3002022955826549,0.699602748900445
Varanus mertensi,0.6316828206780986,0.42833165174776133,0.6316828206780986,0.42833165174776133,0.28432520371639036,0.5283847665134406,0.6824869543959,0.6809681235279615,0.2816139596520184,0.6680783261747965
Varanus panoptes,0.4152331942015577,0.3635749580866977,0.4152331942015577,0.3635749580866977,0.3038838759921035,0.3376106155167916,0.33878914596911247,0.6968880767780371,0.3017544941850864,0.5356323187561832
Varanus rosenbergi,0.2992905499512425,0.35133049883315315,0.2992905499512425,0.35133049883315315,0.23879249605238811,0.24723691650090218,0.34936338368820685,0.21994766704353372,0.23816528300509632,0.1906341882286452
Varanus tristis,0.07480356081049708,0.02537587278892651,0.07480356081049705,0.02537587278892651,0.42038081073980604,0.08731224639038311,0.08506203229238848,0.021342074061110914,0.4201808913389939,0.05945502428758729
Varanus varius,0.6048050069625196,0.24329519568990193,0.6048050069625196,0.24329519568990193,0.6030209132514132,0.36302993743952505,0.7678994393675288,0.6584005961498813,0.5979561790735376,0.7323745058553578
Vipera berus,0.6503045726193042,0.3387580872912992,0.6503045726193042,0.3387580872912992,0.9754080857059166,0.2636813181687463,0.8154438361161377,0.6618816821761432,0.9939970052402116,0.6665783000294904
Vulpes cana,0.2645437312922715,0.20611452125024948,0.2645437312922715,0.20611452125024948,0.3822911485588202,0.3728847591656317,0.45416497999137384,0.8191992307397152,0.3769261495714454,0.8513287083260208
Vulpes lagopus,0.48963932155298223,0.495353652561403,0.4896393215529821,0.495353652561403,0.47132638052158393,0.17991323503424764,0.4981730924798447,0.8940163441827867,0.47184309217023845,0.17996865324578581
Vulpes macrotis,0.2983993499929142,0.17406937937376002,0.2983993499929141,0.17406937937376002,0.8610491801545644,0.9504014518138567,0.9961610213413241,0.7606765097731665,0.8672197599975126,0.7850005212344676
Vulpes vulpes,0.44598238502737664,0.6634146246551675,0.4459823850273765,0.6634146246551675,0.460373055092382,0.9444309593368573,0.46276582308058356,0.7431867590984937,0.45889282513823376,0.7359543344893749
Vulpes zerda,0.1162240018110815,0.10522970344213702,0.1162240018110815,0.10522970344213702,0.306648652812739,0.4215385382610005,0.5535220566420236,0.7169596116875017,0.306648652812739,0.7933957473222745
Xantho hydrophilus,0.42213844886708385,0.4054212363304078,0.42213844886708385,0.4054212363304078,0.4071169211122562,0.37751992588970573,0.4076491712493812,0.6407023522846916,0.41385118814236616,0.45073705535490344
Xantusia henshawi,0.37788669131867514,0.3009605395465511,0.37788669131867514,0.3009605395465511,0.7839538595545092,0.5947908661528909,0.6743076968210022,0.02020634286432357,0.5340312537032956,0.13211087845681252
Xantusia riversiana,0.10477269280160369,0.14486908919691993,0.10477269280160369,0.14486908919691993,0.012476055472944449,0.03701965180452038,0.025772348573159756,0.01878024090606051,0.05963696921822616,0.062122354592407426
Xantusia vigilis,0.7420978059126965,0.8957746763035962,0.7420978059126938,0.8957746763035962,0.9149341977361535,0.6391257992961702,0.8886330562822271,0.737012980025736,0.8866482579018,0.3757803901515664
Xenodon guentheri,0.20081837704796676,0.24412341229245058,0.20081837704796676,0.24412341229245058,0.172521024230669,0.21094330179812462,0.09862164862192181,0.6935660560764424,0.16878168257037485,0.9634574957501496
Xenodon merremii,0.373468234737705,0.714093990221129,0.373468234737705,0.714093990221129,0.5126408903002122,0.65364192919354,0.48137590124271046,0.3844724337590935,0.49990986252370295,0.9956139605480943
Xenodon neuwiedii,0.24219112379014526,0.24320640919911815,0.24219112379014526,0.24320640919911815,0.3422369266324824,0.25638238036489636,0.43393784711710487,0.9082446263578651,0.35298434108525406,0.9787544592485425
Xenopus laevis,0.1808909340900022,0.22837742609055695,0.18089093409000223,0.22837742609055695,0.23346514350727812,0.21065492866348492,0.20846151565451126,0.10789728600626616,0.23337500027420252,0.17206892624593667
Xerus inauris,0.14806785231430267,0.10360715505156332,0.14806785231430267,0.10360715505156332,0.45903357180617493,0.9147738000423279,0.62062788756281,0.9084117469719177,0.4590335718061749,0.9619100722623697
Xerus princeps,0.1962242452532527,0.2739358844446674,0.1962242452532527,0.2739358844446674,0.49797324741878296,0.6695125970943034,0.6768316046896329,0.8690269353884542,0.48961584382602513,0.9056727888770263
Xiphophorus hellerii,0.788513007031923,0.8253950861769553,0.7885130070319235,0.8253950861769553,0.8353260900026006,0.6673164061478708,0.8360662827512254,0.6050032344417918,0.836389261278569,0.5829008244502626
Xiphorhynchus guttatus,0.08687958162321559,0.08687803039544752,0.08687958162321559,0.08687803039544752,0.12122519178287179,0.15902273597106467,0.24556486325341767,0.7789009483895577,0.18486547910379644,0.7786466787416875
Xylophanes chiron,0.5850268304779788,0.9034025536218286,0.5850268304779788,0.9034025536218286,0.6524693436701803,0.8691830354750938,0.6469930230840661,0.9787571086988865,0.6469930230840661,0.9179888377381147
Zaedyus pichiy,0.7595021185389187,0.8591106628797347,0.7595021185389187,0.8591106628797347,0.7977997614331046,0.4079880630357935,0.9011768516083841,0.5382722734969209,0.8009098331747689,0.8314869605840698
Zaglossus bruijni,0.6356324718208225,0.5584038407125899,0.6356324718208224,0.5584038407125899,0.617651527551781,0.21310980717011077,0.6480484379291104,0.8473172895603035,0.6147505194115896,0.391910708533938
Zapus hudsonius,0.08860642756434148,0.0482131902424603,0.08860642756434164,0.0482131902424603,0.062209289011246956,0.0630951648672708,0.25235135968789135,0.990816269314342,0.062383406991603114,0.054556296951156526
Zoarces viviparus,0.19596971568045893,0.19980359765163433,0.19596971568045865,0.19980359765163433,0.2513376327720737,0.742338017529598,0.23628431944979267,0.6128873021217395,0.23359174032452865,0.6578008954734397
Zoothera lunulata,0.09582798034283617,0.19534548444904484,0.09582798034283621,0.19534548444904484,0.15729719688934873,0.9794625686609323,0.10500210192699039,0.8497775556935906,0.1580895999498456,0.8286866282528581
Zophosis orbicularis,0.7514181666072486,0.8888492065013536,0.7514181666072486,0.8888492065013536,0.6867311264487995,0.5519644266044287,0.5751832225241285,0.36011722363062537,0.6886101660915648,0.39841098560629223
Zosis geniculata,0.5864114166039454,0.6710592205015545,0.5864114166039455,0.6710592205015545,0.5096918129068697,0.5342522263713902,0.505538785430473,0.343001210916614,0.5102772123682937,0.4422894403097285
Zosterops lateralis,0.05620013211220913,0.05089394853759312,0.05620013211220913,0.05089394853759312,0.3352387936129259,0.2482177108128827,0.12340940295882323,0.9186360606769889,0.33787209939370383,0.6994485418751475
Zygoballus rufipes,0.4473535343411477,0.5618591050046455,0.4473535343411461,0.5618591050046455,0.46629075148745913,0.5765286965289927,0.4506632971146147,0.5172059316591382,0.4662907514874575,0.40112440480866
