model,rmse,mae,r2
Residual-XGB,1.032490562148764,0.13909786740919183,0.945897978081945
Residual-RF,1.0412025023394051,0.15914899752268302,0.9449811230447137
M2-L,1.3829809238056001,0.263108798677804,0.9029325335363312
M3-XGB,1.792335092665211,0.19936793283351964,0.8369654192261262
M4-XGB,1.8102473084387771,0.20551501371877132,0.8336904701578454
M4-L,2.3558759949607193,0.5066070137437608,-0.0009816385543923722
M1-L,2.583033968656923,0.35234449044520655,0.6613886198473682
